stamp,phase,self_id,target_id,uwb_dt,camera_dt,com_dt,rel_gt_x,rel_gt_y,rel_gt_z,rel_pred_x,rel_pred_y,rel_pred_z,uwb_meas,uwb_pred,uwb_residual,alpha_meas,alpha_pred,alpha_residual,theta_meas,theta_pred,theta_residual,xy_residual_x,xy_residual_y,cost_uwb,cost_angle,cost_xy,cost_ins,cam_target_valid,angle_constraint_valid,xy_constraint_valid
154.500000000,pre,1,0,-0.004000000,0.054000000,0.100802595,-2.009740436,-0.009962955,-0.031350482,-1.957468945,0.051152642,-0.057824483,1.929912925,1.958990795,-0.029077870,nan,nan,nan,nan,nan,nan,nan,nan,0.338209005,nan,nan,0.000000000,0,0,0
154.500000000,pre,1,2,-0.004000000,0.054000000,0.092754281,0.005260716,1.996888602,-0.094672662,0.078445330,1.999676194,-0.143666524,2.027030468,2.006364528,0.020665940,nan,nan,nan,nan,nan,nan,nan,nan,0.170832425,nan,nan,0.000000000,0,0,0
154.500000000,pre,1,3,-0.004000000,0.054000000,0.138913691,-1.998758239,1.962288010,0.014637926,-1.933725222,1.996161529,-0.032842234,2.766653776,2.779394304,-0.012740528,nan,nan,nan,nan,nan,nan,nan,nan,0.064928423,nan,nan,0.000000000,0,0,0
154.500000000,post,1,0,-0.004000000,0.054000000,0.100802595,-2.009740436,-0.009962955,-0.031350482,-1.925613671,0.068233312,-0.057824483,1.929912925,1.927689670,0.002223254,nan,nan,nan,nan,nan,nan,nan,nan,0.001977144,nan,nan,0.000000000,0,0,0
154.500000000,post,1,2,-0.004000000,0.054000000,0.092754281,0.005260716,1.996888602,-0.094672662,0.110300604,2.016756864,-0.143666524,2.027030468,2.024873957,0.002156511,nan,nan,nan,nan,nan,nan,nan,nan,0.001860216,nan,nan,0.000000000,0,0,0
154.500000000,post,1,3,-0.004000000,0.054000000,0.138913691,-1.998758239,1.962288010,0.014637926,-1.901869948,2.013242199,-0.032842234,2.766653776,2.769716965,-0.003063189,nan,nan,nan,nan,nan,nan,nan,nan,0.003753250,nan,nan,0.000000000,0,0,0
154.600000000,pre,1,0,0.016000000,-0.046000000,0.108799577,-2.010120519,-0.010559061,-0.032140367,-1.926058411,0.062154036,-0.043139386,1.994348168,1.927543809,0.066804360,nan,nan,nan,nan,nan,nan,nan,nan,1.785128999,nan,nan,0.000000000,0,0,0
154.600000000,pre,1,2,0.016000000,-0.046000000,0.100751376,0.006254320,1.996589472,-0.098083945,0.113265599,2.012682758,-0.131169007,2.003711939,2.020130265,-0.016418327,nan,nan,nan,nan,nan,nan,nan,nan,0.107824578,nan,nan,0.000000000,0,0,0
154.600000000,pre,1,3,0.016000000,-0.046000000,0.138904852,-1.997896541,1.960159821,0.013251330,-1.900229706,2.005278357,-0.016088182,2.720200062,2.762656883,-0.042456821,nan,nan,nan,nan,nan,nan,nan,nan,0.721032675,nan,nan,0.000000000,0,0,0
154.600000000,post,1,0,0.016000000,-0.046000000,0.108799577,-2.010120519,-0.010559061,-0.032140367,-1.963683052,0.021318457,-0.043139386,1.994348168,1.964272541,0.030075628,nan,nan,nan,nan,nan,nan,nan,nan,0.361817355,nan,nan,0.049330530,0,0,0
154.600000000,post,1,2,0.016000000,-0.046000000,0.100751376,0.006254320,1.996589472,-0.098083945,0.075640958,1.971847179,-0.131169007,2.003711939,1.977652184,0.026059755,nan,nan,nan,nan,nan,nan,nan,nan,0.271644327,nan,nan,0.049330530,0,0,0
154.600000000,post,1,3,0.016000000,-0.046000000,0.138904852,-1.997896541,1.960159821,0.013251330,-1.937854347,1.964442778,-0.016088182,2.720200062,2.759451708,-0.039251646,nan,nan,nan,nan,nan,nan,nan,nan,0.616276699,nan,nan,0.049330530,0,0,0
154.700000000,pre,1,0,-0.004000000,-0.046000000,0.112796560,-2.010257762,-0.010773303,-0.032240525,-1.962512253,0.019289832,-0.066616918,2.019272804,1.963737318,0.055535486,nan,nan,nan,nan,nan,nan,nan,nan,1.233676103,nan,nan,0.000000000,0,0,0
154.700000000,pre,1,2,-0.004000000,-0.046000000,0.104754473,0.006974579,1.996500638,-0.099698927,0.079532092,1.974003980,-0.133567810,2.052603960,1.980115509,0.072488452,nan,nan,nan,nan,nan,nan,nan,nan,2.101830242,nan,nan,0.000000000,0,0,0
154.700000000,pre,1,3,-0.004000000,-0.046000000,-0.100000000,-1.997244231,1.959237670,0.012175393,-1.904938495,1.970124205,-0.037877990,2.757947683,2.740732529,0.017215155,nan,nan,nan,nan,nan,nan,nan,nan,0.118544620,nan,nan,0.000000000,0,0,0
154.700000000,post,1,0,-0.004000000,-0.046000000,0.112796560,-2.010257762,-0.010773303,-0.032240525,-1.990477746,0.065939207,-0.066616918,2.019272804,1.992683480,0.026589324,nan,nan,nan,nan,nan,nan,nan,nan,0.282796866,nan,nan,0.047331729,0,0,0
154.700000000,post,1,2,-0.004000000,-0.046000000,0.104754473,0.006974579,1.996500638,-0.099698927,0.051566598,2.020653355,-0.133567810,2.052603960,2.025719491,0.026884469,nan,nan,nan,nan,nan,nan,nan,nan,0.289109866,nan,nan,0.047331729,0,0,0
154.700000000,post,1,3,-0.004000000,-0.046000000,-0.100000000,-1.997244231,1.959237670,0.012175393,-1.932903989,2.016773580,-0.037877990,2.757947683,2.793730167,-0.035782483,nan,nan,nan,nan,nan,nan,nan,nan,0.512154449,nan,nan,0.047331729,0,0,0
154.800000000,pre,1,0,0.016000000,-0.146000000,0.116793546,-2.010285141,-0.010811058,-0.031793960,-1.987467976,0.066152323,-0.067297271,1.994284391,1.989707016,0.004577376,nan,nan,nan,nan,nan,nan,nan,nan,0.008380948,nan,nan,0.000000000,0,0,0
154.800000000,pre,1,2,0.016000000,-0.146000000,0.108757572,0.008036220,1.996559931,-0.101170617,0.053837869,2.018885509,-0.141394414,2.103752613,2.024546763,0.079205850,nan,nan,nan,nan,nan,nan,nan,nan,2.509426664,nan,nan,0.000000000,0,0,0
154.800000000,pre,1,3,0.016000000,-0.146000000,-0.100000000,-1.996245256,1.958711251,0.010615651,-1.967216947,2.007510557,-0.044061248,2.808475018,2.811046522,-0.002571504,nan,nan,nan,nan,nan,nan,nan,nan,0.002645054,nan,nan,0.000000000,0,0,0
154.800000000,post,1,0,0.016000000,-0.146000000,0.116793546,-2.010285141,-0.010811058,-0.031793960,-1.968710890,0.122154893,-0.067297271,1.994284391,1.973644676,0.020639715,nan,nan,nan,nan,nan,nan,nan,nan,0.170399134,nan,nan,0.055809856,0,0,0
154.800000000,post,1,2,0.016000000,-0.146000000,0.108757572,0.008036220,1.996559931,-0.101170617,0.072594955,2.074888078,-0.141394414,2.103752613,2.080966830,0.022785783,nan,nan,nan,nan,nan,nan,nan,nan,0.207676770,nan,nan,0.055809856,0,0,0
154.800000000,post,1,3,0.016000000,-0.146000000,-0.100000000,-1.996245256,1.958711251,0.010615651,-1.948459861,2.063513126,-0.044061248,2.808475018,2.838401601,-0.029926583,nan,nan,nan,nan,nan,nan,nan,nan,0.358240151,nan,nan,0.055809856,0,0,0
154.900000000,pre,1,0,-0.004000000,-0.046000000,0.116796533,-2.010105877,-0.010604533,-0.030678176,-1.970509033,0.124470851,-0.071378269,1.977104545,1.975726120,0.001378425,nan,nan,nan,nan,nan,nan,nan,nan,0.000760022,nan,nan,0.000000000,0,0,0
154.900000000,pre,1,2,-0.004000000,-0.046000000,0.108760673,0.009028192,1.996778188,-0.101646362,0.074348382,2.077251163,-0.160128471,2.081722975,2.084740081,-0.003017106,nan,nan,nan,nan,nan,nan,nan,nan,0.003641172,nan,nan,0.000000000,0,0,0
154.900000000,pre,1,3,-0.004000000,-0.046000000,-0.100000000,-1.995239931,1.959020219,0.009115790,-2.015804168,2.041787096,-0.052202515,2.808939457,2.869683971,-0.060744514,nan,nan,nan,nan,nan,nan,nan,nan,1.475958391,nan,nan,0.000000000,0,0,0
154.900000000,post,1,0,-0.004000000,-0.046000000,0.116796533,-2.010105877,-0.010604533,-0.030678176,-1.951510641,0.100839491,-0.071378269,1.977104545,1.955417409,0.021687136,nan,nan,nan,nan,nan,nan,nan,nan,0.188132743,nan,nan,0.014710081,0,0,0
154.900000000,post,1,2,-0.004000000,-0.046000000,0.108760673,0.009028192,1.996778188,-0.101646362,0.093346774,2.053619803,-0.160128471,2.081722975,2.061967275,0.019755699,nan,nan,nan,nan,nan,nan,nan,nan,0.156115064,nan,nan,0.014710081,0,0,0
154.900000000,post,1,3,-0.004000000,-0.046000000,-0.100000000,-1.995239931,1.959020219,0.009115790,-1.996805777,2.018155736,-0.052202515,2.808939457,2.839526543,-0.030587086,nan,nan,nan,nan,nan,nan,nan,nan,0.374227925,nan,nan,0.014710081,0,0,0
155.000000000,pre,1,0,0.016000000,-0.042000000,0.120787522,-2.009852901,-0.010348344,-0.029544230,-1.948473465,0.102428667,-0.065142743,1.990351439,1.952251022,0.038100417,nan,nan,nan,nan,nan,nan,nan,nan,0.580656709,nan,nan,0.000000000,0,0,0
155.000000000,pre,1,2,0.016000000,-0.042000000,0.112757776,0.009693322,1.997025333,-0.101455315,0.095531128,2.051813314,-0.159804692,2.020182848,2.060243096,-0.040060248,nan,nan,nan,nan,nan,nan,nan,nan,0.641929380,nan,nan,0.000000000,0,0,0
155.000000000,pre,1,3,0.016000000,-0.042000000,-0.100000000,-1.994510606,1.959667542,0.008090841,-1.999390551,2.010776632,-0.068977930,2.776694059,2.836466675,-0.059772615,nan,nan,nan,nan,nan,nan,nan,nan,1.429106208,nan,nan,0.000000000,0,0,0
155.000000000,post,1,0,0.016000000,-0.042000000,0.120787522,-2.009852901,-0.010348344,-0.029544230,-1.965227221,0.044209420,-0.065142743,1.990351439,1.966803519,0.023547920,nan,nan,nan,nan,nan,nan,nan,nan,0.221801810,nan,nan,0.058722704,0,0,0
155.000000000,post,1,2,0.016000000,-0.042000000,0.112757776,0.009693322,1.997025333,-0.101455315,0.078777371,1.993594068,-0.159804692,2.020182848,2.001539588,0.018643260,nan,nan,nan,nan,nan,nan,nan,nan,0.139028454,nan,nan,0.058722704,0,0,0
155.000000000,post,1,3,0.016000000,-0.042000000,-0.100000000,-1.994510606,1.959667542,0.008090841,-2.016144308,1.952557386,-0.068977930,2.776694059,2.807503548,-0.030809488,nan,nan,nan,nan,nan,nan,nan,nan,0.379689831,nan,nan,0.058722704,0,0,0
155.100000000,pre,1,0,-0.004000000,0.054000000,0.076784513,-2.009381811,-0.009861160,-0.027608560,-1.970038796,0.042680015,-0.028510938,2.003389835,1.970707313,0.032682522,nan,nan,nan,nan,nan,nan,nan,nan,0.427258910,nan,nan,0.000000000,0,0,0
155.100000000,pre,1,2,-0.004000000,0.054000000,0.116760881,0.010530605,1.997498204,-0.100520420,0.075746112,1.993193868,-0.149300162,1.976750374,2.000212441,-0.023462067,nan,nan,nan,nan,nan,nan,nan,nan,0.220187436,nan,nan,0.000000000,0,0,0
155.100000000,pre,1,3,-0.004000000,0.054000000,-0.100000000,-1.993519587,1.961062097,0.006803445,-1.983648924,1.956754663,-0.061866248,2.735560656,2.787037729,-0.051477073,nan,nan,nan,nan,nan,nan,nan,nan,1.059955619,nan,nan,0.000000000,0,0,0
155.100000000,post,1,0,-0.004000000,0.054000000,0.076784513,-2.009381811,-0.009861160,-0.027608560,-1.980699376,0.000507067,-0.028510938,2.003389835,1.980904629,0.022485206,nan,nan,nan,nan,nan,nan,nan,nan,0.202233804,nan,nan,0.030275289,0,0,0
155.100000000,post,1,2,-0.004000000,0.054000000,0.116760881,0.010530605,1.997498204,-0.100520420,0.065085532,1.951020920,-0.149300162,1.976750374,1.957807267,0.018943107,nan,nan,nan,nan,nan,nan,nan,nan,0.143536517,nan,nan,0.030275289,0,0,0
155.100000000,post,1,3,-0.004000000,0.054000000,-0.100000000,-1.993519587,1.961062097,0.006803445,-1.994309505,1.914581715,-0.061866248,2.735560656,2.765270507,-0.029709852,nan,nan,nan,nan,nan,nan,nan,nan,0.353070112,nan,nan,0.030275289,0,0,0
155.200000000,pre,1,0,0.016000000,-0.046000000,0.076787506,-2.008801146,-0.009159122,-0.025118349,-1.983400324,0.000677431,-0.012841644,1.984127283,1.983442012,0.000685271,nan,nan,nan,nan,nan,nan,nan,nan,0.000187839,nan,nan,0.000000000,0,0,0
155.200000000,pre,1,2,0.016000000,-0.046000000,-0.200000000,0.011324598,1.998134586,-0.098610179,0.042839802,1.955508755,-0.171673048,1.977927208,1.963497231,0.014429977,nan,nan,nan,nan,nan,nan,nan,nan,0.083289692,nan,nan,0.000000000,0,0,0
155.200000000,pre,1,3,0.016000000,-0.046000000,-0.100000000,-1.992478460,1.963110390,0.005930997,-1.942998450,1.958042898,-0.056991855,2.772664547,2.759061985,0.013602562,nan,nan,nan,nan,nan,nan,nan,nan,0.074011878,nan,nan,0.000000000,0,0,0
155.200000000,post,1,0,0.016000000,-0.046000000,0.076787506,-2.008801146,-0.009159122,-0.025118349,-1.985128157,0.015773936,-0.012841644,1.984127283,1.985232361,-0.001105078,nan,nan,nan,nan,nan,nan,nan,nan,0.000488479,nan,nan,0.003694238,0,0,0
155.200000000,post,1,2,0.016000000,-0.046000000,-0.200000000,0.011324598,1.998134586,-0.098610179,0.041111969,1.970605261,-0.171673048,1.977927208,1.978496127,-0.000568919,nan,nan,nan,nan,nan,nan,nan,nan,0.000129467,nan,nan,0.003694238,0,0,0
155.200000000,post,1,3,0.016000000,-0.046000000,-0.100000000,-1.992478460,1.963110390,0.005930997,-1.944726283,1.973139403,-0.056991855,2.772664547,2.771008389,0.001656158,nan,nan,nan,nan,nan,nan,nan,nan,0.001097144,nan,nan,0.003694238,0,0,0
155.300000000,pre,1,0,-0.004000000,-0.046000000,-0.200000000,-2.008099203,-0.008170096,-0.022171448,-1.984566875,0.009575845,-0.070769713,1.968957305,1.985851387,-0.016894082,nan,nan,nan,nan,nan,nan,nan,nan,0.114164004,nan,nan,0.000000000,0,0,0
155.300000000,pre,1,2,-0.004000000,-0.046000000,-0.200000000,0.012069272,1.998910901,-0.095666799,0.062421359,2.001823821,-0.174540163,2.005165339,2.010387850,-0.005222511,nan,nan,nan,nan,nan,nan,nan,nan,0.010909849,nan,nan,0.000000000,0,0,0
155.300000000,pre,1,3,-0.004000000,-0.046000000,-0.100000000,-1.991332217,1.965841828,0.005515849,-1.947280709,1.994734629,-0.044502664,2.811584711,2.787982942,0.023601769,nan,nan,nan,nan,nan,nan,nan,nan,0.222817400,nan,nan,0.000000000,0,0,0
155.300000000,post,1,0,-0.004000000,-0.046000000,-0.200000000,-2.008099203,-0.008170096,-0.022171448,-1.981792343,0.017925947,-0.070769713,1.968957305,1.983136552,-0.014179247,nan,nan,nan,nan,nan,nan,nan,nan,0.080420417,nan,nan,0.001238756,0,0,0
155.300000000,post,1,2,-0.004000000,-0.046000000,-0.200000000,0.012069272,1.998910901,-0.095666799,0.065195891,2.010173924,-0.174540163,2.005165339,2.018790226,-0.013624888,nan,nan,nan,nan,nan,nan,nan,nan,0.074255028,nan,nan,0.001238756,0,0,0
155.300000000,post,1,3,-0.004000000,-0.046000000,-0.100000000,-1.991332217,1.965841828,0.005515849,-1.944506177,2.003084731,-0.044502664,2.811584711,2.792030301,0.019554410,nan,nan,nan,nan,nan,nan,nan,nan,0.152949985,nan,nan,0.001238756,0,0,0
155.400000000,pre,1,0,0.016000000,-0.046000000,-0.200000000,-2.007553249,-0.007386494,-0.020210594,-2.016681696,0.021106431,-0.046784505,2.008445263,2.017334711,-0.008889448,nan,nan,nan,nan,nan,nan,nan,nan,0.031608913,nan,nan,0.000000000,0,0,0
155.400000000,pre,1,2,0.016000000,-0.046000000,-0.200000000,0.012506992,1.999485184,-0.093295663,0.020264879,2.005909075,-0.157937107,2.005067825,2.012219176,-0.007151351,nan,nan,nan,nan,nan,nan,nan,nan,0.020456728,nan,nan,0.000000000,0,0,0
155.400000000,pre,1,3,0.016000000,-0.046000000,-0.100000000,-1.990511315,1.967938454,0.005410428,-1.967895398,2.001521527,-0.045509369,2.787165880,2.807271241,-0.020105361,nan,nan,nan,nan,nan,nan,nan,nan,0.161690212,nan,nan,0.000000000,0,0,0
155.400000000,post,1,0,0.016000000,-0.046000000,-0.200000000,-2.007553249,-0.007386494,-0.020210594,-2.005034265,0.010873380,-0.046784505,2.008445263,2.005609489,0.002835774,nan,nan,nan,nan,nan,nan,nan,nan,0.003216645,nan,nan,0.003846048,0,0,0
155.400000000,post,1,2,0.016000000,-0.046000000,-0.200000000,0.012506992,1.999485184,-0.093295663,0.031912311,1.995676025,-0.157937107,2.005067825,2.002170153,0.002897673,nan,nan,nan,nan,nan,nan,nan,nan,0.003358602,nan,nan,0.003846048,0,0,0
155.400000000,post,1,3,0.016000000,-0.046000000,-0.100000000,-1.990511315,1.967938454,0.005410428,-1.956247966,1.991288476,-0.045509369,2.787165880,2.791810703,-0.004644823,nan,nan,nan,nan,nan,nan,nan,nan,0.008629753,nan,nan,0.003846048,0,0,0
155.500000000,pre,1,0,-0.004000000,-0.046000000,-0.200000000,-2.006648966,-0.006162633,-0.017443737,-2.012474231,0.008694724,-0.041997911,2.031272888,2.012931184,0.018341704,nan,nan,nan,nan,nan,nan,nan,nan,0.134567246,nan,nan,0.000000000,0,0,0
155.500000000,pre,1,2,-0.004000000,-0.046000000,-0.200000000,0.013051330,2.000430573,-0.089527616,0.022976660,2.000097517,-0.142541979,2.053552151,2.005302028,0.048250123,nan,nan,nan,nan,nan,nan,nan,nan,0.931229752,nan,nan,0.000000000,0,0,0
155.500000000,pre,1,3,-0.004000000,-0.046000000,-0.100000000,-1.989267469,1.971250970,0.005381206,-2.012462042,1.986649673,-0.014253246,2.742526531,2.827893836,-0.085367305,nan,nan,nan,nan,nan,nan,nan,nan,2.915030704,nan,nan,0.000000000,0,0,0
155.500000000,post,1,0,-0.004000000,-0.046000000,-0.200000000,-2.006648966,-0.006162633,-0.017443737,-1.984105316,0.009761884,-0.041997911,2.031272888,1.984573764,0.046699124,nan,nan,nan,nan,nan,nan,nan,nan,0.872323271,nan,nan,0.012894946,0,0,0
155.500000000,post,1,2,-0.004000000,-0.046000000,-0.200000000,0.013051330,2.000430573,-0.089527616,0.051345574,2.001164678,-0.142541979,2.053552151,2.006891788,0.046660362,nan,nan,nan,nan,nan,nan,nan,nan,0.870875765,nan,nan,0.012894946,0,0,0
155.500000000,post,1,3,-0.004000000,-0.046000000,-0.100000000,-1.989267469,1.971250970,0.005381206,-1.984093128,1.987716833,-0.014253246,2.742526531,2.808531094,-0.066004562,nan,nan,nan,nan,nan,nan,nan,nan,1.742640904,nan,nan,0.012894946,0,0,0
155.600000000,pre,1,0,0.016000000,-0.044000000,-0.200000000,-2.005573531,-0.004822305,-0.014842734,-2.023209319,0.027038336,-0.058444850,2.011791706,2.024233885,-0.012442179,nan,nan,nan,nan,nan,nan,nan,nan,0.061923122,nan,nan,0.000000000,0,0,0
155.600000000,pre,1,2,0.016000000,-0.044000000,-0.200000000,0.013533111,2.001613390,-0.085451132,0.055357341,1.979565330,-0.147742034,2.052740097,1.985842652,0.066897445,nan,nan,nan,nan,nan,nan,nan,nan,1.790107238,nan,nan,0.000000000,0,0,0
155.600000000,pre,1,3,0.016000000,-0.044000000,-0.100000000,-1.987943475,1.975025580,0.005345443,-1.942842578,2.003560140,-0.033340053,2.721716166,2.791057520,-0.069341354,nan,nan,nan,nan,nan,nan,nan,nan,1.923289353,nan,nan,0.000000000,0,0,0
155.600000000,post,1,0,0.016000000,-0.044000000,-0.200000000,-2.005573531,-0.004822305,-0.014842734,-1.973537611,0.052613348,-0.058444850,2.011791706,1.975103711,0.036687996,nan,nan,nan,nan,nan,nan,nan,nan,0.538403607,nan,nan,0.049941757,0,0,0
155.600000000,post,1,2,0.016000000,-0.044000000,-0.200000000,0.013533111,2.001613390,-0.085451132,0.105029049,2.005140343,-0.147742034,2.052740097,2.013317313,0.039422784,nan,nan,nan,nan,nan,nan,nan,nan,0.621662356,nan,nan,0.049941757,0,0,0
155.600000000,post,1,3,0.016000000,-0.044000000,-0.100000000,-1.987943475,1.975025580,0.005345443,-1.893170871,2.029135152,-0.033340053,2.721716166,2.775355287,-0.053639122,nan,nan,nan,nan,nan,nan,nan,nan,1.150862160,nan,nan,0.049941757,0,0,0
155.700000000,pre,1,0,-0.004000000,-0.044000000,-0.200000000,-2.004758467,-0.003876227,-0.013305659,-1.955955184,0.054876583,-0.052090661,2.020829678,1.957418084,0.063411593,nan,nan,nan,nan,nan,nan,nan,nan,1.608412057,nan,nan,0.000000000,0,0,0
155.700000000,pre,1,2,-0.004000000,-0.044000000,-0.200000000,0.013848710,2.002547599,-0.082654305,0.152449675,1.939673823,-0.137833516,1.999633551,1.950531599,0.049101951,nan,nan,nan,nan,nan,nan,nan,nan,0.964400646,nan,nan,0.000000000,0,0,0
155.700000000,pre,1,3,-0.004000000,-0.044000000,-0.100000000,-1.987000120,1.977781990,0.005626880,-1.850401313,2.008538949,-0.045774316,2.767327547,2.731356625,0.035970922,nan,nan,nan,nan,nan,nan,nan,nan,0.517562884,nan,nan,0.000000000,0,0,0
155.700000000,post,1,0,-0.004000000,-0.044000000,-0.200000000,-2.004758467,-0.003876227,-0.013305659,-2.001042700,0.090925544,-0.052090661,2.020829678,2.003784613,0.017045064,nan,nan,nan,nan,nan,nan,nan,nan,0.116213686,nan,nan,0.053318586,0,0,0
155.700000000,post,1,2,-0.004000000,-0.044000000,-0.200000000,0.013848710,2.002547599,-0.082654305,0.107362159,1.975722783,-0.137833516,1.999633551,1.983432688,0.016200863,nan,nan,nan,nan,nan,nan,nan,nan,0.104987180,nan,nan,0.053318586,0,0,0
155.700000000,post,1,3,-0.004000000,-0.044000000,-0.100000000,-1.987000120,1.977781990,0.005626880,-1.895488828,2.044587909,-0.045774316,2.767327547,2.788424807,-0.021097260,nan,nan,nan,nan,nan,nan,nan,nan,0.178037754,nan,nan,0.053318586,0,0,0
155.800000000,pre,1,0,0.018000000,0.054000000,-0.200000000,-2.003494501,-0.002540544,-0.011481831,-2.032932504,0.049055500,-0.027500161,1.978169441,2.033710221,-0.055540780,nan,nan,nan,nan,nan,nan,nan,nan,1.233911307,nan,nan,0.000000000,0,0,0
155.800000000,pre,1,2,0.018000000,0.054000000,-0.200000000,0.014320296,2.004005152,-0.078826408,0.157867708,1.932727822,-0.126564336,2.005485296,1.943290400,0.062194896,nan,nan,nan,nan,nan,nan,nan,nan,1.547282036,nan,nan,0.000000000,0,0,0
155.800000000,pre,1,3,0.018000000,0.054000000,-0.100000000,-1.985555649,1.981785097,0.006847713,-1.884101040,2.009964285,-0.034699182,2.839945316,2.755176436,0.084768881,nan,nan,nan,nan,nan,nan,nan,nan,2.874305257,nan,nan,0.000000000,0,0,0
155.800000000,post,1,0,0.018000000,0.054000000,-0.200000000,-2.003494501,-0.002540544,-0.011481831,-2.004150413,0.134577168,-0.027500161,1.978169441,2.008851949,-0.030682507,nan,nan,nan,nan,nan,nan,nan,nan,0.376566503,nan,nan,0.130277831,0,0,0
155.800000000,post,1,2,0.018000000,0.054000000,-0.200000000,0.014320296,2.004005152,-0.078826408,0.186649799,2.018249490,-0.126564336,2.005485296,2.030809613,-0.025324317,nan,nan,nan,nan,nan,nan,nan,nan,0.256528408,nan,nan,0.130277831,0,0,0
155.800000000,post,1,3,0.018000000,0.054000000,-0.100000000,-1.985555649,1.981785097,0.006847713,-1.855318950,2.095485954,-0.034699182,2.839945316,2.799013008,0.040932308,nan,nan,nan,nan,nan,nan,nan,nan,0.670181541,nan,nan,0.130277831,0,0,0
155.900000000,pre,1,0,-0.004000000,-0.046000000,-0.200000000,-2.002486379,-0.001593506,-0.010316125,-2.005904564,0.107469979,-0.005143260,1.996968031,2.008788035,-0.011820004,nan,nan,nan,nan,nan,nan,nan,nan,0.055885000,nan,nan,0.000000000,0,0,0
155.900000000,pre,1,2,-0.004000000,-0.046000000,-0.200000000,0.014682157,2.005157759,-0.076242453,0.157110385,2.031065062,-0.121216193,2.039719343,2.040735731,-0.001016388,nan,nan,nan,nan,nan,nan,nan,nan,0.000413218,nan,nan,0.000000000,0,0,0
155.900000000,pre,1,3,-0.004000000,-0.046000000,-0.100000000,-1.984394755,1.984729487,0.008221735,-1.838958344,2.079844951,-0.040580058,2.791718721,2.776539132,0.015179589,nan,nan,nan,nan,nan,nan,nan,nan,0.092167971,nan,nan,0.000000000,0,0,0
155.900000000,post,1,0,-0.004000000,-0.046000000,-0.200000000,-2.002486379,-0.001593506,-0.010316125,-2.002490610,0.114570112,-0.005143260,1.996968031,2.005772022,-0.008803992,nan,nan,nan,nan,nan,nan,nan,nan,0.031004107,nan,nan,0.000993072,0,0,0
155.900000000,post,1,2,-0.004000000,-0.046000000,-0.200000000,0.014682157,2.005157759,-0.076242453,0.160524340,2.038165195,-0.121216193,2.039719343,2.048067086,-0.008347743,nan,nan,nan,nan,nan,nan,nan,nan,0.027873926,nan,nan,0.000993072,0,0,0
155.900000000,post,1,3,-0.004000000,-0.046000000,-0.100000000,-1.984394755,1.984729487,0.008221735,-1.835544390,2.086945084,-0.040580058,2.791718721,2.779606039,0.012112683,nan,nan,nan,nan,nan,nan,nan,nan,0.058686833,nan,nan,0.000993072,0,0,0
156.000000000,pre,1,0,0.016000000,-0.046000000,-0.200000000,-2.001057097,-0.000390028,-0.008786604,-1.981678630,0.065170937,-0.025979234,2.022088766,1.982920161,0.039168605,nan,nan,nan,nan,nan,nan,nan,nan,0.613671858,nan,nan,0.000000000,0,0,0
156.000000000,pre,1,2,0.016000000,-0.046000000,-0.200000000,0.015146606,2.006794571,-0.073317233,0.175999638,2.013003048,-0.109165605,2.058563471,2.023628986,0.034934485,nan,nan,nan,nan,nan,nan,nan,nan,0.488167304,nan,nan,0.000000000,0,0,0
156.000000000,pre,1,3,0.016000000,-0.046000000,-0.100000000,-1.982741362,1.988583348,0.010417068,-1.897121142,2.093594289,-0.044400006,2.756158113,2.825628609,-0.069470495,nan,nan,nan,nan,nan,nan,nan,nan,1.930459894,nan,nan,0.000000000,0,0,0
156.000000000,post,1,0,0.016000000,-0.046000000,-0.200000000,-2.001057097,-0.000390028,-0.008786604,-1.977077523,0.056583038,-0.025979234,2.022088766,1.978057656,0.044031110,nan,nan,nan,nan,nan,nan,nan,nan,0.775495445,nan,nan,0.001518755,0,0,0
156.000000000,post,1,2,0.016000000,-0.046000000,-0.200000000,0.015146606,2.006794571,-0.073317233,0.180600745,2.004415148,-0.109165605,2.058563471,2.015493449,0.043070022,nan,nan,nan,nan,nan,nan,nan,nan,0.742010709,nan,nan,0.001518755,0,0,0
156.000000000,post,1,3,0.016000000,-0.046000000,-0.100000000,-1.982741362,1.988583348,0.010417068,-1.892520035,2.085006390,-0.044400006,2.756158113,2.816177389,-0.060019276,nan,nan,nan,nan,nan,nan,nan,nan,1.440925385,nan,nan,0.001518755,0,0,0
156.100000000,pre,1,0,-0.004000000,-0.046000000,-0.200000000,-1.999519485,0.000832625,-0.006866993,-1.942134106,0.046390822,-0.011206262,2.021599293,1.942720405,0.078878887,nan,nan,nan,nan,nan,nan,nan,nan,2.488751543,nan,nan,0.000000000,0,0,0
156.100000000,pre,1,2,-0.004000000,-0.046000000,-0.200000000,0.015555790,2.008589848,-0.070828995,0.108653629,2.012625419,-0.089554749,1.998421669,2.017544731,-0.019123062,nan,nan,nan,nan,nan,nan,nan,nan,0.146276606,nan,nan,0.000000000,0,0,0
156.100000000,pre,1,3,-0.004000000,-0.046000000,-0.100000000,-1.980976973,1.992399905,0.012616401,-1.867517621,2.042153170,-0.039769184,2.797795773,2.767597012,0.030198760,nan,nan,nan,nan,nan,nan,nan,nan,0.364786047,nan,nan,0.000000000,0,0,0
156.100000000,post,1,0,-0.004000000,-0.046000000,-0.200000000,-1.999519485,0.000832625,-0.006866993,-2.014789842,0.026921565,-0.011206262,2.021599293,2.015000858,0.006598435,nan,nan,nan,nan,nan,nan,nan,nan,0.017415738,nan,nan,0.090526527,0,0,0
156.100000000,post,1,2,-0.004000000,-0.046000000,-0.200000000,0.015555790,2.008589848,-0.070828995,0.035997893,1.993156162,-0.089554749,1.998421669,1.995491766,0.002929903,nan,nan,nan,nan,nan,nan,nan,nan,0.003433734,nan,nan,0.090526527,0,0,0
156.100000000,post,1,3,-0.004000000,-0.046000000,-0.100000000,-1.980976973,1.992399905,0.012616401,-1.940173357,2.022683912,-0.039769184,2.797795773,2.803052702,-0.005256930,nan,nan,nan,nan,nan,nan,nan,nan,0.011054124,nan,nan,0.090526527,0,0,0
156.200000000,pre,1,0,0.016000000,-0.046000000,-0.200000000,-1.998470682,0.001662731,-0.005458369,-2.066443729,0.011879578,-0.003120549,2.001440525,2.066480231,-0.065039706,nan,nan,nan,nan,nan,nan,nan,nan,1.692065359,nan,nan,0.000000000,0,0,0
156.200000000,pre,1,2,0.016000000,-0.046000000,-0.200000000,0.015769035,2.009836849,-0.069347374,0.025760367,1.972470121,-0.084925865,1.959786654,1.974465593,-0.014678940,nan,nan,nan,nan,nan,nan,nan,nan,0.086188507,nan,nan,0.000000000,0,0,0
156.200000000,pre,1,3,0.016000000,-0.046000000,-0.100000000,-1.979794645,1.994828287,0.013934459,-1.955748022,1.994016829,-0.041827273,2.793962002,2.793349774,0.000612227,nan,nan,nan,nan,nan,nan,nan,nan,0.000149929,nan,nan,0.000000000,0,0,0
156.200000000,post,1,0,0.016000000,-0.046000000,-0.200000000,-1.998470682,0.001662731,-0.005458369,-2.023059750,0.015979680,-0.003120549,2.001440525,2.023125266,-0.021684741,nan,nan,nan,nan,nan,nan,nan,nan,0.188091191,nan,nan,0.030383687,0,0,0
156.200000000,post,1,2,0.016000000,-0.046000000,-0.200000000,0.015769035,2.009836849,-0.069347374,0.069144345,1.976570224,-0.084925865,1.959786654,1.979601776,-0.019815123,nan,nan,nan,nan,nan,nan,nan,nan,0.157055634,nan,nan,0.030383687,0,0,0
156.200000000,post,1,3,0.016000000,-0.046000000,-0.100000000,-1.979794645,1.994828287,0.013934459,-1.912364044,1.998116931,-0.041827273,2.793962002,2.766108644,0.027853358,nan,nan,nan,nan,nan,nan,nan,nan,0.310323826,nan,nan,0.030383687,0,0,0
156.300000000,pre,1,0,-0.002000000,-0.044000000,-0.200000000,-1.996868093,0.002952086,-0.003456976,-1.957272395,0.028500229,-0.000267116,1.969149232,1.957479901,0.011669331,nan,nan,nan,nan,nan,nan,nan,nan,0.054469315,nan,nan,0.000000000,0,0,0
156.300000000,pre,1,2,-0.002000000,-0.044000000,-0.200000000,0.015983168,2.011788239,-0.067136555,0.071656946,1.953300993,-0.077660091,2.043450356,1.956157094,0.087293262,nan,nan,nan,nan,nan,nan,nan,nan,3.048045422,nan,nan,0.000000000,0,0,0
156.300000000,pre,1,3,-0.002000000,-0.044000000,-0.100000000,-1.978026127,1.998281725,0.015598217,-1.927753801,1.973879954,-0.017784428,nan,2.759121795,nan,nan,nan,nan,nan,nan,nan,nan,nan,nan,nan,nan,0.000000000,0,0,0
156.300000000,post,1,0,-0.002000000,-0.044000000,-0.200000000,-1.996868093,0.002952086,-0.003456976,-1.965480001,0.112830839,-0.000267116,1.969149232,1.968715953,0.000433279,nan,nan,nan,nan,nan,nan,nan,nan,0.000075092,nan,nan,0.114864264,0,0,0
156.300000000,post,1,2,-0.002000000,-0.044000000,-0.200000000,0.015983168,2.011788239,-0.067136555,0.063449341,2.037631602,-0.077660091,2.043450356,2.040097903,0.003352452,nan,nan,nan,nan,nan,nan,nan,nan,0.004495575,nan,nan,0.114864264,0,0,0
156.300000000,post,1,3,-0.002000000,-0.044000000,-0.100000000,-1.978026127,1.998281725,0.015598217,-1.935961407,2.058210564,-0.017784428,nan,2.825684621,nan,nan,nan,nan,nan,nan,nan,nan,nan,nan,nan,nan,0.114864264,0,0,0
156.400000000,pre,1,0,0.016000000,-0.042000000,-0.200000000,-1.995344866,0.004250931,-0.002015265,-1.943753827,0.085512664,-0.005977993,1.992183089,1.945643105,0.046539984,nan,nan,nan,nan,nan,nan,nan,nan,0.866388055,nan,nan,0.000000000,0,0,0
156.400000000,pre,1,2,0.016000000,-0.042000000,-0.200000000,0.016081797,2.013744365,-0.065169229,0.106353459,2.026315776,-0.095364214,2.051112652,2.031344633,0.019768019,nan,nan,nan,nan,nan,nan,nan,nan,0.156309830,nan,nan,0.000000000,0,0,0
156.400000000,pre,1,3,0.016000000,-0.042000000,-0.100000000,-1.976372314,2.001356626,0.016701221,-1.966855654,2.092560705,-0.034258889,2.780323982,2.872021090,-0.091697108,nan,nan,nan,nan,nan,nan,nan,nan,3.363343824,nan,nan,0.000000000,0,0,0
156.400000000,post,1,0,0.016000000,-0.042000000,-0.200000000,-1.995344866,0.004250931,-0.002015265,-1.941023567,0.057319934,-0.005977993,1.992183089,1.941878936,0.050304154,nan,nan,nan,nan,nan,nan,nan,nan,1.012203151,nan,nan,0.012836550,0,0,0
156.400000000,post,1,2,0.016000000,-0.042000000,-0.200000000,0.016081797,2.013744365,-0.065169229,0.109083718,1.998123046,-0.095364214,2.051112652,2.003369486,0.047743166,nan,nan,nan,nan,nan,nan,nan,nan,0.911763948,nan,nan,0.012836550,0,0,0
156.400000000,post,1,3,0.016000000,-0.042000000,-0.100000000,-1.976372314,2.001356626,0.016701221,-1.964125394,2.064367975,-0.034258889,2.780323982,2.849662677,-0.069338695,nan,nan,nan,nan,nan,nan,nan,nan,1.923141840,nan,nan,0.012836550,0,0,0
156.500000000,pre,1,0,-0.004000000,0.056000000,-0.200000000,-1.994324717,0.005211741,-0.001179622,-1.953355764,0.035440215,-0.009364975,1.996822953,1.953699683,0.043123270,nan,nan,nan,nan,nan,nan,nan,nan,0.743846572,nan,nan,0.000000000,0,0,0
156.500000000,pre,1,2,-0.004000000,0.056000000,-0.200000000,0.016103573,2.015153788,-0.063936119,0.081637186,1.960593793,-0.086391310,2.009907246,1.964193501,0.045713745,nan,nan,nan,nan,nan,nan,nan,nan,0.835898584,nan,nan,0.000000000,0,0,0
156.500000000,pre,1,3,-0.004000000,0.056000000,-0.100000000,-1.975260410,2.003391523,0.017112346,-1.906491604,2.047638245,-0.034857372,2.820271730,2.797989931,0.022281799,nan,nan,nan,nan,nan,nan,nan,nan,0.198591435,nan,nan,0.000000000,0,0,0
156.500000000,post,1,0,-0.004000000,0.056000000,-0.200000000,-1.994324717,0.005211741,-0.001179622,-1.980826556,0.067040804,-0.009364975,1.996822953,1.981982850,0.014840103,nan,nan,nan,nan,nan,nan,nan,nan,0.088091468,nan,nan,0.028051867,0,0,0
156.500000000,post,1,2,-0.004000000,0.056000000,-0.200000000,0.016103573,2.015153788,-0.063936119,0.054166394,1.992194382,-0.086391310,2.009907246,1.994802224,0.015105022,nan,nan,nan,nan,nan,nan,nan,nan,0.091264671,nan,nan,0.028051867,0,0,0
156.500000000,post,1,3,-0.004000000,0.056000000,-0.100000000,-1.975260410,2.003391523,0.017112346,-1.933962396,2.079238834,-0.034857372,2.820271730,2.839834452,-0.019562722,nan,nan,nan,nan,nan,nan,nan,nan,0.153080032,nan,nan,0.028051867,0,0,0
156.600000000,pre,1,0,0.016000000,-0.044000000,-0.200000000,-1.992726561,0.006927309,0.000039665,-2.017758921,0.072616649,0.003266760,1.937647223,2.019067832,-0.081420609,nan,nan,nan,nan,nan,nan,nan,nan,2.651726222,nan,nan,0.000000000,0,0,0
156.600000000,pre,1,2,0.016000000,-0.044000000,-0.200000000,0.016074837,2.017597662,-0.062106963,0.059087410,2.031809490,-0.071012243,2.009470224,2.033908519,-0.024438295,nan,nan,nan,nan,nan,nan,nan,nan,0.238892099,nan,nan,0.000000000,0,0,0
156.600000000,pre,1,3,0.016000000,-0.044000000,-0.100000000,-1.973467102,2.006674116,0.017297350,-1.965468103,2.034891124,-0.010585947,2.795973778,2.829126864,-0.033153086,nan,nan,nan,nan,nan,nan,nan,nan,0.439650843,nan,nan,0.000000000,0,0,0
156.600000000,post,1,0,0.016000000,-0.044000000,-0.200000000,-1.992726561,0.006927309,0.000039665,-1.953925322,0.059930474,0.003266760,1.937647223,1.954846924,-0.017199701,nan,nan,nan,nan,nan,nan,nan,nan,0.118331885,nan,nan,0.067770678,0,0,0
156.600000000,post,1,2,0.016000000,-0.044000000,-0.200000000,0.016074837,2.017597662,-0.062106963,0.122921009,2.019123315,-0.071012243,2.009470224,2.024107525,-0.014637301,nan,nan,nan,nan,nan,nan,nan,nan,0.085700227,nan,nan,0.067770678,0,0,0
156.600000000,post,1,3,0.016000000,-0.044000000,-0.100000000,-1.973467102,2.006674116,0.017297350,-1.901634504,2.022204948,-0.010585947,2.795973778,2.775903223,0.020070555,nan,nan,nan,nan,nan,nan,nan,nan,0.161130869,nan,nan,0.067770678,0,0,0
156.700000000,pre,1,0,-0.004000000,0.054000000,-0.200000000,-1.991770893,0.008094322,0.000878094,-1.905757559,0.021226853,-0.010114780,1.931331635,1.905902611,0.025429024,nan,nan,nan,nan,nan,nan,nan,nan,0.258654097,nan,nan,0.000000000,0,0,0
156.700000000,pre,1,2,-0.004000000,0.054000000,-0.200000000,0.016014184,2.019224795,-0.061072134,0.071627818,2.038686177,-0.072751095,2.005411386,2.041240945,-0.035829559,nan,nan,nan,nan,nan,nan,nan,nan,0.513502907,nan,nan,0.000000000,0,0,0
156.700000000,pre,1,3,-0.004000000,0.054000000,-0.100000000,-1.972339544,2.008718993,0.017160249,-1.847660227,2.040424585,-0.023637456,2.774457455,2.752769429,0.021688026,nan,nan,nan,nan,nan,nan,nan,nan,0.188148185,nan,nan,0.000000000,0,0,0
156.700000000,post,1,0,-0.004000000,0.054000000,-0.200000000,-1.991770893,0.008094322,0.000878094,-1.940442680,-0.001717072,-0.010114780,1.931331635,1.940469801,-0.009138167,nan,nan,nan,nan,nan,nan,nan,nan,0.033402437,nan,nan,0.027671701,0,0,0
156.700000000,post,1,2,-0.004000000,0.054000000,-0.200000000,0.016014184,2.019224795,-0.061072134,0.036942697,2.015742252,-0.072751095,2.005411386,2.017392949,-0.011981563,nan,nan,nan,nan,nan,nan,nan,nan,0.057423140,nan,nan,0.027671701,0,0,0
156.700000000,post,1,3,-0.004000000,0.054000000,-0.100000000,-1.972339544,2.008718993,0.017160249,-1.882345347,2.017480659,-0.023637456,2.774457455,2.759349733,0.015107722,nan,nan,nan,nan,nan,nan,nan,nan,0.091297305,nan,nan,0.027671701,0,0,0
156.800000000,pre,1,0,0.016000000,-0.046000000,-0.200000000,-1.990527949,0.009828405,0.002194984,-1.999663860,0.008367308,-0.011791718,1.959891558,1.999716132,-0.039824574,nan,nan,nan,nan,nan,nan,nan,nan,0.634398686,nan,nan,0.000000000,0,0,0
156.800000000,pre,1,2,0.016000000,-0.046000000,-0.200000000,0.015834478,2.021614060,-0.059820814,0.046498521,2.042247071,-0.057390840,2.050814629,2.043582374,0.007232255,nan,nan,nan,nan,nan,nan,nan,nan,0.020922202,nan,nan,0.000000000,0,0,0
156.800000000,pre,1,3,0.016000000,-0.046000000,-0.100000000,-1.970759823,2.011554135,0.016758864,-1.979134082,2.029347480,-0.007927441,2.853026867,2.834657960,0.018368907,nan,nan,nan,nan,nan,nan,nan,nan,0.134966691,nan,nan,0.000000000,0,0,0
156.800000000,post,1,0,0.016000000,-0.046000000,-0.200000000,-1.990527949,0.009828405,0.002194984,-1.975303808,0.028784340,-0.011791718,1.959891558,1.975548712,-0.015657155,nan,nan,nan,nan,nan,nan,nan,nan,0.098058599,nan,nan,0.016164278,0,0,0
156.800000000,post,1,2,0.016000000,-0.046000000,-0.200000000,0.015834478,2.021614060,-0.059820814,0.070858573,2.062664104,-0.057390840,2.050814629,2.064678631,-0.013864003,nan,nan,nan,nan,nan,nan,nan,nan,0.076884228,nan,nan,0.016164278,0,0,0
156.800000000,post,1,3,0.016000000,-0.046000000,-0.100000000,-1.970759823,2.011554135,0.016758864,-1.954774030,2.049764513,-0.007927441,2.853026867,2.832443982,0.020582885,nan,nan,nan,nan,nan,nan,nan,nan,0.169462067,nan,nan,0.016164278,0,0,0
156.900000000,pre,1,0,-0.004000000,-0.046000000,-0.200000000,-1.989551279,0.011520272,0.003718022,-1.941999299,0.045517540,-0.029578080,1.967803597,1.942757830,0.025045768,nan,nan,nan,nan,nan,nan,nan,nan,0.250916193,nan,nan,0.000000000,0,0,0
156.900000000,pre,1,2,-0.004000000,-0.046000000,-0.200000000,0.015473470,2.023993607,-0.058672018,0.003102875,2.056402680,-0.065823119,2.076346874,2.057458212,0.018888662,nan,nan,nan,nan,nan,nan,nan,nan,0.142712626,nan,nan,0.000000000,0,0,0
156.900000000,pre,1,3,-0.004000000,-0.046000000,-0.100000000,-1.969328512,2.014198509,0.016239385,-1.977727588,2.077232008,-0.004131650,2.878992081,2.868155557,0.010836524,nan,nan,nan,nan,nan,nan,nan,nan,0.046972097,nan,nan,0.000000000,0,0,0
156.900000000,post,1,0,-0.004000000,-0.046000000,-0.200000000,-1.989551279,0.011520272,0.003718022,-1.959448447,0.057149361,-0.029578080,1.967803597,1.960504815,0.007298782,nan,nan,nan,nan,nan,nan,nan,nan,0.021308889,nan,nan,0.007036353,0,0,0
156.900000000,post,1,2,-0.004000000,-0.046000000,-0.200000000,0.015473470,2.023993607,-0.058672018,-0.014346274,2.068034501,-0.065823119,2.076346874,2.069131508,0.007215367,nan,nan,nan,nan,nan,nan,nan,nan,0.020824606,nan,nan,0.007036353,0,0,0
156.900000000,post,1,3,-0.004000000,-0.046000000,-0.100000000,-1.969328512,2.014198509,0.016239385,-1.995176737,2.088863829,-0.004131650,2.878992081,2.888615478,-0.009623397,nan,nan,nan,nan,nan,nan,nan,nan,0.037043910,nan,nan,0.007036353,0,0,0
157.000000000,pre,1,0,0.016000000,-0.046000000,-0.200000000,-1.989080149,0.012664930,0.004925245,-2.031641707,0.051825035,-0.032134596,1.984648347,2.032556640,-0.047908293,nan,nan,nan,nan,nan,nan,nan,nan,0.918081804,nan,nan,0.000000000,0,0,0
157.000000000,pre,1,2,0.016000000,-0.046000000,-0.200000000,0.015068728,2.025676185,-0.057851803,0.013430532,2.063738798,-0.051646675,2.021835566,2.064428634,-0.042593068,nan,nan,nan,nan,nan,nan,nan,nan,0.725667782,nan,nan,0.000000000,0,0,0
157.000000000,pre,1,3,0.016000000,-0.046000000,-0.100000000,-1.968432640,2.015960978,0.015856369,-2.040834667,2.039410591,0.019712396,2.830250502,2.885236606,-0.054986105,nan,nan,nan,nan,nan,nan,nan,nan,1.209388689,nan,nan,0.000000000,0,0,0
157.000000000,post,1,0,0.016000000,-0.046000000,-0.200000000,-1.989080149,0.012664930,0.004925245,-1.988555001,0.012401971,-0.032134596,1.984648347,1.988853296,-0.004204949,nan,nan,nan,nan,nan,nan,nan,nan,0.007072639,nan,nan,0.054570276,0,0,0
157.000000000,post,1,2,0.016000000,-0.046000000,-0.200000000,0.015068728,2.025676185,-0.057851803,0.056517238,2.024315734,-0.051646675,2.021835566,2.025763009,-0.003927443,nan,nan,nan,nan,nan,nan,nan,nan,0.006169923,nan,nan,0.054570276,0,0,0
157.000000000,post,1,3,0.016000000,-0.046000000,-0.100000000,-1.968432640,2.015960978,0.015856369,-1.997747961,1.999987527,0.019712396,2.830250502,2.826895046,0.003355456,nan,nan,nan,nan,nan,nan,nan,nan,0.004503633,nan,nan,0.054570276,0,0,0
157.100000000,pre,1,0,-0.004000000,-0.046000000,-0.200000000,-1.988788182,0.014190930,0.006804732,-1.955636935,-0.005087570,-0.055785252,1.971137404,1.956439035,0.014698369,nan,nan,nan,nan,nan,nan,nan,nan,0.086416826,nan,nan,0.000000000,0,0,0
157.100000000,pre,1,2,-0.004000000,-0.046000000,-0.200000000,0.014303328,2.028010187,-0.056577845,0.018684417,2.023866664,-0.050790098,2.017597914,2.024590086,-0.006992172,nan,nan,nan,nan,nan,nan,nan,nan,0.019556187,nan,nan,0.000000000,0,0,0
157.100000000,pre,1,3,-0.004000000,-0.046000000,-0.100000000,-1.967340713,2.018307270,0.015159437,-1.917537365,2.007600106,0.014090354,2.825719357,2.776257601,0.049461756,nan,nan,nan,nan,nan,nan,nan,nan,0.978586106,nan,nan,0.000000000,0,0,0
157.100000000,post,1,0,-0.004000000,-0.046000000,-0.200000000,-1.988788182,0.014190930,0.006804732,-1.984873092,0.003933132,-0.055785252,1.971137404,1.985660760,-0.014523355,nan,nan,nan,nan,nan,nan,nan,nan,0.084371141,nan,nan,0.014978015,0,0,0
157.100000000,post,1,2,-0.004000000,-0.046000000,-0.200000000,0.014303328,2.028010187,-0.056577845,-0.010551740,2.032887365,-0.050790098,2.017597914,2.033549118,-0.015951204,nan,nan,nan,nan,nan,nan,nan,nan,0.101776362,nan,nan,0.014978015,0,0,0
157.100000000,post,1,3,-0.004000000,-0.046000000,-0.100000000,-1.967340713,2.018307270,0.015159437,-1.946773522,2.016620807,0.014090354,2.825719357,2.803013586,0.022705771,nan,nan,nan,nan,nan,nan,nan,nan,0.206220811,nan,nan,0.014978015,0,0,0
157.200000000,pre,1,0,0.016000000,-0.046000000,-0.200000000,-1.988931082,0.015556393,0.008488382,-1.965342396,0.016393453,-0.055948991,2.029553175,1.966206950,0.063346225,nan,nan,nan,nan,nan,nan,nan,nan,1.605097689,nan,nan,0.000000000,0,0,0
157.200000000,pre,1,2,0.016000000,-0.046000000,-0.200000000,0.013410462,2.030162738,-0.055201212,0.051132084,1.997042743,-0.061119547,2.030126572,1.998631984,0.031494587,nan,nan,nan,nan,nan,nan,nan,nan,0.396763617,nan,nan,0.000000000,0,0,0
157.200000000,pre,1,3,0.016000000,-0.046000000,-0.100000000,-1.966492304,2.020421182,0.014162861,-1.945106363,2.039208500,0.017062925,2.803829193,2.818173383,-0.014344190,nan,nan,nan,nan,nan,nan,nan,nan,0.082302310,nan,nan,0.000000000,0,0,0
157.200000000,post,1,0,0.016000000,-0.046000000,-0.200000000,-1.988931082,0.015556393,0.008488382,-1.999108447,0.019760025,-0.055948991,2.029553175,1.999988833,0.029564342,nan,nan,nan,nan,nan,nan,nan,nan,0.349620131,nan,nan,0.018423680,0,0,0
157.200000000,post,1,2,0.016000000,-0.046000000,-0.200000000,0.013410462,2.030162738,-0.055201212,0.017366034,2.000409316,-0.061119547,2.030126572,2.001418150,0.028708422,nan,nan,nan,nan,nan,nan,nan,nan,0.329669397,nan,nan,0.018423680,0,0,0
157.200000000,post,1,3,0.016000000,-0.046000000,-0.100000000,-1.966492304,2.020421182,0.014162861,-1.978872414,2.042575073,0.017062925,2.803829193,2.844000721,-0.040171528,nan,nan,nan,nan,nan,nan,nan,nan,0.645500665,nan,nan,0.018423680,0,0,0
157.300000000,pre,1,0,-0.004000000,-0.042000000,-0.200000000,-1.989250419,0.016338775,0.009344544,-2.010114271,0.014609791,-0.031893943,2.036120653,2.010420367,0.025700286,nan,nan,nan,nan,nan,nan,nan,nan,0.264201876,nan,nan,0.000000000,0,0,0
157.300000000,pre,1,2,-0.004000000,-0.042000000,-0.200000000,0.012781846,2.031464352,-0.054225410,0.020691384,1.981220125,-0.050703532,2.002485514,1.981976833,0.020508681,nan,nan,nan,nan,nan,nan,nan,nan,0.168242393,nan,nan,0.000000000,0,0,0
157.300000000,pre,1,3,-0.004000000,-0.042000000,-0.100000000,-1.966092279,2.021670698,0.013308018,-1.943218415,2.039559025,0.009697902,2.771788359,2.817089433,-0.045301074,nan,nan,nan,nan,nan,nan,nan,nan,0.820874936,nan,nan,0.000000000,0,0,0
157.300000000,post,1,0,-0.004000000,-0.042000000,-0.200000000,-1.989250419,0.016338775,0.009344544,-2.008657318,0.007285691,-0.031893943,2.036120653,2.008923724,0.027196929,nan,nan,nan,nan,nan,nan,nan,nan,0.295869187,nan,nan,0.000892243,0,0,0
157.300000000,post,1,2,-0.004000000,-0.042000000,-0.200000000,0.012781846,2.031464352,-0.054225410,0.022148337,1.973896025,-0.050703532,2.002485514,1.974671344,0.027814170,nan,nan,nan,nan,nan,nan,nan,nan,0.309451224,nan,nan,0.000892243,0,0,0
157.300000000,post,1,3,-0.004000000,-0.042000000,-0.100000000,-1.966092279,2.021670698,0.013308018,-1.941761462,2.032234925,0.009697902,2.771788359,2.810784662,-0.038996303,nan,nan,nan,nan,nan,nan,nan,nan,0.608284658,nan,nan,0.000892243,0,0,0
157.400000000,pre,1,0,0.016000000,-0.142000000,-0.200000000,-1.990009117,0.017183299,0.010123242,-2.022926129,0.016840524,-0.049480422,1.990643144,2.023601255,-0.032958111,nan,nan,nan,nan,nan,nan,nan,nan,0.434494837,nan,nan,0.000000000,0,0,0
157.400000000,pre,1,2,0.016000000,-0.142000000,-0.200000000,0.011908131,2.033091649,-0.052701268,0.034351614,1.996865655,-0.047444745,2.000831366,1.997724576,0.003106790,nan,nan,nan,nan,nan,nan,nan,nan,0.003860857,nan,nan,0.000000000,0,0,0
157.400000000,pre,1,3,0.016000000,-0.142000000,-0.100000000,-1.965844009,2.023171245,0.011968097,-1.910160074,1.998394213,0.003869362,2.814034939,2.764472086,0.049562853,nan,nan,nan,nan,nan,nan,nan,nan,0.982590560,nan,nan,0.000000000,0,0,0
157.400000000,post,1,0,0.016000000,-0.142000000,-0.200000000,-1.990009117,0.017183299,0.010123242,-2.014692348,0.044041535,-0.049480422,1.990643144,2.015781046,-0.025137902,nan,nan,nan,nan,nan,nan,nan,nan,0.252765647,nan,nan,0.012923043,0,0,0
157.400000000,post,1,2,0.016000000,-0.142000000,-0.200000000,0.011908131,2.033091649,-0.052701268,0.042585395,2.024066666,-0.047444745,2.000831366,2.025070465,-0.024239100,nan,nan,nan,nan,nan,nan,nan,nan,0.235013579,nan,nan,0.012923043,0,0,0
157.400000000,post,1,3,0.016000000,-0.142000000,-0.100000000,-1.965844009,2.023171245,0.011968097,-1.901926293,2.025595225,0.003869362,2.814034939,2.778556210,0.035478729,nan,nan,nan,nan,nan,nan,nan,nan,0.503496092,nan,nan,0.012923043,0,0,0
157.500000000,pre,1,0,0.036000000,-0.046000000,-0.200000000,-1.991086098,0.017642990,0.010495819,-2.041664770,0.052149217,-0.031863046,1.974145889,2.042579209,-0.068433320,nan,nan,nan,nan,nan,nan,nan,nan,1.873247716,nan,nan,0.000000000,0,0,0
157.500000000,pre,1,2,0.036000000,-0.046000000,-0.200000000,0.011163898,2.034410145,-0.050718998,0.028478693,2.070151749,-0.031814624,1.996324897,2.070592058,-0.074267161,nan,nan,nan,nan,nan,nan,nan,nan,2.206244503,nan,nan,0.000000000,0,0,0
157.500000000,pre,1,3,0.036000000,-0.046000000,-0.100000000,-1.966086492,2.024338143,0.010568346,-1.885021453,2.022035405,0.019870828,2.840047121,2.764476064,0.075571057,nan,nan,nan,nan,nan,nan,nan,nan,2.284393884,nan,nan,0.000000000,0,0,0
157.500000000,post,1,0,0.036000000,-0.046000000,-0.200000000,-1.991086098,0.017642990,0.010495819,-2.034953390,0.041332276,-0.031863046,1.974145889,2.035622488,-0.061476598,nan,nan,nan,nan,nan,nan,nan,nan,1.511748852,nan,nan,0.002592781,0,0,0
157.500000000,post,1,2,0.036000000,-0.046000000,-0.200000000,0.011163898,2.034410145,-0.050718998,0.035190072,2.059334809,-0.031814624,1.996324897,2.059881153,-0.063556257,nan,nan,nan,nan,nan,nan,nan,nan,1.615759105,nan,nan,0.002592781,0,0,0
157.500000000,post,1,3,0.036000000,-0.046000000,-0.100000000,-1.966086492,2.024338143,0.010568346,-1.878310073,2.011218465,0.019870828,2.840047121,2.751988971,0.088058150,nan,nan,nan,nan,nan,nan,nan,nan,3.101695144,nan,nan,0.002592781,0,0,0
157.600000000,pre,1,0,-0.024000000,-0.146000000,-0.200000000,-1.991905857,0.017711743,0.010471059,-2.031701398,0.024622038,-0.024824574,1.964299798,2.032002233,-0.067702435,nan,nan,nan,nan,nan,nan,nan,nan,1.833447885,nan,nan,0.000000000,0,0,0
157.600000000,pre,1,2,-0.024000000,-0.146000000,-0.200000000,0.010781262,2.035102742,-0.049118429,0.007827014,2.025236508,-0.030106275,2.046492338,2.025475392,0.021016946,nan,nan,nan,nan,nan,nan,nan,nan,0.176684806,nan,nan,0.000000000,0,0,0
157.600000000,pre,1,3,-0.024000000,-0.146000000,-0.100000000,-1.966533272,2.024982685,0.009619620,-1.934645314,2.046877908,0.018464972,2.827106953,2.816540896,0.010566057,nan,nan,nan,nan,nan,nan,nan,nan,0.044656622,nan,nan,0.000000000,0,0,0
157.600000000,post,1,0,-0.024000000,-0.146000000,-0.200000000,-1.991905857,0.017711743,0.010471059,-1.979810360,0.058482877,-0.024824574,1.964299798,1.980829515,-0.016529717,nan,nan,nan,nan,nan,nan,nan,nan,0.109292621,nan,nan,0.061427780,0,0,0
157.600000000,post,1,2,-0.024000000,-0.146000000,-0.200000000,0.010781262,2.035102742,-0.049118429,0.059718052,2.059097347,-0.030106275,2.046492338,2.060183128,-0.013690789,nan,nan,nan,nan,nan,nan,nan,nan,0.074975086,nan,nan,0.061427780,0,0,0
157.600000000,post,1,3,-0.024000000,-0.146000000,-0.100000000,-1.966533272,2.024982685,0.009619620,-1.882754276,2.080738747,0.018464972,2.827106953,2.806167913,0.020939040,nan,nan,nan,nan,nan,nan,nan,nan,0.175377358,nan,nan,0.061427780,0,0,0
157.700000000,pre,1,0,-0.004000000,-0.246000000,-0.200000000,-1.992983843,0.017415200,0.009897791,-1.958472592,0.069275298,0.002136126,1.939917326,1.959698580,-0.019781254,nan,nan,nan,nan,nan,nan,nan,nan,0.156519204,nan,nan,0.000000000,0,0,0
157.700000000,pre,1,2,-0.004000000,-0.246000000,-0.200000000,0.010432947,2.035758484,-0.046952614,0.041569831,2.056246213,-0.012127138,2.049654722,2.056702119,-0.007047397,nan,nan,nan,nan,nan,nan,nan,nan,0.019866322,nan,nan,0.000000000,0,0,0
157.700000000,pre,1,3,-0.004000000,-0.246000000,-0.100000000,-1.967530320,2.025748085,0.008132936,-1.943667490,2.039904134,0.033245211,2.850168943,2.817828495,0.032340448,nan,nan,nan,nan,nan,nan,nan,nan,0.418361829,nan,nan,0.000000000,0,0,0
157.700000000,post,1,0,-0.004000000,-0.246000000,-0.200000000,-1.992983843,0.017415200,0.009897791,-1.956593403,0.079869187,0.002136126,1.939917326,1.958224041,-0.018306715,nan,nan,nan,nan,nan,nan,nan,nan,0.134054323,nan,nan,0.001852189,0,0,0
157.700000000,post,1,2,-0.004000000,-0.246000000,-0.200000000,0.010432947,2.035758484,-0.046952614,0.043449020,2.066840102,-0.012127138,2.049654722,2.067332313,-0.017677591,nan,nan,nan,nan,nan,nan,nan,nan,0.124998884,nan,nan,0.001852189,0,0,0
157.700000000,post,1,3,-0.004000000,-0.246000000,-0.100000000,-1.967530320,2.025748085,0.008132936,-1.941788301,2.050498022,0.033245211,2.850168943,2.824214791,0.025954152,nan,nan,nan,nan,nan,nan,nan,nan,0.269447202,nan,nan,0.001852189,0,0,0
157.800000000,pre,1,0,0.016000000,-0.142000000,-0.200000000,-1.993529376,0.016921894,0.009148806,-2.000218918,0.055781521,0.019974294,1.954707861,2.001096267,-0.046388406,nan,nan,nan,nan,nan,nan,nan,nan,0.860753680,nan,nan,0.000000000,0,0,0
157.800000000,pre,1,2,0.016000000,-0.142000000,-0.200000000,0.010351746,2.035916444,-0.045788620,0.045041007,2.029682970,-0.003917916,1.968296051,2.030186444,-0.061890393,nan,nan,nan,nan,nan,nan,nan,nan,1.532168320,nan,nan,0.000000000,0,0,0
157.800000000,pre,1,3,0.016000000,-0.142000000,-0.100000000,-1.968411520,2.026135017,0.006985741,-1.972282210,2.052199265,0.032694846,2.817595959,2.846486939,-0.028890980,nan,nan,nan,nan,nan,nan,nan,nan,0.333875496,nan,nan,0.000000000,0,0,0
157.800000000,post,1,0,0.016000000,-0.142000000,-0.200000000,-1.993529376,0.016921894,0.009148806,-1.972181776,0.011081962,0.019974294,1.954707861,1.972314057,-0.017606196,nan,nan,nan,nan,nan,nan,nan,nan,0.123991258,nan,nan,0.044546110,0,0,0
157.800000000,post,1,2,0.016000000,-0.142000000,-0.200000000,0.010351746,2.035916444,-0.045788620,0.073078149,1.984983410,-0.003917916,1.968296051,1.986332023,-0.018035972,nan,nan,nan,nan,nan,nan,nan,nan,0.130118513,nan,nan,0.044546110,0,0,0
157.800000000,post,1,3,0.016000000,-0.142000000,-0.100000000,-1.968411520,2.026135017,0.006985741,-1.944245069,2.007499706,0.032694846,2.817595959,2.794854721,0.022741238,nan,nan,nan,nan,nan,nan,nan,nan,0.206865564,nan,nan,0.044546110,0,0,0
157.900000000,pre,1,0,-0.004000000,-0.242000000,-0.200000000,-1.993955535,0.015773346,0.007739063,-2.008749971,0.011619329,-0.000910648,1.975524664,2.008783782,-0.033259118,nan,nan,nan,nan,nan,nan,nan,nan,0.442467581,nan,nan,0.000000000,0,0,0
157.900000000,pre,1,2,-0.004000000,-0.242000000,-0.200000000,0.010502311,2.035687541,-0.044639879,0.091369088,1.958120785,-0.012536373,1.995315313,1.960291428,0.035023886,nan,nan,nan,nan,nan,nan,nan,nan,0.490669027,nan,nan,0.000000000,0,0,0
157.900000000,pre,1,3,-0.004000000,-0.242000000,-0.100000000,-1.969913459,2.026458680,0.005165852,-1.899731476,1.994829453,0.023971025,2.801272869,2.754795607,0.046477262,nan,nan,nan,nan,nan,nan,nan,nan,0.864054349,nan,nan,0.000000000,0,0,0
157.900000000,post,1,0,-0.004000000,-0.242000000,-0.200000000,-1.993955535,0.015773346,0.007739063,-1.991537260,0.060178164,-0.000910648,1.975524664,1.992446461,-0.016921797,nan,nan,nan,nan,nan,nan,nan,nan,0.114538886,nan,nan,0.042467807,0,0,0
157.900000000,post,1,2,-0.004000000,-0.242000000,-0.200000000,0.010502311,2.035687541,-0.044639879,0.108581799,2.006679621,-0.012536373,1.995315313,2.009654266,-0.014338953,nan,nan,nan,nan,nan,nan,nan,nan,0.082242226,nan,nan,0.042467807,0,0,0
157.900000000,post,1,3,-0.004000000,-0.242000000,-0.100000000,-1.969913459,2.026458680,0.005165852,-1.882518765,2.043388289,0.023971025,2.801272869,2.778468501,0.022804368,nan,nan,nan,nan,nan,nan,nan,nan,0.208015687,nan,nan,0.042467807,0,0,0
158.000000000,pre,1,0,0.016000000,-0.046000000,-0.200000000,-1.993901114,0.014115519,0.006034814,-1.999431211,0.082658287,-0.013463214,1.997211456,2.001184353,-0.003972897,nan,nan,nan,nan,nan,nan,nan,nan,0.006313565,nan,nan,0.000000000,0,0,0
158.000000000,pre,1,2,0.016000000,-0.046000000,-0.200000000,0.010973623,2.034934943,-0.044083207,0.144280134,2.039569312,-0.006947542,2.091187000,2.044677971,0.046509030,nan,nan,nan,nan,nan,nan,nan,nan,0.865235937,nan,nan,0.000000000,0,0,0
158.000000000,pre,1,3,0.016000000,-0.046000000,-0.100000000,-1.971596580,2.026467978,0.003273027,-1.864318768,2.053232138,0.029180737,2.804160118,2.773499270,0.030660848,nan,nan,nan,nan,nan,nan,nan,nan,0.376035050,nan,nan,0.000000000,0,0,0
158.000000000,post,1,0,0.016000000,-0.046000000,-0.200000000,-1.993901114,0.014115519,0.006034814,-1.993810446,0.127694591,-0.013463214,1.997211456,1.997940755,-0.000729299,nan,nan,nan,nan,nan,nan,nan,nan,0.000212751,nan,nan,0.032957787,0,0,0
158.000000000,post,1,2,0.016000000,-0.046000000,-0.200000000,0.010973623,2.034934943,-0.044083207,0.149900899,2.084605616,-0.006947542,2.091187000,2.089999790,0.001187210,nan,nan,nan,nan,nan,nan,nan,nan,0.000563787,nan,nan,0.032957787,0,0,0
158.000000000,post,1,3,0.016000000,-0.046000000,-0.100000000,-1.971596580,2.026467978,0.003273027,-1.858698004,2.098268442,0.029180737,2.804160118,2.803273130,0.000886988,nan,nan,nan,nan,nan,nan,nan,nan,0.000314699,nan,nan,0.032957787,0,0,0
158.100000000,pre,1,0,-0.004000000,-0.146000000,-0.200000000,-1.993603662,0.012733891,0.004816667,-1.975132603,0.117047366,-0.014816057,1.987031698,1.978653179,0.008378520,nan,nan,nan,nan,nan,nan,nan,nan,0.028079837,nan,nan,0.000000000,0,0,0
158.100000000,pre,1,2,-0.004000000,-0.146000000,-0.200000000,0.011425641,2.034148766,-0.043998058,0.139749585,2.079138165,-0.005494051,2.117463350,2.083836760,0.033626590,nan,nan,nan,nan,nan,nan,nan,nan,0.452299030,nan,nan,0.000000000,0,0,0
158.100000000,pre,1,3,-0.004000000,-0.146000000,-0.100000000,-1.972810350,2.026280128,0.001981406,-1.817032701,2.112186523,0.024623935,2.779606342,2.786314068,-0.006707725,nan,nan,nan,nan,nan,nan,nan,nan,0.017997432,nan,nan,0.000000000,0,0,0
158.100000000,post,1,0,-0.004000000,-0.146000000,-0.200000000,-1.993603662,0.012733891,0.004816667,-1.969765110,0.136616273,-0.014816057,1.987031698,1.974552635,0.012479063,nan,nan,nan,nan,nan,nan,nan,nan,0.062290807,nan,nan,0.006588034,0,0,0
158.100000000,post,1,2,-0.004000000,-0.146000000,-0.200000000,0.011425641,2.034148766,-0.043998058,0.145117079,2.098707072,-0.005494051,2.117463350,2.103725392,0.013737958,nan,nan,nan,nan,nan,nan,nan,nan,0.075492594,nan,nan,0.006588034,0,0,0
158.100000000,post,1,3,-0.004000000,-0.146000000,-0.100000000,-1.972810350,2.026280128,0.001981406,-1.811665207,2.131755430,0.024623935,2.779606342,2.797698764,-0.018092422,nan,nan,nan,nan,nan,nan,nan,nan,0.130934296,nan,nan,0.006588034,0,0,0
158.200000000,pre,1,0,0.016000000,-0.046000000,-0.200000000,-1.992895330,0.010454872,0.003013513,-1.951168787,0.086125526,-0.020526091,1.976006746,1.953176531,0.022830215,nan,nan,nan,nan,nan,nan,nan,nan,0.208487490,nan,nan,0.000000000,0,0,0
158.200000000,pre,1,2,0.016000000,-0.046000000,-0.200000000,0.012162250,2.032657351,-0.044373257,0.186303464,2.057742787,0.003544894,2.108433962,2.066162366,0.042271595,nan,nan,nan,nan,nan,nan,nan,nan,0.714755114,nan,nan,0.000000000,0,0,0
158.200000000,pre,1,3,0.016000000,-0.046000000,-0.100000000,-1.974697468,2.025753185,-0.000000634,-1.790036176,2.110383794,0.022966641,2.813407898,2.767395298,0.046012600,nan,nan,nan,nan,nan,nan,nan,nan,0.846863746,nan,nan,0.000000000,0,0,0
158.200000000,post,1,0,0.016000000,-0.046000000,-0.200000000,-1.992895330,0.010454872,0.003013513,-1.971088126,0.128916445,-0.020526091,1.976006746,1.975406078,0.000600669,nan,nan,nan,nan,nan,nan,nan,nan,0.000144321,nan,nan,0.035645485,0,0,0
158.200000000,post,1,2,0.016000000,-0.046000000,-0.200000000,0.012162250,2.032657351,-0.044373257,0.166384125,2.100533706,0.003544894,2.108433962,2.107116060,0.001317901,nan,nan,nan,nan,nan,nan,nan,nan,0.000694746,nan,nan,0.035645485,0,0,0
158.200000000,post,1,3,0.016000000,-0.046000000,-0.100000000,-1.974697468,2.025753185,-0.000000634,-1.809955515,2.153174713,0.022966641,2.813407898,2.812939348,0.000468550,nan,nan,nan,nan,nan,nan,nan,nan,0.000087816,nan,nan,0.035645485,0,0,0
158.300000000,pre,1,0,-0.004000000,-0.146000000,-0.200000000,-1.991876067,0.007750774,0.001081087,-1.948888665,0.104892111,-0.020560189,2.023851871,1.951817641,0.072034230,nan,nan,nan,nan,nan,nan,nan,nan,2.075572134,nan,nan,0.000000000,0,0,0
158.300000000,pre,1,2,-0.004000000,-0.146000000,-0.200000000,0.012960658,2.030659860,-0.045265620,0.156345905,2.041991380,0.003164510,2.093322754,2.047970423,0.045352331,nan,nan,nan,nan,nan,nan,nan,nan,0.822733569,nan,nan,0.000000000,0,0,0
158.300000000,pre,1,3,-0.004000000,-0.146000000,-0.100000000,-1.976948692,2.024887966,-0.002271567,-1.815576322,2.130890084,0.023706018,2.863451481,2.799566378,0.063885102,nan,nan,nan,nan,nan,nan,nan,nan,1.632522526,nan,nan,0.000000000,0,0,0
158.300000000,post,1,0,-0.004000000,-0.146000000,-0.200000000,-1.991876067,0.007750774,0.001081087,-2.010344968,0.146898666,-0.020560189,2.023851871,2.015809721,0.008042151,nan,nan,nan,nan,nan,nan,nan,nan,0.025870475,nan,nan,0.088662846,0,0,0
158.300000000,post,1,2,-0.004000000,-0.146000000,-0.200000000,0.012960658,2.030659860,-0.045265620,0.094889602,2.083997935,0.003164510,2.093322754,2.086159496,0.007163258,nan,nan,nan,nan,nan,nan,nan,nan,0.020524903,nan,nan,0.088662846,0,0,0
158.300000000,post,1,3,-0.004000000,-0.146000000,-0.100000000,-1.976948692,2.024887966,-0.002271567,-1.877032625,2.172896639,0.023706018,2.863451481,2.871461867,-0.008010386,nan,nan,nan,nan,nan,nan,nan,nan,0.025666517,nan,nan,0.088662846,0,0,0
158.400000000,pre,1,0,0.016000000,-0.046000000,-0.200000000,-1.991116290,0.005900821,-0.000114828,-2.027333809,0.117312344,-0.025403360,2.007734776,2.030884016,-0.023149241,nan,nan,nan,nan,nan,nan,nan,nan,0.214354943,nan,nan,0.000000000,0,0,0
158.400000000,pre,1,2,0.016000000,-0.046000000,-0.200000000,0.013471356,2.029190682,-0.045875957,0.112275992,2.078049159,-0.007473498,2.067290783,2.081093477,-0.013802694,nan,nan,nan,nan,nan,nan,nan,nan,0.076205743,nan,nan,0.000000000,0,0,0
158.400000000,pre,1,3,0.016000000,-0.046000000,-0.100000000,-1.978515585,2.024162709,-0.003645206,-1.880398421,2.135631832,0.010597013,2.851940393,2.845511174,0.006429219,nan,nan,nan,nan,nan,nan,nan,nan,0.016533944,nan,nan,0.000000000,0,0,0
158.400000000,post,1,0,0.016000000,-0.046000000,-0.200000000,-1.991116290,0.005900821,-0.000114828,-2.016065355,0.114407326,-0.025403360,2.007734776,2.019468713,-0.011733937,nan,nan,nan,nan,nan,nan,nan,nan,0.055074112,nan,nan,0.002166675,0,0,0
158.400000000,post,1,2,0.016000000,-0.046000000,-0.200000000,0.013471356,2.029190682,-0.045875957,0.123544445,2.075144141,-0.007473498,2.067290783,2.078831953,-0.011541170,nan,nan,nan,nan,nan,nan,nan,nan,0.053279440,nan,nan,0.002166675,0,0,0
158.400000000,post,1,3,0.016000000,-0.046000000,-0.100000000,-1.978515585,2.024162709,-0.003645206,-1.869129967,2.132726814,0.010597013,2.851940393,2.835891887,0.016048506,nan,nan,nan,nan,nan,nan,nan,nan,0.103021824,nan,nan,0.002166675,0,0,0
158.500000000,pre,1,0,-0.004000000,-0.146000000,-0.200000000,-1.989979887,0.003154083,-0.001747386,-2.020210500,0.094281713,-0.013143992,1.952465057,2.022452044,-0.069986987,nan,nan,nan,nan,nan,nan,nan,nan,1.959271341,nan,nan,0.000000000,0,0,0
158.500000000,pre,1,2,-0.004000000,-0.146000000,-0.200000000,0.014263539,2.026913789,-0.046718014,0.100605208,2.017032965,-0.033375833,2.054490566,2.019816164,0.034674403,nan,nan,nan,nan,nan,nan,nan,nan,0.480925677,nan,nan,0.000000000,0,0,0
158.500000000,pre,1,3,-0.004000000,-0.146000000,-0.100000000,-1.980857378,2.022914939,-0.005431066,-1.883488074,2.101635885,0.017441696,2.833527565,2.822180882,0.011346683,nan,nan,nan,nan,nan,nan,nan,nan,0.051498885,nan,nan,0.000000000,0,0,0
158.500000000,post,1,0,-0.004000000,-0.146000000,-0.200000000,-1.989979887,0.003154083,-0.001747386,-1.962403058,0.136252527,-0.013143992,1.952465057,1.967171390,-0.014706333,nan,nan,nan,nan,nan,nan,nan,nan,0.086510487,nan,nan,0.081651995,0,0,0
158.500000000,post,1,2,-0.004000000,-0.146000000,-0.200000000,0.014263539,2.026913789,-0.046718014,0.158412651,2.059003779,-0.033375833,2.054490566,2.065358341,-0.010867775,nan,nan,nan,nan,nan,nan,nan,nan,0.047243413,nan,nan,0.081651995,0,0,0
158.500000000,post,1,3,-0.004000000,-0.146000000,-0.100000000,-1.980857378,2.022914939,-0.005431066,-1.825680632,2.143606700,0.017441696,2.833527565,2.815752770,0.017774795,nan,nan,nan,nan,nan,nan,nan,nan,0.126377330,nan,nan,0.081651995,0,0,0
158.600000000,pre,1,0,-0.022000000,-0.146000000,-0.200000000,-1.988802781,0.000128355,-0.003326882,-2.032495464,0.115724358,-0.019238981,1.909161925,2.035878208,-0.126716283,nan,nan,nan,nan,nan,nan,nan,nan,6.422806501,nan,nan,0.000000000,0,0,0
158.600000000,pre,1,2,-0.022000000,-0.146000000,-0.200000000,0.015252645,2.024364737,-0.047712694,0.127067907,2.084842255,-0.048208122,2.086805820,2.089267217,-0.002461397,nan,nan,nan,nan,nan,nan,nan,nan,0.002423390,nan,nan,0.000000000,0,0,0
158.600000000,pre,1,3,-0.022000000,-0.146000000,-0.100000000,-1.983415911,2.021373168,-0.007148657,-1.841907668,2.100491215,0.015398007,2.838844776,2.793729461,0.045115315,nan,nan,nan,nan,nan,nan,nan,nan,0.814156661,nan,nan,0.000000000,0,0,0
158.600000000,post,1,0,-0.022000000,-0.146000000,-0.200000000,-1.988802781,0.000128355,-0.003326882,-1.953601129,0.153785959,-0.019238981,1.909161925,1.959739174,-0.050577249,nan,nan,nan,nan,nan,nan,nan,nan,1.023223249,nan,nan,0.122768025,0,0,0
158.600000000,post,1,2,-0.022000000,-0.146000000,-0.200000000,0.015252645,2.024364737,-0.047712694,0.205962242,2.122903856,-0.048208122,2.086805820,2.133416333,-0.046610513,nan,nan,nan,nan,nan,nan,nan,nan,0.869015959,nan,nan,0.122768025,0,0,0
158.600000000,post,1,3,-0.022000000,-0.146000000,-0.100000000,-1.983415911,2.021373168,-0.007148657,-1.763013333,2.138552816,0.015398007,2.838844776,2.771617084,0.067227692,nan,nan,nan,nan,nan,nan,nan,nan,1.807825052,nan,nan,0.122768025,0,0,0
158.700000000,pre,1,0,-0.004000000,-0.042000000,-0.200000000,-1.987934305,-0.002348634,-0.004487781,-1.952495211,0.121402335,-0.018085657,1.932191491,1.956349449,-0.024157958,nan,nan,nan,nan,nan,nan,nan,nan,0.233442779,nan,nan,0.000000000,0,0,0
158.700000000,pre,1,2,-0.004000000,-0.042000000,-0.200000000,0.016144361,2.022307218,-0.048559159,0.215987455,2.075527439,-0.056530747,2.056513548,2.087501007,-0.030987459,nan,nan,nan,nan,nan,nan,nan,nan,0.384089048,nan,nan,0.000000000,0,0,0
158.700000000,pre,1,3,-0.004000000,-0.042000000,-0.100000000,-1.985407551,2.020015359,-0.008287224,-1.767895674,2.164840608,-0.013991369,2.787461281,2.795028754,-0.007567473,nan,nan,nan,nan,nan,nan,nan,nan,0.022906657,nan,nan,0.000000000,0,0,0
158.700000000,post,1,0,-0.004000000,-0.042000000,-0.200000000,-1.987934305,-0.002348634,-0.004487781,-1.940999266,0.101215713,-0.018085657,1.932191491,1.943720623,-0.011529132,nan,nan,nan,nan,nan,nan,nan,nan,0.053168357,nan,nan,0.008634503,0,0,0
158.700000000,post,1,2,-0.004000000,-0.042000000,-0.200000000,0.016144361,2.022307218,-0.048559159,0.227483400,2.055340816,-0.056530747,2.056513548,2.068663891,-0.012150343,nan,nan,nan,nan,nan,nan,nan,nan,0.059052337,nan,nan,0.008634503,0,0,0
158.700000000,post,1,3,-0.004000000,-0.042000000,-0.100000000,-1.985407551,2.020015359,-0.008287224,-1.756399729,2.144653986,-0.013991369,2.787461281,2.772124905,0.015336376,nan,nan,nan,nan,nan,nan,nan,nan,0.094081773,nan,nan,0.008634503,0,0,0
158.800000000,pre,1,0,0.016000000,-0.142000000,-0.200000000,-1.987216997,-0.004587580,-0.005497748,-1.931573275,0.064042003,-0.023990600,2.022658825,1.932783548,0.089875277,nan,nan,nan,nan,nan,nan,nan,nan,3.231026162,nan,nan,0.000000000,0,0,0
158.800000000,pre,1,2,0.016000000,-0.142000000,-0.200000000,0.017030192,2.020474280,-0.049237732,0.290728353,1.942564820,-0.061563232,2.058030367,1.965164392,0.092865975,nan,nan,nan,nan,nan,nan,nan,nan,3.449635701,nan,nan,0.000000000,0,0,0
158.800000000,pre,1,3,0.016000000,-0.142000000,-0.100000000,-1.987086404,2.018725644,-0.009062596,-1.766163511,2.126708396,-0.026325258,2.788300514,2.764582277,0.023718237,nan,nan,nan,nan,nan,nan,nan,nan,0.225021911,nan,nan,0.000000000,0,0,0
158.800000000,post,1,0,0.016000000,-0.142000000,-0.200000000,-1.987216997,-0.004587580,-0.005497748,-1.978595019,0.123513980,-0.023990600,2.022658825,1.982591612,0.040067213,nan,nan,nan,nan,nan,nan,nan,nan,0.642152609,nan,nan,0.091967368,0,0,0
158.800000000,post,1,2,0.016000000,-0.142000000,-0.200000000,0.017030192,2.020474280,-0.049237732,0.243706609,2.002036798,-0.061563232,2.058030367,2.017754763,0.040275604,nan,nan,nan,nan,nan,nan,nan,nan,0.648849718,nan,nan,0.091967368,0,0,0
158.800000000,post,1,3,0.016000000,-0.142000000,-0.100000000,-1.987086404,2.018725644,-0.009062596,-1.813185255,2.186180373,-0.026325258,2.788300514,2.840372935,-0.052072421,nan,nan,nan,nan,nan,nan,nan,nan,1.084614811,nan,nan,0.091967368,0,0,0
158.900000000,pre,1,0,-0.004000000,-0.242000000,-0.200000000,-1.986300815,-0.007729579,-0.006859865,-1.995267965,0.113454895,-0.002546210,2.020753622,1.998492619,0.022261003,nan,nan,nan,nan,nan,nan,nan,nan,0.198220903,nan,nan,0.000000000,0,0,0
158.900000000,pre,1,2,-0.004000000,-0.242000000,-0.200000000,0.018481963,2.017912683,-0.050014104,0.236057847,2.024754619,-0.055349307,2.049438477,2.039219978,0.010218498,nan,nan,nan,nan,nan,nan,nan,nan,0.041767084,nan,nan,0.000000000,0,0,0
158.900000000,pre,1,3,-0.004000000,-0.242000000,-0.100000000,-1.989287240,2.016842351,-0.009772150,-1.839422484,2.115166689,0.003809809,2.803467274,2.803108937,0.000358337,nan,nan,nan,nan,nan,nan,nan,nan,0.000051362,nan,nan,0.000000000,0,0,0
158.900000000,post,1,0,-0.004000000,-0.242000000,-0.200000000,-1.986300815,-0.007729579,-0.006859865,-2.008574695,0.117115767,-0.002546210,2.020753622,2.011987796,0.008765826,nan,nan,nan,nan,nan,nan,nan,nan,0.030735880,nan,nan,0.003047537,0,0,0
158.900000000,post,1,2,-0.004000000,-0.242000000,-0.200000000,0.018481963,2.017912683,-0.050014104,0.222751116,2.028415490,-0.055349307,2.049438477,2.041360088,0.008078389,nan,nan,nan,nan,nan,nan,nan,nan,0.026104147,nan,nan,0.003047537,0,0,0
158.900000000,post,1,3,-0.004000000,-0.242000000,-0.100000000,-1.989287240,2.016842351,-0.009772150,-1.852729214,2.118827561,0.003809809,2.803467274,2.814613702,-0.011146428,nan,nan,nan,nan,nan,nan,nan,nan,0.049697144,nan,nan,0.003047537,0,0,0
159.000000000,pre,1,0,0.016000000,-0.242000000,-0.200000000,-1.985522788,-0.010777553,-0.007828649,-1.980837055,0.066294789,-0.000079241,1.986564875,1.981946126,0.004618749,nan,nan,nan,nan,nan,nan,nan,nan,0.008533137,nan,nan,0.000000000,0,0,0
159.000000000,pre,1,2,0.016000000,-0.242000000,-0.200000000,0.020260292,2.015415144,-0.050549893,0.132547103,1.979749881,-0.059495973,2.002618313,1.985073827,0.017544486,nan,nan,nan,nan,nan,nan,nan,nan,0.123123596,nan,nan,0.000000000,0,0,0
159.000000000,pre,1,3,0.016000000,-0.242000000,-0.100000000,-1.991301765,2.014952111,-0.010015228,-1.875512372,2.104524374,0.012647452,2.833406925,2.818994405,0.014412520,nan,nan,nan,nan,nan,nan,nan,nan,0.083088292,nan,nan,0.000000000,0,0,0
159.000000000,post,1,0,0.016000000,-0.242000000,-0.200000000,-1.985522788,-0.010777553,-0.007828649,-1.984312500,0.083109033,-0.000079241,1.986564875,1.986052168,0.000512707,nan,nan,nan,nan,nan,nan,nan,nan,0.000105147,nan,nan,0.004716760,0,0,0
159.000000000,post,1,2,0.016000000,-0.242000000,-0.200000000,0.020260292,2.015415144,-0.050549893,0.129071658,1.996564125,-0.059495973,2.002618313,2.001616239,0.001002073,nan,nan,nan,nan,nan,nan,nan,nan,0.000401661,nan,nan,0.004716760,0,0,0
159.000000000,post,1,3,0.016000000,-0.242000000,-0.100000000,-1.991301765,2.014952111,-0.010015228,-1.878987816,2.121338618,0.012647452,2.833406925,2.833872387,-0.000465462,nan,nan,nan,nan,nan,nan,nan,nan,0.000086662,nan,nan,0.004716760,0,0,0
159.100000000,pre,1,0,-0.004000000,-0.342000000,-0.200000000,-1.985093752,-0.012629959,-0.008072509,-1.972808786,0.054757894,-0.002028301,1.987609863,1.973569620,0.014040243,nan,nan,nan,nan,nan,nan,nan,nan,0.078851369,nan,nan,0.000000000,0,0,0
159.100000000,pre,1,2,-0.004000000,-0.342000000,-0.200000000,0.021612131,2.013888903,-0.050680322,0.140578400,1.966477251,-0.054224237,2.017536879,1.972241195,0.045295684,nan,nan,nan,nan,nan,nan,nan,nan,0.820679580,nan,nan,0.000000000,0,0,0
159.100000000,pre,1,3,-0.004000000,-0.342000000,-0.100000000,-1.992452590,2.013768534,-0.009975610,-1.867129045,2.075025334,0.014052823,2.831421375,2.791433053,0.039988322,nan,nan,nan,nan,nan,nan,nan,nan,0.639626362,nan,nan,0.000000000,0,0,0
159.100000000,post,1,0,-0.004000000,-0.342000000,-0.200000000,-1.985093752,-0.012629959,-0.008072509,-1.984224839,0.098847024,-0.002028301,1.987609863,1.986686453,0.000923411,nan,nan,nan,nan,nan,nan,nan,nan,0.000341075,nan,nan,0.033186843,0,0,0
159.100000000,post,1,2,-0.004000000,-0.342000000,-0.200000000,0.021612131,2.013888903,-0.050680322,0.129162347,2.010566381,-0.054224237,2.017536879,2.015440486,0.002096393,nan,nan,nan,nan,nan,nan,nan,nan,0.001757945,nan,nan,0.033186843,0,0,0
159.100000000,post,1,3,-0.004000000,-0.342000000,-0.100000000,-1.992452590,2.013768534,-0.009975610,-1.878545099,2.119114464,0.014052823,2.831421375,2.831920776,-0.000499401,nan,nan,nan,nan,nan,nan,nan,nan,0.000099760,nan,nan,0.033186843,0,0,0
159.200000000,pre,1,0,0.016000000,-0.144000000,-0.200000000,-1.984599087,-0.015067797,-0.007815363,-2.010535991,0.058053785,0.017134013,2.005469561,2.011446938,-0.005977378,nan,nan,nan,nan,nan,nan,nan,nan,0.014291618,nan,nan,0.000000000,0,0,0
159.200000000,pre,1,2,0.016000000,-0.144000000,-0.200000000,0.023736055,2.011896005,-0.050407093,0.168976195,2.024751549,-0.043647046,2.047854662,2.032259052,0.015595610,nan,nan,nan,nan,nan,nan,nan,nan,0.097289216,nan,nan,0.000000000,0,0,0
159.200000000,pre,1,3,0.016000000,-0.144000000,-0.100000000,-1.993833232,2.012182563,-0.009777534,-1.828471812,2.108987213,0.021851366,2.783383131,2.791346219,-0.007963088,nan,nan,nan,nan,nan,nan,nan,nan,0.025364308,nan,nan,0.000000000,0,0,0
159.200000000,post,1,0,0.016000000,-0.144000000,-0.200000000,-1.984599087,-0.015067797,-0.007815363,-1.999394134,0.066906732,0.017134013,2.005469561,2.000586661,0.004882899,nan,nan,nan,nan,nan,nan,nan,nan,0.009537083,nan,nan,0.003240250,0,0,0
159.200000000,post,1,2,0.016000000,-0.144000000,-0.200000000,0.023736055,2.011896005,-0.050407093,0.180118051,2.033604496,-0.043647046,2.047854662,2.042032033,0.005822629,nan,nan,nan,nan,nan,nan,nan,nan,0.013561202,nan,nan,0.003240250,0,0,0
159.200000000,post,1,3,0.016000000,-0.144000000,-0.100000000,-1.993833232,2.012182563,-0.009777534,-1.817329956,2.117840160,0.021851366,2.783383131,2.790772759,-0.007389628,nan,nan,nan,nan,nan,nan,nan,nan,0.021842642,nan,nan,0.003240250,0,0,0
159.300000000,pre,1,0,-0.004000000,-0.244000000,-0.200000000,-1.984376649,-0.016605521,-0.007237937,-1.970901628,0.034351764,0.011079065,1.944390297,1.971232106,-0.026841809,nan,nan,nan,nan,nan,nan,nan,nan,0.288193089,nan,nan,0.000000000,0,0,0
159.300000000,pre,1,2,-0.004000000,-0.244000000,-0.200000000,0.025207121,2.010673929,-0.049952315,0.179631131,2.014803960,-0.039998041,2.013104916,2.023191089,-0.010086173,nan,nan,nan,nan,nan,nan,nan,nan,0.040692356,nan,nan,0.000000000,0,0,0
159.300000000,pre,1,3,-0.004000000,-0.244000000,-0.100000000,-1.994606554,2.011199051,-0.009473151,-1.841322106,2.109854165,0.014977908,2.762377501,2.800388550,-0.038011050,nan,nan,nan,nan,nan,nan,nan,nan,0.577935966,nan,nan,0.000000000,0,0,0
159.300000000,post,1,0,-0.004000000,-0.244000000,-0.200000000,-1.984376649,-0.016605521,-0.007237937,-1.941230513,0.017559255,0.011079065,1.944390297,1.941341540,0.003048757,nan,nan,nan,nan,nan,nan,nan,nan,0.003717967,nan,nan,0.018597815,0,0,0
159.300000000,post,1,2,-0.004000000,-0.244000000,-0.200000000,0.025207121,2.010673929,-0.049952315,0.209302246,1.998011450,-0.039998041,2.013104916,2.009342437,0.003762478,nan,nan,nan,nan,nan,nan,nan,nan,0.005662498,nan,nan,0.018597815,0,0,0
159.300000000,post,1,3,-0.004000000,-0.244000000,-0.100000000,-1.994606554,2.011199051,-0.009473151,-1.811650991,2.093061656,0.014977908,2.762377501,2.768250485,-0.005872984,nan,nan,nan,nan,nan,nan,nan,nan,0.013796777,nan,nan,0.018597815,0,0,0
159.400000000,pre,1,0,0.016000000,-0.244000000,-0.200000000,-1.984280230,-0.018862126,-0.005643653,-1.958223246,0.033691877,0.004319214,1.858455300,1.958517828,-0.100062527,nan,nan,nan,nan,nan,nan,nan,nan,4.005003745,nan,nan,0.000000000,0,0,0
159.400000000,pre,1,2,0.016000000,-0.244000000,-0.200000000,0.027357502,2.008906159,-0.048773900,0.166024945,2.000371883,-0.045246906,1.961378813,2.007759756,-0.046380943,nan,nan,nan,nan,nan,nan,nan,nan,0.860476743,nan,nan,0.000000000,0,0,0
159.400000000,pre,1,3,0.016000000,-0.244000000,-0.100000000,-1.995640927,2.009829045,-0.008512853,-1.859791061,2.035527051,0.007964934,2.859715939,2.757218999,0.102496940,nan,nan,nan,nan,nan,nan,nan,nan,4.202249082,nan,nan,0.000000000,0,0,0
159.400000000,post,1,0,0.016000000,-0.244000000,-0.200000000,-1.984280230,-0.018862126,-0.005643653,-1.932913361,0.058004368,0.004319214,1.858455300,1.933788309,-0.075333009,nan,nan,nan,nan,nan,nan,nan,nan,2.270024899,nan,nan,0.019707000,0,0,0
159.400000000,post,1,2,0.016000000,-0.244000000,-0.200000000,0.027357502,2.008906159,-0.048773900,0.191334830,2.024684374,-0.045246906,1.961378813,2.034208228,-0.072829415,nan,nan,nan,nan,nan,nan,nan,nan,2.121649484,nan,nan,0.019707000,0,0,0
159.400000000,post,1,3,0.016000000,-0.244000000,-0.100000000,-1.995640927,2.009829045,-0.008512853,-1.834481176,2.059839542,0.007964934,2.859715939,2.758318974,0.101396964,nan,nan,nan,nan,nan,nan,nan,nan,4.112537745,nan,nan,0.019707000,0,0,0
159.500000000,pre,1,0,-0.004000000,-0.344000000,-0.200000000,-1.984539446,-0.020860445,-0.003682139,-1.965820609,0.043355778,0.019890795,1.935236692,1.966399256,-0.031162564,nan,nan,nan,nan,nan,nan,nan,nan,0.388442147,nan,nan,0.000000000,0,0,0
159.500000000,pre,1,2,-0.004000000,-0.344000000,-0.200000000,0.029117760,2.007160825,-0.047306031,0.200220901,1.983988418,-0.041321750,1.954561949,1.994493906,-0.039931957,nan,nan,nan,nan,nan,nan,nan,nan,0.637824467,nan,nan,0.000000000,0,0,0
159.500000000,pre,1,3,-0.004000000,-0.344000000,-0.100000000,-1.996593110,2.008642159,-0.007291726,-1.897036426,2.083400400,0.009202771,2.904769421,2.817692162,0.087077259,nan,nan,nan,nan,nan,nan,nan,nan,3.032979608,nan,nan,0.000000000,0,0,0
159.500000000,post,1,0,-0.004000000,-0.344000000,-0.200000000,-1.984539446,-0.020860445,-0.003682139,-1.983700727,0.053494099,0.019890795,1.935236692,1.984521564,-0.049284871,nan,nan,nan,nan,nan,nan,nan,nan,0.971599409,nan,nan,0.006759747,0,0,0
159.500000000,post,1,2,-0.004000000,-0.344000000,-0.200000000,0.029117760,2.007160825,-0.047306031,0.182340783,1.994126739,-0.041321750,1.954561949,2.002872213,-0.048310264,nan,nan,nan,nan,nan,nan,nan,nan,0.933552642,nan,nan,0.006759747,0,0,0
159.500000000,post,1,3,-0.004000000,-0.344000000,-0.100000000,-1.996593110,2.008642159,-0.007291726,-1.914916543,2.093538721,0.009202771,2.904769421,2.837233589,0.067535832,nan,nan,nan,nan,nan,nan,nan,nan,1.824435433,nan,nan,0.006759747,0,0,0
159.600000000,pre,1,0,0.016000000,-0.146000000,-0.200000000,-1.984924414,-0.022088872,-0.002374206,-2.011103160,0.030036449,0.022465991,1.987749696,2.011452915,-0.023703219,nan,nan,nan,nan,nan,nan,nan,nan,0.224737036,nan,nan,0.000000000,0,0,0
159.600000000,pre,1,2,0.016000000,-0.146000000,-0.200000000,0.030101991,2.005853740,-0.046223107,0.143783187,1.933761164,-0.043277759,2.015995741,1.939582122,0.076413619,nan,nan,nan,nan,nan,nan,nan,nan,2.335616451,nan,nan,0.000000000,0,0,0
159.600000000,pre,1,3,0.016000000,-0.146000000,-0.100000000,-1.997286325,2.007857838,-0.006508707,-1.909960132,2.070569751,0.004208968,2.829835892,2.816953055,0.012882837,nan,nan,nan,nan,nan,nan,nan,nan,0.066386993,nan,nan,0.000000000,0,0,0
159.600000000,post,1,0,0.016000000,-0.146000000,-0.200000000,-1.984924414,-0.022088872,-0.002374206,-1.978030002,0.092961463,0.022465991,1.987749696,1.980340689,0.007409007,nan,nan,nan,nan,nan,nan,nan,nan,0.021957355,nan,nan,0.080854258,0,0,0
159.600000000,post,1,2,0.016000000,-0.146000000,-0.200000000,0.030101991,2.005853740,-0.046223107,0.176856345,1.996686178,-0.043277759,2.015995741,2.004970530,0.011025211,nan,nan,nan,nan,nan,nan,nan,nan,0.048622114,nan,nan,0.080854258,0,0,0
159.600000000,post,1,3,0.016000000,-0.146000000,-0.100000000,-1.997286325,2.007857838,-0.006508707,-1.876886974,2.133494765,0.004208968,2.829835892,2.841570400,-0.011734509,nan,nan,nan,nan,nan,nan,nan,nan,0.055079478,nan,nan,0.080854258,0,0,0
159.700000000,pre,1,0,-0.004000000,-0.246000000,-0.200000000,-1.985762634,-0.023627565,-0.000660300,-1.983871475,0.079909163,0.015536750,1.965243578,1.985540957,-0.020297379,nan,nan,nan,nan,nan,nan,nan,nan,0.164793442,nan,nan,0.000000000,0,0,0
159.700000000,pre,1,2,-0.004000000,-0.246000000,-0.200000000,0.031200189,2.003764274,-0.044514047,0.142177957,2.004190051,-0.044237851,2.035724878,2.009713741,0.026011138,nan,nan,nan,nan,nan,nan,nan,nan,0.270631714,nan,nan,0.000000000,0,0,0
159.700000000,pre,1,3,-0.004000000,-0.246000000,-0.100000000,-1.998415339,2.006696422,-0.005467729,-1.863414386,2.078622599,-0.004006589,2.839478016,2.791594730,0.047883286,nan,nan,nan,nan,nan,nan,nan,nan,0.917123640,nan,nan,0.000000000,0,0,0
159.700000000,post,1,0,-0.004000000,-0.246000000,-0.200000000,-1.985762634,-0.023627565,-0.000660300,-1.977534821,0.119786577,0.015536750,1.965243578,1.981220377,-0.015976799,nan,nan,nan,nan,nan,nan,nan,nan,0.102103242,nan,nan,0.026085780,0,0,0
159.700000000,post,1,2,-0.004000000,-0.246000000,-0.200000000,0.031200189,2.003764274,-0.044514047,0.148514611,2.044067464,-0.044237851,2.035724878,2.049933017,-0.014208139,nan,nan,nan,nan,nan,nan,nan,nan,0.080748484,nan,nan,0.026085780,0,0,0
159.700000000,post,1,3,-0.004000000,-0.246000000,-0.100000000,-1.998415339,2.006696422,-0.005467729,-1.857077732,2.118500012,-0.004006589,2.839478016,2.817231985,0.022246031,nan,nan,nan,nan,nan,nan,nan,nan,0.197954358,nan,nan,0.026085780,0,0,0
159.800000000,pre,1,0,0.016000000,-0.346000000,-0.200000000,-1.986522095,-0.024524591,0.000465347,-1.971822319,0.087754542,0.015397506,1.982096076,1.973834138,0.008261938,nan,nan,nan,nan,nan,nan,nan,nan,0.027303851,nan,nan,0.000000000,0,0,0
159.800000000,pre,1,2,0.016000000,-0.346000000,-0.200000000,0.031753969,2.002184402,-0.043180789,0.108351495,2.052804393,-0.051232127,1.969279051,2.056300234,-0.087021183,nan,nan,nan,nan,nan,nan,nan,nan,3.029074510,nan,nan,0.000000000,0,0,0
159.800000000,pre,1,3,0.016000000,-0.346000000,-0.100000000,-1.999301625,2.005849102,-0.004721976,-1.867643850,2.089689656,-0.006972121,2.835141659,2.802667483,0.032474176,nan,nan,nan,nan,nan,nan,nan,nan,0.421828834,nan,nan,0.000000000,0,0,0
159.800000000,post,1,0,0.016000000,-0.346000000,-0.200000000,-1.986522095,-0.024524591,0.000465347,-2.011333248,0.036055726,0.015397506,1.982096076,2.011715321,-0.029619245,nan,nan,nan,nan,nan,nan,nan,nan,0.350919874,nan,nan,0.067742097,0,0,0
159.800000000,post,1,2,0.016000000,-0.346000000,-0.200000000,0.031753969,2.002184402,-0.043180789,0.068840567,2.001105577,-0.051232127,1.969279051,2.002944653,-0.033665602,nan,nan,nan,nan,nan,nan,nan,nan,0.453349110,nan,nan,0.067742097,0,0,0
159.800000000,post,1,3,0.016000000,-0.346000000,-0.100000000,-1.999301625,2.005849102,-0.004721976,-1.907154779,2.037990840,-0.006972121,2.835141659,2.791181582,0.043960076,nan,nan,nan,nan,nan,nan,nan,nan,0.772995325,nan,nan,0.067742097,0,0,0
159.900000000,pre,1,0,-0.004000000,-0.146000000,-0.200000000,-1.987799993,-0.025517206,0.002189167,-2.013018596,-0.006418726,0.010754356,1.962980986,2.013057556,-0.050076571,nan,nan,nan,nan,nan,nan,nan,nan,1.003065174,nan,nan,0.000000000,0,0,0
159.900000000,pre,1,2,-0.004000000,-0.146000000,-0.200000000,0.032244412,1.999833282,-0.041067371,0.038956476,1.947691461,-0.042607854,1.916361570,1.948546911,-0.032185341,nan,nan,nan,nan,nan,nan,nan,nan,0.414358465,nan,nan,0.000000000,0,0,0
159.900000000,pre,1,3,-0.004000000,-0.146000000,-0.100000000,-2.000681604,2.004619631,-0.003609729,-1.953407699,2.010345715,0.000957608,2.825935602,2.803086236,0.022849366,nan,nan,nan,nan,nan,nan,nan,nan,0.208837408,nan,nan,0.000000000,0,0,0
159.900000000,post,1,0,-0.004000000,-0.146000000,-0.200000000,-1.987799993,-0.025517206,0.002189167,-1.992313255,-0.010088249,0.010754356,1.962980986,1.992367822,-0.029386836,nan,nan,nan,nan,nan,nan,nan,nan,0.345434450,nan,nan,0.007074825,0,0,0
159.900000000,post,1,2,-0.004000000,-0.146000000,-0.200000000,0.032244412,1.999833282,-0.041067371,0.059661817,1.944021938,-0.042607854,1.916361570,1.945403881,-0.029042310,nan,nan,nan,nan,nan,nan,nan,nan,0.337382313,nan,nan,0.007074825,0,0,0
159.900000000,post,1,3,-0.004000000,-0.146000000,-0.100000000,-2.000681604,2.004619631,-0.003609729,-1.932702358,2.006676192,0.000957608,2.825935602,2.786052523,0.039883079,nan,nan,nan,nan,nan,nan,nan,nan,0.636264007,nan,nan,0.007074825,0,0,0
160.000000000,pre,1,0,0.016000000,-0.246000000,-0.200000000,-1.989098579,-0.026036250,0.004029267,-1.963443644,-0.017269484,0.002792638,1.983340025,1.963521575,0.019818450,nan,nan,nan,nan,nan,nan,nan,nan,0.157108380,nan,nan,0.000000000,0,0,0
160.000000000,pre,1,2,0.016000000,-0.246000000,-0.200000000,0.032342408,1.997737051,-0.039036610,0.096953024,1.958022712,-0.039081592,1.966603994,1.960811107,0.005792887,nan,nan,nan,nan,nan,nan,nan,nan,0.013423016,nan,nan,0.000000000,0,0,0
160.000000000,pre,1,3,0.016000000,-0.246000000,-0.100000000,-2.001999739,2.003572483,-0.002734518,-1.944300649,1.989435243,-0.005361170,2.814667225,2.781759576,0.032907649,nan,nan,nan,nan,nan,nan,nan,nan,0.433165339,nan,nan,0.000000000,0,0,0
160.000000000,post,1,0,0.016000000,-0.246000000,-0.200000000,-1.989098579,-0.026036250,0.004029267,-1.987785122,-0.005531063,0.002792638,1.983340025,1.987794778,-0.004454753,nan,nan,nan,nan,nan,nan,nan,nan,0.007937931,nan,nan,0.011684769,0,0,0
160.000000000,post,1,2,0.016000000,-0.246000000,-0.200000000,0.032342408,1.997737051,-0.039036610,0.072611547,1.969761132,-0.039081592,1.966603994,1.971486425,-0.004882431,nan,nan,nan,nan,nan,nan,nan,nan,0.009535253,nan,nan,0.011684769,0,0,0
160.000000000,post,1,3,0.016000000,-0.246000000,-0.100000000,-2.001999739,2.003572483,-0.002734518,-1.968642127,2.001173663,-0.005361170,2.814667225,2.807183035,0.007484189,nan,nan,nan,nan,nan,nan,nan,nan,0.022405237,nan,nan,0.011684769,0,0,0
160.100000000,pre,1,0,-0.004000000,-0.146000000,-0.200000000,-1.990476228,-0.026088072,0.006332646,-1.997637547,-0.010341623,-0.001755809,2.003929377,1.997665088,0.006264289,nan,nan,nan,nan,nan,nan,nan,nan,0.015696525,nan,nan,0.000000000,0,0,0
160.100000000,pre,1,2,-0.004000000,-0.146000000,-0.200000000,0.032081639,1.995833144,-0.036985504,0.049847778,2.039572652,-0.015858899,2.063167572,2.040243345,0.022924227,nan,nan,nan,nan,nan,nan,nan,nan,0.210208070,nan,nan,0.000000000,0,0,0
160.100000000,pre,1,3,-0.004000000,-0.146000000,-0.100000000,-2.003334603,2.002708957,-0.002056887,-1.969372101,2.017096747,0.008019878,2.813831091,2.819072557,-0.005241466,nan,nan,nan,nan,nan,nan,nan,nan,0.010989185,nan,nan,0.000000000,0,0,0
160.100000000,post,1,0,-0.004000000,-0.146000000,-0.200000000,-1.990476228,-0.026088072,0.006332646,-1.994900612,0.002826441,-0.001755809,2.003929377,1.994903387,0.009025990,nan,nan,nan,nan,nan,nan,nan,nan,0.032587398,nan,nan,0.002894220,0,0,0
160.100000000,post,1,2,-0.004000000,-0.146000000,-0.200000000,0.032081639,1.995833144,-0.036985504,0.052584714,2.052740716,-0.015858899,2.063167572,2.053475372,0.009692200,nan,nan,nan,nan,nan,nan,nan,nan,0.037575496,nan,nan,0.002894220,0,0,0
160.100000000,post,1,3,-0.004000000,-0.146000000,-0.100000000,-2.003334603,2.002708957,-0.002056887,-1.966635165,2.030264811,0.008019878,2.813831091,2.826604570,-0.012773479,nan,nan,nan,nan,nan,nan,nan,nan,0.065264710,nan,nan,0.002894220,0,0,0
160.200000000,pre,1,0,0.016000000,-0.246000000,-0.200000000,-1.991405412,-0.025841459,0.008174071,-2.008128639,0.005357979,-0.000840619,1.990304232,2.008135963,-0.017831732,nan,nan,nan,nan,nan,nan,nan,nan,0.127188260,nan,nan,0.000000000,0,0,0
160.200000000,pre,1,2,0.016000000,-0.246000000,-0.200000000,0.031722112,1.994729955,-0.035640281,-0.009684487,2.039396873,-0.014358156,2.105627537,2.039470410,0.066157127,nan,nan,nan,nan,nan,nan,nan,nan,1.750706180,nan,nan,0.000000000,0,0,0
160.200000000,pre,1,3,0.016000000,-0.246000000,-0.100000000,-2.004227921,2.002283420,-0.001648347,-2.015976158,2.054531007,0.005276071,2.861932278,2.878417163,-0.016484886,nan,nan,nan,nan,nan,nan,nan,nan,0.108700584,nan,nan,0.000000000,0,0,0
160.200000000,post,1,0,0.016000000,-0.246000000,-0.200000000,-1.991405412,-0.025841459,0.008174071,-1.973277788,0.051409798,-0.000840619,1.990304232,1.973947543,0.016356688,nan,nan,nan,nan,nan,nan,nan,nan,0.107016500,nan,nan,0.053365629,0,0,0
160.200000000,post,1,2,0.016000000,-0.246000000,-0.200000000,0.031722112,1.994729955,-0.035640281,0.025166364,2.085448692,-0.014358156,2.105627537,2.085649958,0.019977579,nan,nan,nan,nan,nan,nan,nan,nan,0.159641457,nan,nan,0.053365629,0,0,0
160.200000000,post,1,3,0.016000000,-0.246000000,-0.100000000,-2.004227921,2.002283420,-0.001648347,-1.981125308,2.100582825,0.005276071,2.861932278,2.887444117,-0.025511839,nan,nan,nan,nan,nan,nan,nan,nan,0.260341574,nan,nan,0.053365629,0,0,0
160.300000000,pre,1,0,-0.004000000,-0.046000000,-0.200000000,-1.992802404,-0.025068724,0.011161775,-2.002154237,0.067737776,0.016313032,1.984918594,2.003366195,-0.018447600,nan,nan,nan,nan,nan,nan,nan,nan,0.136125582,nan,nan,0.000000000,0,0,0
160.300000000,pre,1,2,-0.004000000,-0.046000000,-0.200000000,0.030968816,1.993333882,-0.033865557,0.028843553,2.053959991,-0.008625934,2.062683105,2.054180616,0.008502490,nan,nan,nan,nan,nan,nan,nan,nan,0.028916932,nan,nan,0.000000000,0,0,0
160.300000000,pre,1,3,-0.004000000,-0.046000000,-0.100000000,-2.005573301,2.001881902,-0.001114002,-1.993886109,2.097484937,0.022259871,2.839608908,2.894049132,-0.054440224,nan,nan,nan,nan,nan,nan,nan,nan,1.185495203,nan,nan,0.000000000,0,0,0
160.300000000,post,1,0,-0.004000000,-0.046000000,-0.200000000,-1.992802404,-0.025068724,0.011161775,-1.968128401,0.058529350,0.016313032,1.984918594,1.969066074,0.015852521,nan,nan,nan,nan,nan,nan,nan,nan,0.100520964,nan,nan,0.019880842,0,0,0
160.300000000,post,1,2,-0.004000000,-0.046000000,-0.200000000,0.030968816,1.993333882,-0.033865557,0.062869389,2.044751565,-0.008625934,2.062683105,2.045736036,0.016947070,nan,nan,nan,nan,nan,nan,nan,nan,0.114881268,nan,nan,0.019880842,0,0,0
160.300000000,post,1,3,-0.004000000,-0.046000000,-0.100000000,-2.005573301,2.001881902,-0.001114002,-1.959860273,2.088276511,0.022259871,2.839608908,2.863991372,-0.024382464,nan,nan,nan,nan,nan,nan,nan,nan,0.237801817,nan,nan,0.019880842,0,0,0
160.400000000,pre,1,0,0.016000000,-0.146000000,-0.200000000,-1.993852526,-0.024211229,0.013354847,-2.039831271,0.039454546,-0.002495757,2.026169062,2.040214328,-0.014045266,nan,nan,nan,nan,nan,nan,nan,nan,0.078907803,nan,nan,0.000000000,0,0,0
160.400000000,pre,1,2,0.016000000,-0.146000000,-0.200000000,0.030305369,1.992467808,-0.032909344,0.127819247,1.969794394,-0.001103053,1.992579699,1.973937418,0.018642280,nan,nan,nan,nan,nan,nan,nan,nan,0.139013847,nan,nan,0.000000000,0,0,0
160.400000000,pre,1,3,0.016000000,-0.146000000,-0.100000000,-2.006570826,2.001754565,-0.000937360,-1.940432658,2.069842686,0.011410100,2.809235334,2.837191893,-0.027956558,nan,nan,nan,nan,nan,nan,nan,nan,0.312627657,nan,nan,0.000000000,0,0,0
160.400000000,post,1,0,0.016000000,-0.146000000,-0.200000000,-1.993852526,-0.024211229,0.013354847,-2.015341659,0.045052751,-0.002495757,2.026169062,2.015846716,0.010322346,nan,nan,nan,nan,nan,nan,nan,nan,0.042620328,nan,nan,0.010097296,0,0,0
160.400000000,post,1,2,0.016000000,-0.146000000,-0.200000000,0.030305369,1.992467808,-0.032909344,0.152308858,1.975392599,-0.001103053,1.992579699,1.981255947,0.011323752,nan,nan,nan,nan,nan,nan,nan,nan,0.051290943,nan,nan,0.010097296,0,0,0
160.400000000,post,1,3,0.016000000,-0.146000000,-0.100000000,-2.006570826,2.001754565,-0.000937360,-1.915943047,2.075440891,0.011410100,2.809235334,2.824610210,-0.015374876,nan,nan,nan,nan,nan,nan,nan,nan,0.094554722,nan,nan,0.010097296,0,0,0
160.500000000,pre,1,0,-0.004000000,-0.146000000,-0.200000000,-1.995247303,-0.022810679,0.015983540,-2.053877694,0.035500957,0.007086808,1.998876214,2.054196710,-0.055320496,nan,nan,nan,nan,nan,nan,nan,nan,1.224142913,nan,nan,0.000000000,0,0,0
160.500000000,pre,1,2,-0.004000000,-0.146000000,-0.200000000,0.029339326,1.991507006,-0.032209964,0.140297349,1.948323485,0.000742994,1.983896971,1.953368450,0.030528521,nan,nan,nan,nan,nan,nan,nan,nan,0.372796226,nan,nan,0.000000000,0,0,0
160.500000000,pre,1,3,-0.004000000,-0.146000000,-0.100000000,-2.007849745,2.001748542,-0.001169902,-1.876398277,2.043535756,0.032278195,2.792966843,2.774518113,0.018448729,nan,nan,nan,nan,nan,nan,nan,nan,0.136142246,nan,nan,0.000000000,0,0,0
160.500000000,post,1,0,-0.004000000,-0.146000000,-0.200000000,-1.995247303,-0.022810679,0.015983540,-2.011984203,0.074061911,0.007086808,1.998876214,2.013359337,-0.014483123,nan,nan,nan,nan,nan,nan,nan,nan,0.083904343,nan,nan,0.051872189,0,0,0
160.500000000,post,1,2,-0.004000000,-0.146000000,-0.200000000,0.029339326,1.991507006,-0.032209964,0.182190841,1.986884439,0.000742994,1.983896971,1.995220246,-0.011323275,nan,nan,nan,nan,nan,nan,nan,nan,0.051286625,nan,nan,0.051872189,0,0,0
160.500000000,post,1,3,-0.004000000,-0.146000000,-0.100000000,-2.007849745,2.001748542,-0.001169902,-1.834504785,2.082096710,0.032278195,2.792966843,2.775171418,0.017795425,nan,nan,nan,nan,nan,nan,nan,nan,0.126670859,nan,nan,0.051872189,0,0,0
160.600000000,pre,1,0,0.016000000,-0.246000000,-0.200000000,-1.996210597,-0.021731812,0.017512257,-1.979201690,0.051721783,0.028888125,1.996834397,1.980088129,0.016746269,nan,nan,nan,nan,nan,nan,nan,nan,0.112175006,nan,nan,0.000000000,0,0,0
160.600000000,pre,1,2,0.016000000,-0.246000000,-0.200000000,0.028612991,1.990930713,-0.032041837,0.145775307,1.980264766,-0.004145326,1.963660955,1.985627399,-0.021966443,nan,nan,nan,nan,nan,nan,nan,nan,0.193009856,nan,nan,0.000000000,0,0,0
160.600000000,pre,1,3,0.016000000,-0.246000000,-0.100000000,-2.008674476,2.001794659,-0.001661170,-1.831537182,2.076625932,0.046270342,2.802249908,2.769304002,0.032945907,nan,nan,nan,nan,nan,nan,nan,nan,0.434173107,nan,nan,0.000000000,0,0,0
160.600000000,post,1,0,0.016000000,-0.246000000,-0.200000000,-1.996210597,-0.021731812,0.017512257,-2.008108095,0.045389262,0.028888125,1.996834397,2.008828721,-0.011994324,nan,nan,nan,nan,nan,nan,nan,nan,0.057545520,nan,nan,0.014010897,0,0,0
160.600000000,post,1,2,0.016000000,-0.246000000,-0.200000000,0.028612991,1.990930713,-0.032041837,0.116868902,1.973932245,-0.004145326,1.963660955,1.977393241,-0.013732286,nan,nan,nan,nan,nan,nan,nan,nan,0.075430272,nan,nan,0.014010897,0,0,0
160.600000000,post,1,3,0.016000000,-0.246000000,-0.100000000,-2.008674476,2.001794659,-0.001661170,-1.860443587,2.070293411,0.046270342,2.802249908,2.783793471,0.018456437,nan,nan,nan,nan,nan,nan,nan,nan,0.136256030,nan,nan,0.014010897,0,0,0
160.700000000,pre,1,0,-0.004000000,-0.144000000,-0.200000000,-1.997614396,-0.020070816,0.019367466,-1.991053243,0.027132449,0.040442023,2.039790154,1.991648750,0.048141404,nan,nan,nan,nan,nan,nan,nan,nan,0.927037908,nan,nan,0.000000000,0,0,0
160.700000000,pre,1,2,-0.004000000,-0.144000000,-0.200000000,0.027455679,1.990148059,-0.031959579,0.081517551,1.978809965,-0.018658431,1.989800453,1.980576211,0.009224242,nan,nan,nan,nan,nan,nan,nan,nan,0.034034659,nan,nan,0.000000000,0,0,0
160.700000000,pre,1,3,-0.004000000,-0.144000000,-0.100000000,-2.009798942,2.001878872,-0.002872123,-1.904060464,2.054345763,0.039325143,2.850301266,2.801308486,0.048992780,nan,nan,nan,nan,nan,nan,nan,nan,0.960116980,nan,nan,0.000000000,0,0,0
160.700000000,post,1,0,-0.004000000,-0.144000000,-0.200000000,-1.997614396,-0.020070816,0.019367466,-2.040559393,0.040911241,0.040442023,2.039790154,2.041370109,-0.001579956,nan,nan,nan,nan,nan,nan,nan,nan,0.000998504,nan,nan,0.042251425,0,0,0
160.700000000,post,1,2,-0.004000000,-0.144000000,-0.200000000,0.027455679,1.990148059,-0.031959579,0.032011400,1.992588757,-0.018658431,1.989800453,1.992933221,-0.003132768,nan,nan,nan,nan,nan,nan,nan,nan,0.003925693,nan,nan,0.042251425,0,0,0
160.700000000,post,1,3,-0.004000000,-0.144000000,-0.100000000,-2.009798942,2.001878872,-0.002872123,-1.953566615,2.068124555,0.039325143,2.850301266,2.845190356,0.005110910,nan,nan,nan,nan,nan,nan,nan,nan,0.010448559,nan,nan,0.042251425,0,0,0
160.800000000,pre,1,0,0.016000000,-0.244000000,-0.200000000,-1.999091879,-0.018266693,0.021098144,-2.040938043,0.032972834,0.019915245,1.991269469,2.041301526,-0.050032057,nan,nan,nan,nan,nan,nan,nan,nan,1.001282681,nan,nan,0.000000000,0,0,0
160.800000000,pre,1,2,0.016000000,-0.244000000,-0.200000000,0.026057609,1.989390793,-0.031935478,0.050295205,1.995438051,-0.027592364,1.999389648,1.996262498,0.003127151,nan,nan,nan,nan,nan,nan,nan,nan,0.003911628,nan,nan,0.000000000,0,0,0
160.800000000,pre,1,3,0.016000000,-0.244000000,-0.100000000,-2.010974624,2.001958807,-0.004604860,-1.973495765,2.065173716,0.025431431,2.775269747,2.856619465,-0.081349718,nan,nan,nan,nan,nan,nan,nan,nan,2.647110679,nan,nan,0.000000000,0,0,0
160.800000000,post,1,0,0.016000000,-0.244000000,-0.200000000,-1.999091879,-0.018266693,0.021098144,-1.975966463,0.016182245,0.019915245,1.991269469,1.976133079,0.015136390,nan,nan,nan,nan,nan,nan,nan,nan,0.091644123,nan,nan,0.072051681,0,0,0
160.800000000,post,1,2,0.016000000,-0.244000000,-0.200000000,0.026057609,1.989390793,-0.031935478,0.115266785,1.978647461,-0.027592364,1.999389648,1.982194124,0.017195524,nan,nan,nan,nan,nan,nan,nan,nan,0.118274419,nan,nan,0.072051681,0,0,0
160.800000000,post,1,3,0.016000000,-0.244000000,-0.100000000,-2.010974624,2.001958807,-0.004604860,-1.908524185,2.048383127,0.025431431,2.775269747,2.799818701,-0.024548954,nan,nan,nan,nan,nan,nan,nan,nan,0.241060459,nan,nan,0.072051681,0,0,0
160.900000000,pre,1,0,-0.004000000,-0.042000000,-0.200000000,-2.000125164,-0.016967119,0.022298518,-1.927088122,0.010559973,0.011348872,1.966969132,1.927150471,0.039818661,nan,nan,nan,nan,nan,nan,nan,nan,0.634210314,nan,nan,0.000000000,0,0,0
160.900000000,pre,1,2,-0.004000000,-0.042000000,-0.200000000,0.024950998,1.988917925,-0.032000534,0.162453119,1.931783482,-0.036191218,1.982392907,1.938939979,0.043452928,nan,nan,nan,nan,nan,nan,nan,nan,0.755262780,nan,nan,0.000000000,0,0,0
160.900000000,pre,1,3,-0.004000000,-0.042000000,-0.100000000,-2.011830340,2.001980458,-0.005854141,-1.887939504,2.025456719,0.025748165,2.762703419,2.769016696,-0.006313277,nan,nan,nan,nan,nan,nan,nan,nan,0.015942987,nan,nan,0.000000000,0,0,0
160.900000000,post,1,0,-0.004000000,-0.042000000,-0.200000000,-2.000125164,-0.016967119,0.022298518,-1.942465776,0.031353977,0.011348872,1.966969132,1.942751955,0.024217177,nan,nan,nan,nan,nan,nan,nan,nan,0.234588664,nan,nan,0.010701806,0,0,0
160.900000000,post,1,2,-0.004000000,-0.042000000,-0.200000000,0.024950998,1.988917925,-0.032000534,0.147075465,1.952577487,-0.036191218,1.982392907,1.958443218,0.023949689,nan,nan,nan,nan,nan,nan,nan,nan,0.229435044,nan,nan,0.010701806,0,0,0
160.900000000,post,1,3,-0.004000000,-0.042000000,-0.100000000,-2.011830340,2.001980458,-0.005854141,-1.903317159,2.046250723,0.025748165,2.762703419,2.794713080,-0.032009661,nan,nan,nan,nan,nan,nan,nan,nan,0.409847363,nan,nan,0.010701806,0,0,0
161.000000000,pre,1,0,0.016000000,-0.142000000,-0.200000000,-2.001519882,-0.015080081,0.023832098,-1.927263272,0.043805497,-0.002200985,1.972163796,1.927762300,0.044401496,nan,nan,nan,nan,nan,nan,nan,nan,0.788597148,nan,nan,0.000000000,0,0,0
161.000000000,pre,1,2,0.016000000,-0.142000000,-0.200000000,0.023292075,1.988372304,-0.032286802,0.156431352,1.968029577,-0.047352664,1.987237930,1.974804664,0.012433266,nan,nan,nan,nan,nan,nan,nan,nan,0.061834446,nan,nan,0.000000000,0,0,0
161.000000000,pre,1,3,0.016000000,-0.142000000,-0.100000000,-2.013062831,2.001953748,-0.007472596,-1.915347028,2.027031157,0.003471668,2.894974709,2.788802897,0.106171811,nan,nan,nan,nan,nan,nan,nan,nan,4.508981422,nan,nan,0.000000000,0,0,0
161.000000000,post,1,0,0.016000000,-0.142000000,-0.200000000,-2.001519882,-0.015080081,0.023832098,-1.992145114,0.082226723,-0.002200985,1.972163796,1.993842580,-0.021678784,nan,nan,nan,nan,nan,nan,nan,nan,0.187987863,nan,nan,0.090973504,0,0,0
161.000000000,post,1,2,0.016000000,-0.142000000,-0.200000000,0.023292075,1.988372304,-0.032286802,0.091549510,2.006450803,-0.047352664,1.987237930,2.009096417,-0.021858487,nan,nan,nan,nan,nan,nan,nan,nan,0.191117377,nan,nan,0.090973504,0,0,0
161.000000000,post,1,3,0.016000000,-0.142000000,-0.100000000,-2.013062831,2.001953748,-0.007472596,-1.980228869,2.065452382,0.003471668,2.894974709,2.861365403,0.033609305,nan,nan,nan,nan,nan,nan,nan,nan,0.451834157,nan,nan,0.090973504,0,0,0
161.100000000,pre,1,0,-0.004000000,-0.046000000,-0.200000000,-2.002804815,-0.013092916,0.024844170,-2.011709200,0.047555299,-0.020177300,1.970426559,2.012372365,-0.041945805,nan,nan,nan,nan,nan,nan,nan,nan,0.703780231,nan,nan,0.000000000,0,0,0
161.100000000,pre,1,2,-0.004000000,-0.046000000,-0.200000000,0.021624181,1.988017788,-0.032781977,0.070467790,2.049240541,-0.068901901,2.016551971,2.051609119,-0.035057147,nan,nan,nan,nan,nan,nan,nan,nan,0.491601428,nan,nan,0.000000000,0,0,0
161.100000000,pre,1,3,-0.004000000,-0.046000000,-0.100000000,-2.014287191,2.001887132,-0.008863905,-1.978046955,2.069539461,-0.009193951,2.903648376,2.862821661,0.040826715,nan,nan,nan,nan,nan,nan,nan,nan,0.666728266,nan,nan,0.000000000,0,0,0
161.100000000,post,1,0,-0.004000000,-0.046000000,-0.200000000,-2.002804815,-0.013092916,0.024844170,-2.004064438,0.045829514,-0.020177300,1.970426559,2.004689936,-0.034263376,nan,nan,nan,nan,nan,nan,nan,nan,0.469591578,nan,nan,0.000982732,0,0,0
161.100000000,post,1,2,-0.004000000,-0.046000000,-0.200000000,0.021624181,1.988017788,-0.032781977,0.078112552,2.047514756,-0.068901901,2.016551971,2.050162364,-0.033610392,nan,nan,nan,nan,nan,nan,nan,nan,0.451863383,nan,nan,0.000982732,0,0,0
161.100000000,post,1,3,-0.004000000,-0.046000000,-0.100000000,-2.014287191,2.001887132,-0.008863905,-1.970402193,2.067813676,-0.009193951,2.903648376,2.856295280,0.047353096,nan,nan,nan,nan,nan,nan,nan,nan,0.896926294,nan,nan,0.000982732,0,0,0
161.200000000,pre,1,0,0.016000000,-0.146000000,-0.200000000,-2.003605245,-0.011691636,0.025233265,-2.010206666,0.018366783,0.002231955,2.033345699,2.010291810,0.023053889,nan,nan,nan,nan,nan,nan,nan,nan,0.212592728,nan,nan,0.000000000,0,0,0
161.200000000,pre,1,2,0.016000000,-0.146000000,-0.200000000,0.020540095,1.987900315,-0.033087252,0.084007918,1.997386442,-0.052778886,2.080293179,1.999848879,0.080444299,nan,nan,nan,nan,nan,nan,nan,nan,2.588514112,nan,nan,0.000000000,0,0,0
161.200000000,pre,1,3,0.016000000,-0.146000000,-0.100000000,-2.015064828,2.001816055,-0.009581526,-1.952905870,2.065909528,-0.001061325,2.852730274,2.842855016,0.009875258,nan,nan,nan,nan,nan,nan,nan,nan,0.039008289,nan,nan,0.000000000,0,0,0
161.200000000,post,1,0,0.016000000,-0.146000000,-0.200000000,-2.003605245,-0.011691636,0.025233265,-2.009941840,0.074564042,0.002231955,2.033345699,2.011325677,0.022020023,nan,nan,nan,nan,nan,nan,nan,nan,0.193952562,nan,nan,0.050531234,0,0,0
161.200000000,post,1,2,0.016000000,-0.146000000,-0.200000000,0.020540095,1.987900315,-0.033087252,0.084272744,2.053583702,-0.052778886,2.080293179,2.055989671,0.024303508,nan,nan,nan,nan,nan,nan,nan,nan,0.236264200,nan,nan,0.050531234,0,0,0
161.200000000,post,1,3,0.016000000,-0.146000000,-0.100000000,-2.015064828,2.001816055,-0.009581526,-1.952641044,2.122106787,-0.001061325,2.852730274,2.883772770,-0.031042496,nan,nan,nan,nan,nan,nan,nan,nan,0.385454623,nan,nan,0.050531234,0,0,0
161.300000000,pre,1,0,-0.004000000,-0.246000000,-0.200000000,-2.004763312,-0.009476046,0.025548507,-1.986355900,0.074646341,0.001397617,2.022506952,1.987758484,0.034748468,nan,nan,nan,nan,nan,nan,nan,nan,0.482982423,nan,nan,0.000000000,0,0,0
161.300000000,pre,1,2,-0.004000000,-0.246000000,-0.200000000,0.018938284,1.987919359,-0.033278623,0.065655787,2.029327848,-0.058985784,2.073993206,2.031246297,0.042746909,nan,nan,nan,nan,nan,nan,nan,nan,0.730919287,nan,nan,0.000000000,0,0,0
161.300000000,pre,1,3,-0.004000000,-0.246000000,-0.100000000,-2.016121822,2.001642870,-0.010308557,-1.957962904,2.110884526,-0.012528750,2.819829464,2.879168141,-0.059338677,nan,nan,nan,nan,nan,nan,nan,nan,1.408431455,nan,nan,0.000000000,0,0,0
161.300000000,post,1,0,-0.004000000,-0.246000000,-0.200000000,-2.004763312,-0.009476046,0.025548507,-1.980991914,0.076655349,0.001397617,2.022506952,1.982474958,0.040031994,nan,nan,nan,nan,nan,nan,nan,nan,0.641024225,nan,nan,0.000524935,0,0,0
161.300000000,post,1,2,-0.004000000,-0.246000000,-0.200000000,0.018938284,1.987919359,-0.033278623,0.071019773,2.031336857,-0.058985784,2.073993206,2.033433686,0.040559520,nan,nan,nan,nan,nan,nan,nan,nan,0.658029861,nan,nan,0.000524935,0,0,0
161.300000000,post,1,3,-0.004000000,-0.246000000,-0.100000000,-2.016121822,2.001642870,-0.010308557,-1.952598918,2.112893535,-0.012528750,2.819829464,2.876998192,-0.057168728,nan,nan,nan,nan,nan,nan,nan,nan,1.307305372,nan,nan,0.000524935,0,0,0
161.400000000,pre,1,0,0.016000000,-0.240000000,-0.200000000,-2.005894230,-0.007296416,0.025609228,-1.994258372,0.067029682,0.006480126,1.988585711,1.995395055,-0.006809345,nan,nan,nan,nan,nan,nan,nan,nan,0.018546870,nan,nan,0.000000000,0,0,0
161.400000000,pre,1,2,0.016000000,-0.240000000,-0.200000000,0.017403817,1.988185934,-0.033137128,0.049761759,2.040565689,-0.054568361,2.021608114,2.041901631,-0.020293516,nan,nan,nan,nan,nan,nan,nan,nan,0.164730724,nan,nan,0.000000000,0,0,0
161.400000000,pre,1,3,0.016000000,-0.240000000,-0.100000000,-2.016978071,2.001404103,-0.010752778,-1.988230912,2.070774637,-0.015552587,2.828953266,2.870785893,-0.041832627,nan,nan,nan,nan,nan,nan,nan,nan,0.699987458,nan,nan,0.000000000,0,0,0
161.400000000,post,1,0,0.016000000,-0.240000000,-0.200000000,-2.005894230,-0.007296416,0.025609228,-1.980230854,0.039017210,0.006480126,1.988585711,1.980625803,0.007959908,nan,nan,nan,nan,nan,nan,nan,nan,0.025344052,nan,nan,0.015703517,0,0,0
161.400000000,post,1,2,0.016000000,-0.240000000,-0.200000000,0.017403817,1.988185934,-0.033137128,0.063789277,2.012553218,-0.054568361,2.021608114,2.014303163,0.007304951,nan,nan,nan,nan,nan,nan,nan,nan,0.021344926,nan,nan,0.015703517,0,0,0
161.400000000,post,1,3,0.016000000,-0.240000000,-0.100000000,-2.016978071,2.001404103,-0.010752778,-1.974203394,2.042762166,-0.015552587,2.828953266,2.840879827,-0.011926561,nan,nan,nan,nan,nan,nan,nan,nan,0.056897141,nan,nan,0.015703517,0,0,0
161.500000000,pre,1,0,-0.004000000,-0.340000000,-0.200000000,-2.006761389,-0.005734277,0.025538948,-2.008859320,0.025668119,0.005194274,2.040421724,2.009030015,0.031391709,nan,nan,nan,nan,nan,nan,nan,nan,0.394175769,nan,nan,0.000000000,0,0,0
161.500000000,pre,1,2,-0.004000000,-0.340000000,-0.200000000,0.016291459,1.988524407,-0.033025256,0.057437441,1.998130530,-0.050882589,1.963319778,1.999603388,-0.036283610,nan,nan,nan,nan,nan,nan,nan,nan,0.526600140,nan,nan,0.000000000,0,0,0
161.500000000,pre,1,3,-0.004000000,-0.340000000,-0.100000000,-2.017516827,2.001202813,-0.011045994,-1.985058833,2.038720547,-0.001857140,2.828243256,2.845495298,-0.017252042,nan,nan,nan,nan,nan,nan,nan,nan,0.119053185,nan,nan,0.000000000,0,0,0
161.500000000,post,1,0,-0.004000000,-0.340000000,-0.200000000,-2.006761389,-0.005734277,0.025538948,-2.034211969,-0.013596190,0.005194274,2.040421724,2.034264036,0.006157688,nan,nan,nan,nan,nan,nan,nan,nan,0.015166848,nan,nan,0.034951084,0,0,0
161.500000000,post,1,2,-0.004000000,-0.340000000,-0.200000000,0.016291459,1.988524407,-0.033025256,0.032084793,1.958866221,-0.050882589,1.963319778,1.959789617,0.003530161,nan,nan,nan,nan,nan,nan,nan,nan,0.004984816,nan,nan,0.034951084,0,0,0
161.500000000,post,1,3,-0.004000000,-0.340000000,-0.100000000,-2.017516827,2.001202813,-0.011045994,-2.010411482,1.999456238,-0.001857140,2.828243256,2.835415847,-0.007172591,nan,nan,nan,nan,nan,nan,nan,nan,0.020578426,nan,nan,0.034951084,0,0,0
161.600000000,pre,1,0,0.016000000,-0.146000000,-0.200000000,-2.007995888,-0.003731576,0.025367836,-2.013670978,-0.004882872,0.015421109,1.984536409,2.013735946,-0.029199536,nan,nan,nan,nan,nan,nan,nan,nan,0.341045172,nan,nan,0.000000000,0,0,0
161.600000000,pre,1,2,0.016000000,-0.146000000,-0.200000000,0.014817469,1.989120471,-0.032978435,0.017314053,1.898757536,-0.028135016,1.992364526,1.899044901,0.093319625,nan,nan,nan,nan,nan,nan,nan,nan,3.483420960,nan,nan,0.000000000,0,0,0
161.600000000,pre,1,3,0.016000000,-0.146000000,-0.100000000,-2.018160633,2.000926202,-0.011508597,-2.034292043,2.014096556,0.023948586,2.827432871,2.862778823,-0.035345952,nan,nan,nan,nan,nan,nan,nan,nan,0.499734523,nan,nan,0.000000000,0,0,0
161.600000000,post,1,0,0.016000000,-0.146000000,-0.200000000,-2.007995888,-0.003731576,0.025367836,-1.957312140,0.056619181,0.015421109,1.984536409,1.958191604,0.026344806,nan,nan,nan,nan,nan,nan,nan,nan,0.277619518,nan,nan,0.111341138,0,0,0
161.600000000,post,1,2,0.016000000,-0.146000000,-0.200000000,0.014817469,1.989120471,-0.032978435,0.073672891,1.960259589,-0.028135016,1.992364526,1.961845287,0.030519239,nan,nan,nan,nan,nan,nan,nan,nan,0.372569575,nan,nan,0.111341138,0,0,0
161.600000000,post,1,3,0.016000000,-0.146000000,-0.100000000,-2.018160633,2.000926202,-0.011508597,-1.977933205,2.075598609,0.023948586,2.827432871,2.867211692,-0.039778821,nan,nan,nan,nan,nan,nan,nan,nan,0.632941838,nan,nan,0.111341138,0,0,0
161.700000000,pre,1,0,-0.004000000,-0.246000000,-0.200000000,-2.008892790,-0.002403453,0.025170826,-1.949381755,0.043871216,0.022468176,1.992141724,1.950004802,0.042136921,nan,nan,nan,nan,nan,nan,nan,nan,0.710208052,nan,nan,0.000000000,0,0,0
161.700000000,pre,1,2,-0.004000000,-0.246000000,-0.200000000,0.013798721,1.989592044,-0.033024117,0.097586867,1.988680640,-0.021141885,2.049759626,1.991185794,0.058573833,nan,nan,nan,nan,nan,nan,nan,nan,1.372357551,nan,nan,0.000000000,0,0,0
161.700000000,pre,1,3,-0.004000000,-0.246000000,-0.100000000,-2.018547174,2.000729036,-0.011971845,-2.086472856,2.044331388,0.006610719,2.829041243,2.921079168,-0.092037925,nan,nan,nan,nan,nan,nan,nan,nan,3.388391862,nan,nan,0.000000000,0,0,0
161.700000000,post,1,0,-0.004000000,-0.246000000,-0.200000000,-2.008892790,-0.002403453,0.025170826,-1.931525475,0.045939755,0.022468176,1.992141724,1.932202355,0.059939368,nan,nan,nan,nan,nan,nan,nan,nan,1.437091150,nan,nan,0.005170009,0,0,0
161.700000000,post,1,2,-0.004000000,-0.246000000,-0.200000000,0.013798721,1.989592044,-0.033024117,0.115443147,1.990749179,-0.021141885,2.049759626,1.994205705,0.055553921,nan,nan,nan,nan,nan,nan,nan,nan,1.234495270,nan,nan,0.005170009,0,0,0
161.700000000,post,1,3,-0.004000000,-0.246000000,-0.100000000,-2.018547174,2.000729036,-0.011971845,-2.068616576,2.046399927,0.006610719,2.829041243,2.909805990,-0.080764748,nan,nan,nan,nan,nan,nan,nan,nan,2.609177796,nan,nan,0.005170009,0,0,0
161.800000000,pre,1,0,0.016000000,-0.046000000,-0.200000000,-2.010187260,-0.000630854,0.024663341,-2.014763621,0.058858275,0.000593746,2.037503719,2.015623253,0.021880467,nan,nan,nan,nan,nan,nan,nan,nan,0.191501926,nan,nan,0.000000000,0,0,0
161.800000000,pre,1,2,0.016000000,-0.046000000,-0.200000000,0.012364723,1.990263750,-0.033236959,0.011719724,2.047104032,-0.032782352,2.017465830,2.047400046,-0.029934217,nan,nan,nan,nan,nan,nan,nan,nan,0.358422930,nan,nan,0.000000000,0,0,0
161.800000000,pre,1,3,0.016000000,-0.046000000,-0.100000000,-2.018963030,2.000421776,-0.012892357,-2.015681464,2.054542620,-0.002683800,2.797354221,2.878215479,-0.080861258,nan,nan,nan,nan,nan,nan,nan,nan,2.615417188,nan,nan,0.000000000,0,0,0
161.800000000,post,1,0,0.016000000,-0.046000000,-0.200000000,-2.010187260,-0.000630854,0.024663341,-2.010109360,0.003914123,0.000593746,2.037503719,2.010113258,0.027390461,nan,nan,nan,nan,nan,nan,nan,nan,0.300094944,nan,nan,0.048648351,0,0,0
161.800000000,post,1,2,0.016000000,-0.046000000,-0.200000000,0.012364723,1.990263750,-0.033236959,0.016373986,1.992159880,-0.032782352,2.017465830,1.992496870,0.024968960,nan,nan,nan,nan,nan,nan,nan,nan,0.249379576,nan,nan,0.048648351,0,0,0
161.800000000,post,1,3,0.016000000,-0.046000000,-0.100000000,-2.018963030,2.000421776,-0.012892357,-2.011027203,1.999598468,-0.002683800,2.797354221,2.835953393,-0.038599172,nan,nan,nan,nan,nan,nan,nan,nan,0.595958422,nan,nan,0.048648351,0,0,0
161.900000000,pre,1,0,-0.004000000,-0.146000000,-0.200000000,-2.011414041,0.000936037,0.024222069,-2.061494980,0.013059894,0.001942358,2.043586731,2.061537262,-0.017950531,nan,nan,nan,nan,nan,nan,nan,nan,0.128888632,nan,nan,0.000000000,0,0,0
161.900000000,pre,1,2,-0.004000000,-0.146000000,-0.200000000,0.011029111,1.990847646,-0.033431977,-0.011070495,1.962024087,-0.027856557,2.024816036,1.962253057,0.062562979,nan,nan,nan,nan,nan,nan,nan,nan,1.565650547,nan,nan,0.000000000,0,0,0
161.900000000,pre,1,3,-0.004000000,-0.146000000,-0.100000000,-2.019176524,2.000092184,-0.013587782,-1.970186364,2.008970750,-0.011715650,2.825566530,2.813847018,0.011719513,nan,nan,nan,nan,nan,nan,nan,nan,0.054938791,nan,nan,0.000000000,0,0,0
161.900000000,post,1,0,-0.004000000,-0.146000000,-0.200000000,-2.011414041,0.000936037,0.024222069,-2.036756829,0.066591243,0.001942358,2.043586731,2.037846056,0.005740675,nan,nan,nan,nan,nan,nan,nan,nan,0.013182141,nan,nan,0.055641303,0,0,0
161.900000000,post,1,2,-0.004000000,-0.146000000,-0.200000000,0.011029111,1.990847646,-0.033431977,0.013667655,2.015555436,-0.027856557,2.024816036,2.015794262,0.009021774,nan,nan,nan,nan,nan,nan,nan,nan,0.032556963,nan,nan,0.055641303,0,0,0
161.900000000,post,1,3,-0.004000000,-0.146000000,-0.100000000,-2.019176524,2.000092184,-0.013587782,-1.945448213,2.062502099,-0.011715650,2.825566530,2.835281453,-0.009714922,nan,nan,nan,nan,nan,nan,nan,nan,0.037751887,nan,nan,0.055641303,0,0,0
162.000000000,pre,1,0,0.016000000,-0.044000000,-0.200000000,-2.012238852,0.001933789,0.023979139,-2.077729067,0.077843064,-0.005984518,2.068812132,2.079195382,-0.010383250,nan,nan,nan,nan,nan,nan,nan,nan,0.043124750,nan,nan,0.000000000,0,0,0
162.000000000,pre,1,2,0.016000000,-0.044000000,-0.200000000,0.010142148,1.991194352,-0.033560583,0.078082795,1.991153227,-0.037464958,2.006973028,1.993035805,0.013937223,nan,nan,nan,nan,nan,nan,nan,nan,0.077698476,nan,nan,0.000000000,0,0,0
162.000000000,pre,1,3,0.016000000,-0.044000000,-0.100000000,-2.019221396,1.999835160,-0.013789594,-1.969451379,2.077158320,-0.015491573,2.883323193,2.862440464,0.020882729,nan,nan,nan,nan,nan,nan,nan,nan,0.174435341,nan,nan,0.000000000,0,0,0
162.000000000,post,1,0,0.016000000,-0.044000000,-0.200000000,-2.012238852,0.001933789,0.023979139,-2.073449496,0.097477277,-0.005984518,2.068812132,2.075748165,-0.006936033,nan,nan,nan,nan,nan,nan,nan,nan,0.019243423,nan,nan,0.006461073,0,0,0
162.000000000,post,1,2,0.016000000,-0.044000000,-0.200000000,0.010142148,1.991194352,-0.033560583,0.082362367,2.010787440,-0.037464958,2.006973028,2.012822226,-0.005849197,nan,nan,nan,nan,nan,nan,nan,nan,0.013685245,nan,nan,0.006461073,0,0,0
162.000000000,post,1,3,0.016000000,-0.044000000,-0.100000000,-2.019221396,1.999835160,-0.013789594,-1.965171808,2.096792533,-0.015491573,2.883323193,2.873791772,0.009531421,nan,nan,nan,nan,nan,nan,nan,nan,0.036339193,nan,nan,0.006461073,0,0,0
162.100000000,pre,1,0,-0.004000000,-0.144000000,-0.200000000,-2.013400481,0.003268890,0.023538576,-2.000180208,0.100062634,0.009794752,2.073352337,2.002705503,0.070646834,nan,nan,nan,nan,nan,nan,nan,nan,1.996390041,nan,nan,0.000000000,0,0,0
162.100000000,pre,1,2,-0.004000000,-0.144000000,-0.200000000,0.008913783,1.991611867,-0.033718771,0.096981124,1.980799912,-0.033381572,1.980861664,1.983453543,-0.002591880,nan,nan,nan,nan,nan,nan,nan,nan,0.002687136,nan,nan,0.000000000,0,0,0
162.100000000,pre,1,3,-0.004000000,-0.144000000,-0.100000000,-2.019164354,1.999382050,-0.013795440,-1.944638427,2.113907043,-0.007649092,2.889245510,2.872330083,0.016915427,nan,nan,nan,nan,nan,nan,nan,nan,0.114452667,nan,nan,0.000000000,0,0,0
162.100000000,post,1,0,-0.004000000,-0.144000000,-0.200000000,-2.013400481,0.003268890,0.023538576,-2.058404268,0.089477196,0.009794752,2.073352337,2.060371383,0.012980954,nan,nan,nan,nan,nan,nan,nan,nan,0.067402069,nan,nan,0.056033482,0,0,0
162.100000000,post,1,2,-0.004000000,-0.144000000,-0.200000000,0.008913783,1.991611867,-0.033718771,0.038757064,1.970214473,-0.033381572,1.980861664,1.970878360,0.009983304,nan,nan,nan,nan,nan,nan,nan,nan,0.039866540,nan,nan,0.056033482,0,0,0
162.100000000,post,1,3,-0.004000000,-0.144000000,-0.100000000,-2.019164354,1.999382050,-0.013795440,-2.002862486,2.103321605,-0.007649092,2.889245510,2.904389509,-0.015143999,nan,nan,nan,nan,nan,nan,nan,nan,0.091736282,nan,nan,0.056033482,0,0,0
162.200000000,pre,1,0,0.016000000,-0.244000000,-0.200000000,-2.014474770,0.004473544,0.023012860,-2.045696559,0.052800612,0.010718714,2.045057297,2.046405924,-0.001348627,nan,nan,nan,nan,nan,nan,nan,nan,0.000430484,nan,nan,0.000000000,0,0,0
162.200000000,pre,1,2,0.016000000,-0.244000000,-0.200000000,0.007788842,1.991926873,-0.033825046,0.033647684,1.980481209,-0.040969079,1.977442503,1.981190665,-0.003748162,nan,nan,nan,nan,nan,nan,nan,nan,0.003325141,nan,nan,0.000000000,0,0,0
162.200000000,pre,1,3,0.016000000,-0.244000000,-0.100000000,-2.019001966,1.998806180,-0.013654402,-1.966196117,2.049681055,0.002215452,2.896868229,2.840268386,0.056599843,nan,nan,nan,nan,nan,nan,nan,nan,0.758234835,nan,nan,0.000000000,0,0,0
162.200000000,post,1,0,0.016000000,-0.244000000,-0.200000000,-2.014474770,0.004473544,0.023012860,-2.064397290,0.069978196,0.010718714,2.045057297,2.065610808,-0.020553511,nan,nan,nan,nan,nan,nan,nan,nan,0.099987413,nan,nan,0.010316587,0,0,0
162.200000000,post,1,2,0.016000000,-0.244000000,-0.200000000,0.007788842,1.991926873,-0.033825046,0.014946953,1.997658793,-0.040969079,1.977442503,1.998134762,-0.020692259,nan,nan,nan,nan,nan,nan,nan,nan,0.101341917,nan,nan,0.010316587,0,0,0
162.200000000,post,1,3,0.016000000,-0.244000000,-0.100000000,-2.019001966,1.998806180,-0.013654402,-1.984896848,2.066858639,0.002215452,2.896868229,2.865610762,0.031257467,nan,nan,nan,nan,nan,nan,nan,nan,0.231249528,nan,nan,0.010316587,0,0,0
162.300000000,pre,1,0,-0.004000000,-0.146000000,-0.200000000,-2.015177579,0.005257048,0.022677901,-2.055424614,0.061310272,0.031192777,2.020580769,2.056575378,-0.035994609,nan,nan,nan,nan,nan,nan,nan,nan,0.306653700,nan,nan,0.000000000,0,0,0
162.300000000,pre,1,2,-0.004000000,-0.146000000,-0.200000000,0.007048609,1.992108493,-0.033798259,0.005082423,2.003366005,-0.040940690,1.944976449,2.003790737,-0.058814288,nan,nan,nan,nan,nan,nan,nan,nan,0.818726752,nan,nan,0.000000000,0,0,0
162.300000000,pre,1,3,-0.004000000,-0.146000000,-0.100000000,-2.018836934,1.998324977,-0.013367160,-1.963884274,2.025518121,0.004303515,2.907351971,2.821273404,0.086078567,nan,nan,nan,nan,nan,nan,nan,nan,1.753732479,nan,nan,0.000000000,0,0,0
162.300000000,post,1,0,-0.004000000,-0.146000000,-0.200000000,-2.015177579,0.005257048,0.022677901,-2.072394405,0.056710239,0.031192777,2.020580769,2.073404835,-0.052824066,nan,nan,nan,nan,nan,nan,nan,nan,0.660445442,nan,nan,0.004946146,0,0,0
162.300000000,post,1,2,-0.004000000,-0.146000000,-0.200000000,0.007048609,1.992108493,-0.033798259,-0.011887368,1.998765971,-0.040940690,1.944976449,1.999220563,-0.054244114,nan,nan,nan,nan,nan,nan,nan,nan,0.696431682,nan,nan,0.004946146,0,0,0
162.300000000,post,1,3,-0.004000000,-0.146000000,-0.100000000,-2.018836934,1.998324977,-0.013367160,-1.980854064,2.020918087,0.004303515,2.907351971,2.829825305,0.077526665,nan,nan,nan,nan,nan,nan,nan,nan,1.422576052,nan,nan,0.004946146,0,0,0
162.400000000,pre,1,0,0.016000000,-0.246000000,-0.200000000,-2.016090327,0.006277300,0.022416839,-2.064870735,0.023223301,0.033515174,2.070293903,2.065273285,0.005020619,nan,nan,nan,nan,nan,nan,nan,nan,0.005966062,nan,nan,0.000000000,0,0,0
162.400000000,pre,1,2,0.016000000,-0.246000000,-0.200000000,0.006048260,1.992362460,-0.033550528,-0.008316081,2.002345058,-0.030135211,1.921267152,2.002589079,-0.081321928,nan,nan,nan,nan,nan,nan,nan,nan,1.565267671,nan,nan,0.000000000,0,0,0
162.400000000,pre,1,3,0.016000000,-0.246000000,-0.100000000,-2.018518096,1.997530186,-0.012609199,-2.030050846,2.017130280,0.008850227,2.812495470,2.861817487,-0.049322017,nan,nan,nan,nan,nan,nan,nan,nan,0.575777846,nan,nan,0.000000000,0,0,0
162.400000000,post,1,0,0.016000000,-0.246000000,-0.200000000,-2.016090327,0.006277300,0.022416839,-2.069334805,-0.052694169,0.033515174,2.070293903,2.070276908,0.000016995,nan,nan,nan,nan,nan,nan,nan,nan,0.000000068,nan,nan,0.092534244,0,0,0
162.400000000,post,1,2,0.016000000,-0.246000000,-0.200000000,0.006048260,1.992362460,-0.033550528,-0.012780151,1.926427588,-0.030135211,1.921267152,1.926705664,-0.005438512,nan,nan,nan,nan,nan,nan,nan,nan,0.007000571,nan,nan,0.092534244,0,0,0
162.400000000,post,1,3,0.016000000,-0.246000000,-0.100000000,-2.018518096,1.997530186,-0.012609199,-2.034514916,1.941212810,0.008850227,2.812495470,2.812051999,0.000443471,nan,nan,nan,nan,nan,nan,nan,nan,0.000046548,nan,nan,0.092534244,0,0,0
162.500000000,pre,1,0,-0.004000000,-0.244000000,-0.200000000,-2.016839987,0.007109846,0.022115267,-2.047552656,-0.027789062,0.033838680,2.055607080,2.048020793,0.007586287,nan,nan,nan,nan,nan,nan,nan,nan,0.013621718,nan,nan,0.000000000,0,0,0
162.500000000,pre,1,2,-0.004000000,-0.244000000,-0.200000000,0.005115775,1.992644438,-0.033305039,-0.065066335,1.924498633,-0.024395591,1.967200637,1.925752778,0.041447859,nan,nan,nan,nan,nan,nan,nan,nan,0.406609464,nan,nan,0.000000000,0,0,0
162.500000000,pre,1,3,-0.004000000,-0.244000000,-0.100000000,-2.018126246,1.996657274,-0.011713471,-2.010096874,1.957822242,0.021605102,2.782106638,2.806069164,-0.023962526,nan,nan,nan,nan,nan,nan,nan,nan,0.135905951,nan,nan,0.000000000,0,0,0
162.500000000,post,1,0,-0.004000000,-0.244000000,-0.200000000,-2.016839987,0.007109846,0.022115267,-2.035810855,-0.008069655,0.033838680,2.055607080,2.036108056,0.019499025,nan,nan,nan,nan,nan,nan,nan,nan,0.089990997,nan,nan,0.008427598,0,0,0
162.500000000,post,1,2,-0.004000000,-0.244000000,-0.200000000,0.005115775,1.992644438,-0.033305039,-0.053324534,1.944218040,-0.024395591,1.967200637,1.945102167,0.022098470,nan,nan,nan,nan,nan,nan,nan,nan,0.115583995,nan,nan,0.008427598,0,0,0
162.500000000,post,1,3,-0.004000000,-0.244000000,-0.100000000,-2.018126246,1.996657274,-0.011713471,-1.998355073,1.977541648,0.021605102,2.782106638,2.811505068,-0.029398430,nan,nan,nan,nan,nan,nan,nan,nan,0.204560404,nan,nan,0.008427598,0,0,0
162.600000000,pre,1,0,0.016000000,-0.344000000,-0.200000000,-2.017273497,0.007593607,0.021683476,-2.014146664,0.043267390,0.032131805,1.998968124,2.014867564,-0.015899440,nan,nan,nan,nan,nan,nan,nan,nan,0.059832472,nan,nan,0.000000000,0,0,0
162.600000000,pre,1,2,0.016000000,-0.344000000,-0.200000000,0.004481758,1.992876322,-0.032783749,0.015674580,1.972078635,-0.003729141,2.000315905,1.972144453,0.028171452,nan,nan,nan,nan,nan,nan,nan,nan,0.187841588,nan,nan,0.000000000,0,0,0
162.600000000,pre,1,3,0.016000000,-0.344000000,-0.100000000,-2.017838555,1.996034056,-0.011022109,-2.033933278,1.989858176,0.018552748,2.864792585,2.845481391,0.019311194,nan,nan,nan,nan,nan,nan,nan,nan,0.088265617,nan,nan,0.000000000,0,0,0
162.600000000,post,1,0,0.016000000,-0.344000000,-0.200000000,-2.017273497,0.007593607,0.021683476,-2.002605866,0.073504800,0.032131805,1.998968124,2.004211981,-0.005243856,nan,nan,nan,nan,nan,nan,nan,nan,0.006508409,nan,nan,0.016759855,0,0,0
162.600000000,post,1,2,0.016000000,-0.344000000,-0.200000000,0.004481758,1.992876322,-0.032783749,0.027215377,2.002316045,-0.003729141,2.000315905,2.002504463,-0.002188559,nan,nan,nan,nan,nan,nan,nan,nan,0.001133678,nan,nan,0.016759855,0,0,0
162.600000000,post,1,3,0.016000000,-0.344000000,-0.100000000,-2.017838555,1.996034056,-0.011022109,-2.022392481,2.020095586,0.018552748,2.864792585,2.858531393,0.006261192,nan,nan,nan,nan,nan,nan,nan,nan,0.009278704,nan,nan,0.016759855,0,0,0
162.700000000,pre,1,0,-0.004000000,-0.046000000,-0.200000000,-2.017897212,0.008096384,0.020557620,-1.991471424,0.044995823,0.001241994,1.989809275,1.991980070,-0.002170796,nan,nan,nan,nan,nan,nan,nan,nan,0.001115350,nan,nan,0.000000000,0,0,0
162.700000000,pre,1,2,-0.004000000,-0.046000000,-0.200000000,0.003640157,1.993419582,-0.031224149,0.069480785,2.029189418,-0.005733839,2.023906708,2.030386700,-0.006479992,nan,nan,nan,nan,nan,nan,nan,nan,0.009938533,nan,nan,0.000000000,0,0,0
162.700000000,pre,1,3,-0.004000000,-0.046000000,-0.100000000,-2.017651152,1.995426332,-0.009897307,-2.031087571,2.060377888,0.014326059,2.852263212,2.893212574,-0.040949362,nan,nan,nan,nan,nan,nan,nan,nan,0.396887626,nan,nan,0.000000000,0,0,0
162.700000000,post,1,0,-0.004000000,-0.046000000,-0.200000000,-2.017897212,0.008096384,0.020557620,-1.977459025,0.026570994,0.001241994,1.989809275,1.977637923,0.012171352,nan,nan,nan,nan,nan,nan,nan,nan,0.035063147,nan,nan,0.008573147,0,0,0
162.700000000,post,1,2,-0.004000000,-0.046000000,-0.200000000,0.003640157,1.993419582,-0.031224149,0.083493185,2.010764589,-0.005733839,2.023906708,2.012505459,0.011401249,nan,nan,nan,nan,nan,nan,nan,nan,0.030766502,nan,nan,0.008573147,0,0,0
162.700000000,post,1,3,-0.004000000,-0.046000000,-0.100000000,-2.017651152,1.995426332,-0.009897307,-2.017075172,2.041953059,0.014326059,2.852263212,2.870256047,-0.017992835,nan,nan,nan,nan,nan,nan,nan,nan,0.076625353,nan,nan,0.008573147,0,0,0
162.800000000,pre,1,0,0.016000000,-0.146000000,-0.200000000,-2.019162706,0.008312782,0.018860100,-1.993865327,0.030841479,-0.008307484,2.037543297,1.994121148,0.043422148,nan,nan,nan,nan,nan,nan,nan,nan,0.446268158,nan,nan,0.000000000,0,0,0
162.800000000,pre,1,2,0.016000000,-0.146000000,-0.200000000,0.002879962,1.994849047,-0.029353696,0.016909969,1.988589696,-0.001563718,2.028630733,1.988662206,0.039968528,nan,nan,nan,nan,nan,nan,nan,nan,0.378102531,nan,nan,0.000000000,0,0,0
162.800000000,pre,1,3,0.016000000,-0.146000000,-0.100000000,-2.018378775,1.995837993,-0.008805078,-1.972950758,2.052975699,0.024621988,2.838523388,2.847428693,-0.008905305,nan,nan,nan,nan,nan,nan,nan,nan,0.018770284,nan,nan,0.000000000,0,0,0
162.800000000,post,1,0,0.016000000,-0.146000000,-0.200000000,-2.019162706,0.008312782,0.018860100,-2.012696332,0.046459932,-0.008307484,2.037543297,2.013249628,0.024293669,nan,nan,nan,nan,nan,nan,nan,nan,0.139688133,nan,nan,0.009576685,0,0,0
162.800000000,post,1,2,0.016000000,-0.146000000,-0.200000000,0.002879962,1.994849047,-0.029353696,-0.001921036,2.004208149,-0.001563718,2.028630733,2.004209680,0.024421054,nan,nan,nan,nan,nan,nan,nan,nan,0.141156892,nan,nan,0.009576685,0,0,0
162.800000000,post,1,3,0.016000000,-0.146000000,-0.100000000,-2.018378775,1.995837993,-0.008805078,-1.991781763,2.068594153,0.024621988,2.838523388,2.871738603,-0.033215215,nan,nan,nan,nan,nan,nan,nan,nan,0.261124374,nan,nan,0.009576685,0,0,0
162.900000000,pre,1,0,-0.004000000,-0.246000000,-0.200000000,-2.021348637,0.008262264,0.017209098,-2.028769568,0.035150255,-0.005830544,2.061275482,2.029082427,0.032193055,nan,nan,nan,nan,nan,nan,nan,nan,0.245300071,nan,nan,0.000000000,0,0,0
162.900000000,pre,1,2,-0.004000000,-0.246000000,-0.200000000,0.002332060,1.997317709,-0.027805669,0.024466913,1.936823188,-0.014546519,1.980514169,1.937032342,0.043481827,nan,nan,nan,nan,nan,nan,nan,nan,0.447495679,nan,nan,0.000000000,0,0,0
162.900000000,pre,1,3,-0.004000000,-0.246000000,-0.100000000,-2.020305506,1.997583286,-0.008029977,-1.971127899,2.046606178,0.015109662,2.894333363,2.841508463,0.052824899,nan,nan,nan,nan,nan,nan,nan,nan,0.660466271,nan,nan,0.000000000,0,0,0
162.900000000,post,1,0,-0.004000000,-0.246000000,-0.200000000,-2.021348637,0.008262264,0.017209098,-2.058923207,0.077158594,-0.005830544,2.061275482,2.060376717,0.000898765,nan,nan,nan,nan,nan,nan,nan,nan,0.000191190,nan,nan,0.042783079,0,0,0
162.900000000,post,1,2,-0.004000000,-0.246000000,-0.200000000,0.002332060,1.997317709,-0.027805669,-0.005686726,1.978831527,-0.014546519,1.980514169,1.978893164,0.001621005,nan,nan,nan,nan,nan,nan,nan,nan,0.000621931,nan,nan,0.042783079,0,0,0
162.900000000,post,1,3,-0.004000000,-0.246000000,-0.100000000,-2.020305506,1.997583286,-0.008029977,-2.001281538,2.088614517,0.015109662,2.894333363,2.892691947,0.001641416,nan,nan,nan,nan,nan,nan,nan,nan,0.000637692,nan,nan,0.042783079,0,0,0
163.000000000,pre,1,0,0.016000000,-0.146000000,-0.200000000,-2.025525047,0.008007706,0.015240315,-2.067387799,0.080838164,-0.004433489,2.056936026,2.068972396,-0.012036370,nan,nan,nan,nan,nan,nan,nan,nan,0.034289753,nan,nan,0.000000000,0,0,0
163.000000000,pre,1,2,0.016000000,-0.146000000,-0.200000000,0.001799857,2.001912469,-0.026194154,-0.003576016,1.984845608,0.003673011,2.018186092,1.984852228,0.033333865,nan,nan,nan,nan,nan,nan,nan,nan,0.262993263,nan,nan,0.000000000,0,0,0
163.000000000,pre,1,3,0.016000000,-0.146000000,-0.100000000,-2.024347317,2.001480844,-0.007253141,-1.990387120,2.028164866,0.038468334,2.904379606,2.841931284,0.062448322,nan,nan,nan,nan,nan,nan,nan,nan,0.923027924,nan,nan,0.000000000,0,0,0
163.000000000,post,1,0,0.016000000,-0.146000000,-0.200000000,-2.025525047,0.008007706,0.015240315,-2.070671779,0.128544222,-0.004433489,2.056936026,2.074662596,-0.017726571,nan,nan,nan,nan,nan,nan,nan,nan,0.074374275,nan,nan,0.036586441,0,0,0
163.000000000,post,1,2,0.016000000,-0.146000000,-0.200000000,0.001799857,2.001912469,-0.026194154,-0.006859996,2.032551666,0.003673011,2.018186092,2.032566562,-0.014380469,nan,nan,nan,nan,nan,nan,nan,nan,0.048946247,nan,nan,0.036586441,0,0,0
163.000000000,post,1,3,0.016000000,-0.146000000,-0.100000000,-2.024347317,2.001480844,-0.007253141,-1.993671100,2.075870924,0.038468334,2.904379606,2.878444782,0.025934824,nan,nan,nan,nan,nan,nan,nan,nan,0.159198843,nan,nan,0.036586441,0,0,0
163.100000000,pre,1,0,-0.004000000,-0.246000000,-0.200000000,-2.033306152,0.007509013,0.012862552,-2.065307783,0.054834945,0.009806789,2.046671391,2.066058877,-0.019387486,nan,nan,nan,nan,nan,nan,nan,nan,0.088964409,nan,nan,0.000000000,0,0,0
163.100000000,pre,1,2,-0.004000000,-0.246000000,-0.200000000,0.001210654,2.010313144,-0.024374048,0.023523463,2.035406291,0.010233508,2.031507730,2.035567942,-0.004060211,nan,nan,nan,nan,nan,nan,nan,nan,0.003901850,nan,nan,0.000000000,0,0,0
163.100000000,pre,1,3,-0.004000000,-0.246000000,-0.100000000,-2.032157118,2.009127034,-0.006299262,-1.992822817,2.063228089,0.039956023,2.849241972,2.868771411,-0.019529439,nan,nan,nan,nan,nan,nan,nan,nan,0.090271952,nan,nan,0.000000000,0,0,0
163.100000000,post,1,0,-0.004000000,-0.246000000,-0.200000000,-2.033306152,0.007509013,0.012862552,-2.045892183,0.049321179,0.009806789,2.046671391,2.046510097,0.000161294,nan,nan,nan,nan,nan,nan,nan,nan,0.000006158,nan,nan,0.006517874,0,0,0
163.100000000,post,1,2,-0.004000000,-0.246000000,-0.200000000,0.001210654,2.010313144,-0.024374048,0.042939063,2.029892525,0.010233508,2.031507730,2.030372417,0.001135313,nan,nan,nan,nan,nan,nan,nan,nan,0.000305074,nan,nan,0.006517874,0,0,0
163.100000000,post,1,3,-0.004000000,-0.246000000,-0.100000000,-2.032157118,2.009127034,-0.006299262,-1.973407217,2.057714323,0.039956023,2.849241972,2.851336663,-0.002094691,nan,nan,nan,nan,nan,nan,nan,nan,0.001038516,nan,nan,0.006517874,0,0,0
163.200000000,pre,1,0,0.016000000,-0.346000000,-0.200000000,-2.040662033,0.007060987,0.011247831,-2.025074689,0.026956481,0.011495872,1.987735152,2.025286721,-0.037551569,nan,nan,nan,nan,nan,nan,nan,nan,0.333756291,nan,nan,0.000000000,0,0,0
163.200000000,pre,1,2,0.016000000,-0.346000000,-0.200000000,0.000795151,2.018153477,-0.023190721,0.105653820,1.989422327,0.004041202,2.026982546,1.992229971,0.034752575,nan,nan,nan,nan,nan,nan,nan,nan,0.285855972,nan,nan,0.000000000,0,0,0
163.200000000,pre,1,3,0.016000000,-0.346000000,-0.100000000,-2.039644727,2.016454240,-0.005667636,-1.979896302,2.062588322,0.024528100,2.812688589,2.859171485,-0.046482896,nan,nan,nan,nan,nan,nan,nan,nan,0.511398728,nan,nan,0.000000000,0,0,0
163.200000000,post,1,0,0.016000000,-0.346000000,-0.200000000,-2.040662033,0.007060987,0.011247831,-1.974301697,0.041430068,0.011495872,1.987735152,1.974769809,0.012965343,nan,nan,nan,nan,nan,nan,nan,nan,0.039787012,nan,nan,0.044598102,0,0,0
163.200000000,post,1,2,0.016000000,-0.346000000,-0.200000000,0.000795151,2.018153477,-0.023190721,0.156426811,2.003895915,0.004041202,2.026982546,2.009996148,0.016986398,nan,nan,nan,nan,nan,nan,nan,nan,0.068292950,nan,nan,0.044598102,0,0,0
163.200000000,post,1,3,0.016000000,-0.346000000,-0.100000000,-2.039644727,2.016454240,-0.005667636,-1.929123311,2.077061910,0.024528100,2.812688589,2.834837659,-0.022149070,nan,nan,nan,nan,nan,nan,nan,nan,0.116113915,nan,nan,0.044598102,0,0,0
163.300000000,pre,1,0,-0.004000000,-0.146000000,-0.200000000,-2.054055252,0.006302829,0.009111674,-1.984629030,0.045555852,0.012102407,1.994709611,1.985188704,0.009520907,nan,nan,nan,nan,nan,nan,nan,nan,0.021455069,nan,nan,0.000000000,0,0,0
163.300000000,pre,1,2,-0.004000000,-0.146000000,-0.200000000,0.000162098,2.032262970,-0.021677487,0.151788072,2.011619591,0.011678755,2.064534664,2.017371902,0.047162762,nan,nan,nan,nan,nan,nan,nan,nan,0.526467721,nan,nan,0.000000000,0,0,0
163.300000000,pre,1,3,-0.004000000,-0.146000000,-0.100000000,-2.053397058,2.029842160,-0.004795707,-1.894643594,2.056345951,0.031480160,2.847694635,2.796287542,0.051407093,nan,nan,nan,nan,nan,nan,nan,nan,0.625488570,nan,nan,0.000000000,0,0,0
163.300000000,post,1,0,-0.004000000,-0.146000000,-0.200000000,-2.054055252,0.006302829,0.009111674,-1.996319843,0.095221614,0.012102407,1.994709611,1.998626163,-0.003916552,nan,nan,nan,nan,nan,nan,nan,nan,0.003630622,nan,nan,0.041653809,0,0,0
163.300000000,post,1,2,-0.004000000,-0.146000000,-0.200000000,0.000162098,2.032262970,-0.021677487,0.140097259,2.061285354,0.011678755,2.064534664,2.066073799,-0.001539135,nan,nan,nan,nan,nan,nan,nan,nan,0.000560695,nan,nan,0.041653809,0,0,0
163.300000000,post,1,3,-0.004000000,-0.146000000,-0.100000000,-2.053397058,2.029842160,-0.004795707,-1.906334407,2.106011714,0.031480160,2.847694635,2.840842694,0.006851942,nan,nan,nan,nan,nan,nan,nan,nan,0.011112214,nan,nan,0.041653809,0,0,0
163.400000000,pre,1,0,0.016000000,-0.246000000,-0.200000000,-2.071840374,0.005383366,0.007162734,-2.065693854,0.092580345,0.005795195,2.031039238,2.067775569,-0.036736331,nan,nan,nan,nan,nan,nan,nan,nan,0.319422010,nan,nan,0.000000000,0,0,0
163.400000000,pre,1,2,0.016000000,-0.246000000,-0.200000000,-0.000542161,2.050822663,-0.020192556,0.137296321,2.046477288,0.000559801,2.089603901,2.051077737,0.038526164,nan,nan,nan,nan,nan,nan,nan,nan,0.351305393,nan,nan,0.000000000,0,0,0
163.400000000,pre,1,3,0.016000000,-0.246000000,-0.100000000,-2.071795919,2.047641576,-0.003854753,-1.902111997,2.116552323,0.031360100,2.885608435,2.845840340,0.039768094,nan,nan,nan,nan,nan,nan,nan,nan,0.374319840,nan,nan,0.000000000,0,0,0
163.400000000,post,1,0,0.016000000,-0.246000000,-0.200000000,-2.071840374,0.005383366,0.007162734,-2.041732876,0.140269096,0.005795195,2.031039238,2.046553723,-0.015514485,nan,nan,nan,nan,nan,nan,nan,nan,0.056970236,nan,nan,0.045573528,0,0,0
163.400000000,post,1,2,0.016000000,-0.246000000,-0.200000000,-0.000542161,2.050822663,-0.020192556,0.161257299,2.094166040,0.000559801,2.089603901,2.100365595,-0.010761694,nan,nan,nan,nan,nan,nan,nan,nan,0.027411613,nan,nan,0.045573528,0,0,0
163.400000000,post,1,3,0.016000000,-0.246000000,-0.100000000,-2.071795919,2.047641576,-0.003854753,-1.878151019,2.164241075,0.031360100,2.885608435,2.865724017,0.019884418,nan,nan,nan,nan,nan,nan,nan,nan,0.093583451,nan,nan,0.045573528,0,0,0
163.500000000,pre,1,0,-0.004000000,-0.346000000,-0.200000000,-2.089603421,0.004528964,0.005777977,-2.015966992,0.102845277,0.011343976,2.028024197,2.018620507,0.009403690,nan,nan,nan,nan,nan,nan,nan,nan,0.020930030,nan,nan,0.000000000,0,0,0
163.500000000,pre,1,2,-0.004000000,-0.346000000,-0.200000000,-0.001105419,2.069253285,-0.019029977,0.152650069,2.054331766,-0.011094108,2.049006462,2.060025273,-0.011018811,nan,nan,nan,nan,nan,nan,nan,nan,0.028737089,nan,nan,0.000000000,0,0,0
163.500000000,pre,1,3,-0.004000000,-0.346000000,-0.100000000,-2.090219983,2.065413362,-0.003104495,-1.886839157,2.159614355,0.029757423,2.868455410,2.867922884,0.000532526,nan,nan,nan,nan,nan,nan,nan,nan,0.000067120,nan,nan,0.000000000,0,0,0
163.500000000,post,1,0,-0.004000000,-0.346000000,-0.200000000,-2.089603421,0.004528964,0.005777977,-2.025812610,0.093770494,0.011343976,2.028024197,2.028013393,0.000010804,nan,nan,nan,nan,nan,nan,nan,nan,0.000000028,nan,nan,0.002868606,0,0,0
163.500000000,post,1,2,-0.004000000,-0.346000000,-0.200000000,-0.001105419,2.069253285,-0.019029977,0.142804451,2.045256983,-0.011094108,2.049006462,2.050266401,-0.001259939,nan,nan,nan,nan,nan,nan,nan,nan,0.000375727,nan,nan,0.002868606,0,0,0
163.500000000,post,1,3,-0.004000000,-0.346000000,-0.100000000,-2.090219983,2.065413362,-0.003104495,-1.896684775,2.150539572,0.029757423,2.868455410,2.867598139,0.000857271,nan,nan,nan,nan,nan,nan,nan,nan,0.000173944,nan,nan,0.002868606,0,0,0
163.600000000,pre,1,0,0.016000000,-0.146000000,-0.200000000,-2.110212993,0.003573396,0.004630097,-2.030846956,0.041444979,0.002438093,2.068303347,2.031271274,0.037032072,nan,nan,nan,nan,nan,nan,nan,nan,0.324585653,nan,nan,0.000000000,0,0,0
163.600000000,pre,1,2,0.016000000,-0.146000000,-0.200000000,-0.001590992,2.090552578,-0.017947360,0.128146761,2.017736921,-0.011930493,2.052242279,2.021837336,0.030404943,nan,nan,nan,nan,nan,nan,nan,nan,0.218807236,nan,nan,0.000000000,0,0,0
163.600000000,pre,1,3,0.016000000,-0.146000000,-0.100000000,-2.111577495,2.086037196,-0.002400499,-1.934965601,2.122921060,0.014367512,2.886513472,2.872471432,0.014042040,nan,nan,nan,nan,nan,nan,nan,nan,0.046669556,nan,nan,0.000000000,0,0,0
163.600000000,post,1,0,0.016000000,-0.146000000,-0.200000000,-2.110212993,0.003573396,0.004630097,-2.054403248,0.060541303,0.002438093,2.068303347,2.055296547,0.013006799,nan,nan,nan,nan,nan,nan,nan,nan,0.040041852,nan,nan,0.014713095,0,0,0
163.600000000,post,1,2,0.016000000,-0.146000000,-0.200000000,-0.001590992,2.090552578,-0.017947360,0.104590470,2.036833245,-0.011930493,2.052242279,2.039551709,0.012690570,nan,nan,nan,nan,nan,nan,nan,nan,0.038118480,nan,nan,0.014713095,0,0,0
163.600000000,post,1,3,0.016000000,-0.146000000,-0.100000000,-2.111577495,2.086037196,-0.002400499,-1.958521892,2.142017384,0.014367512,2.886513472,2.902456356,-0.015942885,nan,nan,nan,nan,nan,nan,nan,nan,0.060159900,nan,nan,0.014713095,0,0,0
163.700000000,pre,1,0,-0.004000000,-0.246000000,-0.200000000,-2.139047134,0.002262399,0.003684204,-2.105096202,0.059825070,0.010112169,2.095114946,2.105970397,-0.010855451,nan,nan,nan,nan,nan,nan,nan,nan,0.027891315,nan,nan,0.000000000,0,0,0
163.700000000,pre,1,2,-0.004000000,-0.246000000,-0.200000000,-0.002070602,2.120228542,-0.016577099,0.064009188,2.106323752,0.013168100,2.124351978,2.107337259,0.017014719,nan,nan,nan,nan,nan,nan,nan,nan,0.068520869,nan,nan,0.000000000,0,0,0
163.700000000,pre,1,3,-0.004000000,-0.246000000,-0.100000000,-2.141353475,2.114906384,-0.001499546,-2.043250379,2.121722266,0.015545648,2.908425093,2.945644098,-0.037219005,nan,nan,nan,nan,nan,nan,nan,nan,0.327870856,nan,nan,0.000000000,0,0,0
163.700000000,post,1,0,-0.004000000,-0.246000000,-0.200000000,-2.139047134,0.002262399,0.003684204,-2.080652487,0.060950789,0.010112169,2.095114946,2.081569607,0.013545340,nan,nan,nan,nan,nan,nan,nan,nan,0.043426326,nan,nan,0.009580199,0,0,0
163.700000000,post,1,2,-0.004000000,-0.246000000,-0.200000000,-0.002070602,2.120228542,-0.016577099,0.088452902,2.107449470,0.013168100,2.124351978,2.109346009,0.015005970,nan,nan,nan,nan,nan,nan,nan,nan,0.053296834,nan,nan,0.009580199,0,0,0
163.700000000,post,1,3,-0.004000000,-0.246000000,-0.100000000,-2.141353475,2.114906384,-0.001499546,-2.018806665,2.122847984,0.015545648,2.908425093,2.929557233,-0.021132140,nan,nan,nan,nan,nan,nan,nan,nan,0.105696415,nan,nan,0.009580199,0,0,0
163.800000000,pre,1,0,0.016000000,-0.346000000,-0.200000000,-2.165981859,0.001033018,0.003248721,-2.124281915,0.011932552,0.009980222,2.122699499,2.124338872,-0.001639373,nan,nan,nan,nan,nan,nan,nan,nan,0.000636105,nan,nan,0.000000000,0,0,0
163.800000000,pre,1,2,0.016000000,-0.346000000,-0.200000000,-0.002408952,2.147812961,-0.015323159,0.058761498,2.138187187,-0.003854415,2.172418118,2.138997947,0.033420171,nan,nan,nan,nan,nan,nan,nan,nan,0.264356881,nan,nan,0.000000000,0,0,0
163.800000000,pre,1,3,0.016000000,-0.346000000,-0.100000000,-2.169029454,2.141843997,-0.000712180,-2.056080989,2.138070663,-0.014728193,2.963677406,2.966316253,-0.002638847,nan,nan,nan,nan,nan,nan,nan,nan,0.001648168,nan,nan,0.000000000,0,0,0
163.800000000,post,1,0,0.016000000,-0.346000000,-0.200000000,-2.165981859,0.001033018,0.003248721,-2.114306327,0.034750171,0.009980222,2.122699499,2.114615431,0.008084068,nan,nan,nan,nan,nan,nan,nan,nan,0.015467966,nan,nan,0.009922498,0,0,0
163.800000000,post,1,2,0.016000000,-0.346000000,-0.200000000,-0.002408952,2.147812961,-0.015323159,0.068737086,2.161004806,-0.003854415,2.172418118,2.162101157,0.010316960,nan,nan,nan,nan,nan,nan,nan,nan,0.025192820,nan,nan,0.009922498,0,0,0
163.800000000,post,1,3,0.016000000,-0.346000000,-0.100000000,-2.169029454,2.141843997,-0.000712180,-2.046105401,2.160888282,-0.014728193,2.963677406,2.975937230,-0.012259824,nan,nan,nan,nan,nan,nan,nan,nan,0.035574742,nan,nan,0.009922498,0,0,0
163.900000000,pre,1,0,-0.004000000,-0.146000000,-0.200000000,-2.195703943,-0.000324959,0.003022139,-2.159710633,0.047358818,0.015553147,2.197183132,2.160285809,0.036897323,nan,nan,nan,nan,nan,nan,nan,nan,0.322227796,nan,nan,0.000000000,0,0,0
163.900000000,pre,1,2,-0.004000000,-0.146000000,-0.200000000,-0.002730328,2.178123406,-0.014060859,0.044635243,2.163514739,-0.001349265,2.127856731,2.163975543,-0.036118811,nan,nan,nan,nan,nan,nan,nan,nan,0.308773616,nan,nan,0.000000000,0,0,0
163.900000000,pre,1,3,-0.004000000,-0.146000000,-0.100000000,-2.199491100,2.171537291,0.000087065,-2.083538478,2.198570305,-0.009487674,3.023619175,3.029015350,-0.005396175,nan,nan,nan,nan,nan,nan,nan,nan,0.006892002,nan,nan,0.000000000,0,0,0
163.900000000,post,1,0,-0.004000000,-0.146000000,-0.200000000,-2.195703943,-0.000324959,0.003022139,-2.192827742,0.012007378,0.015553147,2.197183132,2.192915772,0.004267360,nan,nan,nan,nan,nan,nan,nan,nan,0.004310145,nan,nan,0.037543475,0,0,0
163.900000000,post,1,2,-0.004000000,-0.146000000,-0.200000000,-0.002730328,2.178123406,-0.014060859,0.011518134,2.128163298,-0.001349265,2.127856731,2.128194895,-0.000338164,nan,nan,nan,nan,nan,nan,nan,nan,0.000027066,nan,nan,0.037543475,0,0,0
163.900000000,post,1,3,-0.004000000,-0.146000000,-0.100000000,-2.199491100,2.171537291,0.000087065,-2.116655587,2.163218865,-0.009487674,3.023619175,3.026522220,-0.002903045,nan,nan,nan,nan,nan,nan,nan,nan,0.001994715,nan,nan,0.037543475,0,0,0
164.000000000,pre,1,0,0.016000000,-0.246000000,-0.200000000,-2.235313756,-0.002076092,0.002961217,-2.239105298,0.023455404,0.040560349,2.211931705,2.239595462,-0.027663756,nan,nan,nan,nan,nan,nan,nan,nan,0.181132169,nan,nan,0.000000000,0,0,0
164.000000000,pre,1,2,0.016000000,-0.246000000,-0.200000000,-0.003123823,2.218374603,-0.012663878,-0.001753311,2.192280943,0.011927774,2.151341677,2.192314092,-0.040972415,nan,nan,nan,nan,nan,nan,nan,nan,0.397334629,nan,nan,0.000000000,0,0,0
164.000000000,pre,1,3,0.016000000,-0.246000000,-0.100000000,-2.240088359,2.211103030,0.001131368,-2.197904550,2.185830903,-0.005771861,3.078106165,3.099786196,-0.021680031,nan,nan,nan,nan,nan,nan,nan,nan,0.111248222,nan,nan,0.000000000,0,0,0
164.000000000,post,1,0,0.016000000,-0.246000000,-0.200000000,-2.235313756,-0.002076092,0.002961217,-2.221499092,-0.006911249,0.040560349,2.211931705,2.221880088,-0.009948382,nan,nan,nan,nan,nan,nan,nan,nan,0.023424926,nan,nan,0.019713793,0,0,0
164.000000000,post,1,2,0.016000000,-0.246000000,-0.200000000,-0.003123823,2.218374603,-0.012663878,0.015852895,2.161914290,0.011927774,2.151341677,2.162005315,-0.010663638,nan,nan,nan,nan,nan,nan,nan,nan,0.026914362,nan,nan,0.019713793,0,0,0
164.000000000,post,1,3,0.016000000,-0.246000000,-0.100000000,-2.240088359,2.211103030,0.001131368,-2.180298344,2.155464250,-0.005771861,3.078106165,3.065902855,0.012203310,nan,nan,nan,nan,nan,nan,nan,nan,0.035247521,nan,nan,0.019713793,0,0,0
164.100000000,pre,1,0,-0.004000000,-0.146000000,-0.200000000,-2.263770469,-0.003272016,0.003041387,-2.207642068,0.007205737,0.018372968,2.225277424,2.207730280,0.017547144,nan,nan,nan,nan,nan,nan,nan,nan,0.072876274,nan,nan,0.000000000,0,0,0
164.100000000,pre,1,2,-0.004000000,-0.146000000,-0.200000000,-0.003351701,2.247238779,-0.011841609,-0.011362999,2.194841082,-0.005488508,2.225810528,2.194877358,0.030933170,nan,nan,nan,nan,nan,nan,nan,nan,0.226475971,nan,nan,0.000000000,0,0,0
164.100000000,pre,1,3,-0.004000000,-0.146000000,-0.100000000,-2.269276600,2.239545663,0.001883432,-2.236797484,2.197136111,-0.019065729,3.101446152,3.135447907,-0.034001755,nan,nan,nan,nan,nan,nan,nan,nan,0.273637721,nan,nan,0.000000000,0,0,0
164.100000000,post,1,0,-0.004000000,-0.146000000,-0.200000000,-2.263770469,-0.003272016,0.003041387,-2.201332537,0.013848575,0.018372968,2.225277424,2.201452767,0.023824656,nan,nan,nan,nan,nan,nan,nan,nan,0.134346569,nan,nan,0.001343000,0,0,0
164.100000000,post,1,2,-0.004000000,-0.146000000,-0.200000000,-0.003351701,2.247238779,-0.011841609,-0.005053468,2.201483920,-0.005488508,2.225810528,2.201496562,0.024313966,nan,nan,nan,nan,nan,nan,nan,nan,0.139921639,nan,nan,0.001343000,0,0,0
164.100000000,post,1,3,-0.004000000,-0.146000000,-0.100000000,-2.269276600,2.239545663,0.001883432,-2.230487953,2.203778949,-0.019065729,3.101446152,3.135615038,-0.034168887,nan,nan,nan,nan,nan,nan,nan,nan,0.276334394,nan,nan,0.001343000,0,0,0
164.200000000,pre,1,0,0.016000000,-0.246000000,-0.200000000,-2.307698077,-0.004993624,0.003291570,-2.256382100,0.011035627,-0.005507645,2.306460142,2.256415808,0.050044334,nan,nan,nan,nan,nan,nan,nan,nan,0.592765763,nan,nan,0.000000000,0,0,0
164.200000000,pre,1,2,0.016000000,-0.246000000,-0.200000000,-0.003560141,2.291791826,-0.010855089,0.011682583,2.311907379,-0.029777550,2.297256708,2.312128654,-0.014871946,nan,nan,nan,nan,nan,nan,nan,nan,0.052349061,nan,nan,0.000000000,0,0,0
164.200000000,pre,1,3,0.016000000,-0.246000000,-0.100000000,-2.314343882,2.283506412,0.002896138,-2.305743782,2.261182165,-0.026249131,3.181386471,3.229564705,-0.048178235,nan,nan,nan,nan,nan,nan,nan,nan,0.549382791,nan,nan,0.000000000,0,0,0
164.200000000,post,1,0,0.016000000,-0.246000000,-0.200000000,-2.307698077,-0.004993624,0.003291570,-2.278066174,-0.027237718,-0.005507645,2.306460142,2.278235660,0.028224482,nan,nan,nan,nan,nan,nan,nan,nan,0.188549444,nan,nan,0.030960769,0,0,0
164.200000000,post,1,2,0.016000000,-0.246000000,-0.200000000,-0.003560141,2.291791826,-0.010855089,-0.010001492,2.273634033,-0.029777550,2.297256708,2.273851018,0.023405691,nan,nan,nan,nan,nan,nan,nan,nan,0.129663042,nan,nan,0.030960769,0,0,0
164.200000000,post,1,3,0.016000000,-0.246000000,-0.100000000,-2.314343882,2.283506412,0.002896138,-2.327427856,2.222908819,-0.026249131,3.181386471,3.218529643,-0.037143172,nan,nan,nan,nan,nan,nan,nan,nan,0.326536146,nan,nan,0.030960769,0,0,0
164.300000000,pre,1,0,-0.004000000,-0.346000000,-0.200000000,-2.355557679,-0.006678199,0.003584425,-2.348228338,0.001414940,-0.022177997,2.305318356,2.348333492,-0.043015137,nan,nan,nan,nan,nan,nan,nan,nan,0.437941299,nan,nan,0.000000000,0,0,0
164.300000000,pre,1,2,-0.004000000,-0.346000000,-0.200000000,-0.003622568,2.340360117,-0.010046250,-0.063166003,2.348363725,-0.038312455,2.298011541,2.349525478,-0.051513937,nan,nan,nan,nan,nan,nan,nan,nan,0.628091288,nan,nan,0.000000000,0,0,0
164.300000000,pre,1,3,-0.004000000,-0.346000000,-0.100000000,-2.363350966,2.331483362,0.003727377,-2.320159915,2.309909118,-0.035134410,3.246819973,3.274149751,-0.027329778,nan,nan,nan,nan,nan,nan,nan,nan,0.176785033,nan,nan,0.000000000,0,0,0
164.300000000,post,1,0,-0.004000000,-0.346000000,-0.200000000,-2.355557679,-0.006678199,0.003584425,-2.319518433,-0.034142053,-0.022177997,2.305318356,2.319875709,-0.014557354,nan,nan,nan,nan,nan,nan,nan,nan,0.050157762,nan,nan,0.033416934,0,0,0
164.300000000,post,1,2,-0.004000000,-0.346000000,-0.200000000,-0.003622568,2.340360117,-0.010046250,-0.034456099,2.312806732,-0.038312455,2.298011541,2.313380653,-0.015369112,nan,nan,nan,nan,nan,nan,nan,nan,0.055907597,nan,nan,0.033416934,0,0,0
164.300000000,post,1,3,-0.004000000,-0.346000000,-0.100000000,-2.363350966,2.331483362,0.003727377,-2.291450011,2.274352125,-0.035134410,3.246819973,3.228723458,0.018096515,nan,nan,nan,nan,nan,nan,nan,nan,0.077510973,nan,nan,0.033416934,0,0,0
164.400000000,pre,1,0,0.016000000,-0.146000000,-0.200000000,-2.390624181,-0.007804432,0.003790676,-2.383402854,-0.019540362,-0.012718146,2.358504295,2.383516885,-0.025012590,nan,nan,nan,nan,nan,nan,nan,nan,0.148078020,nan,nan,0.000000000,0,0,0
164.400000000,pre,1,2,0.016000000,-0.146000000,-0.200000000,-0.003588978,2.375973294,-0.009554396,0.020088282,2.326495926,-0.030220429,nan,2.326778912,nan,nan,nan,nan,nan,nan,nan,nan,nan,nan,nan,nan,0.000000000,0,0,0
164.400000000,pre,1,3,0.016000000,-0.146000000,-0.100000000,-2.399150201,2.366694372,0.004222371,-2.347217929,2.351735452,-0.020624450,3.344406128,3.322727346,0.021678782,nan,nan,nan,nan,nan,nan,nan,nan,0.111235408,nan,nan,0.000000000,0,0,0
164.400000000,post,1,0,0.016000000,-0.146000000,-0.200000000,-2.390624181,-0.007804432,0.003790676,-2.362717544,0.025230110,-0.012718146,2.358504295,2.362886477,-0.004382182,nan,nan,nan,nan,nan,nan,nan,nan,0.004545211,nan,nan,0.038916435,0,0,0
164.400000000,post,1,2,0.016000000,-0.146000000,-0.200000000,-0.003588978,2.375973294,-0.009554396,0.040773591,2.371266398,-0.030220429,nan,2.371809455,nan,nan,nan,nan,nan,nan,nan,nan,nan,nan,nan,nan,0.038916435,0,0,0
164.400000000,post,1,3,0.016000000,-0.146000000,-0.100000000,-2.399150201,2.366694372,0.004222371,-2.326532620,2.396505924,-0.020624450,3.344406128,3.340122759,0.004283369,nan,nan,nan,nan,nan,nan,nan,nan,0.004342544,nan,nan,0.038916435,0,0,0
164.500000000,pre,1,0,-0.004000000,-0.246000000,-0.200000000,-2.443255499,-0.009360445,0.003984801,-2.384186958,0.044564406,-0.001027245,2.411628962,2.384603634,0.027025328,nan,nan,nan,nan,nan,nan,nan,nan,0.172868246,nan,nan,0.000000000,0,0,0
164.500000000,pre,1,2,-0.004000000,-0.246000000,-0.200000000,-0.003490103,2.429463617,-0.009022498,0.029584679,2.404737148,-0.028580103,2.351702929,2.405088943,-0.053386015,nan,nan,nan,nan,nan,nan,nan,nan,0.674571973,nan,nan,0.000000000,0,0,0
164.500000000,pre,1,3,-0.004000000,-0.246000000,-0.100000000,-2.452774264,2.419623413,0.004804639,-2.388515739,2.438915084,-0.020058908,3.406952381,3.413754031,-0.006801650,nan,nan,nan,nan,nan,nan,nan,nan,0.010949690,nan,nan,0.000000000,0,0,0
164.500000000,post,1,0,-0.004000000,-0.246000000,-0.200000000,-2.443255499,-0.009360445,0.003984801,-2.413467238,-0.001733606,-0.001027245,2.411628962,2.413468079,-0.001839117,nan,nan,nan,nan,nan,nan,nan,nan,0.000800557,nan,nan,0.048013451,0,0,0
164.500000000,post,1,2,-0.004000000,-0.246000000,-0.200000000,-0.003490103,2.429463617,-0.009022498,0.000304399,2.358439136,-0.028580103,2.351702929,2.358612319,-0.006909391,nan,nan,nan,nan,nan,nan,nan,nan,0.011299332,nan,nan,0.048013451,0,0,0
164.500000000,post,1,3,-0.004000000,-0.246000000,-0.100000000,-2.452774264,2.419623413,0.004804639,-2.417796019,2.392617072,-0.020058908,3.406952381,3.401581456,0.005370925,nan,nan,nan,nan,nan,nan,nan,nan,0.006827653,nan,nan,0.048013451,0,0,0
164.600000000,pre,1,0,0.016000000,-0.146000000,-0.200000000,-2.498332785,-0.010868091,0.003931955,-2.502422447,-0.010563262,-0.016777760,2.497029781,2.502500985,-0.005471204,nan,nan,nan,nan,nan,nan,nan,nan,0.007084987,nan,nan,0.000000000,0,0,0
164.600000000,pre,1,2,0.016000000,-0.146000000,-0.200000000,-0.003395553,2.485389610,-0.008776083,-0.008235995,2.409596781,-0.017453453,2.441064119,2.409674065,0.031390054,nan,nan,nan,nan,nan,nan,nan,nan,0.233215503,nan,nan,0.000000000,0,0,0
164.600000000,pre,1,3,0.016000000,-0.146000000,-0.100000000,-2.508814015,2.475072959,0.005159068,-2.420599747,2.424529721,-0.027885787,3.466081142,3.426138514,0.039942628,nan,nan,nan,nan,nan,nan,nan,nan,0.377612669,nan,nan,0.000000000,0,0,0
164.600000000,post,1,0,0.016000000,-0.146000000,-0.200000000,-2.498332785,-0.010868091,0.003931955,-2.504907754,0.026619377,-0.016777760,2.497029781,2.505105375,-0.008075594,nan,nan,nan,nan,nan,nan,nan,nan,0.015435554,nan,nan,0.022219606,0,0,0
164.600000000,post,1,2,0.016000000,-0.146000000,-0.200000000,-0.003395553,2.485389610,-0.008776083,-0.010721302,2.446779419,-0.017453453,2.441064119,2.446865157,-0.005801038,nan,nan,nan,nan,nan,nan,nan,nan,0.007964980,nan,nan,0.022219606,0,0,0
164.600000000,post,1,3,0.016000000,-0.146000000,-0.100000000,-2.508814015,2.475072959,0.005159068,-2.423085054,2.461712360,-0.027885787,3.466081142,3.454293928,0.011787215,nan,nan,nan,nan,nan,nan,nan,nan,0.032884836,nan,nan,0.022219606,0,0,0
164.700000000,pre,1,0,-0.004000000,-0.046000000,-0.200000000,-2.539015020,-0.011898398,0.003818842,-2.565803162,0.078842137,-0.027325640,2.502060413,2.567159644,-0.065099231,nan,nan,nan,nan,nan,nan,nan,nan,1.003055591,nan,nan,0.000000000,0,0,0
164.700000000,pre,1,2,-0.004000000,-0.046000000,-0.200000000,-0.003324621,2.526635147,-0.008789331,0.001378775,2.502029709,-0.024127374,2.451238155,2.502146417,-0.050908262,nan,nan,nan,nan,nan,nan,nan,nan,0.613408554,nan,nan,0.000000000,0,0,0
164.700000000,pre,1,3,-0.004000000,-0.046000000,-0.100000000,-2.550157612,2.516074348,0.005234014,-2.508463034,2.509773444,-0.025060753,3.524717331,3.548517659,-0.023800328,nan,nan,nan,nan,nan,nan,nan,nan,0.134072333,nan,nan,0.000000000,0,0,0
164.700000000,post,1,0,-0.004000000,-0.046000000,-0.200000000,-2.539015020,-0.011898398,0.003818842,-2.523886503,0.048511685,-0.027325640,2.502060413,2.524500575,-0.022440162,nan,nan,nan,nan,nan,nan,nan,nan,0.119186006,nan,nan,0.042831082,0,0,0
164.700000000,post,1,2,-0.004000000,-0.046000000,-0.200000000,-0.003324621,2.526635147,-0.008789331,0.043295433,2.471699256,-0.024127374,2.451238155,2.472196157,-0.020958002,nan,nan,nan,nan,nan,nan,nan,nan,0.103961617,nan,nan,0.042831082,0,0,0
164.700000000,post,1,3,-0.004000000,-0.046000000,-0.100000000,-2.550157612,2.516074348,0.005234014,-2.466546375,2.479442992,-0.025060753,3.524717331,3.497444297,0.027273034,nan,nan,nan,nan,nan,nan,nan,nan,0.176051684,nan,nan,0.042831082,0,0,0
164.800000000,pre,1,0,0.016000000,-0.146000000,-0.200000000,-2.596591101,-0.013217869,0.003582082,-2.558221396,0.036721152,-0.034873000,2.484748840,2.558722588,-0.073973747,nan,nan,nan,nan,nan,nan,nan,nan,1.295175212,nan,nan,0.000000000,0,0,0
164.800000000,pre,1,2,0.016000000,-0.146000000,-0.200000000,-0.003211695,2.584897486,-0.008986105,0.071524888,2.499227863,-0.018392492,2.522597075,2.500318780,0.022278294,nan,nan,nan,nan,nan,nan,nan,nan,0.117472754,nan,nan,0.000000000,0,0,0
164.800000000,pre,1,3,0.016000000,-0.146000000,-0.100000000,-2.608571861,2.574139676,0.005218474,-2.531124030,2.531120988,-0.023823852,3.602136612,3.579627060,0.022509552,nan,nan,nan,nan,nan,nan,nan,nan,0.119924248,nan,nan,0.000000000,0,0,0
164.800000000,post,1,0,0.016000000,-0.146000000,-0.200000000,-2.596591101,-0.013217869,0.003582082,-2.508401569,0.075302240,-0.034873000,2.484748840,2.509773891,-0.025025051,nan,nan,nan,nan,nan,nan,nan,nan,0.148225602,nan,nan,0.063528248,0,0,0
164.800000000,post,1,2,0.016000000,-0.146000000,-0.200000000,-0.003211695,2.584897486,-0.008986105,0.121344715,2.537808951,-0.018392492,2.522597075,2.540774900,-0.018177826,nan,nan,nan,nan,nan,nan,nan,nan,0.078209077,nan,nan,0.063528248,0,0,0
164.800000000,post,1,3,0.016000000,-0.146000000,-0.100000000,-2.608571861,2.574139676,0.005218474,-2.481304203,2.569702076,-0.023823852,3.602136612,3.572227160,0.029909452,nan,nan,nan,nan,nan,nan,nan,nan,0.211733806,nan,nan,0.063528248,0,0,0
164.900000000,pre,1,0,-0.004000000,-0.046000000,-0.200000000,-2.638441881,-0.014077232,0.003340675,-2.586062303,0.064333323,-0.032921386,2.583744049,2.587071864,-0.003327815,nan,nan,nan,nan,nan,nan,nan,nan,0.002621148,nan,nan,0.000000000,0,0,0
164.900000000,pre,1,2,-0.004000000,-0.046000000,-0.200000000,-0.003115368,2.627180844,-0.009121056,0.129549246,2.597432842,-0.018722678,2.581419230,2.600728919,-0.019309690,nan,nan,nan,nan,nan,nan,nan,nan,0.088251864,nan,nan,0.000000000,0,0,0
164.900000000,pre,1,3,-0.004000000,-0.046000000,-0.100000000,-2.650940853,2.616363804,0.005201800,-2.484847906,2.643382380,-0.005742246,3.617656708,3.627943287,-0.010286580,nan,nan,nan,nan,nan,nan,nan,nan,0.025044668,nan,nan,0.000000000,0,0,0
164.900000000,post,1,0,-0.004000000,-0.046000000,-0.200000000,-2.638441881,-0.014077232,0.003340675,-2.584998684,0.047820116,-0.032921386,2.583744049,2.585650552,-0.001906503,nan,nan,nan,nan,nan,nan,nan,nan,0.000860297,nan,nan,0.004381077,0,0,0
164.900000000,post,1,2,-0.004000000,-0.046000000,-0.200000000,-0.003115368,2.627180844,-0.009121056,0.130612865,2.580919634,-0.018722678,2.581419230,2.584290312,-0.002871083,nan,nan,nan,nan,nan,nan,nan,nan,0.001951033,nan,nan,0.004381077,0,0,0
164.900000000,post,1,3,-0.004000000,-0.046000000,-0.100000000,-2.650940853,2.616363804,0.005201800,-2.483784287,2.626869173,-0.005742246,3.617656708,3.615198336,0.002458372,nan,nan,nan,nan,nan,nan,nan,nan,0.001430436,nan,nan,0.004381077,0,0,0
165.000000000,pre,1,0,0.016000000,-0.146000000,-0.200000000,-2.700917910,-0.015194997,0.002823349,-2.684472603,0.028231567,-0.003820341,2.716695786,2.684623767,0.032072018,nan,nan,nan,nan,nan,nan,nan,nan,0.243459018,nan,nan,0.000000000,0,0,0
165.000000000,pre,1,2,0.016000000,-0.146000000,-0.200000000,-0.002948599,2.690255696,-0.009257962,0.158471565,2.653354584,-0.022128960,2.662320375,2.658174839,0.004145536,nan,nan,nan,nan,nan,nan,nan,nan,0.004067567,nan,nan,0.000000000,0,0,0
165.000000000,pre,1,3,0.016000000,-0.146000000,-0.100000000,-2.714038312,2.679457277,0.005087391,-2.519755592,2.687646691,-0.011791230,3.723561764,3.684121606,0.039440158,nan,nan,nan,nan,nan,nan,nan,nan,0.368171841,nan,nan,0.000000000,0,0,0
165.000000000,post,1,0,0.016000000,-0.146000000,-0.200000000,-2.700917910,-0.015194997,0.002823349,-2.719488007,0.038995114,-0.003820341,2.716695786,2.719770254,-0.003074468,nan,nan,nan,nan,nan,nan,nan,nan,0.002237244,nan,nan,0.021470920,0,0,0
165.000000000,post,1,2,0.016000000,-0.146000000,-0.200000000,-0.002948599,2.690255696,-0.009257962,0.123456162,2.664118132,-0.022128960,2.662320375,2.667068903,-0.004748528,nan,nan,nan,nan,nan,nan,nan,nan,0.005336927,nan,nan,0.021470920,0,0,0
165.000000000,post,1,3,0.016000000,-0.146000000,-0.100000000,-2.714038312,2.679457277,0.005087391,-2.554770996,2.698410239,-0.011791230,3.723561764,3.715967127,0.007594637,nan,nan,nan,nan,nan,nan,nan,nan,0.013651718,nan,nan,0.021470920,0,0,0
165.100000000,pre,1,0,-0.004000000,-0.044000000,-0.200000000,-2.765886807,-0.016145984,0.002148161,-2.729943451,0.043875055,-0.002151115,2.740682840,2.730296851,0.010385989,nan,nan,nan,nan,nan,nan,nan,nan,0.025531071,nan,nan,0.000000000,0,0,0
165.100000000,pre,1,2,-0.004000000,-0.044000000,-0.200000000,-0.002788877,2.755804262,-0.009402994,0.088475796,2.722669018,-0.005446692,2.688818455,2.724111637,-0.035293183,nan,nan,nan,nan,nan,nan,nan,nan,0.294818635,nan,nan,0.000000000,0,0,0
165.100000000,pre,1,3,-0.004000000,-0.044000000,-0.100000000,-2.779459075,2.745145506,0.004888984,-2.648535107,2.745157985,0.002367196,3.873056412,3.814529614,0.058526798,nan,nan,nan,nan,nan,nan,nan,nan,0.810742256,nan,nan,0.000000000,0,0,0
165.100000000,post,1,0,-0.004000000,-0.044000000,-0.200000000,-2.765886807,-0.016145984,0.002148161,-2.765539971,0.037146293,-0.002151115,2.740682840,2.765790268,-0.025107428,nan,nan,nan,nan,nan,nan,nan,nan,0.149203061,nan,nan,0.020998216,0,0,0
165.100000000,post,1,2,-0.004000000,-0.044000000,-0.200000000,-0.002788877,2.755804262,-0.009402994,0.052879276,2.715940256,-0.005446692,2.688818455,2.716460446,-0.027641992,nan,nan,nan,nan,nan,nan,nan,nan,0.180847267,nan,nan,0.020998216,0,0,0
165.100000000,post,1,3,-0.004000000,-0.044000000,-0.100000000,-2.779459075,2.745145506,0.004888984,-2.684131627,2.738429223,0.002367196,3.873056412,3.834522500,0.038533912,nan,nan,nan,nan,nan,nan,nan,nan,0.351446708,nan,nan,0.020998216,0,0,0
165.200000000,pre,1,0,0.016000000,-0.144000000,-0.200000000,-2.810268593,-0.016669932,0.001662974,-2.820707581,0.029149243,0.011166023,2.721354485,2.820880291,-0.099525806,nan,nan,nan,nan,nan,nan,nan,nan,2.344470082,nan,nan,0.000000000,0,0,0
165.200000000,pre,1,2,0.016000000,-0.144000000,-0.200000000,-0.002706820,2.800552016,-0.009517505,0.010448297,2.761201779,0.013975214,2.773323059,2.761256913,0.012066146,nan,nan,nan,nan,nan,nan,nan,nan,0.034459619,nan,nan,0.000000000,0,0,0
165.200000000,pre,1,3,0.016000000,-0.144000000,-0.100000000,-2.824035127,2.790037955,0.004710968,-2.752887856,2.784142418,0.032875589,3.964544296,3.915472048,0.049072249,nan,nan,nan,nan,nan,nan,nan,nan,0.569961085,nan,nan,0.000000000,0,0,0
165.200000000,post,1,0,0.016000000,-0.144000000,-0.200000000,-2.810268593,-0.016669932,0.001662974,-2.763222463,0.076159454,0.011166023,2.721354485,2.764294362,-0.042939878,nan,nan,nan,nan,nan,nan,nan,nan,0.436410199,nan,nan,0.088231979,0,0,0
165.200000000,post,1,2,0.016000000,-0.144000000,-0.200000000,-0.002706820,2.800552016,-0.009517505,0.067933415,2.808211989,0.013975214,2.773323059,2.809068321,-0.035745262,nan,nan,nan,nan,nan,nan,nan,nan,0.302419822,nan,nan,0.088231979,0,0,0
165.200000000,post,1,3,0.016000000,-0.144000000,-0.100000000,-2.824035127,2.790037955,0.004710968,-2.695402738,2.831152628,0.032875589,3.964544296,3.909181747,0.055362550,nan,nan,nan,nan,nan,nan,nan,nan,0.725446603,nan,nan,0.088231979,0,0,0
165.300000000,pre,1,0,-0.002000000,-0.044000000,-0.200000000,-2.878310916,-0.017292502,0.000776557,-2.760457117,0.069457165,0.011619950,2.749641657,2.761355250,-0.011713593,nan,nan,nan,nan,nan,nan,nan,nan,0.032475330,nan,nan,0.000000000,0,0,0
165.300000000,pre,1,2,-0.002000000,-0.044000000,-0.200000000,-0.002644327,2.869090896,-0.009822026,0.049146041,2.842631595,0.001179363,2.834466934,2.843056649,-0.008589715,nan,nan,nan,nan,nan,nan,nan,nan,0.017463480,nan,nan,0.000000000,0,0,0
165.300000000,pre,1,3,-0.002000000,-0.044000000,-0.100000000,-2.892192658,2.858850597,0.004198636,-2.799844180,2.908462223,0.047716022,nan,4.037394797,nan,nan,nan,nan,nan,nan,nan,nan,nan,nan,nan,nan,0.000000000,0,0,0
165.300000000,post,1,0,-0.002000000,-0.044000000,-0.200000000,-2.878310916,-0.017292502,0.000776557,-2.749676523,0.061200610,0.011619950,2.749641657,2.750382067,-0.000740411,nan,nan,nan,nan,nan,nan,nan,nan,0.000129753,nan,nan,0.002950271,0,0,0
165.300000000,post,1,2,-0.002000000,-0.044000000,-0.200000000,-0.002644327,2.869090896,-0.009822026,0.059926636,2.834375040,0.001179363,2.834466934,2.835008723,-0.000541789,nan,nan,nan,nan,nan,nan,nan,nan,0.000069476,nan,nan,0.002950271,0,0,0
165.300000000,post,1,3,-0.002000000,-0.044000000,-0.100000000,-2.892192658,2.858850597,0.004198636,-2.789063585,2.900205667,0.047716022,nan,4.023971348,nan,nan,nan,nan,nan,nan,nan,nan,nan,nan,nan,nan,0.002950271,0,0,0
165.400000000,pre,1,0,0.018000000,-0.144000000,-0.200000000,-2.921448054,-0.017587498,0.000108425,-2.827491607,0.042103984,0.025726362,2.858770609,2.827922096,0.030848513,nan,nan,nan,nan,nan,nan,nan,nan,0.225238045,nan,nan,0.000000000,0,0,0
165.400000000,pre,1,2,0.018000000,-0.144000000,-0.200000000,-0.002646419,2.912523303,-0.010121584,0.127954067,2.898777596,-0.001928049,2.895878315,2.901600853,-0.005722538,nan,nan,nan,nan,nan,nan,nan,nan,0.007750874,nan,nan,0.000000000,0,0,0
165.400000000,pre,1,3,0.018000000,-0.144000000,-0.100000000,-2.935298013,2.902480116,0.003670217,-2.872868176,2.958672916,0.064606800,4.041177273,4.124474635,-0.083297363,nan,nan,nan,nan,nan,nan,nan,nan,1.642236834,nan,nan,0.000000000,0,0,0
165.400000000,post,1,0,0.018000000,-0.144000000,-0.200000000,-2.921448054,-0.017587498,0.000108425,-2.821782052,0.002430003,0.025726362,2.858770609,2.821900371,0.036870238,nan,nan,nan,nan,nan,nan,nan,nan,0.321754905,nan,nan,0.025705981,0,0,0
165.400000000,post,1,2,0.018000000,-0.144000000,-0.200000000,-0.002646419,2.912523303,-0.010121584,0.133663622,2.859103614,-0.001928049,2.895878315,2.862226958,0.033651357,nan,nan,nan,nan,nan,nan,nan,nan,0.268026941,nan,nan,0.025705981,0,0,0
165.400000000,post,1,3,0.018000000,-0.144000000,-0.100000000,-2.935298013,2.902480116,0.003670217,-2.867158621,2.918998934,0.064606800,4.041177273,4.092105494,-0.050928221,nan,nan,nan,nan,nan,nan,nan,nan,0.613889642,nan,nan,0.025705981,0,0,0
165.500000000,pre,1,0,-0.004000000,-0.144000000,-0.200000000,-2.990831042,-0.017929946,-0.001027895,-2.956172069,0.016148543,0.024923729,nan,2.956321240,nan,nan,nan,nan,nan,nan,nan,nan,nan,nan,nan,nan,0.000000000,0,0,0
165.500000000,pre,1,2,-0.004000000,-0.144000000,-0.200000000,-0.002716809,2.982390739,-0.010716327,0.077656141,2.953601372,-0.007161359,2.917998791,2.954630742,-0.036631952,nan,nan,nan,nan,nan,nan,nan,nan,0.317609439,nan,nan,0.000000000,0,0,0
165.500000000,pre,1,3,-0.004000000,-0.144000000,-0.100000000,-3.004492924,2.972693508,0.002519431,-2.864215923,2.970760628,0.047625382,4.100375175,4.126914070,-0.026538894,nan,nan,nan,nan,nan,nan,nan,nan,0.166701278,nan,nan,0.000000000,0,0,0
165.500000000,post,1,0,-0.004000000,-0.144000000,-0.200000000,-2.990831042,-0.017929946,-0.001027895,-2.954104666,-0.018417056,0.024923729,nan,2.954267211,nan,nan,nan,nan,nan,nan,nan,nan,nan,nan,nan,nan,0.019184876,0,0,0
165.500000000,post,1,2,-0.004000000,-0.144000000,-0.200000000,-0.002716809,2.982390739,-0.010716327,0.079723545,2.919035773,-0.007161359,2.917998791,2.920133040,-0.002134249,nan,nan,nan,nan,nan,nan,nan,nan,0.001078111,nan,nan,0.019184876,0,0,0
165.500000000,post,1,3,-0.004000000,-0.144000000,-0.100000000,-3.004492924,2.972693508,0.002519431,-2.862148519,2.936195029,0.047625382,4.100375175,4.100658919,-0.000283744,nan,nan,nan,nan,nan,nan,nan,nan,0.000019056,nan,nan,0.019184876,0,0,0
165.600000000,pre,1,0,0.016000000,-0.044000000,-0.200000000,-3.037001999,-0.018075187,-0.001775990,-3.085179460,-0.015077265,0.013007510,3.000735044,3.085243721,-0.084508677,nan,nan,nan,nan,nan,nan,nan,nan,1.690347087,nan,nan,0.000000000,0,0,0
165.600000000,pre,1,2,0.016000000,-0.044000000,-0.200000000,-0.002804477,3.028890045,-0.011137386,0.035516947,2.961720869,-0.003880167,3.001797915,2.961936362,0.039861553,nan,nan,nan,nan,nan,nan,nan,nan,0.376081271,nan,nan,0.000000000,0,0,0
165.600000000,pre,1,3,0.016000000,-0.044000000,-0.100000000,-3.050466501,3.019453395,0.001619459,-2.898754367,2.995909309,0.048237632,4.237436771,4.169001840,0.068434932,nan,nan,nan,nan,nan,nan,nan,nan,1.108482812,nan,nan,0.000000000,0,0,0
165.600000000,post,1,0,0.016000000,-0.044000000,-0.200000000,-3.037001999,-0.018075187,-0.001775990,-3.038225565,0.055003711,0.013007510,3.000735044,3.038751255,-0.038016210,nan,nan,nan,nan,nan,nan,nan,nan,0.342066799,nan,nan,0.113856183,0,0,0
165.600000000,post,1,2,0.016000000,-0.044000000,-0.200000000,-0.002804477,3.028890045,-0.011137386,0.082470842,3.031801844,-0.003880167,3.001797915,3.032925802,-0.031127887,nan,nan,nan,nan,nan,nan,nan,nan,0.229336181,nan,nan,0.113856183,0,0,0
165.600000000,post,1,3,0.016000000,-0.044000000,-0.100000000,-3.050466501,3.019453395,0.001619459,-2.851800472,3.065990285,0.048237632,4.237436771,4.187527818,0.049908953,nan,nan,nan,nan,nan,nan,nan,nan,0.589562980,nan,nan,0.113856183,0,0,0
165.700000000,pre,1,0,-0.004000000,-0.144000000,-0.200000000,-3.084516695,-0.018159492,-0.002500394,-3.033300822,0.114722795,0.027480000,3.087166309,3.035593904,0.051572405,nan,nan,nan,nan,nan,nan,nan,nan,0.629517871,nan,nan,0.000000000,0,0,0
165.700000000,pre,1,2,-0.004000000,-0.144000000,-0.200000000,-0.002918508,3.076745103,-0.011470916,0.069592149,3.073553502,0.001195060,3.069662094,3.074341495,-0.004679400,nan,nan,nan,nan,nan,nan,nan,nan,0.005182672,nan,nan,0.000000000,0,0,0
165.700000000,pre,1,3,-0.004000000,-0.144000000,-0.100000000,-3.097744292,3.067611556,0.000714088,-2.957981636,3.143862104,0.055230226,4.330668449,4.317009921,0.013658528,nan,nan,nan,nan,nan,nan,nan,nan,0.044155121,nan,nan,0.000000000,0,0,0
165.700000000,post,1,0,-0.004000000,-0.144000000,-0.200000000,-3.084516695,-0.018159492,-0.002500394,-3.076123256,0.105220571,0.027480000,3.087166309,3.078044965,0.009121344,nan,nan,nan,nan,nan,nan,nan,nan,0.019692052,nan,nan,0.030784850,0,0,0
165.700000000,post,1,2,-0.004000000,-0.144000000,-0.200000000,-0.002918508,3.076745103,-0.011470916,0.026769715,3.064051278,0.001195060,3.069662094,3.064168449,0.005493646,nan,nan,nan,nan,nan,nan,nan,nan,0.007143229,nan,nan,0.030784850,0,0,0
165.700000000,post,1,3,-0.004000000,-0.144000000,-0.100000000,-3.097744292,3.067611556,0.000714088,-3.000804070,3.134359880,0.055230226,4.330668449,4.339595292,-0.008926843,nan,nan,nan,nan,nan,nan,nan,nan,0.018861188,nan,nan,0.030784850,0,0,0
165.800000000,pre,1,0,0.018000000,-0.244000000,-0.200000000,-3.159532857,-0.018169394,-0.003460393,-3.162183505,0.060858491,0.022892760,3.174859524,3.162851933,0.012007591,nan,nan,nan,nan,nan,nan,nan,nan,0.034125973,nan,nan,0.000000000,0,0,0
165.800000000,pre,1,2,0.018000000,-0.244000000,-0.200000000,-0.003111672,3.152357516,-0.011669133,0.070075283,3.075361960,-0.009192995,3.076440811,3.076173962,0.000266850,nan,nan,nan,nan,nan,nan,nan,nan,0.000016854,nan,nan,0.000000000,0,0,0
165.800000000,pre,1,3,0.018000000,-0.244000000,-0.100000000,-3.172375726,3.143754599,-0.000591909,-3.097115230,3.195170008,0.045280888,4.461037159,4.450088144,0.010949015,nan,nan,nan,nan,nan,nan,nan,nan,0.028374184,nan,nan,0.000000000,0,0,0
165.800000000,post,1,0,0.018000000,-0.244000000,-0.200000000,-3.159532857,-0.018169394,-0.003460393,-3.174358143,0.062303663,0.022892760,3.174859524,3.175052038,-0.000192514,nan,nan,nan,nan,nan,nan,nan,nan,0.000008772,nan,nan,0.002404965,0,0,0
165.800000000,post,1,2,0.018000000,-0.244000000,-0.200000000,-0.003111672,3.152357516,-0.011669133,0.057900645,3.076807132,-0.009192995,3.076440811,3.077365614,-0.000924803,nan,nan,nan,nan,nan,nan,nan,nan,0.000202429,nan,nan,0.002404965,0,0,0
165.800000000,post,1,3,0.018000000,-0.244000000,-0.100000000,-3.172375726,3.143754599,-0.000591909,-3.109289869,3.196615180,0.045280888,4.461037159,4.459605639,0.001431520,nan,nan,nan,nan,nan,nan,nan,nan,0.000485029,nan,nan,0.002404965,0,0,0
165.900000000,pre,1,0,-0.004000000,-0.142000000,-0.200000000,-3.235752692,-0.018054007,-0.004260433,-3.198525249,0.075212008,0.028305978,3.189279318,3.199534630,-0.010255312,nan,nan,nan,nan,nan,nan,nan,nan,0.024892644,nan,nan,0.000000000,0,0,0
165.900000000,pre,1,2,-0.004000000,-0.142000000,-0.200000000,-0.003252107,3.229348816,-0.011428899,0.004278928,3.087563410,-0.026161588,3.135523558,3.087677209,0.047846349,nan,nan,nan,nan,nan,nan,nan,nan,0.541839783,nan,nan,0.000000000,0,0,0
165.900000000,pre,1,3,-0.004000000,-0.142000000,-0.100000000,-3.248254056,3.221319943,-0.001890214,-3.179249517,3.217127651,0.040208852,4.488202572,4.523179696,-0.034977124,nan,nan,nan,nan,nan,nan,nan,nan,0.289561947,nan,nan,0.000000000,0,0,0
165.900000000,post,1,0,-0.004000000,-0.142000000,-0.200000000,-3.235752692,-0.018054007,-0.004260433,-3.167830809,0.099637561,0.028305978,3.189279318,3.169523766,0.019755552,nan,nan,nan,nan,nan,nan,nan,nan,0.092374397,nan,nan,0.024620102,0,0,0
165.900000000,post,1,2,-0.004000000,-0.142000000,-0.200000000,-0.003252107,3.229348816,-0.011428899,0.034973369,3.111988963,-0.026161588,3.135523558,3.112295434,0.023228123,nan,nan,nan,nan,nan,nan,nan,nan,0.127703127,nan,nan,0.024620102,0,0,0
165.900000000,post,1,3,-0.004000000,-0.142000000,-0.100000000,-3.248254056,3.221319943,-0.001890214,-3.148555076,3.241553204,0.040208852,4.488202572,4.519146268,-0.030943696,nan,nan,nan,nan,nan,nan,nan,nan,0.226630140,nan,nan,0.024620102,0,0,0
166.000000000,pre,1,0,0.016000000,-0.044000000,-0.200000000,-3.290497315,-0.017889332,-0.004748917,-3.237982249,0.073324688,0.014199136,3.280015945,3.238843493,0.041172453,nan,nan,nan,nan,nan,nan,nan,nan,0.401223877,nan,nan,0.000000000,0,0,0
166.000000000,pre,1,2,0.016000000,-0.044000000,-0.200000000,-0.003264279,3.284754570,-0.010931955,0.102671720,3.231772795,-0.040910318,3.238672972,3.233662094,0.005010878,nan,nan,nan,nan,nan,nan,nan,nan,0.005942934,nan,nan,0.000000000,0,0,0
166.000000000,pre,1,3,0.016000000,-0.044000000,-0.100000000,-3.302805290,3.277161125,-0.002771063,-3.239698341,3.289468692,0.027275729,4.541788578,4.617032984,-0.075244406,nan,nan,nan,nan,nan,nan,nan,nan,1.340052231,nan,nan,0.000000000,0,0,0
166.000000000,post,1,0,0.016000000,-0.044000000,-0.200000000,-3.290497315,-0.017889332,-0.004748917,-3.239949618,0.042289142,0.014199136,3.280015945,3.240256705,0.039759241,nan,nan,nan,nan,nan,nan,nan,nan,0.374153186,nan,nan,0.015473210,0,0,0
166.000000000,post,1,2,0.016000000,-0.044000000,-0.200000000,-0.003264279,3.284754570,-0.010931955,0.100704351,3.200737250,-0.040910318,3.238672972,3.202582390,0.036090582,nan,nan,nan,nan,nan,nan,nan,nan,0.308291148,nan,nan,0.015473210,0,0,0
166.000000000,post,1,3,0.016000000,-0.044000000,-0.100000000,-3.302805290,3.277161125,-0.002771063,-3.241665710,3.258433146,0.027275729,4.541788578,4.596360202,-0.054571624,nan,nan,nan,nan,nan,nan,nan,nan,0.704866782,nan,nan,0.015473210,0,0,0
166.100000000,pre,1,0,-0.004000000,-0.144000000,-0.200000000,-3.355838894,-0.017585205,-0.005159843,-3.177775223,0.035645676,0.006659975,3.336887836,3.177982117,0.158905720,nan,nan,nan,nan,nan,nan,nan,nan,5.976574615,nan,nan,0.000000000,0,0,0
166.100000000,pre,1,2,-0.004000000,-0.144000000,-0.200000000,-0.003126253,3.350972940,-0.010127587,-0.000451228,3.282747690,-0.045348570,3.279651165,3.283060933,-0.003409768,nan,nan,nan,nan,nan,nan,nan,nan,0.002751839,nan,nan,0.000000000,0,0,0
166.100000000,pre,1,3,-0.004000000,-0.144000000,-0.100000000,-3.367960948,3.343922943,-0.003684094,-3.271139004,3.328133151,0.043397799,4.670048714,4.666765907,0.003282807,nan,nan,nan,nan,nan,nan,nan,nan,0.002550727,nan,nan,0.000000000,0,0,0
166.100000000,post,1,0,-0.004000000,-0.144000000,-0.200000000,-3.355838894,-0.017585205,-0.005159843,-3.293385769,-0.003097049,0.006659975,3.336887836,3.293393959,0.043493878,nan,nan,nan,nan,nan,nan,nan,nan,0.447743764,nan,nan,0.237868754,0,0,0
166.100000000,post,1,2,-0.004000000,-0.144000000,-0.200000000,-0.003126253,3.350972940,-0.010127587,-0.116061774,3.244004965,-0.045348570,3.279651165,3.246397240,0.033253925,nan,nan,nan,nan,nan,nan,nan,nan,0.261733380,nan,nan,0.237868754,0,0,0
166.100000000,post,1,3,-0.004000000,-0.144000000,-0.100000000,-3.367960948,3.343922943,-0.003684094,-3.386749550,3.289390426,0.043397799,4.670048714,4.721445251,-0.051396538,nan,nan,nan,nan,nan,nan,nan,nan,0.625231733,nan,nan,0.237868754,0,0,0
166.200000000,pre,1,0,0.016000000,-0.042000000,-0.200000000,-3.413876377,-0.017220757,-0.005358371,-3.454419598,-0.028009927,0.004958934,3.367364883,3.454536713,-0.087171830,nan,nan,nan,nan,nan,nan,nan,nan,1.798562817,nan,nan,0.000000000,0,0,0
166.200000000,pre,1,2,0.016000000,-0.042000000,-0.200000000,-0.002871723,3.409842472,-0.009315403,0.020959248,3.377556594,-0.043852206,3.338174343,3.377906283,-0.039731940,nan,nan,nan,nan,nan,nan,nan,nan,0.373639532,nan,nan,0.000000000,0,0,0
166.200000000,pre,1,3,0.016000000,-0.042000000,-0.100000000,-3.425826996,3.403283094,-0.004349699,-3.485063859,3.372651015,0.047234334,4.748107910,4.850018150,-0.101910240,nan,nan,nan,nan,nan,nan,nan,nan,2.458153123,nan,nan,0.000000000,0,0,0
166.200000000,post,1,0,0.016000000,-0.042000000,-0.200000000,-3.413876377,-0.017220757,-0.005358371,-3.366597436,-0.072189270,0.004958934,3.367364883,3.367374968,-0.000010084,nan,nan,nan,nan,nan,nan,nan,nan,0.000000024,nan,nan,0.154632743,0,0,0
166.200000000,post,1,2,0.016000000,-0.042000000,-0.200000000,-0.002871723,3.409842472,-0.009315403,0.108781410,3.333377252,-0.043852206,3.338174343,3.335440048,0.002734295,nan,nan,nan,nan,nan,nan,nan,nan,0.001769555,nan,nan,0.154632743,0,0,0
166.200000000,post,1,3,0.016000000,-0.042000000,-0.100000000,-3.425826996,3.403283094,-0.004349699,-3.397241697,3.328471673,0.047234334,4.748107910,4.756280680,-0.008172770,nan,nan,nan,nan,nan,nan,nan,nan,0.015809269,nan,nan,0.154632743,0,0,0
166.300000000,pre,1,0,-0.002000000,-0.142000000,-0.200000000,-3.452867031,-0.016930816,-0.005435781,-3.286529555,-0.034579333,0.014580328,3.399688244,3.286743804,0.112944440,nan,nan,nan,nan,nan,nan,nan,nan,3.019277280,nan,nan,0.000000000,0,0,0
166.300000000,pre,1,2,-0.002000000,-0.142000000,-0.200000000,-0.002661941,3.449391954,-0.008740029,-0.052653494,3.395976347,-0.039405445,3.380123615,3.396613097,-0.016489482,nan,nan,nan,nan,nan,nan,nan,nan,0.064355742,nan,nan,0.000000000,0,0,0
166.300000000,pre,1,3,-0.002000000,-0.142000000,-0.100000000,-3.464676132,3.443167232,-0.004748839,-3.320546548,3.436806384,0.032110998,4.796165466,4.778985103,0.017180363,nan,nan,nan,nan,nan,nan,nan,nan,0.069861509,nan,nan,0.000000000,0,0,0
166.300000000,post,1,0,-0.002000000,-0.142000000,-0.200000000,-3.452867031,-0.016930816,-0.005435781,-3.377348069,-0.067964920,0.014580328,3.399688244,3.378063320,0.021624924,nan,nan,nan,nan,nan,nan,nan,nan,0.110683395,nan,nan,0.149801596,0,0,0
166.300000000,post,1,2,-0.002000000,-0.142000000,-0.200000000,-0.002661941,3.449391954,-0.008740029,-0.143472008,3.362590761,-0.039405445,3.380123615,3.365880810,0.014242805,nan,nan,nan,nan,nan,nan,nan,nan,0.048013607,nan,nan,0.149801596,0,0,0
166.300000000,post,1,3,-0.002000000,-0.142000000,-0.100000000,-3.464676132,3.443167232,-0.004748839,-3.411365062,3.403420797,0.032110998,4.796165466,4.818891556,-0.022726089,nan,nan,nan,nan,nan,nan,nan,nan,0.122242634,nan,nan,0.149801596,0,0,0
166.400000000,pre,1,0,0.016000000,-0.040000000,-0.200000000,-3.503575083,-0.016502511,-0.005534438,-3.580346206,-0.039986246,0.010908228,3.485169649,3.580586104,-0.095416455,nan,nan,nan,nan,nan,nan,nan,nan,2.154863862,nan,nan,0.000000000,0,0,0
166.400000000,pre,1,2,0.016000000,-0.040000000,-0.200000000,-0.002393102,3.500767892,-0.008018947,0.054742903,3.436688362,-0.038077764,3.436782122,3.437335247,-0.000553125,nan,nan,nan,nan,nan,nan,nan,nan,0.000072414,nan,nan,0.000000000,0,0,0
166.400000000,pre,1,3,0.016000000,-0.040000000,-0.100000000,-3.515157381,3.494993854,-0.005277662,-3.591807846,3.447800403,0.044326246,4.954314232,4.978993476,-0.024679244,nan,nan,nan,nan,nan,nan,nan,nan,0.144157420,nan,nan,0.000000000,0,0,0
166.400000000,post,1,0,0.016000000,-0.040000000,-0.200000000,-3.503575083,-0.016502511,-0.005534438,-3.505545732,-0.028458921,0.010908228,3.485169649,3.505678220,-0.020508570,nan,nan,nan,nan,nan,nan,nan,nan,0.099550642,nan,nan,0.091647843,0,0,0
166.400000000,post,1,2,0.016000000,-0.040000000,-0.200000000,-0.002393102,3.500767892,-0.008018947,0.129543378,3.448215688,-0.038077764,3.436782122,3.450858275,-0.014076153,nan,nan,nan,nan,nan,nan,nan,nan,0.046896590,nan,nan,0.091647843,0,0,0
166.400000000,post,1,3,0.016000000,-0.040000000,-0.100000000,-3.515157381,3.494993854,-0.005277662,-3.517007372,3.459327729,0.044326246,4.954314232,4.933381599,0.020932633,nan,nan,nan,nan,nan,nan,nan,nan,0.103710086,nan,nan,0.091647843,0,0,0
166.500000000,pre,1,0,-0.004000000,-0.140000000,-0.200000000,-3.578936805,-0.015753033,-0.005737010,-3.487229331,-0.011661246,0.022690449,3.508530378,3.487322647,0.021207731,nan,nan,nan,nan,nan,nan,nan,nan,0.106453930,nan,nan,0.000000000,0,0,0
166.500000000,pre,1,2,-0.004000000,-0.140000000,-0.200000000,-0.002097517,3.576893187,-0.007128608,-0.019286227,3.491332721,-0.019275332,3.520950794,3.491439197,0.029511597,nan,nan,nan,nan,nan,nan,nan,nan,0.206138314,nan,nan,0.000000000,0,0,0
166.500000000,pre,1,3,-0.004000000,-0.140000000,-0.100000000,-3.590097519,3.571800809,-0.006043393,-3.402623181,3.541535676,0.047459216,5.038937092,4.911473489,0.127463602,nan,nan,nan,nan,nan,nan,nan,nan,3.845436675,nan,nan,0.000000000,0,0,0
166.500000000,post,1,0,-0.004000000,-0.140000000,-0.200000000,-3.578936805,-0.015753033,-0.005737010,-3.538058414,0.048193651,0.022690449,3.508530378,3.538459386,-0.029929008,nan,nan,nan,nan,nan,nan,nan,nan,0.212010768,nan,nan,0.098659270,0,0,0
166.500000000,post,1,2,-0.004000000,-0.140000000,-0.200000000,-0.002097517,3.576893187,-0.007128608,-0.070115310,3.551187618,-0.019275332,3.520950794,3.551932037,-0.030981242,nan,nan,nan,nan,nan,nan,nan,nan,0.227180446,nan,nan,0.098659270,0,0,0
166.500000000,post,1,3,-0.004000000,-0.140000000,-0.100000000,-3.590097519,3.571800809,-0.006043393,-3.453452265,3.601390573,0.047459216,5.038937092,4.989849595,0.049087497,nan,nan,nan,nan,nan,nan,nan,nan,0.570315345,nan,nan,0.098659270,0,0,0
166.600000000,pre,1,0,0.016000000,-0.046000000,-0.200000000,-3.643545718,-0.015022369,-0.005907973,-3.715732510,0.058133341,0.018473199,3.591588497,3.716233151,-0.124644654,nan,nan,nan,nan,nan,nan,nan,nan,3.677228336,nan,nan,0.000000000,0,0,0
166.600000000,pre,1,2,0.016000000,-0.046000000,-0.200000000,-0.001966015,3.641930665,-0.006539157,0.035124548,3.630613836,-0.018093016,3.615660429,3.630828819,-0.015168390,nan,nan,nan,nan,nan,nan,nan,nan,0.054456821,nan,nan,0.000000000,0,0,0
166.600000000,pre,1,3,0.016000000,-0.046000000,-0.100000000,-3.654309737,3.637387959,-0.006499203,-3.642801925,3.640364750,0.036926456,5.140450001,5.150109216,-0.009659215,nan,nan,nan,nan,nan,nan,nan,nan,0.022082945,nan,nan,0.000000000,0,0,0
166.600000000,post,1,0,0.016000000,-0.046000000,-0.200000000,-3.643545718,-0.015022369,-0.005907973,-3.627932544,0.070492215,0.018473199,3.591588497,3.628664348,-0.037075851,nan,nan,nan,nan,nan,nan,nan,nan,0.325353546,nan,nan,0.125785215,0,0,0
166.600000000,post,1,2,0.016000000,-0.046000000,-0.200000000,-0.001966015,3.641930665,-0.006539157,0.122924515,3.642972710,-0.018093016,3.615660429,3.645090940,-0.029430511,nan,nan,nan,nan,nan,nan,nan,nan,0.205007093,nan,nan,0.125785215,0,0,0
166.600000000,post,1,3,0.016000000,-0.046000000,-0.100000000,-3.654309737,3.637387959,-0.006499203,-3.555001958,3.652723624,0.036926456,5.140450001,5.097233795,0.043216206,nan,nan,nan,nan,nan,nan,nan,nan,0.442045078,nan,nan,0.125785215,0,0,0
166.700000000,pre,1,0,-0.004000000,-0.146000000,-0.200000000,-3.698609860,-0.014333388,-0.006027439,-3.618745106,0.043022295,0.024059054,3.647734165,3.619080809,0.028653357,nan,nan,nan,nan,nan,nan,nan,nan,0.194323040,nan,nan,0.000000000,0,0,0
166.700000000,pre,1,2,-0.004000000,-0.146000000,-0.200000000,-0.001922839,3.697251847,-0.006204887,-0.004206890,3.680177857,-0.018242967,3.651637554,3.680225477,-0.028587923,nan,nan,nan,nan,nan,nan,nan,nan,0.193436527,nan,nan,0.000000000,0,0,0
166.700000000,pre,1,3,-0.004000000,-0.146000000,-0.100000000,-3.709031634,3.693138702,-0.006769622,-3.519799591,3.719489434,0.040324817,5.212911129,5.121056229,0.091854900,nan,nan,nan,nan,nan,nan,nan,nan,1.996999427,nan,nan,0.000000000,0,0,0
166.700000000,post,1,0,-0.004000000,-0.146000000,-0.200000000,-3.698609860,-0.014333388,-0.006027439,-3.676397354,0.048102518,0.024059054,3.647734165,3.676790747,-0.029056582,nan,nan,nan,nan,nan,nan,nan,nan,0.199830757,nan,nan,0.053593446,0,0,0
166.700000000,post,1,2,-0.004000000,-0.146000000,-0.200000000,-0.001922839,3.697251847,-0.006204887,-0.061859138,3.685258080,-0.018242967,3.651637554,3.685822361,-0.034184807,nan,nan,nan,nan,nan,nan,nan,nan,0.276591952,nan,nan,0.053593446,0,0,0
166.700000000,post,1,3,-0.004000000,-0.146000000,-0.100000000,-3.709031634,3.693138702,-0.006769622,-3.577451839,3.724569658,0.040324817,5.212911129,5.164514197,0.048396932,nan,nan,nan,nan,nan,nan,nan,nan,0.554381789,nan,nan,0.053593446,0,0,0
166.800000000,pre,1,0,-0.022000000,-0.246000000,-0.200000000,-3.760486459,-0.013473531,-0.006166297,-3.820505773,0.031553071,0.019333504,3.694821596,3.820684983,-0.125863387,nan,nan,nan,nan,nan,nan,nan,nan,3.749489272,nan,nan,0.000000000,0,0,0
166.800000000,pre,1,2,-0.022000000,-0.246000000,-0.200000000,-0.001904096,3.759374481,-0.005991098,0.024557309,3.715406308,-0.025507577,3.687868595,3.715575020,-0.027706425,nan,nan,nan,nan,nan,nan,nan,nan,0.181691361,nan,nan,0.000000000,0,0,0
166.800000000,pre,1,3,-0.022000000,-0.246000000,-0.100000000,-3.770534697,3.755723460,-0.006957298,-3.750118323,3.751324427,0.027516238,5.267445564,5.304392476,-0.036946912,nan,nan,nan,nan,nan,nan,nan,nan,0.323094503,nan,nan,0.000000000,0,0,0
166.800000000,post,1,0,-0.022000000,-0.246000000,-0.200000000,-3.760486459,-0.013473531,-0.006166297,-3.725397943,0.026246053,0.019333504,3.694821596,3.725540562,-0.030718965,nan,nan,nan,nan,nan,nan,nan,nan,0.223350257,nan,nan,0.145178618,0,0,0
166.800000000,post,1,2,-0.022000000,-0.246000000,-0.200000000,-0.001904096,3.759374481,-0.005991098,0.119665138,3.710099290,-0.025507577,3.687868595,3.712116260,-0.024247664,nan,nan,nan,nan,nan,nan,nan,nan,0.139159581,nan,nan,0.145178618,0,0,0
166.800000000,post,1,3,-0.022000000,-0.246000000,-0.100000000,-3.770534697,3.755723460,-0.006957298,-3.655010494,3.746017409,0.027516238,5.267445564,5.233784986,0.033660578,nan,nan,nan,nan,nan,nan,nan,nan,0.268173850,nan,nan,0.145178618,0,0,0
166.900000000,pre,1,0,-0.002000000,-0.240000000,-0.200000000,-3.819730491,-0.012578725,-0.006276504,-3.689719472,0.028589742,0.020284899,3.777056932,3.689885991,0.087170941,nan,nan,nan,nan,nan,nan,nan,nan,1.798526145,nan,nan,0.000000000,0,0,0
166.900000000,pre,1,2,-0.002000000,-0.240000000,-0.200000000,-0.001886562,3.818859580,-0.005798677,0.042095332,3.760136567,0.002087146,3.766604900,3.760372771,0.006232129,nan,nan,nan,nan,nan,nan,nan,nan,0.009192765,nan,nan,0.000000000,0,0,0
166.900000000,pre,1,3,-0.002000000,-0.240000000,-0.100000000,-3.829448987,3.815630632,-0.006978920,-3.680330062,3.777173600,0.045330692,5.329620838,5.273890844,0.055729994,nan,nan,nan,nan,nan,nan,nan,nan,0.735108213,nan,nan,0.000000000,0,0,0
166.900000000,post,1,0,-0.002000000,-0.240000000,-0.200000000,-3.819730491,-0.012578725,-0.006276504,-3.769394615,0.032550761,0.020284899,3.777056932,3.769589738,0.007467195,nan,nan,nan,nan,nan,nan,nan,nan,0.013197396,nan,nan,0.101821090,0,0,0
166.900000000,post,1,2,-0.002000000,-0.240000000,-0.200000000,-0.001886562,3.818859580,-0.005798677,-0.037579811,3.764097586,0.002087146,3.766604900,3.764285754,0.002319147,nan,nan,nan,nan,nan,nan,nan,nan,0.001273004,nan,nan,0.101821090,0,0,0
166.900000000,post,1,3,-0.002000000,-0.240000000,-0.100000000,-3.829448987,3.815630632,-0.006978920,-3.760005205,3.781134619,0.045330692,5.329620838,5.332604712,-0.002983874,nan,nan,nan,nan,nan,nan,nan,nan,0.002107338,nan,nan,0.101821090,0,0,0
167.000000000,pre,1,0,0.018000000,-0.340000000,-0.200000000,-3.882082055,-0.011586951,-0.006378672,-3.876936244,0.010441456,0.019789397,3.875497818,3.877000810,-0.001502992,nan,nan,nan,nan,nan,nan,nan,nan,0.000534671,nan,nan,0.000000000,0,0,0
167.000000000,pre,1,2,0.018000000,-0.340000000,-0.200000000,-0.001838722,3.881440789,-0.005631239,0.020553451,3.865710403,0.016752538,3.869731188,3.865801341,0.003929846,nan,nan,nan,nan,nan,nan,nan,nan,0.003655312,nan,nan,0.000000000,0,0,0
167.000000000,pre,1,3,0.018000000,-0.340000000,-0.100000000,-3.891474369,3.878626791,-0.006815424,-3.875065376,3.843935847,0.035240273,5.359427929,5.458316255,-0.098888326,nan,nan,nan,nan,nan,nan,nan,nan,2.314532797,nan,nan,0.000000000,0,0,0
167.000000000,post,1,0,0.018000000,-0.340000000,-0.200000000,-3.882082055,-0.011586951,-0.006378672,-3.840783711,-0.020394522,0.019789397,3.875497818,3.840888839,0.034608979,nan,nan,nan,nan,nan,nan,nan,nan,0.283498559,nan,nan,0.036125810,0,0,0
167.000000000,post,1,2,0.018000000,-0.340000000,-0.200000000,-0.001838722,3.881440789,-0.005631239,0.056705983,3.834874425,0.016752538,3.869731188,3.835330243,0.034400945,nan,nan,nan,nan,nan,nan,nan,nan,0.280100600,nan,nan,0.036125810,0,0,0
167.000000000,post,1,3,0.018000000,-0.340000000,-0.100000000,-3.891474369,3.878626791,-0.006815424,-3.838912844,3.813099868,0.035240273,5.359427929,5.410935622,-0.051507693,nan,nan,nan,nan,nan,nan,nan,nan,0.627939049,nan,nan,0.036125810,0,0,0
167.100000000,pre,1,0,-0.004000000,-0.214000000,-0.200000000,-3.931479277,-0.010806362,-0.006374695,-3.850879710,0.023983990,0.007354783,3.909905195,3.850961421,0.058943774,nan,nan,nan,nan,nan,nan,nan,nan,0.822335740,nan,nan,0.000000000,0,0,0
167.100000000,pre,1,2,-0.004000000,-0.214000000,-0.200000000,-0.001754795,3.930954209,-0.005523007,0.014550811,3.904344767,0.026846874,3.931826353,3.904464181,0.027362172,nan,nan,nan,nan,nan,nan,nan,nan,0.177204370,nan,nan,0.000000000,0,0,0
167.100000000,pre,1,3,-0.004000000,-0.214000000,-0.100000000,-3.940624645,3.928461821,-0.006472130,-3.808742320,3.867847106,0.042332218,5.443064690,5.428494387,0.014570303,nan,nan,nan,nan,nan,nan,nan,nan,0.050247034,nan,nan,0.000000000,0,0,0
167.100000000,post,1,0,-0.004000000,-0.214000000,-0.200000000,-3.931479277,-0.010806362,-0.006374695,-3.891616013,0.035101014,0.007354783,3.909905195,3.891781259,0.018123936,nan,nan,nan,nan,nan,nan,nan,nan,0.077746049,nan,nan,0.028528554,0,0,0
167.100000000,post,1,2,-0.004000000,-0.214000000,-0.200000000,-0.001754795,3.930954209,-0.005523007,-0.026185492,3.915461791,0.026846874,3.931826353,3.915641387,0.016184966,nan,nan,nan,nan,nan,nan,nan,nan,0.062000741,nan,nan,0.028528554,0,0,0
167.100000000,post,1,3,-0.004000000,-0.214000000,-0.100000000,-3.940624645,3.928461821,-0.006472130,-3.849478623,3.878964130,0.042332218,5.443064690,5.465038006,-0.021973316,nan,nan,nan,nan,nan,nan,nan,nan,0.114278491,nan,nan,0.028528554,0,0,0
167.200000000,pre,1,0,0.016000000,-0.314000000,-0.200000000,-3.994423621,-0.009832053,-0.006299512,-3.975841776,0.054457723,0.016559032,3.931018829,3.976249197,-0.045230368,nan,nan,nan,nan,nan,nan,nan,nan,0.484209738,nan,nan,0.000000000,0,0,0
167.200000000,pre,1,2,0.016000000,-0.314000000,-0.200000000,-0.001592943,3.993944405,-0.005370980,0.017337195,3.940211811,0.004348732,3.946698427,3.940252353,0.006446074,nan,nan,nan,nan,nan,nan,nan,nan,0.009834763,nan,nan,0.000000000,0,0,0
167.200000000,pre,1,3,0.016000000,-0.314000000,-0.100000000,-4.003270073,3.991837423,-0.005894978,-3.950303196,3.955873617,0.055161912,5.560409546,5.590784762,-0.030375216,nan,nan,nan,nan,nan,nan,nan,nan,0.218379584,nan,nan,0.000000000,0,0,0
167.200000000,post,1,0,0.016000000,-0.314000000,-0.200000000,-3.994423621,-0.009832053,-0.006299512,-3.931876438,0.058533834,0.016559032,3.931018829,3.932346975,-0.001328146,nan,nan,nan,nan,nan,nan,nan,nan,0.000417508,nan,nan,0.031193051,0,0,0
167.200000000,post,1,2,0.016000000,-0.314000000,-0.200000000,-0.001592943,3.993944405,-0.005370980,0.061302534,3.944287923,0.004348732,3.946698427,3.944766676,0.001931751,nan,nan,nan,nan,nan,nan,nan,nan,0.000883234,nan,nan,0.031193051,0,0,0
167.200000000,post,1,3,0.016000000,-0.314000000,-0.100000000,-4.003270073,3.991837423,-0.005894978,-3.906337858,3.959949729,0.055161912,5.560409546,5.562707987,-0.002298441,nan,nan,nan,nan,nan,nan,nan,nan,0.001250374,nan,nan,0.031193051,0,0,0
167.300000000,pre,1,0,-0.004000000,-0.138000000,-0.200000000,-4.038899532,-0.009161972,-0.006187555,-3.994185948,0.022851571,0.026263573,3.967449665,3.994337662,-0.026887997,nan,nan,nan,nan,nan,nan,nan,nan,0.171115831,nan,nan,0.000000000,0,0,0
167.300000000,pre,1,2,-0.004000000,-0.138000000,-0.200000000,-0.001450113,4.038381977,-0.005251625,0.053155946,3.979561507,0.008580836,3.997868299,3.979925750,0.017942550,nan,nan,nan,nan,nan,nan,nan,nan,0.076197656,nan,nan,0.000000000,0,0,0
167.300000000,pre,1,3,-0.004000000,-0.138000000,-0.100000000,-4.047546716,4.036522516,-0.005497212,-3.994668903,4.029095391,0.044076209,5.689990044,5.673881567,0.016108477,nan,nan,nan,nan,nan,nan,nan,nan,0.061416101,nan,nan,0.000000000,0,0,0
167.300000000,post,1,0,-0.004000000,-0.138000000,-0.200000000,-4.038899532,-0.009161972,-0.006187555,-3.976411141,0.046945794,0.026263573,3.967449665,3.976774981,-0.009325316,nan,nan,nan,nan,nan,nan,nan,nan,0.020582607,nan,nan,0.014343605,0,0,0
167.300000000,post,1,2,-0.004000000,-0.138000000,-0.200000000,-0.001450113,4.038381977,-0.005251625,0.070930753,4.003655729,0.008580836,3.997868299,4.004293196,-0.006424897,nan,nan,nan,nan,nan,nan,nan,nan,0.009770248,nan,nan,0.014343605,0,0,0
167.300000000,post,1,3,-0.004000000,-0.138000000,-0.100000000,-4.047546716,4.036522516,-0.005497212,-3.976894096,4.053189614,0.044076209,5.689990044,5.678553990,0.011436054,nan,nan,nan,nan,nan,nan,nan,nan,0.030954635,nan,nan,0.014343605,0,0,0
167.400000000,pre,1,0,0.016000000,-0.238000000,-0.200000000,-4.100266156,-0.008273274,-0.005934727,-4.130788198,0.051435327,0.006094461,4.062598228,4.131112910,-0.068514681,nan,nan,nan,nan,nan,nan,nan,nan,1.111067816,nan,nan,0.000000000,0,0,0
167.400000000,pre,1,2,0.016000000,-0.238000000,-0.200000000,-0.001240555,4.099626090,-0.005099264,0.018994073,4.092513789,0.002051393,4.108796120,4.092558380,0.016237740,nan,nan,nan,nan,nan,nan,nan,nan,0.062405724,nan,nan,0.000000000,0,0,0
167.400000000,pre,1,3,0.016000000,-0.238000000,-0.100000000,-4.108662184,4.098063786,-0.005007091,-4.046451591,4.090614245,0.031909021,5.757997990,5.753947651,0.004050339,nan,nan,nan,nan,nan,nan,nan,nan,0.003882898,nan,nan,0.000000000,0,0,0
167.400000000,post,1,0,0.016000000,-0.238000000,-0.200000000,-4.100266156,-0.008273274,-0.005934727,-4.079471090,0.079292024,0.006094461,4.062598228,4.080246162,-0.017647933,nan,nan,nan,nan,nan,nan,nan,nan,0.073715869,nan,nan,0.054551058,0,0,0
167.400000000,post,1,2,0.016000000,-0.238000000,-0.200000000,-0.001240555,4.099626090,-0.005099264,0.070311181,4.120370486,0.002051393,4.108796120,4.120970858,-0.012174738,nan,nan,nan,nan,nan,nan,nan,nan,0.035082661,nan,nan,0.054551058,0,0,0
167.400000000,post,1,3,0.016000000,-0.238000000,-0.100000000,-4.108662184,4.098063786,-0.005007091,-3.995134483,4.118470942,0.031909021,5.757997990,5.737936966,0.020061024,nan,nan,nan,nan,nan,nan,nan,nan,0.095253177,nan,nan,0.054551058,0,0,0
167.500000000,pre,1,0,-0.004000000,-0.138000000,-0.200000000,-4.160285946,-0.007465703,-0.005538553,-4.142135730,0.106609784,-0.001150803,4.124407291,4.143507617,-0.019100326,nan,nan,nan,nan,nan,nan,nan,nan,0.086348508,nan,nan,0.000000000,0,0,0
167.500000000,pre,1,2,-0.004000000,-0.138000000,-0.200000000,-0.001050933,4.159498882,-0.004831334,0.038405432,4.129631508,0.004963012,4.127523422,4.129813071,-0.002289649,nan,nan,nan,nan,nan,nan,nan,nan,0.001240827,nan,nan,0.000000000,0,0,0
167.500000000,pre,1,3,-0.004000000,-0.138000000,-0.100000000,-4.168473125,4.158125689,-0.004476281,-4.055281101,4.209884141,0.019789340,5.823961735,5.845410243,-0.021448508,nan,nan,nan,nan,nan,nan,nan,nan,0.108884849,nan,nan,0.000000000,0,0,0
167.500000000,post,1,0,-0.004000000,-0.138000000,-0.200000000,-4.160285946,-0.007465703,-0.005538553,-4.121838943,0.101682856,-0.001150803,4.124407291,4.123093135,0.001314157,nan,nan,nan,nan,nan,nan,nan,nan,0.000408759,nan,nan,0.006979747,0,0,0
167.500000000,post,1,2,-0.004000000,-0.138000000,-0.200000000,-0.001050933,4.159498882,-0.004831334,0.058702219,4.124704579,0.004963012,4.127523422,4.125125265,0.002398158,nan,nan,nan,nan,nan,nan,nan,nan,0.001361221,nan,nan,0.006979747,0,0,0
167.500000000,post,1,3,-0.004000000,-0.138000000,-0.100000000,-4.168473125,4.158125689,-0.004476281,-4.034984314,4.204957212,0.019789340,5.823961735,5.827791622,-0.003829887,nan,nan,nan,nan,nan,nan,nan,nan,0.003471724,nan,nan,0.006979747,0,0,0
167.600000000,pre,1,0,0.016000000,-0.238000000,-0.200000000,-4.211095001,-0.006858122,-0.005081648,-4.224355203,0.102218498,-0.001793882,4.181248665,4.225592115,-0.044343450,nan,nan,nan,nan,nan,nan,nan,nan,0.465406283,nan,nan,0.000000000,0,0,0
167.600000000,pre,1,2,0.016000000,-0.238000000,-0.200000000,-0.000902389,4.210166273,-0.004449652,0.060367443,4.153818103,-0.007423376,4.158865929,4.154263373,0.004602556,nan,nan,nan,nan,nan,nan,nan,nan,0.005013851,nan,nan,0.000000000,0,0,0
167.600000000,pre,1,3,0.016000000,-0.238000000,-0.100000000,-4.219128114,4.208859806,-0.003993161,-4.090715695,4.235726657,0.036241573,5.926408768,5.888688195,0.037720573,nan,nan,nan,nan,nan,nan,nan,nan,0.336767245,nan,nan,0.000000000,0,0,0
167.600000000,post,1,0,0.016000000,-0.238000000,-0.200000000,-4.211095001,-0.006858122,-0.005081648,-4.204033908,0.127999476,-0.001793882,4.181248665,4.205982428,-0.024733763,nan,nan,nan,nan,nan,nan,nan,nan,0.144795043,nan,nan,0.017241822,0,0,0
167.600000000,post,1,2,0.016000000,-0.238000000,-0.200000000,-0.000902389,4.210166273,-0.004449652,0.080688737,4.179599082,-0.007423376,4.158865929,4.180384464,-0.021518535,nan,nan,nan,nan,nan,nan,nan,nan,0.109597006,nan,nan,0.017241822,0,0,0
167.600000000,post,1,3,0.016000000,-0.238000000,-0.100000000,-4.219128114,4.208859806,-0.003993161,-4.070394400,4.261507635,0.036241573,5.926408768,5.893205524,0.033203243,nan,nan,nan,nan,nan,nan,nan,nan,0.260936183,nan,nan,0.017241822,0,0,0
167.700000000,pre,1,0,-0.002000000,-0.338000000,-0.200000000,-4.273692447,-0.006200057,-0.004331135,-4.257654939,0.100636516,0.005544913,4.218850136,4.258847735,-0.039997599,nan,nan,nan,nan,nan,nan,nan,nan,0.378652772,nan,nan,0.000000000,0,0,0
167.700000000,pre,1,2,-0.002000000,-0.338000000,-0.200000000,-0.000712160,4.272526107,-0.003808369,0.111675278,4.242197397,0.022706153,4.210126400,4.243727806,-0.033601406,nan,nan,nan,nan,nan,nan,nan,nan,0.267231835,nan,nan,0.000000000,0,0,0
167.700000000,pre,1,3,-0.002000000,-0.338000000,-0.100000000,-4.281545946,4.271235900,-0.003364706,-4.117011637,4.340429173,0.045956596,5.992559433,5.982576555,0.009982878,nan,nan,nan,nan,nan,nan,nan,nan,0.023587657,nan,nan,0.000000000,0,0,0
167.700000000,post,1,0,-0.002000000,-0.338000000,-0.200000000,-4.273692447,-0.006200057,-0.004331135,-4.240575114,0.088860339,0.005544913,4.218850136,4.241509661,-0.022659525,nan,nan,nan,nan,nan,nan,nan,nan,0.121527592,nan,nan,0.006886380,0,0,0
167.700000000,post,1,2,-0.002000000,-0.338000000,-0.200000000,-0.000712160,4.272526107,-0.003808369,0.128755103,4.230421221,0.022706153,4.210126400,4.232441039,-0.022314639,nan,nan,nan,nan,nan,nan,nan,nan,0.117856360,nan,nan,0.006886380,0,0,0
167.700000000,post,1,3,-0.002000000,-0.338000000,-0.100000000,-4.281545946,4.271235900,-0.003364706,-4.099931812,4.328652997,0.045956596,5.992559433,5.962280574,0.030278859,nan,nan,nan,nan,nan,nan,nan,nan,0.216996287,nan,nan,0.006886380,0,0,0
167.800000000,pre,1,0,0.016000000,-0.138000000,-0.200000000,-4.322502263,-0.005748722,-0.003599297,-4.327375482,0.089502769,0.008338388,4.307820320,4.328309004,-0.020488684,nan,nan,nan,nan,nan,nan,nan,nan,0.099357672,nan,nan,0.000000000,0,0,0
167.800000000,pre,1,2,0.016000000,-0.138000000,-0.200000000,-0.000547786,4.321045274,-0.003263864,0.169106892,4.251060668,0.037514019,4.268914700,4.254588258,0.014326442,nan,nan,nan,nan,nan,nan,nan,nan,0.048579154,nan,nan,0.000000000,0,0,0
167.800000000,pre,1,3,0.016000000,-0.138000000,-0.100000000,-4.330203502,4.319757980,-0.002821506,-4.212009228,4.407412850,0.059017722,6.061872482,6.096703442,-0.034830960,nan,nan,nan,nan,nan,nan,nan,nan,0.287146928,nan,nan,0.000000000,0,0,0
167.800000000,post,1,0,0.016000000,-0.138000000,-0.200000000,-4.322502263,-0.005748722,-0.003599297,-4.297596769,0.091292560,0.008338388,4.307820320,4.298574398,0.009245922,nan,nan,nan,nan,nan,nan,nan,nan,0.020233629,nan,nan,0.014239601,0,0,0
167.800000000,post,1,2,0.016000000,-0.138000000,-0.200000000,-0.000547786,4.321045274,-0.003263864,0.198885604,4.252850459,0.037514019,4.268914700,4.257663656,0.011251043,nan,nan,nan,nan,nan,nan,nan,nan,0.029961177,nan,nan,0.014239601,0,0,0
167.800000000,post,1,3,0.016000000,-0.138000000,-0.100000000,-4.330203502,4.319757980,-0.002821506,-4.182230516,4.409202641,0.059017722,6.061872482,6.077466833,-0.015594351,nan,nan,nan,nan,nan,nan,nan,nan,0.057558293,nan,nan,0.014239601,0,0,0
167.900000000,pre,1,0,-0.004000000,-0.238000000,-0.200000000,-4.375802171,-0.005286664,-0.002727923,-4.353733588,0.099011158,0.020944022,4.329237938,4.354909645,-0.025671707,nan,nan,nan,nan,nan,nan,nan,nan,0.155984976,nan,nan,0.000000000,0,0,0
167.900000000,pre,1,2,-0.004000000,-0.238000000,-0.200000000,-0.000334041,4.373896457,-0.002658780,0.118874713,4.317857525,0.035964295,4.286963463,4.319643300,-0.032679837,nan,nan,nan,nan,nan,nan,nan,nan,0.252774375,nan,nan,0.000000000,0,0,0
167.900000000,pre,1,3,-0.004000000,-0.238000000,-0.100000000,-4.383313556,4.372626761,-0.002176687,-4.214112356,4.437952184,0.067039700,6.080835342,6.120347772,-0.039512430,nan,nan,nan,nan,nan,nan,nan,nan,0.369522395,nan,nan,0.000000000,0,0,0
167.900000000,post,1,0,-0.004000000,-0.238000000,-0.200000000,-4.375802171,-0.005286664,-0.002727923,-4.330082374,0.067456709,0.020944022,4.329237938,4.330658428,-0.001420490,nan,nan,nan,nan,nan,nan,nan,nan,0.000477584,nan,nan,0.024881011,0,0,0
167.900000000,post,1,2,-0.004000000,-0.238000000,-0.200000000,-0.000334041,4.373896457,-0.002658780,0.142525927,4.286303076,0.035964295,4.286963463,4.288822814,-0.001859352,nan,nan,nan,nan,nan,nan,nan,nan,0.000818269,nan,nan,0.024881011,0,0,0
167.900000000,post,1,3,-0.004000000,-0.238000000,-0.100000000,-4.383313556,4.372626761,-0.002176687,-4.190461142,4.406397735,0.067039700,6.080835342,6.081184087,-0.000348745,nan,nan,nan,nan,nan,nan,nan,nan,0.000028786,nan,nan,0.024881011,0,0,0
168.000000000,pre,1,0,0.016000000,-0.138000000,-0.200000000,-4.429838348,-0.004788814,-0.001750173,-4.410311402,0.047750786,0.015407568,4.295199394,4.410596807,-0.115397412,nan,nan,nan,nan,nan,nan,nan,nan,3.151849185,nan,nan,0.000000000,0,0,0
168.000000000,pre,1,2,0.016000000,-0.138000000,-0.200000000,-0.000055554,4.427395199,-0.001999621,0.084767155,4.396014797,0.035213326,4.346521854,4.396972998,-0.050451143,nan,nan,nan,nan,nan,nan,nan,nan,0.602442099,nan,nan,0.000000000,0,0,0
168.000000000,pre,1,3,0.016000000,-0.138000000,-0.100000000,-4.437128482,4.426180934,-0.001400154,-4.299317539,4.467294584,0.056031871,6.195790291,6.200321909,-0.004531618,nan,nan,nan,nan,nan,nan,nan,nan,0.004860488,nan,nan,0.000000000,0,0,0
168.000000000,post,1,0,0.016000000,-0.138000000,-0.200000000,-4.429838348,-0.004788814,-0.001750173,-4.338577018,0.035129181,0.015407568,4.295199394,4.338746592,-0.043547198,nan,nan,nan,nan,nan,nan,nan,nan,0.448842237,nan,nan,0.084882028,0,0,0
168.000000000,post,1,2,0.016000000,-0.138000000,-0.200000000,-0.000055554,4.427395199,-0.001999621,0.156501539,4.383393192,0.035213326,4.346521854,4.386327460,-0.039805606,nan,nan,nan,nan,nan,nan,nan,nan,0.375026329,nan,nan,0.084882028,0,0,0
168.000000000,post,1,3,0.016000000,-0.138000000,-0.100000000,-4.437128482,4.426180934,-0.001400154,-4.227583155,4.454672979,0.056031871,6.195790291,6.141637424,0.054152866,nan,nan,nan,nan,nan,nan,nan,nan,0.694090635,nan,nan,0.084882028,0,0,0
168.100000000,pre,1,0,-0.004000000,-0.238000000,-0.200000000,-4.470959045,-0.004312516,-0.000845537,-4.377414207,0.068582159,-0.010907018,4.361048222,4.377965008,-0.016916787,nan,nan,nan,nan,nan,nan,nan,nan,0.067734361,nan,nan,0.000000000,0,0,0
168.100000000,pre,1,2,-0.004000000,-0.238000000,-0.200000000,0.000199742,4.468130034,-0.001396368,0.056641563,4.470548307,0.032431445,4.396565437,4.471024740,-0.074459303,nan,nan,nan,nan,nan,nan,nan,nan,1.312233801,nan,nan,0.000000000,0,0,0
168.100000000,pre,1,3,-0.004000000,-0.238000000,-0.100000000,-4.478072321,4.467003792,-0.000614188,-4.345391465,4.518513241,0.057241417,6.263704777,6.269183796,-0.005479020,nan,nan,nan,nan,nan,nan,nan,nan,0.007105244,nan,nan,0.000000000,0,0,0
168.100000000,post,1,0,-0.004000000,-0.238000000,-0.200000000,-4.470959045,-0.004312516,-0.000845537,-4.380918935,0.017921979,-0.010907018,4.361048222,4.380969170,-0.019920949,nan,nan,nan,nan,nan,nan,nan,nan,0.093927622,nan,nan,0.041259790,0,0,0
168.100000000,post,1,2,-0.004000000,-0.238000000,-0.200000000,0.000199742,4.468130034,-0.001396368,0.053136835,4.419888127,0.032431445,4.396565437,4.420326502,-0.023761064,nan,nan,nan,nan,nan,nan,nan,nan,0.133630337,nan,nan,0.041259790,0,0,0
168.100000000,post,1,3,-0.004000000,-0.238000000,-0.100000000,-4.478072321,4.467003792,-0.000614188,-4.348896193,4.467853061,0.057241417,6.263704777,6.235213361,0.028491416,nan,nan,nan,nan,nan,nan,nan,nan,0.192132729,nan,nan,0.041259790,0,0,0
168.200000000,pre,1,0,0.016000000,-0.338000000,-0.200000000,-4.501152838,-0.003847620,-0.000015796,-4.443202292,0.001953336,0.004388372,4.423899651,4.443204888,-0.019305238,nan,nan,nan,nan,nan,nan,nan,nan,0.088211171,nan,nan,0.000000000,0,0,0
168.200000000,pre,1,2,0.016000000,-0.338000000,-0.200000000,0.000420788,4.498076200,-0.000821840,0.062929164,4.491057419,0.031913589,4.501710415,4.491611659,0.010098756,nan,nan,nan,nan,nan,nan,nan,nan,0.024138430,nan,nan,0.000000000,0,0,0
168.200000000,pre,1,3,0.016000000,-0.338000000,-0.100000000,-4.508132134,4.497082162,0.000143634,-4.413786320,4.491443888,0.058554179,6.315878868,6.297460319,0.018418549,nan,nan,nan,nan,nan,nan,nan,nan,0.080294187,nan,nan,0.000000000,0,0,0
168.200000000,post,1,0,0.016000000,-0.338000000,-0.200000000,-4.501152838,-0.003847620,-0.000015796,-4.433437450,0.019676279,0.004388372,4.423899651,4.433483285,-0.009583634,nan,nan,nan,nan,nan,nan,nan,nan,0.021738709,nan,nan,0.006551278,0,0,0
168.200000000,post,1,2,0.016000000,-0.338000000,-0.200000000,0.000420788,4.498076200,-0.000821840,0.072694005,4.508780363,0.031913589,4.501710415,4.509479266,-0.007768851,nan,nan,nan,nan,nan,nan,nan,nan,0.014285220,nan,nan,0.006551278,0,0,0
168.200000000,post,1,3,0.016000000,-0.338000000,-0.100000000,-4.508132134,4.497082162,0.000143634,-4.404021479,4.509166832,0.058554179,6.315878868,6.303286388,0.012592480,nan,nan,nan,nan,nan,nan,nan,nan,0.037531490,nan,nan,0.006551278,0,0,0
168.300000000,pre,1,0,-0.004000000,-0.138000000,-0.200000000,-4.536404292,-0.003088707,0.001231550,-4.496274332,0.058941868,-0.001076191,4.462359428,4.496660780,-0.034301352,nan,nan,nan,nan,nan,nan,nan,nan,0.278481125,nan,nan,0.000000000,0,0,0
168.300000000,pre,1,2,-0.004000000,-0.138000000,-0.200000000,0.000774900,4.533067215,0.000014997,0.062940815,4.548230426,0.018587797,4.562976837,4.548703888,0.014272949,nan,nan,nan,nan,nan,nan,nan,nan,0.048217057,nan,nan,0.000000000,0,0,0
168.300000000,pre,1,3,-0.004000000,-0.138000000,-0.100000000,-4.543186865,4.532430344,0.001170967,-4.426839844,4.586814900,0.048380083,6.323883533,6.374803727,-0.050920193,nan,nan,nan,nan,nan,nan,nan,nan,0.613696118,nan,nan,0.000000000,0,0,0
168.300000000,post,1,0,-0.004000000,-0.138000000,-0.200000000,-4.536404292,-0.003088707,0.001231550,-4.451268997,0.058491973,-0.001076191,4.462359428,4.451653418,0.010706010,nan,nan,nan,nan,nan,nan,nan,nan,0.027128675,nan,nan,0.032410921,0,0,0
168.300000000,post,1,2,-0.004000000,-0.138000000,-0.200000000,0.000774900,4.533067215,0.000014997,0.107946150,4.547780532,0.018587797,4.562976837,4.549099432,0.013877405,nan,nan,nan,nan,nan,nan,nan,nan,0.045581628,nan,nan,0.032410921,0,0,0
168.300000000,post,1,3,-0.004000000,-0.138000000,-0.100000000,-4.543186865,4.532430344,0.001170967,-4.381834509,4.586365005,0.048380083,6.323883533,6.343308147,-0.019424614,nan,nan,nan,nan,nan,nan,nan,nan,0.089305472,nan,nan,0.032410921,0,0,0
168.400000000,pre,1,0,0.016000000,-0.238000000,-0.200000000,-4.555808982,-0.002493628,0.002188271,-4.541191002,0.077162822,-0.002490577,4.572146416,4.541847204,0.030299212,nan,nan,nan,nan,nan,nan,nan,nan,0.217288102,nan,nan,0.000000000,0,0,0
168.400000000,pre,1,2,0.016000000,-0.238000000,-0.200000000,0.001068836,4.552322641,0.000638861,0.110417918,4.567443762,0.011699942,4.606357574,4.568793224,0.037564350,nan,nan,nan,nan,nan,nan,nan,nan,0.333983533,nan,nan,0.000000000,0,0,0
168.400000000,pre,1,3,0.016000000,-0.238000000,-0.100000000,-4.562413798,4.552061592,0.001838929,-4.390699960,4.613362043,0.043374417,6.368992805,6.368927447,0.000065359,nan,nan,nan,nan,nan,nan,nan,nan,0.000001011,nan,nan,0.000000000,0,0,0
168.400000000,post,1,0,0.016000000,-0.238000000,-0.200000000,-4.555808982,-0.002493628,0.002188271,-4.553881594,0.097208746,-0.002490577,4.572146416,4.554919683,0.017226733,nan,nan,nan,nan,nan,nan,nan,nan,0.070239130,nan,nan,0.009006244,0,0,0
168.400000000,post,1,2,0.016000000,-0.238000000,-0.200000000,0.001068836,4.552322641,0.000638861,0.097727326,4.587489687,0.011699942,4.606357574,4.588545428,0.017812146,nan,nan,nan,nan,nan,nan,nan,nan,0.075094097,nan,nan,0.009006244,0,0,0
168.400000000,post,1,3,0.016000000,-0.238000000,-0.100000000,-4.562413798,4.552061592,0.001838929,-4.403390552,4.633407968,0.043374417,6.368992805,6.392198299,-0.023205493,nan,nan,nan,nan,nan,nan,nan,nan,0.127454419,nan,nan,0.009006244,0,0,0
168.500000000,pre,1,0,-0.004000000,-0.038000000,-0.200000000,-4.573126904,-0.001765621,0.003458390,-4.594418344,0.094817941,-0.011294187,4.599677086,4.595410528,0.004266558,nan,nan,nan,nan,nan,nan,nan,nan,0.004308525,nan,nan,0.000000000,0,0,0
168.500000000,pre,1,2,-0.004000000,-0.038000000,-0.200000000,0.001468232,4.569474928,0.001508996,0.061759108,4.605353396,0.001799396,4.636377811,4.605767833,0.030609979,nan,nan,nan,nan,nan,nan,nan,nan,0.221768234,nan,nan,0.000000000,0,0,0
168.500000000,pre,1,3,-0.004000000,-0.038000000,-0.100000000,-4.579469711,4.569775823,0.002632800,-4.487429274,4.675193595,0.051152865,6.433929443,6.480514891,-0.046585448,nan,nan,nan,nan,nan,nan,nan,nan,0.513657739,nan,nan,0.000000000,0,0,0
168.500000000,post,1,0,-0.004000000,-0.038000000,-0.200000000,-4.573126904,-0.001765621,0.003458390,-4.574564408,0.099254182,-0.011294187,4.599677086,4.575654978,0.024022108,nan,nan,nan,nan,nan,nan,nan,nan,0.136582645,nan,nan,0.006621744,0,0,0
168.500000000,post,1,2,-0.004000000,-0.038000000,-0.200000000,0.001468232,4.569474928,0.001508996,0.081613044,4.609789637,0.001799396,4.636377811,4.610512382,0.025865429,nan,nan,nan,nan,nan,nan,nan,nan,0.158348028,nan,nan,0.006621744,0,0,0
168.500000000,post,1,3,-0.004000000,-0.038000000,-0.100000000,-4.579469711,4.569775823,0.002632800,-4.467575338,4.679629836,0.051152865,6.433929443,6.469990836,-0.036061393,nan,nan,nan,nan,nan,nan,nan,nan,0.307792675,nan,nan,0.006621744,0,0,0
168.600000000,pre,1,0,0.018000000,-0.138000000,-0.200000000,-4.586368397,-0.000846654,0.005086090,-4.553203303,0.038173209,-0.019972312,4.581246853,4.553407121,0.027839732,nan,nan,nan,nan,nan,nan,nan,nan,0.183443948,nan,nan,0.000000000,0,0,0
168.600000000,pre,1,2,0.018000000,-0.138000000,-0.200000000,0.002010414,4.582534833,0.002731964,0.094467142,4.561590700,0.012041839,4.647273540,4.562584658,0.084688882,nan,nan,nan,nan,nan,nan,nan,nan,1.697563739,nan,nan,0.000000000,0,0,0
168.600000000,pre,1,3,0.018000000,-0.138000000,-0.100000000,-4.592309133,4.583670640,0.003588102,-4.554332908,4.649139816,0.040928484,6.450814247,6.508311948,-0.057497701,nan,nan,nan,nan,nan,nan,nan,nan,0.782481791,nan,nan,0.000000000,0,0,0
168.600000000,post,1,0,0.018000000,-0.138000000,-0.200000000,-4.586368397,-0.000846654,0.005086090,-4.533431542,0.072040533,-0.019972312,4.581246853,4.534047891,0.047198962,nan,nan,nan,nan,nan,nan,nan,nan,0.527276210,nan,nan,0.024606691,0,0,0
168.600000000,post,1,2,0.018000000,-0.138000000,-0.200000000,0.002010414,4.582534833,0.002731964,0.114238903,4.595458024,0.012041839,4.647273540,4.596893515,0.050380026,nan,nan,nan,nan,nan,nan,nan,nan,0.600744851,nan,nan,0.024606691,0,0,0
168.600000000,post,1,3,0.018000000,-0.138000000,-0.100000000,-4.592309133,4.583670640,0.003588102,-4.534561147,4.683007140,0.040928484,6.450814247,6.518778706,-0.067964458,nan,nan,nan,nan,nan,nan,nan,nan,1.093294108,nan,nan,0.024606691,0,0,0
168.700000000,pre,1,0,-0.004000000,-0.138000000,-0.200000000,-4.590169252,-0.000244529,0.006074240,-4.508991295,0.051953652,-0.022373062,4.574200630,4.509346098,0.064854532,nan,nan,nan,nan,nan,nan,nan,nan,0.995529076,nan,nan,0.000000000,0,0,0
168.700000000,pre,1,2,-0.004000000,-0.138000000,-0.200000000,0.002360364,4.586244007,0.003548289,0.053156089,4.578937345,0.009813779,4.590127468,4.579256391,0.010871077,nan,nan,nan,nan,nan,nan,nan,nan,0.027971674,nan,nan,0.000000000,0,0,0
168.700000000,pre,1,3,-0.004000000,-0.138000000,-0.100000000,-4.595826543,4.587972169,0.004220669,-4.539751479,4.654576611,0.020022196,6.471982479,6.501909551,-0.029927072,nan,nan,nan,nan,nan,nan,nan,nan,0.211983345,nan,nan,0.000000000,0,0,0
168.700000000,post,1,0,-0.004000000,-0.138000000,-0.200000000,-4.590169252,-0.000244529,0.006074240,-4.542577578,0.035028279,-0.022373062,4.574200630,4.542767723,0.031432907,nan,nan,nan,nan,nan,nan,nan,nan,0.233852701,nan,nan,0.022632106,0,0,0
168.700000000,post,1,2,-0.004000000,-0.138000000,-0.200000000,0.002360364,4.586244007,0.003548289,0.019569806,4.562011973,0.009813779,4.590127468,4.562064503,0.028062965,nan,nan,nan,nan,nan,nan,nan,nan,0.186397638,nan,nan,0.022632106,0,0,0
168.700000000,post,1,3,-0.004000000,-0.138000000,-0.100000000,-4.595826543,4.587972169,0.004220669,-4.573337762,4.637651239,0.020022196,6.471982479,6.513342321,-0.041359842,nan,nan,nan,nan,nan,nan,nan,nan,0.404884379,nan,nan,0.022632106,0,0,0
168.800000000,pre,1,0,0.016000000,-0.238000000,-0.200000000,-4.588986082,0.000801134,0.007644544,-4.626986129,0.009354384,-0.041292842,4.589337826,4.627179837,-0.037842011,nan,nan,nan,nan,nan,nan,nan,nan,0.338939120,nan,nan,0.000000000,0,0,0
168.800000000,pre,1,2,0.016000000,-0.238000000,-0.200000000,0.002934416,4.584945961,0.004971554,0.053071083,4.596200629,-0.013681156,4.558257103,4.596527378,-0.038270275,nan,nan,nan,nan,nan,nan,nan,nan,0.346654186,nan,nan,0.000000000,0,0,0
168.800000000,pre,1,3,0.016000000,-0.238000000,-0.100000000,-4.594156525,4.587750093,0.005487638,-4.612378665,4.620676804,0.009337871,6.527642727,6.528765447,-0.001122721,nan,nan,nan,nan,nan,nan,nan,nan,0.000298344,nan,nan,0.000000000,0,0,0
168.800000000,post,1,0,0.016000000,-0.238000000,-0.200000000,-4.588986082,0.000801134,0.007644544,-4.608643611,-0.009837203,-0.041292842,4.589337826,4.608839095,-0.019501269,nan,nan,nan,nan,nan,nan,nan,nan,0.090011715,nan,nan,0.011276239,0,0,0
168.800000000,post,1,2,0.016000000,-0.238000000,-0.200000000,0.002934416,4.584945961,0.004971554,0.071413601,4.577009043,-0.013681156,4.558257103,4.577586575,-0.019329472,nan,nan,nan,nan,nan,nan,nan,nan,0.088432779,nan,nan,0.011276239,0,0,0
168.800000000,post,1,3,0.016000000,-0.238000000,-0.100000000,-4.594156525,4.587750093,0.005487638,-4.594036147,4.601485217,0.009337871,6.527642727,6.502224352,0.025418375,nan,nan,nan,nan,nan,nan,nan,nan,0.152921608,nan,nan,0.011276239,0,0,0
168.900000000,pre,1,0,-0.004000000,-0.338000000,-0.200000000,-4.580415745,0.001744967,0.009006401,-4.609972602,0.009503902,-0.041095870,4.595349312,4.610165570,-0.014816258,nan,nan,nan,nan,nan,nan,nan,nan,0.051957753,nan,nan,0.000000000,0,0,0
168.900000000,pre,1,2,-0.004000000,-0.338000000,-0.200000000,0.003466411,4.576306973,0.006288298,0.029406226,4.577823591,-0.013722787,4.560050011,4.577938605,-0.017888594,nan,nan,nan,nan,nan,nan,nan,nan,0.075740072,nan,nan,0.000000000,0,0,0
168.900000000,pre,1,3,-0.004000000,-0.338000000,-0.100000000,-4.585116728,4.580117831,0.006821217,-4.567875605,4.582091554,0.011662018,6.550548553,6.470022145,0.080526409,nan,nan,nan,nan,nan,nan,nan,nan,1.534793490,nan,nan,0.000000000,0,0,0
168.900000000,post,1,0,-0.004000000,-0.338000000,-0.200000000,-4.580415745,0.001744967,0.009006401,-4.631025720,0.027650199,-0.041095870,4.595349312,4.631290600,-0.035941289,nan,nan,nan,nan,nan,nan,nan,nan,0.305745853,nan,nan,0.012360350,0,0,0
168.900000000,post,1,2,-0.004000000,-0.338000000,-0.200000000,0.003466411,4.576306973,0.006288298,0.008353107,4.595969888,-0.013722787,4.560050011,4.595997966,-0.035947955,nan,nan,nan,nan,nan,nan,nan,nan,0.305859284,nan,nan,0.012360350,0,0,0
168.900000000,post,1,3,-0.004000000,-0.338000000,-0.100000000,-4.585116728,4.580117831,0.006821217,-4.588928723,4.600237851,0.011662018,6.550548553,6.497737385,0.052811169,nan,nan,nan,nan,nan,nan,nan,nan,0.660122970,nan,nan,0.012360350,0,0,0
169.000000000,pre,1,0,0.018000000,-0.138000000,-0.200000000,-4.566440648,0.002629622,0.010244505,-4.652922818,0.038637232,-0.053441510,4.602616787,4.653390117,-0.050773330,nan,nan,nan,nan,nan,nan,nan,nan,0.610161204,nan,nan,0.000000000,0,0,0
169.000000000,pre,1,2,0.018000000,-0.138000000,-0.200000000,0.004002832,4.562305041,0.007445033,0.001061141,4.588709051,-0.015552596,4.627247810,4.588735530,0.038512280,nan,nan,nan,nan,nan,nan,nan,nan,0.351052238,nan,nan,0.000000000,0,0,0
169.000000000,pre,1,3,0.018000000,-0.138000000,-0.100000000,-4.570655170,4.567064017,0.008129679,-4.620880962,4.598365504,-0.019977982,6.469915867,6.519041746,-0.049125880,nan,nan,nan,nan,nan,nan,nan,nan,0.571207585,nan,nan,0.000000000,0,0,0
169.000000000,post,1,0,0.018000000,-0.138000000,-0.200000000,-4.566440648,0.002629622,0.010244505,-4.591125987,0.060453526,-0.053441510,4.602616787,4.591834976,0.010781811,nan,nan,nan,nan,nan,nan,nan,nan,0.027514187,nan,nan,0.068716786,0,0,0
169.000000000,post,1,2,0.018000000,-0.138000000,-0.200000000,0.004002832,4.562305041,0.007445033,0.062857973,4.610525345,-0.015552596,4.627247810,4.610980044,0.016267766,nan,nan,nan,nan,nan,nan,nan,nan,0.062636737,nan,nan,0.068716786,0,0,0
169.000000000,post,1,3,0.018000000,-0.138000000,-0.100000000,-4.570655170,4.567064017,0.008129679,-4.559084131,4.620181798,-0.019977982,6.469915867,6.490895706,-0.020979840,nan,nan,nan,nan,nan,nan,nan,nan,0.104178383,nan,nan,0.068716786,0,0,0
169.100000000,pre,1,0,-0.004000000,-0.238000000,-0.200000000,-4.547857152,0.003521857,0.011377365,-4.561853913,0.054299622,-0.055833509,4.530676365,4.562518707,-0.031842342,nan,nan,nan,nan,nan,nan,nan,nan,0.239984555,nan,nan,0.000000000,0,0,0
169.100000000,pre,1,2,-0.004000000,-0.238000000,-0.200000000,0.004537045,4.543718224,0.008416064,0.035783715,4.601791926,-0.020339605,nan,4.601976000,nan,nan,nan,nan,nan,nan,nan,nan,nan,nan,nan,nan,0.000000000,0,0,0
169.100000000,pre,1,3,-0.004000000,-0.238000000,-0.100000000,-4.551546766,4.549409675,0.009330279,-4.518869906,4.633138771,-0.027897411,6.448905945,6.472011926,-0.023105981,nan,nan,nan,nan,nan,nan,nan,nan,0.126363633,nan,nan,0.000000000,0,0,0
169.100000000,post,1,0,-0.004000000,-0.238000000,-0.200000000,-4.547857152,0.003521857,0.011377365,-4.531902865,0.051518701,-0.055833509,4.530676365,4.532539590,-0.001863225,nan,nan,nan,nan,nan,nan,nan,nan,0.000821682,nan,nan,0.014476781,0,0,0
169.100000000,post,1,2,-0.004000000,-0.238000000,-0.200000000,0.004537045,4.543718224,0.008416064,0.065734763,4.599011005,-0.020339605,nan,4.599525734,nan,nan,nan,nan,nan,nan,nan,nan,nan,nan,nan,nan,0.014476781,0,0,0
169.100000000,post,1,3,-0.004000000,-0.238000000,-0.100000000,-4.551546766,4.549409675,0.009330279,-4.488918858,4.630357850,-0.027897411,6.448905945,6.449138283,-0.000232338,nan,nan,nan,nan,nan,nan,nan,nan,0.000012777,nan,nan,0.014476781,0,0,0
169.200000000,pre,1,0,0.016000000,-0.338000000,-0.200000000,-4.525037103,0.004451869,0.012336216,-4.560607863,0.092902799,-0.036983994,4.476624966,4.561703939,-0.085078973,nan,nan,nan,nan,nan,nan,nan,nan,1.713238273,nan,nan,0.000000000,0,0,0
169.200000000,pre,1,2,0.016000000,-0.338000000,-0.200000000,0.005064645,4.520908052,0.009157941,0.116684474,4.549554711,-0.041552385,4.643460751,4.551240484,0.092220267,nan,nan,nan,nan,nan,nan,nan,nan,2.012917785,nan,nan,0.000000000,0,0,0
169.200000000,pre,1,3,0.016000000,-0.338000000,-0.100000000,-4.528160407,4.527523870,0.010339181,-4.434357742,4.647954922,-0.031896123,6.458838463,6.424019840,0.034818623,nan,nan,nan,nan,nan,nan,nan,nan,0.286943549,nan,nan,0.000000000,0,0,0
169.200000000,post,1,0,0.016000000,-0.338000000,-0.200000000,-4.525037103,0.004451869,0.012336216,-4.488174921,0.187184588,-0.036983994,4.476624966,4.492228846,-0.015603881,nan,nan,nan,nan,nan,nan,nan,nan,0.057628661,nan,nan,0.226169388,0,0,0
169.200000000,post,1,2,0.016000000,-0.338000000,-0.200000000,0.005064645,4.520908052,0.009157941,0.189117416,4.643836500,-0.041552385,4.643460751,4.647871495,-0.004410745,nan,nan,nan,nan,nan,nan,nan,nan,0.004604655,nan,nan,0.226169388,0,0,0
169.200000000,post,1,3,0.016000000,-0.338000000,-0.100000000,-4.528160407,4.527523870,0.010339181,-4.361924800,4.742236710,-0.031896123,6.458838463,6.443307718,0.015530745,nan,nan,nan,nan,nan,nan,nan,nan,0.057089716,nan,nan,0.226169388,0,0,0
169.300000000,pre,1,0,-0.004000000,-0.136000000,-0.200000000,-4.496042129,0.005488265,0.013167716,-4.455290335,0.179194170,-0.043375351,4.502152443,4.459103491,0.043048952,nan,nan,nan,nan,nan,nan,nan,nan,0.438630123,nan,nan,0.000000000,0,0,0
169.300000000,pre,1,2,-0.004000000,-0.136000000,-0.200000000,0.005608907,4.491943721,0.009707555,0.255261824,4.564167621,-0.042618667,4.566369057,4.571498772,-0.005129715,nan,nan,nan,nan,nan,nan,nan,nan,0.006228161,nan,nan,0.000000000,0,0,0
169.300000000,pre,1,3,-0.004000000,-0.136000000,-0.100000000,-4.498538038,4.499518138,0.011196226,-4.279329836,4.724130899,-0.040070788,6.449983120,6.374298570,0.075684550,nan,nan,nan,nan,nan,nan,nan,nan,1.355775394,nan,nan,0.000000000,0,0,0
169.300000000,post,1,0,-0.004000000,-0.136000000,-0.200000000,-4.496042129,0.005488265,0.013167716,-4.512254319,0.194475678,-0.043375351,4.502152443,4.516651552,-0.014499110,nan,nan,nan,nan,nan,nan,nan,nan,0.049757202,nan,nan,0.055654719,0,0,0
169.300000000,post,1,2,-0.004000000,-0.136000000,-0.200000000,0.005608907,4.491943721,0.009707555,0.198297840,4.579449130,-0.042618667,4.566369057,4.583938559,-0.017569503,nan,nan,nan,nan,nan,nan,nan,nan,0.073062113,nan,nan,0.055654719,0,0,0
169.300000000,post,1,3,-0.004000000,-0.136000000,-0.100000000,-4.498538038,4.499518138,0.011196226,-4.336293820,4.739412408,-0.040070788,6.449983120,6.423945807,0.026037313,nan,nan,nan,nan,nan,nan,nan,nan,0.160459570,nan,nan,0.055654719,0,0,0
169.400000000,pre,1,0,0.016000000,-0.038000000,-0.200000000,-4.463195151,0.006546189,0.013788551,-4.496971930,0.178726688,-0.029981872,4.481193542,4.500622032,-0.019428490,nan,nan,nan,nan,nan,nan,nan,nan,0.089341116,nan,nan,0.000000000,0,0,0
169.400000000,pre,1,2,0.016000000,-0.038000000,-0.200000000,0.006102051,4.459161310,0.010029635,0.167012169,4.458990025,-0.024286877,4.529665470,4.462182758,0.067482712,nan,nan,nan,nan,nan,nan,nan,nan,1.077850054,nan,nan,0.000000000,0,0,0
169.400000000,pre,1,3,0.016000000,-0.038000000,-0.100000000,-4.465073128,4.467628309,0.011869560,-4.303997503,4.705742893,-0.024625188,6.416479588,6.377226441,0.039253147,nan,nan,nan,nan,nan,nan,nan,nan,0.364688649,nan,nan,0.000000000,0,0,0
169.400000000,post,1,0,0.016000000,-0.038000000,-0.200000000,-4.463195151,0.006546189,0.013788551,-4.478166021,0.243707006,-0.029981872,4.481193542,4.484892744,-0.003699202,nan,nan,nan,nan,nan,nan,nan,nan,0.003238839,nan,nan,0.073217663,0,0,0
169.400000000,post,1,2,0.016000000,-0.038000000,-0.200000000,0.006102051,4.459161310,0.010029635,0.185818077,4.523970344,-0.024286877,4.529665470,4.527850028,0.001815442,nan,nan,nan,nan,nan,nan,nan,nan,0.000780078,nan,nan,0.073217663,0,0,0
169.400000000,post,1,3,0.016000000,-0.038000000,-0.100000000,-4.465073128,4.467628309,0.011869560,-4.285191594,4.770723211,-0.024625188,6.416479588,6.412743044,0.003736543,nan,nan,nan,nan,nan,nan,nan,nan,0.003304557,nan,nan,0.073217663,0,0,0
169.500000000,pre,1,0,-0.004000000,-0.138000000,-0.200000000,-4.427064872,0.007637958,0.014227210,-4.446961312,0.253192204,-0.035438438,4.449780464,4.454304332,-0.004523868,nan,nan,nan,nan,nan,nan,nan,nan,0.004843877,nan,nan,0.000000000,0,0,0
169.500000000,pre,1,2,-0.004000000,-0.138000000,-0.200000000,0.006547581,4.423154873,0.010149999,0.173772293,4.545265152,-0.037737230,4.478892803,4.548742267,-0.069849464,nan,nan,nan,nan,nan,nan,nan,nan,1.154780504,nan,nan,0.000000000,0,0,0
169.500000000,pre,1,3,-0.004000000,-0.138000000,-0.100000000,-4.428358439,4.432455499,0.012414399,-4.305838050,4.669014051,-0.009377135,6.351146698,6.351379492,-0.000232794,nan,nan,nan,nan,nan,nan,nan,nan,0.000012827,nan,nan,0.000000000,0,0,0
169.500000000,post,1,0,-0.004000000,-0.138000000,-0.200000000,-4.427064872,0.007637958,0.014227210,-4.461862777,0.204731181,-0.035438438,4.449780464,4.466697905,-0.016917441,nan,nan,nan,nan,nan,nan,nan,nan,0.067739600,nan,nan,0.041128391,0,0,0
169.500000000,post,1,2,-0.004000000,-0.138000000,-0.200000000,0.006547581,4.423154873,0.010149999,0.158870828,4.496804129,-0.037737230,4.478892803,4.499767929,-0.020875126,nan,nan,nan,nan,nan,nan,nan,nan,0.103141036,nan,nan,0.041128391,0,0,0
169.500000000,post,1,3,-0.004000000,-0.138000000,-0.100000000,-4.428358439,4.432455499,0.012414399,-4.320739515,4.620553027,-0.009377135,6.351146698,6.326008866,0.025137832,nan,nan,nan,nan,nan,nan,nan,nan,0.149564641,nan,nan,0.041128391,0,0,0
169.600000000,pre,1,0,0.018000000,-0.238000000,-0.200000000,-4.385634723,0.008820195,0.014559790,-4.393316223,0.122376859,-0.015439853,4.388604164,4.395047431,-0.006443267,nan,nan,nan,nan,nan,nan,nan,nan,0.009826199,nan,nan,0.000000000,0,0,0
169.600000000,pre,1,2,0.018000000,-0.238000000,-0.200000000,0.006970532,4.381910719,0.010091918,0.136632612,4.529498828,-0.033638748,4.421940804,4.531683977,-0.109743173,nan,nan,nan,nan,nan,nan,nan,nan,2.850547721,nan,nan,0.000000000,0,0,0
169.600000000,pre,1,3,0.018000000,-0.238000000,-0.100000000,-4.386352894,4.392028221,0.012824925,-4.251228079,4.594777820,-0.013366220,6.240130901,6.259800480,-0.019669579,nan,nan,nan,nan,nan,nan,nan,nan,0.091572152,nan,nan,0.000000000,0,0,0
169.600000000,post,1,0,0.018000000,-0.238000000,-0.200000000,-4.385634723,0.008820195,0.014559790,-4.408646272,0.040155016,-0.015439853,4.388604164,4.408856174,-0.020252010,nan,nan,nan,nan,nan,nan,nan,nan,0.097075479,nan,nan,0.111927069,0,0,0
169.600000000,post,1,2,0.018000000,-0.238000000,-0.200000000,0.006970532,4.381910719,0.010091918,0.121302564,4.447276985,-0.033638748,4.421940804,4.449058154,-0.027117351,nan,nan,nan,nan,nan,nan,nan,nan,0.174047506,nan,nan,0.111927069,0,0,0
169.600000000,post,1,3,0.018000000,-0.238000000,-0.100000000,-4.386352894,4.392028221,0.012824925,-4.266558128,4.512555978,-0.013366220,6.240130901,6.210222086,0.029908815,nan,nan,nan,nan,nan,nan,nan,nan,0.211724783,nan,nan,0.111927069,0,0,0
169.700000000,pre,1,0,-0.004000000,-0.238000000,-0.200000000,-4.340718355,0.009977669,0.014790163,-4.386846330,0.046750523,-0.001017803,4.344824791,4.387095550,-0.042270759,nan,nan,nan,nan,nan,nan,nan,nan,0.422915292,nan,nan,0.000000000,0,0,0
169.700000000,pre,1,2,-0.004000000,-0.238000000,-0.200000000,0.007381251,4.337236924,0.009856882,0.149688730,4.299491102,-0.028606336,4.426846504,4.302191160,0.124655345,nan,nan,nan,nan,nan,nan,nan,nan,3.677859157,nan,nan,0.000000000,0,0,0
169.700000000,pre,1,3,-0.004000000,-0.238000000,-0.100000000,-4.340880834,4.348082890,0.013037755,-4.251215643,4.440148928,-0.000278294,6.203264713,6.147174718,0.056089995,nan,nan,nan,nan,nan,nan,nan,nan,0.744636099,nan,nan,0.000000000,0,0,0
169.700000000,post,1,0,-0.004000000,-0.238000000,-0.200000000,-4.340718355,0.009977669,0.014790163,-4.344768148,0.162405671,-0.001017803,4.344824791,4.347802536,-0.002977745,nan,nan,nan,nan,nan,nan,nan,nan,0.002098691,nan,nan,0.242346985,0,0,0
169.700000000,post,1,2,-0.004000000,-0.238000000,-0.200000000,0.007381251,4.337236924,0.009856882,0.191766912,4.415146250,-0.028606336,4.426846504,4.419401461,0.007445043,nan,nan,nan,nan,nan,nan,nan,nan,0.013119210,nan,nan,0.242346985,0,0,0
169.700000000,post,1,3,-0.004000000,-0.238000000,-0.100000000,-4.340880834,4.348082890,0.013037755,-4.209137461,4.555804075,-0.000278294,6.203264713,6.202595345,0.000669368,nan,nan,nan,nan,nan,nan,nan,nan,0.000106048,nan,nan,0.242346985,0,0,0
169.800000000,pre,1,0,0.016000000,-0.338000000,-0.200000000,-4.286735235,0.011207596,0.014922509,-4.301410554,0.197608961,-0.003835133,4.269061089,4.305948997,-0.036887908,nan,nan,nan,nan,nan,nan,nan,nan,0.322063382,nan,nan,0.000000000,0,0,0
169.800000000,pre,1,2,0.016000000,-0.338000000,-0.200000000,0.007840872,4.283609331,0.009543507,0.172620323,4.365414162,-0.037561092,4.355028629,4.368987230,-0.013958601,nan,nan,nan,nan,nan,nan,nan,nan,0.046116578,nan,nan,0.000000000,0,0,0
169.800000000,pre,1,3,0.016000000,-0.338000000,-0.100000000,-4.286266991,4.295140785,0.013101505,-4.190517740,4.486636498,-0.015533259,6.129700661,6.139266021,-0.009565360,nan,nan,nan,nan,nan,nan,nan,nan,0.021655886,nan,nan,0.000000000,0,0,0
169.800000000,post,1,0,0.016000000,-0.338000000,-0.200000000,-4.286735235,0.011207596,0.014922509,-4.275455855,0.191632634,-0.003835133,4.269061089,4.279750056,-0.010688967,nan,nan,nan,nan,nan,nan,nan,nan,0.027042372,nan,nan,0.011349807,0,0,0
169.800000000,post,1,2,0.016000000,-0.338000000,-0.200000000,0.007840872,4.283609331,0.009543507,0.198575022,4.359437835,-0.037561092,4.355028629,4.364119741,-0.009091111,nan,nan,nan,nan,nan,nan,nan,nan,0.019561729,nan,nan,0.011349807,0,0,0
169.800000000,post,1,3,0.016000000,-0.338000000,-0.100000000,-4.286266991,4.295140785,0.013101505,-4.164563040,4.480660171,-0.015533259,6.129700661,6.117200517,0.012500144,nan,nan,nan,nan,nan,nan,nan,nan,0.036983099,nan,nan,0.011349807,0,0,0
169.900000000,pre,1,0,-0.004000000,-0.438000000,-0.200000000,-4.237722938,0.012216354,0.014848123,-4.261662031,0.146901019,-0.016178099,4.262717724,4.264223834,-0.001506110,nan,nan,nan,nan,nan,nan,nan,nan,0.000536892,nan,nan,0.000000000,0,0,0
169.900000000,pre,1,2,-0.004000000,-0.438000000,-0.200000000,0.008208138,4.234966605,0.009317436,0.237921451,4.251830709,-0.055668022,4.281056404,4.258846079,0.022210326,nan,nan,nan,nan,nan,nan,nan,nan,0.116757056,nan,nan,0.000000000,0,0,0
169.900000000,pre,1,3,-0.004000000,-0.438000000,-0.100000000,-4.236693995,4.247001551,0.013089687,-4.073467303,4.432926529,-0.041568605,6.036530495,6.020440302,0.016090193,nan,nan,nan,nan,nan,nan,nan,nan,0.061276761,nan,nan,0.000000000,0,0,0
169.900000000,post,1,0,-0.004000000,-0.438000000,-0.200000000,-4.237722938,0.012216354,0.014848123,-4.260219086,0.168446887,-0.016178099,4.262717724,4.263578631,-0.000860908,nan,nan,nan,nan,nan,nan,nan,nan,0.000175423,nan,nan,0.007460904,0,0,0
169.900000000,post,1,2,-0.004000000,-0.438000000,-0.200000000,0.008208138,4.234966605,0.009317436,0.239364396,4.273376576,-0.055668022,4.281056404,4.280437081,0.000619323,nan,nan,nan,nan,nan,nan,nan,nan,0.000090784,nan,nan,0.007460904,0,0,0
169.900000000,post,1,3,-0.004000000,-0.438000000,-0.100000000,-4.236693995,4.247001551,0.013089687,-4.072024358,4.454472396,-0.041568605,6.036530495,6.035348759,0.001181735,nan,nan,nan,nan,nan,nan,nan,nan,0.000330532,nan,nan,0.007460904,0,0,0
170.000000000,pre,1,0,0.016000000,-0.138000000,-0.200000000,-4.185398408,0.013189906,0.014577045,-4.220351151,0.194017206,-0.032549054,4.251238823,4.224933841,0.026304982,nan,nan,nan,nan,nan,nan,nan,nan,0.163775642,nan,nan,0.000000000,0,0,0
170.000000000,pre,1,2,0.016000000,-0.138000000,-0.200000000,0.008528958,4.183058858,0.009096265,0.188557035,4.207923973,-0.075056463,4.212198257,4.212815138,-0.000616881,nan,nan,nan,nan,nan,nan,nan,nan,0.000090069,nan,nan,0.000000000,0,0,0
170.000000000,pre,1,3,0.016000000,-0.138000000,-0.100000000,-4.183790673,4.195550454,0.013085269,-3.976815538,4.389971807,-0.057862600,5.959002018,5.923703434,0.035298584,nan,nan,nan,nan,nan,nan,nan,nan,0.294908881,nan,nan,0.000000000,0,0,0
170.000000000,post,1,0,0.016000000,-0.138000000,-0.200000000,-4.185398408,0.013189906,0.014577045,-4.250958121,0.201024053,-0.032549054,4.251238823,4.255833063,-0.004594240,nan,nan,nan,nan,nan,nan,nan,nan,0.004995749,nan,nan,0.015774120,0,0,0
170.000000000,post,1,2,0.016000000,-0.138000000,-0.200000000,0.008528958,4.183058858,0.009096265,0.157950066,4.214930820,-0.075056463,4.212198257,4.218557041,-0.006358784,nan,nan,nan,nan,nan,nan,nan,nan,0.009570209,nan,nan,0.015774120,0,0,0
170.000000000,post,1,3,0.016000000,-0.138000000,-0.100000000,-4.183790673,4.195550454,0.013085269,-4.007422508,4.396978654,-0.057862600,5.959002018,5.949470945,0.009531073,nan,nan,nan,nan,nan,nan,nan,nan,0.021500912,nan,nan,0.015774120,0,0,0
170.100000000,pre,1,0,-0.004000000,-0.238000000,-0.200000000,-4.133304201,0.014053941,0.014163891,-4.220655717,0.164809860,-0.038567956,4.212900639,4.224048350,-0.011147711,nan,nan,nan,nan,nan,nan,nan,nan,0.029413363,nan,nan,0.000000000,0,0,0
170.100000000,pre,1,2,-0.004000000,-0.238000000,-0.200000000,0.008774572,4.131376877,0.008773609,0.192264902,4.120709804,-0.080835845,4.173091888,4.125984673,0.047107216,nan,nan,nan,nan,nan,nan,nan,nan,0.525228353,nan,nan,0.000000000,0,0,0
170.100000000,pre,1,3,-0.004000000,-0.238000000,-0.100000000,-4.131151713,4.144239725,0.013164797,-3.986934151,4.305252827,-0.062829701,5.920214653,5.868116682,0.052097971,nan,nan,nan,nan,nan,nan,nan,nan,0.642413855,nan,nan,0.000000000,0,0,0
170.100000000,post,1,0,-0.004000000,-0.238000000,-0.200000000,-4.133304201,0.014053941,0.014163891,-4.217518847,0.218522469,-0.038567956,4.212900639,4.223352315,-0.010451677,nan,nan,nan,nan,nan,nan,nan,nan,0.025855041,nan,nan,0.046318150,0,0,0
170.100000000,post,1,2,-0.004000000,-0.238000000,-0.200000000,0.008774572,4.131376877,0.008773609,0.195401773,4.174422414,-0.080835845,4.173091888,4.179774967,-0.006683078,nan,nan,nan,nan,nan,nan,nan,nan,0.010571252,nan,nan,0.046318150,0,0,0
170.100000000,post,1,3,-0.004000000,-0.238000000,-0.100000000,-4.131151713,4.144239725,0.013164797,-3.983797281,4.358965436,-0.062829701,5.920214653,5.905520131,0.014694522,nan,nan,nan,nan,nan,nan,nan,nan,0.051107450,nan,nan,0.046318150,0,0,0
170.200000000,pre,1,0,0.016000000,-0.338000000,-0.200000000,-4.067963351,0.015022391,0.013498578,-4.140780914,0.183213178,-0.021064590,4.152067661,4.144885688,0.007181973,nan,nan,nan,nan,nan,nan,nan,nan,0.012208459,nan,nan,0.000000000,0,0,0
170.200000000,pre,1,2,0.016000000,-0.338000000,-0.200000000,0.008991411,4.066536226,0.008096478,0.182970334,4.089148285,-0.059315656,4.141881466,4.093669526,0.048211940,nan,nan,nan,nan,nan,nan,nan,nan,0.550151748,nan,nan,0.000000000,0,0,0
170.200000000,pre,1,3,0.016000000,-0.338000000,-0.100000000,-4.065177775,4.079761289,0.013228390,-3.919504185,4.259096225,-0.055594296,5.871498108,5.788393942,0.083104166,nan,nan,nan,nan,nan,nan,nan,nan,1.634627769,nan,nan,0.000000000,0,0,0
170.200000000,post,1,0,0.016000000,-0.338000000,-0.200000000,-4.067963351,0.015022391,0.013498578,-4.160336862,0.245130924,-0.021064590,4.152067661,4.167605510,-0.015537849,nan,nan,nan,nan,nan,nan,nan,nan,0.057141953,nan,nan,0.067459878,0,0,0
170.200000000,post,1,2,0.016000000,-0.338000000,-0.200000000,0.008991411,4.066536226,0.008096478,0.163414387,4.151066032,-0.059315656,4.141881466,4.154704780,-0.012823314,nan,nan,nan,nan,nan,nan,nan,nan,0.038920090,nan,nan,0.067459878,0,0,0
170.200000000,post,1,3,0.016000000,-0.338000000,-0.100000000,-4.065177775,4.079761289,0.013228390,-3.939060132,4.321013971,-0.055594296,5.871498108,5.847259802,0.024238306,nan,nan,nan,nan,nan,nan,nan,nan,0.139052187,nan,nan,0.067459878,0,0,0
170.300000000,pre,1,0,-0.004000000,-0.138000000,-0.200000000,-4.019724800,0.015697396,0.012900411,-4.121120323,0.192702344,-0.014335425,4.076711178,4.125648120,-0.048936943,nan,nan,nan,nan,nan,nan,nan,nan,0.566822333,nan,nan,0.000000000,0,0,0
170.300000000,pre,1,2,-0.004000000,-0.138000000,-0.200000000,0.009087988,4.018672077,0.007426188,0.228055937,4.041164007,-0.053590392,4.078444481,4.047948612,0.030495868,nan,nan,nan,nan,nan,nan,nan,nan,0.220117868,nan,nan,0.000000000,0,0,0
170.300000000,pre,1,3,-0.004000000,-0.138000000,-0.100000000,-4.016493203,4.032079456,0.013127615,-3.908069442,4.219545963,-0.054040072,5.823715210,5.751564589,0.072150621,nan,nan,nan,nan,nan,nan,nan,nan,1.232121196,nan,nan,0.000000000,0,0,0
170.300000000,post,1,0,-0.004000000,-0.138000000,-0.200000000,-4.019724800,0.015697396,0.012900411,-4.101660275,0.248916654,-0.014335425,4.076711178,4.109231317,-0.032520139,nan,nan,nan,nan,nan,nan,nan,nan,0.250309929,nan,nan,0.056619874,0,0,0
170.300000000,post,1,2,-0.004000000,-0.138000000,-0.200000000,0.009087988,4.018672077,0.007426188,0.247515985,4.097378317,-0.053590392,4.078444481,4.105197335,-0.026752855,nan,nan,nan,nan,nan,nan,nan,nan,0.169400054,nan,nan,0.056619874,0,0,0
170.300000000,post,1,3,-0.004000000,-0.138000000,-0.100000000,-4.016493203,4.032079456,0.013127615,-3.888609394,4.275760273,-0.054040072,5.823715210,5.779820868,0.043894342,nan,nan,nan,nan,nan,nan,nan,nan,0.456026817,nan,nan,0.056619874,0,0,0
170.400000000,pre,1,0,0.016000000,-0.238000000,-0.200000000,-3.947633402,0.016635292,0.011950201,-4.010948385,0.186200862,-0.030637183,3.964829683,4.015384956,-0.050555273,nan,nan,nan,nan,nan,nan,nan,nan,0.604931510,nan,nan,0.000000000,0,0,0
170.400000000,pre,1,2,0.016000000,-0.238000000,-0.200000000,0.009137591,3.947179036,0.006488656,0.265671202,3.937127917,-0.057012041,4.013761520,3.946493100,0.067268420,nan,nan,nan,nan,nan,nan,nan,nan,1.071015461,nan,nan,0.000000000,0,0,0
170.400000000,pre,1,3,0.016000000,-0.238000000,-0.100000000,-3.943762429,3.960686087,0.012764747,-3.767326978,4.182612169,-0.050676113,5.677625179,5.629348558,0.048276622,nan,nan,nan,nan,nan,nan,nan,nan,0.551628922,nan,nan,0.000000000,0,0,0
170.400000000,post,1,0,0.016000000,-0.238000000,-0.200000000,-3.947633402,0.016635292,0.011950201,-3.972234233,0.259412205,-0.030637183,3.964829683,3.980813752,-0.015984069,nan,nan,nan,nan,nan,nan,nan,nan,0.060471115,nan,nan,0.109738981,0,0,0
170.400000000,post,1,2,0.016000000,-0.238000000,-0.200000000,0.009137591,3.947179036,0.006488656,0.304385355,4.010339260,-0.057012041,4.013761520,4.022278185,-0.008516664,nan,nan,nan,nan,nan,nan,nan,nan,0.017167709,nan,nan,0.109738981,0,0,0
170.400000000,post,1,3,0.016000000,-0.238000000,-0.100000000,-3.943762429,3.960686087,0.012764747,-3.728612826,4.255823512,-0.050676113,5.677625179,5.658370387,0.019254792,nan,nan,nan,nan,nan,nan,nan,nan,0.087750774,nan,nan,0.109738981,0,0,0
170.500000000,pre,1,0,-0.004000000,-0.038000000,-0.200000000,-3.887730352,0.017304854,0.011216441,-3.920215515,0.224153867,-0.030434881,3.929680347,3.926736676,0.002943671,nan,nan,nan,nan,nan,nan,nan,nan,0.002050935,nan,nan,0.000000000,0,0,0
170.500000000,pre,1,2,-0.004000000,-0.038000000,-0.200000000,0.009087075,3.887808764,0.005858712,0.339020348,3.932203156,-0.036355976,3.960343599,3.946958096,0.013385503,nan,nan,nan,nan,nan,nan,nan,nan,0.042407501,nan,nan,0.000000000,0,0,0
170.500000000,pre,1,3,-0.004000000,-0.038000000,-0.100000000,-3.883359222,3.901266126,0.012361785,-3.650793199,4.149847484,-0.041010663,5.572216988,5.527314628,0.044902359,nan,nan,nan,nan,nan,nan,nan,nan,0.477212280,nan,nan,0.000000000,0,0,0
170.500000000,post,1,0,-0.004000000,-0.038000000,-0.200000000,-3.887730352,0.017304854,0.011216441,-3.933162507,0.249394801,-0.030434881,3.929680347,3.941178930,-0.011498583,nan,nan,nan,nan,nan,nan,nan,nan,0.031294060,nan,nan,0.012875670,0,0,0
170.500000000,post,1,2,-0.004000000,-0.038000000,-0.200000000,0.009087075,3.887808764,0.005858712,0.326073356,3.957444090,-0.036355976,3.960343599,3.971021193,-0.010677594,nan,nan,nan,nan,nan,nan,nan,nan,0.026984853,nan,nan,0.012875670,0,0,0
170.500000000,post,1,3,-0.004000000,-0.038000000,-0.100000000,-3.883359222,3.901266126,0.012361785,-3.663740192,4.175088418,-0.041010663,5.572216988,5.554821092,0.017395896,nan,nan,nan,nan,nan,nan,nan,nan,0.071625371,nan,nan,0.012875670,0,0,0
170.600000000,pre,1,0,0.018000000,-0.138000000,-0.200000000,-3.832052703,0.017836674,0.010612937,-3.880793984,0.240053968,-0.040823003,3.913259029,3.888425693,0.024833336,nan,nan,nan,nan,nan,nan,nan,nan,0.145963219,nan,nan,0.000000000,0,0,0
170.600000000,pre,1,2,0.018000000,-0.138000000,-0.200000000,0.008977508,3.832644987,0.005351638,0.277040397,3.847954829,-0.046321065,3.851260662,3.858193021,-0.006932359,nan,nan,nan,nan,nan,nan,nan,nan,0.011374580,nan,nan,0.000000000,0,0,0
170.600000000,pre,1,3,0.018000000,-0.138000000,-0.100000000,-3.827253727,3.845999060,0.012004912,-3.569967555,4.095172529,-0.061429750,5.424826622,5.433128013,-0.008301391,nan,nan,nan,nan,nan,nan,nan,nan,0.016310789,nan,nan,0.000000000,0,0,0
170.600000000,post,1,0,0.018000000,-0.138000000,-0.200000000,-3.832052703,0.017836674,0.010612937,-3.897937815,0.227801325,-0.040823003,3.913259029,3.904802066,0.008456964,nan,nan,nan,nan,nan,nan,nan,nan,0.016927867,nan,nan,0.007104612,0,0,0
170.600000000,post,1,2,0.018000000,-0.138000000,-0.200000000,0.008977508,3.832644987,0.005351638,0.259896566,3.835702186,-0.046321065,3.851260662,3.844776082,0.006484580,nan,nan,nan,nan,nan,nan,nan,nan,0.009952609,nan,nan,0.007104612,0,0,0
170.600000000,post,1,3,0.018000000,-0.138000000,-0.100000000,-3.827253727,3.845999060,0.012004912,-3.587111387,4.082919886,-0.061429750,5.424826622,5.435197927,-0.010371305,nan,nan,nan,nan,nan,nan,nan,nan,0.025458928,nan,nan,0.007104612,0,0,0
170.700000000,pre,1,0,-0.004000000,-0.138000000,-0.200000000,-3.780884387,0.018249809,0.010117406,-3.834659526,0.165755128,-0.060080884,3.832566500,3.838710481,-0.006143981,nan,nan,nan,nan,nan,nan,nan,nan,0.008934558,nan,nan,0.000000000,0,0,0
170.700000000,pre,1,2,-0.004000000,-0.138000000,-0.200000000,0.008839049,3.781938445,0.004940908,0.327733388,3.781277414,-0.049199791,3.849254608,3.795772474,0.053482134,nan,nan,nan,nan,nan,nan,nan,nan,0.677003231,nan,nan,0.000000000,0,0,0
170.700000000,pre,1,3,-0.004000000,-0.138000000,-0.100000000,-3.775738381,3.795181435,0.011685018,-3.590072369,3.995382589,-0.067498077,5.373452187,5.371802085,0.001650101,nan,nan,nan,nan,nan,nan,nan,nan,0.000644458,nan,nan,0.000000000,0,0,0
170.700000000,post,1,0,-0.004000000,-0.138000000,-0.200000000,-3.780884387,0.018249809,0.010117406,-3.816595539,0.204346805,-0.060080884,3.832566500,3.822534347,0.010032152,nan,nan,nan,nan,nan,nan,nan,nan,0.023821085,nan,nan,0.029050002,0,0,0
170.700000000,post,1,2,-0.004000000,-0.138000000,-0.200000000,0.008839049,3.781938445,0.004940908,0.345797375,3.819869091,-0.049199791,3.849254608,3.835804520,0.013450088,nan,nan,nan,nan,nan,nan,nan,nan,0.042817722,nan,nan,0.029050002,0,0,0
170.700000000,post,1,3,-0.004000000,-0.138000000,-0.100000000,-3.775738381,3.795181435,0.011685018,-3.572008382,4.033974266,-0.067498077,5.373452187,5.388575716,-0.015123529,nan,nan,nan,nan,nan,nan,nan,nan,0.054135182,nan,nan,0.029050002,0,0,0
170.800000000,pre,1,0,0.016000000,-0.238000000,-0.200000000,-3.709251468,0.018691306,0.009362617,-3.738272218,0.187148446,-0.041505377,3.750118732,3.743183995,0.006934738,nan,nan,nan,nan,nan,nan,nan,nan,0.011382388,nan,nan,0.000000000,0,0,0
170.800000000,pre,1,2,0.016000000,-0.238000000,-0.200000000,0.008608473,3.710882517,0.004333238,0.265210540,3.802257504,-0.041770003,3.798617840,3.811724477,-0.013106638,nan,nan,nan,nan,nan,nan,nan,nan,0.040658923,nan,nan,0.000000000,0,0,0
170.800000000,pre,1,3,0.016000000,-0.238000000,-0.100000000,-3.703701734,3.723951370,0.011141014,-3.478366547,3.927575834,-0.047031601,5.347693920,5.246627273,0.101066647,nan,nan,nan,nan,nan,nan,nan,nan,2.417625375,nan,nan,0.000000000,0,0,0
170.800000000,post,1,0,0.016000000,-0.238000000,-0.200000000,-3.709251468,0.018691306,0.009362617,-3.779302623,0.213459327,-0.041505377,3.750118732,3.785553578,-0.035434846,nan,nan,nan,nan,nan,nan,nan,nan,0.297190131,nan,nan,0.038012104,0,0,0
170.800000000,post,1,2,0.016000000,-0.238000000,-0.200000000,0.008608473,3.710882517,0.004333238,0.224180136,3.828568385,-0.041770003,3.798617840,3.835353614,-0.036735774,nan,nan,nan,nan,nan,nan,nan,nan,0.319412335,nan,nan,0.038012104,0,0,0
170.800000000,post,1,3,0.016000000,-0.238000000,-0.100000000,-3.703701734,3.723951370,0.011141014,-3.519396951,3.953886715,-0.047031601,5.347693920,5.293542011,0.054151909,nan,nan,nan,nan,nan,nan,nan,nan,0.694066089,nan,nan,0.038012104,0,0,0
170.900000000,pre,1,0,-0.004000000,-0.138000000,-0.200000000,-3.641019207,0.018950515,0.008510617,-3.696311583,0.186270534,-0.028068405,3.709877014,3.701108464,0.008768550,nan,nan,nan,nan,nan,nan,nan,nan,0.018198217,nan,nan,0.000000000,0,0,0
170.900000000,pre,1,2,-0.004000000,-0.138000000,-0.200000000,0.008374637,3.643141418,0.003685640,0.254719833,3.701901850,-0.042387070,3.688748837,3.710896948,-0.022148112,nan,nan,nan,nan,nan,nan,nan,nan,0.116103873,nan,nan,0.000000000,0,0,0
170.900000000,pre,1,3,-0.004000000,-0.138000000,-0.100000000,-3.635190719,3.655994711,0.010525283,-3.524883895,3.888294482,-0.064042632,5.245760918,5.248594279,-0.002833362,nan,nan,nan,nan,nan,nan,nan,nan,0.001900104,nan,nan,0.000000000,0,0,0
170.900000000,post,1,0,-0.004000000,-0.138000000,-0.200000000,-3.641019207,0.018950515,0.008510617,-3.707461031,0.168215953,-0.028068405,3.709877014,3.711381379,-0.001504365,nan,nan,nan,nan,nan,nan,nan,nan,0.000535648,nan,nan,0.007204449,0,0,0
170.900000000,post,1,2,-0.004000000,-0.138000000,-0.200000000,0.008374637,3.643141418,0.003685640,0.243570385,3.683847269,-0.042387070,3.688748837,3.692134058,-0.003385221,nan,nan,nan,nan,nan,nan,nan,nan,0.002712360,nan,nan,0.007204449,0,0,0
170.900000000,post,1,3,-0.004000000,-0.138000000,-0.100000000,-3.635190719,3.655994711,0.010525283,-3.536033343,3.870239902,-0.064042632,5.245760918,5.242746433,0.003014485,nan,nan,nan,nan,nan,nan,nan,nan,0.002150797,nan,nan,0.007204449,0,0,0
171.000000000,pre,1,0,0.016000000,-0.038000000,-0.200000000,-3.578968025,0.019076507,0.007581092,-3.595511941,0.116442321,-0.024687053,3.605622053,3.597481672,0.008140381,nan,nan,nan,nan,nan,nan,nan,nan,0.015684214,nan,nan,0.000000000,0,0,0
171.000000000,pre,1,2,0.016000000,-0.038000000,-0.200000000,0.008148398,3.581526853,0.003044388,0.153110153,3.650703381,-0.028872910,3.602324963,3.654026756,-0.051701794,nan,nan,nan,nan,nan,nan,nan,nan,0.632680587,nan,nan,0.000000000,0,0,0
171.000000000,pre,1,3,0.016000000,-0.038000000,-0.100000000,-3.572975582,3.594138576,0.009890231,-3.478592377,3.750652534,-0.044873183,5.130966663,5.115663492,0.015303172,nan,nan,nan,nan,nan,nan,nan,nan,0.055428890,nan,nan,0.000000000,0,0,0
171.000000000,post,1,0,0.016000000,-0.038000000,-0.200000000,-3.578968025,0.019076507,0.007581092,-3.619227915,0.084065264,-0.024687053,3.605622053,3.620288265,-0.014666212,nan,nan,nan,nan,nan,nan,nan,nan,0.050910715,nan,nan,0.025771540,0,0,0
171.000000000,post,1,2,0.016000000,-0.038000000,-0.200000000,0.008148398,3.581526853,0.003044388,0.129394178,3.618326324,-0.028872910,3.602324963,3.620754325,-0.018429362,nan,nan,nan,nan,nan,nan,nan,nan,0.080388496,nan,nan,0.025771540,0,0,0
171.000000000,post,1,3,0.016000000,-0.038000000,-0.100000000,-3.572975582,3.594138576,0.009890231,-3.502308352,3.718275477,-0.044873183,5.130966663,5.108204177,0.022762486,nan,nan,nan,nan,nan,nan,nan,nan,0.122634502,nan,nan,0.025771540,0,0,0
171.100000000,pre,1,0,-0.004000000,-0.138000000,-0.200000000,-3.515688461,0.019156850,0.006488470,-3.581529505,0.056691876,-0.010683525,3.563781738,3.581994096,-0.018212357,nan,nan,nan,nan,nan,nan,nan,nan,0.078506500,nan,nan,0.000000000,0,0,0
171.100000000,pre,1,2,-0.004000000,-0.138000000,-0.200000000,0.007921708,3.518699123,0.002303775,0.106226559,3.610797882,-0.004246347,3.540654659,3.612362587,-0.071707928,nan,nan,nan,nan,nan,nan,nan,nan,1.217047787,nan,nan,0.000000000,0,0,0
171.100000000,pre,1,3,-0.004000000,-0.138000000,-0.100000000,-3.509584931,3.531027232,0.009150591,-3.522801431,3.638569799,-0.015232830,nan,5.064538690,nan,nan,nan,nan,nan,nan,nan,nan,nan,nan,nan,nan,0.000000000,0,0,0
171.100000000,post,1,0,-0.004000000,-0.138000000,-0.200000000,-3.515688461,0.019156850,0.006488470,-3.565023245,-0.010996557,-0.010683525,3.563781738,3.565056212,-0.001274474,nan,nan,nan,nan,nan,nan,nan,nan,0.000384446,nan,nan,0.077666890,0,0,0
171.100000000,post,1,2,-0.004000000,-0.138000000,-0.200000000,0.007921708,3.518699123,0.002303775,0.122732819,3.543109449,-0.004246347,3.540654659,3.545237079,-0.004582419,nan,nan,nan,nan,nan,nan,nan,nan,0.004970075,nan,nan,0.077666890,0,0,0
171.100000000,post,1,3,-0.004000000,-0.138000000,-0.100000000,-3.509584931,3.531027232,0.009150591,-3.506295171,3.570881366,-0.015232830,nan,5.004551088,nan,nan,nan,nan,nan,nan,nan,nan,nan,nan,nan,nan,0.077666890,0,0,0
171.200000000,pre,1,0,0.016000000,-0.136000000,-0.200000000,-3.452515253,0.019202472,0.005437898,-3.480615494,0.021351710,0.006320765,3.523379564,3.480686723,0.042692841,nan,nan,nan,nan,nan,nan,nan,nan,0.431403244,nan,nan,0.000000000,0,0,0
171.200000000,pre,1,2,0.016000000,-0.136000000,-0.200000000,0.007713842,3.455976479,0.001495563,0.052016775,3.550047430,0.007670418,3.445439816,3.550436781,-0.104996966,nan,nan,nan,nan,nan,nan,nan,nan,2.609316648,nan,nan,0.000000000,0,0,0
171.200000000,pre,1,3,0.016000000,-0.136000000,-0.100000000,-3.446334162,3.467979802,0.008431387,-3.459256562,3.515810691,-0.013389723,4.964872360,4.932297645,0.032574715,nan,nan,nan,nan,nan,nan,nan,nan,0.251150782,nan,nan,0.000000000,0,0,0
171.200000000,post,1,0,0.016000000,-0.136000000,-0.200000000,-3.452515253,0.019202472,0.005437898,-3.545634121,-0.051514234,0.006320765,3.523379564,3.546013958,-0.022634394,nan,nan,nan,nan,nan,nan,nan,nan,0.121258173,nan,nan,0.152589885,0,0,0
171.200000000,post,1,2,0.016000000,-0.136000000,-0.200000000,0.007713842,3.455976479,0.001495563,-0.013001853,3.477181486,0.007670418,3.445439816,3.477214254,-0.031774439,nan,nan,nan,nan,nan,nan,nan,nan,0.238962119,nan,nan,0.152589885,0,0,0
171.200000000,post,1,3,0.016000000,-0.136000000,-0.100000000,-3.446334162,3.467979802,0.008431387,-3.524275189,3.442944747,-0.013389723,4.964872360,4.926922307,0.037950053,nan,nan,nan,nan,nan,nan,nan,nan,0.340877280,nan,nan,0.152589885,0,0,0
171.300000000,pre,1,0,-0.004000000,-0.038000000,-0.200000000,-3.391977679,0.019203939,0.004633548,-3.505040779,-0.003222021,0.001251521,3.464084148,3.505042483,-0.040958335,nan,nan,nan,nan,nan,nan,nan,nan,0.397061586,nan,nan,0.000000000,0,0,0
171.300000000,pre,1,2,-0.004000000,-0.038000000,-0.200000000,0.007509023,3.395907542,0.000777491,0.014018583,3.434045228,-0.009051425,3.411832094,3.434085770,-0.022253676,nan,nan,nan,nan,nan,nan,nan,nan,0.117213274,nan,nan,0.000000000,0,0,0
171.300000000,pre,1,3,-0.004000000,-0.038000000,-0.100000000,-3.385748615,3.407567025,0.007865198,-3.482679504,3.457440066,-0.017511213,4.842111111,4.907469305,-0.065358194,nan,nan,nan,nan,nan,nan,nan,nan,1.011051734,nan,nan,0.000000000,0,0,0
171.300000000,post,1,0,-0.004000000,-0.038000000,-0.200000000,-3.391977679,0.019203939,0.004633548,-3.458581601,-0.032418807,0.001251521,3.464084148,3.458733762,0.005350386,nan,nan,nan,nan,nan,nan,nan,nan,0.006775535,nan,nan,0.048174520,0,0,0
171.300000000,post,1,2,-0.004000000,-0.038000000,-0.200000000,0.007509023,3.395907542,0.000777491,0.060477761,3.404848442,-0.009051425,3.411832094,3.405397539,0.006434555,nan,nan,nan,nan,nan,nan,nan,nan,0.009799645,nan,nan,0.048174520,0,0,0
171.300000000,post,1,3,-0.004000000,-0.038000000,-0.100000000,-3.385748615,3.407567025,0.007865198,-3.436220326,3.428243280,-0.017511213,4.842111111,4.853943630,-0.011832519,nan,nan,nan,nan,nan,nan,nan,nan,0.033138107,nan,nan,0.048174520,0,0,0
171.400000000,pre,1,0,0.016000000,-0.138000000,-0.200000000,-3.326541280,0.019138800,0.004032278,-3.352513323,0.022282948,-0.028277240,3.361492634,3.352706625,0.008786009,nan,nan,nan,nan,nan,nan,nan,nan,0.018270757,nan,nan,0.000000000,0,0,0
171.400000000,pre,1,2,0.016000000,-0.138000000,-0.200000000,0.007265452,3.331085099,0.000211341,-0.010334785,3.382874806,-0.017588209,3.407277346,3.382936314,0.024341032,nan,nan,nan,nan,nan,nan,nan,nan,0.140233332,nan,nan,0.000000000,0,0,0
171.400000000,pre,1,3,0.016000000,-0.138000000,-0.100000000,-3.320317102,3.342363620,0.007387809,-3.361399546,3.380775551,-0.028324679,4.775904179,4.767541560,0.008362619,nan,nan,nan,nan,nan,nan,nan,nan,0.016552283,nan,nan,0.000000000,0,0,0
171.400000000,post,1,0,0.016000000,-0.138000000,-0.200000000,-3.326541280,0.019138800,0.004032278,-3.355994171,0.040469983,-0.028277240,3.361492634,3.356357296,0.005135338,nan,nan,nan,nan,nan,nan,nan,nan,0.006241822,nan,nan,0.005486152,0,0,0
171.400000000,post,1,2,0.016000000,-0.138000000,-0.200000000,0.007265452,3.331085099,0.000211341,-0.013815633,3.401061840,-0.017588209,3.407277346,3.401135377,0.006141968,nan,nan,nan,nan,nan,nan,nan,nan,0.008928704,nan,nan,0.005486152,0,0,0
171.400000000,post,1,3,0.016000000,-0.138000000,-0.100000000,-3.320317102,3.342363620,0.007387809,-3.364880394,3.398962585,-0.028324679,4.775904179,4.782903826,-0.006999647,nan,nan,nan,nan,nan,nan,nan,nan,0.011596464,nan,nan,0.005486152,0,0,0
171.500000000,pre,1,0,-0.004000000,-0.038000000,-0.200000000,-3.258854761,0.018972881,0.003593831,-3.321091491,0.031305260,0.007064463,3.313343763,3.321246546,-0.007902783,nan,nan,nan,nan,nan,nan,nan,nan,0.014782006,nan,nan,0.000000000,0,0,0
171.500000000,pre,1,2,-0.004000000,-0.038000000,-0.200000000,0.007019366,3.264162496,-0.000152992,0.027526867,3.354396757,-0.005389418,3.380726337,3.354514030,0.026212307,nan,nan,nan,nan,nan,nan,nan,nan,0.162623678,nan,nan,0.000000000,0,0,0
171.500000000,pre,1,3,-0.004000000,-0.038000000,-0.100000000,-3.252738259,3.275068131,0.006953826,-3.336247491,3.355107800,-0.004896459,4.722915173,4.731524029,-0.008608857,nan,nan,nan,nan,nan,nan,nan,nan,0.017541400,nan,nan,0.000000000,0,0,0
171.500000000,post,1,0,-0.004000000,-0.038000000,-0.200000000,-3.258854761,0.018972881,0.003593831,-3.306395814,0.048705684,0.007064463,3.313343763,3.306762076,0.006581687,nan,nan,nan,nan,nan,nan,nan,nan,0.010252924,nan,nan,0.008299803,0,0,0
171.500000000,post,1,2,-0.004000000,-0.038000000,-0.200000000,0.007019366,3.264162496,-0.000152992,0.042222544,3.371797182,-0.005389418,3.380726337,3.372065840,0.008660498,nan,nan,nan,nan,nan,nan,nan,nan,0.017752479,nan,nan,0.008299803,0,0,0
171.500000000,post,1,3,-0.004000000,-0.038000000,-0.100000000,-3.252738259,3.275068131,0.006953826,-3.321551813,3.372508224,-0.004896459,4.722915173,4.733554917,-0.010639744,nan,nan,nan,nan,nan,nan,nan,nan,0.026793882,nan,nan,0.008299803,0,0,0
171.600000000,pre,1,0,0.016000000,-0.138000000,-0.200000000,-3.201539303,0.018743170,0.003288786,-3.185230808,0.050961560,-0.004374520,nan,3.185641461,nan,nan,nan,nan,nan,nan,nan,nan,nan,nan,nan,nan,0.000000000,0,0,0
171.600000000,pre,1,2,0.016000000,-0.138000000,-0.200000000,0.006854818,3.207546776,-0.000342126,0.031670091,3.276850976,-0.008210059,3.326754093,3.277014300,0.049739794,nan,nan,nan,nan,nan,nan,nan,nan,0.585573270,nan,nan,0.000000000,0,0,0
171.600000000,pre,1,3,0.016000000,-0.138000000,-0.100000000,-3.195597412,3.218168960,0.006597515,-3.218513785,3.326454374,-0.002052248,4.612080574,4.628621166,-0.016540592,nan,nan,nan,nan,nan,nan,nan,nan,0.064755310,nan,nan,0.000000000,0,0,0
171.600000000,post,1,0,0.016000000,-0.138000000,-0.200000000,-3.201539303,0.018743170,0.003288786,-3.125596036,0.092680356,-0.004374520,nan,3.126972876,nan,nan,nan,nan,nan,nan,nan,nan,nan,nan,nan,nan,0.084748223,0,0,0
171.600000000,post,1,2,0.016000000,-0.138000000,-0.200000000,0.006854818,3.207546776,-0.000342126,0.091304863,3.318569772,-0.008210059,3.326754093,3.319835736,0.006918357,nan,nan,nan,nan,nan,nan,nan,nan,0.011328678,nan,nan,0.084748223,0,0,0
171.600000000,post,1,3,0.016000000,-0.138000000,-0.100000000,-3.195597412,3.218168960,0.006597515,-3.158879013,3.368173170,-0.002052248,4.612080574,4.617695457,-0.005614883,nan,nan,nan,nan,nan,nan,nan,nan,0.007461991,nan,nan,0.084748223,0,0,0
171.700000000,pre,1,0,0.002000000,-0.138000000,-0.200000000,-3.140931508,0.018400253,0.002922718,-3.176825524,0.098234769,0.002824287,3.242661953,3.178345239,0.064316714,nan,nan,nan,nan,nan,nan,nan,nan,0.979086324,nan,nan,0.000000000,0,0,0
171.700000000,pre,1,2,0.002000000,-0.138000000,-0.200000000,0.006752959,3.147660451,-0.000421756,0.128140851,3.301290326,-0.008366386,3.274536133,3.303786901,-0.029250768,nan,nan,nan,nan,nan,nan,nan,nan,0.202510639,nan,nan,0.000000000,0,0,0
171.700000000,pre,1,3,0.002000000,-0.138000000,-0.100000000,-3.135211136,3.158023208,0.006178770,-3.090448582,3.269920374,0.004394887,4.564574242,4.499252272,0.065321970,nan,nan,nan,nan,nan,nan,nan,nan,1.009931306,nan,nan,0.000000000,0,0,0
171.700000000,post,1,0,0.002000000,-0.138000000,-0.200000000,-3.140931508,0.018400253,0.002922718,-3.251740057,0.087015152,0.002824287,3.242661953,3.252905319,-0.010243366,nan,nan,nan,nan,nan,nan,nan,nan,0.024834685,nan,nan,0.091809073,0,0,0
171.700000000,post,1,2,0.002000000,-0.138000000,-0.200000000,0.006752959,3.147660451,-0.000421756,0.053226318,3.290070709,-0.008366386,3.274536133,3.290511861,-0.015975728,nan,nan,nan,nan,nan,nan,nan,nan,0.060408018,nan,nan,0.091809073,0,0,0
171.700000000,post,1,3,0.002000000,-0.138000000,-0.100000000,-3.135211136,3.158023208,0.006178770,-3.165363115,3.258700757,0.004394887,4.564574242,4.542980694,0.021593548,nan,nan,nan,nan,nan,nan,nan,nan,0.110362437,nan,nan,0.091809073,0,0,0
171.800000000,pre,1,0,0.018000000,-0.238000000,-0.200000000,-3.078381027,0.017915925,0.002432510,-3.219166677,0.102481029,0.001432823,3.109751463,3.220797806,-0.111046343,nan,nan,nan,nan,nan,nan,nan,nan,2.918648602,nan,nan,0.000000000,0,0,0
171.800000000,pre,1,2,0.018000000,-0.238000000,-0.200000000,0.006724619,3.085794434,-0.000449519,0.013554653,3.151042159,-0.012075070,3.182739735,3.151094448,0.031645286,nan,nan,nan,nan,nan,nan,nan,nan,0.237023464,nan,nan,0.000000000,0,0,0
171.800000000,pre,1,3,0.018000000,-0.238000000,-0.100000000,-3.072874572,3.095919567,0.005561685,-3.059975274,3.235175743,0.009186231,4.468451977,4.453077043,0.015374934,nan,nan,nan,nan,nan,nan,nan,nan,0.055949965,nan,nan,0.000000000,0,0,0
171.800000000,post,1,0,0.018000000,-0.238000000,-0.200000000,-3.078381027,0.017915925,0.002432510,-3.135600439,0.153508774,0.001432823,3.109751463,3.139356161,-0.029604698,nan,nan,nan,nan,nan,nan,nan,nan,0.207440986,nan,nan,0.153394350,0,0,0
171.800000000,post,1,2,0.018000000,-0.238000000,-0.200000000,0.006724619,3.085794434,-0.000449519,0.097120891,3.202069904,-0.012075070,3.182739735,3.203565193,-0.020825458,nan,nan,nan,nan,nan,nan,nan,nan,0.102650816,nan,nan,0.153394350,0,0,0
171.800000000,post,1,3,0.018000000,-0.238000000,-0.100000000,-3.072874572,3.095919567,0.005561685,-2.976409035,3.286203487,0.009186231,4.468451977,4.433760085,0.034691892,nan,nan,nan,nan,nan,nan,nan,nan,0.284858544,nan,nan,0.153394350,0,0,0
171.900000000,pre,1,0,-0.004000000,-0.136000000,-0.200000000,-3.017547609,0.017291086,0.001877700,-3.016864529,0.108545333,-0.003166103,3.058428288,3.018818262,0.039610025,nan,nan,nan,nan,nan,nan,nan,nan,0.371350080,nan,nan,0.000000000,0,0,0
171.900000000,pre,1,2,-0.004000000,-0.136000000,-0.200000000,0.006718317,3.025529546,-0.000546283,0.085535259,3.192003723,-0.016565208,3.054311752,3.193192518,-0.138880766,nan,nan,nan,nan,nan,nan,nan,nan,4.565175629,nan,nan,0.000000000,0,0,0
171.900000000,pre,1,3,-0.004000000,-0.136000000,-0.100000000,-3.012230172,3.035450470,0.004741503,-2.975049964,3.201175141,0.018367509,4.443408966,4.370215319,0.073193647,nan,nan,nan,nan,nan,nan,nan,nan,1.268002353,nan,nan,0.000000000,0,0,0
171.900000000,post,1,0,-0.004000000,-0.136000000,-0.200000000,-3.017547609,0.017291086,0.001877700,-3.103083100,0.027483358,-0.003166103,3.058428288,3.103206420,-0.044778132,nan,nan,nan,nan,nan,nan,nan,nan,0.474575412,nan,nan,0.224074971,0,0,0
171.900000000,post,1,2,-0.004000000,-0.136000000,-0.200000000,0.006718317,3.025529546,-0.000546283,-0.000683312,3.110941748,-0.016565208,3.054311752,3.110985926,-0.056674174,nan,nan,nan,nan,nan,nan,nan,nan,0.760227693,nan,nan,0.224074971,0,0,0
171.900000000,post,1,3,-0.004000000,-0.136000000,-0.100000000,-3.012230172,3.035450470,0.004741503,-3.061268534,3.120113166,0.018367509,4.443408966,4.371133557,0.072275409,nan,nan,nan,nan,nan,nan,nan,nan,1.236386926,nan,nan,0.224074971,0,0,0
172.000000000,pre,1,0,0.016000000,-0.236000000,-0.200000000,-2.958377298,0.016521602,0.001267329,-3.059138931,0.022435393,0.000393836,3.002369404,3.059221225,-0.056851821,nan,nan,nan,nan,nan,nan,nan,nan,0.765001078,nan,nan,0.000000000,0,0,0
172.000000000,pre,1,2,0.016000000,-0.236000000,-0.200000000,0.006665321,2.966766749,-0.000722801,0.002644667,3.040186613,-0.020762586,3.020997286,3.040258660,-0.019261374,nan,nan,nan,nan,nan,nan,nan,nan,0.087810776,nan,nan,0.000000000,0,0,0
172.000000000,pre,1,3,0.016000000,-0.236000000,-0.100000000,-2.953244183,2.976553200,0.003739525,-3.031069531,3.082389278,0.005632179,4.346550941,4.323024160,0.023526782,nan,nan,nan,nan,nan,nan,nan,nan,0.131008157,nan,nan,0.000000000,0,0,0
172.000000000,post,1,0,0.016000000,-0.236000000,-0.200000000,-2.958377298,0.016521602,0.001267329,-3.030962220,0.029586430,0.000393836,3.002369404,3.031106645,-0.028737241,nan,nan,nan,nan,nan,nan,nan,nan,0.195462491,nan,nan,0.013521030,0,0,0
172.000000000,post,1,2,0.016000000,-0.236000000,-0.200000000,0.006665321,2.966766749,-0.000722801,0.030821378,3.047337649,-0.020762586,3.020997286,3.047564239,-0.026566953,nan,nan,nan,nan,nan,nan,nan,nan,0.167053964,nan,nan,0.013521030,0,0,0
172.000000000,post,1,3,0.016000000,-0.236000000,-0.100000000,-2.953244183,2.976553200,0.003739525,-3.002892820,3.089540314,0.005632179,4.346550941,4.308440131,0.038110810,nan,nan,nan,nan,nan,nan,nan,nan,0.343771322,nan,nan,0.013521030,0,0,0
172.100000000,pre,1,0,-0.004000000,-0.130000000,-0.200000000,-2.897223493,0.015543796,0.000493402,-2.954020772,0.070625146,-0.000218852,2.960451603,2.954864918,0.005586685,nan,nan,nan,nan,nan,nan,nan,nan,0.007387230,nan,nan,0.000000000,0,0,0
172.100000000,pre,1,2,-0.004000000,-0.130000000,-0.200000000,0.006524976,2.905846469,-0.000982369,0.015353788,3.033018765,-0.001895738,2.965043545,3.033058219,-0.068014674,nan,nan,nan,nan,nan,nan,nan,nan,1.094910269,nan,nan,0.000000000,0,0,0
172.100000000,pre,1,3,-0.004000000,-0.130000000,-0.100000000,-2.892322465,2.915600001,0.002394498,-2.917505434,2.982999854,0.008071114,4.235432625,4.172552124,0.062880501,nan,nan,nan,nan,nan,nan,nan,nan,0.935847898,nan,nan,0.000000000,0,0,0
172.100000000,post,1,0,-0.004000000,-0.130000000,-0.200000000,-2.897223493,0.015543796,0.000493402,-2.995288896,0.042175303,-0.000218852,2.960451603,2.995585814,-0.035134212,nan,nan,nan,nan,nan,nan,nan,nan,0.292168715,nan,nan,0.040199225,0,0,0
172.100000000,post,1,2,-0.004000000,-0.130000000,-0.200000000,0.006524976,2.905846469,-0.000982369,-0.025914335,3.004568922,-0.001895738,2.965043545,3.004681273,-0.039637728,nan,nan,nan,nan,nan,nan,nan,nan,0.371869705,nan,nan,0.040199225,0,0,0
172.100000000,post,1,3,-0.004000000,-0.130000000,-0.100000000,-2.892322465,2.915600001,0.002394498,-2.958773557,2.954550011,0.008071114,4.235432625,4.181360051,0.054072574,nan,nan,nan,nan,nan,nan,nan,nan,0.692033912,nan,nan,0.040199225,0,0,0
172.200000000,pre,1,0,0.016000000,-0.230000000,-0.200000000,-2.840017578,0.014476402,-0.000319038,-2.973118328,0.026936785,-0.012212912,2.878571987,2.973265433,-0.094693446,nan,nan,nan,nan,nan,nan,nan,nan,3.586739493,nan,nan,0.000000000,0,0,0
172.200000000,pre,1,2,0.016000000,-0.230000000,-0.200000000,0.006312176,2.848672687,-0.001247697,0.021245248,2.905700130,0.013246745,2.870046616,2.905807991,-0.035761376,nan,nan,nan,nan,nan,nan,nan,nan,0.511550395,nan,nan,0.000000000,0,0,0
172.200000000,pre,1,3,0.016000000,-0.230000000,-0.100000000,-2.835404220,2.858484800,0.000843715,-2.937708372,2.928506850,0.022938885,4.100799561,4.148109092,-0.047309532,nan,nan,nan,nan,nan,nan,nan,nan,0.895276718,nan,nan,0.000000000,0,0,0
172.200000000,post,1,0,0.016000000,-0.230000000,-0.200000000,-2.840017578,0.014476402,-0.000319038,-2.897106440,0.005660464,-0.012212912,2.878571987,2.897137712,-0.018565724,nan,nan,nan,nan,nan,nan,nan,nan,0.137874448,nan,nan,0.099687823,0,0,0
172.200000000,post,1,2,0.016000000,-0.230000000,-0.200000000,0.006312176,2.848672687,-0.001247697,0.097257136,2.884423809,0.013246745,2.870046616,2.886093404,-0.016046789,nan,nan,nan,nan,nan,nan,nan,nan,0.102999772,nan,nan,0.099687823,0,0,0
172.200000000,post,1,3,0.016000000,-0.230000000,-0.100000000,-2.835404220,2.858484800,0.000843715,-2.861696484,2.907230529,0.022938885,4.100799561,4.079438970,0.021360591,nan,nan,nan,nan,nan,nan,nan,nan,0.182509931,nan,nan,0.099687823,0,0,0
172.300000000,pre,1,0,-0.004000000,-0.034000000,-0.200000000,-2.781971192,0.013285113,-0.001137249,-2.769808413,0.013327427,-0.014264891,2.845900774,2.769877209,0.076023565,nan,nan,nan,nan,nan,nan,nan,nan,2.311832994,nan,nan,0.000000000,0,0,0
172.300000000,pre,1,2,-0.004000000,-0.034000000,-0.200000000,0.006044748,2.790498699,-0.001448921,0.079470890,2.828755350,0.004972991,2.865659714,2.829875824,0.035783890,nan,nan,nan,nan,nan,nan,nan,nan,0.512194700,nan,nan,0.000000000,0,0,0
172.300000000,pre,1,3,-0.004000000,-0.034000000,-0.100000000,-2.777720724,2.800410741,-0.000866600,-2.815252544,2.801917126,0.022674819,4.008359909,3.972014679,0.036345230,nan,nan,nan,nan,nan,nan,nan,nan,0.528390299,nan,nan,0.000000000,0,0,0
172.300000000,post,1,0,-0.004000000,-0.034000000,-0.200000000,-2.781971192,0.013285113,-0.001137249,-2.828472538,0.035036157,-0.014264891,2.845900774,2.828725494,0.017175280,nan,nan,nan,nan,nan,nan,nan,nan,0.117996103,nan,nan,0.062603977,0,0,0
172.300000000,post,1,2,-0.004000000,-0.034000000,-0.200000000,0.006044748,2.790498699,-0.001448921,0.020806765,2.850464079,0.004972991,2.865659714,2.850544355,0.015115359,nan,nan,nan,nan,nan,nan,nan,nan,0.091389631,nan,nan,0.062603977,0,0,0
172.300000000,post,1,3,-0.004000000,-0.034000000,-0.100000000,-2.777720724,2.800410741,-0.000866600,-2.873916669,2.823625855,0.022674819,4.008359909,4.028991702,-0.020631793,nan,nan,nan,nan,nan,nan,nan,nan,0.170268357,nan,nan,0.062603977,0,0,0
172.400000000,pre,1,0,0.016000000,-0.034000000,-0.200000000,-2.721988166,0.011973648,-0.001953592,-2.839412644,0.047229946,-0.028521721,2.744597912,2.839948648,-0.095350736,nan,nan,nan,nan,nan,nan,nan,nan,3.636705138,nan,nan,0.000000000,0,0,0
172.400000000,pre,1,2,0.016000000,-0.034000000,-0.200000000,0.005743872,2.730282591,-0.001579613,-0.007062625,2.820250772,-0.002575811,2.782309055,2.820260792,-0.037951736,nan,nan,nan,nan,nan,nan,nan,nan,0.576133718,nan,nan,0.000000000,0,0,0
172.400000000,pre,1,3,0.016000000,-0.034000000,-0.100000000,-2.718191125,2.740269040,-0.002635745,-2.841567366,2.775313387,0.010487498,3.911867619,3.972024607,-0.060156988,nan,nan,nan,nan,nan,nan,nan,nan,1.447545302,nan,nan,0.000000000,0,0,0
172.400000000,post,1,0,0.016000000,-0.034000000,-0.200000000,-2.721988166,0.011973648,-0.001953592,-2.759117463,0.020453526,-0.028521721,2.744597912,2.759340684,-0.014742772,nan,nan,nan,nan,nan,nan,nan,nan,0.086939733,nan,nan,0.114628685,0,0,0
172.400000000,post,1,2,0.016000000,-0.034000000,-0.200000000,0.005743872,2.730282591,-0.001579613,0.073232557,2.793474353,-0.002575811,2.782309055,2.794435292,-0.012126237,nan,nan,nan,nan,nan,nan,nan,nan,0.058818245,nan,nan,0.114628685,0,0,0
172.400000000,post,1,3,0.016000000,-0.034000000,-0.100000000,-2.718191125,2.740269040,-0.002635745,-2.761272185,2.748536967,0.010487498,3.911867619,3.896047937,0.015819682,nan,nan,nan,nan,nan,nan,nan,nan,0.100104932,nan,nan,0.114628685,0,0,0
172.500000000,pre,1,0,-0.004000000,-0.134000000,-0.200000000,-2.664802962,0.010655699,-0.002738543,-2.680775194,-0.012563262,-0.031682198,2.705372810,2.680991839,0.024380972,nan,nan,nan,nan,nan,nan,nan,nan,0.237772711,nan,nan,0.000000000,0,0,0
172.500000000,pre,1,2,-0.004000000,-0.134000000,-0.200000000,0.005432484,2.672823398,-0.001718089,0.030659860,2.703485033,0.000065025,2.730801582,2.703658883,0.027142699,nan,nan,nan,nan,nan,nan,nan,nan,0.294690448,nan,nan,0.000000000,0,0,0
172.500000000,pre,1,3,-0.004000000,-0.134000000,-0.100000000,-2.661506457,2.682814768,-0.004242783,-2.654569905,2.699818891,0.010905873,3.870684862,3.786275526,0.084409336,nan,nan,nan,nan,nan,nan,nan,nan,2.849974391,nan,nan,0.000000000,0,0,0
172.500000000,post,1,0,-0.004000000,-0.134000000,-0.200000000,-2.664802962,0.010655699,-0.002738543,-2.721038093,0.030826017,-0.031682198,2.705372810,2.721397124,-0.016024314,nan,nan,nan,nan,nan,nan,nan,nan,0.102711450,nan,nan,0.056059688,0,0,0
172.500000000,post,1,2,-0.004000000,-0.134000000,-0.200000000,0.005432484,2.672823398,-0.001718089,-0.009603039,2.746874312,0.000065025,2.730801582,2.746891099,-0.016089517,nan,nan,nan,nan,nan,nan,nan,nan,0.103549017,nan,nan,0.056059688,0,0,0
172.500000000,post,1,3,-0.004000000,-0.134000000,-0.100000000,-2.661506457,2.682814768,-0.004242783,-2.694832803,2.743208170,0.010905873,3.870684862,3.845443256,0.025241606,nan,nan,nan,nan,nan,nan,nan,nan,0.254855468,nan,nan,0.056059688,0,0,0
172.600000000,pre,1,0,0.016000000,-0.134000000,-0.200000000,-2.604873014,0.009054360,-0.003652750,-2.663395242,0.041803727,-0.041723121,2.642867088,2.664050035,-0.021182946,nan,nan,nan,nan,nan,nan,nan,nan,0.179486885,nan,nan,0.000000000,0,0,0
172.600000000,pre,1,2,0.016000000,-0.134000000,-0.200000000,0.005150079,2.612640560,-0.002035178,0.002806275,2.681348539,0.007019488,2.700278759,2.681359196,0.018919563,nan,nan,nan,nan,nan,nan,nan,nan,0.143179949,nan,nan,0.000000000,0,0,0
172.600000000,pre,1,3,0.016000000,-0.134000000,-0.100000000,-2.602123524,2.622600599,-0.005855668,-2.717845300,2.707817475,0.028137180,3.776741505,3.836632671,-0.059891166,nan,nan,nan,nan,nan,nan,nan,nan,1.434780721,nan,nan,0.000000000,0,0,0
172.600000000,post,1,0,0.016000000,-0.134000000,-0.200000000,-2.604873014,0.009054360,-0.003652750,-2.622674780,0.039678468,-0.041723121,2.642867088,2.623306730,0.019560358,nan,nan,nan,nan,nan,nan,nan,nan,0.153043047,nan,nan,0.026602765,0,0,0
172.600000000,post,1,2,0.016000000,-0.134000000,-0.200000000,0.005150079,2.612640560,-0.002035178,0.043526737,2.679223281,0.007019488,2.700278759,2.679586020,0.020692739,nan,nan,nan,nan,nan,nan,nan,nan,0.171275783,nan,nan,0.026602765,0,0,0
172.600000000,post,1,3,0.016000000,-0.134000000,-0.100000000,-2.602123524,2.622600599,-0.005855668,-2.677124837,2.705692216,0.028137180,3.776741505,3.806384041,-0.029642536,nan,nan,nan,nan,nan,nan,nan,nan,0.351471975,nan,nan,0.026602765,0,0,0
172.700000000,pre,1,0,-0.004000000,-0.034000000,-0.200000000,-2.558908284,0.007525503,-0.004327570,-2.534900071,0.006601175,-0.009185888,2.556898355,2.534925309,0.021973046,nan,nan,nan,nan,nan,nan,nan,nan,0.193125902,nan,nan,0.000000000,0,0,0
172.700000000,pre,1,2,-0.004000000,-0.034000000,-0.200000000,0.005031726,2.566374946,-0.002372240,0.001459673,2.638283880,0.019727649,2.641499996,2.638358039,0.003141957,nan,nan,nan,nan,nan,nan,nan,nan,0.003948758,nan,nan,0.000000000,0,0,0
172.700000000,pre,1,3,-0.004000000,-0.034000000,-0.100000000,-2.556599714,2.576359648,-0.006936026,-2.537431335,2.642030757,0.037575942,3.703587770,3.663372251,0.040215519,nan,nan,nan,nan,nan,nan,nan,nan,0.646915200,nan,nan,0.000000000,0,0,0
172.700000000,post,1,0,-0.004000000,-0.034000000,-0.200000000,-2.558908284,0.007525503,-0.004327570,-2.563940233,0.017754273,-0.009185888,2.556898355,2.564018157,-0.007119802,nan,nan,nan,nan,nan,nan,nan,nan,0.020276631,nan,nan,0.015483562,0,0,0
172.700000000,post,1,2,-0.004000000,-0.034000000,-0.200000000,0.005031726,2.566374946,-0.002372240,-0.027580489,2.649436978,0.019727649,2.641499996,2.649653971,-0.008153975,nan,nan,nan,nan,nan,nan,nan,nan,0.026594921,nan,nan,0.015483562,0,0,0
172.700000000,post,1,3,-0.004000000,-0.034000000,-0.100000000,-2.556599714,2.576359648,-0.006936026,-2.566471497,2.653183855,0.037575942,3.703587770,3.691554207,0.012033563,nan,nan,nan,nan,nan,nan,nan,nan,0.057922660,nan,nan,0.015483562,0,0,0
172.800000000,pre,1,0,-0.018000000,-0.134000000,-0.200000000,-2.500455302,0.005308786,-0.005255889,-2.575811919,0.015526762,-0.014416283,2.541162491,2.575899056,-0.034736566,nan,nan,nan,nan,nan,nan,nan,nan,0.482651596,nan,nan,0.000000000,0,0,0
172.800000000,pre,1,2,-0.018000000,-0.134000000,-0.200000000,0.004883529,2.507121314,-0.002933418,0.038684009,2.541649216,0.007647690,2.589338779,2.541955089,0.047383690,nan,nan,nan,nan,nan,nan,nan,nan,0.898085646,nan,nan,0.000000000,0,0,0
172.800000000,pre,1,3,-0.018000000,-0.134000000,-0.100000000,-2.498719942,2.517196223,-0.008208808,-2.495253069,2.629693797,0.046382565,3.621466160,3.625428069,-0.003961909,nan,nan,nan,nan,nan,nan,nan,nan,0.006278690,nan,nan,0.000000000,0,0,0
172.800000000,post,1,0,-0.018000000,-0.134000000,-0.200000000,-2.500455302,0.005308786,-0.005255889,-2.537237633,0.055495218,-0.014416283,2.541162491,2.537885410,0.003277080,nan,nan,nan,nan,nan,nan,nan,nan,0.004295702,nan,nan,0.049367248,0,0,0
172.800000000,post,1,2,-0.018000000,-0.134000000,-0.200000000,0.004883529,2.507121314,-0.002933418,0.077258294,2.581617672,0.007647690,2.589338779,2.582784764,0.006554016,nan,nan,nan,nan,nan,nan,nan,nan,0.017182049,nan,nan,0.049367248,0,0,0
172.800000000,post,1,3,-0.018000000,-0.134000000,-0.100000000,-2.498719942,2.517196223,-0.008208808,-2.456678783,2.669662253,0.046382565,3.621466160,3.628294163,-0.006828003,nan,nan,nan,nan,nan,nan,nan,nan,0.018648652,nan,nan,0.049367248,0,0,0
172.900000000,pre,1,0,-0.004000000,-0.034000000,-0.200000000,-2.446369874,0.003197951,-0.006154377,-2.475932097,0.065866027,-0.039681048,2.503785133,2.477125889,0.026659245,nan,nan,nan,nan,nan,nan,nan,nan,0.284286129,nan,nan,0.000000000,0,0,0
172.900000000,pre,1,2,-0.004000000,-0.034000000,-0.200000000,0.004548655,2.452010944,-0.003637151,0.101106138,2.538476117,-0.017084903,2.541408539,2.540546268,0.000862271,nan,nan,nan,nan,nan,nan,nan,nan,0.000297404,nan,nan,0.000000000,0,0,0
172.900000000,pre,1,3,-0.004000000,-0.034000000,-0.100000000,-2.445151738,2.462149907,-0.009295643,-2.364502142,2.592685281,0.047765676,3.492313385,3.509297495,-0.016984110,nan,nan,nan,nan,nan,nan,nan,nan,0.115383996,nan,nan,0.000000000,0,0,0
172.900000000,post,1,0,-0.004000000,-0.034000000,-0.200000000,-2.446369874,0.003197951,-0.006154377,-2.489664850,0.054699339,-0.039681048,2.503785133,2.490581793,0.013203340,nan,nan,nan,nan,nan,nan,nan,nan,0.069731277,nan,nan,0.005012535,0,0,0
172.900000000,post,1,2,-0.004000000,-0.034000000,-0.200000000,0.004548655,2.452010944,-0.003637151,0.087373386,2.527309429,-0.017084903,2.541408539,2.528877014,0.012531525,nan,nan,nan,nan,nan,nan,nan,nan,0.062815645,nan,nan,0.005012535,0,0,0
172.900000000,post,1,3,-0.004000000,-0.034000000,-0.100000000,-2.445151738,2.462149907,-0.009295643,-2.378234895,2.581518593,0.047765676,3.492313385,3.510344858,-0.018031473,nan,nan,nan,nan,nan,nan,nan,nan,0.130053610,nan,nan,0.005012535,0,0,0
173.000000000,pre,1,0,0.016000000,-0.134000000,-0.200000000,-2.398299421,0.001347877,-0.006922854,-2.458432580,0.072430143,-0.028377726,2.474961758,2.459663020,0.015298738,nan,nan,nan,nan,nan,nan,nan,nan,0.093620552,nan,nan,0.000000000,0,0,0
173.000000000,pre,1,2,0.016000000,-0.134000000,-0.200000000,0.004016881,2.403074700,-0.004440491,0.089988226,2.406656765,-0.025321814,2.494483232,2.408471685,0.086011547,nan,nan,nan,nan,nan,nan,nan,nan,2.959194497,nan,nan,0.000000000,0,0,0
173.000000000,pre,1,3,0.016000000,-0.134000000,-0.100000000,-2.397566732,2.413175256,-0.010160899,-2.356215101,2.525786072,0.033315047,3.474598408,3.454338544,0.020259864,nan,nan,nan,nan,nan,nan,nan,nan,0.164184840,nan,nan,0.000000000,0,0,0
173.000000000,post,1,0,0.016000000,-0.134000000,-0.200000000,-2.398299421,0.001347877,-0.006922854,-2.453589956,0.138215400,-0.028377726,2.474961758,2.457643681,0.017318077,nan,nan,nan,nan,nan,nan,nan,nan,0.119966310,nan,nan,0.069618416,0,0,0
173.000000000,post,1,2,0.016000000,-0.134000000,-0.200000000,0.004016881,2.403074700,-0.004440491,0.094830850,2.472442021,-0.025321814,2.494483232,2.474389548,0.020093685,nan,nan,nan,nan,nan,nan,nan,nan,0.161502468,nan,nan,0.069618416,0,0,0
173.000000000,post,1,3,0.016000000,-0.134000000,-0.100000000,-2.397566732,2.413175256,-0.010160899,-2.351372477,2.591571328,0.033315047,3.474598408,3.499472012,-0.024873605,nan,nan,nan,nan,nan,nan,nan,nan,0.247478482,nan,nan,0.069618416,0,0,0
173.100000000,pre,1,0,-0.004000000,-0.032000000,-0.200000000,-2.352796879,-0.000406924,-0.007603811,-2.386467434,0.093755868,-0.013753822,2.371732712,2.388347994,-0.016615283,nan,nan,nan,nan,nan,nan,nan,nan,0.110427046,nan,nan,0.000000000,0,0,0
173.100000000,pre,1,2,-0.004000000,-0.032000000,-0.200000000,0.003319821,2.356880048,-0.005319270,0.084690832,2.403767789,-0.020138000,2.448639393,2.405343564,0.043295829,nan,nan,nan,nan,nan,nan,nan,nan,0.749811527,nan,nan,0.000000000,0,0,0
173.100000000,pre,1,3,-0.004000000,-0.032000000,-0.100000000,-2.352577439,2.366819419,-0.010848109,-2.280281943,2.476844647,0.038542375,3.433295727,3.366887384,0.066408342,nan,nan,nan,nan,nan,nan,nan,nan,1.764027174,nan,nan,0.000000000,0,0,0
173.100000000,post,1,0,-0.004000000,-0.032000000,-0.200000000,-2.352796879,-0.000406924,-0.007603811,-2.384118445,0.152069475,-0.013753822,2.371732712,2.389002941,-0.017270229,nan,nan,nan,nan,nan,nan,nan,nan,0.119304325,nan,nan,0.054495913,0,0,0
173.100000000,post,1,2,-0.004000000,-0.032000000,-0.200000000,0.003319821,2.356880048,-0.005319270,0.087039821,2.462081397,-0.020138000,2.448639393,2.463701742,-0.015062349,nan,nan,nan,nan,nan,nan,nan,nan,0.090749745,nan,nan,0.054495913,0,0,0
173.100000000,post,1,3,-0.004000000,-0.032000000,-0.100000000,-2.352577439,2.366819419,-0.010848109,-2.277932954,2.535158255,0.038542375,3.433295727,3.408444137,0.024851590,nan,nan,nan,nan,nan,nan,nan,nan,0.247040609,nan,nan,0.054495913,0,0,0
173.200000000,pre,1,0,0.016000000,-0.132000000,-0.200000000,-2.309505391,-0.002108656,-0.008135175,-2.324617361,0.074996940,-0.000220769,2.271546364,2.325826835,-0.054280471,nan,nan,nan,nan,nan,nan,nan,nan,1.178547800,nan,nan,0.000000000,0,0,0
173.200000000,pre,1,2,0.016000000,-0.132000000,-0.200000000,0.002527146,2.313016911,-0.006205031,0.088469467,2.372739833,-0.018544491,2.360845089,2.374461004,-0.013615915,nan,nan,nan,nan,nan,nan,nan,nan,0.074157256,nan,nan,0.000000000,0,0,0
173.200000000,pre,1,3,0.016000000,-0.132000000,-0.100000000,-2.309828298,2.322681231,-0.011352845,-2.267175896,2.497437391,0.030748375,3.305210829,3.373162541,-0.067951712,nan,nan,nan,nan,nan,nan,nan,nan,1.846974079,nan,nan,0.000000000,0,0,0
173.200000000,post,1,0,0.016000000,-0.132000000,-0.200000000,-2.309505391,-0.002108656,-0.008135175,-2.265624676,0.051330718,-0.000220769,2.271546364,2.266206094,0.005340270,nan,nan,nan,nan,nan,nan,nan,nan,0.011407391,nan,nan,0.064643632,0,0,0
173.200000000,post,1,2,0.016000000,-0.132000000,-0.200000000,0.002527146,2.313016911,-0.006205031,0.147462152,2.349073611,-0.018544491,2.360845089,2.353770553,0.007074536,nan,nan,nan,nan,nan,nan,nan,nan,0.020019626,nan,nan,0.064643632,0,0,0
173.200000000,post,1,3,0.016000000,-0.132000000,-0.100000000,-2.309828298,2.322681231,-0.011352845,-2.208183210,2.473771169,0.030748375,3.305210829,3.316106505,-0.010895676,nan,nan,nan,nan,nan,nan,nan,nan,0.047486304,nan,nan,0.064643632,0,0,0
173.300000000,pre,1,0,-0.004000000,-0.132000000,-0.200000000,-2.262284347,-0.003996007,-0.008564504,-2.222720891,0.024520496,-0.012963849,2.273068666,2.222893942,0.050174725,nan,nan,nan,nan,nan,nan,nan,nan,1.007001199,nan,nan,0.000000000,0,0,0
173.300000000,pre,1,2,-0.004000000,-0.132000000,-0.200000000,0.001536579,2.265195175,-0.007206361,0.141005446,2.280972796,-0.027016057,2.291119814,2.285486666,0.005633148,nan,nan,nan,nan,nan,nan,nan,nan,0.012692942,nan,nan,0.000000000,0,0,0
173.300000000,pre,1,3,-0.004000000,-0.132000000,-0.100000000,-2.263254608,2.274411834,-0.011712328,-2.140338480,2.361490178,0.020108495,3.256221294,3.187175713,0.069045582,nan,nan,nan,nan,nan,nan,nan,nan,1.906916945,nan,nan,0.000000000,0,0,0
173.300000000,post,1,0,-0.004000000,-0.132000000,-0.200000000,-2.262284347,-0.003996007,-0.008564504,-2.281202014,0.043530126,-0.012963849,2.273068666,2.281654129,-0.008585462,nan,nan,nan,nan,nan,nan,nan,nan,0.029484066,nan,nan,0.060502525,0,0,0
173.300000000,post,1,2,-0.004000000,-0.132000000,-0.200000000,0.001536579,2.265195175,-0.007206361,0.082524323,2.299982427,-0.027016057,2.291119814,2.301621015,-0.010501201,nan,nan,nan,nan,nan,nan,nan,nan,0.044110087,nan,nan,0.060502525,0,0,0
173.300000000,post,1,3,-0.004000000,-0.132000000,-0.100000000,-2.263254608,2.274411834,-0.011712328,-2.198819603,2.380499809,0.020108495,3.256221294,3.240677605,0.015543689,nan,nan,nan,nan,nan,nan,nan,nan,0.096642512,nan,nan,0.060502525,0,0,0
173.400000000,pre,1,0,0.016000000,-0.032000000,-0.200000000,-2.227045397,-0.005406093,-0.008675075,-2.278617029,0.052542836,-0.003692485,2.318962574,2.279225734,0.039736840,nan,nan,nan,nan,nan,nan,nan,nan,0.631606578,nan,nan,0.000000000,0,0,0
173.400000000,pre,1,2,0.016000000,-0.032000000,-0.200000000,0.000691441,2.229479463,-0.007879966,0.067877769,2.269184868,-0.026080964,2.247151136,2.270349658,-0.023198522,nan,nan,nan,nan,nan,nan,nan,nan,0.215268568,nan,nan,0.000000000,0,0,0
173.400000000,pre,1,3,0.016000000,-0.032000000,-0.100000000,-2.228529591,2.238232094,-0.011767838,-2.198062481,2.310009073,0.023103753,3.179310083,3.188754361,-0.009444277,nan,nan,nan,nan,nan,nan,nan,nan,0.035677749,nan,nan,0.000000000,0,0,0
173.400000000,post,1,0,0.016000000,-0.032000000,-0.200000000,-2.227045397,-0.005406093,-0.008675075,-2.310091409,0.023746793,-0.003692485,2.318962574,2.310216411,0.008746163,nan,nan,nan,nan,nan,nan,nan,nan,0.030598150,nan,nan,0.029117580,0,0,0
173.400000000,post,1,2,0.016000000,-0.032000000,-0.200000000,0.000691441,2.229479463,-0.007879966,0.036403388,2.240388824,-0.026080964,2.247151136,2.240836341,0.006314795,nan,nan,nan,nan,nan,nan,nan,nan,0.015950655,nan,nan,0.029117580,0,0,0
173.400000000,post,1,3,0.016000000,-0.032000000,-0.100000000,-2.228529591,2.238232094,-0.011767838,-2.229536862,2.281213030,0.023103753,3.179310083,3.189874808,-0.010564725,nan,nan,nan,nan,nan,nan,nan,nan,0.044645362,nan,nan,0.029117580,0,0,0
173.500000000,pre,1,0,-0.004000000,-0.132000000,-0.200000000,-2.191443594,-0.006808036,-0.008548544,-2.244757933,-0.027088345,0.008386057,2.296844244,2.244937033,0.051907211,nan,nan,nan,nan,nan,nan,nan,nan,1.077743419,nan,nan,0.000000000,0,0,0
173.500000000,pre,1,2,-0.004000000,-0.132000000,-0.200000000,-0.000300571,2.193350382,-0.008453348,0.024450358,2.180230126,-0.018716262,2.226513386,2.180447551,0.046065835,nan,nan,nan,nan,nan,nan,nan,nan,0.848824452,nan,nan,0.000000000,0,0,0
173.500000000,pre,1,3,-0.004000000,-0.132000000,-0.100000000,-2.193490611,2.201492717,-0.011620091,-2.221032198,2.239758816,0.016730701,3.150599957,3.154327741,-0.003727784,nan,nan,nan,nan,nan,nan,nan,nan,0.005558549,nan,nan,0.000000000,0,0,0
173.500000000,post,1,0,-0.004000000,-0.132000000,-0.200000000,-2.191443594,-0.006808036,-0.008548544,-2.270471154,-0.007241268,0.008386057,2.296844244,2.270498189,0.026346055,nan,nan,nan,nan,nan,nan,nan,nan,0.277645854,nan,nan,0.016881220,0,0,0
173.500000000,post,1,2,-0.004000000,-0.132000000,-0.200000000,-0.000300571,2.193350382,-0.008453348,-0.001262864,2.200077204,-0.018716262,2.226513386,2.200157175,0.026356210,nan,nan,nan,nan,nan,nan,nan,nan,0.277859933,nan,nan,0.016881220,0,0,0
173.500000000,post,1,3,-0.004000000,-0.132000000,-0.100000000,-2.193490611,2.201492717,-0.011620091,-2.246745419,2.259605894,0.016730701,3.150599957,3.186528470,-0.035928513,nan,nan,nan,nan,nan,nan,nan,nan,0.516343224,nan,nan,0.016881220,0,0,0
173.600000000,pre,1,0,0.016000000,-0.032000000,-0.200000000,-2.156834748,-0.008139514,-0.008202681,-2.210178110,-0.005997489,0.027453583,2.183561802,2.210356746,-0.026794944,nan,nan,nan,nan,nan,nan,nan,nan,0.287187617,nan,nan,0.000000000,0,0,0
173.600000000,pre,1,2,0.016000000,-0.032000000,-0.200000000,-0.001438057,2.158201525,-0.008768750,-0.045986875,2.165623347,-0.009731431,2.251829386,2.166133416,0.085695970,nan,nan,nan,nan,nan,nan,nan,nan,2.937519724,nan,nan,0.000000000,0,0,0
173.600000000,pre,1,3,0.016000000,-0.032000000,-0.100000000,-2.159477915,2.165559928,-0.011171420,-2.185927981,2.206941839,0.023030120,3.104952335,3.106348951,-0.001396615,nan,nan,nan,nan,nan,nan,nan,nan,0.000780214,nan,nan,0.000000000,0,0,0
173.600000000,post,1,0,0.016000000,-0.032000000,-0.200000000,-2.156834748,-0.008139514,-0.008202681,-2.169214902,0.061974549,0.027453583,2.183561802,2.170273677,0.013288125,nan,nan,nan,nan,nan,nan,nan,nan,0.070629704,nan,nan,0.100770917,0,0,0
173.600000000,post,1,2,0.016000000,-0.032000000,-0.200000000,-0.001438057,2.158201525,-0.008768750,-0.005023667,2.233595384,-0.009731431,2.251829386,2.233622233,0.018207153,nan,nan,nan,nan,nan,nan,nan,nan,0.132600166,nan,nan,0.100770917,0,0,0
173.600000000,post,1,3,0.016000000,-0.032000000,-0.100000000,-2.159477915,2.165559928,-0.011171420,-2.144964773,2.274913876,0.023030120,3.104952335,3.126761489,-0.021809154,nan,nan,nan,nan,nan,nan,nan,nan,0.190255671,nan,nan,0.100770917,0,0,0
173.700000000,pre,1,0,-0.004000000,-0.030000000,-0.200000000,-2.124344294,-0.009420926,-0.007696573,-2.141808522,0.053120501,0.018230988,2.126669645,2.142544726,-0.015875081,nan,nan,nan,nan,nan,nan,nan,nan,0.100807277,nan,nan,0.000000000,0,0,0
173.700000000,pre,1,2,-0.004000000,-0.030000000,-0.200000000,-0.002662090,2.125233278,-0.008653448,0.037183235,2.197557394,-0.014660307,2.225637913,2.197920840,0.027717073,nan,nan,nan,nan,nan,nan,nan,nan,0.307294448,nan,nan,0.000000000,0,0,0
173.700000000,pre,1,3,-0.004000000,-0.030000000,-0.100000000,-2.127579245,2.131627797,-0.010369121,-2.057124132,2.245033678,0.004826403,3.061185360,3.044989197,0.016196163,nan,nan,nan,nan,nan,nan,nan,nan,0.104926284,nan,nan,0.000000000,0,0,0
173.700000000,post,1,0,-0.004000000,-0.030000000,-0.200000000,-2.124344294,-0.009420926,-0.007696573,-2.128168732,0.082158824,0.018230988,2.126669645,2.129832058,-0.003162413,nan,nan,nan,nan,nan,nan,nan,nan,0.004000341,nan,nan,0.016468290,0,0,0
173.700000000,post,1,2,-0.004000000,-0.030000000,-0.200000000,-0.002662090,2.125233278,-0.008653448,0.050823025,2.226595718,-0.014660307,2.225637913,2.227223921,-0.001586008,nan,nan,nan,nan,nan,nan,nan,nan,0.001006169,nan,nan,0.016468290,0,0,0
173.700000000,post,1,3,-0.004000000,-0.030000000,-0.100000000,-2.127579245,2.131627797,-0.010369121,-2.043484342,2.274072002,0.004826403,3.061185360,3.057328085,0.003857275,nan,nan,nan,nan,nan,nan,nan,nan,0.005951427,nan,nan,0.016468290,0,0,0
173.800000000,pre,1,0,0.016000000,0.072000000,-0.200000000,-2.102011809,-0.010363469,-0.007284010,-2.103581819,0.079015845,0.025704256,2.122063875,2.105222240,0.016841635,nan,nan,nan,nan,nan,nan,nan,nan,0.113456265,nan,nan,0.000000000,0,0,0
173.800000000,pre,1,2,0.016000000,0.072000000,-0.200000000,-0.003588795,2.102609643,-0.008281128,0.093396426,2.141253282,-0.006755483,2.113758087,2.143299826,-0.029541739,nan,nan,nan,nan,nan,nan,nan,nan,0.349085737,nan,nan,0.000000000,0,0,0
173.800000000,pre,1,3,0.016000000,0.072000000,-0.100000000,-2.105653865,2.108191700,-0.009593677,-2.002687140,2.222772619,0.008319064,3.028834105,2.991912950,0.036921154,nan,nan,nan,nan,nan,nan,nan,nan,0.545268649,nan,nan,0.000000000,0,0,0
173.800000000,post,1,0,0.016000000,0.072000000,-0.200000000,-2.102011809,-0.010363469,-0.007284010,-2.135900526,0.067845563,0.025704256,2.122063875,2.137132374,-0.015068499,nan,nan,nan,nan,nan,nan,nan,nan,0.090823867,nan,nan,0.018708384,0,0,0
173.800000000,post,1,2,0.016000000,0.072000000,-0.200000000,-0.003588795,2.102609643,-0.008281128,0.061077719,2.130083000,-0.006755483,2.113758087,2.130969195,-0.017211108,nan,nan,nan,nan,nan,nan,nan,nan,0.118488890,nan,nan,0.018708384,0,0,0
173.800000000,post,1,3,0.016000000,0.072000000,-0.100000000,-2.105653865,2.108191700,-0.009593677,-2.035005847,2.211602337,0.008319064,3.028834105,3.005412268,0.023421837,nan,nan,nan,nan,nan,nan,nan,nan,0.219432973,nan,nan,0.018708384,0,0,0
173.900000000,pre,1,0,-0.004000000,-0.028000000,-0.200000000,-2.073809517,-0.011649952,-0.006688574,-2.097104888,-0.002197191,0.027208301,2.083766699,2.097282535,-0.013515836,nan,nan,nan,nan,nan,nan,nan,nan,0.073071133,nan,nan,0.000000000,0,0,0
173.900000000,pre,1,2,-0.004000000,-0.028000000,-0.200000000,-0.004867555,2.073994182,-0.007505955,0.083508215,2.100702861,0.008426812,2.089981556,2.102378925,-0.012397369,nan,nan,nan,nan,nan,nan,nan,nan,0.061477902,nan,nan,0.000000000,0,0,0
173.900000000,pre,1,3,-0.004000000,-0.028000000,-0.100000000,-2.077932155,2.078426998,-0.008400656,-2.022625041,2.129922639,0.003331388,2.989677668,2.937276562,0.052401106,nan,nan,nan,nan,nan,nan,nan,nan,1.098350361,nan,nan,0.000000000,0,0,0
173.900000000,post,1,0,-0.004000000,-0.028000000,-0.200000000,-2.073809517,-0.011649952,-0.006688574,-2.108268732,0.010794637,0.027208301,2.083766699,2.108471926,-0.024705227,nan,nan,nan,nan,nan,nan,nan,nan,0.244139302,nan,nan,0.004694704,0,0,0
173.900000000,post,1,2,-0.004000000,-0.028000000,-0.200000000,-0.004867555,2.073994182,-0.007505955,0.072344371,2.113694689,0.008426812,2.089981556,2.114949162,-0.024967606,nan,nan,nan,nan,nan,nan,nan,nan,0.249352542,nan,nan,0.004694704,0,0,0
173.900000000,post,1,3,-0.004000000,-0.028000000,-0.100000000,-2.077932155,2.078426998,-0.008400656,-2.033788884,2.142914467,0.003331388,2.989677668,2.954385001,0.035292666,nan,nan,nan,nan,nan,nan,nan,nan,0.498228916,nan,nan,0.004694704,0,0,0
174.000000000,pre,1,0,0.016000000,-0.128000000,-0.200000000,-2.055801470,-0.012531388,-0.006364638,-2.055380310,0.010598591,0.035618061,2.040226221,2.055716224,-0.015490003,nan,nan,nan,nan,nan,nan,nan,nan,0.095976079,nan,nan,0.000000000,0,0,0
174.000000000,pre,1,2,0.016000000,-0.128000000,-0.200000000,-0.005757029,2.055599706,-0.006898154,0.020578660,2.055987736,0.008685238,2.045226336,2.056109065,-0.010882729,nan,nan,nan,nan,nan,nan,nan,nan,0.047373517,nan,nan,0.000000000,0,0,0
174.000000000,pre,1,3,0.016000000,-0.128000000,-0.100000000,-2.060188031,2.059266992,-0.007599429,-1.988649898,2.092237472,0.003533052,2.898850918,2.886554787,0.012296131,nan,nan,nan,nan,nan,nan,nan,nan,0.060477930,nan,nan,0.000000000,0,0,0
174.000000000,post,1,0,0.016000000,-0.128000000,-0.200000000,-2.055801470,-0.012531388,-0.006364638,-2.050777555,0.010746785,0.035618061,2.040226221,2.051114994,-0.010888773,nan,nan,nan,nan,nan,nan,nan,nan,0.047426150,nan,nan,0.000339317,0,0,0
174.000000000,post,1,2,0.016000000,-0.128000000,-0.200000000,-0.005757029,2.055599706,-0.006898154,0.025181415,2.056135930,0.008685238,2.045226336,2.056308464,-0.011082129,nan,nan,nan,nan,nan,nan,nan,nan,0.049125430,nan,nan,0.000339317,0,0,0
174.000000000,post,1,3,0.016000000,-0.128000000,-0.100000000,-2.060188031,2.059266992,-0.007599429,-1.984047143,2.092385666,0.003533052,2.898850918,2.883493250,0.015357668,nan,nan,nan,nan,nan,nan,nan,nan,0.094343182,nan,nan,0.000339317,0,0,0
174.100000000,pre,1,0,-0.004000000,-0.030000000,-0.200000000,-2.033725289,-0.013684451,-0.006191528,-2.030962567,-0.042590521,0.048561934,2.076853752,2.031989459,0.044864293,nan,nan,nan,nan,nan,nan,nan,nan,0.805121916,nan,nan,0.000000000,0,0,0
174.100000000,pre,1,2,-0.004000000,-0.030000000,-0.200000000,-0.006932846,2.032833826,-0.006106264,0.053471075,2.040933924,0.019022275,2.019661665,2.041722872,-0.022061207,nan,nan,nan,nan,nan,nan,nan,nan,0.194678742,nan,nan,0.000000000,0,0,0
174.100000000,pre,1,3,-0.004000000,-0.030000000,-0.100000000,-2.038385240,2.035495109,-0.006762904,-2.004841121,2.024004642,0.002719223,2.858357430,2.848857684,0.009499745,nan,nan,nan,nan,nan,nan,nan,nan,0.036098063,nan,nan,0.000000000,0,0,0
174.100000000,post,1,0,-0.004000000,-0.030000000,-0.200000000,-2.033725289,-0.013684451,-0.006191528,-2.071398238,-0.065382233,0.048561934,2.076853752,2.072998736,0.003855016,nan,nan,nan,nan,nan,nan,nan,nan,0.005944460,nan,nan,0.034472090,0,0,0
174.100000000,post,1,2,-0.004000000,-0.030000000,-0.200000000,-0.006932846,2.032833826,-0.006106264,0.013035404,2.018142213,0.019022275,2.019661665,2.018273955,0.001387709,nan,nan,nan,nan,nan,nan,nan,nan,0.000770295,nan,nan,0.034472090,0,0,0
174.100000000,post,1,3,-0.004000000,-0.030000000,-0.100000000,-2.038385240,2.035495109,-0.006762904,-2.045276793,2.001212930,0.002719223,2.858357430,2.861471255,-0.003113826,nan,nan,nan,nan,nan,nan,nan,nan,0.003878365,nan,nan,0.034472090,0,0,0
174.200000000,pre,1,0,0.016000000,-0.130000000,-0.200000000,-2.019562007,-0.014459395,-0.006356036,-2.009913394,-0.077033652,0.046061990,2.067151546,2.011916435,0.055235112,nan,nan,nan,nan,nan,nan,nan,nan,1.220367022,nan,nan,0.000000000,0,0,0
174.200000000,pre,1,2,0.016000000,-0.130000000,-0.200000000,-0.007744609,2.018120840,-0.005594763,0.009360872,1.944474588,0.008550239,2.016317844,1.944515918,0.071801926,nan,nan,nan,nan,nan,nan,nan,nan,2.062206659,nan,nan,0.000000000,0,0,0
174.200000000,pre,1,3,0.016000000,-0.130000000,-0.100000000,-2.024390278,2.020034777,-0.006385952,-2.032866274,1.995645875,-0.008140640,2.870661259,2.848721471,0.021939788,nan,nan,nan,nan,nan,nan,nan,nan,0.192541714,nan,nan,0.000000000,0,0,0
174.200000000,post,1,0,0.016000000,-0.130000000,-0.200000000,-2.019562007,-0.014459395,-0.006356036,-2.041813885,-0.030882414,0.046061990,2.067151546,2.042566859,0.024584688,nan,nan,nan,nan,nan,nan,nan,nan,0.241762748,nan,nan,0.050361250,0,0,0
174.200000000,post,1,2,0.016000000,-0.130000000,-0.200000000,-0.007744609,2.018120840,-0.005594763,-0.022539620,1.990625826,0.008550239,2.016317844,1.990771790,0.025546055,nan,nan,nan,nan,nan,nan,nan,nan,0.261040366,nan,nan,0.050361250,0,0,0
174.200000000,post,1,3,0.016000000,-0.130000000,-0.100000000,-2.024390278,2.020034777,-0.006385952,-2.064766766,2.041797113,-0.008140640,2.870661259,2.903836001,-0.033174742,nan,nan,nan,nan,nan,nan,nan,nan,0.440225400,nan,nan,0.050361250,0,0,0
174.300000000,pre,1,0,-0.004000000,-0.130000000,-0.200000000,-2.004201755,-0.015264980,-0.006803627,-2.001559074,-0.010261105,0.033176021,2.057832956,2.001860301,0.055972655,nan,nan,nan,nan,nan,nan,nan,nan,1.253175249,nan,nan,0.000000000,0,0,0
174.300000000,pre,1,2,-0.004000000,-0.130000000,-0.200000000,-0.008665656,2.002185809,-0.005028921,-0.025245475,2.001576358,0.013687370,2.004229307,2.001782355,0.002446953,nan,nan,nan,nan,nan,nan,nan,nan,0.002395031,nan,nan,0.000000000,0,0,0
174.300000000,pre,1,3,-0.004000000,-0.130000000,-0.100000000,-2.009271595,2.003118498,-0.006054335,-2.016791145,2.007820981,-0.012255672,2.906141758,2.845863984,0.060277774,nan,nan,nan,nan,nan,nan,nan,nan,1.453364003,nan,nan,0.000000000,0,0,0
174.300000000,post,1,0,-0.004000000,-0.130000000,-0.200000000,-2.004201755,-0.015264980,-0.006803627,-2.062697471,-0.002164747,0.033176021,2.057832956,2.062965388,-0.005132432,nan,nan,nan,nan,nan,nan,nan,nan,0.010536742,nan,nan,0.060855274,0,0,0
174.300000000,post,1,2,-0.004000000,-0.130000000,-0.200000000,-0.008665656,2.002185809,-0.005028921,-0.086383872,2.009672716,0.013687370,2.004229307,2.011574990,-0.007345683,nan,nan,nan,nan,nan,nan,nan,nan,0.021583625,nan,nan,0.060855274,0,0,0
174.300000000,post,1,3,-0.004000000,-0.130000000,-0.100000000,-2.009271595,2.003118498,-0.006054335,-2.077929542,2.015917339,-0.012255672,2.906141758,2.895144919,0.010996839,nan,nan,nan,nan,nan,nan,nan,nan,0.048372188,nan,nan,0.060855274,0,0,0
174.400000000,pre,1,0,0.016000000,-0.126000000,-0.200000000,-1.993686205,-0.015736996,-0.007269505,-2.013599366,-0.005787457,0.050898350,2.002858639,2.014250864,-0.011392225,nan,nan,nan,nan,nan,nan,nan,nan,0.051913119,nan,nan,0.000000000,0,0,0
174.400000000,pre,1,2,0.016000000,-0.126000000,-0.200000000,-0.009315623,1.991364236,-0.004674463,-0.084002196,2.021655660,-0.007120933,1.941074729,2.023412633,-0.082337904,nan,nan,nan,nan,nan,nan,nan,nan,2.711812193,nan,nan,0.000000000,0,0,0
174.400000000,pre,1,3,0.016000000,-0.126000000,-0.100000000,-1.999019993,1.991476285,-0.005838120,-2.042334018,2.001288385,-0.006017930,2.835148573,2.859426456,-0.024277883,nan,nan,nan,nan,nan,nan,nan,nan,0.235766239,nan,nan,0.000000000,0,0,0
174.400000000,post,1,0,0.016000000,-0.126000000,-0.200000000,-1.993686205,-0.015736996,-0.007269505,-2.014854593,-0.071213089,0.050898350,2.002858639,2.016755061,-0.013896422,nan,nan,nan,nan,nan,nan,nan,nan,0.077244222,nan,nan,0.068513423,0,0,0
174.400000000,post,1,2,0.016000000,-0.126000000,-0.200000000,-0.009315623,1.991364236,-0.004674463,-0.085257422,1.956230028,-0.007120933,1.941074729,1.958099961,-0.017025232,nan,nan,nan,nan,nan,nan,nan,nan,0.115943412,nan,nan,0.068513423,0,0,0
174.400000000,post,1,3,0.016000000,-0.126000000,-0.100000000,-1.999019993,1.991476285,-0.005838120,-2.043589245,1.935862753,-0.006017930,2.835148573,2.814934780,0.020213793,nan,nan,nan,nan,nan,nan,nan,nan,0.163438973,nan,nan,0.068513423,0,0,0
174.500000000,pre,1,0,-0.004000000,0.070000000,-0.200000000,-1.984921833,-0.016050607,-0.007665262,-1.973889311,-0.081069957,0.042095269,1.945861459,1.976001863,-0.030140404,nan,nan,nan,nan,nan,nan,nan,nan,0.363377576,nan,nan,0.000000000,0,0,0
174.500000000,pre,1,2,-0.004000000,0.070000000,-0.200000000,-0.009864772,1.982433020,-0.004384693,-0.037317757,1.968265704,-0.027306824,1.934077621,1.968808818,-0.034731197,nan,nan,nan,nan,nan,nan,nan,nan,0.482502419,nan,nan,0.000000000,0,0,0
174.500000000,pre,1,3,-0.004000000,0.070000000,-0.100000000,-1.990561937,1.981733325,-0.005676424,-2.098357250,1.936439846,0.000727134,2.787868023,2.855328869,-0.067460846,nan,nan,nan,nan,nan,nan,nan,nan,1.820386317,nan,nan,0.000000000,0,0,0
174.500000000,post,1,0,-0.004000000,0.070000000,-0.200000000,-1.984921833,-0.016050607,-0.007665262,-1.934892142,-0.121810971,0.042095269,1.945861459,1.939179601,0.006681857,nan,nan,nan,nan,nan,nan,nan,nan,0.017858888,nan,nan,0.050889750,0,0,0
174.500000000,post,1,2,-0.004000000,0.070000000,-0.200000000,-0.009864772,1.982433020,-0.004384693,0.001679412,1.927524690,-0.027306824,1.934077621,1.927718837,0.006358783,nan,nan,nan,nan,nan,nan,nan,nan,0.016173650,nan,nan,0.050889750,0,0,0
174.500000000,post,1,3,-0.004000000,0.070000000,-0.100000000,-1.990561937,1.981733325,-0.005676424,-2.059360081,1.895698832,0.000727134,2.787868023,2.799042432,-0.011174409,nan,nan,nan,nan,nan,nan,nan,nan,0.049946963,nan,nan,0.050889750,0,0,0
174.600000000,pre,1,0,0.016000000,-0.030000000,-0.200000000,-1.976374787,-0.016290739,-0.007981572,-1.896523130,-0.067159185,0.038344026,2.005018473,1.898099208,0.106919264,nan,nan,nan,nan,nan,nan,nan,nan,4.572691643,nan,nan,0.000000000,0,0,0
174.600000000,pre,1,2,0.016000000,-0.030000000,-0.200000000,-0.010382069,1.973834198,-0.004054502,-0.078988155,1.970118671,-0.024750572,1.961548209,1.971856814,-0.010308605,nan,nan,nan,nan,nan,nan,nan,nan,0.042506935,nan,nan,0.000000000,0,0,0
174.600000000,pre,1,3,0.016000000,-0.030000000,-0.100000000,-1.982404297,1.972188359,-0.005575731,-2.019143089,1.919025690,0.003886046,2.863342762,2.785608284,0.077734478,nan,nan,nan,nan,nan,nan,nan,nan,2.417059614,nan,nan,0.000000000,0,0,0
174.600000000,post,1,0,0.016000000,-0.030000000,-0.200000000,-1.976374787,-0.016290739,-0.007981572,-2.003685623,-0.079337573,0.038344026,2.005018473,2.005622295,-0.000603822,nan,nan,nan,nan,nan,nan,nan,nan,0.000145840,nan,nan,0.186113806,0,0,0
174.600000000,post,1,2,0.016000000,-0.030000000,-0.200000000,-0.010382069,1.973834198,-0.004054502,-0.186150648,1.957940283,-0.024750572,1.961548209,1.966925216,-0.005377007,nan,nan,nan,nan,nan,nan,nan,nan,0.011564881,nan,nan,0.186113806,0,0,0
174.600000000,post,1,3,0.016000000,-0.030000000,-0.100000000,-1.982404297,1.972188359,-0.005575731,-2.126305581,1.906847302,0.003886046,2.863342762,2.856091238,0.007251524,nan,nan,nan,nan,nan,nan,nan,nan,0.021033841,nan,nan,0.186113806,0,0,0
174.700000000,pre,1,0,-0.004000000,-0.030000000,-0.200000000,-1.970306690,-0.016460071,-0.008128000,-2.105142224,-0.034541427,0.027384905,2.030614614,2.105603672,-0.074989058,nan,nan,nan,nan,nan,nan,nan,nan,2.249343529,nan,nan,0.000000000,0,0,0
174.700000000,pre,1,2,-0.004000000,-0.030000000,-0.200000000,-0.010738418,1.967788126,-0.003659841,-0.164061036,1.993895133,-0.030315448,1.966300726,2.000863027,-0.034562301,nan,nan,nan,nan,nan,nan,nan,nan,0.477821050,nan,nan,0.000000000,0,0,0
174.700000000,pre,1,3,-0.004000000,-0.030000000,-0.100000000,-1.976706323,1.965335888,-0.005549679,-2.113922758,1.954090277,-0.016708732,2.882390976,2.878787491,0.003603485,nan,nan,nan,nan,nan,nan,nan,nan,0.005194042,nan,nan,0.000000000,0,0,0
174.700000000,post,1,0,-0.004000000,-0.030000000,-0.200000000,-1.970306690,-0.016460071,-0.008128000,-2.059087137,-0.037964528,0.027384905,2.030614614,2.059619158,-0.029004544,nan,nan,nan,nan,nan,nan,nan,nan,0.336505422,nan,nan,0.034124618,0,0,0
174.700000000,post,1,2,-0.004000000,-0.030000000,-0.200000000,-0.010738418,1.967788126,-0.003659841,-0.118005949,1.990472032,-0.030315448,1.966300726,1.994197418,-0.027896692,nan,nan,nan,nan,nan,nan,nan,nan,0.311290162,nan,nan,0.034124618,0,0,0
174.700000000,post,1,3,-0.004000000,-0.030000000,-0.100000000,-1.976706323,1.965335888,-0.005549679,-2.067867671,1.950667176,-0.016708732,2.882390976,2.842790586,0.039600390,nan,nan,nan,nan,nan,nan,nan,nan,0.627276349,nan,nan,0.034124618,0,0,0
174.800000000,pre,1,0,0.016000000,-0.026000000,-0.200000000,-1.966731369,-0.016595056,-0.008130527,-1.947590320,-0.018449849,0.031888765,1.983246207,1.947938743,0.035307464,nan,nan,nan,nan,nan,nan,nan,nan,0.498646816,nan,nan,0.000000000,0,0,0
174.800000000,pre,1,2,0.016000000,-0.026000000,-0.200000000,-0.010955179,1.964245763,-0.003272296,-0.087969010,2.005512032,-0.028615909,1.978643417,2.007644373,-0.029000956,nan,nan,nan,nan,nan,nan,nan,nan,0.336422169,nan,nan,0.000000000,0,0,0
174.800000000,pre,1,3,0.016000000,-0.026000000,-0.100000000,-1.973440159,1.961225073,-0.005538722,-2.043739529,1.964554147,-0.007318352,2.816432953,2.834854108,-0.018421155,nan,nan,nan,nan,nan,nan,nan,nan,0.135735587,nan,nan,0.000000000,0,0,0
174.800000000,post,1,0,0.016000000,-0.026000000,-0.200000000,-1.966731369,-0.016595056,-0.008130527,-1.973123835,-0.055447055,0.031888765,1.983246207,1.974160312,0.009085895,nan,nan,nan,nan,nan,nan,nan,nan,0.033021396,nan,nan,0.032332058,0,0,0
174.800000000,post,1,2,0.016000000,-0.026000000,-0.200000000,-0.010955179,1.964245763,-0.003272296,-0.113502525,1.968514826,-0.028615909,1.978643417,1.971991966,0.006651452,nan,nan,nan,nan,nan,nan,nan,nan,0.017696724,nan,nan,0.032332058,0,0,0
174.800000000,post,1,3,0.016000000,-0.026000000,-0.100000000,-1.973440159,1.961225073,-0.005538722,-2.069273044,1.927556940,-0.007318352,2.816432953,2.827971048,-0.011538095,nan,nan,nan,nan,nan,nan,nan,nan,0.053251051,nan,nan,0.032332058,0,0,0
174.900000000,pre,1,0,-0.004000000,-0.126000000,-0.200000000,-1.963238446,-0.016816521,-0.007959647,-1.964584540,-0.045000722,0.025756850,1.968963265,1.965268657,0.003694609,nan,nan,nan,nan,nan,nan,nan,nan,0.005460053,nan,nan,0.000000000,0,0,0
174.900000000,pre,1,2,-0.004000000,-0.126000000,-0.200000000,-0.011190748,1.960815614,-0.002649895,-0.076210766,1.980021169,-0.018477497,2.004848003,1.981573448,0.023274556,nan,nan,nan,nan,nan,nan,nan,nan,0.216681975,nan,nan,0.000000000,0,0,0
174.900000000,pre,1,3,-0.004000000,-0.126000000,-0.100000000,-1.970423528,1.957091639,-0.005475597,-2.069711999,1.926012527,0.000638907,2.782094240,2.827230522,-0.045136282,nan,nan,nan,nan,nan,nan,nan,nan,0.814913565,nan,nan,0.000000000,0,0,0
174.900000000,post,1,0,-0.004000000,-0.126000000,-0.200000000,-1.963238446,-0.016816521,-0.007959647,-1.946076648,-0.043846572,0.025756850,1.968963265,1.946740932,0.022222333,nan,nan,nan,nan,nan,nan,nan,nan,0.197532838,nan,nan,0.005501986,0,0,0
174.900000000,post,1,2,-0.004000000,-0.126000000,-0.200000000,-0.011190748,1.960815614,-0.002649895,-0.057702874,1.981175319,-0.018477497,2.004848003,1.982101582,0.022746421,nan,nan,nan,nan,nan,nan,nan,nan,0.206959866,nan,nan,0.005501986,0,0,0
174.900000000,post,1,3,-0.004000000,-0.126000000,-0.100000000,-1.970423528,1.957091639,-0.005475597,-2.051204108,1.927166677,0.000638907,2.782094240,2.814499973,-0.032405733,nan,nan,nan,nan,nan,nan,nan,nan,0.420052616,nan,nan,0.005501986,0,0,0
175.000000000,pre,1,0,0.016000000,-0.030000000,-0.200000000,-1.961169162,-0.017076820,-0.007561352,-1.964183628,-0.015893880,0.033493585,1.931446671,1.964533471,-0.033086800,nan,nan,nan,nan,nan,nan,nan,nan,0.437894531,nan,nan,0.000000000,0,0,0
175.000000000,pre,1,2,0.016000000,-0.030000000,-0.200000000,-0.011337508,1.958836088,-0.001911431,-0.085989350,1.949899063,-0.021415184,1.993526459,1.951911661,0.041614797,nan,nan,nan,nan,nan,nan,nan,nan,0.692716546,nan,nan,0.000000000,0,0,0
175.000000000,pre,1,3,0.016000000,-0.030000000,-0.100000000,-1.968877875,1.954519564,-0.005346582,-2.013119207,1.963680470,-0.019050403,2.760056734,2.812303833,-0.052247099,nan,nan,nan,nan,nan,nan,nan,nan,1.091903734,nan,nan,0.000000000,0,0,0
175.000000000,post,1,0,0.016000000,-0.030000000,-0.200000000,-1.961169162,-0.017076820,-0.007561352,-1.912356624,0.005029780,0.033493585,1.931446671,1.912656523,0.018790148,nan,nan,nan,nan,nan,nan,nan,nan,0.141227869,nan,nan,0.049981406,0,0,0
175.000000000,post,1,2,0.016000000,-0.030000000,-0.200000000,-0.011337508,1.958836088,-0.001911431,-0.034162346,1.970822723,-0.021415184,1.993526459,1.971235115,0.022291343,nan,nan,nan,nan,nan,nan,nan,nan,0.198761595,nan,nan,0.049981406,0,0,0
175.000000000,post,1,3,0.016000000,-0.030000000,-0.100000000,-1.968877875,1.954519564,-0.005346582,-1.961292203,1.984604130,-0.019050403,2.760056734,2.790283781,-0.030227046,nan,nan,nan,nan,nan,nan,nan,nan,0.365469735,nan,nan,0.049981406,0,0,0
175.100000000,pre,1,0,-0.004000000,-0.130000000,-0.200000000,-1.960144081,-0.017352028,-0.006998767,-1.976429435,-0.001286539,0.032987214,1.908874512,1.976705117,-0.067830606,nan,nan,nan,nan,nan,nan,nan,nan,1.840396427,nan,nan,0.000000000,0,0,0
175.100000000,pre,1,2,-0.004000000,-0.130000000,-0.200000000,-0.011375132,1.957951127,-0.001095041,-0.008988124,1.974031275,-0.004624189,1.967576623,1.974057154,-0.006480531,nan,nan,nan,nan,nan,nan,nan,nan,0.016798911,nan,nan,0.000000000,0,0,0
175.100000000,pre,1,3,-0.004000000,-0.130000000,-0.100000000,-1.968429708,1.953150660,-0.005144371,-1.986464671,1.978541673,0.000963241,2.774159193,2.803688637,-0.029529444,nan,nan,nan,nan,nan,nan,nan,nan,0.348795221,nan,nan,0.000000000,0,0,0
175.100000000,post,1,0,-0.004000000,-0.130000000,-0.200000000,-1.960144081,-0.017352028,-0.006998767,-1.918581547,-0.000687170,0.032987214,1.908874512,1.918865232,-0.009990721,nan,nan,nan,nan,nan,nan,nan,nan,0.039925799,nan,nan,0.053547798,0,0,0
175.100000000,post,1,2,-0.004000000,-0.130000000,-0.200000000,-0.011375132,1.957951127,-0.001095041,0.048859764,1.974630645,-0.004624189,1.967576623,1.975240453,-0.007663830,nan,nan,nan,nan,nan,nan,nan,nan,0.023493713,nan,nan,0.053547798,0,0,0
175.100000000,post,1,3,-0.004000000,-0.130000000,-0.100000000,-1.968429708,1.953150660,-0.005144371,-1.928616784,1.979141043,0.000963241,2.774159193,2.763433172,0.010726021,nan,nan,nan,nan,nan,nan,nan,nan,0.046019012,nan,nan,0.053547798,0,0,0
175.200000000,pre,1,0,0.016000000,-0.030000000,-0.200000000,-1.959924690,-0.017643856,-0.006224189,-1.955645460,-0.019548997,0.036930141,1.971014023,1.956091809,0.014922214,nan,nan,nan,nan,nan,nan,nan,nan,0.089068991,nan,nan,0.000000000,0,0,0
175.200000000,pre,1,2,0.016000000,-0.030000000,-0.200000000,-0.011274488,1.957976221,-0.000237069,0.040886239,1.954540840,-0.010603038,2.008740902,1.954997188,0.053743714,nan,nan,nan,nan,nan,nan,nan,nan,1.155354719,nan,nan,0.000000000,0,0,0
175.200000000,pre,1,3,0.016000000,-0.030000000,-0.100000000,-1.968901326,1.952732003,-0.004896955,-1.903062666,1.992147696,0.001129490,2.796844959,2.755050132,0.041794828,nan,nan,nan,nan,nan,nan,nan,nan,0.698723046,nan,nan,0.000000000,0,0,0
175.200000000,post,1,0,0.016000000,-0.030000000,-0.200000000,-1.959924690,-0.017643856,-0.006224189,-1.967911929,0.030358229,0.036930141,1.971014023,1.968492524,0.002521499,nan,nan,nan,nan,nan,nan,nan,nan,0.002543183,nan,nan,0.042259158,0,0,0
175.200000000,post,1,2,0.016000000,-0.030000000,-0.200000000,-0.011274488,1.957976221,-0.000237069,0.028619770,2.004448066,-0.010603038,2.008740902,2.004680414,0.004060488,nan,nan,nan,nan,nan,nan,nan,nan,0.006595024,nan,nan,0.042259158,0,0,0
175.200000000,post,1,3,0.016000000,-0.030000000,-0.100000000,-1.968901326,1.952732003,-0.004896955,-1.915329135,2.042054921,0.001129490,2.796844959,2.799727714,-0.002882754,nan,nan,nan,nan,nan,nan,nan,nan,0.003324109,nan,nan,0.042259158,0,0,0
175.300000000,pre,1,0,-0.004000000,-0.130000000,-0.200000000,-1.960405966,-0.017895344,-0.005471179,-1.994912243,0.071953257,0.027057209,1.976494789,1.996392802,-0.019898013,nan,nan,nan,nan,nan,nan,nan,nan,0.158372366,nan,nan,0.000000000,0,0,0
175.300000000,pre,1,2,-0.004000000,-0.130000000,-0.200000000,-0.011039728,1.958783481,0.000381713,0.034265076,1.948768119,-0.021477452,2.016277075,1.949187666,0.067089409,nan,nan,nan,nan,nan,nan,nan,nan,1.800395520,nan,nan,0.000000000,0,0,0
175.300000000,pre,1,3,-0.004000000,-0.130000000,-0.100000000,-1.970021038,1.953174437,-0.004759692,-1.938079361,2.030183656,-0.021950767,2.783788204,2.806827234,-0.023039030,nan,nan,nan,nan,nan,nan,nan,nan,0.212318762,nan,nan,0.000000000,0,0,0
175.300000000,post,1,0,-0.004000000,-0.130000000,-0.200000000,-1.960405966,-0.017895344,-0.005471179,-1.954648953,0.116504584,0.027057209,1.976494789,1.958304864,0.018189925,nan,nan,nan,nan,nan,nan,nan,nan,0.132349350,nan,nan,0.057695251,0,0,0
175.300000000,post,1,2,-0.004000000,-0.130000000,-0.200000000,-0.011039728,1.958783481,0.000381713,0.074528366,1.993319445,-0.021477452,2.016277075,1.994827854,0.021449220,nan,nan,nan,nan,nan,nan,nan,nan,0.184027622,nan,nan,0.057695251,0,0,0
175.300000000,post,1,3,-0.004000000,-0.130000000,-0.100000000,-1.970021038,1.953174437,-0.004759692,-1.897816071,2.074734982,-0.021950767,2.783788204,2.811887787,-0.028099583,nan,nan,nan,nan,nan,nan,nan,nan,0.315834615,nan,nan,0.057695251,0,0,0
175.400000000,pre,1,0,0.016000000,-0.030000000,-0.200000000,-1.961370206,-0.018115812,-0.004762392,-1.906805087,0.085097882,0.026705453,1.946036935,1.908889853,0.037147082,nan,nan,nan,nan,nan,nan,nan,nan,0.551962270,nan,nan,0.000000000,0,0,0
175.400000000,pre,1,2,0.016000000,-0.030000000,-0.200000000,-0.010707671,1.960165168,0.000796782,0.043372299,2.015336145,-0.022647278,1.967858553,2.015930017,-0.048071464,nan,nan,nan,nan,nan,nan,nan,nan,0.924346275,nan,nan,0.000000000,0,0,0
175.400000000,pre,1,3,0.016000000,-0.030000000,-0.100000000,-1.971571921,1.954224884,-0.004802776,-1.872541343,2.032976008,-0.010468102,2.818210363,2.763966735,0.054243629,nan,nan,nan,nan,nan,nan,nan,nan,1.176948493,nan,nan,0.000000000,0,0,0
175.400000000,post,1,0,0.016000000,-0.030000000,-0.200000000,-1.961370206,-0.018115812,-0.004762392,-1.964704778,0.060967762,0.026705453,1.946036935,1.965831914,-0.019794980,nan,nan,nan,nan,nan,nan,nan,nan,0.156736486,nan,nan,0.062954191,0,0,0
175.400000000,post,1,2,0.016000000,-0.030000000,-0.200000000,-0.010707671,1.960165168,0.000796782,-0.014527392,1.991206026,-0.022647278,1.967858553,1.991387803,-0.023529250,nan,nan,nan,nan,nan,nan,nan,nan,0.221450240,nan,nan,0.062954191,0,0,0
175.400000000,post,1,3,0.016000000,-0.030000000,-0.100000000,-1.971571921,1.954224884,-0.004802776,-1.930441034,2.008845889,-0.010468102,2.818210363,2.786067833,0.032142530,nan,nan,nan,nan,nan,nan,nan,nan,0.413256902,nan,nan,0.062954191,0,0,0
175.500000000,pre,1,0,-0.004000000,-0.030000000,-0.200000000,-1.962703859,-0.018282166,-0.004047936,-1.982824920,0.005250088,0.003613743,1.982040048,1.982835164,-0.000795116,nan,nan,nan,nan,nan,nan,nan,nan,0.000252884,nan,nan,0.000000000,0,0,0
175.500000000,pre,1,2,-0.004000000,-0.030000000,-0.200000000,-0.010318561,1.962030419,0.001082588,-0.017022078,1.955074691,-0.023988804,1.939141512,1.955295953,-0.016154441,nan,nan,nan,nan,nan,nan,nan,nan,0.104386383,nan,nan,0.000000000,0,0,0
175.500000000,pre,1,3,-0.004000000,-0.030000000,-0.100000000,-1.973461960,1.955777045,-0.004970610,-2.000332524,1.998250196,-0.004870390,2.843679905,2.827429534,0.016250371,nan,nan,nan,nan,nan,nan,nan,nan,0.105629817,nan,nan,0.000000000,0,0,0
175.500000000,post,1,0,-0.004000000,-0.030000000,-0.200000000,-1.962703859,-0.018282166,-0.004047936,-1.991647816,-0.000741934,0.003613743,1.982040048,1.991651232,-0.009611185,nan,nan,nan,nan,nan,nan,nan,nan,0.036949949,nan,nan,0.001819965,0,0,0
175.500000000,post,1,2,-0.004000000,-0.030000000,-0.200000000,-0.010318561,1.962030419,0.001082588,-0.025844974,1.949082669,-0.023988804,1.939141512,1.949401620,-0.010260108,nan,nan,nan,nan,nan,nan,nan,nan,0.042107930,nan,nan,0.001819965,0,0,0
175.500000000,post,1,3,-0.004000000,-0.030000000,-0.100000000,-1.973461960,1.955777045,-0.004970610,-2.009155420,1.992258174,-0.004870390,2.843679905,2.829456105,0.014223800,nan,nan,nan,nan,nan,nan,nan,nan,0.080926590,nan,nan,0.001819965,0,0,0
175.600000000,pre,1,0,0.016000000,-0.130000000,-0.200000000,-1.964417852,-0.018354589,-0.003199646,-2.013517180,-0.028619954,0.018964379,1.941137671,2.013809867,-0.072672196,nan,nan,nan,nan,nan,nan,nan,nan,2.112499219,nan,nan,0.000000000,0,0,0
175.600000000,pre,1,2,0.016000000,-0.130000000,-0.200000000,-0.009872058,1.964452148,0.001361150,-0.093703450,1.943982046,0.003316099,1.927382112,1.946241899,-0.018859788,nan,nan,nan,nan,nan,nan,nan,nan,0.142276634,nan,nan,0.000000000,0,0,0
175.600000000,pre,1,3,0.016000000,-0.130000000,-0.100000000,-1.975739407,1.957882863,-0.005136662,-2.060248646,1.924697261,-0.001483869,2.819857359,2.819412391,0.000444968,nan,nan,nan,nan,nan,nan,nan,nan,0.000079199,nan,nan,0.000000000,0,0,0
175.600000000,post,1,0,0.016000000,-0.130000000,-0.200000000,-1.964417852,-0.018354589,-0.003199646,-1.965363109,-0.023553724,0.018964379,1.941137671,1.965595731,-0.024458059,nan,nan,nan,nan,nan,nan,nan,nan,0.239278669,nan,nan,0.037511698,0,0,0
175.600000000,post,1,2,0.016000000,-0.130000000,-0.200000000,-0.009872058,1.964452148,0.001361150,-0.045549380,1.949048276,0.003316099,1.927382112,1.949583270,-0.022201158,nan,nan,nan,nan,nan,nan,nan,nan,0.197156571,nan,nan,0.037511698,0,0,0
175.600000000,post,1,3,0.016000000,-0.130000000,-0.100000000,-1.975739407,1.957882863,-0.005136662,-2.012094575,1.929763491,-0.001483869,2.819857359,2.787922867,0.031934492,nan,nan,nan,nan,nan,nan,nan,nan,0.407924711,nan,nan,0.037511698,0,0,0
175.700000000,pre,1,0,-0.004000000,-0.030000000,-0.200000000,-1.966683996,-0.018275218,-0.002212078,-1.975444670,-0.033829820,0.012588424,1.937901855,1.975774423,-0.037872568,nan,nan,nan,nan,nan,nan,nan,nan,0.573732567,nan,nan,0.000000000,0,0,0
175.700000000,pre,1,2,-0.004000000,-0.030000000,-0.200000000,-0.009324391,1.967721396,0.001661081,-0.048748446,1.981241014,-0.006286692,1.955908775,1.981850623,-0.025941847,nan,nan,nan,nan,nan,nan,nan,nan,0.269191778,nan,nan,0.000000000,0,0,0
175.700000000,pre,1,3,-0.004000000,-0.030000000,-0.100000000,-1.978612343,1.960786859,-0.005345606,-2.026164536,1.949796947,-0.019970149,2.781756639,2.812018789,-0.030262149,nan,nan,nan,nan,nan,nan,nan,nan,0.366319072,nan,nan,0.000000000,0,0,0
175.700000000,post,1,0,-0.004000000,-0.030000000,-0.200000000,-1.966683996,-0.018275218,-0.002212078,-1.943180049,-0.053623627,0.012588424,1.937901855,1.943960561,-0.006058707,nan,nan,nan,nan,nan,nan,nan,nan,0.014683171,nan,nan,0.022924809,0,0,0
175.700000000,post,1,2,-0.004000000,-0.030000000,-0.200000000,-0.009324391,1.967721396,0.001661081,-0.016483825,1.961447208,-0.006286692,1.955908775,1.961526546,-0.005617770,nan,nan,nan,nan,nan,nan,nan,nan,0.012623738,nan,nan,0.022924809,0,0,0
175.700000000,post,1,3,-0.004000000,-0.030000000,-0.100000000,-1.978612343,1.960786859,-0.005345606,-1.993899915,1.930003141,-0.019970149,2.781756639,2.775058162,0.006698478,nan,nan,nan,nan,nan,nan,nan,nan,0.017947842,nan,nan,0.022924809,0,0,0
175.800000000,pre,1,0,0.016000000,-0.130000000,-0.200000000,-1.968718295,-0.018081391,-0.001504044,-1.921346219,-0.039230385,0.026054755,2.023000002,1.921923298,0.101076704,nan,nan,nan,nan,nan,nan,nan,nan,4.086599998,nan,nan,0.000000000,0,0,0
175.800000000,pre,1,2,0.016000000,-0.130000000,-0.200000000,-0.008854857,1.970730837,0.001849992,0.008543558,1.962823732,-0.001665860,1.994680643,1.962843033,0.031837610,nan,nan,nan,nan,nan,nan,nan,nan,0.405453366,nan,nan,0.000000000,0,0,0
175.800000000,pre,1,3,0.016000000,-0.130000000,-0.100000000,-1.981101345,1.963457850,-0.005579478,-2.013748402,1.959786101,-0.019670772,2.782861233,2.810041126,-0.027179893,nan,nan,nan,nan,nan,nan,nan,nan,0.295498629,nan,nan,0.000000000,0,0,0
175.800000000,post,1,0,0.016000000,-0.130000000,-0.200000000,-1.968718295,-0.018081391,-0.001504044,-1.977185301,-0.049897747,0.026054755,2.023000002,1.977986438,0.045013564,nan,nan,nan,nan,nan,nan,nan,nan,0.810488377,nan,nan,0.051708731,0,0,0
175.800000000,post,1,2,0.016000000,-0.130000000,-0.200000000,-0.008854857,1.970730837,0.001849992,-0.047295524,1.952156370,-0.001665860,1.994680643,1.952729919,0.041950724,nan,nan,nan,nan,nan,nan,nan,nan,0.703945310,nan,nan,0.051708731,0,0,0
175.800000000,post,1,3,0.016000000,-0.130000000,-0.100000000,-1.981101345,1.963457850,-0.005579478,-2.069587484,1.949118738,-0.019670772,2.782861233,2.842998971,-0.060137739,nan,nan,nan,nan,nan,nan,nan,nan,1.446619042,nan,nan,0.051708731,0,0,0
175.900000000,pre,1,0,-0.004000000,-0.130000000,-0.200000000,-1.971253550,-0.017725898,-0.000830673,-1.980574386,-0.003242270,0.013586804,1.994683981,1.980623642,0.014060339,nan,nan,nan,nan,nan,nan,nan,nan,0.079077248,nan,nan,0.000000000,0,0,0
175.900000000,pre,1,2,-0.004000000,-0.130000000,-0.200000000,-0.008256248,1.974629977,0.002035672,-0.063727569,2.015723868,0.011206528,1.989966750,2.016762133,-0.026795383,nan,nan,nan,nan,nan,nan,nan,nan,0.287197019,nan,nan,0.000000000,0,0,0
175.900000000,pre,1,3,-0.004000000,-0.130000000,-0.100000000,-1.984103418,1.966886665,-0.005861006,-2.085305919,1.970037043,-0.021158497,2.774086475,2.868796683,-0.094710208,nan,nan,nan,nan,nan,nan,nan,nan,3.588009385,nan,nan,0.000000000,0,0,0
175.900000000,post,1,0,-0.004000000,-0.130000000,-0.200000000,-1.971253550,-0.017725898,-0.000830673,-1.962775782,-0.058274857,0.013586804,1.994683981,1.963687687,0.030996294,nan,nan,nan,nan,nan,nan,nan,nan,0.384308100,nan,nan,0.053526016,0,0,0
175.900000000,post,1,2,-0.004000000,-0.130000000,-0.200000000,-0.008256248,1.974629977,0.002035672,-0.045928965,1.960691280,0.011206528,1.989966750,1.961261164,0.028705586,nan,nan,nan,nan,nan,nan,nan,nan,0.329604271,nan,nan,0.053526016,0,0,0
175.900000000,post,1,3,-0.004000000,-0.130000000,-0.100000000,-1.984103418,1.966886665,-0.005861006,-2.067507315,1.915004456,-0.021158497,2.774086475,2.818204436,-0.044117961,nan,nan,nan,nan,nan,nan,nan,nan,0.778557788,nan,nan,0.053526016,0,0,0
176.000000000,pre,1,0,0.016000000,-0.230000000,-0.200000000,-1.973460679,-0.017340224,-0.000408386,-1.958750436,-0.046227705,-0.011882257,1.956861734,1.959331891,-0.002470157,nan,nan,nan,nan,nan,nan,nan,nan,0.002440670,nan,nan,0.000000000,0,0,0
176.000000000,pre,1,2,0.016000000,-0.230000000,-0.200000000,-0.007684220,1.978221925,0.002145554,-0.111456847,1.991542726,0.018595106,1.964007616,1.994745807,-0.030738191,nan,nan,nan,nan,nan,nan,nan,nan,0.377934563,nan,nan,0.000000000,0,0,0
176.000000000,pre,1,3,0.016000000,-0.230000000,-0.100000000,-1.986658593,1.970031222,-0.006007645,-2.070420941,1.931810597,-0.025653584,2.760123491,2.831817996,-0.071694505,nan,nan,nan,nan,nan,nan,nan,nan,2.056040798,nan,nan,0.000000000,0,0,0
176.000000000,post,1,0,0.016000000,-0.230000000,-0.200000000,-1.973460679,-0.017340224,-0.000408386,-1.937698850,-0.091978160,-0.011882257,1.956861734,1.939917009,0.016944725,nan,nan,nan,nan,nan,nan,nan,nan,0.114849488,nan,nan,0.040580375,0,0,0
176.000000000,post,1,2,0.016000000,-0.230000000,-0.200000000,-0.007684220,1.978221925,0.002145554,-0.090405260,1.945792271,0.018595106,1.964007616,1.947980095,0.016027521,nan,nan,nan,nan,nan,nan,nan,nan,0.102752570,nan,nan,0.040580375,0,0,0
176.000000000,post,1,3,0.016000000,-0.230000000,-0.100000000,-1.986658593,1.970031222,-0.006007645,-2.049369354,1.886060143,-0.025653584,2.760123491,2.785281981,-0.025158490,nan,nan,nan,nan,nan,nan,nan,nan,0.253179851,nan,nan,0.040580375,0,0,0
176.100000000,pre,1,0,-0.004000000,-0.130000000,-0.200000000,-1.975526253,-0.016914026,-0.000091549,-1.969253510,-0.084002025,-0.008896080,1.929368258,1.971064399,-0.041696142,nan,nan,nan,nan,nan,nan,nan,nan,0.695427301,nan,nan,0.000000000,0,0,0
176.100000000,pre,1,2,-0.004000000,-0.130000000,-0.200000000,-0.007099420,1.981735165,0.002218457,-0.093538382,1.970912329,0.002996255,1.952040315,1.973132994,-0.021092680,nan,nan,nan,nan,nan,nan,nan,nan,0.177960453,nan,nan,0.000000000,0,0,0
176.100000000,pre,1,3,-0.004000000,-0.130000000,-0.100000000,-1.989006575,1.973126660,-0.006002443,-2.052910736,1.891299770,-0.018461863,2.845825672,2.791379256,0.054446417,nan,nan,nan,nan,nan,nan,nan,nan,1.185764913,nan,nan,0.000000000,0,0,0
176.100000000,post,1,0,-0.004000000,-0.130000000,-0.200000000,-1.975526253,-0.016914026,-0.000091549,-1.963144644,-0.070271335,-0.008896080,1.929368258,1.964422077,-0.035053819,nan,nan,nan,nan,nan,nan,nan,nan,0.491508092,nan,nan,0.003613601,0,0,0
176.100000000,post,1,2,-0.004000000,-0.130000000,-0.200000000,-0.007099420,1.981735165,0.002218457,-0.087429517,1.984643019,0.002996255,1.952040315,1.986570112,-0.034529797,nan,nan,nan,nan,nan,nan,nan,nan,0.476922760,nan,nan,0.003613601,0,0,0
176.100000000,post,1,3,-0.004000000,-0.130000000,-0.100000000,-1.989006575,1.973126660,-0.006002443,-2.046801870,1.905030460,-0.018461863,2.845825672,2.796225990,0.049599682,nan,nan,nan,nan,nan,nan,nan,nan,0.984051376,nan,nan,0.003613601,0,0,0
176.200000000,pre,1,0,0.016000000,-0.230000000,-0.200000000,-1.977626446,-0.016419183,0.000197616,-1.979674843,-0.016863102,0.003832036,1.983165383,1.979750372,0.003415012,nan,nan,nan,nan,nan,nan,nan,nan,0.004664922,nan,nan,0.000000000,0,0,0
176.200000000,pre,1,2,0.016000000,-0.230000000,-0.200000000,-0.006439831,1.985364548,0.002254647,-0.098947832,2.030757618,0.004458153,1.956812143,2.033171673,-0.076359530,nan,nan,nan,nan,nan,nan,nan,nan,2.332311119,nan,nan,0.000000000,0,0,0
176.200000000,pre,1,3,0.016000000,-0.230000000,-0.100000000,-1.991323052,1.976381467,-0.005846391,-1.991859165,1.955810337,-0.011406421,2.855482578,2.791563561,0.063919017,nan,nan,nan,nan,nan,nan,nan,nan,1.634256319,nan,nan,0.000000000,0,0,0
176.200000000,post,1,0,0.016000000,-0.230000000,-0.200000000,-1.977626446,-0.016419183,0.000197616,-2.020791585,-0.052611956,0.003832036,1.983165383,2.021479985,-0.038314602,nan,nan,nan,nan,nan,nan,nan,nan,0.587203486,nan,nan,0.047497071,0,0,0
176.200000000,post,1,2,0.016000000,-0.230000000,-0.200000000,-0.006439831,1.985364548,0.002254647,-0.140064574,1.995008764,0.004458153,1.956812143,1.999924481,-0.043112338,nan,nan,nan,nan,nan,nan,nan,nan,0.743469464,nan,nan,0.047497071,0,0,0
176.200000000,post,1,3,0.016000000,-0.230000000,-0.100000000,-1.991323052,1.976381467,-0.005846391,-2.032975906,1.920061483,-0.011406421,2.855482578,2.796382885,0.059099693,nan,nan,nan,nan,nan,nan,nan,nan,1.397109489,nan,nan,0.047497071,0,0,0
176.300000000,pre,1,0,-0.004000000,-0.030000000,-0.200000000,-1.980067534,-0.015790516,0.000575598,-2.021589945,-0.003535586,-0.001614382,2.022922277,2.021593681,0.001328596,nan,nan,nan,nan,nan,nan,nan,nan,0.000706067,nan,nan,0.000000000,0,0,0
176.300000000,pre,1,2,-0.004000000,-0.030000000,-0.200000000,-0.005579894,1.989535442,0.002383639,-0.072769552,1.962725286,0.010021848,1.977102280,1.964099385,0.013002895,nan,nan,nan,nan,nan,nan,nan,nan,0.067630111,nan,nan,0.000000000,0,0,0
176.300000000,pre,1,3,-0.004000000,-0.030000000,-0.100000000,-1.993872547,1.980185952,-0.005461006,-2.038714410,1.977484585,0.009066544,2.779440403,2.840226035,-0.060785632,nan,nan,nan,nan,nan,nan,nan,nan,1.477957214,nan,nan,0.000000000,0,0,0
176.300000000,post,1,0,-0.004000000,-0.030000000,-0.200000000,-1.980067534,-0.015790516,0.000575598,-1.998454186,-0.014888666,-0.001614382,2.022922277,1.998510298,0.024411980,nan,nan,nan,nan,nan,nan,nan,nan,0.238377900,nan,nan,0.010626493,0,0,0
176.300000000,post,1,2,-0.004000000,-0.030000000,-0.200000000,-0.005579894,1.989535442,0.002383639,-0.049633793,1.951372205,0.010021848,1.977102280,1.952029056,0.025073224,nan,nan,nan,nan,nan,nan,nan,nan,0.251466628,nan,nan,0.010626493,0,0,0
176.300000000,post,1,3,-0.004000000,-0.030000000,-0.100000000,-1.993872547,1.980185952,-0.005461006,-2.015578651,1.966131504,0.009066544,2.779440403,2.815725943,-0.036285540,nan,nan,nan,nan,nan,nan,nan,nan,0.526656180,nan,nan,0.010626493,0,0,0
176.400000000,pre,1,0,0.016000000,-0.030000000,-0.200000000,-1.981628722,-0.015382088,0.000899828,-1.942103105,-0.007300094,-0.001861861,1.979727149,1.942117718,0.037609431,nan,nan,nan,nan,nan,nan,nan,nan,0.565787733,nan,nan,0.000000000,0,0,0
176.400000000,pre,1,2,0.016000000,-0.030000000,-0.200000000,-0.005000841,1.992140437,0.002536396,-0.031467958,1.963393976,0.013356890,1.959231377,1.963691560,-0.004460183,nan,nan,nan,nan,nan,nan,nan,nan,0.007957294,nan,nan,0.000000000,0,0,0
176.400000000,pre,1,3,0.016000000,-0.030000000,-0.100000000,-1.995386741,1.982561442,-0.005135963,-1.999780731,1.956654900,0.015543797,2.791543245,2.797831836,-0.006288590,nan,nan,nan,nan,nan,nan,nan,nan,0.015818548,nan,nan,0.000000000,0,0,0
176.400000000,post,1,0,0.016000000,-0.030000000,-0.200000000,-1.981628722,-0.015382088,0.000899828,-1.968202981,-0.022099870,-0.001861861,1.979727149,1.968327931,0.011399218,nan,nan,nan,nan,nan,nan,nan,nan,0.051976865,nan,nan,0.014403790,0,0,0
176.400000000,post,1,2,0.016000000,-0.030000000,-0.200000000,-0.005000841,1.992140437,0.002536396,-0.057567834,1.948594200,0.013356890,1.959231377,1.949490143,0.009741233,nan,nan,nan,nan,nan,nan,nan,nan,0.037956649,nan,nan,0.014403790,0,0,0
176.400000000,post,1,3,0.016000000,-0.030000000,-0.100000000,-1.995386741,1.982561442,-0.005135963,-2.025880607,1.941855125,0.015543797,2.791543245,2.806284941,-0.014741696,nan,nan,nan,nan,nan,nan,nan,nan,0.086927036,nan,nan,0.014403790,0,0,0
176.500000000,pre,1,0,-0.004000000,-0.030000000,-0.200000000,-1.983978041,-0.014779636,0.001452919,-2.020329131,-0.020316389,-0.008513794,1.999411941,2.020449217,-0.021037276,nan,nan,nan,nan,nan,nan,nan,nan,0.177026798,nan,nan,0.000000000,0,0,0
176.500000000,pre,1,2,-0.004000000,-0.030000000,-0.200000000,-0.004137836,1.995971673,0.002838992,-0.002860507,1.990999811,0.017363097,1.942504525,1.991077575,-0.048573049,nan,nan,nan,nan,nan,nan,nan,nan,0.943736450,nan,nan,0.000000000,0,0,0
176.500000000,pre,1,3,-0.004000000,-0.030000000,-0.100000000,-1.997463973,1.986014899,-0.004563145,-2.034894772,1.961979692,0.017365746,2.822705269,2.826740634,-0.004035365,nan,nan,nan,nan,nan,nan,nan,nan,0.006513668,nan,nan,0.000000000,0,0,0
176.500000000,post,1,0,-0.004000000,-0.030000000,-0.200000000,-1.983978041,-0.014779636,0.001452919,-2.014843614,-0.052101884,-0.008513794,1.999411941,2.015535135,-0.016123194,nan,nan,nan,nan,nan,nan,nan,nan,0.103982957,nan,nan,0.016646537,0,0,0
176.500000000,post,1,2,-0.004000000,-0.030000000,-0.200000000,-0.004137836,1.995971673,0.002838992,0.002625010,1.959214317,0.017363097,1.942504525,1.959293012,-0.016788487,nan,nan,nan,nan,nan,nan,nan,nan,0.112741312,nan,nan,0.016646537,0,0,0
176.500000000,post,1,3,-0.004000000,-0.030000000,-0.100000000,-1.997463973,1.986014899,-0.004563145,-2.029409255,1.930194197,0.017365746,2.822705269,2.800795089,0.021910180,nan,nan,nan,nan,nan,nan,nan,nan,0.192022396,nan,nan,0.016646537,0,0,0
176.600000000,pre,1,0,0.016000000,-0.030000000,-0.200000000,-1.986251131,-0.014188764,0.002078680,-1.998508635,-0.029694781,-0.021713024,1.978806496,1.998847168,-0.020040672,nan,nan,nan,nan,nan,nan,nan,nan,0.160651420,nan,nan,0.000000000,0,0,0
176.600000000,pre,1,2,0.016000000,-0.030000000,-0.200000000,-0.003391130,1.999579796,0.003372953,-0.025707199,1.954853184,0.001281796,1.985070467,1.955022627,0.030047840,nan,nan,nan,nan,nan,nan,nan,nan,0.361149065,nan,nan,0.000000000,0,0,0
176.600000000,pre,1,3,0.016000000,-0.030000000,-0.100000000,-1.999274304,1.989242465,-0.003779336,-2.004580745,1.939364289,-0.004469627,2.818996906,2.789175109,0.029821798,nan,nan,nan,nan,nan,nan,nan,nan,0.355735848,nan,nan,0.000000000,0,0,0
176.600000000,post,1,0,0.016000000,-0.030000000,-0.200000000,-1.986251131,-0.014188764,0.002078680,-1.987469414,0.007287207,-0.021713024,1.978806496,1.987601376,-0.008794880,nan,nan,nan,nan,nan,nan,nan,nan,0.030939966,nan,nan,0.023832510,0,0,0
176.600000000,post,1,2,0.016000000,-0.030000000,-0.200000000,-0.003391130,1.999579796,0.003372953,-0.014667977,1.991835172,0.001281796,1.985070467,1.991889592,-0.006819125,nan,nan,nan,nan,nan,nan,nan,nan,0.018600185,nan,nan,0.023832510,0,0,0
176.600000000,post,1,3,0.016000000,-0.030000000,-0.100000000,-1.999274304,1.989242465,-0.003779336,-1.993541523,1.976346278,-0.004469627,2.818996906,2.807164475,0.011832431,nan,nan,nan,nan,nan,nan,nan,nan,0.056002572,nan,nan,0.023832510,0,0,0
176.700000000,pre,1,0,-0.004000000,-0.130000000,-0.200000000,-1.987733453,-0.013794734,0.002505181,-1.988222440,0.005927830,-0.019299488,2.002574205,1.988324944,0.014249262,nan,nan,nan,nan,nan,nan,nan,nan,0.081216584,nan,nan,0.000000000,0,0,0
176.700000000,pre,1,2,-0.004000000,-0.130000000,-0.200000000,-0.002978811,2.001860356,0.003816325,-0.014663064,2.027541675,-0.010434375,1.995168447,2.027621544,-0.032453096,nan,nan,nan,nan,nan,nan,nan,nan,0.421281382,nan,nan,0.000000000,0,0,0
176.700000000,pre,1,3,-0.004000000,-0.130000000,-0.100000000,-2.000373539,1.991287153,-0.003121556,-1.992567938,1.984283619,-0.023916175,2.822692394,2.812166505,0.010525889,nan,nan,nan,nan,nan,nan,nan,nan,0.044317738,nan,nan,0.000000000,0,0,0
176.700000000,post,1,0,-0.004000000,-0.130000000,-0.200000000,-1.987733453,-0.013794734,0.002505181,-2.009763140,-0.017627857,-0.019299488,2.002574205,2.009933106,-0.007358900,nan,nan,nan,nan,nan,nan,nan,nan,0.021661364,nan,nan,0.016301953,0,0,0
176.700000000,post,1,2,-0.004000000,-0.130000000,-0.200000000,-0.002978811,2.001860356,0.003816325,-0.036203763,2.003985988,-0.010434375,1.995168447,2.004340148,-0.009171701,nan,nan,nan,nan,nan,nan,nan,nan,0.033648038,nan,nan,0.016301953,0,0,0
176.700000000,post,1,3,-0.004000000,-0.130000000,-0.100000000,-2.000373539,1.991287153,-0.003121556,-2.014108637,1.960727933,-0.023916175,2.822692394,2.810989081,0.011703314,nan,nan,nan,nan,nan,nan,nan,nan,0.054787020,nan,nan,0.016301953,0,0,0
176.800000000,pre,1,0,0.016000000,-0.130000000,-0.200000000,-1.989782244,-0.013266797,0.003007409,-2.017020201,-0.026338189,-0.033647822,1.969750047,2.017472768,-0.047722721,nan,nan,nan,nan,nan,nan,nan,nan,0.910983242,nan,nan,0.000000000,0,0,0
176.800000000,pre,1,2,0.016000000,-0.130000000,-0.200000000,-0.002486544,2.004894619,0.004415064,-0.001322523,2.011693592,-0.029878328,2.015957355,2.011915896,0.004041459,nan,nan,nan,nan,nan,nan,nan,nan,0.006533357,nan,nan,0.000000000,0,0,0
176.800000000,pre,1,3,0.016000000,-0.130000000,-0.100000000,-2.001788233,1.994023413,-0.002100564,-2.007448869,2.001592003,-0.048965221,2.800302267,2.835245862,-0.034943595,nan,nan,nan,nan,nan,nan,nan,nan,0.488421931,nan,nan,0.000000000,0,0,0
176.800000000,post,1,0,0.016000000,-0.130000000,-0.200000000,-1.989782244,-0.013266797,0.003007409,-1.969376529,-0.024725925,-0.033647822,1.969750047,1.969819144,-0.000069097,nan,nan,nan,nan,nan,nan,nan,nan,0.000001910,nan,nan,0.036360303,0,0,0
176.800000000,post,1,2,0.016000000,-0.130000000,-0.200000000,-0.002486544,2.004894619,0.004415064,0.046321150,2.013305857,-0.029878328,2.015957355,2.014060286,0.001897069,nan,nan,nan,nan,nan,nan,nan,nan,0.001439549,nan,nan,0.036360303,0,0,0
176.800000000,post,1,3,0.016000000,-0.130000000,-0.100000000,-2.001788233,1.994023413,-0.002100564,-1.959805196,2.003204267,-0.048965221,2.800302267,2.802866628,-0.002564361,nan,nan,nan,nan,nan,nan,nan,nan,0.002630379,nan,nan,0.036360303,0,0,0
176.900000000,pre,1,0,-0.004000000,-0.030000000,-0.200000000,-1.991663015,-0.012822491,0.003275485,-1.963680422,0.004397459,-0.023502584,1.962029457,1.963825988,-0.001796530,nan,nan,nan,nan,nan,nan,nan,nan,0.001291009,nan,nan,0.000000000,0,0,0
176.900000000,pre,1,2,-0.004000000,-0.030000000,-0.200000000,-0.002083385,2.007573789,0.004890817,0.010537157,2.050356131,-0.007722103,2.048066139,2.050397748,-0.002331609,nan,nan,nan,nan,nan,nan,nan,nan,0.002174560,nan,nan,0.000000000,0,0,0
176.900000000,pre,1,3,-0.004000000,-0.030000000,-0.100000000,-2.002951415,1.996464102,-0.001156420,-1.988474365,1.999418220,-0.050943384,2.791140795,2.820336637,-0.029195842,nan,nan,nan,nan,nan,nan,nan,nan,0.340958876,nan,nan,0.000000000,0,0,0
176.900000000,post,1,0,-0.004000000,-0.030000000,-0.200000000,-1.991663015,-0.012822491,0.003275485,-1.952782151,-0.007076884,-0.023502584,1.962029457,1.952936400,0.009093057,nan,nan,nan,nan,nan,nan,nan,nan,0.033073474,nan,nan,0.004006926,0,0,0
176.900000000,post,1,2,-0.004000000,-0.030000000,-0.200000000,-0.002083385,2.007573789,0.004890817,0.021435428,2.038881788,-0.007722103,2.048066139,2.039009087,0.009057053,nan,nan,nan,nan,nan,nan,nan,nan,0.032812081,nan,nan,0.004006926,0,0,0
176.900000000,post,1,3,-0.004000000,-0.030000000,-0.100000000,-2.002951415,1.996464102,-0.001156420,-1.977576094,1.987943877,-0.050943384,2.791140795,2.804518371,-0.013377576,nan,nan,nan,nan,nan,nan,nan,nan,0.071583819,nan,nan,0.004006926,0,0,0
177.000000000,pre,1,0,0.016000000,-0.130000000,-0.200000000,-1.993364648,-0.012444811,0.003290986,-1.990753173,-0.029138586,-0.008913367,1.993751168,1.990986363,0.002764805,nan,nan,nan,nan,nan,nan,nan,nan,0.003057658,nan,nan,0.000000000,0,0,0
177.000000000,pre,1,2,0.016000000,-0.130000000,-0.200000000,-0.001753641,2.009964701,0.005244343,0.011629261,2.020285161,0.007282026,2.089277267,2.020331754,0.068945513,nan,nan,nan,nan,nan,nan,nan,nan,1.901393508,nan,nan,0.000000000,0,0,0
177.000000000,pre,1,3,0.016000000,-0.130000000,-0.100000000,-2.003856876,1.998667417,-0.000367907,-2.012440725,2.003529569,-0.014397604,2.843755960,2.839763317,0.003992643,nan,nan,nan,nan,nan,nan,nan,nan,0.006376480,nan,nan,0.000000000,0,0,0
177.000000000,post,1,0,0.016000000,-0.130000000,-0.200000000,-1.993364648,-0.012444811,0.003290986,-1.977918017,0.021413445,-0.008913367,1.993751168,1.978054010,0.015697158,nan,nan,nan,nan,nan,nan,nan,nan,0.098560312,nan,nan,0.043523984,0,0,0
177.000000000,post,1,2,0.016000000,-0.130000000,-0.200000000,-0.001753641,2.009964701,0.005244343,0.024464417,2.070837191,0.007282026,2.089277267,2.070994497,0.018282770,nan,nan,nan,nan,nan,nan,nan,nan,0.133703876,nan,nan,0.043523984,0,0,0
177.000000000,post,1,3,0.016000000,-0.130000000,-0.100000000,-2.003856876,1.998667417,-0.000367907,-1.999605569,2.054081600,-0.014397604,2.843755960,2.866684660,-0.022928700,nan,nan,nan,nan,nan,nan,nan,nan,0.210290113,nan,nan,0.043523984,0,0,0
177.100000000,pre,1,0,-0.004000000,-0.030000000,-0.200000000,-1.994578881,-0.012188271,0.003182668,-1.951032208,0.026610659,-0.023635767,1.992723227,1.951356823,0.041366403,nan,nan,nan,nan,nan,nan,nan,nan,0.684471724,nan,nan,0.000000000,0,0,0
177.100000000,pre,1,2,-0.004000000,-0.030000000,-0.200000000,-0.001546721,2.011664639,0.005411814,0.020153592,2.029492508,0.012848529,2.059546232,2.029633241,0.029912991,nan,nan,nan,nan,nan,nan,nan,nan,0.357914822,nan,nan,0.000000000,0,0,0
177.100000000,pre,1,3,-0.004000000,-0.030000000,-0.100000000,-2.004400395,2.000241838,0.000132448,-1.946481848,2.055111354,-0.027442688,2.869678497,2.830729122,0.038949375,nan,nan,nan,nan,nan,nan,nan,nan,0.606821541,nan,nan,0.000000000,0,0,0
177.100000000,post,1,0,-0.004000000,-0.030000000,-0.200000000,-1.994578881,-0.012188271,0.003182668,-1.987277980,0.052298421,-0.023635767,1.992723227,1.988106522,0.004616704,nan,nan,nan,nan,nan,nan,nan,nan,0.008525583,nan,nan,0.031577874,0,0,0
177.100000000,post,1,2,-0.004000000,-0.030000000,-0.200000000,-0.001546721,2.011664639,0.005411814,-0.016092180,2.055180270,0.012848529,2.059546232,2.055283432,0.004262801,nan,nan,nan,nan,nan,nan,nan,nan,0.007268587,nan,nan,0.031577874,0,0,0
177.100000000,post,1,3,-0.004000000,-0.030000000,-0.100000000,-2.004400395,2.000241838,0.000132448,-1.982727620,2.080799115,-0.027442688,2.869678497,2.874315027,-0.004636530,nan,nan,nan,nan,nan,nan,nan,nan,0.008598964,nan,nan,0.031577874,0,0,0
177.200000000,pre,1,0,0.016000000,-0.130000000,-0.200000000,-1.995760904,-0.011955157,0.003025865,-1.956909226,0.046291049,-0.012664681,2.010779858,1.957497631,0.053282227,nan,nan,nan,nan,nan,nan,nan,nan,1.135598277,nan,nan,0.000000000,0,0,0
177.200000000,pre,1,2,0.016000000,-0.130000000,-0.200000000,-0.001368212,2.013295173,0.005442391,0.001454386,2.027378152,0.014011431,2.002279282,2.027427090,-0.025147808,nan,nan,nan,nan,nan,nan,nan,nan,0.252964905,nan,nan,0.000000000,0,0,0
177.200000000,pre,1,3,0.016000000,-0.130000000,-0.100000000,-2.004835917,2.001757520,0.000609336,-1.978277006,2.037589368,-0.028191782,2.820846319,2.840095971,-0.019249652,nan,nan,nan,nan,nan,nan,nan,nan,0.148219635,nan,nan,0.000000000,0,0,0
177.200000000,post,1,0,0.016000000,-0.130000000,-0.200000000,-1.995760904,-0.011955157,0.003025865,-1.995498572,0.008578377,-0.012664681,2.010779858,1.995557199,0.015222659,nan,nan,nan,nan,nan,nan,nan,nan,0.092691739,nan,nan,0.046582132,0,0,0
177.200000000,post,1,2,0.016000000,-0.130000000,-0.200000000,-0.001368212,2.013295173,0.005442391,-0.037134960,1.989665479,0.014011431,2.002279282,1.990061317,0.012217965,nan,nan,nan,nan,nan,nan,nan,nan,0.059711466,nan,nan,0.046582132,0,0,0
177.200000000,post,1,3,0.016000000,-0.130000000,-0.100000000,-2.004835917,2.001757520,0.000609336,-2.016866352,1.999876696,-0.028191782,2.820846319,2.840431562,-0.019585242,nan,nan,nan,nan,nan,nan,nan,nan,0.153432689,nan,nan,0.046582132,0,0,0
177.300000000,pre,1,0,-0.004000000,-0.128000000,-0.200000000,-1.996913212,-0.011768404,0.002893608,-1.971622191,0.006137583,-0.018371981,2.024454117,1.971717338,0.052736779,nan,nan,nan,nan,nan,nan,nan,nan,1.112467126,nan,nan,0.000000000,0,0,0
177.300000000,pre,1,2,-0.004000000,-0.128000000,-0.200000000,-0.001195615,2.014813716,0.005347251,-0.027323483,2.021876103,0.010367443,2.025056839,2.022087296,0.002969543,nan,nan,nan,nan,nan,nan,nan,nan,0.003527274,nan,nan,0.000000000,0,0,0
177.300000000,pre,1,3,-0.004000000,-0.128000000,-0.100000000,-2.005100658,2.003200229,0.001100655,-2.059269506,1.992020764,-0.020406837,2.812244892,2.865162136,-0.052917243,nan,nan,nan,nan,nan,nan,nan,nan,1.120093860,nan,nan,0.000000000,0,0,0
177.300000000,post,1,0,-0.004000000,-0.128000000,-0.200000000,-1.996913212,-0.011768404,0.002893608,-1.990317550,-0.022511879,-0.018371981,2.024454117,1.990529644,0.033924472,nan,nan,nan,nan,nan,nan,nan,nan,0.460347929,nan,nan,0.018724931,0,0,0
177.300000000,post,1,2,-0.004000000,-0.128000000,-0.200000000,-0.001195615,2.014813716,0.005347251,-0.046018843,1.993226640,0.010367443,2.025056839,1.993784757,0.031272082,nan,nan,nan,nan,nan,nan,nan,nan,0.391177246,nan,nan,0.018724931,0,0,0
177.300000000,post,1,3,-0.004000000,-0.128000000,-0.100000000,-2.005100658,2.003200229,0.001100655,-2.077964866,1.963371302,-0.020406837,2.812244892,2.858877628,-0.046632736,nan,nan,nan,nan,nan,nan,nan,nan,0.869844808,nan,nan,0.018724931,0,0,0
177.400000000,pre,1,0,0.016000000,-0.228000000,-0.200000000,-1.997715854,-0.011685174,0.002932342,-2.003417020,-0.031884756,-0.013270777,1.989982247,2.003714677,-0.013732430,nan,nan,nan,nan,nan,nan,nan,nan,0.075431848,nan,nan,0.000000000,0,0,0
177.400000000,pre,1,2,0.016000000,-0.228000000,-0.200000000,-0.001046611,2.015810308,0.005145563,-0.076737807,2.049476252,0.018005867,1.991314888,2.050991421,-0.059676533,nan,nan,nan,nan,nan,nan,nan,nan,1.424515460,nan,nan,0.000000000,0,0,0
177.400000000,pre,1,3,0.016000000,-0.228000000,-0.100000000,-2.005069307,2.004181748,0.001444061,-2.085982307,1.977803041,-0.023592639,2.849189758,2.874644964,-0.025455205,nan,nan,nan,nan,nan,nan,nan,nan,0.259186990,nan,nan,0.000000000,0,0,0
177.400000000,post,1,0,0.016000000,-0.228000000,-0.200000000,-1.997715854,-0.011685174,0.002932342,-1.997262987,-0.080634819,-0.013270777,1.989982247,1.998934098,-0.008951850,nan,nan,nan,nan,nan,nan,nan,nan,0.032054251,nan,nan,0.038631052,0,0,0
177.400000000,post,1,2,0.016000000,-0.228000000,-0.200000000,-0.001046611,2.015810308,0.005145563,-0.070583775,2.000726189,0.018005867,1.991314888,2.002051839,-0.010736951,nan,nan,nan,nan,nan,nan,nan,nan,0.046112845,nan,nan,0.038631052,0,0,0
177.400000000,post,1,3,0.016000000,-0.228000000,-0.100000000,-2.005069307,2.004181748,0.001444061,-2.079828274,1.929052978,-0.023592639,2.849189758,2.836809415,0.012380344,nan,nan,nan,nan,nan,nan,nan,nan,0.061309163,nan,nan,0.038631052,0,0,0
177.500000000,pre,1,0,-0.004000000,-0.030000000,-0.200000000,-1.998367178,-0.011677504,0.003108574,-2.011750666,-0.058523157,-0.003695891,1.956146955,2.012605118,-0.056458162,nan,nan,nan,nan,nan,nan,nan,nan,1.275009642,nan,nan,0.000000000,0,0,0
177.500000000,pre,1,2,-0.004000000,-0.030000000,-0.200000000,-0.000909850,2.016518122,0.004832569,-0.098815512,1.987883925,0.023190917,1.967285156,1.990473517,-0.023188361,nan,nan,nan,nan,nan,nan,nan,nan,0.215080036,nan,nan,0.000000000,0,0,0
177.500000000,pre,1,3,-0.004000000,-0.030000000,-0.100000000,-2.004817252,2.004901426,0.001691821,-2.053638384,1.969200868,-0.013933643,2.795324802,2.845237568,-0.049912766,nan,nan,nan,nan,nan,nan,nan,nan,0.996513676,nan,nan,0.000000000,0,0,0
177.500000000,post,1,0,-0.004000000,-0.030000000,-0.200000000,-1.998367178,-0.011677504,0.003108574,-1.958069576,-0.077548687,-0.003695891,1.956146955,1.959608105,-0.003461149,nan,nan,nan,nan,nan,nan,nan,nan,0.004791822,nan,nan,0.051898082,0,0,0
177.500000000,post,1,2,-0.004000000,-0.030000000,-0.200000000,-0.000909850,2.016518122,0.004832569,-0.045134423,1.968858395,0.023190917,1.967285156,1.969512202,-0.002227046,nan,nan,nan,nan,nan,nan,nan,nan,0.001983894,nan,nan,0.051898082,0,0,0
177.500000000,post,1,3,-0.004000000,-0.030000000,-0.100000000,-2.004817252,2.004901426,0.001691821,-1.999957295,1.950175338,-0.013933643,2.795324802,2.793422127,0.001902675,nan,nan,nan,nan,nan,nan,nan,nan,0.001448070,nan,nan,0.051898082,0,0,0
177.600000000,pre,1,0,0.016000000,-0.030000000,-0.200000000,-1.998941144,-0.011750906,0.003383247,-1.942142957,-0.048155198,0.011177998,1.975294828,1.942772024,0.032522805,nan,nan,nan,nan,nan,nan,nan,nan,0.423093135,nan,nan,0.000000000,0,0,0
177.600000000,pre,1,2,0.016000000,-0.030000000,-0.200000000,-0.000818345,2.017003726,0.004458035,-0.027151684,1.985672370,0.041826670,2.001516104,1.986298428,0.015217676,nan,nan,nan,nan,nan,nan,nan,nan,0.092631067,nan,nan,0.000000000,0,0,0
177.600000000,pre,1,3,0.016000000,-0.030000000,-0.100000000,-2.004388803,2.005412736,0.001882251,-2.008449733,1.946105254,0.007185283,2.805572987,2.796649356,0.008923631,nan,nan,nan,nan,nan,nan,nan,nan,0.031852474,nan,nan,0.000000000,0,0,0
177.600000000,post,1,0,0.016000000,-0.030000000,-0.200000000,-1.998941144,-0.011750906,0.003383247,-1.965439779,-0.042154567,0.011177998,1.975294828,1.965923569,0.009371260,nan,nan,nan,nan,nan,nan,nan,nan,0.035128202,nan,nan,0.009259992,0,0,0
177.600000000,post,1,2,0.016000000,-0.030000000,-0.200000000,-0.000818345,2.017003726,0.004458035,-0.050448506,1.991673001,0.041826670,2.001516104,1.992750829,0.008765275,nan,nan,nan,nan,nan,nan,nan,nan,0.030732019,nan,nan,0.009259992,0,0,0
177.600000000,post,1,3,0.016000000,-0.030000000,-0.100000000,-2.004388803,2.005412736,0.001882251,-2.031746555,1.952105886,0.007185283,2.805572987,2.817581069,-0.012008083,nan,nan,nan,nan,nan,nan,nan,nan,0.057677619,nan,nan,0.009259992,0,0,0
177.700000000,pre,1,0,-0.004000000,-0.130000000,-0.200000000,-1.999439453,-0.011868017,0.003615317,-2.010504079,-0.030072782,0.009666390,1.972702384,2.010752213,-0.038049829,nan,nan,nan,nan,nan,nan,nan,nan,0.579115792,nan,nan,0.000000000,0,0,0
177.700000000,pre,1,2,-0.004000000,-0.130000000,-0.200000000,-0.000811780,2.017335296,0.003945462,-0.010485503,2.039476430,0.039091503,1.988397360,2.039877986,-0.051480626,nan,nan,nan,nan,nan,nan,nan,nan,1.060101953,nan,nan,0.000000000,0,0,0
177.700000000,pre,1,3,-0.004000000,-0.130000000,-0.100000000,-2.003790529,2.005769531,0.002004335,-2.017218173,1.990519628,-0.001133073,2.836375713,2.833961684,0.002414029,nan,nan,nan,nan,nan,nan,nan,nan,0.002331015,nan,nan,0.000000000,0,0,0
177.700000000,post,1,0,-0.004000000,-0.130000000,-0.200000000,-1.999439453,-0.011868017,0.003615317,-1.995492520,-0.057243846,0.009666390,1.972702384,1.996336819,-0.023634435,nan,nan,nan,nan,nan,nan,nan,nan,0.223434606,nan,nan,0.015417817,0,0,0
177.700000000,post,1,2,-0.004000000,-0.130000000,-0.200000000,-0.000811780,2.017335296,0.003945462,0.004526055,2.012305366,0.039091503,1.988397360,2.012690120,-0.024292760,nan,nan,nan,nan,nan,nan,nan,nan,0.236055276,nan,nan,0.015417817,0,0,0
177.700000000,post,1,3,-0.004000000,-0.130000000,-0.100000000,-2.003790529,2.005769531,0.002004335,-2.002206614,1.963348564,-0.001133073,2.836375713,2.804205805,0.032169909,nan,nan,nan,nan,nan,nan,nan,nan,0.413961211,nan,nan,0.015417817,0,0,0
177.800000000,pre,1,0,0.018000000,-0.026000000,-0.200000000,-1.999782521,-0.011986532,0.003679255,-1.962688615,-0.026120890,0.006316158,1.996357203,1.962872587,0.033484616,nan,nan,nan,nan,nan,nan,nan,nan,0.448487793,nan,nan,0.000000000,0,0,0
177.800000000,pre,1,2,0.018000000,-0.026000000,-0.200000000,-0.000892713,2.017485002,0.003322852,-0.023190129,2.007870272,0.036080978,1.978621244,2.008328322,-0.029707077,nan,nan,nan,nan,nan,nan,nan,nan,0.353004181,nan,nan,0.000000000,0,0,0
177.800000000,pre,1,3,0.018000000,-0.026000000,-0.100000000,-2.003139274,2.005964797,0.002020310,-1.948826720,1.996912905,-0.000532148,2.826312780,2.790266478,0.036046302,nan,nan,nan,nan,nan,nan,nan,nan,0.519734354,nan,nan,0.000000000,0,0,0
177.800000000,post,1,0,0.018000000,-0.026000000,-0.200000000,-1.999782521,-0.011986532,0.003679255,-2.006233837,-0.043425033,0.006316158,1.996357203,2.006713690,-0.010356488,nan,nan,nan,nan,nan,nan,nan,nan,0.042902735,nan,nan,0.035129916,0,0,0
177.800000000,post,1,2,0.018000000,-0.026000000,-0.200000000,-0.000892713,2.017485002,0.003322852,-0.066735351,1.990566129,0.036080978,1.978621244,1.992011284,-0.013390040,nan,nan,nan,nan,nan,nan,nan,nan,0.071717266,nan,nan,0.035129916,0,0,0
177.800000000,post,1,3,0.018000000,-0.026000000,-0.100000000,-2.003139274,2.005964797,0.002020310,-1.992371942,1.979608762,-0.000532148,2.826312780,2.808629041,0.017683739,nan,nan,nan,nan,nan,nan,nan,nan,0.125085855,nan,nan,0.035129916,0,0,0
177.900000000,pre,1,0,-0.004000000,-0.126000000,-0.200000000,-2.000039092,-0.012177419,0.003354283,-2.051325604,-0.027950632,-0.013980707,2.034836292,2.051563655,-0.016727363,nan,nan,nan,nan,nan,nan,nan,nan,0.111921872,nan,nan,0.000000000,0,0,0
177.900000000,pre,1,2,-0.004000000,-0.126000000,-0.200000000,-0.001072573,2.017471345,0.002156164,-0.043424617,2.003018453,0.039811641,1.993295431,2.003884625,-0.010589193,nan,nan,nan,nan,nan,nan,nan,nan,0.044852407,nan,nan,0.000000000,0,0,0
177.900000000,pre,1,3,-0.004000000,-0.126000000,-0.100000000,-2.002133269,2.006021501,0.001910440,-1.983428695,1.985150053,-0.011126095,2.844051123,2.806231265,0.037819858,nan,nan,nan,nan,nan,nan,nan,nan,0.572136666,nan,nan,0.000000000,0,0,0
177.900000000,post,1,0,-0.004000000,-0.126000000,-0.200000000,-2.000039092,-0.012177419,0.003354283,-2.054457932,-0.018375883,-0.013980707,2.034836292,2.054587679,-0.019751386,nan,nan,nan,nan,nan,nan,nan,nan,0.156046906,nan,nan,0.001623797,0,0,0
177.900000000,post,1,2,-0.004000000,-0.126000000,-0.200000000,-0.001072573,2.017471345,0.002156164,-0.046556945,2.012593202,0.039811641,1.993295431,2.013525246,-0.020229814,nan,nan,nan,nan,nan,nan,nan,nan,0.163698157,nan,nan,0.001623797,0,0,0
177.900000000,post,1,3,-0.004000000,-0.126000000,-0.100000000,-2.002133269,2.006021501,0.001910440,-1.986561023,1.994724802,-0.011126095,2.844051123,2.815222109,0.028829013,nan,nan,nan,nan,nan,nan,nan,nan,0.332444806,nan,nan,0.001623797,0,0,0
178.000000000,pre,1,0,0.016000000,-0.030000000,-0.200000000,-2.000025918,-0.012366839,0.002783759,-2.047139014,-0.019004704,-0.002829868,2.019981384,2.047229183,-0.027247799,nan,nan,nan,nan,nan,nan,nan,nan,0.296977018,nan,nan,0.000000000,0,0,0
178.000000000,pre,1,2,0.016000000,-0.030000000,-0.200000000,-0.001187782,2.017340123,0.001041920,0.018407958,1.968423521,0.046521023,2.011289835,1.969059221,0.042230614,nan,nan,nan,nan,nan,nan,nan,nan,0.713369905,nan,nan,0.000000000,0,0,0
178.000000000,pre,1,3,0.016000000,-0.030000000,-0.100000000,-2.001282022,2.005912051,0.001694409,-1.982590941,2.004884863,-0.013683230,2.865077972,2.819648450,0.045429522,nan,nan,nan,nan,nan,nan,nan,nan,0.825536603,nan,nan,0.000000000,0,0,0
178.000000000,post,1,0,0.016000000,-0.030000000,-0.200000000,-2.000025918,-0.012366839,0.002783759,-2.032735009,0.033586741,-0.002829868,2.019981384,2.033014435,-0.013033051,nan,nan,nan,nan,nan,nan,nan,nan,0.067944167,nan,nan,0.047573367,0,0,0
178.000000000,post,1,2,0.016000000,-0.030000000,-0.200000000,-0.001187782,2.017340123,0.001041920,0.032811963,2.021014966,0.046521023,2.011289835,2.021816590,-0.010526755,nan,nan,nan,nan,nan,nan,nan,nan,0.044325024,nan,nan,0.047573367,0,0,0
178.000000000,post,1,3,0.016000000,-0.030000000,-0.100000000,-2.001282022,2.005912051,0.001694409,-1.968186936,2.057476307,-0.013683230,2.865077972,2.847306763,0.017771210,nan,nan,nan,nan,nan,nan,nan,nan,0.126326357,nan,nan,0.047573367,0,0,0
178.100000000,pre,1,0,-0.004000000,-0.130000000,-0.200000000,-1.999761353,-0.012592063,0.001827928,-1.958764903,0.005717139,0.011447105,1.994428039,1.958806695,0.035621343,nan,nan,nan,nan,nan,nan,nan,nan,0.507552044,nan,nan,0.000000000,0,0,0
178.100000000,pre,1,2,-0.004000000,-0.130000000,-0.200000000,-0.001207224,2.017137215,-0.000415361,0.081420228,2.013888254,0.042214400,2.010430098,2.015975498,-0.005545400,nan,nan,nan,nan,nan,nan,nan,nan,0.012300586,nan,nan,0.000000000,0,0,0
178.100000000,pre,1,3,-0.004000000,-0.130000000,-0.100000000,-2.000250997,2.005709664,0.001300551,-1.946139276,1.981910604,-0.018700914,2.854957581,2.777728829,0.077228751,nan,nan,nan,nan,nan,nan,nan,nan,2.385712014,nan,nan,0.000000000,0,0,0
178.100000000,post,1,0,-0.004000000,-0.130000000,-0.200000000,-1.999761353,-0.012592063,0.001827928,-2.012569236,0.020979752,0.011447105,1.994428039,2.012711136,-0.018283097,nan,nan,nan,nan,nan,nan,nan,nan,0.133708653,nan,nan,0.050045656,0,0,0
178.100000000,post,1,2,-0.004000000,-0.130000000,-0.200000000,-0.001207224,2.017137215,-0.000415361,0.027615895,2.029150867,0.042214400,2.010430098,2.029777804,-0.019347706,nan,nan,nan,nan,nan,nan,nan,nan,0.149733494,nan,nan,0.050045656,0,0,0
178.100000000,post,1,3,-0.004000000,-0.130000000,-0.100000000,-2.000250997,2.005709664,0.001300551,-1.999943609,1.997173217,-0.018700914,2.854957581,2.826450958,0.028506622,nan,nan,nan,nan,nan,nan,nan,nan,0.325051008,nan,nan,0.050045656,0,0,0
178.200000000,pre,1,0,0.016000000,-0.030000000,-0.200000000,-1.999368749,-0.012745879,0.000826961,-1.986951561,-0.076789592,0.000322310,2.018834114,1.988434875,0.030399239,nan,nan,nan,nan,nan,nan,nan,nan,0.369645492,nan,nan,0.000000000,0,0,0
178.200000000,pre,1,2,0.016000000,-0.030000000,-0.200000000,-0.001124440,2.016950883,-0.001761029,0.060311716,1.952366556,0.027867698,2.010026217,1.953496680,0.056529536,nan,nan,nan,nan,nan,nan,nan,nan,1.278235396,nan,nan,0.000000000,0,0,0
178.200000000,pre,1,3,0.016000000,-0.030000000,-0.100000000,-1.999297816,2.005538694,0.000895674,-1.910953571,1.945218263,-0.030103007,2.824157238,2.726999052,0.097158186,nan,nan,nan,nan,nan,nan,nan,nan,3.775885213,nan,nan,0.000000000,0,0,0
178.200000000,post,1,0,0.016000000,-0.030000000,-0.200000000,-1.999368749,-0.012745879,0.000826961,-2.030027588,-0.008829534,0.000322310,2.018834114,2.030046815,-0.011212701,nan,nan,nan,nan,nan,nan,nan,nan,0.050289867,nan,nan,0.103585816,0,0,0
178.200000000,post,1,2,0.016000000,-0.030000000,-0.200000000,-0.001124440,2.016950883,-0.001761029,0.017235690,2.020326613,0.027867698,2.010026217,2.020592314,-0.010566098,nan,nan,nan,nan,nan,nan,nan,nan,0.044656971,nan,nan,0.103585816,0,0,0
178.200000000,post,1,3,0.016000000,-0.030000000,-0.100000000,-1.999297816,2.005538694,0.000895674,-1.954029597,2.013178321,-0.030103007,2.824157238,2.805712888,0.018444350,nan,nan,nan,nan,nan,nan,nan,nan,0.136077622,nan,nan,0.103585816,0,0,0
178.300000000,pre,1,0,-0.004000000,-0.130000000,-0.200000000,-1.998672261,-0.012933406,-0.000553364,-2.004168217,-0.041841140,0.009543059,2.042776108,2.004627644,0.038148464,nan,nan,nan,nan,nan,nan,nan,nan,0.582122108,nan,nan,0.000000000,0,0,0
178.300000000,pre,1,2,-0.004000000,-0.130000000,-0.200000000,-0.000896555,2.016579171,-0.003607204,0.086333311,1.938685399,0.035949634,2.013690710,1.940939693,0.072751017,nan,nan,nan,nan,nan,nan,nan,nan,2.117084178,nan,nan,0.000000000,0,0,0
178.300000000,pre,1,3,-0.004000000,-0.130000000,-0.100000000,-1.997863629,2.005286881,0.000338943,-1.965448174,2.011320088,-0.026188815,2.779866219,2.812308816,-0.032442598,nan,nan,nan,nan,nan,nan,nan,nan,0.421008854,nan,nan,0.000000000,0,0,0
178.300000000,post,1,0,-0.004000000,-0.130000000,-0.200000000,-1.998672261,-0.012933406,-0.000553364,-2.003121753,-0.009973466,0.009543059,2.042776108,2.003169313,0.039606795,nan,nan,nan,nan,nan,nan,nan,nan,0.627479273,nan,nan,0.016266299,0,0,0
178.300000000,post,1,2,-0.004000000,-0.130000000,-0.200000000,-0.000896555,2.016579171,-0.003607204,0.087379774,1.970553073,0.035949634,2.013690710,1.972817025,0.040873685,nan,nan,nan,nan,nan,nan,nan,nan,0.668263259,nan,nan,0.016266299,0,0,0
178.300000000,post,1,3,-0.004000000,-0.130000000,-0.100000000,-1.997863629,2.005286881,0.000338943,-1.964401711,2.043187762,-0.026188815,2.779866219,2.834462236,-0.054596017,nan,nan,nan,nan,nan,nan,nan,nan,1.192290026,nan,nan,0.016266299,0,0,0
178.400000000,pre,1,0,0.018000000,-0.130000000,-0.200000000,-1.997980955,-0.013086084,-0.001601493,-2.026374007,0.027158846,0.013892882,2.052937508,2.026603619,0.026333888,nan,nan,nan,nan,nan,nan,nan,nan,0.277389470,nan,nan,0.000000000,0,0,0
178.400000000,pre,1,2,0.018000000,-0.130000000,-0.200000000,-0.000646694,2.016090289,-0.005006648,0.028900003,2.021280900,0.052330996,1.990857363,2.022164736,-0.031307373,nan,nan,nan,nan,nan,nan,nan,nan,0.392060644,nan,nan,0.000000000,0,0,0
178.400000000,pre,1,3,0.018000000,-0.130000000,-0.100000000,-1.996545745,2.005001876,-0.000016504,-1.952626856,2.026210179,-0.012257224,2.804914951,2.813970428,-0.009055476,nan,nan,nan,nan,nan,nan,nan,nan,0.032800662,nan,nan,0.000000000,0,0,0
178.400000000,post,1,0,0.018000000,-0.130000000,-0.200000000,-1.997980955,-0.013086084,-0.001601493,-2.049977949,-0.004672540,0.013892882,2.052937508,2.050030350,0.002907158,nan,nan,nan,nan,nan,nan,nan,nan,0.003380627,nan,nan,0.025126132,0,0,0
178.400000000,post,1,2,0.018000000,-0.130000000,-0.200000000,-0.000646694,2.016090289,-0.005006648,0.005296061,1.989449513,0.052330996,1.990857363,1.990144705,0.000712658,nan,nan,nan,nan,nan,nan,nan,nan,0.000203152,nan,nan,0.025126132,0,0,0
178.400000000,post,1,3,0.018000000,-0.130000000,-0.100000000,-1.996545745,2.005001876,-0.000016504,-1.976230798,1.994378792,-0.012257224,2.804914951,2.807701048,-0.002786097,nan,nan,nan,nan,nan,nan,nan,nan,0.003104934,nan,nan,0.025126132,0,0,0
178.500000000,pre,1,0,-0.004000000,-0.230000000,-0.200000000,-1.997211389,-0.013205337,-0.002430309,-2.061059704,-0.003183533,0.012492464,2.043305159,2.061100022,-0.017794863,nan,nan,nan,nan,nan,nan,nan,nan,0.126662860,nan,nan,0.000000000,0,0,0
178.500000000,pre,1,2,-0.004000000,-0.230000000,-0.200000000,-0.000394661,2.015468568,-0.006066230,-0.018080923,1.992896380,0.051235553,1.981126070,1.993636873,-0.012510803,nan,nan,nan,nan,nan,nan,nan,nan,0.062608077,nan,nan,0.000000000,0,0,0
178.500000000,pre,1,3,-0.004000000,-0.230000000,-0.100000000,-1.995158620,2.004637665,-0.000184824,-1.978278178,2.015349532,-0.001069630,2.836008787,2.824043100,0.011965687,nan,nan,nan,nan,nan,nan,nan,nan,0.057271069,nan,nan,0.000000000,0,0,0
178.500000000,post,1,0,-0.004000000,-0.230000000,-0.200000000,-1.997211389,-0.013205337,-0.002430309,-2.055035360,-0.003748216,0.012492464,2.043305159,2.055076748,-0.011771590,nan,nan,nan,nan,nan,nan,nan,nan,0.055428129,nan,nan,0.000585785,0,0,0
178.500000000,post,1,2,-0.004000000,-0.230000000,-0.200000000,-0.000394661,2.015468568,-0.006066230,-0.012056579,1.992331696,0.051235553,1.981126070,1.993026851,-0.011900781,nan,nan,nan,nan,nan,nan,nan,nan,0.056651438,nan,nan,0.000585785,0,0,0
178.500000000,post,1,3,-0.004000000,-0.230000000,-0.100000000,-1.995158620,2.004637665,-0.000184824,-1.972253834,2.014784849,-0.001069630,2.836008787,2.819422692,0.016586095,nan,nan,nan,nan,nan,nan,nan,nan,0.110039422,nan,nan,0.000585785,0,0,0
178.600000000,pre,1,0,0.016000000,-0.130000000,-0.200000000,-1.996581118,-0.013227020,-0.002929630,-2.010199670,0.012585958,0.024604354,2.062718630,2.010389637,0.052328992,nan,nan,nan,nan,nan,nan,nan,nan,1.095329378,nan,nan,0.000000000,0,0,0
178.600000000,pre,1,2,0.016000000,-0.130000000,-0.200000000,-0.000206889,2.014972921,-0.006705635,-0.041761418,2.014840671,0.055474906,2.027827740,2.016036808,0.011790932,nan,nan,nan,nan,nan,nan,nan,nan,0.055610431,nan,nan,0.000000000,0,0,0
178.600000000,pre,1,3,0.016000000,-0.130000000,-0.100000000,-1.994077448,2.004325709,-0.000226226,-2.027459556,2.009756830,0.012032776,2.858218193,2.854795887,0.003422307,nan,nan,nan,nan,nan,nan,nan,nan,0.004684873,nan,nan,0.000000000,0,0,0
178.600000000,post,1,0,0.016000000,-0.130000000,-0.200000000,-1.996581118,-0.013227020,-0.002929630,-2.046962354,0.009212268,0.024604354,2.062718630,2.047130948,0.015587682,nan,nan,nan,nan,nan,nan,nan,nan,0.097190331,nan,nan,0.021806027,0,0,0
178.600000000,post,1,2,0.016000000,-0.130000000,-0.200000000,-0.000206889,2.014972921,-0.006705635,-0.078524101,2.011466980,0.055474906,2.027827740,2.013763371,0.014064369,nan,nan,nan,nan,nan,nan,nan,nan,0.079122590,nan,nan,0.021806027,0,0,0
178.600000000,post,1,3,0.016000000,-0.130000000,-0.100000000,-1.994077448,2.004325709,-0.000226226,-2.064222239,2.006383140,0.012032776,2.858218193,2.878668363,-0.020450170,nan,nan,nan,nan,nan,nan,nan,nan,0.167283782,nan,nan,0.021806027,0,0,0
178.700000000,pre,1,0,-0.004000000,-0.230000000,-0.200000000,-1.995612115,-0.013112122,-0.003601288,-2.017029205,0.026571318,0.022051325,2.028528452,2.017324741,0.011203711,nan,nan,nan,nan,nan,nan,nan,nan,0.050209258,nan,nan,0.000000000,0,0,0
178.700000000,pre,1,2,-0.004000000,-0.230000000,-0.200000000,0.000083693,2.014286635,-0.007552025,-0.104704176,2.100218626,0.057382638,2.030524731,2.103609757,-0.073085026,nan,nan,nan,nan,nan,nan,nan,nan,2.136568402,nan,nan,0.000000000,0,0,0
178.700000000,pre,1,3,-0.004000000,-0.230000000,-0.100000000,-1.992475105,2.003821569,-0.000150506,-2.105050244,2.036669748,0.012026594,2.891649485,2.929062107,-0.037412623,nan,nan,nan,nan,nan,nan,nan,nan,0.559881735,nan,nan,0.000000000,0,0,0
178.700000000,post,1,0,-0.004000000,-0.230000000,-0.200000000,-1.995612115,-0.013112122,-0.003601288,-2.028726439,-0.043077045,0.022051325,2.028528452,2.029303540,-0.000775088,nan,nan,nan,nan,nan,nan,nan,nan,0.000240305,nan,nan,0.079803518,0,0,0
178.700000000,post,1,2,-0.004000000,-0.230000000,-0.200000000,0.000083693,2.014286635,-0.007552025,-0.116401410,2.030570262,0.057382638,2.030524731,2.034713160,-0.004188429,nan,nan,nan,nan,nan,nan,nan,nan,0.007017176,nan,nan,0.079803518,0,0,0
178.700000000,post,1,3,-0.004000000,-0.230000000,-0.100000000,-1.992475105,2.003821569,-0.000150506,-2.116747478,1.967021384,0.012026594,2.891649485,2.889625866,0.002023618,nan,nan,nan,nan,nan,nan,nan,nan,0.001638012,nan,nan,0.079803518,0,0,0
178.800000000,pre,1,0,0.016000000,-0.228000000,-0.200000000,-1.994781028,-0.012871845,-0.004165484,-2.013084739,-0.040361765,0.017251681,1.952771187,2.013563224,-0.060792037,nan,nan,nan,nan,nan,nan,nan,nan,1.478268712,nan,nan,0.000000000,0,0,0
178.800000000,pre,1,2,0.016000000,-0.228000000,-0.200000000,0.000352210,2.013800772,-0.008233290,-0.098378795,2.066410527,0.058147205,1.999657035,2.069568059,-0.069911024,nan,nan,nan,nan,nan,nan,nan,nan,1.955020494,nan,nan,0.000000000,0,0,0
178.800000000,pre,1,3,0.016000000,-0.228000000,-0.100000000,-1.991112389,2.003400214,-0.000074810,-2.103055830,2.007713103,-0.001357112,2.865102053,2.907534621,-0.042432568,nan,nan,nan,nan,nan,nan,nan,nan,0.720209144,nan,nan,0.000000000,0,0,0
178.800000000,post,1,0,0.016000000,-0.228000000,-0.200000000,-1.994781028,-0.012871845,-0.004165484,-1.968966023,-0.089657324,0.017251681,1.952771187,1.971081748,-0.018310561,nan,nan,nan,nan,nan,nan,nan,nan,0.134110660,nan,nan,0.070024211,0,0,0
178.800000000,post,1,2,0.016000000,-0.228000000,-0.200000000,0.000352210,2.013800772,-0.008233290,-0.054260080,2.017114968,0.058147205,1.999657035,2.018682255,-0.019025220,nan,nan,nan,nan,nan,nan,nan,nan,0.144783598,nan,nan,0.070024211,0,0,0
178.800000000,post,1,3,0.016000000,-0.228000000,-0.100000000,-1.991112389,2.003400214,-0.000074810,-2.058937115,1.958417544,-0.001357112,2.865102053,2.841588141,0.023513911,nan,nan,nan,nan,nan,nan,nan,nan,0.221161613,nan,nan,0.070024211,0,0,0
178.900000000,pre,1,0,-0.004000000,-0.030000000,-0.200000000,-1.994052039,-0.012563876,-0.004787518,-1.992515694,-0.044178109,0.002938389,1.972499847,1.993007559,-0.020507711,nan,nan,nan,nan,nan,nan,nan,nan,0.168226489,nan,nan,0.000000000,0,0,0
178.900000000,pre,1,2,-0.004000000,-0.030000000,-0.200000000,0.000597595,2.013457287,-0.008895937,-0.078644245,2.069777476,0.056801543,1.993195891,2.072049742,-0.078853850,nan,nan,nan,nan,nan,nan,nan,nan,2.487171895,nan,nan,0.000000000,0,0,0
178.900000000,pre,1,3,-0.004000000,-0.030000000,-0.100000000,-1.989878472,2.003087069,-0.000148914,-2.017372037,1.986612078,-0.008479001,2.881754398,2.831340562,0.050413837,nan,nan,nan,nan,nan,nan,nan,nan,1.016621967,nan,nan,0.000000000,0,0,0
178.900000000,post,1,0,-0.004000000,-0.030000000,-0.200000000,-1.994052039,-0.012563876,-0.004787518,-2.011865580,-0.078853208,0.002938389,1.972499847,2.013412420,-0.040912573,nan,nan,nan,nan,nan,nan,nan,nan,0.669535436,nan,nan,0.025228489,0,0,0
178.900000000,post,1,2,-0.004000000,-0.030000000,-0.200000000,0.000597595,2.013457287,-0.008895937,-0.097994131,2.035102377,0.056801543,1.993195891,2.038251935,-0.045056043,nan,nan,nan,nan,nan,nan,nan,nan,0.812018816,nan,nan,0.025228489,0,0,0
178.900000000,post,1,3,-0.004000000,-0.030000000,-0.100000000,-1.989878472,2.003087069,-0.000148914,-2.036721923,1.951936979,-0.008479001,2.881754398,2.821057613,0.060696786,nan,nan,nan,nan,nan,nan,nan,nan,1.473639924,nan,nan,0.025228489,0,0,0
179.000000000,pre,1,0,0.016000000,-0.130000000,-0.200000000,-1.993473285,-0.012261826,-0.005335634,-2.026574279,-0.017182822,-0.009002314,2.015795231,2.026667116,-0.010871885,nan,nan,nan,nan,nan,nan,nan,nan,0.047279153,nan,nan,0.000000000,0,0,0
179.000000000,pre,1,2,0.016000000,-0.130000000,-0.200000000,0.000783631,2.013185611,-0.009396903,-0.106429071,2.035704779,0.045327237,1.936349154,2.038988880,-0.102639727,nan,nan,nan,nan,nan,nan,nan,nan,4.213965411,nan,nan,0.000000000,0,0,0
179.000000000,pre,1,3,0.016000000,-0.130000000,-0.100000000,-1.988857161,2.002859395,-0.000234942,-2.044184283,2.003156715,-0.016374613,2.888839245,2.862096144,0.026743101,nan,nan,nan,nan,nan,nan,nan,nan,0.286077380,nan,nan,0.000000000,0,0,0
179.000000000,post,1,0,0.016000000,-0.130000000,-0.200000000,-1.993473285,-0.012261826,-0.005335634,-2.049830792,-0.080492553,-0.009002314,2.015795231,2.051430323,-0.035635092,nan,nan,nan,nan,nan,nan,nan,nan,0.507943904,nan,nan,0.072783798,0,0,0
179.000000000,post,1,2,0.016000000,-0.130000000,-0.200000000,0.000783631,2.013185611,-0.009396903,-0.129685585,1.972395049,0.045327237,1.936349154,1.977173523,-0.040824369,nan,nan,nan,nan,nan,nan,nan,nan,0.666651650,nan,nan,0.072783798,0,0,0
179.000000000,post,1,3,0.016000000,-0.130000000,-0.100000000,-1.988857161,2.002859395,-0.000234942,-2.067440796,1.939846985,-0.016374613,2.888839245,2.835063650,0.053775595,nan,nan,nan,nan,nan,nan,nan,nan,1.156725843,nan,nan,0.072783798,0,0,0
179.100000000,pre,1,0,-0.004000000,-0.030000000,-0.200000000,-1.992694849,-0.011756390,-0.006028945,-2.029335499,-0.040860071,-0.024354181,2.046747446,2.029892913,0.016854533,nan,nan,nan,nan,nan,nan,nan,nan,0.113630109,nan,nan,0.000000000,0,0,0
179.100000000,pre,1,2,-0.004000000,-0.030000000,-0.200000000,0.000970834,2.012716990,-0.009999072,-0.140984916,1.946281800,0.035140300,1.952666879,1.951697833,0.000969046,nan,nan,nan,nan,nan,nan,nan,nan,0.000375620,nan,nan,0.000000000,0,0,0
179.100000000,pre,1,3,-0.004000000,-0.030000000,-0.100000000,-1.987444309,2.002537172,-0.000310885,-2.055795961,1.965126807,-0.012884517,nan,2.843973701,nan,nan,nan,nan,nan,nan,nan,nan,nan,nan,nan,nan,0.000000000,0,0,0
179.100000000,post,1,0,-0.004000000,-0.030000000,-0.200000000,-1.992694849,-0.011756390,-0.006028945,-2.045540793,-0.041131634,-0.024354181,2.046747446,2.046099233,0.000648213,nan,nan,nan,nan,nan,nan,nan,nan,0.000168072,nan,nan,0.004202965,0,0,0
179.100000000,post,1,2,-0.004000000,-0.030000000,-0.200000000,0.000970834,2.012716990,-0.009999072,-0.157190209,1.946010237,0.035140300,1.952666879,1.952664703,0.000002175,nan,nan,nan,nan,nan,nan,nan,nan,0.000000002,nan,nan,0.004202965,0,0,0
179.100000000,post,1,3,-0.004000000,-0.030000000,-0.100000000,-1.987444309,2.002537172,-0.000310885,-2.072001254,1.964855243,-0.012884517,nan,2.855522953,nan,nan,nan,nan,nan,nan,nan,nan,nan,nan,nan,nan,0.004202965,0,0,0
179.200000000,pre,1,0,0.016000000,-0.130000000,-0.200000000,-1.992147687,-0.011321599,-0.006438171,-2.040008538,-0.003032882,-0.037912861,1.976474404,2.040363060,-0.063888656,nan,nan,nan,nan,nan,nan,nan,nan,1.632704144,nan,nan,0.000000000,0,0,0
179.200000000,pre,1,2,0.016000000,-0.130000000,-0.200000000,0.001039918,2.012294649,-0.010344466,-0.083774886,2.009397447,0.016135596,2.060277462,2.011207768,0.049069694,nan,nan,nan,nan,nan,nan,nan,nan,0.963133937,nan,nan,0.000000000,0,0,0
179.200000000,pre,1,3,0.016000000,-0.130000000,-0.100000000,-1.986439760,2.002271405,-0.000381732,-2.097225977,1.968465316,-0.012013540,2.863640070,2.876344350,-0.012704280,nan,nan,nan,nan,nan,nan,nan,nan,0.064559497,nan,nan,0.000000000,0,0,0
179.200000000,post,1,0,0.016000000,-0.130000000,-0.200000000,-1.992147687,-0.011321599,-0.006438171,-1.977418767,0.045005879,-0.037912861,1.976474404,1.978294188,-0.001819784,nan,nan,nan,nan,nan,nan,nan,nan,0.001324646,nan,nan,0.099603231,0,0,0
179.200000000,post,1,2,0.016000000,-0.130000000,-0.200000000,0.001039918,2.012294649,-0.010344466,-0.021185116,2.057436208,0.016135596,2.060277462,2.057608543,0.002668919,nan,nan,nan,nan,nan,nan,nan,nan,0.002849252,nan,nan,0.099603231,0,0,0
179.200000000,post,1,3,0.016000000,-0.130000000,-0.100000000,-1.986439760,2.002271405,-0.000381732,-2.034636206,2.016504077,-0.012013540,2.863640070,2.864642650,-0.001002580,nan,nan,nan,nan,nan,nan,nan,nan,0.000402066,nan,nan,0.099603231,0,0,0
179.300000000,pre,1,0,-0.004000000,-0.030000000,-0.200000000,-1.991464271,-0.010702703,-0.006916230,-1.907829508,0.033610658,-0.043331407,1.968259811,1.908617489,0.059642323,nan,nan,nan,nan,nan,nan,nan,nan,1.422882661,nan,nan,0.000000000,0,0,0
179.300000000,pre,1,2,-0.004000000,-0.030000000,-0.200000000,0.001100991,2.011711469,-0.010537148,0.040517947,2.076983663,-0.006726083,2.083452702,2.077389727,0.006062974,nan,nan,nan,nan,nan,nan,nan,nan,0.014703863,nan,nan,0.000000000,0,0,0
179.300000000,pre,1,3,-0.004000000,-0.030000000,-0.100000000,-1.985192227,2.001883112,-0.000618737,-1.978938837,2.052476965,-0.006749385,2.832495451,2.851123668,-0.018628217,nan,nan,nan,nan,nan,nan,nan,nan,0.138804186,nan,nan,0.000000000,0,0,0
179.300000000,post,1,0,-0.004000000,-0.030000000,-0.200000000,-1.991464271,-0.010702703,-0.006916230,-1.943480193,0.017934077,-0.043331407,1.968259811,1.944045910,0.024213901,nan,nan,nan,nan,nan,nan,nan,nan,0.234525205,nan,nan,0.024267624,0,0,0
179.300000000,post,1,2,-0.004000000,-0.030000000,-0.200000000,0.001100991,2.011711469,-0.010537148,0.004867262,2.061307082,-0.006726083,2.083452702,2.061323802,0.022128900,nan,nan,nan,nan,nan,nan,nan,nan,0.195875286,nan,nan,0.024267624,0,0,0
179.300000000,post,1,3,-0.004000000,-0.030000000,-0.100000000,-1.985192227,2.001883112,-0.000618737,-2.014589522,2.036800384,-0.006749385,2.832495451,2.864816277,-0.032320826,nan,nan,nan,nan,nan,nan,nan,nan,0.417854321,nan,nan,0.024267624,0,0,0
179.400000000,pre,1,0,0.016000000,-0.130000000,-0.200000000,-1.990931702,-0.010199511,-0.007190288,-1.994390026,0.032228453,-0.024663722,2.045200109,1.994802885,0.050397225,nan,nan,nan,nan,nan,nan,nan,nan,1.015952103,nan,nan,0.000000000,0,0,0
179.400000000,pre,1,2,0.016000000,-0.130000000,-0.200000000,0.001158263,2.011274412,-0.010473194,0.034427304,2.050652701,-0.002373551,2.009857416,2.050943045,-0.041085629,nan,nan,nan,nan,nan,nan,nan,nan,0.675211565,nan,nan,0.000000000,0,0,0
179.400000000,pre,1,3,0.016000000,-0.130000000,-0.100000000,-1.984263835,2.001585400,-0.000916598,-1.981533469,2.053416390,-0.001111932,2.887056112,2.853593348,0.033462765,nan,nan,nan,nan,nan,nan,nan,nan,0.447902645,nan,nan,0.000000000,0,0,0
179.400000000,post,1,0,0.016000000,-0.130000000,-0.200000000,-1.990931702,-0.010199511,-0.007190288,-2.052504299,0.002310442,-0.024663722,2.045200109,2.052653779,-0.007453670,nan,nan,nan,nan,nan,nan,nan,nan,0.022222876,nan,nan,0.068357699,0,0,0
179.400000000,post,1,2,0.016000000,-0.130000000,-0.200000000,0.001158263,2.011274412,-0.010473194,-0.023686969,2.020734690,-0.002373551,2.009857416,2.020874908,-0.011017492,nan,nan,nan,nan,nan,nan,nan,nan,0.048554050,nan,nan,0.068357699,0,0,0
179.400000000,post,1,3,0.016000000,-0.130000000,-0.100000000,-1.984263835,2.001585400,-0.000916598,-2.039647742,2.023498378,-0.001111932,2.887056112,2.873101083,0.013955029,nan,nan,nan,nan,nan,nan,nan,nan,0.077897133,nan,nan,0.068357699,0,0,0
179.500000000,pre,1,0,-0.004000000,-0.130000000,-0.200000000,-1.990132027,-0.009476575,-0.007441880,-2.000159759,0.002686193,-0.047474152,2.006119251,2.000724887,0.005394364,nan,nan,nan,nan,nan,nan,nan,nan,0.011639667,nan,nan,0.000000000,0,0,0
179.500000000,pre,1,2,-0.004000000,-0.130000000,-0.200000000,0.001258171,2.010735223,-0.010272172,-0.068678065,2.045033090,-0.013602794,2.023592234,2.046231183,-0.022638949,nan,nan,nan,nan,nan,nan,nan,nan,0.205008802,nan,nan,0.000000000,0,0,0
179.500000000,pre,1,3,-0.004000000,-0.130000000,-0.100000000,-1.983015609,2.001256285,-0.001317054,-2.045882078,2.032457286,-0.028310457,2.910339594,2.883976001,0.026363593,nan,nan,nan,nan,nan,nan,nan,nan,0.278015607,nan,nan,0.000000000,0,0,0
179.500000000,post,1,0,-0.004000000,-0.130000000,-0.200000000,-1.990132027,-0.009476575,-0.007441880,-2.018349021,-0.006384041,-0.047474152,2.006119251,2.018917364,-0.012798113,nan,nan,nan,nan,nan,nan,nan,nan,0.065516674,nan,nan,0.006609894,0,0,0
179.500000000,post,1,2,-0.004000000,-0.130000000,-0.200000000,0.001258171,2.010735223,-0.010272172,-0.086867327,2.035962855,-0.013602794,2.023592234,2.037860574,-0.014268340,nan,nan,nan,nan,nan,nan,nan,nan,0.081434210,nan,nan,0.006609894,0,0,0
179.500000000,post,1,3,-0.004000000,-0.130000000,-0.100000000,-1.983015609,2.001256285,-0.001317054,-2.064071340,2.023387051,-0.028310457,2.910339594,2.890551355,0.019788239,nan,nan,nan,nan,nan,nan,nan,nan,0.156629761,nan,nan,0.006609894,0,0,0
179.600000000,pre,1,0,0.016000000,-0.030000000,-0.200000000,-1.989512189,-0.008961731,-0.007509899,-1.920855011,0.017134492,-0.056871188,2.028050900,1.921773113,0.106277787,nan,nan,nan,nan,nan,nan,nan,nan,4.517987199,nan,nan,0.000000000,0,0,0
179.600000000,pre,1,2,0.016000000,-0.030000000,-0.200000000,0.001347478,2.010412473,-0.010072778,-0.070271760,2.084207383,-0.022774212,2.082698345,2.085516051,-0.002817706,nan,nan,nan,nan,nan,nan,nan,nan,0.003175787,nan,nan,0.000000000,0,0,0
179.600000000,pre,1,3,0.016000000,-0.030000000,-0.100000000,-1.982173161,2.001091560,-0.001529313,-2.064873107,2.032888907,-0.042708551,2.839113951,2.897958294,-0.058844344,nan,nan,nan,nan,nan,nan,nan,nan,1.385062712,nan,nan,0.000000000,0,0,0
179.600000000,post,1,0,0.016000000,-0.030000000,-0.200000000,-1.989512189,-0.008961731,-0.007509899,-1.978952993,-0.032685943,-0.056871188,2.028050900,1.980039811,0.048011089,nan,nan,nan,nan,nan,nan,nan,nan,0.922025859,nan,nan,0.093719220,0,0,0
179.600000000,post,1,2,0.016000000,-0.030000000,-0.200000000,0.001347478,2.010412473,-0.010072778,-0.128369742,2.034386948,-0.022774212,2.082698345,2.038560205,0.044138140,nan,nan,nan,nan,nan,nan,nan,nan,0.779270158,nan,nan,0.093719220,0,0,0
179.600000000,post,1,3,0.016000000,-0.030000000,-0.100000000,-1.982173161,2.001091560,-0.001529313,-2.122971089,1.983068472,-0.042708551,2.839113951,2.905407171,-0.066293220,nan,nan,nan,nan,nan,nan,nan,nan,1.757916430,nan,nan,0.093719220,0,0,0
179.700000000,pre,1,0,-0.004000000,-0.030000000,-0.200000000,-1.988358145,-0.008083607,-0.007462004,-2.024754591,-0.010343910,-0.069844070,2.015619278,2.025985278,-0.010366000,nan,nan,nan,nan,nan,nan,nan,nan,0.042981580,nan,nan,0.000000000,0,0,0
179.700000000,pre,1,2,-0.004000000,-0.030000000,-0.200000000,0.001554716,2.009921850,-0.009775617,-0.052197993,2.052484580,-0.026701710,2.037628651,2.053321836,-0.015693185,nan,nan,nan,nan,nan,nan,nan,nan,0.098510427,nan,nan,0.000000000,0,0,0
179.700000000,pre,1,3,-0.004000000,-0.030000000,-0.100000000,-1.980814169,2.000883337,-0.001967483,-2.076034967,1.992954444,-0.040069886,2.790469408,2.878088636,-0.087619228,nan,nan,nan,nan,nan,nan,nan,nan,3.070851612,nan,nan,0.000000000,0,0,0
179.700000000,post,1,0,-0.004000000,-0.030000000,-0.200000000,-1.988358145,-0.008083607,-0.007462004,-1.989710018,-0.049066484,-0.069844070,2.015619278,1.991540024,0.024079254,nan,nan,nan,nan,nan,nan,nan,nan,0.231924182,nan,nan,0.043640957,0,0,0
179.700000000,post,1,2,-0.004000000,-0.030000000,-0.200000000,0.001554716,2.009921850,-0.009775617,-0.017153420,2.013762006,-0.026701710,2.037628651,2.014012075,0.023616575,nan,nan,nan,nan,nan,nan,nan,nan,0.223097054,nan,nan,0.043640957,0,0,0
179.700000000,post,1,3,-0.004000000,-0.030000000,-0.100000000,-1.980814169,2.000883337,-0.001967483,-2.040990393,1.954231870,-0.040069886,2.790469408,2.825998865,-0.035529457,nan,nan,nan,nan,nan,nan,nan,nan,0.504936918,nan,nan,0.043640957,0,0,0
179.800000000,pre,1,0,0.016000000,-0.030000000,-0.200000000,-1.987425557,-0.007424170,-0.007334446,-1.941000374,-0.061970837,-0.053044952,1.992027879,1.942713721,0.049314158,nan,nan,nan,nan,nan,nan,nan,nan,0.972754455,nan,nan,0.000000000,0,0,0
179.800000000,pre,1,2,0.016000000,-0.030000000,-0.200000000,0.001782716,2.009574369,-0.009571289,0.000745893,1.979486599,-0.032093156,2.000215054,1.979746884,0.020468170,nan,nan,nan,nan,nan,nan,nan,nan,0.167578388,nan,nan,0.000000000,0,0,0
179.800000000,pre,1,3,0.016000000,-0.030000000,-0.100000000,-1.979836303,2.000760439,-0.002398055,-1.994551683,1.971003683,-0.041901415,2.773311377,2.804433573,-0.031122196,nan,nan,nan,nan,nan,nan,nan,nan,0.387436441,nan,nan,0.000000000,0,0,0
179.800000000,post,1,0,0.016000000,-0.030000000,-0.200000000,-1.987425557,-0.007424170,-0.007334446,-1.961035399,-0.070057767,-0.053044952,1.992027879,1.963003233,0.029024646,nan,nan,nan,nan,nan,nan,nan,nan,0.336972021,nan,nan,0.007468811,0,0,0
179.800000000,post,1,2,0.016000000,-0.030000000,-0.200000000,0.001782716,2.009574369,-0.009571289,-0.019289132,1.971399669,-0.032093156,2.000215054,1.971755233,0.028459821,nan,nan,nan,nan,nan,nan,nan,nan,0.323984562,nan,nan,0.007468811,0,0,0
179.800000000,post,1,3,0.016000000,-0.030000000,-0.100000000,-1.979836303,2.000760439,-0.002398055,-2.014586708,1.962916753,-0.041901415,2.773311377,2.813069056,-0.039757679,nan,nan,nan,nan,nan,nan,nan,nan,0.632269228,nan,nan,0.007468811,0,0,0
179.900000000,pre,1,0,-0.004000000,-0.030000000,-0.200000000,-1.986253879,-0.006660889,-0.007040443,-1.971573969,-0.007982365,-0.076283452,2.033816814,1.973065331,0.060751484,nan,nan,nan,nan,nan,nan,nan,nan,1.476297116,nan,nan,0.000000000,0,0,0
179.900000000,pre,1,2,-0.004000000,-0.030000000,-0.200000000,0.002143052,2.009173827,-0.009157715,-0.012445979,2.003520424,-0.057693691,2.008116245,2.004389572,0.003726674,nan,nan,nan,nan,nan,nan,nan,nan,0.005555238,nan,nan,0.000000000,0,0,0
179.900000000,pre,1,3,-0.004000000,-0.030000000,-0.100000000,-1.978677705,2.000631935,-0.002993684,-2.060470188,1.968747336,-0.055964068,2.799046755,2.850374614,-0.051327860,nan,nan,nan,nan,nan,nan,nan,nan,1.053819666,nan,nan,0.000000000,0,0,0
179.900000000,post,1,0,-0.004000000,-0.030000000,-0.200000000,-1.986253879,-0.006660889,-0.007040443,-1.995857816,-0.037356065,-0.076283452,2.033816814,1.997664402,0.036152412,nan,nan,nan,nan,nan,nan,nan,nan,0.522798769,nan,nan,0.023240312,0,0,0
179.900000000,post,1,2,-0.004000000,-0.030000000,-0.200000000,0.002143052,2.009173827,-0.009157715,-0.036729826,1.974146724,-0.057693691,2.008116245,1.975331094,0.032785151,nan,nan,nan,nan,nan,nan,nan,nan,0.429946451,nan,nan,0.023240312,0,0,0
179.900000000,post,1,3,-0.004000000,-0.030000000,-0.100000000,-1.978677705,2.000631935,-0.002993684,-2.084754035,1.939373636,-0.055964068,2.799046755,2.847894215,-0.048847460,nan,nan,nan,nan,nan,nan,nan,nan,0.954429754,nan,nan,0.023240312,0,0,0
180.000000000,pre,1,0,0.016000000,-0.030000000,-0.200000000,-1.985176327,-0.006036762,-0.006724020,-2.044882548,-0.027077526,-0.086770611,1.976067185,2.046901797,-0.070834611,nan,nan,nan,nan,nan,nan,nan,nan,2.007016865,nan,nan,0.000000000,0,0,0
180.000000000,pre,1,2,0.016000000,-0.030000000,-0.200000000,0.002499955,2.008828915,-0.008627259,-0.099970309,2.033886863,-0.046425005,2.057856798,2.036871403,0.020985395,nan,nan,nan,nan,nan,nan,nan,nan,0.176154718,nan,nan,0.000000000,0,0,0
180.000000000,pre,1,3,0.016000000,-0.030000000,-0.100000000,-1.977655252,2.000522842,-0.003567978,-2.048950085,1.970603158,-0.051776435,2.827253819,2.843264683,-0.016010865,nan,nan,nan,nan,nan,nan,nan,nan,0.102539115,nan,nan,0.000000000,0,0,0
180.000000000,post,1,0,0.016000000,-0.030000000,-0.200000000,-1.985176327,-0.006036762,-0.006724020,-1.982662966,0.001023233,-0.086770611,1.976067185,1.984561065,-0.008493880,nan,nan,nan,nan,nan,nan,nan,nan,0.028858399,nan,nan,0.074574864,0,0,0
180.000000000,post,1,2,0.016000000,-0.030000000,-0.200000000,0.002499955,2.008828915,-0.008627259,-0.037750727,2.061987621,-0.046425005,2.057856798,2.062855630,-0.004998832,nan,nan,nan,nan,nan,nan,nan,nan,0.009995327,nan,nan,0.074574864,0,0,0
180.000000000,post,1,3,0.016000000,-0.030000000,-0.100000000,-1.977655252,2.000522842,-0.003567978,-1.986730504,1.998703917,-0.051776435,2.827253819,2.818616015,0.008637803,nan,nan,nan,nan,nan,nan,nan,nan,0.029844660,nan,nan,0.074574864,0,0,0
180.100000000,pre,1,0,-0.004000000,-0.030000000,-0.200000000,-1.984040416,-0.005430343,-0.006274626,-1.949259057,0.001319439,-0.088112644,1.924834609,1.951249971,-0.026415362,nan,nan,nan,nan,nan,nan,nan,nan,0.279108547,nan,nan,0.000000000,0,0,0
180.100000000,pre,1,2,-0.004000000,-0.030000000,-0.200000000,0.002869935,2.008475237,-0.007813137,-0.008458700,2.071164498,-0.041988616,2.066819429,2.071607340,-0.004787911,nan,nan,nan,nan,nan,nan,nan,nan,0.009169635,nan,nan,0.000000000,0,0,0
180.100000000,pre,1,3,-0.004000000,-0.030000000,-0.100000000,-1.976617947,2.000402266,-0.004077069,-2.003015667,2.021464400,-0.046979495,2.829886913,2.846154802,-0.016267889,nan,nan,nan,nan,nan,nan,nan,nan,0.105857680,nan,nan,0.000000000,0,0,0
180.100000000,post,1,0,-0.004000000,-0.030000000,-0.200000000,-1.984040416,-0.005430343,-0.006274626,-1.925523081,-0.001615750,-0.088112644,1.924834609,1.927538738,-0.002704129,nan,nan,nan,nan,nan,nan,nan,nan,0.002924925,nan,nan,0.009152190,0,0,0
180.100000000,post,1,2,-0.004000000,-0.030000000,-0.200000000,0.002869935,2.008475237,-0.007813137,0.015277276,2.068229309,-0.041988616,2.066819429,2.068711897,-0.001892468,nan,nan,nan,nan,nan,nan,nan,nan,0.001432574,nan,nan,0.009152190,0,0,0
180.100000000,post,1,3,-0.004000000,-0.030000000,-0.100000000,-1.976617947,2.000402266,-0.004077069,-1.979279691,2.018529212,-0.046979495,2.829886913,2.827404348,0.002482565,nan,nan,nan,nan,nan,nan,nan,nan,0.002465252,nan,nan,0.009152190,0,0,0
180.200000000,pre,1,0,0.016000000,-0.030000000,-0.200000000,-1.982958150,-0.004836094,-0.005698530,-1.899439435,0.002653340,-0.100735074,1.935019851,1.902110607,0.032909244,nan,nan,nan,nan,nan,nan,nan,nan,0.433207332,nan,nan,0.000000000,0,0,0
180.200000000,pre,1,2,0.016000000,-0.030000000,-0.200000000,0.003228088,2.008124637,-0.006805176,0.011456347,2.074056435,-0.043833123,2.027145863,2.074551201,-0.047405338,nan,nan,nan,nan,nan,nan,nan,nan,0.898906446,nan,nan,0.000000000,0,0,0
180.200000000,pre,1,3,0.016000000,-0.030000000,-0.100000000,-1.975661699,2.000280331,-0.004485176,-1.954697562,2.029584254,-0.045924002,2.805247068,2.818184489,-0.012937421,nan,nan,nan,nan,nan,nan,nan,nan,0.066950742,nan,nan,0.000000000,0,0,0
180.200000000,post,1,0,0.016000000,-0.030000000,-0.200000000,-1.982958150,-0.004836094,-0.005698530,-1.929875379,-0.043797147,-0.100735074,1.935019851,1.932998894,0.002020957,nan,nan,nan,nan,nan,nan,nan,nan,0.001633706,nan,nan,0.049343912,0,0,0
180.200000000,post,1,2,0.016000000,-0.030000000,-0.200000000,0.003228088,2.008124637,-0.006805176,-0.018979597,2.027605947,-0.043833123,2.027145863,2.028168495,-0.001022633,nan,nan,nan,nan,nan,nan,nan,nan,0.000418311,nan,nan,0.049343912,0,0,0
180.200000000,post,1,3,0.016000000,-0.030000000,-0.100000000,-1.975661699,2.000280331,-0.004485176,-1.985133506,1.983133766,-0.045924002,2.805247068,2.806364835,-0.001117767,nan,nan,nan,nan,nan,nan,nan,nan,0.000499761,nan,nan,0.049343912,0,0,0
180.300000000,pre,1,0,-0.004000000,-0.030000000,-0.200000000,-1.981741305,-0.004094155,-0.004988096,-1.947867285,-0.051808416,-0.089533255,1.957159400,1.950612026,0.006547374,nan,nan,nan,nan,nan,nan,nan,nan,0.017147244,nan,nan,0.000000000,0,0,0
180.300000000,pre,1,2,-0.004000000,-0.030000000,-0.200000000,0.003656642,2.007701865,-0.005538378,0.029113249,1.990611760,-0.047945418,1.996452093,1.991401899,0.005050194,nan,nan,nan,nan,nan,nan,nan,nan,0.010201784,nan,nan,0.000000000,0,0,0
180.300000000,pre,1,3,-0.004000000,-0.030000000,-0.100000000,-1.974618040,2.000137203,-0.004942093,-1.956862751,2.015179794,-0.015358601,2.772427559,2.809002904,-0.036575345,nan,nan,nan,nan,nan,nan,nan,nan,0.535102356,nan,nan,0.000000000,0,0,0
180.300000000,post,1,0,-0.004000000,-0.030000000,-0.200000000,-1.981741305,-0.004094155,-0.004988096,-1.938642386,-0.062898763,-0.089533255,1.957159400,1.941727777,0.015431623,nan,nan,nan,nan,nan,nan,nan,nan,0.095253996,nan,nan,0.003329513,0,0,0
180.300000000,post,1,2,-0.004000000,-0.030000000,-0.200000000,0.003656642,2.007701865,-0.005538378,0.038338148,1.979521413,-0.047945418,1.996452093,1.980473075,0.015979018,nan,nan,nan,nan,nan,nan,nan,nan,0.102131608,nan,nan,0.003329513,0,0,0
180.300000000,post,1,3,-0.004000000,-0.030000000,-0.100000000,-1.974618040,2.000137203,-0.004942093,-1.947637853,2.004089447,-0.015358601,2.772427559,2.794620476,-0.022192917,nan,nan,nan,nan,nan,nan,nan,nan,0.197010223,nan,nan,0.003329513,0,0,0
180.400000000,pre,1,0,0.016000000,-0.030000000,-0.200000000,-1.980703962,-0.003427289,-0.004419108,-1.959783831,-0.007785655,-0.086788697,2.022402763,1.961720051,0.060682712,nan,nan,nan,nan,nan,nan,nan,nan,1.472956608,nan,nan,0.000000000,0,0,0
180.400000000,pre,1,2,0.016000000,-0.030000000,-0.200000000,0.004020349,2.007325189,-0.004467052,0.073252146,1.936928909,-0.040192325,1.998227835,1.938730229,0.059497606,nan,nan,nan,nan,nan,nan,nan,nan,1.415986041,nan,nan,0.000000000,0,0,0
180.400000000,pre,1,3,0.016000000,-0.030000000,-0.100000000,-1.973747699,1.999998577,-0.005451510,-1.936426386,1.979809293,-0.011455554,2.798391104,2.769390405,0.029000699,nan,nan,nan,nan,nan,nan,nan,nan,0.336416211,nan,nan,0.000000000,0,0,0
180.400000000,post,1,0,0.016000000,-0.030000000,-0.200000000,-1.980703962,-0.003427289,-0.004419108,-1.999306240,0.032129048,-0.086788697,2.022402763,2.001446975,0.020955788,nan,nan,nan,nan,nan,nan,nan,nan,0.175658020,nan,nan,0.050483269,0,0,0
180.400000000,post,1,2,0.016000000,-0.030000000,-0.200000000,0.004020349,2.007325189,-0.004467052,0.033729738,1.976843613,-0.040192325,1.998227835,1.977539832,0.020688003,nan,nan,nan,nan,nan,nan,nan,nan,0.171197381,nan,nan,0.050483269,0,0,0
180.400000000,post,1,3,0.016000000,-0.030000000,-0.100000000,-1.973747699,1.999998577,-0.005451510,-1.975948795,2.019723996,-0.011455554,2.798391104,2.825560102,-0.027168998,nan,nan,nan,nan,nan,nan,nan,nan,0.295261787,nan,nan,0.050483269,0,0,0
180.500000000,pre,1,0,-0.004000000,-0.026000000,-0.200000000,-1.979701520,-0.002805006,-0.003830769,-2.077780877,0.050076731,-0.081373444,2.026051283,2.079976608,-0.053925325,nan,nan,nan,nan,nan,nan,nan,nan,1.163176276,nan,nan,0.000000000,0,0,0
180.500000000,pre,1,2,-0.004000000,-0.026000000,-0.200000000,0.004348168,2.006934252,-0.003521257,0.009989292,2.042670622,-0.042456404,2.032656193,2.043136218,-0.010480025,nan,nan,nan,nan,nan,nan,nan,nan,0.043932369,nan,nan,0.000000000,0,0,0
180.500000000,pre,1,3,-0.004000000,-0.026000000,-0.100000000,-1.972919063,1.999830977,-0.006050653,-1.986826220,2.007612139,-0.001402890,2.752258778,2.824533041,-0.072274263,nan,nan,nan,nan,nan,nan,nan,nan,2.089427647,nan,nan,0.000000000,0,0,0
180.500000000,post,1,0,-0.004000000,-0.026000000,-0.200000000,-1.979701520,-0.002805006,-0.003830769,-2.016379439,0.029045013,-0.081373444,2.026051283,2.018229742,0.007821541,nan,nan,nan,nan,nan,nan,nan,nan,0.024470602,nan,nan,0.067399518,0,0,0
180.500000000,post,1,2,-0.004000000,-0.026000000,-0.200000000,0.004348168,2.006934252,-0.003521257,0.071390731,2.021638904,-0.042456404,2.032656193,2.023344518,0.009311674,nan,nan,nan,nan,nan,nan,nan,nan,0.034682912,nan,nan,0.067399518,0,0,0
180.500000000,post,1,3,-0.004000000,-0.026000000,-0.100000000,-1.972919063,1.999830977,-0.006050653,-1.925424782,1.986580420,-0.001402890,2.752258778,2.766543751,-0.014284973,nan,nan,nan,nan,nan,nan,nan,nan,0.081624183,nan,nan,0.067399518,0,0,0
180.600000000,pre,1,0,0.016000000,-0.026000000,-0.200000000,-1.978760791,-0.002248898,-0.003136993,-1.933462644,-0.006077835,-0.058912235,1.967530847,1.934369506,0.033161341,nan,nan,nan,nan,nan,nan,nan,nan,0.439869806,nan,nan,0.000000000,0,0,0
180.600000000,pre,1,2,0.016000000,-0.026000000,-0.200000000,0.004637912,2.006516491,-0.002631928,0.038804114,2.019186561,-0.045394745,1.985841155,2.020069506,-0.034228351,nan,nan,nan,nan,nan,nan,nan,nan,0.468632016,nan,nan,0.000000000,0,0,0
180.600000000,pre,1,3,0.016000000,-0.026000000,-0.100000000,-1.972167608,1.999647227,-0.006618081,-1.930460182,2.004277864,-0.002506278,2.692049503,2.782770661,-0.090721157,nan,nan,nan,nan,nan,nan,nan,nan,3.292131365,nan,nan,0.000000000,0,0,0
180.600000000,post,1,0,0.016000000,-0.026000000,-0.200000000,-1.978760791,-0.002248898,-0.003136993,-1.933293049,-0.070522613,-0.058912235,1.967530847,1.935475679,0.032055167,nan,nan,nan,nan,nan,nan,nan,nan,0.411013504,nan,nan,0.066450529,0,0,0
180.600000000,post,1,2,0.016000000,-0.026000000,-0.200000000,0.004637912,2.006516491,-0.002631928,0.038973708,1.954741784,-0.045394745,1.985841155,1.955657198,0.030183958,nan,nan,nan,nan,nan,nan,nan,nan,0.364428516,nan,nan,0.066450529,0,0,0
180.600000000,post,1,3,0.016000000,-0.026000000,-0.100000000,-1.972167608,1.999647227,-0.006618081,-1.930290588,1.939833087,-0.002506278,2.692049503,2.736600160,-0.044550657,nan,nan,nan,nan,nan,nan,nan,nan,0.793904415,nan,nan,0.066450529,0,0,0
180.700000000,pre,1,0,-0.004000000,-0.026000000,-0.200000000,-1.977793845,-0.001675183,-0.002189643,-1.987374205,-0.040528596,-0.055043417,2.021545649,1.988549365,0.032996284,nan,nan,nan,nan,nan,nan,nan,nan,0.435501902,nan,nan,0.000000000,0,0,0
180.700000000,pre,1,2,-0.004000000,-0.026000000,-0.200000000,0.004933207,2.005979119,-0.001520192,0.012643225,1.986706846,-0.039008336,1.968667984,1.987129989,-0.018462005,nan,nan,nan,nan,nan,nan,nan,nan,0.136338255,nan,nan,0.000000000,0,0,0
180.700000000,pre,1,3,-0.004000000,-0.026000000,-0.100000000,-1.971419130,1.999448045,-0.007150280,-1.941426599,1.961264927,0.016504836,2.731585979,2.759704652,-0.028118672,nan,nan,nan,nan,nan,nan,nan,nan,0.316263894,nan,nan,0.000000000,0,0,0
180.700000000,post,1,0,-0.004000000,-0.026000000,-0.200000000,-1.977793845,-0.001675183,-0.002189643,-2.005326433,-0.071522572,-0.055043417,2.021545649,2.007356311,0.014189338,nan,nan,nan,nan,nan,nan,nan,nan,0.080534924,nan,nan,0.020526545,0,0,0
180.700000000,post,1,2,-0.004000000,-0.026000000,-0.200000000,0.004933207,2.005979119,-0.001520192,-0.005309003,1.955712869,-0.039008336,1.968667984,1.956109062,0.012558922,nan,nan,nan,nan,nan,nan,nan,nan,0.063090607,nan,nan,0.020526545,0,0,0
180.700000000,post,1,3,-0.004000000,-0.026000000,-0.100000000,-1.971419130,1.999448045,-0.007150280,-1.959378827,1.930270950,0.016504836,2.731585979,2.750524266,-0.018938287,nan,nan,nan,nan,nan,nan,nan,nan,0.143463484,nan,nan,0.020526545,0,0,0
180.800000000,pre,1,0,0.016000000,-0.126000000,-0.200000000,-1.977107880,-0.001274173,-0.001253057,-2.012701507,-0.049505544,-0.049569518,2.073528528,2.013920379,0.059608149,nan,nan,nan,nan,nan,nan,nan,nan,1.421252580,nan,nan,0.000000000,0,0,0
180.800000000,pre,1,2,0.016000000,-0.126000000,-0.200000000,0.005146020,2.005451978,-0.000552743,-0.048507510,1.955865102,-0.043862448,2.009183645,1.956958147,0.052225498,nan,nan,nan,nan,nan,nan,nan,nan,1.091001050,nan,nan,0.000000000,0,0,0
180.800000000,pre,1,3,0.016000000,-0.126000000,-0.100000000,-1.970864510,1.999293171,-0.007468153,-1.985996568,1.964868806,0.004715330,2.854195118,2.793727623,0.060467495,nan,nan,nan,nan,nan,nan,nan,nan,1.462527195,nan,nan,0.000000000,0,0,0
180.800000000,post,1,0,0.016000000,-0.126000000,-0.200000000,-1.977107880,-0.001274173,-0.001253057,-2.065742218,-0.006340318,-0.049569518,2.073528528,2.066346594,0.007181934,nan,nan,nan,nan,nan,nan,nan,nan,0.020632072,nan,nan,0.074824859,0,0,0
180.800000000,post,1,2,0.016000000,-0.126000000,-0.200000000,0.005146020,2.005451978,-0.000552743,-0.101548221,1.999030328,-0.043862448,2.009183645,2.002088462,0.007095184,nan,nan,nan,nan,nan,nan,nan,nan,0.020136652,nan,nan,0.074824859,0,0,0
180.800000000,post,1,3,0.016000000,-0.126000000,-0.100000000,-1.970864510,1.999293171,-0.007468153,-2.039037279,2.008034032,0.004715330,2.854195118,2.861799422,-0.007604304,nan,nan,nan,nan,nan,nan,nan,nan,0.023130177,nan,nan,0.074824859,0,0,0
180.900000000,pre,1,0,-0.004000000,-0.026000000,-0.200000000,-1.976515351,-0.000965298,-0.000124534,-2.069696827,0.034564105,-0.040485001,2.022789001,2.070381286,-0.047592284,nan,nan,nan,nan,nan,nan,nan,nan,0.906010200,nan,nan,0.000000000,0,0,0
180.900000000,pre,1,2,-0.004000000,-0.026000000,-0.200000000,0.005313473,2.004831990,0.000460651,-0.116388557,1.986308576,-0.030659978,2.042233706,1.989951781,0.052281925,nan,nan,nan,nan,nan,nan,nan,nan,1.093359856,nan,nan,0.000000000,0,0,0
180.900000000,pre,1,3,-0.004000000,-0.026000000,-0.100000000,-1.970331824,1.999095929,-0.007496239,-2.073292340,1.996897512,0.001606094,2.870476961,2.878566202,-0.008089241,nan,nan,nan,nan,nan,nan,nan,nan,0.026174329,nan,nan,0.000000000,0,0,0
180.900000000,post,1,0,-0.004000000,-0.026000000,-0.200000000,-1.976515351,-0.000965298,-0.000124534,-2.018735380,0.083123287,-0.040485001,2.022789001,2.020851566,0.001937436,nan,nan,nan,nan,nan,nan,nan,nan,0.001501463,nan,nan,0.079281011,0,0,0
180.900000000,post,1,2,-0.004000000,-0.026000000,-0.200000000,0.005313473,2.004831990,0.000460651,-0.065427110,2.034867758,-0.030659978,2.042233706,2.036150175,0.006083531,nan,nan,nan,nan,nan,nan,nan,nan,0.014803739,nan,nan,0.079281011,0,0,0
180.900000000,post,1,3,-0.004000000,-0.026000000,-0.100000000,-1.970331824,1.999095929,-0.007496239,-2.022330893,2.045456694,0.001606094,2.870476961,2.876407118,-0.005930157,nan,nan,nan,nan,nan,nan,nan,nan,0.014066705,nan,nan,0.079281011,0,0,0
181.000000000,pre,1,0,0.018000000,-0.126000000,-0.200000000,-1.976105316,-0.000793473,0.000839186,-1.959652066,0.041030295,-0.029711876,1.976299524,1.960306737,0.015992787,nan,nan,nan,nan,nan,nan,nan,nan,0.102307701,nan,nan,0.000000000,0,0,0
181.000000000,pre,1,2,0.018000000,-0.126000000,-0.200000000,0.005389553,2.004276852,0.001341554,-0.058565682,2.033996902,-0.012420215,2.060426950,2.034877784,0.025549166,nan,nan,nan,nan,nan,nan,nan,nan,0.261103953,nan,nan,0.000000000,0,0,0
181.000000000,pre,1,3,0.018000000,-0.126000000,-0.100000000,-1.969943849,1.998867907,-0.007275521,-1.977870759,2.033539446,0.005994422,2.800044775,2.836774815,-0.036730040,nan,nan,nan,nan,nan,nan,nan,nan,0.539638337,nan,nan,0.000000000,0,0,0
181.000000000,post,1,0,0.018000000,-0.126000000,-0.200000000,-1.976105316,-0.000793473,0.000839186,-1.953088117,0.043032743,-0.029711876,1.976299524,1.953788066,0.022511458,nan,nan,nan,nan,nan,nan,nan,nan,0.202706304,nan,nan,0.000753524,0,0,0
181.000000000,post,1,2,0.018000000,-0.126000000,-0.200000000,0.005389553,2.004276852,0.001341554,-0.052001733,2.035999350,-0.012420215,2.060426950,2.036701204,0.023725746,nan,nan,nan,nan,nan,nan,nan,nan,0.225164414,nan,nan,0.000753524,0,0,0
181.000000000,post,1,3,0.018000000,-0.126000000,-0.100000000,-1.969943849,1.998867907,-0.007275521,-1.971306810,2.035541894,0.005994422,2.800044775,2.833640287,-0.033595512,nan,nan,nan,nan,nan,nan,nan,nan,0.451463363,nan,nan,0.000753524,0,0,0
181.100000000,pre,1,0,-0.004000000,-0.126000000,-0.200000000,-1.975574125,-0.000644918,0.002126596,-1.980464658,0.013325777,-0.011956741,1.923315287,1.980545582,-0.057230296,nan,nan,nan,nan,nan,nan,nan,nan,1.310122693,nan,nan,0.000000000,0,0,0
181.100000000,pre,1,2,-0.004000000,-0.126000000,-0.200000000,0.005390362,2.003382977,0.002613632,0.003638801,2.066527124,-0.012427462,2.008370876,2.066567695,-0.058196819,nan,nan,nan,nan,nan,nan,nan,nan,1.354747885,nan,nan,0.000000000,0,0,0
181.100000000,pre,1,3,-0.004000000,-0.126000000,-0.100000000,-1.969509726,1.998415317,-0.006753069,-1.999246160,2.033511971,0.008131459,2.818508148,2.851705150,-0.033197002,nan,nan,nan,nan,nan,nan,nan,nan,0.440816376,nan,nan,0.000000000,0,0,0
181.100000000,post,1,0,-0.004000000,-0.126000000,-0.200000000,-1.975574125,-0.000644918,0.002126596,-1.941225508,-0.027002981,-0.011956741,1.923315287,1.941450128,-0.018134841,nan,nan,nan,nan,nan,nan,nan,nan,0.131548982,nan,nan,0.050657915,0,0,0
181.100000000,post,1,2,-0.004000000,-0.126000000,-0.200000000,0.005390362,2.003382977,0.002613632,0.042877952,2.026198366,-0.012427462,2.008370876,2.026690104,-0.018319228,nan,nan,nan,nan,nan,nan,nan,nan,0.134237641,nan,nan,0.050657915,0,0,0
181.100000000,post,1,3,-0.004000000,-0.126000000,-0.100000000,-1.969509726,1.998415317,-0.006753069,-1.960007009,1.993183212,0.008131459,2.818508148,2.795437875,0.023070273,nan,nan,nan,nan,nan,nan,nan,nan,0.212894996,nan,nan,0.050657915,0,0,0
181.200000000,pre,1,0,0.016000000,-0.026000000,-0.200000000,-1.975261980,-0.000594200,0.002848446,-1.935263088,-0.020276963,-0.039316094,1.905977011,1.935768615,-0.029791605,nan,nan,nan,nan,nan,nan,nan,nan,0.355015881,nan,nan,0.000000000,0,0,0
181.200000000,pre,1,2,0.016000000,-0.026000000,-0.200000000,0.005345858,2.002793990,0.003321063,0.007885867,2.040536930,-0.017000396,1.992219567,2.040622984,-0.048403416,nan,nan,nan,nan,nan,nan,nan,nan,0.937156287,nan,nan,0.000000000,0,0,0
181.200000000,pre,1,3,0.016000000,-0.026000000,-0.100000000,-1.969333490,1.998088494,-0.006345452,-1.916343251,2.004926994,-0.008226074,2.824522734,2.773476406,0.051046328,nan,nan,nan,nan,nan,nan,nan,nan,1.042291029,nan,nan,0.000000000,0,0,0
181.200000000,post,1,0,0.016000000,-0.026000000,-0.200000000,-1.975261980,-0.000594200,0.002848446,-1.941952992,-0.029516250,-0.039316094,1.905977011,1.942575195,-0.036598184,nan,nan,nan,nan,nan,nan,nan,nan,0.535770823,nan,nan,0.002081908,0,0,0
181.200000000,post,1,2,0.016000000,-0.026000000,-0.200000000,0.005345858,2.002793990,0.003321063,0.001195964,2.031297642,-0.017000396,1.992219567,2.031369133,-0.039149566,nan,nan,nan,nan,nan,nan,nan,nan,0.613075397,nan,nan,0.002081908,0,0,0
181.200000000,post,1,3,0.016000000,-0.026000000,-0.100000000,-1.969333490,1.998088494,-0.006345452,-1.923033154,1.995687706,-0.008226074,2.824522734,2.771442513,0.053080221,nan,nan,nan,nan,nan,nan,nan,nan,1.127003940,nan,nan,0.002081908,0,0,0
181.300000000,pre,1,0,-0.004000000,-0.126000000,-0.200000000,-1.974824831,-0.000585151,0.003852964,-1.981428051,0.008985593,-0.034540396,1.983939409,1.981749454,0.002189955,nan,nan,nan,nan,nan,nan,nan,nan,0.001918361,nan,nan,0.000000000,0,0,0
181.300000000,pre,1,2,-0.004000000,-0.126000000,-0.200000000,0.005293166,2.001951386,0.004217900,0.018206464,2.017401354,-0.028090549,2.022156239,2.017679057,0.004477181,nan,nan,nan,nan,nan,nan,nan,nan,0.008018061,nan,nan,0.000000000,0,0,0
181.300000000,pre,1,3,-0.004000000,-0.126000000,-0.100000000,-1.969191770,1.997598970,-0.005698183,-1.950685425,2.023943813,-0.020855382,2.783106327,2.811042001,-0.027935674,nan,nan,nan,nan,nan,nan,nan,nan,0.312160754,nan,nan,0.000000000,0,0,0
181.300000000,post,1,0,-0.004000000,-0.126000000,-0.200000000,-1.974824831,-0.000585151,0.003852964,-1.972404542,0.001779843,-0.034540396,1.983939409,1.972707755,0.011231655,nan,nan,nan,nan,nan,nan,nan,nan,0.050460025,nan,nan,0.002133544,0,0,0
181.300000000,post,1,2,-0.004000000,-0.126000000,-0.200000000,0.005293166,2.001951386,0.004217900,0.027229972,2.010195605,-0.028090549,2.022156239,2.010576265,0.011579973,nan,nan,nan,nan,nan,nan,nan,nan,0.053638311,nan,nan,0.002133544,0,0,0
181.300000000,post,1,3,-0.004000000,-0.126000000,-0.100000000,-1.969191770,1.997598970,-0.005698183,-1.941661917,2.016738063,-0.020855382,2.783106327,2.799592535,-0.016486208,nan,nan,nan,nan,nan,nan,nan,nan,0.108718020,nan,nan,0.002133544,0,0,0
181.400000000,pre,1,0,0.016000000,-0.026000000,-0.200000000,-1.974403052,-0.000673309,0.004645666,-1.981836078,0.027812212,-0.050078700,2.042110443,1.982663773,0.059446671,nan,nan,nan,nan,nan,nan,nan,nan,1.413562658,nan,nan,0.000000000,0,0,0
181.400000000,pre,1,2,0.016000000,-0.026000000,-0.200000000,0.005307037,2.001103980,0.004937979,0.005770733,2.041898900,-0.033487117,2.054112196,2.042181629,0.011930567,nan,nan,nan,nan,nan,nan,nan,nan,0.056935370,nan,nan,0.000000000,0,0,0
181.400000000,pre,1,3,0.016000000,-0.026000000,-0.100000000,-1.969121975,1.997100868,-0.005132127,-1.941427451,2.022715490,-0.026627095,2.782424212,2.803788063,-0.021363852,nan,nan,nan,nan,nan,nan,nan,nan,0.182565665,nan,nan,0.000000000,0,0,0
181.400000000,post,1,0,0.016000000,-0.026000000,-0.200000000,-1.974403052,-0.000673309,0.004645666,-2.015497370,0.014902304,-0.050078700,2.042110443,2.016174497,0.025935946,nan,nan,nan,nan,nan,nan,nan,nan,0.269069311,nan,nan,0.020795973,0,0,0
181.400000000,post,1,2,0.016000000,-0.026000000,-0.200000000,0.005307037,2.001103980,0.004937979,-0.027890560,2.028988992,-0.033487117,2.054112196,2.029456971,0.024655225,nan,nan,nan,nan,nan,nan,nan,nan,0.243152039,nan,nan,0.020795973,0,0,0
181.400000000,post,1,3,0.016000000,-0.026000000,-0.100000000,-1.969121975,1.997100868,-0.005132127,-1.975088743,2.009805582,-0.026627095,2.782424212,2.817978535,-0.035554323,nan,nan,nan,nan,nan,nan,nan,nan,0.505643963,nan,nan,0.020795973,0,0,0
181.500000000,pre,1,0,-0.004000000,-0.126000000,-0.200000000,-1.974166359,-0.000784360,0.005017063,-2.039832635,0.026096854,-0.025359512,1.970504761,2.040157183,-0.069652422,nan,nan,nan,nan,nan,nan,nan,nan,1.940583972,nan,nan,0.000000000,0,0,0
181.500000000,pre,1,2,-0.004000000,-0.126000000,-0.200000000,0.005354907,2.000532186,0.005316455,0.005553381,2.006532936,-0.039390520,2.021784782,2.006927223,0.014857560,nan,nan,nan,nan,nan,nan,nan,nan,0.088298830,nan,nan,0.000000000,0,0,0
181.500000000,pre,1,3,-0.004000000,-0.126000000,-0.100000000,-1.969088886,1.996777952,-0.004788156,-1.998699271,1.998970306,-0.020198931,2.777399063,2.826851438,-0.049452375,nan,nan,nan,nan,nan,nan,nan,nan,0.978214973,nan,nan,0.000000000,0,0,0
181.500000000,post,1,0,-0.004000000,-0.126000000,-0.200000000,-1.974166359,-0.000784360,0.005017063,-1.968615260,0.034910093,-0.025359512,1.970504761,1.969088078,0.001416682,nan,nan,nan,nan,nan,nan,nan,nan,0.000802796,nan,nan,0.082393405,0,0,0
181.500000000,post,1,2,-0.004000000,-0.126000000,-0.200000000,0.005354907,2.000532186,0.005316455,0.076770756,2.015346176,-0.039390520,2.021784782,2.017192497,0.004592285,nan,nan,nan,nan,nan,nan,nan,nan,0.008435633,nan,nan,0.082393405,0,0,0
181.500000000,post,1,3,-0.004000000,-0.126000000,-0.100000000,-1.969088886,1.996777952,-0.004788156,-1.927481895,2.007783546,-0.020198931,2.777399063,2.783305448,-0.005906385,nan,nan,nan,nan,nan,nan,nan,nan,0.013954153,nan,nan,0.082393405,0,0,0
181.600000000,pre,1,0,0.016000000,-0.026000000,-0.200000000,-1.973907384,-0.001022154,0.005350556,-1.936745880,0.020785821,-0.027705849,1.953256011,1.937055567,0.016200444,nan,nan,nan,nan,nan,nan,nan,nan,0.104981759,nan,nan,0.000000000,0,0,0
181.600000000,pre,1,2,0.016000000,-0.026000000,-0.200000000,0.005437385,1.999636817,0.005669218,0.051561026,1.945764596,-0.021506534,1.924953461,1.946566447,-0.021612987,nan,nan,nan,nan,nan,nan,nan,nan,0.186848479,nan,nan,0.000000000,0,0,0
181.600000000,pre,1,3,0.016000000,-0.026000000,-0.100000000,-1.969063423,1.996278437,-0.004181100,-1.849972021,1.980068052,-0.002107879,2.794539213,2.709810032,0.084729181,nan,nan,nan,nan,nan,nan,nan,nan,2.871613632,nan,nan,0.000000000,0,0,0
181.600000000,post,1,0,0.016000000,-0.026000000,-0.200000000,-1.973907384,-0.001022154,0.005350556,-1.982385401,0.031811028,-0.027705849,1.953256011,1.982834192,-0.029578181,nan,nan,nan,nan,nan,nan,nan,nan,0.349947524,nan,nan,0.035272337,0,0,0
181.600000000,post,1,2,0.016000000,-0.026000000,-0.200000000,0.005437385,1.999636817,0.005669218,0.005921505,1.956789803,-0.021506534,1.924953461,1.956916945,-0.031963484,nan,nan,nan,nan,nan,nan,nan,nan,0.408665736,nan,nan,0.035272337,0,0,0
181.600000000,post,1,3,0.016000000,-0.026000000,-0.100000000,-1.969063423,1.996278437,-0.004181100,-1.895611542,1.991093259,-0.002107879,2.794539213,2.749145309,0.045393904,nan,nan,nan,nan,nan,nan,nan,nan,0.824242626,nan,nan,0.035272337,0,0,0
181.700000000,pre,1,0,-0.004000000,-0.126000000,-0.200000000,-1.973791142,-0.001288621,0.005410951,-2.005074121,0.019178749,-0.036028645,1.995808840,2.005489496,-0.009680656,nan,nan,nan,nan,nan,nan,nan,nan,0.037486043,nan,nan,0.000000000,0,0,0
181.700000000,pre,1,2,-0.004000000,-0.126000000,-0.200000000,0.005453930,1.998833904,0.005788133,0.033748309,1.960327450,-0.037869076,1.954048157,1.960983612,-0.006935455,nan,nan,nan,nan,nan,nan,nan,nan,0.019240217,nan,nan,0.000000000,0,0,0
181.700000000,pre,1,3,-0.004000000,-0.126000000,-0.100000000,-1.969088070,1.995814424,-0.003539939,-1.944031173,1.977625417,-0.020169540,2.811149359,2.773205059,0.037944299,nan,nan,nan,nan,nan,nan,nan,nan,0.575907941,nan,nan,0.000000000,0,0,0
181.700000000,post,1,0,-0.004000000,-0.126000000,-0.200000000,-1.973791142,-0.001288621,0.005410951,-2.012779887,0.029607797,-0.036028645,1.995808840,2.013320033,-0.017511194,nan,nan,nan,nan,nan,nan,nan,nan,0.122656759,nan,nan,0.002690302,0,0,0
181.700000000,post,1,2,-0.004000000,-0.126000000,-0.200000000,0.005453930,1.998833904,0.005788133,0.026042544,1.970756498,-0.037869076,1.954048157,1.971292331,-0.017244175,nan,nan,nan,nan,nan,nan,nan,nan,0.118944624,nan,nan,0.002690302,0,0,0
181.700000000,post,1,3,-0.004000000,-0.126000000,-0.100000000,-1.969088070,1.995814424,-0.003539939,-1.951736938,1.988054465,-0.020169540,2.811149359,2.786044587,0.025104772,nan,nan,nan,nan,nan,nan,nan,nan,0.252099821,nan,nan,0.002690302,0,0,0
181.800000000,pre,1,0,0.016000000,-0.126000000,-0.200000000,-1.973798469,-0.001595731,0.005265790,-1.939566871,-0.007790360,-0.051308901,2.026071548,1.940261050,0.085810499,nan,nan,nan,nan,nan,nan,nan,nan,2.945376685,nan,nan,0.000000000,0,0,0
181.800000000,pre,1,2,0.016000000,-0.126000000,-0.200000000,0.005399103,1.997983157,0.005732772,-0.001712133,1.987219669,-0.045699565,1.993941069,1.987745807,0.006195262,nan,nan,nan,nan,nan,nan,nan,nan,0.015352507,nan,nan,0.000000000,0,0,0
181.800000000,pre,1,3,0.016000000,-0.126000000,-0.100000000,-1.969180435,1.995303940,-0.002866289,-1.961515155,1.972284169,-0.012533671,2.804016113,2.781654839,0.022361275,nan,nan,nan,nan,nan,nan,nan,nan,0.200010641,nan,nan,0.000000000,0,0,0
181.800000000,post,1,0,0.016000000,-0.126000000,-0.200000000,-1.973798469,-0.001595731,0.005265790,-2.008445754,-0.016801355,-0.051308901,2.026071548,2.009171281,0.016900268,nan,nan,nan,nan,nan,nan,nan,nan,0.114247619,nan,nan,0.077207977,0,0,0
181.800000000,post,1,2,0.016000000,-0.126000000,-0.200000000,0.005399103,1.997983157,0.005732772,-0.070591015,1.978208673,-0.045699565,1.993941069,1.979995226,0.013945842,nan,nan,nan,nan,nan,nan,nan,nan,0.077794606,nan,nan,0.077207977,0,0,0
181.800000000,post,1,3,0.016000000,-0.126000000,-0.100000000,-1.969180435,1.995303940,-0.002866289,-2.030394038,1.963273174,-0.012533671,2.804016113,2.824375789,-0.020359676,nan,nan,nan,nan,nan,nan,nan,nan,0.165806559,nan,nan,0.077207977,0,0,0
181.900000000,pre,1,0,-0.004000000,-0.226000000,-0.200000000,-1.973992126,-0.001937919,0.004897657,-2.040767301,-0.049219783,-0.043562107,1.993184090,2.041825512,-0.048641422,nan,nan,nan,nan,nan,nan,nan,nan,0.946395170,nan,nan,0.000000000,0,0,0
181.900000000,pre,1,2,-0.004000000,-0.226000000,-0.200000000,0.005276874,1.996986471,0.005491814,-0.018111770,1.977695839,-0.034790364,1.944376349,1.978084739,-0.033708390,nan,nan,nan,nan,nan,nan,nan,nan,0.454502219,nan,nan,0.000000000,0,0,0
181.900000000,pre,1,3,-0.004000000,-0.226000000,-0.100000000,-1.969415798,1.994703632,-0.002067892,-2.025633341,1.964916775,-0.009143184,2.817081690,2.822086456,-0.005004766,nan,nan,nan,nan,nan,nan,nan,nan,0.010019073,nan,nan,0.000000000,0,0,0
181.900000000,post,1,0,-0.004000000,-0.226000000,-0.200000000,-1.973992126,-0.001937919,0.004897657,-2.011548641,-0.063554479,-0.043562107,1.993184090,2.013023787,-0.019839697,nan,nan,nan,nan,nan,nan,nan,nan,0.157445429,nan,nan,0.016947417,0,0,0
181.900000000,post,1,2,-0.004000000,-0.226000000,-0.200000000,0.005276874,1.996986471,0.005491814,0.011106889,1.963361142,-0.034790364,1.944376349,1.963700768,-0.019324419,nan,nan,nan,nan,nan,nan,nan,nan,0.149373261,nan,nan,0.016947417,0,0,0
181.900000000,post,1,3,-0.004000000,-0.226000000,-0.100000000,-1.969415798,1.994703632,-0.002067892,-1.996414682,1.950582079,-0.009143184,2.817081690,2.791151308,0.025930382,nan,nan,nan,nan,nan,nan,nan,nan,0.268953882,nan,nan,0.016947417,0,0,0
182.000000000,pre,1,0,0.016000000,-0.026000000,-0.200000000,-1.974334609,-0.002254802,0.004455626,-1.997640870,-0.051802846,-0.044855777,1.954674721,1.998815805,-0.044141084,nan,nan,nan,nan,nan,nan,nan,nan,0.779374115,nan,nan,0.000000000,0,0,0
182.000000000,pre,1,2,0.016000000,-0.026000000,-0.200000000,0.005127423,1.995973755,0.005215585,0.003038716,1.974359046,-0.024952238,1.907986045,1.974519053,-0.066533008,nan,nan,nan,nan,nan,nan,nan,nan,1.770656482,nan,nan,0.000000000,0,0,0
182.000000000,pre,1,3,0.016000000,-0.026000000,-0.100000000,-1.969781892,1.994085385,-0.001199736,-1.966413233,1.931162614,-0.000012866,2.843465090,2.756115027,0.087350062,nan,nan,nan,nan,nan,nan,nan,nan,3.052013363,nan,nan,0.000000000,0,0,0
182.000000000,post,1,0,0.016000000,-0.026000000,-0.200000000,-1.974334609,-0.002254802,0.004455626,-2.011558653,-0.058953824,-0.044855777,1.954674721,2.012922206,-0.058247485,nan,nan,nan,nan,nan,nan,nan,nan,1.357107814,nan,nan,0.003917459,0,0,0
182.000000000,post,1,2,0.016000000,-0.026000000,-0.200000000,0.005127423,1.995973755,0.005215585,-0.010879067,1.967208068,-0.024952238,1.907986045,1.967396389,-0.059410344,nan,nan,nan,nan,nan,nan,nan,nan,1.411835594,nan,nan,0.003917459,0,0,0
182.000000000,post,1,3,0.016000000,-0.026000000,-0.100000000,-1.969781892,1.994085385,-0.001199736,-1.980331016,1.924011635,-0.000012866,2.843465090,2.761074375,0.082390715,nan,nan,nan,nan,nan,nan,nan,nan,2.715291935,nan,nan,0.003917459,0,0,0
182.100000000,pre,1,0,-0.004000000,-0.126000000,-0.200000000,-1.974642831,-0.002506833,0.004155381,-2.017959633,-0.042406585,-0.062445715,1.954485655,2.019370909,-0.064885254,nan,nan,nan,nan,nan,nan,nan,nan,1.684038464,nan,nan,0.000000000,0,0,0
182.100000000,pre,1,2,-0.004000000,-0.126000000,-0.200000000,0.005011239,1.995144665,0.005006421,0.011740578,1.948224943,-0.007782493,1.939168334,1.948275863,-0.009107529,nan,nan,nan,nan,nan,nan,nan,nan,0.033178833,nan,nan,0.000000000,0,0,0
182.100000000,pre,1,3,-0.004000000,-0.126000000,-0.100000000,-1.970136434,1.993581046,-0.000492815,-1.973294111,1.931050136,-0.008973020,2.845174551,2.760964468,0.084210083,nan,nan,nan,nan,nan,nan,nan,nan,2.836535227,nan,nan,0.000000000,0,0,0
182.100000000,post,1,0,-0.004000000,-0.126000000,-0.200000000,-1.974642831,-0.002506833,0.004155381,-2.002922251,-0.004635504,-0.062445715,1.954485655,2.003900820,-0.049415165,nan,nan,nan,nan,nan,nan,nan,nan,0.976743427,nan,nan,0.026444439,0,0,0
182.100000000,post,1,2,-0.004000000,-0.126000000,-0.200000000,0.005011239,1.995144665,0.005006421,0.026777960,1.985996025,-0.007782493,1.939168334,1.986191792,-0.047023458,nan,nan,nan,nan,nan,nan,nan,nan,0.884482253,nan,nan,0.026444439,0,0,0
182.100000000,post,1,3,-0.004000000,-0.126000000,-0.100000000,-1.970136434,1.993581046,-0.000492815,-1.958256729,1.968821218,-0.008973020,2.845174551,2.776887992,0.068286559,nan,nan,nan,nan,nan,nan,nan,nan,1.865221674,nan,nan,0.026444439,0,0,0
182.200000000,pre,1,0,0.016000000,-0.026000000,-0.200000000,-1.974976972,-0.002776259,0.003938442,-1.946794998,0.050890889,-0.073659530,1.925286293,1.948852579,-0.023566286,nan,nan,nan,nan,nan,nan,nan,nan,0.222147930,nan,nan,0.000000000,0,0,0
182.200000000,pre,1,2,0.016000000,-0.026000000,-0.200000000,0.004913104,1.994228162,0.004796578,0.021430665,2.026849615,-0.002213946,2.010532856,2.026964118,-0.016431262,nan,nan,nan,nan,nan,nan,nan,nan,0.107994551,nan,nan,0.000000000,0,0,0
182.200000000,pre,1,3,0.016000000,-0.026000000,-0.100000000,-1.970584615,1.993058532,0.000289650,-1.927605667,2.042004590,-0.026622563,2.803575516,2.808229890,-0.004654374,nan,nan,nan,nan,nan,nan,nan,nan,0.008665278,nan,nan,0.000000000,0,0,0
182.200000000,post,1,0,0.016000000,-0.026000000,-0.200000000,-1.974976972,-0.002776259,0.003938442,-1.931999452,0.042718800,-0.073659530,1.925286293,1.933874997,-0.008588704,nan,nan,nan,nan,nan,nan,nan,nan,0.029506332,nan,nan,0.004571060,0,0,0
182.200000000,post,1,2,0.016000000,-0.026000000,-0.200000000,0.004913104,1.994228162,0.004796578,0.036226212,2.018677525,-0.002213946,2.010532856,2.019003762,-0.008470906,nan,nan,nan,nan,nan,nan,nan,nan,0.028702501,nan,nan,0.004571060,0,0,0
182.200000000,post,1,3,0.016000000,-0.026000000,-0.100000000,-1.970584615,1.993058532,0.000289650,-1.912810120,2.033832500,-0.026622563,2.803575516,2.792136450,0.011439066,nan,nan,nan,nan,nan,nan,nan,nan,0.052340888,nan,nan,0.004571060,0,0,0
182.300000000,pre,1,0,-0.004000000,-0.126000000,-0.200000000,-1.975308236,-0.003006905,0.003868606,-1.912105454,0.031723180,-0.069740769,1.921208143,1.913639831,0.007568313,nan,nan,nan,nan,nan,nan,nan,nan,0.022911742,nan,nan,0.000000000,0,0,0
182.300000000,pre,1,2,-0.004000000,-0.126000000,-0.200000000,0.004868330,1.993364122,0.004637621,0.088839981,2.000044671,0.011653284,2.038485050,2.002050706,0.036434344,nan,nan,nan,nan,nan,nan,nan,nan,0.530984583,nan,nan,0.000000000,0,0,0
182.300000000,pre,1,3,-0.004000000,-0.126000000,-0.100000000,-1.971071592,1.992624057,0.001060441,-1.916997468,2.040733712,-0.026335982,2.799787998,2.800029814,-0.000241816,nan,nan,nan,nan,nan,nan,nan,nan,0.000023390,nan,nan,0.000000000,0,0,0
182.300000000,post,1,0,-0.004000000,-0.126000000,-0.200000000,-1.975308236,-0.003006905,0.003868606,-1.908244931,0.056048735,-0.069740769,1.921208143,1.910341319,0.010866824,nan,nan,nan,nan,nan,nan,nan,nan,0.047235150,nan,nan,0.009706181,0,0,0
182.300000000,post,1,2,-0.004000000,-0.126000000,-0.200000000,0.004868330,1.993364122,0.004637621,0.092700504,2.024370227,0.011653284,2.038485050,2.026525104,0.011959946,nan,nan,nan,nan,nan,nan,nan,nan,0.057216125,nan,nan,0.009706181,0,0,0
182.300000000,post,1,3,-0.004000000,-0.126000000,-0.100000000,-1.971071592,1.992624057,0.001060441,-1.913136946,2.065059267,-0.026335982,2.799787998,2.815183180,-0.015395181,nan,nan,nan,nan,nan,nan,nan,nan,0.094804644,nan,nan,0.009706181,0,0,0
182.400000000,pre,1,0,0.016000000,-0.126000000,-0.200000000,-1.975696845,-0.003216738,0.003962549,-1.928476095,0.053894143,-0.079503053,1.917080879,1.930866480,-0.013785601,nan,nan,nan,nan,nan,nan,nan,nan,0.076017115,nan,nan,0.000000000,0,0,0
182.400000000,pre,1,2,0.016000000,-0.126000000,-0.200000000,0.004888822,1.992462089,0.004453189,0.124758490,1.965901337,-0.017304730,2.033302546,1.969932030,0.063370516,nan,nan,nan,nan,nan,nan,nan,nan,1.606328895,nan,nan,0.000000000,0,0,0
182.400000000,pre,1,3,0.016000000,-0.126000000,-0.100000000,-1.971616580,1.992213403,0.001852916,-1.834857370,2.053765459,-0.047506317,2.763387442,2.754434783,0.008952658,nan,nan,nan,nan,nan,nan,nan,nan,0.032060036,nan,nan,0.000000000,0,0,0
182.400000000,post,1,0,0.016000000,-0.126000000,-0.200000000,-1.975696845,-0.003216738,0.003962549,-1.904225305,0.104306718,-0.079503053,1.917080879,1.908736398,0.008344481,nan,nan,nan,nan,nan,nan,nan,nan,0.027852146,nan,nan,0.050072457,0,0,0
182.400000000,post,1,2,0.016000000,-0.126000000,-0.200000000,0.004888822,1.992462089,0.004453189,0.149009280,2.016313912,-0.017304730,2.033302546,2.021886498,0.011416047,nan,nan,nan,nan,nan,nan,nan,nan,0.052130453,nan,nan,0.050072457,0,0,0
182.400000000,post,1,3,0.016000000,-0.126000000,-0.100000000,-1.971616580,1.992213403,0.001852916,-1.810606579,2.104178033,-0.047506317,2.763387442,2.776349804,-0.012962362,nan,nan,nan,nan,nan,nan,nan,nan,0.067209130,nan,nan,0.050072457,0,0,0
182.500000000,pre,1,0,-0.004000000,-0.226000000,-0.200000000,-1.976171825,-0.003395354,0.004182079,-1.970577608,0.083146108,-0.081376735,1.922185659,1.974009006,-0.051823347,nan,nan,nan,nan,nan,nan,nan,nan,1.074263704,nan,nan,0.000000000,0,0,0
182.500000000,pre,1,2,-0.004000000,-0.226000000,-0.200000000,0.004981796,1.991476800,0.004199366,0.152502916,1.962837695,-0.009589733,1.995353103,1.968776503,0.026576600,nan,nan,nan,nan,nan,nan,nan,nan,0.282526267,nan,nan,0.000000000,0,0,0
182.500000000,pre,1,3,-0.004000000,-0.226000000,-0.100000000,-1.972185556,1.991767863,0.002719312,-1.800440688,2.060411802,-0.051716525,2.723273516,2.736705696,-0.013432180,nan,nan,nan,nan,nan,nan,nan,nan,0.072169382,nan,nan,0.000000000,0,0,0
182.500000000,post,1,0,-0.004000000,-0.226000000,-0.200000000,-1.976171825,-0.003395354,0.004182079,-1.920781600,0.105695577,-0.081376735,1.922185659,1.925407927,-0.003222267,nan,nan,nan,nan,nan,nan,nan,nan,0.004153202,nan,nan,0.047809935,0,0,0
182.500000000,post,1,2,-0.004000000,-0.226000000,-0.200000000,0.004981796,1.991476800,0.004199366,0.202298924,1.985387164,-0.009589733,1.995353103,1.995690108,-0.000337005,nan,nan,nan,nan,nan,nan,nan,nan,0.000045429,nan,nan,0.047809935,0,0,0
182.500000000,post,1,3,-0.004000000,-0.226000000,-0.100000000,-1.972185556,1.991767863,0.002719312,-1.750644680,2.082961271,-0.051716525,2.723273516,2.721425923,0.001847593,nan,nan,nan,nan,nan,nan,nan,nan,0.001365440,nan,nan,0.047809935,0,0,0
182.600000000,pre,1,0,0.016000000,-0.026000000,-0.200000000,-1.976728849,-0.003474090,0.004440761,-1.930426892,0.070016575,-0.096835672,1.908630967,1.934121882,-0.025490915,nan,nan,nan,nan,nan,nan,nan,nan,0.259914694,nan,nan,0.000000000,0,0,0
182.600000000,pre,1,2,0.016000000,-0.026000000,-0.200000000,0.005091929,1.990489905,0.003970802,0.217182392,1.934769137,-0.008228761,1.921070457,1.946937984,-0.025867528,nan,nan,nan,nan,nan,nan,nan,nan,0.267651601,nan,nan,0.000000000,0,0,0
182.600000000,pre,1,3,0.016000000,-0.026000000,-0.100000000,-1.972729568,1.991320315,0.003639532,-1.758896877,2.031395527,-0.031081834,2.812237501,2.687238749,0.124998752,nan,nan,nan,nan,nan,nan,nan,nan,6.249875248,nan,nan,0.000000000,0,0,0
182.600000000,post,1,0,0.016000000,-0.026000000,-0.200000000,-1.976728849,-0.003474090,0.004440761,-1.960175254,0.103779795,-0.096835672,1.908630967,1.965307716,-0.056676749,nan,nan,nan,nan,nan,nan,nan,nan,1.284901560,nan,nan,0.032398721,0,0,0
182.600000000,post,1,2,0.016000000,-0.026000000,-0.200000000,0.005091929,1.990489905,0.003970802,0.187434030,1.968532357,-0.008228761,1.921070457,1.977452621,-0.056382164,nan,nan,nan,nan,nan,nan,nan,nan,1.271579375,nan,nan,0.032398721,0,0,0
182.600000000,post,1,3,0.016000000,-0.026000000,-0.100000000,-1.972729568,1.991320315,0.003639532,-1.788645239,2.065158747,-0.031081834,2.812237501,2.732233248,0.080004253,nan,nan,nan,nan,nan,nan,nan,nan,2.560272194,nan,nan,0.032398721,0,0,0
182.700000000,pre,1,0,-0.004000000,-0.126000000,-0.200000000,-1.977292696,-0.003431736,0.004640455,-1.979724017,0.104160568,-0.090808612,1.973236680,1.984540957,-0.011304277,nan,nan,nan,nan,nan,nan,nan,nan,0.051114673,nan,nan,0.000000000,0,0,0
182.700000000,pre,1,2,-0.004000000,-0.126000000,-0.200000000,0.005136431,1.989706716,0.003786489,0.167791933,1.993227164,-0.004218483,1.950213194,2.000281594,-0.050068400,nan,nan,nan,nan,nan,nan,nan,nan,1.002737867,nan,nan,0.000000000,0,0,0
182.700000000,pre,1,3,-0.004000000,-0.126000000,-0.100000000,-1.973236322,1.990976784,0.004413248,-1.778611332,2.060928136,-0.025260746,2.856941223,2.722410909,0.134530314,nan,nan,nan,nan,nan,nan,nan,nan,7.239362201,nan,nan,0.000000000,0,0,0
182.700000000,post,1,0,-0.004000000,-0.126000000,-0.200000000,-1.977292696,-0.003431736,0.004640455,-2.028809346,0.120816185,-0.090808612,1.973236680,2.034431153,-0.061194473,nan,nan,nan,nan,nan,nan,nan,nan,1.497905399,nan,nan,0.042988465,0,0,0
182.700000000,post,1,2,-0.004000000,-0.126000000,-0.200000000,0.005136431,1.989706716,0.003786489,0.118706604,2.009882780,-0.004218483,1.950213194,2.013389640,-0.063176446,nan,nan,nan,nan,nan,nan,nan,nan,1.596505351,nan,nan,0.042988465,0,0,0
182.700000000,post,1,3,-0.004000000,-0.126000000,-0.100000000,-1.973236322,1.990976784,0.004413248,-1.827696661,2.077583752,-0.025260746,2.856941223,2.767212937,0.089728287,nan,nan,nan,nan,nan,nan,nan,nan,3.220466162,nan,nan,0.042988465,0,0,0
182.800000000,pre,1,0,0.016000000,-0.226000000,-0.200000000,-1.977956978,-0.003304345,0.004765437,-2.013680155,0.105043521,-0.078751234,2.015757084,2.017955318,-0.002198234,nan,nan,nan,nan,nan,nan,nan,nan,0.001932894,nan,nan,0.000000000,0,0,0
182.800000000,pre,1,2,0.016000000,-0.226000000,-0.200000000,0.005105135,1.989017932,0.003561022,0.105484939,2.035507140,-0.014261470,2.012283564,2.038288444,-0.026004880,nan,nan,nan,nan,nan,nan,nan,nan,0.270501520,nan,nan,0.000000000,0,0,0
182.800000000,pre,1,3,0.016000000,-0.226000000,-0.100000000,-1.973830297,1.990677302,0.005140726,-1.818351058,2.083019461,-0.044646787,2.831570864,2.765386769,0.066184095,nan,nan,nan,nan,nan,nan,nan,nan,1.752133783,nan,nan,0.000000000,0,0,0
182.800000000,post,1,0,0.016000000,-0.226000000,-0.200000000,-1.977956978,-0.003304345,0.004765437,-2.040418914,0.111296654,-0.078751234,2.015757084,2.044968959,-0.029211875,nan,nan,nan,nan,nan,nan,nan,nan,0.341333467,nan,nan,0.012065006,0,0,0
182.800000000,post,1,2,0.016000000,-0.226000000,-0.200000000,0.005105135,1.989017932,0.003561022,0.078746181,2.041760274,-0.014261470,2.012283564,2.043328012,-0.031044449,nan,nan,nan,nan,nan,nan,nan,nan,0.385503120,nan,nan,0.012065006,0,0,0
182.800000000,post,1,3,0.016000000,-0.226000000,-0.100000000,-1.973830297,1.990677302,0.005140726,-1.845089816,2.089272594,-0.044646787,2.831570864,2.787724832,0.043846032,nan,nan,nan,nan,nan,nan,nan,nan,0.768989809,nan,nan,0.012065006,0,0,0
182.900000000,pre,1,0,-0.004000000,-0.126000000,-0.200000000,-1.978853583,-0.003011444,0.005128149,-1.971320011,0.075015370,-0.082206116,1.964255691,1.974458846,-0.010203156,nan,nan,nan,nan,nan,nan,nan,nan,0.041641753,nan,nan,0.000000000,0,0,0
182.900000000,pre,1,2,-0.004000000,-0.126000000,-0.200000000,0.004985572,1.988354520,0.002810449,0.075412370,2.008724255,-0.008350628,1.989621878,2.010156683,-0.020534805,nan,nan,nan,nan,nan,nan,nan,nan,0.168671293,nan,nan,0.000000000,0,0,0
182.900000000,pre,1,3,-0.004000000,-0.126000000,-0.100000000,-1.974623604,1.990465467,0.005945668,-1.887831656,2.088666573,-0.039552946,2.832280874,2.815670587,0.016610288,nan,nan,nan,nan,nan,nan,nan,nan,0.110360663,nan,nan,0.000000000,0,0,0
182.900000000,post,1,0,-0.004000000,-0.126000000,-0.200000000,-1.978853583,-0.003011444,0.005128149,-1.974624805,0.068583834,-0.082206116,1.964255691,1.977524895,-0.013269204,nan,nan,nan,nan,nan,nan,nan,nan,0.070428709,nan,nan,0.000836581,0,0,0
182.900000000,post,1,2,-0.004000000,-0.126000000,-0.200000000,0.004985572,1.988354520,0.002810449,0.072107576,2.002292719,-0.008350628,1.989621878,2.003608088,-0.013986210,nan,nan,nan,nan,nan,nan,nan,nan,0.078245627,nan,nan,0.000836581,0,0,0
182.900000000,post,1,3,-0.004000000,-0.126000000,-0.100000000,-1.974623604,1.990465467,0.005945668,-1.891136451,2.082235038,-0.039552946,2.832280874,2.813123578,0.019157297,nan,nan,nan,nan,nan,nan,nan,nan,0.146800807,nan,nan,0.000836581,0,0,0
183.000000000,pre,1,0,0.016000000,-0.226000000,-0.200000000,-1.979391471,-0.002700786,0.005850886,-1.975797466,0.043169614,-0.067894349,1.942086935,1.977434926,-0.035347991,nan,nan,nan,nan,nan,nan,nan,nan,0.499792184,nan,nan,0.000000000,0,0,0
183.000000000,pre,1,2,0.016000000,-0.226000000,-0.200000000,0.004838880,1.987948152,0.000794462,0.052817688,2.026852521,0.005339438,1.991607904,2.027547622,-0.035939717,nan,nan,nan,nan,nan,nan,nan,nan,0.516665309,nan,nan,0.000000000,0,0,0
183.000000000,pre,1,3,0.016000000,-0.226000000,-0.100000000,-1.975094180,1.990333177,0.006161750,-1.928091167,2.027933872,-0.029653221,2.821711779,2.798380005,0.023331774,nan,nan,nan,nan,nan,nan,nan,nan,0.217748668,nan,nan,0.000000000,0,0,0
183.000000000,post,1,0,0.016000000,-0.226000000,-0.200000000,-1.979391471,-0.002700786,0.005850886,-1.966967740,0.033385304,-0.067894349,1.942086935,1.968422290,-0.026335355,nan,nan,nan,nan,nan,nan,nan,nan,0.277420373,nan,nan,0.002779149,0,0,0
183.000000000,post,1,2,0.016000000,-0.226000000,-0.200000000,0.004838880,1.987948152,0.000794462,0.061647414,2.017068210,0.005339438,1.991607904,2.018017116,-0.026409211,nan,nan,nan,nan,nan,nan,nan,nan,0.278978574,nan,nan,0.002779149,0,0,0
183.000000000,post,1,3,0.016000000,-0.226000000,-0.100000000,-1.975094180,1.990333177,0.006161750,-1.919261441,2.018149562,-0.029653221,2.821711779,2.785205818,0.036505961,nan,nan,nan,nan,nan,nan,nan,nan,0.533074075,nan,nan,0.002779149,0,0,0
183.100000000,pre,1,0,-0.004000000,-0.126000000,-0.200000000,-1.979419943,-0.002625305,0.007090141,-1.943844039,0.018942807,-0.054565539,1.978988409,1.944702002,0.034286407,nan,nan,nan,nan,nan,nan,nan,nan,0.470223076,nan,nan,0.000000000,0,0,0
183.100000000,pre,1,2,-0.004000000,-0.126000000,-0.200000000,0.004317397,1.987048628,-0.003309564,0.025226610,1.999826928,0.001396379,2.023001909,1.999986518,0.023015391,nan,nan,nan,nan,nan,nan,nan,nan,0.211883290,nan,nan,0.000000000,0,0,0
183.100000000,pre,1,3,-0.004000000,-0.126000000,-0.100000000,-1.975281763,1.989161827,0.005993641,-1.900767673,2.022768664,-0.025750627,2.849826336,2.775819502,0.074006834,nan,nan,nan,nan,nan,nan,nan,nan,2.190804585,nan,nan,0.000000000,0,0,0
183.100000000,post,1,0,-0.004000000,-0.126000000,-0.200000000,-1.979419943,-0.002625305,0.007090141,-1.988218979,0.053656384,-0.054565539,1.978988409,1.989691211,-0.010702802,nan,nan,nan,nan,nan,nan,nan,nan,0.045819986,nan,nan,0.050786683,0,0,0
183.100000000,post,1,2,-0.004000000,-0.126000000,-0.200000000,0.004317397,1.987048628,-0.003309564,-0.019148330,2.034540505,0.001396379,2.023001909,2.034631090,-0.011629181,nan,nan,nan,nan,nan,nan,nan,nan,0.054095142,nan,nan,0.050786683,0,0,0
183.100000000,post,1,3,-0.004000000,-0.126000000,-0.100000000,-1.975281763,1.989161827,0.005993641,-1.945142613,2.057482241,-0.025750627,2.849826336,2.831514798,0.018311538,nan,nan,nan,nan,nan,nan,nan,nan,0.134124975,nan,nan,0.050786683,0,0,0
183.200000000,pre,1,0,0.016000000,0.074000000,-0.200000000,-1.977806539,-0.003885286,0.008227095,-1.982428509,0.067627710,-0.054555834,2.035015106,1.984331786,0.050683320,nan,nan,nan,nan,nan,nan,nan,nan,1.027519569,nan,nan,0.000000000,0,0,0
183.200000000,pre,1,2,0.016000000,0.074000000,-0.200000000,0.002739415,1.984926311,-0.008043290,0.013182144,1.985590317,-0.018048587,2.010853052,1.985716099,0.025136953,nan,nan,nan,nan,nan,nan,nan,nan,0.252746556,nan,nan,0.000000000,0,0,0
183.200000000,pre,1,3,0.016000000,0.074000000,-0.100000000,-1.974763881,1.985055020,0.005359179,-1.942360246,2.049699447,-0.018173184,2.872011662,2.823891183,0.048120478,nan,nan,nan,nan,nan,nan,nan,nan,0.926232176,nan,nan,0.000000000,0,0,0
183.200000000,post,1,0,0.016000000,0.074000000,-0.200000000,-1.977806539,-0.003885286,0.008227095,-2.029555835,0.090844730,-0.054555834,2.035015106,2.032320347,0.002694759,nan,nan,nan,nan,nan,nan,nan,nan,0.002904691,nan,nan,0.044160239,0,0,0
183.200000000,post,1,2,0.016000000,0.074000000,-0.200000000,0.002739415,1.984926311,-0.008043290,-0.033945182,2.008807337,-0.018048587,2.010853052,2.009175190,0.001677862,nan,nan,nan,nan,nan,nan,nan,nan,0.001126088,nan,nan,0.044160239,0,0,0
183.200000000,post,1,3,0.016000000,0.074000000,-0.100000000,-1.974763881,1.985055020,0.005359179,-1.989487573,2.072916467,-0.018173184,2.872011662,2.873216620,-0.001204959,nan,nan,nan,nan,nan,nan,nan,nan,0.000580770,nan,nan,0.044160239,0,0,0
183.300000000,pre,1,0,-0.002000000,-0.026000000,-0.200000000,-1.975286794,-0.006084912,0.008818433,-2.033809213,0.075408748,-0.048749168,1.976181388,2.035790479,-0.059609091,nan,nan,nan,nan,nan,nan,nan,nan,1.421297505,nan,nan,0.000000000,0,0,0
183.300000000,pre,1,2,-0.002000000,-0.026000000,-0.200000000,0.000507049,1.982188955,-0.011245873,0.003093318,1.989841841,-0.013298111,2.003949881,1.989888680,0.014061200,nan,nan,nan,nan,nan,nan,nan,nan,0.079086940,nan,nan,0.000000000,0,0,0
183.300000000,pre,1,3,-0.002000000,-0.026000000,-0.100000000,-1.974027126,1.979443514,0.004641651,-1.993191298,2.031298539,-0.021522707,2.857472897,2.845953009,0.011519888,nan,nan,nan,nan,nan,nan,nan,nan,0.053083125,nan,nan,0.000000000,0,0,0
183.300000000,post,1,0,-0.002000000,-0.026000000,-0.200000000,-1.975286794,-0.006084912,0.008818433,-1.990154593,0.102923951,-0.048749168,1.976181388,1.993410426,-0.017229038,nan,nan,nan,nan,nan,nan,nan,nan,0.118735896,nan,nan,0.042604996,0,0,0
183.300000000,post,1,2,-0.002000000,-0.026000000,-0.200000000,0.000507049,1.982188955,-0.011245873,0.046747938,2.017357044,-0.013298111,2.003949881,2.017942430,-0.013992550,nan,nan,nan,nan,nan,nan,nan,nan,0.078316580,nan,nan,0.042604996,0,0,0
183.300000000,post,1,3,-0.002000000,-0.026000000,-0.100000000,-1.974027126,1.979443514,0.004641651,-1.949536678,2.058813742,-0.021522707,2.857472897,2.835466541,0.022006355,nan,nan,nan,nan,nan,nan,nan,nan,0.193711867,nan,nan,0.042604996,0,0,0
183.400000000,pre,1,0,0.016000000,-0.026000000,-0.200000000,-1.969120900,-0.011695873,0.009569802,-1.932799352,0.039250155,-0.058594622,2.024443150,1.934085634,0.090357515,nan,nan,nan,nan,nan,nan,nan,nan,3.265792234,nan,nan,0.000000000,0,0,0
183.400000000,pre,1,2,0.016000000,-0.026000000,-0.200000000,-0.005026465,1.975747774,-0.015482208,0.015686514,1.988267914,-0.033361346,1.957648039,1.988609651,-0.030961612,nan,nan,nan,nan,nan,nan,nan,nan,0.383448565,nan,nan,0.000000000,0,0,0
183.400000000,pre,1,3,0.016000000,-0.026000000,-0.100000000,-1.972549694,1.966303099,0.003500925,-1.923666033,2.047954675,-0.022397938,2.799222946,2.809824020,-0.010601074,nan,nan,nan,nan,nan,nan,nan,nan,0.044953105,nan,nan,0.000000000,0,0,0
183.400000000,post,1,0,0.016000000,-0.026000000,-0.200000000,-1.969120900,-0.011695873,0.009569802,-2.003325136,-0.008536356,-0.058594622,2.024443150,2.004200040,0.020243110,nan,nan,nan,nan,nan,nan,nan,nan,0.163913400,nan,nan,0.116118989,0,0,0
183.400000000,post,1,2,0.016000000,-0.026000000,-0.200000000,-0.005026465,1.975747774,-0.015482208,-0.054839270,1.940481403,-0.033361346,1.957648039,1.941542789,0.016105250,nan,nan,nan,nan,nan,nan,nan,nan,0.103751635,nan,nan,0.116118989,0,0,0
183.400000000,post,1,3,0.016000000,-0.026000000,-0.100000000,-1.972549694,1.966303099,0.003500925,-1.994191816,2.000168164,-0.022397938,2.799222946,2.824530997,-0.025308050,nan,nan,nan,nan,nan,nan,nan,nan,0.256198967,nan,nan,0.116118989,0,0,0
183.500000000,pre,1,0,-0.004000000,-0.026000000,-0.200000000,-1.963285666,-0.017072719,0.010091547,-1.944983241,-0.134346911,-0.050203539,2.054803133,1.950263904,0.104539229,nan,nan,nan,nan,nan,nan,nan,nan,4.371380168,nan,nan,0.000000000,0,0,0
183.500000000,pre,1,2,-0.004000000,-0.026000000,-0.200000000,-0.010360239,1.969769937,-0.018000687,0.069635765,1.825663885,-0.017976640,1.888094902,1.827079889,0.061015013,nan,nan,nan,nan,nan,nan,nan,nan,1.489132734,nan,nan,0.000000000,0,0,0
183.500000000,pre,1,3,-0.004000000,-0.026000000,-0.100000000,-1.971367434,1.954197280,0.002937359,-1.923355799,1.843591014,-0.020324995,2.788018703,2.664308252,0.123710452,nan,nan,nan,nan,nan,nan,nan,nan,6.121710332,nan,nan,0.000000000,0,0,0
183.500000000,post,1,0,-0.004000000,-0.026000000,-0.200000000,-1.963285666,-0.017072719,0.010091547,-2.051419360,-0.072300013,-0.050203539,2.054803133,2.053306864,0.001496269,nan,nan,nan,nan,nan,nan,nan,nan,0.000895528,nan,nan,0.242855442,0,0,0
183.500000000,post,1,2,-0.004000000,-0.026000000,-0.200000000,-0.010360239,1.969769937,-0.018000687,-0.036800355,1.887710783,-0.017976640,1.888094902,1.888155032,-0.000060130,nan,nan,nan,nan,nan,nan,nan,nan,0.000001446,nan,nan,0.242855442,0,0,0
183.500000000,post,1,3,-0.004000000,-0.026000000,-0.100000000,-1.971367434,1.954197280,0.002937359,-2.029791918,1.905637912,-0.020324995,2.788018703,2.784227755,0.003790949,nan,nan,nan,nan,nan,nan,nan,nan,0.005748518,nan,nan,0.242855442,0,0,0
183.600000000,pre,1,0,0.016000000,-0.126000000,-0.200000000,-1.952286547,-0.027232075,0.011014776,-1.974760708,-0.070635564,-0.023788967,1.982481718,1.976166782,0.006314936,nan,nan,nan,nan,nan,nan,nan,nan,0.015951365,nan,nan,0.000000000,0,0,0
183.600000000,pre,1,2,0.016000000,-0.126000000,-0.200000000,-0.020539721,1.958746851,-0.021260788,-0.061248260,1.906194323,0.007956016,1.879571319,1.907194653,-0.027623334,nan,nan,nan,nan,nan,nan,nan,nan,0.305219439,nan,nan,0.000000000,0,0,0
183.600000000,pre,1,3,0.016000000,-0.126000000,-0.100000000,-1.969422342,1.931821786,0.002432824,-1.953880886,1.909179965,0.000691923,2.805825710,2.731779482,0.074046229,nan,nan,nan,nan,nan,nan,nan,nan,2.193137592,nan,nan,0.000000000,0,0,0
183.600000000,post,1,0,0.016000000,-0.126000000,-0.200000000,-1.952286547,-0.027232075,0.011014776,-2.011030635,-0.067239021,-0.023788967,1.982481718,2.012295012,-0.029813294,nan,nan,nan,nan,nan,nan,nan,nan,0.355532997,nan,nan,0.021232706,0,0,0
183.600000000,post,1,2,0.016000000,-0.126000000,-0.200000000,-0.020539721,1.958746851,-0.021260788,-0.097518187,1.909590866,0.007956016,1.879571319,1.912095806,-0.032524488,nan,nan,nan,nan,nan,nan,nan,nan,0.423136917,nan,nan,0.021232706,0,0,0
183.600000000,post,1,3,0.016000000,-0.126000000,-0.100000000,-1.969422342,1.931821786,0.002432824,-1.990150813,1.912576509,0.000691923,2.805825710,2.760190145,0.045635565,nan,nan,nan,nan,nan,nan,nan,nan,0.833041910,nan,nan,0.021232706,0,0,0
183.700000000,pre,1,0,0.036000000,-0.026000000,-0.200000000,-1.940035586,-0.038592130,0.012114657,-1.982980130,-0.059482866,-0.016257715,2.001021624,1.983938688,0.017082935,nan,nan,nan,nan,nan,nan,nan,nan,0.116730670,nan,nan,0.000000000,0,0,0
183.700000000,pre,1,2,0.036000000,-0.026000000,-0.200000000,-0.031995032,1.946711267,-0.023784443,-0.032092072,1.900828178,-0.004396992,1.950320601,1.901104153,0.049216449,nan,nan,nan,nan,nan,nan,nan,nan,0.968903539,nan,nan,0.000000000,0,0,0
183.700000000,pre,1,3,0.036000000,-0.026000000,-0.100000000,-1.967539141,1.907237950,0.002129165,-2.059565085,1.889159365,-0.021774862,2.768291235,2.794853411,-0.026562176,nan,nan,nan,nan,nan,nan,nan,nan,0.282219680,nan,nan,0.000000000,0,0,0
183.700000000,post,1,0,0.036000000,-0.026000000,-0.200000000,-1.940035586,-0.038592130,0.012114657,-1.974742537,-0.036279074,-0.016257715,2.001021624,1.975142671,0.025878953,nan,nan,nan,nan,nan,nan,nan,nan,0.267888076,nan,nan,0.009700383,0,0,0
183.700000000,post,1,2,0.036000000,-0.026000000,-0.200000000,-0.031995032,1.946711267,-0.023784443,-0.023854479,1.924031971,-0.004396992,1.950320601,1.924184865,0.026135737,nan,nan,nan,nan,nan,nan,nan,nan,0.273230695,nan,nan,0.009700383,0,0,0
183.700000000,post,1,3,0.036000000,-0.026000000,-0.100000000,-1.967539141,1.907237950,0.002129165,-2.051327492,1.912363157,-0.021774862,2.768291235,2.804559051,-0.036267816,nan,nan,nan,nan,nan,nan,nan,nan,0.526141778,nan,nan,0.009700383,0,0,0
183.800000000,pre,1,0,0.016000000,-0.026000000,-0.200000000,-1.923954256,-0.053597279,0.013741667,-1.988727266,-0.036151798,-0.016651945,1.943967223,1.989125531,-0.045158308,nan,nan,nan,nan,nan,nan,nan,nan,0.815709103,nan,nan,0.000000000,0,0,0
183.800000000,pre,1,2,0.016000000,-0.026000000,-0.200000000,-0.047140849,1.931124542,-0.026140699,-0.088995437,1.913523944,-0.009399620,2.004867315,1.915615417,0.089251898,nan,nan,nan,nan,nan,nan,nan,nan,3.186360540,nan,nan,0.000000000,0,0,0
183.800000000,pre,1,3,0.016000000,-0.026000000,-0.100000000,-1.965366943,1.875249810,0.002032622,-2.017667362,1.891819457,-0.021673056,2.721288919,2.765941461,-0.044652541,nan,nan,nan,nan,nan,nan,nan,nan,0.797539782,nan,nan,0.000000000,0,0,0
183.800000000,post,1,0,0.016000000,-0.026000000,-0.200000000,-1.923954256,-0.053597279,0.013741667,-1.919750918,0.025815954,-0.016651945,1.943967223,1.919996703,0.023970520,nan,nan,nan,nan,nan,nan,nan,nan,0.229834335,nan,nan,0.137563821,0,0,0
183.800000000,post,1,2,0.016000000,-0.026000000,-0.200000000,-0.047140849,1.931124542,-0.026140699,-0.020019089,1.975491697,-0.009399620,2.004867315,1.975615489,0.029251826,nan,nan,nan,nan,nan,nan,nan,nan,0.342267739,nan,nan,0.137563821,0,0,0
183.800000000,post,1,3,0.016000000,-0.026000000,-0.100000000,-1.965366943,1.875249810,0.002032622,-1.948691015,1.953787209,-0.021673056,2.721288919,2.759556278,-0.038267359,nan,nan,nan,nan,nan,nan,nan,nan,0.585756300,nan,nan,0.137563821,0,0,0
183.900000000,pre,1,0,-0.004000000,-0.126000000,-0.200000000,-1.906789979,-0.069705421,0.015586121,-1.863700216,-0.003829058,-0.003979688,1.895481706,1.863708399,0.031773307,nan,nan,nan,nan,nan,nan,nan,nan,0.403817210,nan,nan,0.000000000,0,0,0
183.900000000,pre,1,2,-0.004000000,-0.126000000,-0.200000000,-0.063314784,1.914669143,-0.027933402,-0.012542888,2.009393140,-0.005096312,1.988518357,2.009438749,-0.020920392,nan,nan,nan,nan,nan,nan,nan,nan,0.175065124,nan,nan,0.000000000,0,0,0
183.900000000,pre,1,3,-0.004000000,-0.126000000,-0.100000000,-1.963283097,1.841394566,0.002213746,-1.966410349,1.947342725,-0.014278935,2.680698156,2.767511018,-0.086812862,nan,nan,nan,nan,nan,nan,nan,nan,3.014589200,nan,nan,0.000000000,0,0,0
183.900000000,post,1,0,-0.004000000,-0.126000000,-0.200000000,-1.906789979,-0.069705421,0.015586121,-1.860604594,-0.056723058,-0.003979688,1.895481706,1.861473288,0.034008418,nan,nan,nan,nan,nan,nan,nan,nan,0.462629002,nan,nan,0.044917730,0,0,0
183.900000000,post,1,2,-0.004000000,-0.126000000,-0.200000000,-0.063314784,1.914669143,-0.027933402,-0.009447266,1.956499140,-0.005096312,1.988518357,1.956528586,0.031989771,nan,nan,nan,nan,nan,nan,nan,nan,0.409338188,nan,nan,0.044917730,0,0,0
183.900000000,post,1,3,-0.004000000,-0.126000000,-0.100000000,-1.963283097,1.841394566,0.002213746,-1.963314727,1.894448725,-0.014278935,2.680698156,2.728322667,-0.047624511,nan,nan,nan,nan,nan,nan,nan,nan,0.907237608,nan,nan,0.044917730,0,0,0
184.000000000,pre,1,0,0.016000000,-0.026000000,-0.200000000,-1.883642048,-0.091555813,0.017892908,-1.796143814,-0.094490653,-0.007631839,1.920490861,1.798643748,0.121847113,nan,nan,nan,nan,nan,nan,nan,nan,5.938687618,nan,nan,0.000000000,0,0,0
184.000000000,pre,1,2,0.016000000,-0.026000000,-0.200000000,-0.085112413,1.892660684,-0.029830230,-0.003155924,1.919543637,-0.027308661,1.961421251,1.919740477,0.041680774,nan,nan,nan,nan,nan,nan,nan,nan,0.694914779,nan,nan,0.000000000,0,0,0
184.000000000,pre,1,3,0.016000000,-0.026000000,-0.100000000,-1.960749417,1.796063786,0.002395021,-1.944240093,1.876365375,-0.018624440,2.673346758,2.702066511,-0.028719753,nan,nan,nan,nan,nan,nan,nan,nan,0.329929679,nan,nan,0.000000000,0,0,0
184.000000000,post,1,0,0.016000000,-0.026000000,-0.200000000,-1.883642048,-0.091555813,0.017892908,-1.864474195,-0.105076538,-0.007631839,1.920490861,1.867448352,0.053042509,nan,nan,nan,nan,nan,nan,nan,nan,1.125403098,nan,nan,0.076497630,0,0,0
184.000000000,post,1,2,0.016000000,-0.026000000,-0.200000000,-0.085112413,1.892660684,-0.029830230,-0.071486305,1.908957752,-0.027308661,1.961421251,1.910490972,0.050930279,nan,nan,nan,nan,nan,nan,nan,nan,1.037557332,nan,nan,0.076497630,0,0,0
184.000000000,post,1,3,0.016000000,-0.026000000,-0.100000000,-1.960749417,1.796063786,0.002395021,-2.012570473,1.865779490,-0.018624440,2.673346758,2.744434347,-0.071087589,nan,nan,nan,nan,nan,nan,nan,nan,2.021378121,nan,nan,0.076497630,0,0,0
184.100000000,pre,1,0,-0.004000000,-0.126000000,-0.200000000,-1.861235210,-0.112853681,0.019805980,-1.945483159,-0.059982458,-0.000529932,1.906648040,1.946407691,-0.039759651,nan,nan,nan,nan,nan,nan,nan,nan,0.632331940,nan,nan,0.000000000,0,0,0
184.100000000,pre,1,2,-0.004000000,-0.126000000,-0.200000000,-0.106303555,1.871428730,-0.031324098,-0.066357000,1.926747319,-0.033392588,1.902104378,1.928178816,-0.026074438,nan,nan,nan,nan,nan,nan,nan,nan,0.271950534,nan,nan,0.000000000,0,0,0
184.100000000,pre,1,3,-0.004000000,-0.126000000,-0.100000000,-1.958560994,1.752333080,0.002289920,-2.018973903,1.785856241,0.000188486,2.628814220,2.695466225,-0.066652005,nan,nan,nan,nan,nan,nan,nan,nan,1.776995898,nan,nan,0.000000000,0,0,0
184.100000000,post,1,0,-0.004000000,-0.126000000,-0.200000000,-1.861235210,-0.112853681,0.019805980,-1.898392036,-0.091186129,-0.000529932,1.906648040,1.900580836,0.006067204,nan,nan,nan,nan,nan,nan,nan,nan,0.014724386,nan,nan,0.051059888,0,0,0
184.100000000,post,1,2,-0.004000000,-0.126000000,-0.200000000,-0.106303555,1.871428730,-0.031324098,-0.019265876,1.895543648,-0.033392588,1.902104378,1.895935642,0.006168736,nan,nan,nan,nan,nan,nan,nan,nan,0.015221320,nan,nan,0.051059888,0,0,0
184.100000000,post,1,3,-0.004000000,-0.126000000,-0.100000000,-1.958560994,1.752333080,0.002289920,-1.971882780,1.754652570,0.000188486,2.628814220,2.639531658,-0.010717438,nan,nan,nan,nan,nan,nan,nan,nan,0.045945389,nan,nan,0.051059888,0,0,0
184.200000000,pre,1,0,0.016000000,-0.126000000,-0.200000000,-1.841390110,-0.131841151,0.021277839,-1.842173943,-0.124818466,-0.004850809,1.843235373,1.846404077,-0.003168703,nan,nan,nan,nan,nan,nan,nan,nan,0.004016272,nan,nan,0.000000000,0,0,0
184.200000000,pre,1,2,0.016000000,-0.126000000,-0.200000000,-0.125206978,1.852622915,-0.032394917,-0.092556848,1.855868696,-0.048482032,1.893103004,1.858807654,0.034295349,nan,nan,nan,nan,nan,nan,nan,nan,0.470468398,nan,nan,0.000000000,0,0,0
184.200000000,pre,1,3,0.016000000,-0.126000000,-0.100000000,-1.956813162,1.713590312,0.001873125,-1.915434355,1.764002793,0.004603420,2.585645676,2.603961561,-0.018315885,nan,nan,nan,nan,nan,nan,nan,nan,0.134188665,nan,nan,0.000000000,0,0,0
184.200000000,post,1,0,0.016000000,-0.126000000,-0.200000000,-1.841390110,-0.131841151,0.021277839,-1.826650725,-0.105248040,-0.004850809,1.843235373,1.829686736,0.013548638,nan,nan,nan,nan,nan,nan,nan,nan,0.073426234,nan,nan,0.009983550,0,0,0
184.200000000,post,1,2,0.016000000,-0.126000000,-0.200000000,-0.125206978,1.852622915,-0.032394917,-0.077033631,1.875439122,-0.048482032,1.893103004,1.877646556,0.015456448,nan,nan,nan,nan,nan,nan,nan,nan,0.095560710,nan,nan,0.009983550,0,0,0
184.200000000,post,1,3,0.016000000,-0.126000000,-0.100000000,-1.956813162,1.713590312,0.001873125,-1.899911137,1.783573219,0.004603420,2.585645676,2.605919597,-0.020273922,nan,nan,nan,nan,nan,nan,nan,nan,0.164412759,nan,nan,0.009983550,0,0,0
184.300000000,pre,1,0,-0.004000000,-0.226000000,-0.200000000,-1.810480659,-0.161608260,0.023147730,-1.819235527,-0.098300077,0.008904767,1.838246346,1.821911113,0.016335233,nan,nan,nan,nan,nan,nan,nan,nan,0.106735934,nan,nan,0.000000000,0,0,0
184.300000000,pre,1,2,-0.004000000,-0.226000000,-0.200000000,-0.154907354,1.823309058,-0.033760953,-0.059201324,1.852295303,-0.045457248,1.826094031,1.853798546,-0.027704514,nan,nan,nan,nan,nan,nan,nan,nan,0.307016046,nan,nan,0.000000000,0,0,0
184.300000000,pre,1,3,-0.004000000,-0.226000000,-0.100000000,-1.954385216,1.653071162,0.000616336,-1.924529012,1.722184676,0.019392293,2.599859953,2.582655231,0.017204722,nan,nan,nan,nan,nan,nan,nan,nan,0.118400987,nan,nan,0.000000000,0,0,0
184.300000000,post,1,0,-0.004000000,-0.226000000,-0.200000000,-1.810480659,-0.161608260,0.023147730,-1.842515373,-0.117437501,0.008904767,1.838246346,1.846275646,-0.008029300,nan,nan,nan,nan,nan,nan,nan,nan,0.025787866,nan,nan,0.014531076,0,0,0
184.300000000,post,1,2,-0.004000000,-0.226000000,-0.200000000,-0.154907354,1.823309058,-0.033760953,-0.082481170,1.833157879,-0.045457248,1.826094031,1.835575472,-0.009481441,nan,nan,nan,nan,nan,nan,nan,nan,0.035959088,nan,nan,0.014531076,0,0,0
184.300000000,post,1,3,-0.004000000,-0.226000000,-0.100000000,-1.954385216,1.653071162,0.000616336,-1.947808859,1.703047252,0.019392293,2.599859953,2.587412869,0.012447084,nan,nan,nan,nan,nan,nan,nan,nan,0.061971960,nan,nan,0.014531076,0,0,0
184.400000000,pre,1,0,0.016000000,-0.126000000,-0.200000000,-1.777478892,-0.193482446,0.024560693,-1.777084287,-0.158532323,0.024669806,1.824167252,1.784312097,0.039855154,nan,nan,nan,nan,nan,nan,nan,nan,0.635373336,nan,nan,0.000000000,0,0,0
184.400000000,pre,1,2,0.016000000,-0.126000000,-0.200000000,-0.186882104,1.792046220,-0.035000304,-0.115821541,1.800184697,-0.045430519,1.761396408,1.804478735,-0.043082327,nan,nan,nan,nan,nan,nan,nan,nan,0.742434767,nan,nan,0.000000000,0,0,0
184.400000000,pre,1,3,0.016000000,-0.126000000,-0.100000000,-1.952103931,1.588258176,-0.001392086,-1.949069475,1.689062453,0.023579398,2.580553532,2.579216892,0.001336640,nan,nan,nan,nan,nan,nan,nan,nan,0.000714643,nan,nan,0.000000000,0,0,0
184.400000000,post,1,0,0.016000000,-0.126000000,-0.200000000,-1.777478892,-0.193482446,0.024560693,-1.812666850,-0.201457709,0.024669806,1.824167252,1.823994221,0.000173031,nan,nan,nan,nan,nan,nan,nan,nan,0.000011976,nan,nan,0.049739321,0,0,0
184.400000000,post,1,2,0.016000000,-0.126000000,-0.200000000,-0.186882104,1.792046220,-0.035000304,-0.151404104,1.757259311,-0.045430519,1.761396408,1.764354676,-0.002958268,nan,nan,nan,nan,nan,nan,nan,nan,0.003500539,nan,nan,0.049739321,0,0,0
184.400000000,post,1,3,0.016000000,-0.126000000,-0.100000000,-1.952103931,1.588258176,-0.001392086,-1.984652038,1.646137066,0.023579398,2.580553532,2.578597863,0.001955668,nan,nan,nan,nan,nan,nan,nan,nan,0.001529855,nan,nan,0.049739321,0,0,0
184.500000000,pre,1,0,-0.004000000,-0.026000000,-0.200000000,-1.753206755,-0.216868469,0.025288330,-1.764516793,-0.210770172,0.046211372,1.840654731,1.777661123,0.062993608,nan,nan,nan,nan,nan,nan,nan,nan,1.587277855,nan,nan,0.000000000,0,0,0
184.500000000,pre,1,2,-0.004000000,-0.026000000,-0.200000000,-0.210509288,1.769142025,-0.035718463,-0.223522349,1.717485409,-0.044753089,1.711199164,1.732547607,-0.021348442,nan,nan,nan,nan,nan,nan,nan,nan,0.182302393,nan,nan,0.000000000,0,0,0
184.500000000,pre,1,3,-0.004000000,-0.026000000,-0.100000000,-1.950598681,1.540564264,-0.003142319,-2.019204256,1.494751645,0.030036020,2.529542446,2.512443127,0.017099319,nan,nan,nan,nan,nan,nan,nan,nan,0.116954683,nan,nan,0.000000000,0,0,0
184.500000000,post,1,0,-0.004000000,-0.026000000,-0.200000000,-1.753206755,-0.216868469,0.025288330,-1.817031413,-0.243404778,0.046211372,1.840654731,1.833844195,0.006810535,nan,nan,nan,nan,nan,nan,nan,nan,0.018553357,nan,nan,0.061164846,0,0,0
184.500000000,post,1,2,-0.004000000,-0.026000000,-0.200000000,-0.210509288,1.769142025,-0.035718463,-0.276036970,1.684850803,-0.044753089,1.711199164,1.707899726,0.003299438,nan,nan,nan,nan,nan,nan,nan,nan,0.004354517,nan,nan,0.061164846,0,0,0
184.500000000,post,1,3,-0.004000000,-0.026000000,-0.100000000,-1.950598681,1.540564264,-0.003142319,-2.071718876,1.462117039,0.030036020,2.529542446,2.535883968,-0.006341522,nan,nan,nan,nan,nan,nan,nan,nan,0.016085959,nan,nan,0.061164846,0,0,0
184.600000000,pre,1,0,0.016000000,-0.126000000,-0.200000000,-1.709785317,-0.258477928,0.026313085,-1.811103588,-0.275229813,0.040475085,1.826137543,1.832344369,-0.006206827,nan,nan,nan,nan,nan,nan,nan,nan,0.015409879,nan,nan,0.000000000,0,0,0
184.600000000,pre,1,2,0.016000000,-0.126000000,-0.200000000,-0.252902312,1.728412705,-0.036447198,-0.327948691,1.689172397,-0.052754853,1.658560395,1.721521654,-0.062961259,nan,nan,nan,nan,nan,nan,nan,nan,1.585648047,nan,nan,0.000000000,0,0,0
184.600000000,pre,1,3,0.016000000,-0.126000000,-0.100000000,-1.948252629,1.455310211,-0.006324825,-2.040823236,1.412379436,0.038092673,2.503661633,2.482181743,0.021479890,nan,nan,nan,nan,nan,nan,nan,nan,0.184554262,nan,nan,0.000000000,0,0,0
184.600000000,post,1,0,0.016000000,-0.126000000,-0.200000000,-1.709785317,-0.258477928,0.026313085,-1.822327952,-0.315591309,0.040475085,1.826137543,1.849896017,-0.023758474,nan,nan,nan,nan,nan,nan,nan,nan,0.225786033,nan,nan,0.028080587,0,0,0
184.600000000,post,1,2,0.016000000,-0.126000000,-0.200000000,-0.252902312,1.728412705,-0.036447198,-0.339173056,1.648810902,-0.052754853,1.658560395,1.684161164,-0.025600769,nan,nan,nan,nan,nan,nan,nan,nan,0.262159740,nan,nan,0.028080587,0,0,0
184.600000000,post,1,3,0.016000000,-0.126000000,-0.100000000,-1.948252629,1.455310211,-0.006324825,-2.052047601,1.372017941,0.038092673,2.503661633,2.468761560,0.034900073,nan,nan,nan,nan,nan,nan,nan,nan,0.487206038,nan,nan,0.028080587,0,0,0
184.700000000,pre,1,0,-0.004000000,-0.026000000,-0.200000000,-1.675296710,-0.291338479,0.027020603,-1.737045073,-0.341152423,0.035819536,1.777103662,1.770591313,0.006512349,nan,nan,nan,nan,nan,nan,nan,nan,0.016964276,nan,nan,0.000000000,0,0,0
184.700000000,pre,1,2,-0.004000000,-0.026000000,-0.200000000,-0.286633243,1.696248606,-0.036566896,-0.378659536,1.642661003,-0.042946109,1.690020561,1.686286625,0.003733936,nan,nan,nan,nan,nan,nan,nan,nan,0.005576910,nan,nan,0.000000000,0,0,0
184.700000000,pre,1,3,-0.004000000,-0.026000000,-0.100000000,-1.946668826,1.387666935,-0.008691590,-2.003782604,1.385906360,0.040153724,2.462657690,2.436697249,0.025960441,nan,nan,nan,nan,nan,nan,nan,nan,0.269577802,nan,nan,0.000000000,0,0,0
184.700000000,post,1,0,-0.004000000,-0.026000000,-0.200000000,-1.675296710,-0.291338479,0.027020603,-1.751402173,-0.333788851,0.035819536,1.777103662,1.783285622,-0.006181959,nan,nan,nan,nan,nan,nan,nan,nan,0.015286648,nan,nan,0.004165577,0,0,0
184.700000000,post,1,2,-0.004000000,-0.026000000,-0.200000000,-0.286633243,1.696248606,-0.036566896,-0.393016637,1.650024575,-0.042946109,1.690020561,1.696728483,-0.006707921,nan,nan,nan,nan,nan,nan,nan,nan,0.017998484,nan,nan,0.004165577,0,0,0
184.700000000,post,1,3,-0.004000000,-0.026000000,-0.100000000,-1.946668826,1.387666935,-0.008691590,-2.018139704,1.393269932,0.040153724,2.462657690,2.452692661,0.009965029,nan,nan,nan,nan,nan,nan,nan,nan,0.039720718,nan,nan,0.004165577,0,0,0
184.800000000,pre,1,0,0.018000000,-0.026000000,-0.200000000,-1.640067413,-0.324730919,0.027503620,-1.661458554,-0.315716641,0.040825995,1.723273516,1.691682087,0.031591428,nan,nan,nan,nan,nan,nan,nan,nan,0.399207338,nan,nan,0.000000000,0,0,0
184.800000000,pre,1,2,0.018000000,-0.026000000,-0.200000000,-0.321082324,1.663519947,-0.036443624,-0.389660520,1.697915669,-0.036936619,1.647107482,1.742445768,-0.095338286,nan,nan,nan,nan,nan,nan,nan,nan,3.635755525,nan,nan,0.000000000,0,0,0
184.800000000,pre,1,3,0.018000000,-0.026000000,-0.100000000,-1.945224676,1.318679815,-0.010887387,-2.043989387,1.339698376,0.026522132,2.415047407,2.444051509,-0.029004102,nan,nan,nan,nan,nan,nan,nan,nan,0.336495165,nan,nan,0.000000000,0,0,0
184.800000000,post,1,0,0.018000000,-0.026000000,-0.200000000,-1.640067413,-0.324730919,0.027503620,-1.677259230,-0.408784484,0.040825995,1.723273516,1.726838163,-0.003564648,nan,nan,nan,nan,nan,nan,nan,nan,0.005082685,nan,nan,0.142580554,0,0,0
184.800000000,post,1,2,0.018000000,-0.026000000,-0.200000000,-0.321082324,1.663519947,-0.036443624,-0.405461197,1.604847827,-0.036936619,1.647107482,1.655687061,-0.008579579,nan,nan,nan,nan,nan,nan,nan,nan,0.029443672,nan,nan,0.142580554,0,0,0
184.800000000,post,1,3,0.018000000,-0.026000000,-0.100000000,-1.945224676,1.318679815,-0.010887387,-2.059790064,1.246630534,0.026522132,2.415047407,2.407805270,0.007242137,nan,nan,nan,nan,nan,nan,nan,nan,0.020979418,nan,nan,0.142580554,0,0,0
184.900000000,pre,1,0,-0.004000000,-0.126000000,-0.200000000,-1.597176067,-0.365157424,0.027677778,-1.620173771,-0.507816713,0.022967861,1.688517213,1.698048405,-0.009531192,nan,nan,nan,nan,nan,nan,nan,nan,0.036337449,nan,nan,0.000000000,0,0,0
184.900000000,pre,1,2,-0.004000000,-0.126000000,-0.200000000,-0.362963284,1.623740175,-0.036152247,-0.398318883,1.548365391,-0.063600909,1.631602049,1.600043247,0.031558801,nan,nan,nan,nan,nan,nan,nan,nan,0.398383178,nan,nan,0.000000000,0,0,0
184.900000000,pre,1,3,-0.004000000,-0.126000000,-0.100000000,-1.943616441,1.234812143,-0.013170118,-2.021986414,1.189449239,-0.000525927,2.418345928,2.345894036,0.072451892,nan,nan,nan,nan,nan,nan,nan,nan,2.099710688,nan,nan,0.000000000,0,0,0
184.900000000,post,1,0,-0.004000000,-0.126000000,-0.200000000,-1.597176067,-0.365157424,0.027677778,-1.644040119,-0.461993804,0.022967861,1.688517213,1.707874032,-0.019356819,nan,nan,nan,nan,nan,nan,nan,nan,0.149874581,nan,nan,0.042709464,0,0,0
184.900000000,post,1,2,-0.004000000,-0.126000000,-0.200000000,-0.362963284,1.623740175,-0.036152247,-0.422185231,1.594188300,-0.063600909,1.631602049,1.650370195,-0.018768146,nan,nan,nan,nan,nan,nan,nan,nan,0.140897326,nan,nan,0.042709464,0,0,0
184.900000000,post,1,3,-0.004000000,-0.126000000,-0.100000000,-1.943616441,1.234812143,-0.013170118,-2.045852762,1.235272148,-0.000525927,2.418345928,2.389855870,0.028490059,nan,nan,nan,nan,nan,nan,nan,nan,0.324673377,nan,nan,0.042709464,0,0,0
185.000000000,pre,1,0,0.016000000,-0.026000000,-0.200000000,-1.558426654,-0.401491470,0.027539994,-1.610599338,-0.399942100,0.011431579,1.639950752,1.659552528,-0.019601775,nan,nan,nan,nan,nan,nan,nan,nan,0.153691838,nan,nan,0.000000000,0,0,0
185.000000000,pre,1,2,0.016000000,-0.026000000,-0.200000000,-0.400748876,1.587781310,-0.035879729,-0.454530928,1.652743991,-0.075434890,1.675062418,1.715765569,-0.040703151,nan,nan,nan,nan,nan,nan,nan,nan,0.662698591,nan,nan,0.000000000,0,0,0
185.000000000,pre,1,3,0.016000000,-0.026000000,-0.100000000,-1.942276029,1.159119189,-0.014812045,-2.011926147,1.113643879,-0.023336883,2.385056973,2.299694354,0.085362618,nan,nan,nan,nan,nan,nan,nan,nan,2.914710646,nan,nan,0.000000000,0,0,0
185.000000000,post,1,0,0.016000000,-0.026000000,-0.200000000,-1.558426654,-0.401491470,0.027539994,-1.635952863,-0.403832826,0.011431579,1.639950752,1.685097446,-0.045146694,nan,nan,nan,nan,nan,nan,nan,nan,0.815289579,nan,nan,0.010527024,0,0,0
185.000000000,post,1,2,0.016000000,-0.026000000,-0.200000000,-0.400748876,1.587781310,-0.035879729,-0.479884453,1.648853265,-0.075434890,1.675062418,1.718923093,-0.043860675,nan,nan,nan,nan,nan,nan,nan,nan,0.769503538,nan,nan,0.010527024,0,0,0
185.000000000,post,1,3,0.016000000,-0.026000000,-0.100000000,-1.942276029,1.159119189,-0.014812045,-2.037279672,1.109753154,-0.023336883,2.385056973,2.320044210,0.065012763,nan,nan,nan,nan,nan,nan,nan,nan,1.690663723,nan,nan,0.010527024,0,0,0
185.100000000,pre,1,0,-0.004000000,-0.126000000,-0.200000000,-1.520275564,-0.437143010,0.027095701,-1.570093060,-0.515515113,0.026496475,1.609089613,1.652770436,-0.043680823,nan,nan,nan,nan,nan,nan,nan,nan,0.763205709,nan,nan,0.000000000,0,0,0
185.100000000,pre,1,2,-0.004000000,-0.126000000,-0.200000000,-0.437922444,1.552313385,-0.035706228,-0.553564302,1.642819851,-0.070364311,1.634264946,1.735004795,-0.100739849,nan,nan,nan,nan,nan,nan,nan,nan,4.059406837,nan,nan,0.000000000,0,0,0
185.100000000,pre,1,3,-0.004000000,-0.126000000,-0.100000000,-1.941054611,1.084633784,-0.016140898,-2.044277313,1.130830837,-0.032262203,nan,2.336426538,nan,nan,nan,nan,nan,nan,nan,nan,nan,nan,nan,nan,0.000000000,0,0,0
185.100000000,post,1,0,-0.004000000,-0.126000000,-0.200000000,-1.520275564,-0.437143010,0.027095701,-1.497300410,-0.593784153,0.026496475,1.609089613,1.610959404,-0.001869791,nan,nan,nan,nan,nan,nan,nan,nan,0.001398447,nan,nan,0.182797000,0,0,0
185.100000000,post,1,2,-0.004000000,-0.126000000,-0.200000000,-0.437922444,1.552313385,-0.035706228,-0.480771652,1.564550812,-0.070364311,1.634264946,1.638264863,-0.003999917,nan,nan,nan,nan,nan,nan,nan,nan,0.006399734,nan,nan,0.182797000,0,0,0
185.100000000,post,1,3,-0.004000000,-0.126000000,-0.100000000,-1.941054611,1.084633784,-0.016140898,-1.971484663,1.052561798,-0.032262203,nan,2.235101556,nan,nan,nan,nan,nan,nan,nan,nan,nan,nan,nan,nan,0.182797000,0,0,0
185.200000000,pre,1,0,0.016000000,-0.226000000,-0.200000000,-1.479556023,-0.475101352,0.026271199,-1.453742929,-0.550655395,0.031402541,1.566411734,1.554855616,0.011556118,nan,nan,nan,nan,nan,nan,nan,nan,0.053417541,nan,nan,0.000000000,0,0,0
185.200000000,pre,1,2,0.016000000,-0.226000000,-0.200000000,-0.477596217,1.514379923,-0.035695321,-0.484362617,1.493468578,-0.056072708,1.624265075,1.571050504,0.053214571,nan,nan,nan,nan,nan,nan,nan,nan,1.132716208,nan,nan,0.000000000,0,0,0
185.200000000,pre,1,3,0.016000000,-0.226000000,-0.100000000,-1.939865983,1.005167934,-0.017347838,-1.946595032,0.963569063,-0.028968377,2.269360304,2.172219309,0.097140995,nan,nan,nan,nan,nan,nan,nan,nan,3.774549174,nan,nan,0.000000000,0,0,0
185.200000000,post,1,0,0.016000000,-0.226000000,-0.200000000,-1.479556023,-0.475101352,0.026271199,-1.504291234,-0.494343555,0.031402541,1.566411734,1.583746756,-0.017335022,nan,nan,nan,nan,nan,nan,nan,nan,0.120201201,nan,nan,0.091618472,0,0,0
185.200000000,post,1,2,0.016000000,-0.226000000,-0.200000000,-0.477596217,1.514379923,-0.035695321,-0.534910922,1.549780418,-0.056072708,1.624265075,1.640455177,-0.016190102,nan,nan,nan,nan,nan,nan,nan,nan,0.104847763,nan,nan,0.091618472,0,0,0
185.200000000,post,1,3,0.016000000,-0.226000000,-0.100000000,-1.939865983,1.005167934,-0.017347838,-1.997143338,1.019880903,-0.028968377,2.269360304,2.242672008,0.026688296,nan,nan,nan,nan,nan,nan,nan,nan,0.284906062,nan,nan,0.091618472,0,0,0
185.300000000,pre,1,0,-0.004000000,-0.126000000,-0.200000000,-1.430237726,-0.520961831,0.025111058,-1.469651746,-0.524881722,0.026865844,1.512236595,1.560800708,-0.048564113,nan,nan,nan,nan,nan,nan,nan,nan,0.943389215,nan,nan,0.000000000,0,0,0
185.300000000,pre,1,2,-0.004000000,-0.126000000,-0.200000000,-0.525688711,1.468302289,-0.035883595,-0.594576000,1.555533971,-0.047142521,nan,1.665961875,nan,nan,nan,nan,nan,nan,nan,nan,nan,nan,nan,nan,0.000000000,0,0,0
185.300000000,pre,1,3,-0.004000000,-0.126000000,-0.100000000,-1.938614704,0.908950724,-0.018301633,-1.972300277,0.990100089,-0.017482618,2.200933933,2.206937292,-0.006003359,nan,nan,nan,nan,nan,nan,nan,nan,0.014416126,nan,nan,0.000000000,0,0,0
185.300000000,post,1,0,-0.004000000,-0.126000000,-0.200000000,-1.430237726,-0.520961831,0.025111058,-1.437241643,-0.479302193,0.026865844,1.512236595,1.515294000,-0.003057405,nan,nan,nan,nan,nan,nan,nan,nan,0.003739091,nan,nan,0.050046531,0,0,0
185.300000000,post,1,2,-0.004000000,-0.126000000,-0.200000000,-0.525688711,1.468302289,-0.035883595,-0.562165897,1.601113499,-0.047142521,nan,1.697591633,nan,nan,nan,nan,nan,nan,nan,nan,nan,nan,nan,nan,0.050046531,0,0,0
185.300000000,post,1,3,-0.004000000,-0.126000000,-0.100000000,-1.938614704,0.908950724,-0.018301633,-1.939890174,1.035679618,-0.017482618,2.200933933,2.199116141,0.001817792,nan,nan,nan,nan,nan,nan,nan,nan,0.001321747,nan,nan,0.050046531,0,0,0
185.400000000,pre,1,0,0.016000000,-0.026000000,-0.200000000,-1.388057880,-0.560091740,0.024295613,-1.325991359,-0.610654763,0.020429120,1.509647131,1.459989614,0.049657517,nan,nan,nan,nan,nan,nan,nan,nan,0.986347596,nan,nan,0.000000000,0,0,0
185.400000000,pre,1,2,0.016000000,-0.026000000,-0.200000000,-0.566855506,1.428758179,-0.036164715,-0.562925506,1.499819613,-0.048601683,1.511513114,1.602718353,-0.091205239,nan,nan,nan,nan,nan,nan,nan,nan,3.327358252,nan,nan,0.000000000,0,0,0
185.400000000,pre,1,3,0.016000000,-0.026000000,-0.100000000,-1.937720255,0.826748860,-0.018586515,-1.944017486,0.935292675,-0.026420030,2.152388096,2.157469442,-0.005081346,nan,nan,nan,nan,nan,nan,nan,nan,0.010328030,nan,nan,0.000000000,0,0,0
185.400000000,post,1,0,0.016000000,-0.026000000,-0.200000000,-1.388057880,-0.560091740,0.024295613,-1.345766772,-0.701315233,0.020429120,1.509647131,1.517678691,-0.008031560,nan,nan,nan,nan,nan,nan,nan,nan,0.025802384,nan,nan,0.137766206,0,0,0
185.400000000,post,1,2,0.016000000,-0.026000000,-0.200000000,-0.566855506,1.428758179,-0.036164715,-0.582700919,1.409159142,-0.048601683,1.511513114,1.525657882,-0.014144768,nan,nan,nan,nan,nan,nan,nan,nan,0.080029782,nan,nan,0.137766206,0,0,0
185.400000000,post,1,3,0.016000000,-0.026000000,-0.100000000,-1.937720255,0.826748860,-0.018586515,-1.963792899,0.844632205,-0.026420030,2.152388096,2.137892450,0.014495646,nan,nan,nan,nan,nan,nan,nan,nan,0.084049499,nan,nan,0.137766206,0,0,0
185.500000000,pre,1,0,-0.004000000,-0.126000000,-0.200000000,-1.343595915,-0.601304351,0.023580131,-1.347955504,-0.719336538,0.018000777,1.534519434,1.527989897,0.006529537,nan,nan,nan,nan,nan,nan,nan,nan,0.017053944,nan,nan,0.000000000,0,0,0
185.500000000,pre,1,2,-0.004000000,-0.126000000,-0.200000000,-0.610248397,1.386938201,-0.036495219,-0.603905426,1.351717007,-0.046502932,1.506146789,1.481216781,0.024930007,nan,nan,nan,nan,nan,nan,nan,nan,0.248602102,nan,nan,0.000000000,0,0,0
185.500000000,pre,1,3,-0.004000000,-0.126000000,-0.100000000,-1.936942175,0.740283093,-0.018529144,-1.943307345,0.761482555,-0.044491022,2.097917557,2.087649053,0.010268504,nan,nan,nan,nan,nan,nan,nan,nan,0.042176867,nan,nan,0.000000000,0,0,0
185.500000000,post,1,0,-0.004000000,-0.126000000,-0.200000000,-1.343595915,-0.601304351,0.023580131,-1.359038761,-0.702881477,0.018000777,1.534519434,1.530147951,0.004371482,nan,nan,nan,nan,nan,nan,nan,nan,0.007643944,nan,nan,0.006297722,0,0,0
185.500000000,post,1,2,-0.004000000,-0.126000000,-0.200000000,-0.610248397,1.386938201,-0.036495219,-0.614988683,1.368172068,-0.046502932,1.506146789,1.500755946,0.005390842,nan,nan,nan,nan,nan,nan,nan,nan,0.011624472,nan,nan,0.006297722,0,0,0
185.500000000,post,1,3,-0.004000000,-0.126000000,-0.100000000,-1.936942175,0.740283093,-0.018529144,-1.954390602,0.777937616,-0.044491022,2.097917557,2.103998339,-0.006080782,nan,nan,nan,nan,nan,nan,nan,nan,0.014790364,nan,nan,0.006297722,0,0,0
185.600000000,pre,1,0,0.016000000,-0.226000000,-0.200000000,-1.308612038,-0.633753393,0.023072668,-1.313895933,-0.658769207,0.032815364,1.504698396,1.470161977,0.034536419,nan,nan,nan,nan,nan,nan,nan,nan,0.477105692,nan,nan,0.000000000,0,0,0
185.600000000,pre,1,2,0.016000000,-0.226000000,-0.200000000,-0.644366562,1.353923853,-0.036633462,-0.699970187,1.374945910,-0.044780089,1.511078477,1.543515395,-0.032436918,nan,nan,nan,nan,nan,nan,nan,nan,0.420861460,nan,nan,0.000000000,0,0,0
185.600000000,pre,1,3,0.016000000,-0.226000000,-0.100000000,-1.936438939,0.672392804,-0.018352324,-1.947835885,0.778515678,-0.039111444,2.049299240,2.098018351,-0.048719111,nan,nan,nan,nan,nan,nan,nan,nan,0.949420703,nan,nan,0.000000000,0,0,0
185.600000000,post,1,0,0.016000000,-0.226000000,-0.200000000,-1.308612038,-0.633753393,0.023072668,-1.307224636,-0.710071389,0.032815364,1.504698396,1.487990079,0.016708317,nan,nan,nan,nan,nan,nan,nan,nan,0.111667141,nan,nan,0.042822721,0,0,0
185.600000000,post,1,2,0.016000000,-0.226000000,-0.200000000,-0.644366562,1.353923853,-0.036633462,-0.693298890,1.323643728,-0.044780089,1.511078477,1.494891744,0.016186733,nan,nan,nan,nan,nan,nan,nan,nan,0.104804130,nan,nan,0.042822721,0,0,0
185.600000000,post,1,3,0.016000000,-0.226000000,-0.100000000,-1.936438939,0.672392804,-0.018352324,-1.941164588,0.727213496,-0.039111444,2.049299240,2.073279801,-0.023980561,nan,nan,nan,nan,nan,nan,nan,nan,0.230026918,nan,nan,0.042822721,0,0,0
185.700000000,pre,1,0,-0.004000000,-0.126000000,-0.200000000,-1.256238165,-0.682427657,0.022222033,-1.289120315,-0.730728137,0.018160160,1.501161575,1.481932720,0.019228855,nan,nan,nan,nan,nan,nan,nan,nan,0.147899546,nan,nan,0.000000000,0,0,0
185.700000000,pre,1,2,-0.004000000,-0.126000000,-0.200000000,-0.695377584,1.304263057,-0.036489056,-0.654345150,1.306937243,-0.040588786,1.483666539,1.462155937,0.021510602,nan,nan,nan,nan,nan,nan,nan,nan,0.185082406,nan,nan,0.000000000,0,0,0
185.700000000,pre,1,3,-0.004000000,-0.126000000,-0.100000000,-1.935862637,0.570931431,-0.017955313,-1.935259708,0.669040467,-0.036120010,2.089890957,2.047962387,0.041928570,nan,nan,nan,nan,nan,nan,nan,nan,0.703201984,nan,nan,0.000000000,0,0,0
185.700000000,post,1,0,-0.004000000,-0.126000000,-0.200000000,-1.256238165,-0.682427657,0.022222033,-1.322064579,-0.718834733,0.018160160,1.501161575,1.504961101,-0.003799526,nan,nan,nan,nan,nan,nan,nan,nan,0.005774558,nan,nan,0.019628442,0,0,0
185.700000000,post,1,2,-0.004000000,-0.126000000,-0.200000000,-0.695377584,1.304263057,-0.036489056,-0.687289415,1.318830648,-0.040588786,1.483666539,1.487725938,-0.004059399,nan,nan,nan,nan,nan,nan,nan,nan,0.006591488,nan,nan,0.019628442,0,0,0
185.700000000,post,1,3,-0.004000000,-0.126000000,-0.100000000,-1.935862637,0.570931431,-0.017955313,-1.968203973,0.680933871,-0.036120010,2.089890957,2.082979229,0.006911728,nan,nan,nan,nan,nan,nan,nan,nan,0.019108791,nan,nan,0.019628442,0,0,0
185.800000000,pre,1,0,0.016000000,-0.226000000,-0.200000000,-1.204569608,-0.730648680,0.021198826,-1.296197007,-0.712943623,0.007781688,1.441023231,1.479349804,-0.038326574,nan,nan,nan,nan,nan,nan,nan,nan,0.587570508,nan,nan,0.000000000,0,0,0
185.800000000,pre,1,2,0.016000000,-0.226000000,-0.200000000,-0.745656554,1.254920137,-0.035840981,-0.725453764,1.302952709,-0.043494576,1.454634905,1.491931869,-0.037296964,nan,nan,nan,nan,nan,nan,nan,nan,0.556425419,nan,nan,0.000000000,0,0,0
185.800000000,pre,1,3,0.016000000,-0.226000000,-0.100000000,-1.935499128,0.470896534,-0.017255120,-1.924522901,0.689950915,-0.046163259,2.029678583,2.044982080,-0.015303497,nan,nan,nan,nan,nan,nan,nan,nan,0.093678804,nan,nan,0.000000000,0,0,0
185.800000000,post,1,0,0.016000000,-0.226000000,-0.200000000,-1.204569608,-0.730648680,0.021198826,-1.263220166,-0.720541242,0.007781688,1.441023231,1.454292069,-0.013268839,nan,nan,nan,nan,nan,nan,nan,nan,0.070424834,nan,nan,0.018323133,0,0,0
185.800000000,post,1,2,0.016000000,-0.226000000,-0.200000000,-0.745656554,1.254920137,-0.035840981,-0.692476923,1.295355090,-0.043494576,1.454634905,1.469476395,-0.014841490,nan,nan,nan,nan,nan,nan,nan,nan,0.088107931,nan,nan,0.018323133,0,0,0
185.800000000,post,1,3,0.016000000,-0.226000000,-0.100000000,-1.935499128,0.470896534,-0.017255120,-1.891546060,0.682353296,-0.046163259,2.029678583,2.011388467,0.018290117,nan,nan,nan,nan,nan,nan,nan,nan,0.133811345,nan,nan,0.018323133,0,0,0
185.900000000,pre,1,0,-0.004000000,-0.126000000,-0.200000000,-1.162868618,-0.769816702,0.020286122,-1.225496254,-0.742718018,0.000549625,1.420715094,1.432993867,-0.012278774,nan,nan,nan,nan,nan,nan,nan,nan,0.060307313,nan,nan,0.000000000,0,0,0
185.900000000,pre,1,2,-0.004000000,-0.126000000,-0.200000000,-0.786239648,1.214780706,-0.035065765,-0.658866904,1.272105985,-0.052172270,1.414071321,1.433555433,-0.019484112,nan,nan,nan,nan,nan,nan,nan,nan,0.151852241,nan,nan,0.000000000,0,0,0
185.900000000,pre,1,3,-0.004000000,-0.126000000,-0.100000000,-1.935328024,0.390090831,-0.016482812,-1.877112406,0.653619379,-0.061345143,2.002636909,1.988600639,0.014036270,nan,nan,nan,nan,nan,nan,nan,nan,0.078806752,nan,nan,0.000000000,0,0,0
185.900000000,post,1,0,-0.004000000,-0.126000000,-0.200000000,-1.162868618,-0.769816702,0.020286122,-1.222876731,-0.747351914,0.000549625,1.420715094,1.433165268,-0.012450174,nan,nan,nan,nan,nan,nan,nan,nan,0.062002736,nan,nan,0.000453358,0,0,0
185.900000000,post,1,2,-0.004000000,-0.126000000,-0.200000000,-0.786239648,1.214780706,-0.035065765,-0.656247381,1.267472089,-0.052172270,1.414071321,1.428239500,-0.014168178,nan,nan,nan,nan,nan,nan,nan,nan,0.080294911,nan,nan,0.000453358,0,0,0
185.900000000,post,1,3,-0.004000000,-0.126000000,-0.100000000,-1.935328024,0.390090831,-0.016482812,-1.874492884,0.648985483,-0.061345143,2.002636909,1.984608010,0.018028899,nan,nan,nan,nan,nan,nan,nan,nan,0.130016481,nan,nan,0.000453358,0,0,0
186.000000000,pre,1,0,0.016000000,-0.226000000,-0.200000000,-1.118548445,-0.811730328,0.019235542,-1.175592215,-0.735073675,-0.009445559,1.390498996,1.386520676,0.003978320,nan,nan,nan,nan,nan,nan,nan,nan,0.006330813,nan,nan,0.000000000,0,0,0
186.000000000,pre,1,2,0.016000000,-0.226000000,-0.200000000,-0.829405526,1.171804012,-0.034259179,-0.688141722,1.218531685,-0.065991222,1.389168501,1.400968714,-0.011800213,nan,nan,nan,nan,nan,nan,nan,nan,0.055698012,nan,nan,0.000000000,0,0,0
186.000000000,pre,1,3,0.016000000,-0.226000000,-0.100000000,-1.935250879,0.304069590,-0.015616916,-1.874193739,0.501358990,-0.068847340,2.019126892,1.941314752,0.077812140,nan,nan,nan,nan,nan,nan,nan,nan,2.421891680,nan,nan,0.000000000,0,0,0
186.000000000,post,1,0,0.016000000,-0.226000000,-0.200000000,-1.118548445,-0.811730328,0.019235542,-1.212794586,-0.736115232,-0.009445559,1.390498996,1.418740836,-0.028241840,nan,nan,nan,nan,nan,nan,nan,nan,0.319040618,nan,nan,0.022161619,0,0,0
186.000000000,post,1,2,0.016000000,-0.226000000,-0.200000000,-0.829405526,1.171804012,-0.034259179,-0.725344092,1.217490128,-0.065991222,1.389168501,1.418718121,-0.029549620,nan,nan,nan,nan,nan,nan,nan,nan,0.349272009,nan,nan,0.022161619,0,0,0
186.000000000,post,1,3,0.016000000,-0.226000000,-0.100000000,-1.935250879,0.304069590,-0.015616916,-1.911396109,0.500317434,-0.068847340,2.019126892,1.976990788,0.042136104,nan,nan,nan,nan,nan,nan,nan,nan,0.710180497,nan,nan,0.022161619,0,0,0
186.100000000,pre,1,0,-0.004000000,-0.126000000,-0.200000000,-1.076232550,-0.852019414,0.018204544,-1.237258757,-0.753283251,-0.009634807,1.377156734,1.448564020,-0.071407285,nan,nan,nan,nan,nan,nan,nan,nan,2.039600150,nan,nan,0.000000000,0,0,0
186.100000000,pre,1,2,-0.004000000,-0.126000000,-0.200000000,-0.870673098,1.130496593,-0.033642751,-0.799118573,1.228248271,-0.053102278,1.413100243,1.466289249,-0.053189006,nan,nan,nan,nan,nan,nan,nan,nan,1.131628143,nan,nan,0.000000000,0,0,0
186.100000000,pre,1,3,-0.004000000,-0.126000000,-0.100000000,-1.935299438,0.221714796,-0.014836978,-1.941445175,0.467781123,-0.055908169,1.977445364,1.997787343,-0.020341979,nan,nan,nan,nan,nan,nan,nan,nan,0.165518446,nan,nan,0.000000000,0,0,0
186.100000000,post,1,0,-0.004000000,-0.126000000,-0.200000000,-1.076232550,-0.852019414,0.018204544,-1.182709257,-0.752690928,-0.009634807,1.377156734,1.401940672,-0.024783938,nan,nan,nan,nan,nan,nan,nan,nan,0.245697433,nan,nan,0.047615981,0,0,0
186.100000000,post,1,2,-0.004000000,-0.126000000,-0.200000000,-0.870673098,1.130496593,-0.033642751,-0.744569073,1.228840594,-0.053102278,1.413100243,1.437794200,-0.024693958,nan,nan,nan,nan,nan,nan,nan,nan,0.243916616,nan,nan,0.047615981,0,0,0
186.100000000,post,1,3,-0.004000000,-0.126000000,-0.100000000,-1.935299438,0.221714796,-0.014836978,-1.886895674,0.468373447,-0.055908169,1.977445364,1.944961361,0.032484003,nan,nan,nan,nan,nan,nan,nan,nan,0.422084192,nan,nan,0.047615981,0,0,0
186.200000000,pre,1,0,0.016000000,-0.226000000,-0.200000000,-1.026148171,-0.899995533,0.017149842,-1.113427233,-0.754562100,0.002863420,1.384398103,1.345025042,0.039373060,nan,nan,nan,nan,nan,nan,nan,nan,0.620095150,nan,nan,0.000000000,0,0,0
186.200000000,pre,1,2,0.016000000,-0.226000000,-0.200000000,-0.919573142,1.081378111,-0.033192660,-0.745244715,1.191704058,-0.044548786,1.411091566,1.406247788,0.004843778,nan,nan,nan,nan,nan,nan,nan,nan,0.009384873,nan,nan,0.000000000,0,0,0
186.200000000,pre,1,3,0.016000000,-0.226000000,-0.100000000,-1.935550903,0.123929498,-0.013924810,-1.896617441,0.457525111,-0.048683297,1.972405791,1.951629321,0.020776470,nan,nan,nan,nan,nan,nan,nan,nan,0.172664685,nan,nan,0.000000000,0,0,0
186.200000000,post,1,0,0.016000000,-0.226000000,-0.200000000,-1.026148171,-0.899995533,0.017149842,-1.143566994,-0.772210348,0.002863420,1.384398103,1.379877708,0.004520394,nan,nan,nan,nan,nan,nan,nan,nan,0.008173586,nan,nan,0.019517854,0,0,0
186.200000000,post,1,2,0.016000000,-0.226000000,-0.200000000,-0.919573142,1.081378111,-0.033192660,-0.775384476,1.174055810,-0.044548786,1.411091566,1.407697668,0.003393898,nan,nan,nan,nan,nan,nan,nan,nan,0.004607418,nan,nan,0.019517854,0,0,0
186.200000000,post,1,3,0.016000000,-0.226000000,-0.100000000,-1.935550903,0.123929498,-0.013924810,-1.926757201,0.439876862,-0.048683297,1.972405791,1.976930710,-0.004524918,nan,nan,nan,nan,nan,nan,nan,nan,0.008189954,nan,nan,0.019517854,0,0,0
186.300000000,pre,1,0,-0.004000000,-0.026000000,-0.200000000,-0.984448752,-0.940174918,0.016500152,-1.108724195,-0.796883972,0.020020740,1.380763054,1.365538076,0.015224978,nan,nan,nan,nan,nan,nan,nan,nan,0.092719986,nan,nan,0.000000000,0,0,0
186.300000000,pre,1,2,-0.004000000,-0.026000000,-0.200000000,-0.960325568,1.040369315,-0.033054847,-0.783310538,1.182113956,-0.035207938,1.404912710,1.418523317,-0.013610607,nan,nan,nan,nan,nan,nan,nan,nan,0.074099452,nan,nan,0.000000000,0,0,0
186.300000000,pre,1,3,-0.004000000,-0.026000000,-0.100000000,-1.935922242,0.042245895,-0.012939698,-1.932070281,0.295013211,-0.041082874,1.980933547,1.954895437,0.026038110,nan,nan,nan,nan,nan,nan,nan,nan,0.271193273,nan,nan,0.000000000,0,0,0
186.300000000,post,1,0,-0.004000000,-0.026000000,-0.200000000,-0.984448752,-0.940174918,0.016500152,-1.125181290,-0.813932437,0.020020740,1.380763054,1.388855564,-0.008092510,nan,nan,nan,nan,nan,nan,nan,nan,0.026195488,nan,nan,0.008983778,0,0,0
186.300000000,post,1,2,-0.004000000,-0.026000000,-0.200000000,-0.960325568,1.040369315,-0.033054847,-0.799767633,1.165065491,-0.035207938,1.404912710,1.413593103,-0.008680393,nan,nan,nan,nan,nan,nan,nan,nan,0.030139691,nan,nan,0.008983778,0,0,0
186.300000000,post,1,3,-0.004000000,-0.026000000,-0.100000000,-1.935922242,0.042245895,-0.012939698,-1.948527376,0.277964746,-0.041082874,1.980933547,1.968682589,0.012250958,nan,nan,nan,nan,nan,nan,nan,nan,0.060034386,nan,nan,0.008983778,0,0,0
186.400000000,pre,1,0,0.016000000,-0.026000000,-0.200000000,-0.941351972,-0.981963030,0.015983180,-1.061960973,-0.794667615,0.004312328,1.402223468,1.326377142,0.075846326,nan,nan,nan,nan,nan,nan,nan,nan,2.301066067,nan,nan,0.000000000,0,0,0
186.400000000,pre,1,2,0.016000000,-0.026000000,-0.200000000,-1.002498470,0.997894956,-0.033179716,-0.894086292,1.124688931,-0.031993966,1.450319052,1.437128771,0.013190281,nan,nan,nan,nan,nan,nan,nan,nan,0.069593406,nan,nan,0.000000000,0,0,0
186.400000000,pre,1,3,0.016000000,-0.026000000,-0.100000000,-1.936439178,-0.042459190,-0.011634977,-1.978548282,0.284537576,-0.034777616,1.912769914,1.999205947,-0.086436033,nan,nan,nan,nan,nan,nan,nan,nan,2.988475155,nan,nan,0.000000000,0,0,0
186.400000000,post,1,0,0.016000000,-0.026000000,-0.200000000,-0.941351972,-0.981963030,0.015983180,-1.056359736,-0.839842697,0.004312328,1.402223468,1.349537048,0.052686420,nan,nan,nan,nan,nan,nan,nan,nan,1.110343529,nan,nan,0.033154591,0,0,0
186.400000000,post,1,2,0.016000000,-0.026000000,-0.200000000,-1.002498470,0.997894956,-0.033179716,-0.888485055,1.079513848,-0.031993966,1.450319052,1.398491851,0.051827201,nan,nan,nan,nan,nan,nan,nan,nan,1.074423515,nan,nan,0.033154591,0,0,0
186.400000000,post,1,3,0.016000000,-0.026000000,-0.100000000,-1.936439178,-0.042459190,-0.011634977,-1.972947045,0.239362493,-0.034777616,1.912769914,1.987718272,-0.074948358,nan,nan,nan,nan,nan,nan,nan,nan,2.246902555,nan,nan,0.033154591,0,0,0
186.500000000,pre,1,0,-0.004000000,-0.126000000,-0.200000000,-0.898686995,-1.023634708,0.015433342,-1.009642652,-0.868160491,-0.004245906,1.373352170,1.331577617,0.041774553,nan,nan,nan,nan,nan,nan,nan,nan,0.698045305,nan,nan,0.000000000,0,0,0
186.500000000,pre,1,2,-0.004000000,-0.126000000,-0.200000000,-1.044374031,0.955746018,-0.033701065,-0.894063609,1.096879946,-0.027707488,1.434414148,1.415366757,0.019047391,nan,nan,nan,nan,nan,nan,nan,nan,0.145121244,nan,nan,0.000000000,0,0,0
186.500000000,pre,1,3,-0.004000000,-0.126000000,-0.100000000,-1.937078628,-0.126667555,-0.010292107,-1.954376563,0.006920206,-0.028691705,1.904148817,1.954599410,-0.050450593,nan,nan,nan,nan,nan,nan,nan,nan,1.018104918,nan,nan,0.000000000,0,0,0
186.500000000,post,1,0,-0.004000000,-0.126000000,-0.200000000,-0.898686995,-1.023634708,0.015433342,-1.006190545,-0.880027927,-0.004245906,1.373352170,1.336744774,0.036607396,nan,nan,nan,nan,nan,nan,nan,nan,0.536040567,nan,nan,0.002444049,0,0,0
186.500000000,post,1,2,-0.004000000,-0.126000000,-0.200000000,-1.044374031,0.955746018,-0.033701065,-0.890611501,1.085012510,-0.027707488,1.434414148,1.403997400,0.030416748,nan,nan,nan,nan,nan,nan,nan,nan,0.370071435,nan,nan,0.002444049,0,0,0
186.500000000,post,1,3,-0.004000000,-0.126000000,-0.100000000,-1.937078628,-0.126667555,-0.010292107,-1.950924455,-0.004947230,-0.028691705,1.904148817,1.951141697,-0.046992879,nan,nan,nan,nan,nan,nan,nan,nan,0.883332288,nan,nan,0.002444049,0,0,0
186.600000000,pre,1,0,0.016000000,-0.026000000,-0.200000000,-0.849619857,-1.071967160,0.014557095,-0.971063798,-0.853855531,0.014279800,1.354392767,1.293150448,0.061242319,nan,nan,nan,nan,nan,nan,nan,nan,1.500248672,nan,nan,0.000000000,0,0,0
186.600000000,pre,1,2,0.016000000,-0.026000000,-0.200000000,-1.092781625,0.907129347,-0.034835980,-0.952638057,1.005481188,-0.027676516,1.411592960,1.385379976,0.026212985,nan,nan,nan,nan,nan,nan,nan,nan,0.274848229,nan,nan,0.000000000,0,0,0
186.600000000,pre,1,3,0.016000000,-0.026000000,-0.100000000,-1.937971620,-0.224015972,-0.008831770,-1.917495271,0.016028949,-0.010559246,1.932795286,1.917591338,0.015203948,nan,nan,nan,nan,nan,nan,nan,nan,0.092464013,nan,nan,0.000000000,0,0,0
186.600000000,post,1,0,0.016000000,-0.026000000,-0.200000000,-0.849619857,-1.071967160,0.014557095,-1.009242307,-0.875963537,0.014279800,1.354392767,1.336445309,0.017947458,nan,nan,nan,nan,nan,nan,nan,nan,0.128844500,nan,nan,0.031141799,0,0,0
186.600000000,post,1,2,0.016000000,-0.026000000,-0.200000000,-1.092781625,0.907129347,-0.034835980,-0.990816566,0.983373183,-0.027676516,1.411592960,1.396247211,0.015345750,nan,nan,nan,nan,nan,nan,nan,nan,0.094196812,nan,nan,0.031141799,0,0,0
186.600000000,post,1,3,0.016000000,-0.026000000,-0.100000000,-1.937971620,-0.224015972,-0.008831770,-1.955673780,-0.006079056,-0.010559246,1.932795286,1.955711734,-0.022916448,nan,nan,nan,nan,nan,nan,nan,nan,0.210065439,nan,nan,0.031141799,0,0,0
186.700000000,pre,1,0,-0.004000000,-0.126000000,-0.200000000,-0.810493960,-1.110887771,0.013711852,-1.030668726,-0.923693368,-0.007444884,1.378066778,1.384031390,-0.005964612,nan,nan,nan,nan,nan,nan,nan,nan,0.014230637,nan,nan,0.000000000,0,0,0
186.700000000,pre,1,2,-0.004000000,-0.126000000,-0.200000000,-1.131633034,0.868193404,-0.036105450,-0.960866610,1.024101927,-0.039704363,1.450816631,1.404857941,0.045958690,nan,nan,nan,nan,nan,nan,nan,nan,0.844880490,nan,nan,0.000000000,0,0,0
186.700000000,pre,1,3,-0.004000000,-0.126000000,-0.100000000,-1.938827528,-0.302129870,-0.007743757,-1.990694860,-0.196335722,-0.022601774,1.933403015,2.000481088,-0.067078073,nan,nan,nan,nan,nan,nan,nan,nan,1.799787142,nan,nan,0.000000000,0,0,0
186.700000000,post,1,0,-0.004000000,-0.126000000,-0.200000000,-0.810493960,-1.110887771,0.013711852,-1.012609723,-0.882748916,-0.007444884,1.378066778,1.343383611,0.034683167,nan,nan,nan,nan,nan,nan,nan,nan,0.481168838,nan,nan,0.032041212,0,0,0
186.700000000,post,1,2,-0.004000000,-0.126000000,-0.200000000,-1.131633034,0.868193404,-0.036105450,-0.942807606,1.065046379,-0.039704363,1.450816631,1.422949896,0.027866735,nan,nan,nan,nan,nan,nan,nan,nan,0.310621968,nan,nan,0.032041212,0,0,0
186.700000000,post,1,3,-0.004000000,-0.126000000,-0.100000000,-1.938827528,-0.302129870,-0.007743757,-1.972635857,-0.155391270,-0.022601774,1.933403015,1.978875820,-0.045472805,nan,nan,nan,nan,nan,nan,nan,nan,0.827110393,nan,nan,0.032041212,0,0,0
186.800000000,pre,1,0,0.016000000,-0.026000000,-0.200000000,-0.770994520,-1.150573454,0.012673176,-0.810323497,-1.012341612,0.009742860,1.418192029,1.296747714,0.121444315,nan,nan,nan,nan,nan,nan,nan,nan,5.899488703,nan,nan,0.000000000,0,0,0
186.800000000,pre,1,2,0.016000000,-0.026000000,-0.200000000,-1.171125264,0.828668837,-0.037835321,-1.150945461,0.922004023,-0.034394993,1.398225784,1.475110128,-0.076884343,nan,nan,nan,nan,nan,nan,nan,nan,2.364480906,nan,nan,0.000000000,0,0,0
186.800000000,pre,1,3,0.016000000,-0.026000000,-0.100000000,-1.939852397,-0.381538419,-0.006808669,-1.900627903,-0.134346661,-0.011354894,1.961092949,1.905403995,0.055688954,nan,nan,nan,nan,nan,nan,nan,nan,1.240503820,nan,nan,0.000000000,0,0,0
186.800000000,post,1,0,0.016000000,-0.026000000,-0.200000000,-0.770994520,-1.150573454,0.012673176,-0.835203197,-1.152858595,0.009742860,1.418192029,1.423636977,-0.005444948,nan,nan,nan,nan,nan,nan,nan,nan,0.011858985,nan,nan,0.325824350,0,0,0
186.800000000,post,1,2,0.016000000,-0.026000000,-0.200000000,-1.171125264,0.828668837,-0.037835321,-1.175825162,0.781487041,-0.034394993,1.398225784,1.412256996,-0.014031211,nan,nan,nan,nan,nan,nan,nan,nan,0.078749955,nan,nan,0.325824350,0,0,0
186.800000000,post,1,3,0.016000000,-0.026000000,-0.100000000,-1.939852397,-0.381538419,-0.006808669,-1.925507604,-0.274863643,-0.011354894,1.961092949,1.945060022,0.016032927,nan,nan,nan,nan,nan,nan,nan,nan,0.102821901,nan,nan,0.325824350,0,0,0
186.900000000,pre,1,0,-0.004000000,-0.126000000,-0.200000000,-0.725393921,-1.196908671,0.011298033,-0.845218166,-1.232129096,0.007480043,1.407293797,1.494186002,-0.086892206,nan,nan,nan,nan,nan,nan,nan,nan,3.020102156,nan,nan,0.000000000,0,0,0
186.900000000,pre,1,2,-0.004000000,-0.126000000,-0.200000000,-1.217065604,0.782723191,-0.040284602,-1.275610112,0.691746448,-0.030069520,1.357495546,1.451412582,-0.093917035,nan,nan,nan,nan,nan,nan,nan,nan,3.528163803,nan,nan,0.000000000,0,0,0
186.900000000,pre,1,3,-0.004000000,-0.126000000,-0.100000000,-1.941227373,-0.473952765,-0.005918063,-1.968632143,-0.546085378,-0.015075042,1.958016157,2.043024477,-0.085008319,nan,nan,nan,nan,nan,nan,nan,nan,2.890565750,nan,nan,0.000000000,0,0,0
186.900000000,post,1,0,-0.004000000,-0.126000000,-0.200000000,-0.725393921,-1.196908671,0.011298033,-0.743671591,-1.213293161,0.007480043,1.407293797,1.423089484,-0.015795688,nan,nan,nan,nan,nan,nan,nan,nan,0.099801500,nan,nan,0.170663990,0,0,0
186.900000000,post,1,2,-0.004000000,-0.126000000,-0.200000000,-1.217065604,0.782723191,-0.040284602,-1.174063537,0.710582384,-0.030069520,1.357495546,1.372682297,-0.015186751,nan,nan,nan,nan,nan,nan,nan,nan,0.092254957,nan,nan,0.170663990,0,0,0
186.900000000,post,1,3,-0.004000000,-0.126000000,-0.100000000,-1.941227373,-0.473952765,-0.005918063,-1.867085568,-0.527249443,-0.015075042,1.958016157,1.940161784,0.017854373,nan,nan,nan,nan,nan,nan,nan,nan,0.127511450,nan,nan,0.170663990,0,0,0
187.000000000,pre,1,0,0.016000000,-0.226000000,-0.200000000,-0.686923696,-1.236426801,0.009993087,-0.535054918,-1.216606399,0.008190188,1.377050281,1.329090657,0.047959623,nan,nan,nan,nan,nan,nan,nan,nan,0.920050191,nan,nan,0.000000000,0,0,0
187.000000000,pre,1,2,0.016000000,-0.226000000,-0.200000000,-1.256103178,0.743708688,-0.042530328,-1.185890364,0.669322125,-0.017670813,1.469116688,1.361851798,0.107264890,nan,nan,nan,nan,nan,nan,nan,nan,4.602302662,nan,nan,0.000000000,0,0,0
187.000000000,pre,1,3,0.016000000,-0.226000000,-0.100000000,-1.942504261,-0.552488255,-0.005319458,-1.888678218,-0.544432208,-0.005972773,1.955486298,1.965590882,-0.010104584,nan,nan,nan,nan,nan,nan,nan,nan,0.040841049,nan,nan,0.000000000,0,0,0
187.000000000,post,1,0,0.016000000,-0.226000000,-0.200000000,-0.686923696,-1.236426801,0.009993087,-0.592355732,-1.196309060,0.008190188,1.377050281,1.334956089,0.042094192,nan,nan,nan,nan,nan,nan,nan,nan,0.708768387,nan,nan,0.059125844,0,0,0
187.000000000,post,1,2,0.016000000,-0.226000000,-0.200000000,-1.256103178,0.743708688,-0.042530328,-1.243191178,0.689619464,-0.017670813,1.469116688,1.421763541,0.047353147,nan,nan,nan,nan,nan,nan,nan,nan,0.896928201,nan,nan,0.059125844,0,0,0
187.000000000,post,1,3,0.016000000,-0.226000000,-0.100000000,-1.942504261,-0.552488255,-0.005319458,-1.945979032,-0.524134868,-0.005972773,1.955486298,2.015338043,-0.059851746,nan,nan,nan,nan,nan,nan,nan,nan,1.432892581,nan,nan,0.059125844,0,0,0
187.100000000,pre,1,0,-0.004000000,-0.126000000,-0.200000000,-0.648859634,-1.275880854,0.008656290,-0.573920062,-1.274310748,0.008361893,1.405131936,1.397612980,0.007518956,nan,nan,nan,nan,nan,nan,nan,nan,0.022613881,nan,nan,0.000000000,0,0,0
187.100000000,pre,1,2,-0.004000000,-0.126000000,-0.200000000,-1.294953938,0.704889192,-0.044692638,-1.355764152,0.668127457,-0.015437833,1.539451361,1.511532025,0.027919336,nan,nan,nan,nan,nan,nan,nan,nan,0.311795727,nan,nan,0.000000000,0,0,0
187.100000000,pre,1,3,-0.004000000,-0.126000000,-0.100000000,-1.943849541,-0.630626104,-0.004718347,-1.922495897,-0.530550596,-0.012710218,1.979974747,1.994401153,-0.014426406,nan,nan,nan,nan,nan,nan,nan,nan,0.083248480,nan,nan,0.000000000,0,0,0
187.100000000,post,1,0,-0.004000000,-0.126000000,-0.200000000,-0.648859634,-1.275880854,0.008656290,-0.582438528,-1.264331792,0.008361893,1.405131936,1.392063016,0.013068920,nan,nan,nan,nan,nan,nan,nan,nan,0.068318670,nan,nan,0.002754301,0,0,0
187.100000000,post,1,2,-0.004000000,-0.126000000,-0.200000000,-1.294953938,0.704889192,-0.044692638,-1.364282619,0.678106413,-0.015437833,1.539451361,1.523592366,0.015858995,nan,nan,nan,nan,nan,nan,nan,nan,0.100603085,nan,nan,0.002754301,0,0,0
187.100000000,post,1,3,-0.004000000,-0.126000000,-0.100000000,-1.943849541,-0.630626104,-0.004718347,-1.931014364,-0.520571639,-0.012710218,1.979974747,1.999993213,-0.020018467,nan,nan,nan,nan,nan,nan,nan,nan,0.160295604,nan,nan,0.002754301,0,0,0
187.200000000,pre,1,0,0.016000000,-0.226000000,-0.200000000,-0.605587983,-1.321131449,0.007402212,-0.585453488,-1.333858821,-0.009268392,1.454662800,1.456715842,-0.002053042,nan,nan,nan,nan,nan,nan,nan,nan,0.001685993,nan,nan,0.000000000,0,0,0
187.200000000,pre,1,2,0.016000000,-0.226000000,-0.200000000,-1.339402922,0.660482420,-0.046806890,-1.321478996,0.681732072,0.002929999,1.501583576,1.486968035,0.014615541,nan,nan,nan,nan,nan,nan,nan,nan,0.085445615,nan,nan,0.000000000,0,0,0
187.200000000,pre,1,3,0.016000000,-0.226000000,-0.100000000,-1.945497655,-0.719906499,-0.003826058,-1.908225548,-0.673162221,-0.011027332,2.064533234,2.023510247,0.041022986,nan,nan,nan,nan,nan,nan,nan,nan,0.673154164,nan,nan,0.000000000,0,0,0
187.200000000,post,1,0,0.016000000,-0.226000000,-0.200000000,-0.605587983,-1.321131449,0.007402212,-0.612636752,-1.331642792,-0.009268392,1.454662800,1.465838401,-0.011175602,nan,nan,nan,nan,nan,nan,nan,nan,0.049957628,nan,nan,0.011901449,0,0,0
187.200000000,post,1,2,0.016000000,-0.226000000,-0.200000000,-1.339402922,0.660482420,-0.046806890,-1.348662259,0.683948100,0.002929999,1.501583576,1.512178388,-0.010594812,nan,nan,nan,nan,nan,nan,nan,nan,0.044900015,nan,nan,0.011901449,0,0,0
187.200000000,post,1,3,0.016000000,-0.226000000,-0.100000000,-1.945497655,-0.719906499,-0.003826058,-1.935408812,-0.670946193,-0.011027332,2.064533234,2.048437859,0.016095374,nan,nan,nan,nan,nan,nan,nan,nan,0.103624429,nan,nan,0.011901449,0,0,0
187.300000000,pre,1,0,-0.004000000,-0.126000000,-0.200000000,-0.574627050,-1.353755675,0.006776856,-0.531552958,-1.366203986,-0.010245779,1.527552843,1.466003702,0.061549141,nan,nan,nan,nan,nan,nan,nan,nan,1.515318685,nan,nan,0.000000000,0,0,0
187.300000000,pre,1,2,-0.004000000,-0.126000000,-0.200000000,-1.371393404,0.628540544,-0.047987378,-1.382767960,0.637782289,-0.002310502,1.499803424,1.522766830,-0.022963406,nan,nan,nan,nan,nan,nan,nan,nan,0.210927203,nan,nan,0.000000000,0,0,0
187.300000000,pre,1,3,-0.004000000,-0.126000000,-0.100000000,-1.946762457,-0.784058661,-0.003050489,-1.990937460,-0.696884474,-0.026815543,2.118212223,2.109549481,0.008662742,nan,nan,nan,nan,nan,nan,nan,nan,0.030017239,nan,nan,0.000000000,0,0,0
187.300000000,post,1,0,-0.004000000,-0.126000000,-0.200000000,-0.574627050,-1.353755675,0.006776856,-0.527321088,-1.425638267,-0.010245779,1.527552843,1.520071372,0.007481471,nan,nan,nan,nan,nan,nan,nan,nan,0.022388964,nan,nan,0.056805480,0,0,0
187.300000000,post,1,2,-0.004000000,-0.126000000,-0.200000000,-1.371393404,0.628540544,-0.047987378,-1.378536090,0.578348008,-0.002310502,1.499803424,1.494942644,0.004860780,nan,nan,nan,nan,nan,nan,nan,nan,0.009450873,nan,nan,0.056805480,0,0,0
187.300000000,post,1,3,-0.004000000,-0.126000000,-0.100000000,-1.946762457,-0.784058661,-0.003050489,-1.986705590,-0.756318756,-0.026815543,2.118212223,2.125967129,-0.007754906,nan,nan,nan,nan,nan,nan,nan,nan,0.024055429,nan,nan,0.056805480,0,0,0
187.400000000,pre,1,0,0.016000000,-0.226000000,-0.200000000,-0.523516868,-1.408045472,0.006295605,-0.532859122,-1.430820328,-0.001604387,1.618387938,1.526822920,0.091565017,nan,nan,nan,nan,nan,nan,nan,nan,3.353660947,nan,nan,0.000000000,0,0,0
187.400000000,pre,1,2,0.016000000,-0.226000000,-0.200000000,-1.424505918,0.575557872,-0.049153624,-1.344354974,0.556144622,0.012473344,1.541900277,1.454902993,0.086997284,nan,nan,nan,nan,nan,nan,nan,nan,3.027410968,nan,nan,0.000000000,0,0,0
187.400000000,pre,1,3,0.016000000,-0.226000000,-0.100000000,-1.948987107,-0.890418203,-0.001579270,-1.910005746,-0.889418944,-0.024554381,2.092816830,2.107081139,-0.014264309,nan,nan,nan,nan,nan,nan,nan,nan,0.081388206,nan,nan,0.000000000,0,0,0
187.400000000,post,1,0,0.016000000,-0.226000000,-0.200000000,-0.523516868,-1.408045472,0.006295605,-0.582950054,-1.454342726,-0.001604387,1.618387938,1.566826762,0.051561175,nan,nan,nan,nan,nan,nan,nan,nan,1.063421914,nan,nan,0.048998475,0,0,0
187.400000000,post,1,2,0.016000000,-0.226000000,-0.200000000,-1.424505918,0.575557872,-0.049153624,-1.394445906,0.532622224,0.012473344,1.541900277,1.492756311,0.049143967,nan,nan,nan,nan,nan,nan,nan,nan,0.966051780,nan,nan,0.048998475,0,0,0
187.400000000,post,1,3,0.016000000,-0.226000000,-0.100000000,-1.948987107,-0.890418203,-0.001579270,-1.960096678,-0.912941342,-0.024554381,2.092816830,2.162416195,-0.069599365,nan,nan,nan,nan,nan,nan,nan,nan,1.937628638,nan,nan,0.048998475,0,0,0
187.500000000,pre,1,0,-0.004000000,-0.126000000,-0.200000000,-0.487693150,-1.446399539,0.006307793,-0.462269811,-1.448186619,-0.009086770,1.526229262,1.520204076,0.006025186,nan,nan,nan,nan,nan,nan,nan,nan,0.014521148,nan,nan,0.000000000,0,0,0
187.500000000,pre,1,2,-0.004000000,-0.126000000,-0.200000000,-1.461933191,0.538240619,-0.049363339,-1.423969408,0.504729003,-0.000830803,1.558914900,1.510774944,0.048139956,nan,nan,nan,nan,nan,nan,nan,nan,0.926982145,nan,nan,0.000000000,0,0,0
187.500000000,pre,1,3,-0.004000000,-0.126000000,-0.100000000,-1.950632870,-0.965292258,-0.000430818,-1.947022573,-0.921022409,-0.031443832,2.100262165,2.154104893,-0.053842728,nan,nan,nan,nan,nan,nan,nan,nan,1.159615743,nan,nan,0.000000000,0,0,0
187.500000000,post,1,0,-0.004000000,-0.126000000,-0.200000000,-0.487693150,-1.446399539,0.006307793,-0.466731219,-1.419910750,-0.009086770,1.526229262,1.494679611,0.031549652,nan,nan,nan,nan,nan,nan,nan,nan,0.398152209,nan,nan,0.013110863,0,0,0
187.500000000,post,1,2,-0.004000000,-0.126000000,-0.200000000,-1.461933191,0.538240619,-0.049363339,-1.428430815,0.533004872,-0.000830803,1.558914900,1.524634211,0.034280689,nan,nan,nan,nan,nan,nan,nan,nan,0.470066250,nan,nan,0.013110863,0,0,0
187.500000000,post,1,3,-0.004000000,-0.126000000,-0.100000000,-1.950632870,-0.965292258,-0.000430818,-1.951483980,-0.892746539,-0.031443832,2.100262165,2.146223386,-0.045961221,nan,nan,nan,nan,nan,nan,nan,nan,0.844973529,nan,nan,0.013110863,0,0,0
187.600000000,pre,1,0,0.016000000,-0.226000000,-0.200000000,-0.451347694,-1.485486914,0.006516377,-0.433286260,-1.426416243,-0.001963408,1.429650545,1.490772999,-0.061122454,nan,nan,nan,nan,nan,nan,nan,nan,1.494381769,nan,nan,0.000000000,0,0,0
187.600000000,pre,1,2,0.016000000,-0.226000000,-0.200000000,-1.500048219,0.500248290,-0.049118982,-1.426780839,0.569114467,0.005883725,1.578412056,1.536108543,0.042303513,nan,nan,nan,nan,nan,nan,nan,nan,0.715834879,nan,nan,0.000000000,0,0,0
187.600000000,pre,1,3,0.016000000,-0.226000000,-0.100000000,-1.952360413,-1.041445818,0.000738412,-1.890768793,-0.994272745,-0.005985627,nan,2.136263267,nan,nan,nan,nan,nan,nan,nan,nan,nan,nan,nan,nan,0.000000000,0,0,0
187.600000000,post,1,0,0.016000000,-0.226000000,-0.200000000,-0.451347694,-1.485486914,0.006516377,-0.449476044,-1.359470913,-0.001963408,1.429650545,1.431849759,-0.002199214,nan,nan,nan,nan,nan,nan,nan,nan,0.001934616,nan,nan,0.075900581,0,0,0
187.600000000,post,1,2,0.016000000,-0.226000000,-0.200000000,-1.500048219,0.500248290,-0.049118982,-1.442970623,0.636059797,0.005883725,1.578412056,1.576949873,0.001462183,nan,nan,nan,nan,nan,nan,nan,nan,0.000855191,nan,nan,0.075900581,0,0,0
187.600000000,post,1,3,0.016000000,-0.226000000,-0.100000000,-1.952360413,-1.041445818,0.000738412,-1.906958577,-0.927327415,-0.005985627,nan,2.120486495,nan,nan,nan,nan,nan,nan,nan,nan,nan,nan,nan,nan,0.075900581,0,0,0
187.700000000,pre,1,0,-0.004000000,-0.326000000,-0.200000000,-0.408338559,-1.531943761,0.006953276,-0.401725751,-1.404309587,-0.000070458,1.455581069,1.460639928,-0.005058859,nan,nan,nan,nan,nan,nan,nan,nan,0.010236822,nan,nan,0.000000000,0,0,0
187.700000000,pre,1,2,-0.004000000,-0.326000000,-0.200000000,-1.545361411,0.455109842,-0.048266049,-1.506056233,0.608541560,0.003528728,1.587346435,1.624358537,-0.037012103,nan,nan,nan,nan,nan,nan,nan,nan,0.547958298,nan,nan,0.000000000,0,0,0
187.700000000,pre,1,3,-0.004000000,-0.326000000,-0.100000000,-1.954479788,-1.131773789,0.002138812,-1.945129987,-0.915762167,-0.008702893,2.191552639,2.149936454,0.041616185,nan,nan,nan,nan,nan,nan,nan,nan,0.692762750,nan,nan,0.000000000,0,0,0
187.700000000,post,1,0,-0.004000000,-0.326000000,-0.200000000,-0.408338559,-1.531943761,0.006953276,-0.399029037,-1.425685501,-0.000070458,1.455581069,1.480474021,-0.024892952,nan,nan,nan,nan,nan,nan,nan,nan,0.247863619,nan,nan,0.007427232,0,0,0
187.700000000,post,1,2,-0.004000000,-0.326000000,-0.200000000,-1.545361411,0.455109842,-0.048266049,-1.503359518,0.587165645,0.003528728,1.587346435,1.613959661,-0.026613226,nan,nan,nan,nan,nan,nan,nan,nan,0.283305525,nan,nan,0.007427232,0,0,0
187.700000000,post,1,3,-0.004000000,-0.326000000,-0.100000000,-1.954479788,-1.131773789,0.002138812,-1.942433273,-0.937138082,-0.008702893,2.191552639,2.156698993,0.034853646,nan,nan,nan,nan,nan,nan,nan,nan,0.485910666,nan,nan,0.007427232,0,0,0
187.800000000,pre,1,0,0.016000000,-0.126000000,-0.200000000,-0.372485679,-1.570862974,0.007347260,-0.457235421,-1.525422316,0.002898401,1.505401015,1.592477904,-0.087076888,nan,nan,nan,nan,nan,nan,nan,nan,3.032953795,nan,nan,0.000000000,0,0,0
187.800000000,pre,1,2,0.016000000,-0.126000000,-0.200000000,-1.583360498,0.417293849,-0.047156398,-1.527015512,0.568663195,-0.010511084,1.586049676,1.629498293,-0.043448617,nan,nan,nan,nan,nan,nan,nan,nan,0.755112922,nan,nan,0.000000000,0,0,0
187.800000000,pre,1,3,0.016000000,-0.126000000,-0.100000000,-1.956312730,-1.207328791,0.003347095,-1.926815268,-1.070942274,-0.002030178,2.242229462,2.204436107,0.037793354,nan,nan,nan,nan,nan,nan,nan,nan,0.571335052,nan,nan,0.000000000,0,0,0
187.800000000,post,1,0,0.016000000,-0.126000000,-0.200000000,-0.372485679,-1.570862974,0.007347260,-0.446133108,-1.490920482,0.002898401,1.505401015,1.556241316,-0.050840301,nan,nan,nan,nan,nan,nan,nan,nan,1.033894483,nan,nan,0.021018207,0,0,0
187.800000000,post,1,2,0.016000000,-0.126000000,-0.200000000,-1.583360498,0.417293849,-0.047156398,-1.515913199,0.603165029,-0.010511084,1.586049676,1.631536504,-0.045486828,nan,nan,nan,nan,nan,nan,nan,nan,0.827620598,nan,nan,0.021018207,0,0,0
187.800000000,post,1,3,0.016000000,-0.126000000,-0.100000000,-1.956312730,-1.207328791,0.003347095,-1.915712955,-1.036440440,-0.002030178,2.242229462,2.178111345,0.064118116,nan,nan,nan,nan,nan,nan,nan,nan,1.644453144,nan,nan,0.021018207,0,0,0
187.900000000,pre,1,0,-0.004000000,-0.226000000,-0.200000000,-0.336855793,-1.609708387,0.007815324,-0.370724434,-1.530988650,0.016490405,1.595700502,1.575320535,0.020379968,nan,nan,nan,nan,nan,nan,nan,nan,0.166137233,nan,nan,0.000000000,0,0,0
187.900000000,pre,1,2,-0.004000000,-0.226000000,-0.200000000,-1.621363223,0.379501699,-0.045677122,-1.565250216,0.513357974,-0.010038931,1.644598365,1.647314611,-0.002716246,nan,nan,nan,nan,nan,nan,nan,nan,0.002951197,nan,nan,0.000000000,0,0,0
187.900000000,pre,1,3,-0.004000000,-0.226000000,-0.100000000,-1.958197169,-1.282693613,0.004615275,-1.961278047,-1.095732969,-0.005270484,2.292637348,2.246613027,0.046024321,nan,nan,nan,nan,nan,nan,nan,nan,0.847295264,nan,nan,0.000000000,0,0,0
187.900000000,post,1,0,-0.004000000,-0.226000000,-0.200000000,-0.336855793,-1.609708387,0.007815324,-0.388861843,-1.558677263,0.016490405,1.595700502,1.606536734,-0.010836231,nan,nan,nan,nan,nan,nan,nan,nan,0.046969564,nan,nan,0.017529998,0,0,0
187.900000000,post,1,2,-0.004000000,-0.226000000,-0.200000000,-1.621363223,0.379501699,-0.045677122,-1.583387624,0.485669361,-0.010038931,1.644598365,1.656228208,-0.011629843,nan,nan,nan,nan,nan,nan,nan,nan,0.054101302,nan,nan,0.017529998,0,0,0
187.900000000,post,1,3,-0.004000000,-0.226000000,-0.100000000,-1.958197169,-1.282693613,0.004615275,-1.979415455,-1.123421581,-0.005270484,2.292637348,2.276002938,0.016634411,nan,nan,nan,nan,nan,nan,nan,nan,0.110681447,nan,nan,0.017529998,0,0,0
188.000000000,pre,1,0,0.016000000,-0.126000000,-0.200000000,-0.294843197,-1.655666760,0.008645870,-0.400410345,-1.642083395,0.021174416,1.663325310,1.690329753,-0.027004444,nan,nan,nan,nan,nan,nan,nan,nan,0.291695991,nan,nan,0.000000000,0,0,0
188.000000000,pre,1,2,0.016000000,-0.126000000,-0.200000000,-1.666510007,0.334700923,-0.043378497,-1.590228072,0.434087433,-0.015403668,1.691690207,1.648482482,0.043207724,nan,nan,nan,nan,nan,nan,nan,nan,0.746762967,nan,nan,0.000000000,0,0,0
188.000000000,pre,1,3,0.016000000,-0.126000000,-0.100000000,-1.960483782,-1.371843740,0.006265442,-1.970161117,-1.189055888,-0.012158538,2.374457598,2.301203286,0.073254312,nan,nan,nan,nan,nan,nan,nan,nan,2.146477699,nan,nan,0.000000000,0,0,0
188.000000000,post,1,0,0.016000000,-0.126000000,-0.200000000,-0.294843197,-1.655666760,0.008645870,-0.460200876,-1.622023509,0.021174416,1.663325310,1.686177175,-0.022851865,nan,nan,nan,nan,nan,nan,nan,nan,0.208883093,nan,nan,0.063636906,0,0,0
188.000000000,post,1,2,0.016000000,-0.126000000,-0.200000000,-1.666510007,0.334700923,-0.043378497,-1.650018603,0.454147319,-0.015403668,1.691690207,1.711446304,-0.019756097,nan,nan,nan,nan,nan,nan,nan,nan,0.156121355,nan,nan,0.063636906,0,0,0
188.000000000,post,1,3,0.016000000,-0.126000000,-0.100000000,-1.960483782,-1.371843740,0.006265442,-2.029951647,-1.168996003,-0.012158538,2.374457598,2.342520688,0.031936909,nan,nan,nan,nan,nan,nan,nan,nan,0.407986475,nan,nan,0.063636906,0,0,0
188.100000000,pre,1,0,-0.004000000,-0.226000000,-0.200000000,-0.261272801,-1.692461107,0.009558458,-0.367248168,-1.629507026,0.044003876,1.656763792,1.670958020,-0.014194228,nan,nan,nan,nan,nan,nan,nan,nan,0.080590448,nan,nan,0.000000000,0,0,0
188.100000000,pre,1,2,-0.004000000,-0.226000000,-0.200000000,-1.702875050,0.298779445,-0.041101781,-1.619385602,0.467442015,0.000291241,1.674244285,1.685500475,-0.011256190,nan,nan,nan,nan,nan,nan,nan,nan,0.050680728,nan,nan,0.000000000,0,0,0
188.100000000,pre,1,3,-0.004000000,-0.226000000,-0.100000000,-1.962364088,-1.443219220,0.007644064,-2.059953871,-1.291764472,0.004317180,2.431454182,2.431477748,-0.000023567,nan,nan,nan,nan,nan,nan,nan,nan,0.000000222,nan,nan,0.000000000,0,0,0
188.100000000,post,1,0,-0.004000000,-0.226000000,-0.200000000,-0.261272801,-1.692461107,0.009558458,-0.360559177,-1.623540656,0.044003876,1.656763792,1.663677710,-0.006913918,nan,nan,nan,nan,nan,nan,nan,nan,0.019120905,nan,nan,0.001285443,0,0,0
188.100000000,post,1,2,-0.004000000,-0.226000000,-0.200000000,-1.702875050,0.298779445,-0.041101781,-1.612696611,0.473408385,0.000291241,1.674244285,1.680745651,-0.006501367,nan,nan,nan,nan,nan,nan,nan,nan,0.016907107,nan,nan,0.001285443,0,0,0
188.100000000,post,1,3,-0.004000000,-0.226000000,-0.100000000,-1.962364088,-1.443219220,0.007644064,-2.053264880,-1.285798102,0.004317180,2.431454182,2.422641547,0.008812635,nan,nan,nan,nan,nan,nan,nan,nan,0.031065012,nan,nan,0.001285443,0,0,0
188.200000000,pre,1,0,0.016000000,-0.026000000,-0.200000000,-0.228786581,-1.728203026,0.010634174,-0.314072502,-1.666153068,0.039805139,1.746486664,1.695963452,0.050523212,nan,nan,nan,nan,nan,nan,nan,nan,1.021037979,nan,nan,0.000000000,0,0,0
188.200000000,pre,1,2,0.016000000,-0.026000000,-0.200000000,-1.738430510,0.263889392,-0.038574649,-1.691466376,0.423851999,-0.017972364,1.723591208,1.743855505,-0.020264297,nan,nan,nan,nan,nan,nan,nan,nan,0.164256690,nan,nan,0.000000000,0,0,0
188.200000000,pre,1,3,0.016000000,-0.026000000,-0.100000000,-1.964305590,-1.512484695,0.008851579,-2.030322227,-1.297246910,0.006360829,2.490144730,2.409377171,0.080767559,nan,nan,nan,nan,nan,nan,nan,nan,2.609359434,nan,nan,0.000000000,0,0,0
188.200000000,post,1,0,0.016000000,-0.026000000,-0.200000000,-0.228786581,-1.728203026,0.010634174,-0.330625062,-1.733487155,0.039805139,1.746486664,1.765184153,-0.018697490,nan,nan,nan,nan,nan,nan,nan,nan,0.139838448,nan,nan,0.076925864,0,0,0
188.200000000,post,1,2,0.016000000,-0.026000000,-0.200000000,-1.738430510,0.263889392,-0.038574649,-1.708018936,0.356517912,-0.017972364,1.723591208,1.744923125,-0.021331917,nan,nan,nan,nan,nan,nan,nan,nan,0.182020267,nan,nan,0.076925864,0,0,0
188.200000000,post,1,3,0.016000000,-0.026000000,-0.100000000,-1.964305590,-1.512484695,0.008851579,-2.046874787,-1.364580997,0.006360829,2.490144730,2.460044339,0.030100390,nan,nan,nan,nan,nan,nan,nan,nan,0.362413403,nan,nan,0.076925864,0,0,0
188.300000000,pre,1,0,-0.004000000,-0.126000000,-0.200000000,-0.193724713,-1.767116148,0.011937353,-0.308037733,-1.744225169,0.043619714,1.769405127,1.771753754,-0.002348627,nan,nan,nan,nan,nan,nan,nan,nan,0.002206420,nan,nan,0.000000000,0,0,0
188.300000000,pre,1,2,-0.004000000,-0.126000000,-0.200000000,-1.777471388,0.226022430,-0.035463861,-1.745337852,0.365862320,-0.022085260,1.783223748,1.783408874,-0.000185126,nan,nan,nan,nan,nan,nan,nan,nan,0.000013709,nan,nan,0.000000000,0,0,0
188.300000000,pre,1,3,-0.004000000,-0.126000000,-0.100000000,-1.966713016,-1.587689000,0.009694450,-2.068479471,-1.495800063,-0.003939017,2.460846424,2.552653652,-0.091807227,nan,nan,nan,nan,nan,nan,nan,nan,3.371426808,nan,nan,0.000000000,0,0,0
188.300000000,post,1,0,-0.004000000,-0.126000000,-0.200000000,-0.193724713,-1.767116148,0.011937353,-0.270437116,-1.715516839,0.043619714,1.769405127,1.737249820,0.032155306,nan,nan,nan,nan,nan,nan,nan,nan,0.413585484,nan,nan,0.035807593,0,0,0
188.300000000,post,1,2,-0.004000000,-0.126000000,-0.200000000,-1.777471388,0.226022430,-0.035463861,-1.707737236,0.394570650,-0.022085260,1.783223748,1.752866288,0.030357461,nan,nan,nan,nan,nan,nan,nan,nan,0.368630164,nan,nan,0.035807593,0,0,0
188.300000000,post,1,3,-0.004000000,-0.126000000,-0.100000000,-1.966713016,-1.587689000,0.009694450,-2.030878855,-1.467091733,-0.003939017,2.460846424,2.505362766,-0.044516342,nan,nan,nan,nan,nan,nan,nan,nan,0.792681888,nan,nan,0.035807593,0,0,0
188.400000000,pre,1,0,0.016000000,-0.026000000,-0.200000000,-0.167629344,-1.796514119,0.012961284,-0.321414763,-1.770763424,0.048269554,1.755774140,1.800344552,-0.044570411,nan,nan,nan,nan,nan,nan,nan,nan,0.794608623,nan,nan,0.000000000,0,0,0
188.400000000,pre,1,2,0.016000000,-0.026000000,-0.200000000,-1.807216912,0.197576936,-0.032628552,-1.728734267,0.317300859,-0.014877979,1.805985212,1.757675554,0.048309658,nan,nan,nan,nan,nan,nan,nan,nan,0.933529222,nan,nan,0.000000000,0,0,0
188.400000000,pre,1,3,0.016000000,-0.026000000,-0.100000000,-1.968885198,-1.644222776,0.009912699,-1.993978174,-1.445376443,0.008831996,2.509957075,2.462750500,0.047206575,nan,nan,nan,nan,nan,nan,nan,nan,0.891384297,nan,nan,0.000000000,0,0,0
188.400000000,post,1,0,0.016000000,-0.026000000,-0.200000000,-0.167629344,-1.796514119,0.012961284,-0.377226598,-1.732529122,0.048269554,1.755774140,1.773777611,-0.018003471,nan,nan,nan,nan,nan,nan,nan,nan,0.129649984,nan,nan,0.073229165,0,0,0
188.400000000,post,1,2,0.016000000,-0.026000000,-0.200000000,-1.807216912,0.197576936,-0.032628552,-1.784546102,0.355535162,-0.014877979,1.805985212,1.819678926,-0.013693714,nan,nan,nan,nan,nan,nan,nan,nan,0.075007122,nan,nan,0.073229165,0,0,0
188.400000000,post,1,3,0.016000000,-0.026000000,-0.100000000,-1.968885198,-1.644222776,0.009912699,-2.049790009,-1.407142141,0.008831996,2.509957075,2.486315766,0.023641309,nan,nan,nan,nan,nan,nan,nan,nan,0.223564594,nan,nan,0.073229165,0,0,0
188.500000000,pre,1,0,-0.004000000,-0.126000000,-0.200000000,-0.146045666,-1.821328434,0.013763393,-0.328126662,-1.712731480,0.060575153,1.800971627,1.744931396,0.056040231,nan,nan,nan,nan,nan,nan,nan,nan,1.256202990,nan,nan,0.000000000,0,0,0
188.500000000,pre,1,2,-0.004000000,-0.126000000,-0.200000000,-1.832500950,0.173713363,-0.029855308,-1.845950455,0.359117422,-0.012474471,1.794622064,1.880599377,-0.085977314,nan,nan,nan,nan,nan,nan,nan,nan,2.956839393,nan,nan,0.000000000,0,0,0
188.500000000,pre,1,3,-0.004000000,-0.126000000,-0.100000000,-1.971109293,-1.691594053,0.009651553,-2.133009127,-1.473368790,0.008151236,2.546295404,2.592413927,-0.046118523,nan,nan,nan,nan,nan,nan,nan,nan,0.850767266,nan,nan,0.000000000,0,0,0
188.500000000,post,1,0,-0.004000000,-0.126000000,-0.200000000,-0.146045666,-1.821328434,0.013763393,-0.245478046,-1.771577251,0.060575153,1.800971627,1.789529206,0.011442421,nan,nan,nan,nan,nan,nan,nan,nan,0.052371604,nan,nan,0.164697896,0,0,0
188.500000000,post,1,2,-0.004000000,-0.126000000,-0.200000000,-1.832500950,0.173713363,-0.029855308,-1.763301839,0.300271651,-0.012474471,1.794622064,1.788729173,0.005892891,nan,nan,nan,nan,nan,nan,nan,nan,0.013890465,nan,nan,0.164697896,0,0,0
188.500000000,post,1,3,-0.004000000,-0.126000000,-0.100000000,-1.971109293,-1.691594053,0.009651553,-2.050360511,-1.532214562,0.008151236,2.546295404,2.559633984,-0.013338580,nan,nan,nan,nan,nan,nan,nan,nan,0.071167083,nan,nan,0.164697896,0,0,0
188.600000000,pre,1,0,0.016000000,-0.226000000,-0.200000000,-0.127972598,-1.842732045,0.014285931,-0.248263323,-1.953340370,0.065378777,1.824058175,1.970138996,-0.146080821,nan,nan,nan,nan,nan,nan,nan,nan,8.535842503,nan,nan,0.000000000,0,0,0
188.600000000,pre,1,2,0.016000000,-0.226000000,-0.200000000,-1.854478607,0.153282580,-0.027255702,-1.741960828,0.187376219,0.003857937,1.862524390,1.752013772,0.110510618,nan,nan,nan,nan,nan,nan,nan,nan,4.885038707,nan,nan,0.000000000,0,0,0
188.600000000,pre,1,3,0.016000000,-0.226000000,-0.100000000,-1.973521926,-1.732010817,0.008929156,-1.966191301,-1.686766341,0.021189025,2.554763556,2.590663602,-0.035900046,nan,nan,nan,nan,nan,nan,nan,nan,0.515525326,nan,nan,0.000000000,0,0,0
188.600000000,post,1,0,0.016000000,-0.226000000,-0.200000000,-0.127972598,-1.842732045,0.014285931,-0.330732350,-1.796585038,0.065378777,1.824058175,1.827943126,-0.003884951,nan,nan,nan,nan,nan,nan,nan,nan,0.006037137,nan,nan,0.501973992,0,0,0
188.600000000,post,1,2,0.016000000,-0.226000000,-0.200000000,-1.854478607,0.153282580,-0.027255702,-1.824429855,0.344131550,0.003857937,1.862524390,1.856605963,0.005918427,nan,nan,nan,nan,nan,nan,nan,nan,0.014011111,nan,nan,0.501973992,0,0,0
188.600000000,post,1,3,0.016000000,-0.226000000,-0.100000000,-1.973521926,-1.732010817,0.008929156,-2.048660328,-1.530011009,0.021189025,2.554763556,2.557027924,-0.002264368,nan,nan,nan,nan,nan,nan,nan,nan,0.002050946,nan,nan,0.501973992,0,0,0
188.700000000,pre,1,0,-0.004000000,-0.126000000,-0.200000000,-0.113274500,-1.861100220,0.014426882,-0.255655300,-1.825515695,0.056667144,1.874008417,1.844201278,0.029807140,nan,nan,nan,nan,nan,nan,nan,nan,0.355386229,nan,nan,0.000000000,0,0,0
188.700000000,pre,1,2,-0.004000000,-0.126000000,-0.200000000,-1.873558434,0.135980828,-0.024936153,-1.899029317,0.314107364,0.019380693,1.880176902,1.924928932,-0.044752030,nan,nan,nan,nan,nan,nan,nan,nan,0.801097685,nan,nan,0.000000000,0,0,0
188.700000000,pre,1,3,-0.004000000,-0.126000000,-0.100000000,-1.976333294,-1.766032956,0.007520453,-2.130835530,-1.596992519,0.001749225,nan,2.662864664,nan,nan,nan,nan,nan,nan,nan,nan,nan,nan,nan,nan,0.000000000,0,0,0
188.700000000,post,1,0,-0.004000000,-0.126000000,-0.200000000,-0.113274500,-1.861100220,0.014426882,-0.217395525,-1.859372901,0.056667144,1.874008417,1.872896037,0.001112380,nan,nan,nan,nan,nan,nan,nan,nan,0.000494956,nan,nan,0.041761933,0,0,0
188.700000000,post,1,2,-0.004000000,-0.126000000,-0.200000000,-1.873558434,0.135980828,-0.024936153,-1.860769542,0.280250159,0.019380693,1.880176902,1.881855215,-0.001678313,nan,nan,nan,nan,nan,nan,nan,nan,0.001126694,nan,nan,0.041761933,0,0,0
188.700000000,post,1,3,-0.004000000,-0.126000000,-0.100000000,-1.976333294,-1.766032956,0.007520453,-2.092575755,-1.630849725,0.001749225,nan,2.653026041,nan,nan,nan,nan,nan,nan,nan,nan,nan,nan,nan,nan,0.041761933,0,0,0
188.800000000,pre,1,0,0.016000000,-0.226000000,-0.200000000,-0.106671701,-1.870201516,0.014193782,-0.281667525,-1.908281014,0.053542421,1.935321808,1.929699411,0.005622397,nan,nan,nan,nan,nan,nan,nan,nan,0.012644540,nan,nan,0.000000000,0,0,0
188.800000000,pre,1,2,0.016000000,-0.226000000,-0.200000000,-1.883205271,0.127597120,-0.023830221,-1.826353659,0.219442157,0.011261991,1.877197266,1.839524227,0.037673039,nan,nan,nan,nan,nan,nan,nan,nan,0.567703145,nan,nan,0.000000000,0,0,0
188.800000000,pre,1,3,0.016000000,-0.226000000,-0.100000000,-1.978347964,-1.782371006,0.006074400,-2.040240344,-1.734572591,-0.012187908,2.580202579,2.677960284,-0.097757704,nan,nan,nan,nan,nan,nan,nan,nan,3.822627500,nan,nan,0.000000000,0,0,0
188.800000000,post,1,0,0.016000000,-0.226000000,-0.200000000,-0.106671701,-1.870201516,0.014193782,-0.271316696,-1.868753089,0.053542421,1.935321808,1.889104986,0.046216822,nan,nan,nan,nan,nan,nan,nan,nan,0.854397864,nan,nan,0.026713545,0,0,0
188.800000000,post,1,2,0.016000000,-0.226000000,-0.200000000,-1.883205271,0.127597120,-0.023830221,-1.816002830,0.258970083,0.011261991,1.877197266,1.834409609,0.042787657,nan,nan,nan,nan,nan,nan,nan,nan,0.732313420,nan,nan,0.026713545,0,0,0
188.800000000,post,1,3,0.016000000,-0.226000000,-0.100000000,-1.978347964,-1.782371006,0.006074400,-2.029889515,-1.695044665,-0.012187908,2.580202579,2.644574901,-0.064372321,nan,nan,nan,nan,nan,nan,nan,nan,1.657518300,nan,nan,0.026713545,0,0,0
188.900000000,pre,1,0,-0.004000000,-0.026000000,-0.200000000,-0.102351951,-1.878255720,0.013353315,-0.140154196,-1.883334605,0.060702598,1.990161896,1.889517726,0.100644170,nan,nan,nan,nan,nan,nan,nan,nan,4.051699555,nan,nan,0.000000000,0,0,0
188.900000000,pre,1,2,-0.004000000,-0.026000000,-0.200000000,-1.892220784,0.120554128,-0.022852302,-1.825956651,0.258338271,0.021194364,1.846281409,1.844262876,0.002018534,nan,nan,nan,nan,nan,nan,nan,nan,0.001629791,nan,nan,0.000000000,0,0,0
188.900000000,pre,1,3,-0.004000000,-0.026000000,-0.100000000,-1.981541496,-1.795729017,0.003377593,-2.065640798,-1.723179539,0.011943160,2.653035402,2.690048749,-0.037013346,nan,nan,nan,nan,nan,nan,nan,nan,0.547995121,nan,nan,0.000000000,0,0,0
188.900000000,post,1,0,-0.004000000,-0.026000000,-0.200000000,-0.102351951,-1.878255720,0.013353315,-0.111786472,-1.943471095,0.060702598,1.990161896,1.947629563,0.042532332,nan,nan,nan,nan,nan,nan,nan,nan,0.723599721,nan,nan,0.070738003,0,0,0
188.900000000,post,1,2,-0.004000000,-0.026000000,-0.200000000,-1.892220784,0.120554128,-0.022852302,-1.797588927,0.198201781,0.021194364,1.846281409,1.808606949,0.037674460,nan,nan,nan,nan,nan,nan,nan,nan,0.567745982,nan,nan,0.070738003,0,0,0
188.900000000,post,1,3,-0.004000000,-0.026000000,-0.100000000,-1.981541496,-1.795729017,0.003377593,-2.037273074,-1.783316029,0.011943160,2.653035402,2.707552451,-0.054517049,nan,nan,nan,nan,nan,nan,nan,nan,1.188843436,nan,nan,0.070738003,0,0,0
189.000000000,pre,1,0,0.016000000,-0.126000000,-0.200000000,-0.104506844,-1.879703230,0.012320500,-0.137693075,-1.948369441,0.056278276,1.955528021,1.954039433,0.001488587,nan,nan,nan,nan,nan,nan,nan,nan,0.000886357,nan,nan,0.000000000,0,0,0
189.000000000,pre,1,2,0.016000000,-0.126000000,-0.200000000,-1.894821733,0.119967975,-0.022325077,-1.776545044,0.113626947,0.005909911,1.877378106,1.780184907,0.097193199,nan,nan,nan,nan,nan,nan,nan,nan,3.778607182,nan,nan,0.000000000,0,0,0
189.000000000,pre,1,3,0.016000000,-0.126000000,-0.100000000,-1.984839798,-1.796090926,0.000688277,-1.961170835,-1.807898275,0.014868663,2.736690998,2.667378543,0.069312455,nan,nan,nan,nan,nan,nan,nan,nan,1.921686565,nan,nan,0.000000000,0,0,0
189.000000000,post,1,0,0.016000000,-0.126000000,-0.200000000,-0.104506844,-1.879703230,0.012320500,-0.232617416,-1.942631165,0.056278276,1.955528021,1.957318051,-0.001790030,nan,nan,nan,nan,nan,nan,nan,nan,0.001281682,nan,nan,0.144696933,0,0,0
189.000000000,post,1,2,0.016000000,-0.126000000,-0.200000000,-1.894821733,0.119967975,-0.022325077,-1.871469385,0.119365223,0.005909911,1.877378106,1.875281483,0.002096623,nan,nan,nan,nan,nan,nan,nan,nan,0.001758331,nan,nan,0.144696933,0,0,0
189.000000000,post,1,3,0.016000000,-0.126000000,-0.100000000,-1.984839798,-1.796090926,0.000688277,-2.056095176,-1.802159999,0.014868663,2.736690998,2.734141384,0.002549614,nan,nan,nan,nan,nan,nan,nan,nan,0.002600212,nan,nan,0.144696933,0,0,0
189.100000000,pre,1,0,-0.004000000,-0.226000000,-0.200000000,-0.109633113,-1.877180459,0.011554186,-0.184103082,-1.908795874,0.052801751,1.902341485,1.918380478,-0.016038993,nan,nan,nan,nan,nan,nan,nan,nan,0.102899722,nan,nan,0.000000000,0,0,0
189.100000000,pre,1,2,-0.004000000,-0.226000000,-0.200000000,-1.893302840,0.123039480,-0.022006598,-1.932240700,0.152646030,0.000016324,1.917473078,1.938260801,-0.020787723,nan,nan,nan,nan,nan,nan,nan,nan,0.172851777,nan,nan,0.000000000,0,0,0
189.100000000,pre,1,3,-0.004000000,-0.226000000,-0.100000000,-1.987350037,-1.789316441,-0.000979083,-2.098639409,-1.803040430,0.012472926,2.701408863,2.766838943,-0.065430080,nan,nan,nan,nan,nan,nan,nan,nan,1.712438142,nan,nan,0.000000000,0,0,0
189.100000000,post,1,0,-0.004000000,-0.226000000,-0.200000000,-0.109633113,-1.877180459,0.011554186,-0.147777873,-1.882188957,0.052801751,1.902341485,1.888719565,0.013621920,nan,nan,nan,nan,nan,nan,nan,nan,0.074222685,nan,nan,0.032439182,0,0,0
189.100000000,post,1,2,-0.004000000,-0.226000000,-0.200000000,-1.893302840,0.123039480,-0.022006598,-1.895915490,0.179252947,0.000016324,1.917473078,1.904370543,0.013102534,nan,nan,nan,nan,nan,nan,nan,nan,0.068670564,nan,nan,0.032439182,0,0,0
189.100000000,post,1,3,-0.004000000,-0.226000000,-0.100000000,-1.987350037,-1.789316441,-0.000979083,-2.062314199,-1.776433513,0.012472926,2.701408863,2.721949937,-0.020541073,nan,nan,nan,nan,nan,nan,nan,nan,0.168774280,nan,nan,0.032439182,0,0,0
189.200000000,pre,1,0,0.016000000,-0.226000000,-0.200000000,-0.122746239,-1.868115082,0.010373406,-0.250205043,-1.914883580,0.057466727,1.887808561,1.932015558,-0.044206996,nan,nan,nan,nan,nan,nan,nan,nan,0.781703406,nan,nan,0.000000000,0,0,0
189.200000000,pre,1,2,0.016000000,-0.226000000,-0.200000000,-1.886030724,0.132878096,-0.021423207,-1.818967685,0.188254152,-0.006471600,1.949130774,1.828694875,0.120435899,nan,nan,nan,nan,nan,nan,nan,nan,5.801922282,nan,nan,0.000000000,0,0,0
189.200000000,pre,1,3,0.016000000,-0.226000000,-0.100000000,-1.991412718,-1.768639251,-0.002828492,-2.047908967,-1.706835024,0.008874333,2.657200336,2.665951179,-0.008750843,nan,nan,nan,nan,nan,nan,nan,nan,0.030630898,nan,nan,0.000000000,0,0,0
189.200000000,post,1,0,0.016000000,-0.226000000,-0.200000000,-0.122746239,-1.868115082,0.010373406,-0.338167731,-1.837724055,0.057466727,1.887808561,1.869462367,0.018346195,nan,nan,nan,nan,nan,nan,nan,nan,0.134633144,nan,nan,0.219056429,0,0,0
189.200000000,post,1,2,0.016000000,-0.226000000,-0.200000000,-1.886030724,0.132878096,-0.021423207,-1.906930372,0.265413677,-0.006471600,1.949130774,1.925323284,0.023807490,nan,nan,nan,nan,nan,nan,nan,nan,0.226718629,nan,nan,0.219056429,0,0,0
189.200000000,post,1,3,0.016000000,-0.226000000,-0.100000000,-1.991412718,-1.768639251,-0.002828492,-2.135871655,-1.629675498,0.008874333,2.657200336,2.686609147,-0.029408810,nan,nan,nan,nan,nan,nan,nan,nan,0.345951251,nan,nan,0.219056429,0,0,0
189.300000000,pre,1,0,-0.004000000,-0.326000000,-0.200000000,-0.141242356,-1.853691208,0.009216862,-0.293336740,-1.842939112,0.055539250,1.909808397,1.866964279,0.042844118,nan,nan,nan,nan,nan,nan,nan,nan,0.734247380,nan,nan,0.000000000,0,0,0
189.300000000,pre,1,2,-0.004000000,-0.326000000,-0.200000000,-1.873592046,0.148064284,-0.020861783,-1.953274215,0.273630359,-0.002209658,1.936884642,1.972348503,-0.035463861,nan,nan,nan,nan,nan,nan,nan,nan,0.503074180,nan,nan,0.000000000,0,0,0
189.300000000,pre,1,3,-0.004000000,-0.326000000,-0.100000000,-1.995659487,-1.737271727,-0.003997441,-2.236715828,-1.637260441,0.011194332,2.698426008,2.771938808,-0.073512800,nan,nan,nan,nan,nan,nan,nan,nan,2.161652707,nan,nan,0.000000000,0,0,0
189.300000000,post,1,0,-0.004000000,-0.326000000,-0.200000000,-0.141242356,-1.853691208,0.009216862,-0.234403922,-1.865601346,0.055539250,1.909808397,1.881089629,0.028718769,nan,nan,nan,nan,nan,nan,nan,nan,0.329907069,nan,nan,0.063786461,0,0,0
189.300000000,post,1,2,-0.004000000,-0.326000000,-0.200000000,-1.873592046,0.148064284,-0.020861783,-1.894341398,0.250968124,-0.002209658,1.936884642,1.910894873,0.025989769,nan,nan,nan,nan,nan,nan,nan,nan,0.270187234,nan,nan,0.063786461,0,0,0
189.300000000,post,1,3,-0.004000000,-0.326000000,-0.100000000,-1.995659487,-1.737271727,-0.003997441,-2.177783010,-1.659922675,0.011194332,2.698426008,2.738285493,-0.039859485,nan,nan,nan,nan,nan,nan,nan,nan,0.635511414,nan,nan,0.063786461,0,0,0
189.400000000,pre,1,0,0.016000000,-0.126000000,-0.200000000,-0.157596399,-1.840311517,0.008436379,-0.274048060,-1.865819616,0.072052788,1.867557526,1.887214026,-0.019656501,nan,nan,nan,nan,nan,nan,nan,nan,0.154551209,nan,nan,0.000000000,0,0,0
189.400000000,pre,1,2,0.016000000,-0.126000000,-0.200000000,-1.861711013,0.162003570,-0.020563664,-1.859280613,0.217357697,0.013520934,1.876640558,1.871991341,0.004649217,nan,nan,nan,nan,nan,nan,nan,nan,0.008646089,nan,nan,0.000000000,0,0,0
189.400000000,pre,1,3,0.016000000,-0.126000000,-0.100000000,-1.998845250,-1.708628798,-0.004633565,-2.098046594,-1.669706980,0.018644090,2.707999468,2.681430311,0.026569156,nan,nan,nan,nan,nan,nan,nan,nan,0.282368030,nan,nan,0.000000000,0,0,0
189.400000000,post,1,0,0.016000000,-0.126000000,-0.200000000,-0.157596399,-1.840311517,0.008436379,-0.290170578,-1.857446055,0.072052788,1.867557526,1.881354941,-0.013797416,nan,nan,nan,nan,nan,nan,nan,nan,0.076147474,nan,nan,0.005280833,0,0,0
189.400000000,post,1,2,0.016000000,-0.126000000,-0.200000000,-1.861711013,0.162003570,-0.020563664,-1.875403130,0.225731257,0.013520934,1.876640558,1.888987643,-0.012347085,nan,nan,nan,nan,nan,nan,nan,nan,0.060980203,nan,nan,0.005280833,0,0,0
189.400000000,post,1,3,0.016000000,-0.126000000,-0.100000000,-1.998845250,-1.708628798,-0.004633565,-2.114169112,-1.661333420,0.018644090,2.707999468,2.688882178,0.019117290,nan,nan,nan,nan,nan,nan,nan,nan,0.146188307,nan,nan,0.005280833,0,0,0
189.500000000,pre,1,0,-0.004000000,-0.226000000,-0.200000000,-0.185948790,-1.816389863,0.007497066,-0.231014841,-1.804166064,0.070121616,1.806555390,1.820247259,-0.013691869,nan,nan,nan,nan,nan,nan,nan,nan,0.074986912,nan,nan,0.000000000,0,0,0
189.500000000,pre,1,2,-0.004000000,-0.226000000,-0.200000000,-1.840030582,0.186725336,-0.020387610,-1.928538278,0.260557293,0.017007968,1.897942781,1.946134441,-0.048191660,nan,nan,nan,nan,nan,nan,nan,nan,0.928974438,nan,nan,0.000000000,0,0,0
189.500000000,pre,1,3,-0.004000000,-0.226000000,-0.100000000,-2.003697539,-1.657865879,-0.005424210,-2.136468329,-1.632933532,0.010766406,2.629848003,2.689067637,-0.059219634,nan,nan,nan,nan,nan,nan,nan,nan,1.402786004,nan,nan,0.000000000,0,0,0
189.500000000,post,1,0,-0.004000000,-0.226000000,-0.200000000,-0.185948790,-1.816389863,0.007497066,-0.176603190,-1.791332478,0.070121616,1.806555390,1.801382184,0.005173206,nan,nan,nan,nan,nan,nan,nan,nan,0.010704826,nan,nan,0.050005260,0,0,0
189.500000000,post,1,2,-0.004000000,-0.226000000,-0.200000000,-1.840030582,0.186725336,-0.020387610,-1.874126627,0.273390880,0.017007968,1.897942781,1.894038663,0.003904118,nan,nan,nan,nan,nan,nan,nan,nan,0.006096855,nan,nan,0.050005260,0,0,0
189.500000000,post,1,3,-0.004000000,-0.226000000,-0.100000000,-2.003697539,-1.657865879,-0.005424210,-2.082056678,-1.620099945,0.010766406,2.629848003,2.638143241,-0.008295237,nan,nan,nan,nan,nan,nan,nan,nan,0.027524384,nan,nan,0.050005260,0,0,0
189.600000000,pre,1,0,0.016000000,-0.126000000,-0.200000000,-0.218502440,-1.788252439,0.006858801,-0.197659701,-1.753182698,0.076438815,1.831372976,1.765945022,0.065427954,nan,nan,nan,nan,nan,nan,nan,nan,1.712326879,nan,nan,0.000000000,0,0,0
189.600000000,pre,1,2,0.016000000,-0.126000000,-0.200000000,-1.814055150,0.215618645,-0.020524337,-1.803651517,0.243507088,0.005378738,1.861754656,1.820022920,0.041731736,nan,nan,nan,nan,nan,nan,nan,nan,0.696615113,nan,nan,0.000000000,0,0,0
189.600000000,pre,1,3,0.016000000,-0.126000000,-0.100000000,-2.008614632,-1.598522053,-0.006162552,-2.058099054,-1.541283765,0.032506973,2.604045630,2.571455631,0.032589998,nan,nan,nan,nan,nan,nan,nan,nan,0.424843200,nan,nan,0.000000000,0,0,0
189.600000000,post,1,0,0.016000000,-0.126000000,-0.200000000,-0.218502440,-1.788252439,0.006858801,-0.229499366,-1.799133308,0.076438815,1.831372976,1.815321875,0.016051101,nan,nan,nan,nan,nan,nan,nan,nan,0.103055135,nan,nan,0.050003565,0,0,0
189.600000000,post,1,2,0.016000000,-0.126000000,-0.200000000,-1.814055150,0.215618645,-0.020524337,-1.835491182,0.197556478,0.005378738,1.861754656,1.846100044,0.015654612,nan,nan,nan,nan,nan,nan,nan,nan,0.098026753,nan,nan,0.050003565,0,0,0
189.600000000,post,1,3,0.016000000,-0.126000000,-0.100000000,-2.008614632,-1.598522053,-0.006162552,-2.089938719,-1.587234375,0.032506973,2.604045630,2.624540629,-0.020494999,nan,nan,nan,nan,nan,nan,nan,nan,0.168017997,nan,nan,0.050003565,0,0,0
189.700000000,pre,1,0,-0.004000000,-0.226000000,-0.200000000,-0.242996577,-1.766768453,0.006449313,-0.246765686,-1.847868909,0.058764821,1.816699982,1.865198679,-0.048498698,nan,nan,nan,nan,nan,nan,nan,nan,0.940849467,nan,nan,0.000000000,0,0,0
189.700000000,pre,1,2,-0.004000000,-0.226000000,-0.200000000,-1.793980582,0.237614942,-0.020754467,-1.874989017,0.220208291,-0.026467008,1.805956602,1.888061442,-0.082104840,nan,nan,nan,nan,nan,nan,nan,nan,2.696481869,nan,nan,0.000000000,0,0,0
189.700000000,pre,1,3,-0.004000000,-0.226000000,-0.100000000,-2.011990633,-1.553365003,-0.006768323,-2.070750541,-1.578134334,0.019202997,2.585481167,2.603629109,-0.018147942,nan,nan,nan,nan,nan,nan,nan,nan,0.131739117,nan,nan,0.000000000,0,0,0
189.700000000,post,1,0,-0.004000000,-0.226000000,-0.200000000,-0.242996577,-1.766768453,0.006449313,-0.190484926,-1.832317030,0.058764821,1.816699982,1.843128729,-0.026428747,nan,nan,nan,nan,nan,nan,nan,nan,0.279391464,nan,nan,0.054550158,0,0,0
189.700000000,post,1,2,-0.004000000,-0.226000000,-0.200000000,-1.793980582,0.237614942,-0.020754467,-1.818708257,0.235760170,-0.026467008,1.805956602,1.834116431,-0.028159829,nan,nan,nan,nan,nan,nan,nan,nan,0.317190394,nan,nan,0.054550158,0,0,0
189.700000000,post,1,3,-0.004000000,-0.226000000,-0.100000000,-2.011990633,-1.553365003,-0.006768323,-2.014469781,-1.562582455,0.019202997,2.585481167,2.549533523,0.035947644,nan,nan,nan,nan,nan,nan,nan,nan,0.516893248,nan,nan,0.054550158,0,0,0
189.800000000,pre,1,0,0.016000000,-0.026000000,-0.200000000,-0.285250208,-1.729250024,0.005690079,-0.230690262,-1.716144946,0.062420446,1.753141761,1.732705337,0.020436423,nan,nan,nan,nan,nan,nan,nan,nan,0.167058961,nan,nan,0.000000000,0,0,0
189.800000000,pre,1,2,0.016000000,-0.026000000,-0.200000000,-1.758572614,0.275938153,-0.021119485,-1.771025768,0.293159388,-0.041647394,1.821571708,1.795608310,0.025963397,nan,nan,nan,nan,nan,nan,nan,nan,0.269639203,nan,nan,0.000000000,0,0,0
189.800000000,pre,1,3,0.016000000,-0.026000000,-0.100000000,-2.017316458,-1.474747422,-0.007864486,-2.039505052,-1.488232224,0.026169339,2.545862436,2.524896205,0.020966232,nan,nan,nan,nan,nan,nan,nan,nan,0.175833147,nan,nan,0.000000000,0,0,0
189.800000000,post,1,0,0.016000000,-0.026000000,-0.200000000,-0.285250208,-1.729250024,0.005690079,-0.254179606,-1.728891114,0.062420446,1.753141761,1.748590309,0.004551452,nan,nan,nan,nan,nan,nan,nan,nan,0.008286284,nan,nan,0.011427425,0,0,0
189.800000000,post,1,2,0.016000000,-0.026000000,-0.200000000,-1.758572614,0.275938153,-0.021119485,-1.794515112,0.280413220,-0.041647394,1.821571708,1.816769266,0.004802441,nan,nan,nan,nan,nan,nan,nan,nan,0.009225377,nan,nan,0.011427425,0,0,0
189.800000000,post,1,3,0.016000000,-0.026000000,-0.100000000,-2.017316458,-1.474747422,-0.007864486,-2.062994396,-1.500978392,0.026169339,2.545862436,2.551385280,-0.005522844,nan,nan,nan,nan,nan,nan,nan,nan,0.012200720,nan,nan,0.011427425,0,0,0
189.900000000,pre,1,0,-0.004000000,-0.126000000,-0.200000000,-0.314862058,-1.702681234,0.005230950,-0.294106217,-1.693309504,0.070040163,1.751280427,1.720087547,0.031192880,nan,nan,nan,nan,nan,nan,nan,nan,0.389198316,nan,nan,0.000000000,0,0,0
189.900000000,pre,1,2,-0.004000000,-0.126000000,-0.200000000,-1.733327417,0.303017231,-0.021249392,-1.854442496,0.280818439,-0.047541489,1.820906281,1.876186600,-0.055280319,nan,nan,nan,nan,nan,nan,nan,nan,1.222365459,nan,nan,0.000000000,0,0,0
189.900000000,pre,1,3,-0.004000000,-0.126000000,-0.100000000,-2.020759566,-1.419257788,-0.008586850,-2.063824238,-1.405543142,0.020973112,2.546039104,2.497070660,0.048968444,nan,nan,nan,nan,nan,nan,nan,nan,0.959163408,nan,nan,0.000000000,0,0,0
189.900000000,post,1,0,-0.004000000,-0.126000000,-0.200000000,-0.314862058,-1.702681234,0.005230950,-0.272154062,-1.750062509,0.070040163,1.751280427,1.772481944,-0.021201518,nan,nan,nan,nan,nan,nan,nan,nan,0.179801738,nan,nan,0.059244812,0,0,0
189.900000000,post,1,2,-0.004000000,-0.126000000,-0.200000000,-1.733327417,0.303017231,-0.021249392,-1.832490340,0.224065434,-0.047541489,1.820906281,1.846750216,-0.025843934,nan,nan,nan,nan,nan,nan,nan,nan,0.267163572,nan,nan,0.059244812,0,0,0
189.900000000,post,1,3,-0.004000000,-0.126000000,-0.100000000,-2.020759566,-1.419257788,-0.008586850,-2.041872083,-1.462296147,0.020973112,2.546039104,2.511571519,0.034467585,nan,nan,nan,nan,nan,nan,nan,nan,0.475205773,nan,nan,0.059244812,0,0,0
190.000000000,pre,1,0,0.016000000,-0.226000000,-0.200000000,-0.360840927,-1.661081459,0.004793942,-0.384397554,-1.665965934,0.074929385,1.671283722,1.711379089,-0.040095367,nan,nan,nan,nan,nan,nan,nan,nan,0.643055372,nan,nan,0.000000000,0,0,0
190.000000000,pre,1,2,0.016000000,-0.226000000,-0.200000000,-1.693627956,0.345376062,-0.021336143,-1.764873921,0.312005024,-0.019494598,1.733947396,1.792346822,-0.058399426,nan,nan,nan,nan,nan,nan,nan,nan,1.364197179,nan,nan,0.000000000,0,0,0
190.000000000,pre,1,3,0.016000000,-0.226000000,-0.100000000,-2.025726709,-1.332650218,-0.009580352,-2.009995372,-1.418777032,0.024279051,2.449815035,2.460406295,-0.010591260,nan,nan,nan,nan,nan,nan,nan,nan,0.044869915,nan,nan,0.000000000,0,0,0
190.000000000,post,1,0,0.016000000,-0.226000000,-0.200000000,-0.360840927,-1.661081459,0.004793942,-0.344160177,-1.655395753,0.074929385,1.671283722,1.692452581,-0.021168859,nan,nan,nan,nan,nan,nan,nan,nan,0.179248232,nan,nan,0.027692404,0,0,0
190.000000000,post,1,2,0.016000000,-0.226000000,-0.200000000,-1.693627956,0.345376062,-0.021336143,-1.724636544,0.322575206,-0.019494598,1.733947396,1.754652675,-0.020705279,nan,nan,nan,nan,nan,nan,nan,nan,0.171483429,nan,nan,0.027692404,0,0,0
190.000000000,post,1,3,0.016000000,-0.226000000,-0.100000000,-2.025726709,-1.332650218,-0.009580352,-1.969757995,-1.408206851,0.024279051,2.449815035,2.421483547,0.028331488,nan,nan,nan,nan,nan,nan,nan,nan,0.321069291,nan,nan,0.027692404,0,0,0
190.100000000,pre,1,0,-0.004000000,-0.126000000,-0.200000000,-0.408680341,-1.617380203,0.004760433,-0.375417129,-1.573632015,0.078997188,1.647235632,1.619721055,0.027514577,nan,nan,nan,nan,nan,nan,nan,nan,0.302820782,nan,nan,0.000000000,0,0,0
190.100000000,pre,1,2,-0.004000000,-0.126000000,-0.200000000,-1.651727088,0.389915916,-0.021421300,-1.729845252,0.384040843,-0.017001376,1.684775114,1.772044303,-0.087269189,nan,nan,nan,nan,nan,nan,nan,nan,3.046364557,nan,nan,0.000000000,0,0,0
190.100000000,pre,1,3,-0.004000000,-0.126000000,-0.100000000,-2.030388245,-1.242002649,-0.010602367,-2.035153299,-1.268277537,0.015255158,2.386458635,2.398042865,-0.011584229,nan,nan,nan,nan,nan,nan,nan,nan,0.053677749,nan,nan,0.000000000,0,0,0
190.100000000,post,1,0,-0.004000000,-0.126000000,-0.200000000,-0.408680341,-1.617380203,0.004760433,-0.310824582,-1.624909080,0.078997188,1.647235632,1.656255413,-0.009019781,nan,nan,nan,nan,nan,nan,nan,nan,0.032542580,nan,nan,0.108824552,0,0,0
190.100000000,post,1,2,-0.004000000,-0.126000000,-0.200000000,-1.651727088,0.389915916,-0.021421300,-1.665252705,0.332763779,-0.017001376,1.684775114,1.698260095,-0.013484981,nan,nan,nan,nan,nan,nan,nan,nan,0.072737885,nan,nan,0.108824552,0,0,0
190.100000000,post,1,3,-0.004000000,-0.126000000,-0.100000000,-2.030388245,-1.242002649,-0.010602367,-1.970560752,-1.319554602,0.015255158,2.386458635,2.371616905,0.014841731,nan,nan,nan,nan,nan,nan,nan,nan,0.088110788,nan,nan,0.108824552,0,0,0
190.200000000,pre,1,0,0.016000000,-0.226000000,-0.200000000,-0.443292618,-1.585512377,0.004999712,-0.400152631,-1.608606531,0.061179065,1.650586367,1.658758565,-0.008172199,nan,nan,nan,nan,nan,nan,nan,nan,0.026713932,nan,nan,0.000000000,0,0,0
190.200000000,pre,1,2,0.016000000,-0.226000000,-0.200000000,-1.621037668,0.422470592,-0.021496909,-1.607599497,0.408717918,-0.027554748,1.632863998,1.658971291,-0.026107292,nan,nan,nan,nan,nan,nan,nan,nan,0.272636286,nan,nan,0.000000000,0,0,0
190.200000000,pre,1,3,0.016000000,-0.226000000,-0.100000000,-2.033433720,-1.176065685,-0.011360577,-2.026237036,-1.257573050,0.008360118,2.377140522,2.384784349,-0.007643827,nan,nan,nan,nan,nan,nan,nan,nan,0.023371239,nan,nan,0.000000000,0,0,0
190.200000000,post,1,0,0.016000000,-0.226000000,-0.200000000,-0.443292618,-1.585512377,0.004999712,-0.380351085,-1.610994353,0.061179065,1.650586367,1.656415598,-0.005829231,nan,nan,nan,nan,nan,nan,nan,nan,0.013591975,nan,nan,0.006364846,0,0,0
190.200000000,post,1,2,0.016000000,-0.226000000,-0.200000000,-1.621037668,0.422470592,-0.021496909,-1.587797952,0.406330096,-0.027554748,1.632863998,1.639196677,-0.006332679,nan,nan,nan,nan,nan,nan,nan,nan,0.016041127,nan,nan,0.006364846,0,0,0
190.200000000,post,1,3,0.016000000,-0.226000000,-0.100000000,-2.033433720,-1.176065685,-0.011360577,-2.006435490,-1.259960872,0.008360118,2.377140522,2.369251922,0.007888600,nan,nan,nan,nan,nan,nan,nan,nan,0.024892006,nan,nan,0.006364846,0,0,0
190.300000000,pre,1,0,-0.004000000,-0.126000000,-0.200000000,-0.496365704,-1.536272017,0.005760440,-0.433391654,-1.562173335,0.070020639,1.651170731,1.622688123,0.028482608,nan,nan,nan,nan,nan,nan,nan,nan,0.324503582,nan,nan,0.000000000,0,0,0
190.300000000,pre,1,2,-0.004000000,-0.126000000,-0.200000000,-1.573424075,0.472925953,-0.021536214,-1.556203554,0.432038639,-0.018143099,1.683329940,1.615164407,0.068165533,nan,nan,nan,nan,nan,nan,nan,nan,1.858615973,nan,nan,0.000000000,0,0,0
190.300000000,pre,1,3,-0.004000000,-0.126000000,-0.100000000,-2.037627784,-1.074365645,-0.012468110,-2.037792983,-1.210209724,0.008783248,2.384113789,2.370081215,0.014032574,nan,nan,nan,nan,nan,nan,nan,nan,0.078765254,nan,nan,0.000000000,0,0,0
190.300000000,post,1,0,-0.004000000,-0.126000000,-0.200000000,-0.496365704,-1.536272017,0.005760440,-0.482483111,-1.557760006,0.070020639,1.651170731,1.632271142,0.018899589,nan,nan,nan,nan,nan,nan,nan,nan,0.142877784,nan,nan,0.038871178,0,0,0
190.300000000,post,1,2,-0.004000000,-0.126000000,-0.200000000,-1.573424075,0.472925953,-0.021536214,-1.605295011,0.436451967,-0.018143099,1.683329940,1.663668105,0.019661834,nan,nan,nan,nan,nan,nan,nan,nan,0.154635094,nan,nan,0.038871178,0,0,0
190.300000000,post,1,3,-0.004000000,-0.126000000,-0.100000000,-2.037627784,-1.074365645,-0.012468110,-2.086884440,-1.205796396,0.008783248,2.384113789,2.410209277,-0.026095489,nan,nan,nan,nan,nan,nan,nan,nan,0.272389808,nan,nan,0.038871178,0,0,0
190.400000000,pre,1,0,0.016000000,-0.226000000,-0.200000000,-0.533850950,-1.501227901,0.006537128,-0.513472687,-1.485368687,0.062971125,1.608956695,1.572876251,0.036080444,nan,nan,nan,nan,nan,nan,nan,nan,0.520719373,nan,nan,0.000000000,0,0,0
190.400000000,pre,1,2,0.016000000,-0.226000000,-0.200000000,-1.539393225,0.508916272,-0.021464295,-1.640595266,0.452082324,-0.022354585,1.692280412,1.701890414,-0.009610002,nan,nan,nan,nan,nan,nan,nan,nan,0.036940856,nan,nan,0.000000000,0,0,0
190.400000000,pre,1,3,0.016000000,-0.226000000,-0.100000000,-2.040266480,-1.002105318,-0.013069350,-2.136846625,-1.051837535,0.004935488,2.304523945,2.381701085,-0.077177140,nan,nan,nan,nan,nan,nan,nan,nan,2.382524368,nan,nan,0.000000000,0,0,0
190.400000000,post,1,0,0.016000000,-0.226000000,-0.200000000,-0.533850950,-1.501227901,0.006537128,-0.473606559,-1.501698909,0.062971125,1.608956695,1.575870600,0.033086094,nan,nan,nan,nan,nan,nan,nan,nan,0.437875853,nan,nan,0.029695749,0,0,0
190.400000000,post,1,2,0.016000000,-0.226000000,-0.200000000,-1.539393225,0.508916272,-0.021464295,-1.600729138,0.435752102,-0.022354585,1.692280412,1.659130313,0.033150099,nan,nan,nan,nan,nan,nan,nan,nan,0.439571631,nan,nan,0.029695749,0,0,0
190.400000000,post,1,3,0.016000000,-0.226000000,-0.100000000,-2.040266480,-1.002105318,-0.013069350,-2.096980497,-1.068167757,0.004935488,2.304523945,2.353366508,-0.048842563,nan,nan,nan,nan,nan,nan,nan,nan,0.954238381,nan,nan,0.029695749,0,0,0
190.500000000,pre,1,0,-0.004000000,-0.326000000,-0.200000000,-0.587192888,-1.450935147,0.007843652,-0.582310940,-1.476590333,0.070497533,1.590232849,1.588828167,0.001404683,nan,nan,nan,nan,nan,nan,nan,nan,0.000789253,nan,nan,0.000000000,0,0,0
190.500000000,pre,1,2,-0.004000000,-0.326000000,-0.200000000,-1.490309716,0.560580928,-0.021235676,-1.493308674,0.528770206,-0.017733870,1.624204636,1.584261094,0.039943541,nan,nan,nan,nan,nan,nan,nan,nan,0.638194594,nan,nan,0.000000000,0,0,0
190.500000000,pre,1,3,-0.004000000,-0.326000000,-0.100000000,-2.043538891,-0.898637400,-0.013524213,-2.032842791,-1.025588060,0.010172679,2.245213747,2.276924277,-0.031710530,nan,nan,nan,nan,nan,nan,nan,nan,0.402223092,nan,nan,0.000000000,0,0,0
190.500000000,post,1,0,-0.004000000,-0.326000000,-0.200000000,-0.587192888,-1.450935147,0.007843652,-0.593326676,-1.450980658,0.070497533,1.590232849,1.569188107,0.021044742,nan,nan,nan,nan,nan,nan,nan,nan,0.177152467,nan,nan,0.012435230,0,0,0
190.500000000,post,1,2,-0.004000000,-0.326000000,-0.200000000,-1.490309716,0.560580928,-0.021235676,-1.504324410,0.554379881,-0.017733870,1.624204636,1.603322635,0.020882001,nan,nan,nan,nan,nan,nan,nan,nan,0.174423180,nan,nan,0.012435230,0,0,0
190.500000000,post,1,3,-0.004000000,-0.326000000,-0.100000000,-2.043538891,-0.898637400,-0.013524213,-2.043858527,-0.999978385,0.010172679,2.245213747,2.275394017,-0.030180270,nan,nan,nan,nan,nan,nan,nan,nan,0.364339477,nan,nan,0.012435230,0,0,0
190.600000000,pre,1,0,0.016000000,-0.126000000,-0.200000000,-0.640223856,-1.400370051,0.009231114,-0.657911043,-1.385757369,0.069931290,1.529781461,1.535597868,-0.005816407,nan,nan,nan,nan,nan,nan,nan,nan,0.013532237,nan,nan,0.000000000,0,0,0
190.600000000,pre,1,2,0.016000000,-0.126000000,-0.200000000,-1.440631618,0.612448952,-0.020955104,-1.473693770,0.571104335,-0.024446604,1.593543172,1.580674263,0.012868909,nan,nan,nan,nan,nan,nan,nan,nan,0.066243525,nan,nan,0.000000000,0,0,0
190.600000000,pre,1,3,0.016000000,-0.126000000,-0.100000000,-2.046193834,-0.794994973,-0.013718774,-2.069400363,-0.769499100,-0.001582605,2.213266850,2.207838135,0.005428714,nan,nan,nan,nan,nan,nan,nan,nan,0.011788376,nan,nan,0.000000000,0,0,0
190.600000000,post,1,0,0.016000000,-0.126000000,-0.200000000,-0.640223856,-1.400370051,0.009231114,-0.667277227,-1.375280077,0.069931290,1.529781461,1.530210630,-0.000429170,nan,nan,nan,nan,nan,nan,nan,nan,0.000073675,nan,nan,0.003159985,0,0,0
190.600000000,post,1,2,0.016000000,-0.126000000,-0.200000000,-1.440631618,0.612448952,-0.020955104,-1.483059955,0.581581627,-0.024446604,1.593543172,1.593204838,0.000338334,nan,nan,nan,nan,nan,nan,nan,nan,0.000045788,nan,nan,0.003159985,0,0,0
190.600000000,post,1,3,0.016000000,-0.126000000,-0.100000000,-2.046193834,-0.794994973,-0.013718774,-2.078766548,-0.759021807,-0.001582605,2.213266850,2.213004060,0.000262790,nan,nan,nan,nan,nan,nan,nan,nan,0.000027623,nan,nan,0.003159985,0,0,0
190.700000000,pre,1,0,-0.004000000,-0.226000000,-0.200000000,-0.678058406,-1.363934360,0.010078629,-0.746429485,-1.325337761,0.046440662,1.490218759,1.521786414,-0.031567656,nan,nan,nan,nan,nan,nan,nan,nan,0.398606760,nan,nan,0.000000000,0,0,0
190.700000000,pre,1,2,-0.004000000,-0.226000000,-0.200000000,-1.404622265,0.649760140,-0.020830543,-1.439577994,0.743373007,-0.063957903,1.579949975,1.621443444,-0.041493469,nan,nan,nan,nan,nan,nan,nan,nan,0.688683176,nan,nan,0.000000000,0,0,0
190.700000000,pre,1,3,-0.004000000,-0.226000000,-0.100000000,-2.047700637,-0.720581841,-0.013844821,-2.029045280,-0.727077175,-0.015330548,2.191951752,2.155435222,0.036516530,nan,nan,nan,nan,nan,nan,nan,nan,0.533382790,nan,nan,0.000000000,0,0,0
190.700000000,post,1,0,-0.004000000,-0.226000000,-0.200000000,-0.678058406,-1.363934360,0.010078629,-0.736178862,-1.331843574,0.046440662,1.490218759,1.522472777,-0.032254019,nan,nan,nan,nan,nan,nan,nan,nan,0.416128691,nan,nan,0.002358414,0,0,0
190.700000000,post,1,2,-0.004000000,-0.226000000,-0.200000000,-1.404622265,0.649760140,-0.020830543,-1.429327371,0.736867194,-0.063957903,1.579949975,1.609360310,-0.029410335,nan,nan,nan,nan,nan,nan,nan,nan,0.345987121,nan,nan,0.002358414,0,0,0
190.700000000,post,1,3,-0.004000000,-0.226000000,-0.100000000,-2.047700637,-0.720581841,-0.013844821,-2.018794657,-0.733582989,-0.015330548,2.191951752,2.148001605,0.043950147,nan,nan,nan,nan,nan,nan,nan,nan,0.772646154,nan,nan,0.002358414,0,0,0
190.800000000,pre,1,0,0.016000000,-0.126000000,-0.200000000,-0.732567885,-1.310906955,0.011076358,-0.734509098,-1.223787105,0.055481159,1.556223512,1.428368528,0.127854984,nan,nan,nan,nan,nan,nan,nan,nan,6.538758751,nan,nan,0.000000000,0,0,0
190.800000000,pre,1,2,0.016000000,-0.126000000,-0.200000000,-1.351937750,0.703962896,-0.020752905,-1.408020595,0.724630065,-0.054647490,1.568325400,1.584486376,-0.016160976,nan,nan,nan,nan,nan,nan,nan,nan,0.104470853,nan,nan,0.000000000,0,0,0
190.800000000,pre,1,3,0.016000000,-0.126000000,-0.100000000,-2.049292000,-0.612725300,-0.014019269,-2.020640441,-0.673370635,-0.008551977,2.144492626,2.129903505,0.014589121,nan,nan,nan,nan,nan,nan,nan,nan,0.085136977,nan,nan,0.000000000,0,0,0
190.800000000,post,1,0,0.016000000,-0.126000000,-0.200000000,-0.732567885,-1.310906955,0.011076358,-0.746377613,-1.332703465,0.055481159,1.556223512,1.528481673,0.027741838,nan,nan,nan,nan,nan,nan,nan,nan,0.307843836,nan,nan,0.192058164,0,0,0
190.800000000,post,1,2,0.016000000,-0.126000000,-0.200000000,-1.351937750,0.703962896,-0.020752905,-1.419889110,0.615713705,-0.054647490,1.568325400,1.548604145,0.019721255,nan,nan,nan,nan,nan,nan,nan,nan,0.155571160,nan,nan,0.192058164,0,0,0
190.800000000,post,1,3,0.016000000,-0.126000000,-0.100000000,-2.049292000,-0.612725300,-0.014019269,-2.032508956,-0.782286996,-0.008551977,2.144492626,2.177874821,-0.033382195,nan,nan,nan,nan,nan,nan,nan,nan,0.445748384,nan,nan,0.192058164,0,0,0
190.900000000,pre,1,0,-0.004000000,-0.226000000,-0.200000000,-0.788136495,-1.256258909,0.012191491,-0.765393850,-1.360204218,0.034163438,1.549707770,1.561137535,-0.011429764,nan,nan,nan,nan,nan,nan,nan,nan,0.052255804,nan,nan,0.000000000,0,0,0
190.900000000,pre,1,2,-0.004000000,-0.226000000,-0.200000000,-1.297409569,0.759726483,-0.020685201,-1.343665370,0.664518835,-0.068135177,1.525851130,1.500554668,0.025296463,nan,nan,nan,nan,nan,nan,nan,nan,0.255964413,nan,nan,0.000000000,0,0,0
190.900000000,pre,1,3,-0.004000000,-0.226000000,-0.100000000,-2.050303392,-0.502066174,-0.013966762,-2.063852498,-0.662741902,-0.027141141,2.098929167,2.167821627,-0.068892460,nan,nan,nan,nan,nan,nan,nan,nan,1.898468409,nan,nan,0.000000000,0,0,0
190.900000000,post,1,0,-0.004000000,-0.226000000,-0.200000000,-0.788136495,-1.256258909,0.012191491,-0.745786255,-1.327218209,0.034163438,1.549707770,1.522784441,0.026923329,nan,nan,nan,nan,nan,nan,nan,nan,0.289946266,nan,nan,0.023560553,0,0,0
190.900000000,post,1,2,-0.004000000,-0.226000000,-0.200000000,-1.297409569,0.759726483,-0.020685201,-1.324057775,0.697504845,-0.068135177,1.525851130,1.498093590,0.027757541,nan,nan,nan,nan,nan,nan,nan,nan,0.308192429,nan,nan,0.023560553,0,0,0
190.900000000,post,1,3,-0.004000000,-0.226000000,-0.100000000,-2.050303392,-0.502066174,-0.013966762,-2.044244904,-0.629755893,-0.027141141,2.098929167,2.139220969,-0.040291802,nan,nan,nan,nan,nan,nan,nan,nan,0.649371722,nan,nan,0.023560553,0,0,0
191.000000000,pre,1,0,0.016000000,-0.126000000,-0.200000000,-0.826134536,-1.218636354,0.013033635,-0.750925857,-1.209110861,0.014341248,1.498555899,1.423391860,0.075164039,nan,nan,nan,nan,nan,nan,nan,nan,2.259853074,nan,nan,0.000000000,0,0,0
191.000000000,pre,1,2,0.016000000,-0.126000000,-0.200000000,-1.259753709,0.798103582,-0.020712217,-1.240930901,0.770939975,-0.090893746,1.519508123,1.463734818,0.055773305,nan,nan,nan,nan,nan,nan,nan,nan,1.244264633,nan,nan,0.000000000,0,0,0
191.000000000,pre,1,3,0.016000000,-0.126000000,-0.100000000,-2.050707892,-0.426084915,-0.013678537,-2.035443175,-0.559991490,-0.040919393,2.087991714,2.111467211,-0.023475497,nan,nan,nan,nan,nan,nan,nan,nan,0.220439575,nan,nan,0.000000000,0,0,0
191.000000000,post,1,0,0.016000000,-0.126000000,-0.200000000,-0.826134536,-1.218636354,0.013033635,-0.781469922,-1.227774674,0.014341248,1.498555899,1.455448921,0.043106978,nan,nan,nan,nan,nan,nan,nan,nan,0.743284614,nan,nan,0.020500445,0,0,0
191.000000000,post,1,2,0.016000000,-0.126000000,-0.200000000,-1.259753709,0.798103582,-0.020712217,-1.271474965,0.752276161,-0.090893746,1.519508123,1.480145156,0.039362967,nan,nan,nan,nan,nan,nan,nan,nan,0.619777280,nan,nan,0.020500445,0,0,0
191.000000000,post,1,3,0.016000000,-0.126000000,-0.100000000,-2.050707892,-0.426084915,-0.013678537,-2.065987240,-0.578655303,-0.040919393,2.087991714,2.145884347,-0.057892633,nan,nan,nan,nan,nan,nan,nan,nan,1.340622763,nan,nan,0.020500445,0,0,0
191.100000000,pre,1,0,-0.004000000,-0.226000000,-0.200000000,-0.879566769,-1.165524510,0.014199716,-0.793141372,-1.182866632,0.020430529,1.504540324,1.424311803,0.080228521,nan,nan,nan,nan,nan,nan,nan,nan,2.574646250,nan,nan,0.000000000,0,0,0
191.100000000,pre,1,2,-0.004000000,-0.226000000,-0.200000000,-1.206351877,0.852315558,-0.021140181,-1.259120706,0.786442194,-0.080728198,1.504701376,1.486739156,0.017962220,nan,nan,nan,nan,nan,nan,nan,nan,0.129056534,nan,nan,0.000000000,0,0,0
191.100000000,pre,1,3,-0.004000000,-0.226000000,-0.100000000,-2.050913569,-0.318933297,-0.013128356,-2.053309893,-0.382985197,-0.036591756,2.126713514,2.089042396,0.037671118,nan,nan,nan,nan,nan,nan,nan,nan,0.567645250,nan,nan,0.000000000,0,0,0
191.100000000,post,1,0,-0.004000000,-0.226000000,-0.200000000,-0.879566769,-1.165524510,0.014199716,-0.834864708,-1.237238177,0.020430529,1.504540324,1.492707203,0.011833121,nan,nan,nan,nan,nan,nan,nan,nan,0.056009104,nan,nan,0.075153626,0,0,0
191.100000000,post,1,2,-0.004000000,-0.226000000,-0.200000000,-1.206351877,0.852315558,-0.021140181,-1.300844042,0.732070649,-0.080728198,1.504701376,1.494871131,0.009830245,nan,nan,nan,nan,nan,nan,nan,nan,0.038653487,nan,nan,0.075153626,0,0,0
191.100000000,post,1,3,-0.004000000,-0.226000000,-0.100000000,-2.050913569,-0.318933297,-0.013128356,-2.095033229,-0.437356742,-0.036591756,2.126713514,2.140510244,-0.013796730,nan,nan,nan,nan,nan,nan,nan,nan,0.076139901,nan,nan,0.075153626,0,0,0
191.200000000,pre,1,0,0.016000000,-0.326000000,-0.200000000,-0.934606633,-1.110682390,0.015225742,-0.968989403,-1.173708526,-0.003836407,1.475430012,1.522020659,-0.046590647,nan,nan,nan,nan,nan,nan,nan,nan,0.868275357,nan,nan,0.000000000,0,0,0
191.200000000,pre,1,2,0.016000000,-0.326000000,-0.200000000,-1.150808865,0.908333467,-0.022234870,-1.246759225,0.787730456,-0.075430779,1.526471138,1.476691450,0.049779688,nan,nan,nan,nan,nan,nan,nan,nan,0.991206922,nan,nan,0.000000000,0,0,0
191.200000000,pre,1,3,0.016000000,-0.326000000,-0.100000000,-2.050688805,-0.208260955,-0.012665305,-2.074533003,-0.404123390,-0.037895622,2.079594374,2.113868249,-0.034273875,nan,nan,nan,nan,nan,nan,nan,nan,0.469879406,nan,nan,0.000000000,0,0,0
191.200000000,post,1,0,0.016000000,-0.326000000,-0.200000000,-0.934606633,-1.110682390,0.015225742,-0.965330438,-1.102272923,-0.003836407,1.475430012,1.465224614,0.010205398,nan,nan,nan,nan,nan,nan,nan,nan,0.041660060,nan,nan,0.081862935,0,0,0
191.200000000,post,1,2,0.016000000,-0.326000000,-0.200000000,-1.150808865,0.908333467,-0.022234870,-1.243100260,0.859166059,-0.075430779,1.526471138,1.512995167,0.013475971,nan,nan,nan,nan,nan,nan,nan,nan,0.072640716,nan,nan,0.081862935,0,0,0
191.200000000,post,1,3,0.016000000,-0.326000000,-0.100000000,-2.050688805,-0.208260955,-0.012665305,-2.070874038,-0.332687787,-0.037895622,2.079594374,2.097769416,-0.018175042,nan,nan,nan,nan,nan,nan,nan,nan,0.132132860,nan,nan,0.081862935,0,0,0
191.300000000,pre,1,0,-0.004000000,-0.226000000,-0.200000000,-0.971998554,-1.073384413,0.015921732,-0.913214878,-1.087943171,-0.007448278,1.451122642,1.420435579,0.030687063,nan,nan,nan,nan,nan,nan,nan,nan,0.376678331,nan,nan,0.000000000,0,0,0
191.300000000,pre,1,2,-0.004000000,-0.226000000,-0.200000000,-1.112799029,0.946427236,-0.023265617,-1.198488929,0.936294209,-0.076191646,1.561069012,1.522769755,0.038299257,nan,nan,nan,nan,nan,nan,nan,nan,0.586733233,nan,nan,0.000000000,0,0,0
191.300000000,pre,1,3,-0.004000000,-0.226000000,-0.100000000,-2.050278706,-0.132925406,-0.012370256,-2.086634515,-0.288851719,-0.036256904,1.982521653,2.106844436,-0.124322783,nan,nan,nan,nan,nan,nan,nan,nan,6.182461743,nan,nan,0.000000000,0,0,0
191.300000000,post,1,0,-0.004000000,-0.226000000,-0.200000000,-0.971998554,-1.073384413,0.015921732,-0.877462890,-1.076267910,-0.007448278,1.451122642,1.388650141,0.062472501,nan,nan,nan,nan,nan,nan,nan,nan,1.561125346,nan,nan,0.022632262,0,0,0
191.300000000,post,1,2,-0.004000000,-0.226000000,-0.200000000,-1.112799029,0.946427236,-0.023265617,-1.162736941,0.947969469,-0.076191646,1.561069012,1.502134640,0.058934372,nan,nan,nan,nan,nan,nan,nan,nan,1.389304089,nan,nan,0.022632262,0,0,0
191.300000000,post,1,3,-0.004000000,-0.226000000,-0.100000000,-2.050278706,-0.132925406,-0.012370256,-2.050882526,-0.277176458,-0.036256904,1.982521653,2.069845523,-0.087323870,nan,nan,nan,nan,nan,nan,nan,nan,3.050183298,nan,nan,0.022632262,0,0,0
191.400000000,pre,1,0,0.016000000,-0.326000000,-0.200000000,-1.006281201,-1.039169142,0.016633647,-0.920436836,-1.063291405,-0.018234841,1.429409027,1.406458350,0.022950677,nan,nan,nan,nan,nan,nan,nan,nan,0.210693433,nan,nan,0.000000000,0,0,0
191.400000000,pre,1,2,0.016000000,-0.326000000,-0.200000000,-1.077770882,0.981347375,-0.024347138,-1.181996266,0.906739633,-0.083019817,1.474647760,1.492040289,-0.017392529,nan,nan,nan,nan,nan,nan,nan,nan,0.121000026,nan,nan,0.000000000,0,0,0
191.400000000,pre,1,3,0.016000000,-0.326000000,-0.100000000,-2.049710062,-0.063772015,-0.012099404,-2.209916627,-0.169445206,-0.037832620,1.991396308,2.216726073,-0.225329765,nan,nan,nan,nan,nan,nan,nan,nan,20.309401207,nan,nan,0.000000000,0,0,0
191.400000000,post,1,0,0.016000000,-0.326000000,-0.200000000,-1.006281201,-1.039169142,0.016633647,-0.808163531,-1.081896421,-0.018234841,1.429409027,1.350540880,0.078868147,nan,nan,nan,nan,nan,nan,nan,nan,2.488073849,nan,nan,0.207223069,0,0,0
191.400000000,post,1,2,0.016000000,-0.326000000,-0.200000000,-1.077770882,0.981347375,-0.024347138,-1.069722961,0.888134616,-0.083019817,1.474647760,1.392832581,0.081815179,nan,nan,nan,nan,nan,nan,nan,nan,2.677489430,nan,nan,0.207223069,0,0,0
191.400000000,post,1,3,0.016000000,-0.326000000,-0.100000000,-2.049710062,-0.063772015,-0.012099404,-2.097643321,-0.188050223,-0.037832620,1.991396308,2.106395428,-0.114999120,nan,nan,nan,nan,nan,nan,nan,nan,5.289919001,nan,nan,0.207223069,0,0,0
191.500000000,pre,1,0,-0.004000000,-0.026000000,-0.200000000,-1.074917368,-0.970478455,0.018316126,-0.994645683,-1.029246903,-0.019179627,1.399002314,1.431445801,-0.032443487,nan,nan,nan,nan,nan,nan,nan,nan,0.421031946,nan,nan,0.000000000,0,0,0
191.500000000,pre,1,2,-0.004000000,-0.026000000,-0.200000000,-1.007043881,1.051291116,-0.026730919,-1.109850755,0.890775655,-0.089138632,1.433455467,1.425901702,0.007553765,nan,nan,nan,nan,nan,nan,nan,nan,0.022823749,nan,nan,0.000000000,0,0,0
191.500000000,pre,1,3,-0.004000000,-0.026000000,-0.100000000,-2.048011735,0.075002068,-0.011433432,-2.142266869,-0.195466927,-0.041286851,2.051104069,2.151562051,-0.100457983,nan,nan,nan,nan,nan,nan,nan,nan,4.036722516,nan,nan,0.000000000,0,0,0
191.500000000,post,1,0,-0.004000000,-0.026000000,-0.200000000,-1.074917368,-0.970478455,0.018316126,-0.940104496,-0.996872906,-0.019179627,1.399002314,1.370372180,0.028630133,nan,nan,nan,nan,nan,nan,nan,nan,0.327873810,nan,nan,0.064365068,0,0,0
191.500000000,post,1,2,-0.004000000,-0.026000000,-0.200000000,-1.007043881,1.051291116,-0.026730919,-1.055309568,0.923149652,-0.089138632,1.433455467,1.404930340,0.028525127,nan,nan,nan,nan,nan,nan,nan,nan,0.325473149,nan,nan,0.064365068,0,0,0
191.500000000,post,1,3,-0.004000000,-0.026000000,-0.100000000,-2.048011735,0.075002068,-0.011433432,-2.087725682,-0.163092930,-0.041286851,2.051104069,2.094493359,-0.043389290,nan,nan,nan,nan,nan,nan,nan,nan,0.753052198,nan,nan,0.064365068,0,0,0
191.600000000,pre,1,0,0.016000000,-0.126000000,-0.200000000,-1.111004502,-0.934181882,0.019267149,-0.961942810,-0.989848090,-0.020945101,1.448228598,1.380424539,0.067804059,nan,nan,nan,nan,nan,nan,nan,nan,1.838956159,nan,nan,0.000000000,0,0,0
191.600000000,pre,1,2,0.016000000,-0.126000000,-0.200000000,-0.969491026,1.088137406,-0.028063911,-1.093372524,0.967776755,-0.079903557,1.448733091,1.462340556,-0.013607464,nan,nan,nan,nan,nan,nan,nan,nan,0.074065236,nan,nan,0.000000000,0,0,0
191.600000000,pre,1,3,0.016000000,-0.126000000,-0.100000000,-2.046829599,0.148215014,-0.010906893,-2.220654318,-0.135291911,-0.037861028,2.055489779,2.225093922,-0.169604143,nan,nan,nan,nan,nan,nan,nan,nan,11.506226146,nan,nan,0.000000000,0,0,0
191.600000000,post,1,0,0.016000000,-0.126000000,-0.200000000,-1.111004502,-0.934181882,0.019267149,-0.893933257,-1.040200406,-0.020945101,1.448228598,1.371704140,0.076524457,nan,nan,nan,nan,nan,nan,nan,nan,2.342397023,nan,nan,0.114570481,0,0,0
191.600000000,post,1,2,0.016000000,-0.126000000,-0.200000000,-0.969491026,1.088137406,-0.028063911,-1.025362971,0.917424439,-0.079903557,1.448733091,1.378194979,0.070538112,nan,nan,nan,nan,nan,nan,nan,nan,1.990250103,nan,nan,0.114570481,0,0,0
191.600000000,post,1,3,0.016000000,-0.126000000,-0.100000000,-2.046829599,0.148215014,-0.010906893,-2.152644765,-0.185644227,-0.037861028,2.055489779,2.160966617,-0.105476839,nan,nan,nan,nan,nan,nan,nan,nan,4.450145421,nan,nan,0.114570481,0,0,0
191.700000000,pre,1,0,-0.004000000,-0.226000000,-0.200000000,-1.162892748,-0.881643177,0.020617578,-1.042455582,-0.994760718,0.000059897,1.438329339,1.440924193,-0.002594854,nan,nan,nan,nan,nan,nan,nan,nan,0.002693307,nan,nan,0.000000000,0,0,0
191.700000000,pre,1,2,-0.004000000,-0.226000000,-0.200000000,-0.914950982,1.141347380,-0.030066457,-1.070853639,0.886576755,-0.069551472,1.442122340,1.391971001,0.050151340,nan,nan,nan,nan,nan,nan,nan,nan,1.006062742,nan,nan,0.000000000,0,0,0
191.700000000,pre,1,3,-0.004000000,-0.226000000,-0.100000000,-2.044771965,0.253987791,-0.009944690,-2.008686952,0.025422098,-0.033324158,2.051764250,2.009124200,0.042640050,nan,nan,nan,nan,nan,nan,nan,nan,0.727269530,nan,nan,0.000000000,0,0,0
191.700000000,post,1,0,-0.004000000,-0.226000000,-0.200000000,-1.162892748,-0.881643177,0.020617578,-1.078695136,-0.957038289,0.000059897,1.438329339,1.442049059,-0.003719720,nan,nan,nan,nan,nan,nan,nan,nan,0.005534525,nan,nan,0.043780590,0,0,0
191.700000000,post,1,2,-0.004000000,-0.226000000,-0.200000000,-0.914950982,1.141347380,-0.030066457,-1.107093193,0.924299184,-0.069551472,1.442122340,1.443891175,-0.001768835,nan,nan,nan,nan,nan,nan,nan,nan,0.001251511,nan,nan,0.043780590,0,0,0
191.700000000,post,1,3,-0.004000000,-0.226000000,-0.100000000,-2.044771965,0.253987791,-0.009944690,-2.044926505,0.063144526,-0.033324158,2.051764250,2.046172559,0.005591690,nan,nan,nan,nan,nan,nan,nan,nan,0.012506801,nan,nan,0.043780590,0,0,0
191.800000000,pre,1,0,0.016000000,-0.126000000,-0.200000000,-1.212819829,-0.830630752,0.021777978,-1.326449049,-0.836278381,0.018265144,1.417805672,1.568171618,-0.150365947,nan,nan,nan,nan,nan,nan,nan,nan,9.043967182,nan,nan,0.000000000,0,0,0
191.800000000,pre,1,2,0.016000000,-0.126000000,-0.200000000,-0.861788349,1.192907525,-0.032038784,-1.014738192,1.116239949,-0.055901551,1.425001383,1.509572856,-0.084571473,nan,nan,nan,nan,nan,nan,nan,nan,2.860933614,nan,nan,0.000000000,0,0,0
191.800000000,pre,1,3,0.016000000,-0.126000000,-0.100000000,-2.042405077,0.356463949,-0.008927763,-2.144979454,0.106138301,-0.019608669,2.060242414,2.147693343,-0.087450929,nan,nan,nan,nan,nan,nan,nan,nan,3.059065964,nan,nan,0.000000000,0,0,0
191.800000000,post,1,0,0.016000000,-0.126000000,-0.200000000,-1.212819829,-0.830630752,0.021777978,-1.201441667,-0.810272871,0.018265144,1.417805672,1.449254229,-0.031448557,nan,nan,nan,nan,nan,nan,nan,nan,0.395604696,nan,nan,0.260850114,0,0,0
191.800000000,post,1,2,0.016000000,-0.126000000,-0.200000000,-0.861788349,1.192907525,-0.032038784,-0.889730810,1.142245459,-0.055901551,1.425001383,1.448954998,-0.023953615,nan,nan,nan,nan,nan,nan,nan,nan,0.229510276,nan,nan,0.260850114,0,0,0
191.800000000,post,1,3,0.016000000,-0.126000000,-0.100000000,-2.042405077,0.356463949,-0.008927763,-2.019972072,0.132143811,-0.019608669,2.060242414,2.024384760,0.035857654,nan,nan,nan,nan,nan,nan,nan,nan,0.514308553,nan,nan,0.260850114,0,0,0
191.900000000,pre,1,0,-0.004000000,-0.226000000,-0.200000000,-1.246944007,-0.795487831,0.022438684,-1.204862362,-0.758331194,0.024279551,1.442662954,1.423850066,0.018812889,nan,nan,nan,nan,nan,nan,nan,nan,0.141569912,nan,nan,0.000000000,0,0,0
191.900000000,pre,1,2,-0.004000000,-0.226000000,-0.200000000,-0.825011123,1.228397208,-0.033324994,-0.857629612,1.199838454,-0.054019782,1.423756599,1.475824855,-0.052068256,nan,nan,nan,nan,nan,nan,nan,nan,1.084441314,nan,nan,0.000000000,0,0,0
191.900000000,pre,1,3,-0.004000000,-0.226000000,-0.100000000,-2.040571337,0.426958912,-0.008267827,-2.029658761,0.433459919,-0.017009666,2.061436176,2.075497896,-0.014061720,nan,nan,nan,nan,nan,nan,nan,nan,0.079092787,nan,nan,0.000000000,0,0,0
191.900000000,post,1,0,-0.004000000,-0.226000000,-0.200000000,-1.246944007,-0.795487831,0.022438684,-1.196195201,-0.810037699,0.024279551,1.442662954,1.444864537,-0.002201582,nan,nan,nan,nan,nan,nan,nan,nan,0.001938786,nan,nan,0.043978918,0,0,0
191.900000000,post,1,2,-0.004000000,-0.226000000,-0.200000000,-0.825011123,1.228397208,-0.033324994,-0.848962450,1.148131949,-0.054019782,1.423756599,1.428937490,-0.005180891,nan,nan,nan,nan,nan,nan,nan,nan,0.010736652,nan,nan,0.043978918,0,0,0
191.900000000,post,1,3,-0.004000000,-0.226000000,-0.100000000,-2.040571337,0.426958912,-0.008267827,-2.020991600,0.381753414,-0.017009666,2.061436176,2.056801411,0.004634765,nan,nan,nan,nan,nan,nan,nan,nan,0.008592420,nan,nan,0.043978918,0,0,0
192.000000000,pre,1,0,0.016000000,-0.326000000,-0.200000000,-1.294963310,-0.745611790,0.023344373,-1.328032084,-0.759047963,0.032842924,1.452484250,1.530000550,-0.077516300,nan,nan,nan,nan,nan,nan,nan,nan,2.403510733,nan,nan,0.000000000,0,0,0
192.000000000,pre,1,2,0.016000000,-0.326000000,-0.200000000,-0.772574738,1.278737269,-0.034991537,-0.783924710,1.230507082,-0.030987405,1.434497476,1.459330617,-0.024833141,nan,nan,nan,nan,nan,nan,nan,nan,0.246673960,nan,nan,0.000000000,0,0,0
192.000000000,pre,1,3,0.016000000,-0.326000000,-0.100000000,-2.037675126,0.526862881,-0.007422975,-2.080408357,0.455992980,0.000168597,2.084868670,2.129795426,-0.044926757,nan,nan,nan,nan,nan,nan,nan,nan,0.807365395,nan,nan,0.000000000,0,0,0
192.000000000,post,1,0,0.016000000,-0.326000000,-0.200000000,-1.294963310,-0.745611790,0.023344373,-1.264175429,-0.738431077,0.032842924,1.452484250,1.464410676,-0.011926426,nan,nan,nan,nan,nan,nan,nan,nan,0.056895857,nan,nan,0.072043654,0,0,0
192.000000000,post,1,2,0.016000000,-0.326000000,-0.200000000,-0.772574738,1.278737269,-0.034991537,-0.720068055,1.251123968,-0.030987405,1.434497476,1.443873058,-0.009375582,nan,nan,nan,nan,nan,nan,nan,nan,0.035160616,nan,nan,0.072043654,0,0,0
192.000000000,post,1,3,0.016000000,-0.326000000,-0.100000000,-2.037675126,0.526862881,-0.007422975,-2.016551702,0.476609867,0.000168597,2.084868670,2.072109495,0.012759174,nan,nan,nan,nan,nan,nan,nan,nan,0.065118611,nan,nan,0.072043654,0,0,0
192.100000000,pre,1,0,-0.004000000,-0.226000000,-0.200000000,-1.340170138,-0.698210071,0.024301215,-1.231563814,-0.641689314,0.047792008,1.501915812,1.389531820,0.112383992,nan,nan,nan,nan,nan,nan,nan,nan,5.052064665,nan,nan,0.000000000,0,0,0
192.100000000,pre,1,2,-0.004000000,-0.226000000,-0.200000000,-0.722482110,1.326553031,-0.036503194,-0.740656764,1.306597518,-0.032442302,1.456105709,1.502272285,-0.046166576,nan,nan,nan,nan,nan,nan,nan,nan,0.852541092,nan,nan,0.000000000,0,0,0
192.100000000,pre,1,3,-0.004000000,-0.226000000,-0.100000000,-2.034598274,0.621686457,-0.006755057,-2.008207363,0.562783480,-0.003959449,2.121038437,2.085578513,0.035459924,nan,nan,nan,nan,nan,nan,nan,nan,0.502962479,nan,nan,0.000000000,0,0,0
192.100000000,post,1,0,-0.004000000,-0.226000000,-0.200000000,-1.340170138,-0.698210071,0.024301215,-1.297855395,-0.738393295,0.047792008,1.501915812,1.493966988,0.007948825,nan,nan,nan,nan,nan,nan,nan,nan,0.025273526,nan,nan,0.219939739,0,0,0
192.100000000,post,1,2,-0.004000000,-0.226000000,-0.200000000,-0.722482110,1.326553031,-0.036503194,-0.806948344,1.209893536,-0.032442302,1.456105709,1.454668520,0.001437189,nan,nan,nan,nan,nan,nan,nan,nan,0.000826205,nan,nan,0.219939739,0,0,0
192.100000000,post,1,3,-0.004000000,-0.226000000,-0.100000000,-2.034598274,0.621686457,-0.006755057,-2.074498943,0.466079498,-0.003959449,2.121038437,2.126215333,-0.005176896,nan,nan,nan,nan,nan,nan,nan,nan,0.010720100,nan,nan,0.219939739,0,0,0
192.200000000,pre,1,0,0.016000000,-0.326000000,-0.200000000,-1.372997019,-0.663550151,0.025022656,-1.398611808,-0.737082835,0.018811119,1.577559590,1.581062919,-0.003503329,nan,nan,nan,nan,nan,nan,nan,nan,0.004909325,nan,nan,0.000000000,0,0,0
192.200000000,pre,1,2,0.016000000,-0.326000000,-0.200000000,-0.685703979,1.361500209,-0.037581775,-0.761618409,1.362118768,-0.046538811,1.493558168,1.561280244,-0.067722075,nan,nan,nan,nan,nan,nan,nan,nan,1.834511788,nan,nan,0.000000000,0,0,0
192.200000000,pre,1,3,0.016000000,-0.326000000,-0.100000000,-2.032160205,0.690967275,-0.006411434,-2.111752075,0.487124115,-0.009306445,2.156997204,2.167227108,-0.010229904,nan,nan,nan,nan,nan,nan,nan,nan,0.041860377,nan,nan,0.000000000,0,0,0
192.200000000,post,1,0,0.016000000,-0.326000000,-0.200000000,-1.372997019,-0.663550151,0.025022656,-1.381106963,-0.788857752,0.018811119,1.577559590,1.590630961,-0.013071371,nan,nan,nan,nan,nan,nan,nan,nan,0.068344296,nan,nan,0.047792986,0,0,0
192.200000000,post,1,2,0.016000000,-0.326000000,-0.200000000,-0.685703979,1.361500209,-0.037581775,-0.744113564,1.310343850,-0.046538811,1.493558168,1.507604678,-0.014046509,nan,nan,nan,nan,nan,nan,nan,nan,0.078921768,nan,nan,0.047792986,0,0,0
192.200000000,post,1,3,0.016000000,-0.326000000,-0.100000000,-2.032160205,0.690967275,-0.006411434,-2.094247230,0.435349198,-0.009306445,2.156997204,2.139038801,0.017958402,nan,nan,nan,nan,nan,nan,nan,nan,0.129001688,nan,nan,0.047792986,0,0,0
192.300000000,pre,1,0,-0.004000000,-0.126000000,-0.200000000,-1.417300945,-0.616503887,0.025962606,-1.366117663,-0.715969651,0.030291913,1.562163949,1.542662507,0.019501442,nan,nan,nan,nan,nan,nan,nan,nan,0.152122499,nan,nan,0.000000000,0,0,0
192.300000000,pre,1,2,-0.004000000,-0.126000000,-0.200000000,-0.635637273,1.408860416,-0.039037989,-0.783601983,1.289147460,-0.037230387,1.503705382,1.509078971,-0.005373589,nan,nan,nan,nan,nan,nan,nan,nan,0.011550184,nan,nan,0.000000000,0,0,0
192.300000000,pre,1,3,-0.004000000,-0.126000000,-0.100000000,-2.028609664,0.784907995,-0.006324568,-2.044883308,0.644985118,-0.005490913,2.146715641,2.144197681,0.002517960,nan,nan,nan,nan,nan,nan,nan,nan,0.002536049,nan,nan,0.000000000,0,0,0
192.300000000,post,1,0,-0.004000000,-0.126000000,-0.200000000,-1.417300945,-0.616503887,0.025962606,-1.376910217,-0.731240923,0.030291913,1.562163949,1.559330829,0.002833120,nan,nan,nan,nan,nan,nan,nan,nan,0.003210627,nan,nan,0.005595056,0,0,0
192.300000000,post,1,2,-0.004000000,-0.126000000,-0.200000000,-0.635637273,1.408860416,-0.039037989,-0.794394538,1.273876187,-0.037230387,1.503705382,1.501735437,0.001969945,nan,nan,nan,nan,nan,nan,nan,nan,0.001552273,nan,nan,0.005595056,0,0,0
192.300000000,post,1,3,-0.004000000,-0.126000000,-0.100000000,-2.028609664,0.784907995,-0.006324568,-2.055675862,0.629713846,-0.005490913,2.146715641,2.149970448,-0.003254807,nan,nan,nan,nan,nan,nan,nan,nan,0.004237508,nan,nan,0.005595056,0,0,0
192.400000000,pre,1,0,0.016000000,-0.026000000,-0.200000000,-1.447392309,-0.584375273,0.026609517,-1.468661548,-0.602932182,0.004193104,1.527528644,1.587611898,-0.060083255,nan,nan,nan,nan,nan,nan,nan,nan,1.443998997,nan,nan,0.000000000,0,0,0
192.400000000,pre,1,2,0.016000000,-0.026000000,-0.200000000,-0.601405899,1.441095074,-0.039998920,-0.674849301,1.373915494,-0.037685227,1.515494466,1.531171297,-0.015676831,nan,nan,nan,nan,nan,nan,nan,nan,0.098305211,nan,nan,0.000000000,0,0,0
192.400000000,pre,1,3,0.016000000,-0.026000000,-0.100000000,-2.026012520,0.848949353,-0.006425307,-2.083734888,0.666058496,-0.025309258,2.221072435,2.187744400,0.033328035,nan,nan,nan,nan,nan,nan,nan,nan,0.444303172,nan,nan,0.000000000,0,0,0
192.400000000,post,1,0,0.016000000,-0.026000000,-0.200000000,-1.447392309,-0.584375273,0.026609517,-1.449287052,-0.579676128,0.004193104,1.527528644,1.560921188,-0.033392544,nan,nan,nan,nan,nan,nan,nan,nan,0.446024798,nan,nan,0.014659442,0,0,0
192.400000000,post,1,2,0.016000000,-0.026000000,-0.200000000,-0.601405899,1.441095074,-0.039998920,-0.655474805,1.397171547,-0.037685227,1.515494466,1.543747301,-0.028252835,nan,nan,nan,nan,nan,nan,nan,nan,0.319289080,nan,nan,0.014659442,0,0,0
192.400000000,post,1,3,0.016000000,-0.026000000,-0.100000000,-2.026012520,0.848949353,-0.006425307,-2.064360392,0.689314550,-0.025309258,2.221072435,2.176552075,0.044520361,nan,nan,nan,nan,nan,nan,nan,nan,0.792825009,nan,nan,0.014659442,0,0,0
192.500000000,pre,1,0,-0.004000000,-0.026000000,-0.200000000,-1.495657470,-0.532535383,0.027738357,-1.434572913,-0.524484192,-0.003340786,1.557319045,1.527446978,0.029872067,nan,nan,nan,nan,nan,nan,nan,nan,0.356936156,nan,nan,0.000000000,0,0,0
192.500000000,pre,1,2,-0.004000000,-0.026000000,-0.200000000,-0.546192490,1.492833475,-0.041245434,-0.629357963,1.477737720,-0.058286421,1.568397641,1.607232878,-0.038835237,nan,nan,nan,nan,nan,nan,nan,nan,0.603270238,nan,nan,0.000000000,0,0,0
192.500000000,pre,1,3,-0.004000000,-0.026000000,-0.100000000,-2.021508324,0.952000956,-0.006511595,-2.003534656,0.794226962,-0.033503650,2.272936344,2.155474444,0.117461900,nan,nan,nan,nan,nan,nan,nan,nan,5.518919168,nan,nan,0.000000000,0,0,0
192.500000000,post,1,0,-0.004000000,-0.026000000,-0.200000000,-1.495657470,-0.532535383,0.027738357,-1.501510242,-0.551107719,-0.003340786,1.557319045,1.599457372,-0.042138327,nan,nan,nan,nan,nan,nan,nan,nan,0.710255449,nan,nan,0.083030692,0,0,0
192.500000000,post,1,2,-0.004000000,-0.026000000,-0.200000000,-0.546192490,1.492833475,-0.041245434,-0.696295292,1.451114192,-0.058286421,1.568397641,1.610576555,-0.042178914,nan,nan,nan,nan,nan,nan,nan,nan,0.711624318,nan,nan,0.083030692,0,0,0
192.500000000,post,1,3,-0.004000000,-0.026000000,-0.100000000,-2.021508324,0.952000956,-0.006511595,-2.070471985,0.767603434,-0.033503650,2.272936344,2.208436498,0.064499846,nan,nan,nan,nan,nan,nan,nan,nan,1.664092041,nan,nan,0.083030692,0,0,0
192.600000000,pre,1,0,0.016000000,-0.026000000,-0.200000000,-1.525535489,-0.500270109,0.028475622,-1.551539426,-0.575124712,0.004429775,1.544758081,1.654709234,-0.109951152,nan,nan,nan,nan,nan,nan,nan,nan,4.835702338,nan,nan,0.000000000,0,0,0
192.600000000,pre,1,2,0.016000000,-0.026000000,-0.200000000,-0.511856260,1.524856555,-0.041769818,-0.596130547,1.444262091,-0.064220410,1.619985342,1.563773922,0.056211420,nan,nan,nan,nan,nan,nan,nan,nan,1.263889511,nan,nan,0.000000000,0,0,0
192.600000000,pre,1,3,0.016000000,-0.026000000,-0.100000000,-2.018521490,1.015939468,-0.006466647,-2.075140352,0.913729018,-0.039132973,2.333602428,2.267738872,0.065863557,nan,nan,nan,nan,nan,nan,nan,nan,1.735203252,nan,nan,0.000000000,0,0,0
192.600000000,post,1,0,0.016000000,-0.026000000,-0.200000000,-1.525535489,-0.500270109,0.028475622,-1.514211705,-0.465242390,0.004429775,1.544758081,1.584079288,-0.039321206,nan,nan,nan,nan,nan,nan,nan,nan,0.618462909,nan,nan,0.215479737,0,0,0
192.600000000,post,1,2,0.016000000,-0.026000000,-0.200000000,-0.511856260,1.524856555,-0.041769818,-0.558802826,1.554144413,-0.064220410,1.619985342,1.652800568,-0.032815226,nan,nan,nan,nan,nan,nan,nan,nan,0.430735615,nan,nan,0.215479737,0,0,0
192.600000000,post,1,3,0.016000000,-0.026000000,-0.100000000,-2.018521490,1.015939468,-0.006466647,-2.037812631,1.023611340,-0.039132973,2.333602428,2.280787558,0.052814871,nan,nan,nan,nan,nan,nan,nan,nan,1.115764225,nan,nan,0.215479737,0,0,0
192.700000000,pre,1,0,-0.004000000,-0.026000000,-0.200000000,-1.576815655,-0.444559021,0.029915476,-1.422914739,-0.435797542,0.009453264,1.519588113,1.488185209,0.031402904,nan,nan,nan,nan,nan,nan,nan,nan,0.394456940,nan,nan,0.000000000,0,0,0
192.700000000,pre,1,2,-0.004000000,-0.026000000,-0.200000000,-0.452600406,1.579881427,-0.042282672,-0.507217323,1.578302591,-0.053918800,1.614711046,1.658678908,-0.043967862,nan,nan,nan,nan,nan,nan,nan,nan,0.773269143,nan,nan,0.000000000,0,0,0
192.700000000,pre,1,3,-0.004000000,-0.026000000,-0.100000000,-2.013068857,1.125978515,-0.006068484,-2.053127668,1.029062685,-0.021372974,2.332556486,2.296684575,0.035871911,nan,nan,nan,nan,nan,nan,nan,nan,0.514717606,nan,nan,0.000000000,0,0,0
192.700000000,post,1,0,-0.004000000,-0.026000000,-0.200000000,-1.576815655,-0.444559021,0.029915476,-1.457720298,-0.476487560,0.009453264,1.519588113,1.533648665,-0.014060552,nan,nan,nan,nan,nan,nan,nan,nan,0.079079649,nan,nan,0.045873672,0,0,0
192.700000000,post,1,2,-0.004000000,-0.026000000,-0.200000000,-0.452600406,1.579881427,-0.042282672,-0.542022882,1.537612573,-0.053918800,1.614711046,1.631241388,-0.016530342,nan,nan,nan,nan,nan,nan,nan,nan,0.109300885,nan,nan,0.045873672,0,0,0
192.700000000,post,1,3,-0.004000000,-0.026000000,-0.100000000,-2.013068857,1.125978515,-0.006068484,-2.087933227,0.988372667,-0.021372974,2.332556486,2.310152050,0.022404436,nan,nan,nan,nan,nan,nan,nan,nan,0.200783499,nan,nan,0.045873672,0,0,0
192.800000000,pre,1,0,0.016000000,-0.026000000,-0.200000000,-1.608764651,-0.409610183,0.031109137,-1.567473947,-0.500912375,0.002571666,1.608633399,1.645568107,-0.036934708,nan,nan,nan,nan,nan,nan,nan,nan,0.545669057,nan,nan,0.000000000,0,0,0
192.800000000,pre,1,2,0.016000000,-0.026000000,-0.200000000,-0.415425741,1.614271591,-0.042255125,-0.493628703,1.591982305,-0.056928308,1.651257753,1.667728332,-0.016470578,nan,nan,nan,nan,nan,nan,nan,nan,0.108511981,nan,nan,0.000000000,0,0,0
192.800000000,pre,1,3,0.016000000,-0.026000000,-0.100000000,-2.009457944,1.194788578,-0.005463934,-2.097082758,1.097463053,-0.014329364,2.300499439,2.366936116,-0.066436677,nan,nan,nan,nan,nan,nan,nan,nan,1.765532800,nan,nan,0.000000000,0,0,0
192.800000000,post,1,0,0.016000000,-0.026000000,-0.200000000,-1.608764651,-0.409610183,0.031109137,-1.515363984,-0.512809323,0.002571666,1.608633399,1.599783742,0.008849657,nan,nan,nan,nan,nan,nan,nan,nan,0.031326573,nan,nan,0.045711768,0,0,0
192.800000000,post,1,2,0.016000000,-0.026000000,-0.200000000,-0.415425741,1.614271591,-0.042255125,-0.441518741,1.580085357,-0.056928308,1.651257753,1.641599637,0.009658117,nan,nan,nan,nan,nan,nan,nan,nan,0.037311686,nan,nan,0.045711768,0,0,0
192.800000000,post,1,3,0.016000000,-0.026000000,-0.100000000,-2.009457944,1.194788578,-0.005463934,-2.044972795,1.085566106,-0.014329364,2.300499439,2.315291091,-0.014791652,nan,nan,nan,nan,nan,nan,nan,nan,0.087517182,nan,nan,0.045711768,0,0,0
192.900000000,pre,1,0,-0.004000000,-0.126000000,-0.200000000,-1.650352415,-0.363966606,0.032660460,-1.528448675,-0.463153911,0.013816665,1.678438187,1.597140507,0.081297680,nan,nan,nan,nan,nan,nan,nan,nan,2.643725094,nan,nan,0.000000000,0,0,0
192.900000000,pre,1,2,-0.004000000,-0.126000000,-0.200000000,-0.366703960,1.659036231,-0.042166099,-0.440875314,1.580559389,-0.059890514,1.674713373,1.641988398,0.032724975,nan,nan,nan,nan,nan,nan,nan,nan,0.428369599,nan,nan,0.000000000,0,0,0
192.900000000,pre,1,3,-0.004000000,-0.126000000,-0.100000000,-2.004484374,1.284545398,-0.005324342,-1.990046200,1.144523678,0.000180769,2.348143101,2.295695616,0.052447485,nan,nan,nan,nan,nan,nan,nan,nan,1.100295461,nan,nan,0.000000000,0,0,0
192.900000000,post,1,0,-0.004000000,-0.126000000,-0.200000000,-1.650352415,-0.363966606,0.032660460,-1.601996420,-0.461332372,0.013816665,1.678438187,1.667156558,0.011281629,nan,nan,nan,nan,nan,nan,nan,nan,0.050910061,nan,nan,0.086601420,0,0,0
192.900000000,post,1,2,-0.004000000,-0.126000000,-0.200000000,-0.366703960,1.659036231,-0.042166099,-0.514423058,1.582380928,-0.059890514,1.674713373,1.664976684,0.009736689,nan,nan,nan,nan,nan,nan,nan,nan,0.037921248,nan,nan,0.086601420,0,0,0
192.900000000,post,1,3,-0.004000000,-0.126000000,-0.100000000,-2.004484374,1.284545398,-0.005324342,-2.063593945,1.146345217,0.000180769,2.348143101,2.360620121,-0.012477021,nan,nan,nan,nan,nan,nan,nan,nan,0.062270418,nan,nan,0.086601420,0,0,0
193.000000000,pre,1,0,0.016000000,-0.026000000,-0.200000000,-1.678918546,-0.332778479,0.033301797,-1.653905109,-0.439624052,0.008440013,1.684302926,1.711356961,-0.027054035,nan,nan,nan,nan,nan,nan,nan,nan,0.292768333,nan,nan,0.000000000,0,0,0
193.000000000,pre,1,2,0.016000000,-0.026000000,-0.200000000,-0.333111389,1.689527631,-0.042291720,-0.451812612,1.650508961,-0.058782001,1.652097940,1.712241160,-0.060143220,nan,nan,nan,nan,nan,nan,nan,nan,1.446882764,nan,nan,0.000000000,0,0,0
193.000000000,pre,1,3,0.016000000,-0.026000000,-0.100000000,-2.000911916,1.346045053,-0.006185801,-2.055363362,1.237541169,-0.015752522,2.370669603,2.399223799,-0.028554196,nan,nan,nan,nan,nan,nan,nan,nan,0.326136845,nan,nan,0.000000000,0,0,0
193.000000000,post,1,0,0.016000000,-0.026000000,-0.200000000,-1.678918546,-0.332778479,0.033301797,-1.626585446,-0.480593053,0.008440013,1.684302926,1.696119433,-0.011816507,nan,nan,nan,nan,nan,nan,nan,nan,0.055851932,nan,nan,0.038797168,0,0,0
193.000000000,post,1,2,0.016000000,-0.026000000,-0.200000000,-0.333111389,1.689527631,-0.042291720,-0.424492949,1.609539960,-0.058782001,1.652097940,1.665613542,-0.013515602,nan,nan,nan,nan,nan,nan,nan,nan,0.073068596,nan,nan,0.038797168,0,0,0
193.000000000,post,1,3,0.016000000,-0.026000000,-0.100000000,-2.000911916,1.346045053,-0.006185801,-2.028043700,1.196572168,-0.015752522,2.370669603,2.354781167,0.015888436,nan,nan,nan,nan,nan,nan,nan,nan,0.100976962,nan,nan,0.038797168,0,0,0
193.100000000,pre,1,0,-0.004000000,-0.126000000,-0.200000000,-1.717578934,-0.290736711,0.034015976,-1.645358575,-0.392474620,0.032012278,1.701358199,1.691823263,0.009534936,nan,nan,nan,nan,nan,nan,nan,nan,0.036366000,nan,nan,0.000000000,0,0,0
193.100000000,pre,1,2,-0.004000000,-0.126000000,-0.200000000,-0.287846171,1.730573191,-0.042107764,-0.400862628,1.614640337,-0.038743294,1.661431670,1.664107962,-0.002676292,nan,nan,nan,nan,nan,nan,nan,nan,0.002865015,nan,nan,0.000000000,0,0,0
193.100000000,pre,1,3,-0.004000000,-0.126000000,-0.100000000,-1.996120835,1.429004297,-0.006948256,-1.985961724,1.241052015,0.021858051,2.428834677,2.341950437,0.086884240,nan,nan,nan,nan,nan,nan,nan,nan,3.019548442,nan,nan,0.000000000,0,0,0
193.100000000,post,1,0,-0.004000000,-0.126000000,-0.200000000,-1.717578934,-0.290736711,0.034015976,-1.687324720,-0.376281368,0.032012278,1.701358199,1.729068294,-0.027710095,nan,nan,nan,nan,nan,nan,nan,nan,0.307139737,nan,nan,0.032374060,0,0,0
193.100000000,post,1,2,-0.004000000,-0.126000000,-0.200000000,-0.287846171,1.730573191,-0.042107764,-0.442828773,1.630833589,-0.038743294,1.661431670,1.690330311,-0.028898641,nan,nan,nan,nan,nan,nan,nan,nan,0.334052584,nan,nan,0.032374060,0,0,0
193.100000000,post,1,3,-0.004000000,-0.126000000,-0.100000000,-1.996120835,1.429004297,-0.006948256,-2.027927869,1.257245267,0.021858051,2.428834677,2.386133877,0.042700800,nan,nan,nan,nan,nan,nan,nan,nan,0.729343318,nan,nan,0.032374060,0,0,0
193.200000000,pre,1,0,0.016000000,-0.126000000,-0.200000000,-1.743612662,-0.262486686,0.034429447,-1.740594772,-0.355863420,0.030169504,1.780734062,1.776856531,0.003877531,nan,nan,nan,nan,nan,nan,nan,nan,0.006014098,nan,nan,0.000000000,0,0,0
193.200000000,pre,1,2,0.016000000,-0.126000000,-0.200000000,-0.257687169,1.758185341,-0.041604451,-0.350030406,1.762460174,-0.046752205,1.697293282,1.797490728,-0.100197447,nan,nan,nan,nan,nan,nan,nan,nan,4.015811332,nan,nan,0.000000000,0,0,0
193.200000000,pre,1,3,0.016000000,-0.126000000,-0.100000000,-1.993079403,1.484592668,-0.006978133,-2.054726277,1.368764034,0.013945670,2.505623341,2.468928824,0.036694517,nan,nan,nan,nan,nan,nan,nan,nan,0.538595024,nan,nan,0.000000000,0,0,0
193.200000000,post,1,0,0.016000000,-0.126000000,-0.200000000,-1.743612662,-0.262486686,0.034429447,-1.765949959,-0.423260462,0.030169504,1.780734062,1.816215537,-0.035481475,nan,nan,nan,nan,nan,nan,nan,nan,0.503574019,nan,nan,0.082963948,0,0,0
193.200000000,post,1,2,0.016000000,-0.126000000,-0.200000000,-0.257687169,1.758185341,-0.041604451,-0.375385593,1.695063133,-0.046752205,1.697293282,1.736761105,-0.039467823,nan,nan,nan,nan,nan,nan,nan,nan,0.623083634,nan,nan,0.082963948,0,0,0
193.200000000,post,1,3,0.016000000,-0.126000000,-0.100000000,-1.993079403,1.484592668,-0.006978133,-2.080081465,1.301366993,0.013945670,2.505623341,2.453668566,0.051954775,nan,nan,nan,nan,nan,nan,nan,nan,1.079719443,nan,nan,0.082963948,0,0,0
193.300000000,pre,1,0,-0.004000000,-0.226000000,-0.200000000,-1.779485780,-0.223673657,0.034851407,-1.743828672,-0.327627738,0.040812280,1.833623528,1.774808162,0.058815366,nan,nan,nan,nan,nan,nan,nan,nan,1.383698926,nan,nan,0.000000000,0,0,0
193.300000000,pre,1,2,-0.004000000,-0.226000000,-0.200000000,-0.216636348,1.796160438,-0.040540409,-0.377983295,1.686756756,-0.030884484,1.727474213,1.728864823,-0.001390610,nan,nan,nan,nan,nan,nan,nan,nan,0.000773518,nan,nan,0.000000000,0,0,0
193.300000000,pre,1,3,-0.004000000,-0.226000000,-0.100000000,-1.989216940,1.560681027,-0.006688393,-2.036321394,1.382671306,0.024227728,2.516070127,2.461497866,0.054572262,nan,nan,nan,nan,nan,nan,nan,nan,1.191252703,nan,nan,0.000000000,0,0,0
193.300000000,post,1,0,-0.004000000,-0.226000000,-0.200000000,-1.779485780,-0.223673657,0.034851407,-1.805380063,-0.337693171,0.040812280,1.833623528,1.837144385,-0.003520857,nan,nan,nan,nan,nan,nan,nan,nan,0.004958572,nan,nan,0.062238188,0,0,0
193.300000000,post,1,2,-0.004000000,-0.226000000,-0.200000000,-0.216636348,1.796160438,-0.040540409,-0.439534686,1.676691323,-0.030884484,1.727474213,1.733620023,-0.006145810,nan,nan,nan,nan,nan,nan,nan,nan,0.015108392,nan,nan,0.062238188,0,0,0
193.300000000,post,1,3,-0.004000000,-0.226000000,-0.100000000,-1.989216940,1.560681027,-0.006688393,-2.097872786,1.372605872,0.024227728,2.516070127,2.507130648,0.008939479,nan,nan,nan,nan,nan,nan,nan,nan,0.031965714,nan,nan,0.062238188,0,0,0
193.400000000,pre,1,0,0.016000000,-0.026000000,-0.200000000,-1.804452011,-0.196782152,0.035135359,-1.882813293,-0.319446819,0.040870880,1.831232071,1.910157741,-0.078925670,nan,nan,nan,nan,nan,nan,nan,nan,2.491704557,nan,nan,0.000000000,0,0,0
193.400000000,pre,1,2,0.016000000,-0.026000000,-0.200000000,-0.188340310,1.822420612,-0.039522958,-0.412756352,1.797696889,-0.029697608,1.809362650,1.844712405,-0.035349755,nan,nan,nan,nan,nan,nan,nan,nan,0.499842082,nan,nan,0.000000000,0,0,0
193.400000000,pre,1,3,0.016000000,-0.026000000,-0.100000000,-1.986711935,1.613254142,-0.006258494,-2.132838522,1.484573068,0.009807767,2.566075087,2.598663800,-0.032588713,nan,nan,nan,nan,nan,nan,nan,nan,0.424809691,nan,nan,0.000000000,0,0,0
193.400000000,post,1,0,0.016000000,-0.026000000,-0.200000000,-1.804452011,-0.196782152,0.035135359,-1.819711603,-0.325194314,0.040870880,1.831232071,1.848992182,-0.017760111,nan,nan,nan,nan,nan,nan,nan,nan,0.126168616,nan,nan,0.064237712,0,0,0
193.400000000,post,1,2,0.016000000,-0.026000000,-0.200000000,-0.188340310,1.822420612,-0.039522958,-0.349654661,1.791949394,-0.029697608,1.809362650,1.825985476,-0.016622826,nan,nan,nan,nan,nan,nan,nan,nan,0.110527343,nan,nan,0.064237712,0,0,0
193.400000000,post,1,3,0.016000000,-0.026000000,-0.100000000,-1.986711935,1.613254142,-0.006258494,-2.069736831,1.478825572,0.009807767,2.566075087,2.543782974,0.022292113,nan,nan,nan,nan,nan,nan,nan,nan,0.198775320,nan,nan,0.064237712,0,0,0
193.500000000,pre,1,0,-0.004000000,-0.126000000,-0.200000000,-1.837851108,-0.160979098,0.035362212,-1.798389220,-0.226866743,0.045174590,1.811586142,1.813205186,-0.001619045,nan,nan,nan,nan,nan,nan,nan,nan,0.001048523,nan,nan,0.000000000,0,0,0
193.500000000,pre,1,2,-0.004000000,-0.126000000,-0.200000000,-0.150697493,1.857221479,-0.037915178,-0.341361897,1.835436762,-0.022403417,1.863010406,1.867045250,-0.004034843,nan,nan,nan,nan,nan,nan,nan,nan,0.006511985,nan,nan,0.000000000,0,0,0
193.500000000,pre,1,3,-0.004000000,-0.126000000,-0.100000000,-1.983495303,1.683157757,-0.005461291,-2.102062202,1.538480681,0.006753091,2.576697826,2.604924933,-0.028227107,nan,nan,nan,nan,nan,nan,nan,nan,0.318707828,nan,nan,0.000000000,0,0,0
193.500000000,post,1,0,-0.004000000,-0.126000000,-0.200000000,-1.837851108,-0.160979098,0.035362212,-1.786894378,-0.237353675,0.045174590,1.811586142,1.803155298,0.008430844,nan,nan,nan,nan,nan,nan,nan,nan,0.028431650,nan,nan,0.003873714,0,0,0
193.500000000,post,1,2,-0.004000000,-0.126000000,-0.200000000,-0.150697493,1.857221479,-0.037915178,-0.329867055,1.824949830,-0.022403417,1.863010406,1.854657939,0.008352468,nan,nan,nan,nan,nan,nan,nan,nan,0.027905487,nan,nan,0.003873714,0,0,0
193.500000000,post,1,3,-0.004000000,-0.126000000,-0.100000000,-1.983495303,1.683157757,-0.005461291,-2.090567360,1.527993749,0.006753091,2.576697826,2.589456002,-0.012758176,nan,nan,nan,nan,nan,nan,nan,nan,0.065108418,nan,nan,0.003873714,0,0,0
193.600000000,pre,1,0,0.016000000,-0.226000000,-0.200000000,-1.870464779,-0.126224967,0.035366269,-1.838808357,-0.187284542,0.060425694,1.816453218,1.849308773,-0.032855554,nan,nan,nan,nan,nan,nan,nan,nan,0.431794978,nan,nan,0.000000000,0,0,0
193.600000000,pre,1,2,0.016000000,-0.226000000,-0.200000000,-0.114105441,1.890774484,-0.036009038,-0.261294007,1.907185001,-0.023289526,1.928758621,1.925141965,0.003616656,nan,nan,nan,nan,nan,nan,nan,nan,0.005232080,nan,nan,0.000000000,0,0,0
193.600000000,pre,1,3,0.016000000,-0.226000000,-0.100000000,-1.980436597,1.751034402,-0.004328193,-2.121986370,1.650263468,0.007432078,2.651451111,2.688168690,-0.036717579,nan,nan,nan,nan,nan,nan,nan,nan,0.539272241,nan,nan,0.000000000,0,0,0
193.600000000,post,1,0,0.016000000,-0.226000000,-0.200000000,-1.870464779,-0.126224967,0.035366269,-1.801335095,-0.184935450,0.060425694,1.816453218,1.811811389,0.004641829,nan,nan,nan,nan,nan,nan,nan,nan,0.008618632,nan,nan,0.022556217,0,0,0
193.600000000,post,1,2,0.016000000,-0.226000000,-0.200000000,-0.114105441,1.890774484,-0.036009038,-0.223820745,1.909534093,-0.023289526,1.928758621,1.922747664,0.006010957,nan,nan,nan,nan,nan,nan,nan,nan,0.014452641,nan,nan,0.022556217,0,0,0
193.600000000,post,1,3,0.016000000,-0.226000000,-0.100000000,-1.980436597,1.751034402,-0.004328193,-2.084513109,1.652612560,0.007432078,2.651451111,2.660146314,-0.008695203,nan,nan,nan,nan,nan,nan,nan,nan,0.030242622,nan,nan,0.022556217,0,0,0
193.700000000,pre,1,0,-0.004000000,-0.126000000,-0.200000000,-1.891893974,-0.103521500,0.035174132,-1.856549527,-0.121229150,0.069934867,1.817840934,1.861817267,-0.043976334,nan,nan,nan,nan,nan,nan,nan,nan,0.773567163,nan,nan,0.000000000,0,0,0
193.700000000,pre,1,2,-0.004000000,-0.126000000,-0.200000000,-0.090168886,1.912587799,-0.034611884,-0.191534688,1.917013134,-0.026457222,1.948852181,1.926739442,0.022112739,nan,nan,nan,nan,nan,nan,nan,nan,0.195589291,nan,nan,0.000000000,0,0,0
193.700000000,pre,1,3,-0.004000000,-0.126000000,-0.100000000,-1.978479771,1.795462364,-0.003407455,-2.063670282,1.712115554,0.015399121,2.692478657,2.681475682,0.011002975,nan,nan,nan,nan,nan,nan,nan,nan,0.048426181,nan,nan,0.000000000,0,0,0
193.700000000,post,1,0,-0.004000000,-0.126000000,-0.200000000,-1.891893974,-0.103521500,0.035174132,-1.825263010,-0.088094901,0.069934867,1.817840934,1.828725418,-0.010884484,nan,nan,nan,nan,nan,nan,nan,nan,0.047388798,nan,nan,0.033227593,0,0,0
193.700000000,post,1,2,-0.004000000,-0.126000000,-0.200000000,-0.090168886,1.912587799,-0.034611884,-0.160248171,1.950147384,-0.026457222,1.948852181,1.956899149,-0.008046967,nan,nan,nan,nan,nan,nan,nan,nan,0.025901474,nan,nan,0.033227593,0,0,0
193.700000000,post,1,3,-0.004000000,-0.126000000,-0.100000000,-1.978479771,1.795462364,-0.003407455,-2.032383765,1.745249803,0.015399121,2.692478657,2.678939674,0.013538983,nan,nan,nan,nan,nan,nan,nan,nan,0.073321622,nan,nan,0.033227593,0,0,0
193.800000000,pre,1,0,0.016000000,-0.226000000,-0.200000000,-1.910902785,-0.083512454,0.034992741,-1.871094857,-0.093120071,0.076790998,1.876861572,1.874983778,0.001877794,nan,nan,nan,nan,nan,nan,nan,nan,0.001410445,nan,nan,0.000000000,0,0,0
193.800000000,pre,1,2,0.016000000,-0.226000000,-0.200000000,-0.069051863,1.931769263,-0.033171883,-0.149786064,1.992789325,-0.026394045,1.911761880,1.998584951,-0.086823071,nan,nan,nan,nan,nan,nan,nan,nan,3.015298259,nan,nan,0.000000000,0,0,0
193.800000000,pre,1,3,0.016000000,-0.226000000,-0.100000000,-1.976807806,1.834726114,-0.002439751,-2.068768705,1.778076233,0.031209805,2.648250818,2.728063983,-0.079813165,nan,nan,nan,nan,nan,nan,nan,nan,2.548056538,nan,nan,0.000000000,0,0,0
193.800000000,post,1,0,0.016000000,-0.226000000,-0.200000000,-1.910902785,-0.083512454,0.034992741,-1.858085720,-0.183758496,0.076790998,1.876861572,1.868728602,0.008132971,nan,nan,nan,nan,nan,nan,nan,nan,0.026458084,nan,nan,0.134152989,0,0,0
193.800000000,post,1,2,0.016000000,-0.226000000,-0.200000000,-0.069051863,1.931769263,-0.033171883,-0.136776928,1.902150900,-0.026394045,1.911761880,1.907244772,0.004517108,nan,nan,nan,nan,nan,nan,nan,nan,0.008161706,nan,nan,0.134152989,0,0,0
193.800000000,post,1,3,0.016000000,-0.226000000,-0.100000000,-1.976807806,1.834726114,-0.002439751,-2.055759569,1.687437808,0.031209805,2.648250818,2.659805973,-0.011555154,nan,nan,nan,nan,nan,nan,nan,nan,0.053408636,nan,nan,0.134152989,0,0,0
193.900000000,pre,1,0,-0.004000000,-0.326000000,-0.200000000,-1.936461015,-0.056902199,0.034906481,-1.925245915,-0.114934204,0.084571027,1.903840780,1.930526862,-0.026686081,nan,nan,nan,nan,nan,nan,nan,nan,0.284858776,nan,nan,0.000000000,0,0,0
193.900000000,pre,1,2,-0.004000000,-0.326000000,-0.200000000,-0.040905110,1.957215605,-0.030830171,-0.130423749,1.928973745,-0.013569085,1.929035902,1.933425505,-0.004389603,nan,nan,nan,nan,nan,nan,nan,nan,0.007707447,nan,nan,0.000000000,0,0,0
193.900000000,pre,1,3,-0.004000000,-0.326000000,-0.100000000,-1.974662710,1.887182444,-0.001033940,-2.030051386,1.799720045,0.045177696,2.689692736,2.713326721,-0.023633985,nan,nan,nan,nan,nan,nan,nan,nan,0.223426108,nan,nan,0.000000000,0,0,0
193.900000000,post,1,0,-0.004000000,-0.326000000,-0.200000000,-1.936461015,-0.056902199,0.034906481,-1.898420411,-0.118420826,0.084571027,1.903840780,1.903989445,-0.000148665,nan,nan,nan,nan,nan,nan,nan,nan,0.000008840,nan,nan,0.011708228,0,0,0
193.900000000,post,1,2,-0.004000000,-0.326000000,-0.200000000,-0.040905110,1.957215605,-0.030830171,-0.103598244,1.925487123,-0.013569085,1.929035902,1.928319833,0.000716069,nan,nan,nan,nan,nan,nan,nan,nan,0.000205102,nan,nan,0.011708228,0,0,0
193.900000000,post,1,3,-0.004000000,-0.326000000,-0.100000000,-1.974662710,1.887182444,-0.001033940,-2.003225882,1.796233423,0.045177696,2.689692736,2.690986709,-0.001293973,nan,nan,nan,nan,nan,nan,nan,nan,0.000669747,nan,nan,0.011708228,0,0,0
194.000000000,pre,1,0,0.016000000,-0.126000000,-0.200000000,-1.959064440,-0.033745245,0.035147653,-1.943421682,-0.043832170,0.084684776,1.913493752,1.945759647,-0.032265894,nan,nan,nan,nan,nan,nan,nan,nan,0.416435177,nan,nan,0.000000000,0,0,0
194.000000000,pre,1,2,0.016000000,-0.126000000,-0.200000000,-0.016328537,1.979250566,-0.028294188,-0.066836547,2.011893019,0.004179946,1.993819475,2.013007232,-0.019187757,nan,nan,nan,nan,nan,nan,nan,nan,0.147268002,nan,nan,0.000000000,0,0,0
194.000000000,pre,1,3,0.016000000,-0.126000000,-0.100000000,-1.972800889,1.933120543,0.000251883,-2.006065884,1.837581153,0.060664852,2.795092583,2.721155095,0.073937488,nan,nan,nan,nan,nan,nan,nan,nan,2.186700856,nan,nan,0.000000000,0,0,0
194.000000000,post,1,0,0.016000000,-0.126000000,-0.200000000,-1.959064440,-0.033745245,0.035147653,-1.950999212,-0.025533313,0.084684776,1.913493752,1.953003171,-0.039509418,nan,nan,nan,nan,nan,nan,nan,nan,0.624397657,nan,nan,0.006276274,0,0,0
194.000000000,post,1,2,0.016000000,-0.126000000,-0.200000000,-0.016328537,1.979250566,-0.028294188,-0.074414077,2.030191876,0.004179946,1.993819475,2.031559495,-0.037740020,nan,nan,nan,nan,nan,nan,nan,nan,0.569723631,nan,nan,0.006276274,0,0,0
194.000000000,post,1,3,0.016000000,-0.126000000,-0.100000000,-1.972800889,1.933120543,0.000251883,-2.013643414,1.855880010,0.060664852,2.795092583,2.739111286,0.055981297,nan,nan,nan,nan,nan,nan,nan,nan,1.253562247,nan,nan,0.006276274,0,0,0
194.100000000,pre,1,0,-0.004000000,-0.226000000,-0.200000000,-1.972405916,-0.020301582,0.035320603,-1.951858641,-0.011679095,0.074948876,1.941921592,1.953331996,-0.011410405,nan,nan,nan,nan,nan,nan,nan,nan,0.052078934,nan,nan,0.000000000,0,0,0
194.100000000,pre,1,2,-0.004000000,-0.226000000,-0.200000000,-0.002046592,1.991979645,-0.026670778,-0.032533879,2.024857291,-0.005125437,1.993809938,2.025125125,-0.031315187,nan,nan,nan,nan,nan,nan,nan,nan,0.392256365,nan,nan,0.000000000,0,0,0
194.100000000,pre,1,3,-0.004000000,-0.226000000,-0.100000000,-1.971691246,1.959934326,0.000866480,-2.000224449,1.961445265,0.049472119,2.782550335,2.801894513,-0.019344178,nan,nan,nan,nan,nan,nan,nan,nan,0.149678896,nan,nan,0.000000000,0,0,0
194.100000000,post,1,0,-0.004000000,-0.226000000,-0.200000000,-1.972405916,-0.020301582,0.035320603,-1.943907415,-0.038304115,0.074948876,1.941921592,1.945728803,-0.003807212,nan,nan,nan,nan,nan,nan,nan,nan,0.005797944,nan,nan,0.012353819,0,0,0
194.100000000,post,1,2,-0.004000000,-0.226000000,-0.200000000,-0.002046592,1.991979645,-0.026670778,-0.024582653,1.998232271,-0.005125437,1.993809938,1.998390049,-0.004580110,nan,nan,nan,nan,nan,nan,nan,nan,0.008390964,nan,nan,0.012353819,0,0,0
194.100000000,post,1,3,-0.004000000,-0.226000000,-0.100000000,-1.971691246,1.959934326,0.000866480,-1.992273223,1.934820245,0.049472119,2.782550335,2.777612188,0.004938147,nan,nan,nan,nan,nan,nan,nan,nan,0.009754118,nan,nan,0.012353819,0,0,0
194.200000000,pre,1,0,0.018000000,-0.026000000,-0.200000000,-1.990799023,-0.002177072,0.035437489,-1.976824749,-0.050241396,0.054772967,2.013746977,1.978221515,0.035525462,nan,nan,nan,nan,nan,nan,nan,nan,0.504823376,nan,nan,0.000000000,0,0,0
194.200000000,pre,1,2,0.018000000,-0.026000000,-0.200000000,0.017198623,2.009089793,-0.024622537,0.047908273,1.989207732,-0.009803452,1.981838822,1.989808712,-0.007969890,nan,nan,nan,nan,nan,nan,nan,nan,0.025407659,nan,nan,0.000000000,0,0,0
194.200000000,pre,1,3,0.018000000,-0.026000000,-0.100000000,-1.970153522,1.996328897,0.001562027,-1.988888575,1.919136117,0.042029120,2.767240286,2.764150439,0.003089847,nan,nan,nan,nan,nan,nan,nan,nan,0.003818863,nan,nan,0.000000000,0,0,0
194.200000000,post,1,0,0.018000000,-0.026000000,-0.200000000,-1.990799023,-0.002177072,0.035437489,-2.004821948,-0.063120327,0.054772967,2.013746977,2.006563055,0.007183922,nan,nan,nan,nan,nan,nan,nan,nan,0.020643491,nan,nan,0.015195360,0,0,0
194.200000000,post,1,2,0.018000000,-0.026000000,-0.200000000,0.017198623,2.009089793,-0.024622537,0.019911074,1.976328801,-0.009803452,1.981838822,1.976453411,0.005385411,nan,nan,nan,nan,nan,nan,nan,nan,0.011601062,nan,nan,0.015195360,0,0,0
194.200000000,post,1,3,0.018000000,-0.026000000,-0.100000000,-1.970153522,1.996328897,0.001562027,-2.016885774,1.906257186,0.042029120,2.767240286,2.775501960,-0.008261674,nan,nan,nan,nan,nan,nan,nan,nan,0.027302104,nan,nan,0.015195360,0,0,0
194.300000000,pre,1,0,-0.004000000,-0.126000000,-0.200000000,-2.002012001,0.008542725,0.035250546,-1.990611765,-0.058718867,0.035716736,2.071700335,1.991797879,0.079902456,nan,nan,nan,nan,nan,nan,nan,nan,2.553760977,nan,nan,0.000000000,0,0,0
194.300000000,pre,1,2,-0.004000000,-0.126000000,-0.200000000,0.028579576,2.019201470,-0.023990619,0.023118626,1.954568232,-0.003066531,2.019686460,1.954707356,0.064979104,nan,nan,nan,nan,nan,nan,nan,nan,1.688913587,nan,nan,0.000000000,0,0,0
194.300000000,pre,1,3,-0.004000000,-0.126000000,-0.100000000,-1.969221206,2.018074567,0.001652978,-1.990089823,1.944392432,0.035039335,2.742831707,2.782507356,-0.039675649,nan,nan,nan,nan,nan,nan,nan,nan,0.629662865,nan,nan,0.000000000,0,0,0
194.300000000,post,1,0,-0.004000000,-0.126000000,-0.200000000,-2.002012001,0.008542725,0.035250546,-2.019387567,-0.044301230,0.035716736,2.071700335,2.020189206,0.051511129,nan,nan,nan,nan,nan,nan,nan,nan,1.061358545,nan,nan,0.016574640,0,0,0
194.300000000,post,1,2,-0.004000000,-0.126000000,-0.200000000,0.028579576,2.019201470,-0.023990619,-0.005657176,1.968985870,-0.003066531,2.019686460,1.968996385,0.050690076,nan,nan,nan,nan,nan,nan,nan,nan,1.027793515,nan,nan,0.016574640,0,0,0
194.300000000,post,1,3,-0.004000000,-0.126000000,-0.100000000,-1.969221206,2.018074567,0.001652978,-2.018865624,1.958810070,0.035039335,2.742831707,2.813180238,-0.070348531,nan,nan,nan,nan,nan,nan,nan,nan,1.979566350,nan,nan,0.016574640,0,0,0
194.400000000,pre,1,0,0.016000000,-0.126000000,-0.200000000,-2.014721448,0.020286138,0.034654323,-2.019433374,-0.027615949,0.045282796,2.055556774,2.020129779,0.035426995,nan,nan,nan,nan,nan,nan,nan,nan,0.502028781,nan,nan,0.000000000,0,0,0
194.400000000,pre,1,2,0.016000000,-0.126000000,-0.200000000,0.041058794,2.030259173,-0.024220156,0.018414355,1.951630171,0.025586808,2.048395872,1.951884756,0.096511116,nan,nan,nan,nan,nan,nan,nan,nan,3.725758240,nan,nan,0.000000000,0,0,0
194.400000000,pre,1,3,0.016000000,-0.126000000,-0.100000000,-1.968155644,2.042202497,0.001272459,-2.033688419,1.937344417,0.047429396,2.780007362,2.809170967,-0.029163605,nan,nan,nan,nan,nan,nan,nan,nan,0.340206344,nan,nan,0.000000000,0,0,0
194.400000000,post,1,0,0.016000000,-0.126000000,-0.200000000,-2.014721448,0.020286138,0.034654323,-2.011672332,0.025057047,0.045282796,2.055556774,2.012337934,0.043218840,nan,nan,nan,nan,nan,nan,nan,nan,0.747147261,nan,nan,0.045354851,0,0,0
194.400000000,post,1,2,0.016000000,-0.126000000,-0.200000000,0.041058794,2.030259173,-0.024220156,0.026175397,2.004303167,0.025586808,2.048395872,2.004637379,0.043758493,nan,nan,nan,nan,nan,nan,nan,nan,0.765922294,nan,nan,0.045354851,0,0,0
194.400000000,post,1,3,0.016000000,-0.126000000,-0.100000000,-1.968155644,2.042202497,0.001272459,-2.025927377,1.990017412,0.047429396,2.780007362,2.840211363,-0.060204001,nan,nan,nan,nan,nan,nan,nan,nan,1.449808680,nan,nan,0.045354851,0,0,0
194.500000000,pre,1,0,-0.004000000,-0.026000000,-0.200000000,-2.022063357,0.026814224,0.033946299,-2.001361711,0.003728810,0.026925124,2.012233257,2.001546293,0.010686964,nan,nan,nan,nan,nan,nan,nan,nan,0.045684479,nan,nan,0.000000000,0,0,0
194.500000000,pre,1,2,-0.004000000,-0.026000000,-0.200000000,0.048001731,2.036357412,-0.025157048,0.026460995,2.014127584,0.013153188,2.050447941,2.014344338,0.036103603,nan,nan,nan,nan,nan,nan,nan,nan,0.521388046,nan,nan,0.000000000,0,0,0
194.500000000,pre,1,3,-0.004000000,-0.026000000,-0.100000000,-1.967525574,2.055786109,0.000548152,-1.989225895,2.017510795,0.028254954,2.866076946,2.833402162,0.032674784,nan,nan,nan,nan,nan,nan,nan,nan,0.427056610,nan,nan,0.000000000,0,0,0
194.500000000,post,1,0,-0.004000000,-0.026000000,-0.200000000,-2.022063357,0.026814224,0.033946299,-2.011569787,0.038856546,0.026925124,2.012233257,2.012125195,0.000108062,nan,nan,nan,nan,nan,nan,nan,nan,0.000004671,nan,nan,0.021410603,0,0,0
194.500000000,post,1,2,-0.004000000,-0.026000000,-0.200000000,0.048001731,2.036357412,-0.025157048,0.016252919,2.049255320,0.013153188,2.050447941,2.049361981,0.001085960,nan,nan,nan,nan,nan,nan,nan,nan,0.000471723,nan,nan,0.021410603,0,0,0
194.500000000,post,1,3,-0.004000000,-0.026000000,-0.100000000,-1.967525574,2.055786109,0.000548152,-1.999433971,2.052638532,0.028254954,2.866076946,2.865634221,0.000442725,nan,nan,nan,nan,nan,nan,nan,nan,0.000078402,nan,nan,0.021410603,0,0,0
194.600000000,pre,1,0,0.016000000,-0.126000000,-0.200000000,-2.030820495,0.034218645,0.032731519,-2.041882161,0.022878291,0.008488349,2.035149813,2.042027969,-0.006878156,nan,nan,nan,nan,nan,nan,nan,nan,0.018923614,nan,nan,0.000000000,0,0,0
194.600000000,pre,1,2,0.016000000,-0.126000000,-0.200000000,0.055872169,2.043164268,-0.027288089,0.001543194,2.026206545,0.014184461,2.068293810,2.026256781,0.042037029,nan,nan,nan,nan,nan,nan,nan,nan,0.706844727,nan,nan,0.000000000,0,0,0
194.600000000,pre,1,3,0.016000000,-0.126000000,-0.100000000,-1.966767382,2.071377538,-0.000800123,-1.973840577,2.063366746,0.024274723,2.829615116,2.855541667,-0.025926551,nan,nan,nan,nan,nan,nan,nan,nan,0.268874424,nan,nan,0.000000000,0,0,0
194.600000000,post,1,0,0.016000000,-0.126000000,-0.200000000,-2.030820495,0.034218645,0.032731519,-2.017763196,0.045427772,0.008488349,2.035149813,2.018292360,0.016857453,nan,nan,nan,nan,nan,nan,nan,nan,0.113669488,nan,nan,0.017443257,0,0,0
194.600000000,post,1,2,0.016000000,-0.126000000,-0.200000000,0.055872169,2.043164268,-0.027288089,0.025662159,2.048756026,0.014184461,2.068293810,2.048965837,0.019327973,nan,nan,nan,nan,nan,nan,nan,nan,0.149428221,nan,nan,0.017443257,0,0,0
194.600000000,post,1,3,0.016000000,-0.126000000,-0.100000000,-1.966767382,2.071377538,-0.000800123,-1.949721612,2.085916228,0.024274723,2.829615116,2.855354643,-0.025739526,nan,nan,nan,nan,nan,nan,nan,nan,0.265009290,nan,nan,0.017443257,0,0,0
194.700000000,pre,1,0,-0.004000000,-0.226000000,-0.200000000,-2.035772068,0.038109784,0.031862405,-2.029883082,0.011180564,-0.003528814,2.027495146,2.029916940,-0.002421794,nan,nan,nan,nan,nan,nan,nan,nan,0.002346035,nan,nan,0.000000000,0,0,0
194.700000000,pre,1,2,-0.004000000,-0.226000000,-0.200000000,0.059975172,2.046653661,-0.029078050,0.089423878,2.027155872,0.000667247,2.053673029,2.029127400,0.024545629,nan,nan,nan,nan,nan,nan,nan,nan,0.240995155,nan,nan,0.000000000,0,0,0
194.700000000,pre,1,3,-0.004000000,-0.226000000,-0.100000000,-1.966365016,2.079673196,-0.001854008,-1.980468138,2.058241698,0.034595160,2.823033571,2.856538072,-0.033504501,nan,nan,nan,nan,nan,nan,nan,nan,0.449020640,nan,nan,0.000000000,0,0,0
194.700000000,post,1,0,-0.004000000,-0.226000000,-0.200000000,-2.035772068,0.038109784,0.031862405,-2.010488064,0.017032953,-0.003528814,2.027495146,2.010563311,0.016931834,nan,nan,nan,nan,nan,nan,nan,nan,0.114674806,nan,nan,0.006566675,0,0,0
194.700000000,post,1,2,-0.004000000,-0.226000000,-0.200000000,0.059975172,2.046653661,-0.029078050,0.108818896,2.033008261,0.000667247,2.053673029,2.035918610,0.017754419,nan,nan,nan,nan,nan,nan,nan,nan,0.126087759,nan,nan,0.006566675,0,0,0
194.700000000,post,1,3,-0.004000000,-0.226000000,-0.100000000,-1.966365016,2.079673196,-0.001854008,-1.961073121,2.064094086,0.034595160,2.823033571,2.847365275,-0.024331703,nan,nan,nan,nan,nan,nan,nan,nan,0.236812714,nan,nan,0.006566675,0,0,0
194.800000000,pre,1,0,0.016000000,-0.126000000,-0.200000000,-2.041475130,0.042103310,0.030724025,-2.026758844,0.002122722,-0.010413416,1.994436622,2.026786707,-0.032350086,nan,nan,nan,nan,nan,nan,nan,nan,0.418611217,nan,nan,0.000000000,0,0,0
194.800000000,pre,1,2,0.016000000,-0.126000000,-0.200000000,0.064081639,2.050121276,-0.031544392,0.098166508,2.037892396,-0.020459405,2.057224274,2.040357975,0.016866299,nan,nan,nan,nan,nan,nan,nan,nan,0.113788812,nan,nan,0.000000000,0,0,0
194.800000000,pre,1,3,0.016000000,-0.126000000,-0.100000000,-1.965991117,2.088337395,-0.003459448,-1.907717410,2.077851782,0.030706745,2.862181425,2.820956690,0.041224735,nan,nan,nan,nan,nan,nan,nan,nan,0.679791498,nan,nan,0.000000000,0,0,0
194.800000000,post,1,0,0.016000000,-0.126000000,-0.200000000,-2.041475130,0.042103310,0.030724025,-2.012756208,0.035796599,-0.010413416,1.994436622,2.013101436,-0.018664814,nan,nan,nan,nan,nan,nan,nan,nan,0.139350113,nan,nan,0.021280061,0,0,0
194.800000000,post,1,2,0.016000000,-0.126000000,-0.200000000,0.064081639,2.050121276,-0.031544392,0.112169143,2.071566272,-0.020459405,2.057224274,2.074701744,-0.017477470,nan,nan,nan,nan,nan,nan,nan,nan,0.122184783,nan,nan,0.021280061,0,0,0
194.800000000,post,1,3,0.016000000,-0.126000000,-0.100000000,-1.965991117,2.088337395,-0.003459448,-1.893714775,2.111525659,0.030706745,2.862181425,2.836483591,0.025697834,nan,nan,nan,nan,nan,nan,nan,nan,0.264151478,nan,nan,0.021280061,0,0,0
194.900000000,pre,1,0,-0.004000000,-0.226000000,-0.200000000,-2.045663806,0.044351080,0.029584450,-2.028428156,0.057440083,0.006760858,1.990621567,2.029252536,-0.038630969,nan,nan,nan,nan,nan,nan,nan,nan,0.596940721,nan,nan,0.000000000,0,0,0
194.900000000,pre,1,2,-0.004000000,-0.226000000,-0.200000000,0.066251465,2.051980729,-0.033849417,0.100931019,2.047569930,-0.018327690,2.073043346,2.050137945,0.022905401,nan,nan,nan,nan,nan,nan,nan,nan,0.209862960,nan,nan,0.000000000,0,0,0
194.900000000,pre,1,3,-0.004000000,-0.226000000,-0.100000000,-1.965869467,2.093451126,-0.005165267,-1.897956592,2.124863294,0.057032805,2.898235798,2.849655415,0.048580383,nan,nan,nan,nan,nan,nan,nan,nan,0.944021447,nan,nan,0.000000000,0,0,0
194.900000000,post,1,0,-0.004000000,-0.226000000,-0.200000000,-2.045663806,0.044351080,0.029584450,-2.009553792,0.099167257,0.006760858,1.990621567,2.012010511,-0.021388944,nan,nan,nan,nan,nan,nan,nan,nan,0.182994777,nan,nan,0.033558378,0,0,0
194.900000000,post,1,2,-0.004000000,-0.226000000,-0.200000000,0.066251465,2.051980729,-0.033849417,0.119805383,2.089297104,-0.018327690,2.073043346,2.092809505,-0.019766158,nan,nan,nan,nan,nan,nan,nan,nan,0.156280405,nan,nan,0.033558378,0,0,0
194.900000000,post,1,3,-0.004000000,-0.226000000,-0.100000000,-1.965869467,2.093451126,-0.005165267,-1.879082228,2.166590467,0.057032805,2.898235798,2.868504317,0.029731481,nan,nan,nan,nan,nan,nan,nan,nan,0.353584391,nan,nan,0.033558378,0,0,0
195.000000000,pre,1,0,0.016000000,-0.326000000,-0.200000000,-2.047613832,0.044926024,0.028634770,-2.063359806,0.069209287,-0.001790116,2.069038391,2.064520966,0.004517425,nan,nan,nan,nan,nan,nan,nan,nan,0.008162852,nan,nan,0.000000000,0,0,0
195.000000000,pre,1,2,0.016000000,-0.326000000,-0.200000000,0.066704116,2.052401825,-0.035496560,0.137014612,2.041985048,-0.040583656,2.066819668,2.046978987,0.019840681,nan,nan,nan,nan,nan,nan,nan,nan,0.157461047,nan,nan,0.000000000,0,0,0
195.000000000,pre,1,3,0.016000000,-0.326000000,-0.100000000,-1.965929934,2.094965191,-0.006539411,-1.907274121,2.133615176,0.054537961,2.944522858,2.862338674,0.082184184,nan,nan,nan,nan,nan,nan,nan,nan,2.701696041,nan,nan,0.000000000,0,0,0
195.000000000,post,1,0,0.016000000,-0.326000000,-0.200000000,-2.047613832,0.044926024,0.028634770,-2.088272717,0.112588887,-0.001790116,2.069038391,2.091306387,-0.022267995,nan,nan,nan,nan,nan,nan,nan,nan,0.198345449,nan,nan,0.040039086,0,0,0
195.000000000,post,1,2,0.016000000,-0.326000000,-0.200000000,0.066704116,2.052401825,-0.035496560,0.112101701,2.085364648,-0.040583656,2.066819668,2.088769863,-0.021950195,nan,nan,nan,nan,nan,nan,nan,nan,0.192724430,nan,nan,0.040039086,0,0,0
195.000000000,post,1,3,0.016000000,-0.326000000,-0.100000000,-1.965929934,2.094965191,-0.006539411,-1.932187032,2.176994777,0.054537961,2.944522858,2.911293076,0.033229782,nan,nan,nan,nan,nan,nan,nan,nan,0.441687357,nan,nan,0.040039086,0,0,0
195.100000000,pre,1,0,-0.004000000,-0.126000000,-0.200000000,-2.049239907,0.044625337,0.027095105,-2.081884613,0.088384586,-0.009998040,2.091094732,2.083783899,0.007310833,nan,nan,nan,nan,nan,nan,nan,nan,0.021379313,nan,nan,0.000000000,0,0,0
195.100000000,pre,1,2,-0.004000000,-0.126000000,-0.200000000,0.066164279,2.052007313,-0.037815441,0.091119692,2.032422456,-0.061347356,2.067395687,2.035388743,0.032006944,nan,nan,nan,nan,nan,nan,nan,nan,0.409777783,nan,nan,0.000000000,0,0,0
195.100000000,pre,1,3,-0.004000000,-0.126000000,-0.100000000,-1.966164655,2.094768071,-0.008629689,-1.930842922,2.132367114,0.046322686,2.918283463,2.877027927,0.041255536,nan,nan,nan,nan,nan,nan,nan,nan,0.680807690,nan,nan,0.000000000,0,0,0
195.100000000,post,1,0,-0.004000000,-0.126000000,-0.200000000,-2.049239907,0.044625337,0.027095105,-2.092079383,0.124692344,-0.009998040,2.091094732,2.095815900,-0.004721167,nan,nan,nan,nan,nan,nan,nan,nan,0.008915768,nan,nan,0.022754985,0,0,0
195.100000000,post,1,2,-0.004000000,-0.126000000,-0.200000000,0.066164279,2.052007313,-0.037815441,0.080924923,2.068730214,-0.061347356,2.067395687,2.071221146,-0.003825459,nan,nan,nan,nan,nan,nan,nan,nan,0.005853656,nan,nan,0.022754985,0,0,0
195.100000000,post,1,3,-0.004000000,-0.126000000,-0.100000000,-1.966164655,2.094768071,-0.008629689,-1.941037692,2.168674872,0.046322686,2.918283463,2.910828716,0.007454747,nan,nan,nan,nan,nan,nan,nan,nan,0.022229300,nan,nan,0.022754985,0,0,0
195.200000000,pre,1,0,0.016000000,-0.226000000,-0.200000000,-2.049678093,0.043712688,0.025863875,-2.051405038,0.069410449,0.004376677,2.028147221,2.052583639,-0.024436418,nan,nan,nan,nan,nan,nan,nan,nan,0.238855414,nan,nan,0.000000000,0,0,0
195.200000000,pre,1,2,0.016000000,-0.226000000,-0.200000000,0.065040034,2.051082080,-0.039566172,0.100726619,2.105931539,-0.051628465,2.138338566,2.108971076,0.029367490,nan,nan,nan,nan,nan,nan,nan,nan,0.344979786,nan,nan,0.000000000,0,0,0
195.200000000,pre,1,3,0.016000000,-0.226000000,-0.100000000,-1.966405498,2.093119984,-0.010262661,-1.978285246,2.104528616,0.039524280,2.927076578,2.888635557,0.038441022,nan,nan,nan,nan,nan,nan,nan,nan,0.591084856,nan,nan,0.000000000,0,0,0
195.200000000,post,1,0,0.016000000,-0.226000000,-0.200000000,-2.049678093,0.043712688,0.025863875,-2.038523969,0.109204510,0.004376677,2.028147221,2.041451629,-0.013304408,nan,nan,nan,nan,nan,nan,nan,nan,0.070802908,nan,nan,0.027991828,0,0,0
195.200000000,post,1,2,0.016000000,-0.226000000,-0.200000000,0.065040034,2.051082080,-0.039566172,0.113607687,2.145725600,-0.051628465,2.138338566,2.149351195,-0.011012629,nan,nan,nan,nan,nan,nan,nan,nan,0.048511196,nan,nan,0.027991828,0,0,0
195.200000000,post,1,3,0.016000000,-0.226000000,-0.100000000,-1.966405498,2.093119984,-0.010262661,-1.965404177,2.144322677,0.039524280,2.927076578,2.909036867,0.018039712,nan,nan,nan,nan,nan,nan,nan,nan,0.130172478,nan,nan,0.027991828,0,0,0
195.300000000,pre,1,0,-0.004000000,-0.126000000,-0.200000000,-2.049400824,0.041781169,0.024056633,-2.055598443,0.075249356,-0.000179844,2.029615402,2.056975318,-0.027359916,nan,nan,nan,nan,nan,nan,nan,nan,0.299425994,nan,nan,0.000000000,0,0,0
195.300000000,pre,1,2,-0.004000000,-0.126000000,-0.200000000,0.062825131,2.049204953,-0.041741401,0.088887765,2.176981118,-0.047732316,2.099989414,2.179317828,-0.079328414,nan,nan,nan,nan,nan,nan,nan,nan,2.517198895,nan,nan,0.000000000,0,0,0
195.300000000,pre,1,3,-0.004000000,-0.126000000,-0.100000000,-1.966786912,2.089315661,-0.012723238,-1.947250137,2.169185563,0.040584213,2.887359142,2.915269487,-0.027910345,nan,nan,nan,nan,nan,nan,nan,nan,0.311594938,nan,nan,0.000000000,0,0,0
195.300000000,post,1,0,-0.004000000,-0.126000000,-0.200000000,-2.049400824,0.041781169,0.024056633,-2.046417446,0.014741233,-0.000179844,2.029615402,2.046470547,-0.016855145,nan,nan,nan,nan,nan,nan,nan,nan,0.113638361,nan,nan,0.059928379,0,0,0
195.300000000,post,1,2,-0.004000000,-0.126000000,-0.200000000,0.062825131,2.049204953,-0.041741401,0.098068762,2.116472994,-0.047732316,2.099989414,2.119281433,-0.019292019,nan,nan,nan,nan,nan,nan,nan,nan,0.148872796,nan,nan,0.059928379,0,0,0
195.300000000,post,1,3,-0.004000000,-0.126000000,-0.100000000,-1.966786912,2.089315661,-0.012723238,-1.938069140,2.108677440,0.040584213,2.887359142,2.864311368,0.023047774,nan,nan,nan,nan,nan,nan,nan,nan,0.212479956,nan,nan,0.059928379,0,0,0
195.400000000,pre,1,0,0.016000000,-0.226000000,-0.200000000,-2.048291425,0.039192377,0.022374297,-2.092364962,0.020719993,0.027780781,2.058998585,2.092651960,-0.033653375,nan,nan,nan,nan,nan,nan,nan,nan,0.453019866,nan,nan,0.000000000,0,0,0
195.400000000,pre,1,2,0.016000000,-0.226000000,-0.200000000,0.059979921,2.046770257,-0.043365446,0.105236774,2.024460277,-0.024339719,2.063990116,2.027339787,0.036650329,nan,nan,nan,nan,nan,nan,nan,nan,0.537298640,nan,nan,0.000000000,0,0,0
195.400000000,pre,1,3,0.016000000,-0.226000000,-0.100000000,-1.967223749,2.083997128,-0.015255000,-1.946779208,2.105160665,0.052968177,2.864262342,2.867831295,-0.003568953,nan,nan,nan,nan,nan,nan,nan,nan,0.005094970,nan,nan,0.000000000,0,0,0
195.400000000,post,1,0,0.016000000,-0.226000000,-0.200000000,-2.048291425,0.039192377,0.022374297,-2.057315720,0.051849480,0.027780781,2.058998585,2.058156483,0.000842101,nan,nan,nan,nan,nan,nan,nan,nan,0.000283654,nan,nan,0.035159909,0,0,0
195.400000000,post,1,2,0.016000000,-0.226000000,-0.200000000,0.059979921,2.046770257,-0.043365446,0.140286016,2.055589763,-0.024339719,2.063990116,2.060514951,0.003475165,nan,nan,nan,nan,nan,nan,nan,nan,0.004830709,nan,nan,0.035159909,0,0,0
195.400000000,post,1,3,0.016000000,-0.226000000,-0.100000000,-1.967223749,2.083997128,-0.015255000,-1.911729965,2.136290151,0.052968177,2.864262342,2.867272693,-0.003010351,nan,nan,nan,nan,nan,nan,nan,nan,0.003624885,nan,nan,0.035159909,0,0,0
195.500000000,pre,1,0,-0.004000000,-0.126000000,-0.200000000,-2.047006491,0.036943621,0.021237259,-2.044055243,0.067640517,0.017730620,2.031689882,2.045250950,-0.013561068,nan,nan,nan,nan,nan,nan,nan,nan,0.073561025,nan,nan,0.000000000,0,0,0
195.500000000,pre,1,2,-0.004000000,-0.126000000,-0.200000000,0.057589922,2.044680373,-0.044149775,0.135009040,2.040037086,-0.021869812,2.081247807,2.044616600,0.036631206,nan,nan,nan,nan,nan,nan,nan,nan,0.536738113,nan,nan,0.000000000,0,0,0
195.500000000,pre,1,3,-0.004000000,-0.126000000,-0.100000000,-1.967541723,2.079285004,-0.017016698,-1.912551082,2.097703660,0.045998084,2.899269581,2.839071698,0.060197883,nan,nan,nan,nan,nan,nan,nan,nan,1.449514024,nan,nan,0.000000000,0,0,0
195.500000000,post,1,0,-0.004000000,-0.126000000,-0.200000000,-2.047006491,0.036943621,0.021237259,-2.044097837,0.118299866,0.017730620,2.031689882,2.047594980,-0.015905098,nan,nan,nan,nan,nan,nan,nan,nan,0.101188853,nan,nan,0.041061943,0,0,0
195.500000000,post,1,2,-0.004000000,-0.126000000,-0.200000000,0.057589922,2.044680373,-0.044149775,0.134966445,2.090696435,-0.021869812,2.081247807,2.095162479,-0.013914672,nan,nan,nan,nan,nan,nan,nan,nan,0.077447242,nan,nan,0.041061943,0,0,0
195.500000000,post,1,3,-0.004000000,-0.126000000,-0.100000000,-1.967541723,2.079285004,-0.017016698,-1.912593677,2.148363008,0.045998084,2.899269581,2.876733219,0.022536362,nan,nan,nan,nan,nan,nan,nan,nan,0.203155046,nan,nan,0.041061943,0,0,0
195.600000000,pre,1,0,0.018000000,-0.226000000,-0.200000000,-2.044642491,0.033440485,0.019769303,-2.045263770,0.082582300,-0.004149076,1.987549186,2.046934523,-0.059385337,nan,nan,nan,nan,nan,nan,nan,nan,1.410647301,nan,nan,0.000000000,0,0,0
195.600000000,pre,1,2,0.018000000,-0.226000000,-0.200000000,0.053986918,2.041417357,-0.044624511,0.080701638,2.112694762,-0.020795979,2.021284342,2.114337813,-0.093053471,nan,nan,nan,nan,nan,nan,nan,nan,3.463579378,nan,nan,0.000000000,0,0,0
195.600000000,pre,1,3,0.018000000,-0.226000000,-0.100000000,-1.967915113,2.071846955,-0.019224655,-1.866312762,2.144403559,0.027233185,2.888118029,2.842944177,0.045173852,nan,nan,nan,nan,nan,nan,nan,nan,0.816270744,nan,nan,0.000000000,0,0,0
195.600000000,post,1,0,0.018000000,-0.226000000,-0.200000000,-2.044642491,0.033440485,0.019769303,-2.039840285,0.046476958,-0.004149076,1.987549186,2.040373914,-0.052824728,nan,nan,nan,nan,nan,nan,nan,nan,1.116180765,nan,nan,0.021328158,0,0,0
195.600000000,post,1,2,0.018000000,-0.226000000,-0.200000000,0.053986918,2.041417357,-0.044624511,0.086125123,2.076589421,-0.020795979,2.021284342,2.078478682,-0.057194341,nan,nan,nan,nan,nan,nan,nan,nan,1.308477039,nan,nan,0.021328158,0,0,0
195.600000000,post,1,3,0.018000000,-0.226000000,-0.100000000,-1.967915113,2.071846955,-0.019224655,-1.860889276,2.108298217,0.027233185,2.888118029,2.812218327,0.075899702,nan,nan,nan,nan,nan,nan,nan,nan,2.304305888,nan,nan,0.021328158,0,0,0
195.700000000,pre,1,0,0.036000000,-0.326000000,-0.200000000,-2.041979976,0.029943102,0.018443509,-2.026130411,0.034193911,-0.015394203,2.036144495,2.026477398,0.009667097,nan,nan,nan,nan,nan,nan,nan,nan,0.037381104,nan,nan,0.000000000,0,0,0
195.700000000,pre,1,2,0.036000000,-0.326000000,-0.200000000,0.050457202,2.038100137,-0.044364855,0.118195042,1.986481137,-0.028015602,2.054195642,1.990191510,0.064004132,nan,nan,nan,nan,nan,nan,nan,nan,1.638611568,nan,nan,0.000000000,0,0,0
195.700000000,pre,1,3,0.036000000,-0.326000000,-0.100000000,-1.968164389,2.064273907,-0.020796519,-1.923482783,2.070437179,0.028275864,2.860498905,2.826180400,0.034318505,nan,nan,nan,nan,nan,nan,nan,nan,0.471103917,nan,nan,0.000000000,0,0,0
195.700000000,post,1,0,0.036000000,-0.326000000,-0.200000000,-2.041979976,0.029943102,0.018443509,-2.027983376,0.090287228,-0.015394203,2.036144495,2.030050576,0.006093919,nan,nan,nan,nan,nan,nan,nan,nan,0.014854341,nan,nan,0.050398299,0,0,0
195.700000000,post,1,2,0.036000000,-0.326000000,-0.200000000,0.050457202,2.038100137,-0.044364855,0.116342077,2.042574454,-0.028015602,2.054195642,2.046076917,0.008118725,nan,nan,nan,nan,nan,nan,nan,nan,0.026365479,nan,nan,0.050398299,0,0,0
195.700000000,post,1,3,0.036000000,-0.326000000,-0.100000000,-1.968164389,2.064273907,-0.020796519,-1.925335749,2.126530496,0.028275864,2.860498905,2.868771378,-0.008272473,nan,nan,nan,nan,nan,nan,nan,nan,0.027373525,nan,nan,0.050398299,0,0,0
195.800000000,pre,1,0,0.016000000,-0.226000000,-0.200000000,-2.039173919,0.026551632,0.017268663,-1.972130223,0.109731266,-0.002686935,1.991305351,1.975182469,0.016122882,nan,nan,nan,nan,nan,nan,nan,nan,0.103978927,nan,nan,0.000000000,0,0,0
195.800000000,pre,1,2,0.016000000,-0.226000000,-0.200000000,0.047027604,2.034769226,-0.043867084,0.104623171,2.085035122,-0.021634707,2.046218872,2.087770468,-0.041551596,nan,nan,nan,nan,nan,nan,nan,nan,0.690614048,nan,nan,0.000000000,0,0,0
195.800000000,pre,1,3,0.016000000,-0.226000000,-0.100000000,-1.968305435,2.056708292,-0.021993860,-1.886363641,2.074353575,0.002957560,2.854642153,2.803804431,0.050837722,nan,nan,nan,nan,nan,nan,nan,nan,1.033789575,nan,nan,0.000000000,0,0,0
195.800000000,post,1,0,0.016000000,-0.226000000,-0.200000000,-2.039173919,0.026551632,0.017268663,-2.012051654,0.094735147,-0.002686935,1.991305351,2.014282460,-0.022977108,nan,nan,nan,nan,nan,nan,nan,nan,0.211179005,nan,nan,0.029097668,0,0,0
195.800000000,post,1,2,0.016000000,-0.226000000,-0.200000000,0.047027604,2.034769226,-0.043867084,0.064701740,2.070039003,-0.021634707,2.046218872,2.071162922,-0.024944050,nan,nan,nan,nan,nan,nan,nan,nan,0.248882255,nan,nan,0.029097668,0,0,0
195.800000000,post,1,3,0.016000000,-0.226000000,-0.100000000,-1.968305435,2.056708292,-0.021993860,-1.926285072,2.059357457,0.002957560,2.854642153,2.819846815,0.034795338,nan,nan,nan,nan,nan,nan,nan,nan,0.484286208,nan,nan,0.029097668,0,0,0
195.900000000,pre,1,0,-0.004000000,-0.326000000,-0.200000000,-2.035987983,0.022952923,0.015846206,-2.001922658,0.049005869,-0.006842777,1.995766878,2.002534076,-0.006767198,nan,nan,nan,nan,nan,nan,nan,nan,0.018317987,nan,nan,0.000000000,0,0,0
195.900000000,pre,1,2,-0.004000000,-0.326000000,-0.200000000,0.043329552,2.031116925,-0.043499680,0.111291436,2.067936662,-0.020350709,1.995314240,2.071029206,-0.075714966,nan,nan,nan,nan,nan,nan,nan,nan,2.293102427,nan,nan,0.000000000,0,0,0
195.900000000,pre,1,3,-0.004000000,-0.326000000,-0.100000000,-1.968357925,2.048393285,-0.023111639,-1.919897768,2.079100203,-0.002312682,2.824789047,2.829959442,-0.005170394,nan,nan,nan,nan,nan,nan,nan,nan,0.010693191,nan,nan,0.000000000,0,0,0
195.900000000,post,1,0,-0.004000000,-0.326000000,-0.200000000,-2.035987983,0.022952923,0.015846206,-2.014187205,-0.005155415,-0.006842777,1.995766878,2.014205426,-0.018438548,nan,nan,nan,nan,nan,nan,nan,nan,0.135992026,nan,nan,0.049341822,0,0,0
195.900000000,post,1,2,-0.004000000,-0.326000000,-0.200000000,0.043329552,2.031116925,-0.043499680,0.099026888,2.013775378,-0.020350709,1.995314240,2.016311421,-0.020997181,nan,nan,nan,nan,nan,nan,nan,nan,0.176352643,nan,nan,0.049341822,0,0,0
195.900000000,post,1,3,-0.004000000,-0.326000000,-0.100000000,-1.968357925,2.048393285,-0.023111639,-1.932162316,2.024938918,-0.002312682,2.824789047,2.798863017,0.025926031,nan,nan,nan,nan,nan,nan,nan,nan,0.268863624,nan,nan,0.049341822,0,0,0
196.000000000,pre,1,0,0.018000000,-0.426000000,-0.200000000,-2.033460135,0.020244255,0.014577890,-2.009158727,-0.032154985,-0.003209586,2.012881517,2.009418581,0.003462937,nan,nan,nan,nan,nan,nan,nan,nan,0.004796772,nan,nan,0.000000000,0,0,0
196.000000000,pre,1,2,0.018000000,-0.426000000,-0.200000000,0.040466078,2.028296759,-0.043477695,0.032145370,2.014443683,-0.038628750,1.955420256,2.015070435,-0.059650179,nan,nan,nan,nan,nan,nan,nan,nan,1.423257541,nan,nan,0.000000000,0,0,0
196.000000000,pre,1,3,0.018000000,-0.426000000,-0.100000000,-1.968343160,2.041907640,-0.024143692,-1.899101662,2.017304699,-0.017067356,2.775595665,2.770631095,0.004964570,nan,nan,nan,nan,nan,nan,nan,nan,0.009858781,nan,nan,0.000000000,0,0,0
196.000000000,post,1,0,0.018000000,-0.426000000,-0.200000000,-2.033460135,0.020244255,0.014577890,-2.026697489,-0.073231857,-0.003209586,2.012881517,2.028022662,-0.015141145,nan,nan,nan,nan,nan,nan,nan,nan,0.091701703,nan,nan,0.031918681,0,0,0
196.000000000,post,1,2,0.018000000,-0.426000000,-0.200000000,0.040466078,2.028296759,-0.043477695,0.014606608,1.973366811,-0.038628750,1.955420256,1.973798902,-0.018378646,nan,nan,nan,nan,nan,nan,nan,nan,0.135109851,nan,nan,0.031918681,0,0,0
196.000000000,post,1,3,0.018000000,-0.426000000,-0.100000000,-1.968343160,2.041907640,-0.024143692,-1.916640424,1.976227827,-0.017067356,2.775595665,2.753048898,0.022546767,nan,nan,nan,nan,nan,nan,nan,nan,0.203342680,nan,nan,0.031918681,0,0,0
196.100000000,pre,1,0,-0.002000000,-0.226000000,-0.200000000,-2.029538231,0.016201417,0.012179126,-2.036168887,-0.043812385,0.009352786,1.987596154,2.036661665,-0.049065511,nan,nan,nan,nan,nan,nan,nan,nan,0.962969735,nan,nan,0.000000000,0,0,0
196.100000000,pre,1,2,-0.002000000,-0.226000000,-0.200000000,0.036035945,2.023943431,-0.044191535,0.005383972,1.992743982,-0.032110038,1.985438943,1.993009940,-0.007570997,nan,nan,nan,nan,nan,nan,nan,nan,0.022927996,nan,nan,0.000000000,0,0,0
196.100000000,pre,1,3,-0.002000000,-0.226000000,-0.100000000,-1.968255812,2.031933041,-0.025999127,-2.034266272,1.969628160,0.002203712,2.841121435,2.831550673,0.009570763,nan,nan,nan,nan,nan,nan,nan,nan,0.036639799,nan,nan,0.000000000,0,0,0
196.100000000,post,1,0,-0.002000000,-0.226000000,-0.200000000,-2.029538231,0.016201417,0.012179126,-2.006211558,-0.034518817,0.009352786,1.987596154,2.006530298,-0.018934144,nan,nan,nan,nan,nan,nan,nan,nan,0.143400727,nan,nan,0.015740992,0,0,0
196.100000000,post,1,2,-0.002000000,-0.226000000,-0.200000000,0.036035945,2.023943431,-0.044191535,0.035341301,2.002037549,-0.032110038,1.985438943,2.002606904,-0.017167961,nan,nan,nan,nan,nan,nan,nan,nan,0.117895551,nan,nan,0.015740992,0,0,0
196.100000000,post,1,3,-0.002000000,-0.226000000,-0.100000000,-1.968255812,2.031933041,-0.025999127,-2.004308943,1.978921727,0.002203712,2.841121435,2.816627486,0.024493949,nan,nan,nan,nan,nan,nan,nan,nan,0.239981410,nan,nan,0.015740992,0,0,0
196.200000000,pre,1,0,0.018000000,-0.326000000,-0.200000000,-2.026321381,0.012978809,0.010028116,-1.974592729,-0.010296394,0.028224457,2.050933361,1.974821278,0.076112083,nan,nan,nan,nan,nan,nan,nan,nan,2.317219683,nan,nan,0.000000000,0,0,0
196.200000000,pre,1,2,0.018000000,-0.326000000,-0.200000000,0.032358185,2.020312796,-0.045023573,-0.037207450,2.051733444,-0.014779267,2.045664310,2.052124008,-0.006459698,nan,nan,nan,nan,nan,nan,nan,nan,0.016691078,nan,nan,0.000000000,0,0,0
196.200000000,pre,1,3,0.018000000,-0.326000000,-0.100000000,-1.968148424,2.023835429,-0.027420477,-1.977686320,1.998264133,0.006665075,2.876114368,2.811467081,0.064647287,nan,nan,nan,nan,nan,nan,nan,nan,1.671708702,nan,nan,0.000000000,0,0,0
196.200000000,post,1,0,0.018000000,-0.326000000,-0.200000000,-2.026321381,0.012978809,0.010028116,-2.054175163,-0.012767719,0.028224457,2.050933361,2.054408731,-0.003475370,nan,nan,nan,nan,nan,nan,nan,nan,0.004831279,nan,nan,0.101431541,0,0,0
196.200000000,post,1,2,0.018000000,-0.326000000,-0.200000000,0.032358185,2.020312796,-0.045023573,-0.116789885,2.049262119,-0.014779267,2.045664310,2.052640625,-0.006976315,nan,nan,nan,nan,nan,nan,nan,nan,0.019467587,nan,nan,0.101431541,0,0,0
196.200000000,post,1,3,0.018000000,-0.326000000,-0.100000000,-1.968148424,2.023835429,-0.027420477,-2.057268754,1.995792808,0.006665075,2.876114368,2.866284718,0.009829650,nan,nan,nan,nan,nan,nan,nan,nan,0.038648811,nan,nan,0.101431541,0,0,0
196.300000000,pre,1,0,-0.004000000,-0.426000000,-0.200000000,-2.023704951,0.010376703,0.008374850,-2.069738102,-0.015127608,0.018446628,2.031765699,2.069875584,-0.038109885,nan,nan,nan,nan,nan,nan,nan,nan,0.580945333,nan,nan,0.000000000,0,0,0
196.300000000,pre,1,2,-0.004000000,-0.426000000,-0.200000000,0.029271076,2.017248067,-0.045795585,-0.053315099,2.010238396,-0.002825203,2.027779341,2.010947262,0.016832079,nan,nan,nan,nan,nan,nan,nan,nan,0.113327549,nan,nan,0.000000000,0,0,0
196.300000000,pre,1,3,-0.004000000,-0.426000000,-0.100000000,-1.968056805,2.017227648,-0.028272000,-2.075507944,2.011295924,0.001409197,2.864902258,2.890163750,-0.025261493,nan,nan,nan,nan,nan,nan,nan,nan,0.255257202,nan,nan,0.000000000,0,0,0
196.300000000,post,1,0,-0.004000000,-0.426000000,-0.200000000,-2.023704951,0.010376703,0.008374850,-2.029364944,-0.002092123,0.018446628,2.031765699,2.029449860,0.002315840,nan,nan,nan,nan,nan,nan,nan,nan,0.002145246,nan,nan,0.028798652,0,0,0
196.300000000,post,1,2,-0.004000000,-0.426000000,-0.200000000,0.029271076,2.017248067,-0.045795585,-0.012941941,2.023273881,-0.002825203,2.027779341,2.023317245,0.004462096,nan,nan,nan,nan,nan,nan,nan,nan,0.007964119,nan,nan,0.028798652,0,0,0
196.300000000,post,1,3,-0.004000000,-0.426000000,-0.100000000,-1.968056805,2.017227648,-0.028272000,-2.035134786,2.024331409,0.001409197,2.864902258,2.870486585,-0.005584327,nan,nan,nan,nan,nan,nan,nan,nan,0.012473885,nan,nan,0.028798652,0,0,0
196.400000000,pre,1,0,0.018000000,nan,-0.200000000,-2.020474166,0.007118136,0.006782952,-1.934660078,0.001433140,0.021826579,1.986166716,1.934783727,0.051382988,nan,nan,nan,nan,nan,nan,nan,nan,1.056084603,nan,nan,0.000000000,0,0,0
196.400000000,pre,1,2,0.018000000,nan,-0.200000000,0.025260069,2.013234583,-0.046453855,-0.077577029,1.982045278,-0.016642342,2.055320263,1.983632690,0.071687573,nan,nan,nan,nan,nan,nan,nan,nan,2.055643260,nan,nan,0.000000000,0,0,0
196.400000000,pre,1,3,0.018000000,nan,-0.100000000,-1.967961821,2.008892766,-0.028513336,-2.010684924,2.013664255,0.001765121,2.753347874,2.845645922,-0.092298048,nan,nan,nan,nan,nan,nan,nan,nan,3.407571860,nan,nan,0.000000000,0,0,0
196.400000000,post,1,0,0.018000000,nan,-0.200000000,-2.020474166,0.007118136,0.006782952,-1.924800735,0.008975279,0.021826579,1.986166716,1.924945408,0.061221308,nan,nan,nan,nan,nan,nan,nan,nan,1.499219408,nan,nan,0.002465448,0,0,0
196.400000000,post,1,2,0.018000000,nan,-0.200000000,0.025260069,2.013234583,-0.046453855,-0.067717686,1.989587418,-0.016642342,2.055320263,1.990809068,0.064511195,nan,nan,nan,nan,nan,nan,nan,nan,1.664677713,nan,nan,0.002465448,0,0,0
196.400000000,post,1,3,0.018000000,nan,-0.100000000,-1.967961821,2.008892766,-0.028513336,-2.000825581,2.021206394,0.001765121,2.753347874,2.844043145,-0.090695271,nan,nan,nan,nan,nan,nan,nan,nan,3.290252874,nan,nan,0.002465448,0,0,0
196.500000000,pre,1,0,0.002000000,-0.226000000,-0.200000000,-2.019168380,0.005787831,0.006237148,-1.949611276,-0.010406287,0.018896636,2.017195225,1.949730622,0.067464602,nan,nan,nan,nan,nan,nan,nan,nan,1.820589036,nan,nan,0.000000000,0,0,0
196.500000000,pre,1,2,0.002000000,-0.226000000,-0.200000000,0.023568758,2.011538596,-0.046529235,-0.013445388,2.054464302,-0.013577681,2.040660381,2.054553163,-0.013892782,nan,nan,nan,nan,nan,nan,nan,nan,0.077203756,nan,nan,0.000000000,0,0,0
196.500000000,pre,1,3,0.002000000,-0.226000000,-0.100000000,-1.967942920,2.005458879,-0.028323000,-2.010222128,2.005403931,-0.022828772,2.720731020,2.839570228,-0.118839208,nan,nan,nan,nan,nan,nan,nan,nan,5.649102943,nan,nan,0.000000000,0,0,0
196.500000000,post,1,0,0.002000000,-0.226000000,-0.200000000,-2.019168380,0.005787831,0.006237148,-1.959215657,-0.078153506,0.018896636,2.017195225,1.960864871,0.056330354,nan,nan,nan,nan,nan,nan,nan,nan,1.269243498,nan,nan,0.074910877,0,0,0
196.500000000,post,1,2,0.002000000,-0.226000000,-0.200000000,0.023568758,2.011538596,-0.046529235,-0.023049769,1.986717083,-0.013577681,2.040660381,1.986897182,0.053763199,nan,nan,nan,nan,nan,nan,nan,nan,1.156192626,nan,nan,0.074910877,0,0,0
196.500000000,post,1,3,0.002000000,-0.226000000,-0.100000000,-1.967942920,2.005458879,-0.028323000,-2.019826509,1.937656711,-0.022828772,2.720731020,2.799059451,-0.078328431,nan,nan,nan,nan,nan,nan,nan,nan,2.454137233,nan,nan,0.074910877,0,0,0
196.600000000,pre,1,0,0.016000000,-0.326000000,-0.200000000,-2.015825515,0.002406449,0.005164009,-1.987179159,-0.085095420,0.036441040,1.998402596,1.989334107,0.009068488,nan,nan,nan,nan,nan,nan,nan,nan,0.032894993,nan,nan,0.000000000,0,0,0
196.600000000,pre,1,2,0.016000000,-0.326000000,-0.200000000,0.019069658,2.007035857,-0.045939950,-0.026054994,1.968005195,-0.025138629,1.988859177,1.968338197,0.020520979,nan,nan,nan,nan,nan,nan,nan,nan,0.168444235,nan,nan,0.000000000,0,0,0
196.600000000,pre,1,3,0.016000000,-0.326000000,-0.100000000,-1.967990889,1.996565054,-0.027043176,-1.977542479,1.952202020,0.006571538,2.826015711,2.778814526,0.047201185,nan,nan,nan,nan,nan,nan,nan,nan,0.891180756,nan,nan,0.000000000,0,0,0
196.600000000,post,1,0,0.016000000,-0.326000000,-0.200000000,-2.015825515,0.002406449,0.005164009,-2.005968240,-0.056258017,0.036441040,1.998402596,2.007087814,-0.008685219,nan,nan,nan,nan,nan,nan,nan,nan,0.030173210,nan,nan,0.018954006,0,0,0
196.600000000,post,1,2,0.016000000,-0.326000000,-0.200000000,0.019069658,2.007035857,-0.045939950,-0.044844075,1.996842597,-0.025138629,1.988859177,1.997504268,-0.008645091,nan,nan,nan,nan,nan,nan,nan,nan,0.029895042,nan,nan,0.018954006,0,0,0
196.600000000,post,1,3,0.016000000,-0.326000000,-0.100000000,-1.967990889,1.996565054,-0.027043176,-1.996331560,1.981039423,0.006571538,2.826015711,2.812454458,0.013561253,nan,nan,nan,nan,nan,nan,nan,nan,0.073563033,nan,nan,0.018954006,0,0,0
196.700000000,pre,1,0,-0.004000000,-0.426000000,-0.200000000,-2.013655983,0.000293614,0.004765258,-2.064554791,0.036312944,0.033926203,1.956009269,2.065152803,-0.109143535,nan,nan,nan,nan,nan,nan,nan,nan,4.764924470,nan,nan,0.000000000,0,0,0
196.700000000,pre,1,2,-0.004000000,-0.426000000,-0.200000000,0.016072647,2.004023855,-0.044910968,0.002447024,2.018325029,-0.013524478,2.027898788,2.018371824,0.009526964,nan,nan,nan,nan,nan,nan,nan,nan,0.036305218,nan,nan,0.000000000,0,0,0
196.700000000,pre,1,3,-0.004000000,-0.426000000,-0.100000000,-1.968116602,1.990798022,-0.025619462,-2.012730664,1.960110993,-0.003259647,2.813388824,2.809471562,0.003917263,nan,nan,nan,nan,nan,nan,nan,nan,0.006137979,nan,nan,0.000000000,0,0,0
196.700000000,post,1,0,-0.004000000,-0.426000000,-0.200000000,-2.013655983,0.000293614,0.004765258,-1.984750973,0.068698250,0.033926203,1.956009269,1.986229307,-0.030220038,nan,nan,nan,nan,nan,nan,nan,nan,0.365300287,nan,nan,0.118679318,0,0,0
196.700000000,post,1,2,-0.004000000,-0.426000000,-0.200000000,0.016072647,2.004023855,-0.044910968,0.082250842,2.050710334,-0.013524478,2.027898788,2.052403709,-0.024504921,nan,nan,nan,nan,nan,nan,nan,nan,0.240196461,nan,nan,0.118679318,0,0,0
196.700000000,post,1,3,-0.004000000,-0.426000000,-0.100000000,-1.968116602,1.990798022,-0.025619462,-1.932926846,1.992496298,-0.003259647,2.813388824,2.776014826,0.037373998,nan,nan,nan,nan,nan,nan,nan,nan,0.558726304,nan,nan,0.118679318,0,0,0
196.800000000,pre,1,0,0.016000000,-0.126000000,-0.200000000,-2.011392232,-0.001848551,0.004647641,-1.936230445,0.032390502,0.036362514,1.976266503,1.936842717,0.039423786,nan,nan,nan,nan,nan,nan,nan,nan,0.621693957,nan,nan,0.000000000,0,0,0
196.800000000,pre,1,2,0.016000000,-0.126000000,-0.200000000,0.012891790,2.000795837,-0.043237613,0.087619351,2.020559333,-0.018032123,2.085802555,2.022538584,0.063263971,nan,nan,nan,nan,nan,nan,nan,nan,1.600931996,nan,nan,0.000000000,0,0,0
196.800000000,pre,1,3,0.016000000,-0.126000000,-0.100000000,-1.968370038,1.984755100,-0.023553988,-1.886817684,2.040177719,-0.027846150,2.786919117,2.779061263,0.007857854,nan,nan,nan,nan,nan,nan,nan,nan,0.024698348,nan,nan,0.000000000,0,0,0
196.800000000,post,1,0,0.016000000,-0.126000000,-0.200000000,-2.011392232,-0.001848551,0.004647641,-1.951657328,0.072074729,0.036362514,1.976266503,1.953326221,0.022940283,nan,nan,nan,nan,nan,nan,nan,nan,0.210502626,nan,nan,0.029005226,0,0,0
196.800000000,post,1,2,0.016000000,-0.126000000,-0.200000000,0.012891790,2.000795837,-0.043237613,0.072192468,2.060243560,-0.018032123,2.085802555,2.061586874,0.024215681,nan,nan,nan,nan,nan,nan,nan,nan,0.234559688,nan,nan,0.029005226,0,0,0
196.800000000,post,1,3,0.016000000,-0.126000000,-0.100000000,-1.968370038,1.984755100,-0.023553988,-1.902244567,2.079861946,-0.027846150,2.786919117,2.818711677,-0.031792560,nan,nan,nan,nan,nan,nan,nan,nan,0.404306741,nan,nan,0.029005226,0,0,0
196.900000000,pre,1,0,-0.004000000,-0.226000000,-0.200000000,-2.010025993,-0.003137158,0.004505790,-2.020273200,0.073456841,0.034054759,1.996289968,2.021895012,-0.025605043,nan,nan,nan,nan,nan,nan,nan,nan,0.262247292,nan,nan,0.000000000,0,0,0
196.900000000,pre,1,2,-0.004000000,-0.226000000,-0.200000000,0.010944192,1.998794143,-0.042079434,0.118003469,2.038361978,-0.017106489,2.101072550,2.041846469,0.059226081,nan,nan,nan,nan,nan,nan,nan,nan,1.403091469,nan,nan,0.000000000,0,0,0
196.900000000,pre,1,3,-0.004000000,-0.226000000,-0.100000000,-1.968594797,1.981065106,-0.022200342,-1.922110400,2.046692418,-0.043300273,2.780835390,2.808083539,-0.027248149,nan,nan,nan,nan,nan,nan,nan,nan,0.296984639,nan,nan,0.000000000,0,0,0
196.900000000,post,1,0,-0.004000000,-0.226000000,-0.200000000,-2.010025993,-0.003137158,0.004505790,-1.976442699,0.110647469,0.034054759,1.996289968,1.979830380,0.016459589,nan,nan,nan,nan,nan,nan,nan,nan,0.108367226,nan,nan,0.052868090,0,0,0
196.900000000,post,1,2,-0.004000000,-0.226000000,-0.200000000,0.010944192,1.998794143,-0.042079434,0.161833970,2.075552605,-0.017106489,2.101072550,2.081922545,0.019150005,nan,nan,nan,nan,nan,nan,nan,nan,0.146689076,nan,nan,0.052868090,0,0,0
196.900000000,post,1,3,-0.004000000,-0.226000000,-0.100000000,-1.968594797,1.981065106,-0.022200342,-1.878279899,2.083883046,-0.043300273,2.780835390,2.805775979,-0.024940589,nan,nan,nan,nan,nan,nan,nan,nan,0.248813186,nan,nan,0.052868090,0,0,0
197.000000000,pre,1,0,0.016000000,-0.224000000,-0.200000000,-2.008144934,-0.004903714,0.004232714,-2.012283481,0.104062858,0.029656945,1.981277108,2.015190666,-0.033913558,nan,nan,nan,nan,nan,nan,nan,nan,0.460051774,nan,nan,0.000000000,0,0,0
197.000000000,pre,1,2,0.016000000,-0.224000000,-0.200000000,0.008288238,1.995986237,-0.040312126,0.148304809,2.006394463,-0.036752386,2.045026541,2.012203716,0.032822825,nan,nan,nan,nan,nan,nan,nan,nan,0.430935127,nan,nan,0.000000000,0,0,0
197.000000000,pre,1,3,0.016000000,-0.224000000,-0.100000000,-1.968947398,1.976016067,-0.020176712,-1.840270957,2.053424352,-0.027732988,2.763154507,2.757520242,0.005634265,nan,nan,nan,nan,nan,nan,nan,nan,0.012697976,nan,nan,0.000000000,0,0,0
197.000000000,post,1,0,0.016000000,-0.224000000,-0.200000000,-2.008144934,-0.004903714,0.004232714,-1.980049898,0.135455191,0.029656945,1.981277108,1.984899303,-0.003622195,nan,nan,nan,nan,nan,nan,nan,nan,0.005248118,nan,nan,0.032391719,0,0,0
197.000000000,post,1,2,0.016000000,-0.224000000,-0.200000000,0.008288238,1.995986237,-0.040312126,0.180538392,2.037786796,-0.036752386,2.045026541,2.046098696,-0.001072155,nan,nan,nan,nan,nan,nan,nan,nan,0.000459807,nan,nan,0.032391719,0,0,0
197.000000000,post,1,3,0.016000000,-0.224000000,-0.100000000,-1.968947398,1.976016067,-0.020176712,-1.808037374,2.084816685,-0.027732988,2.763154507,2.759751597,0.003402910,nan,nan,nan,nan,nan,nan,nan,nan,0.004631919,nan,nan,0.032391719,0,0,0
197.100000000,pre,1,0,-0.004000000,-0.026000000,-0.200000000,-2.006294855,-0.006623333,0.004127507,-1.970701986,0.103180929,0.017817227,1.983461738,1.973481714,0.009980023,nan,nan,nan,nan,nan,nan,nan,nan,0.039840347,nan,nan,0.000000000,0,0,0
197.100000000,pre,1,2,-0.004000000,-0.026000000,-0.200000000,0.005775638,1.993196472,-0.038449978,0.166521260,1.991925493,-0.034863517,2.004989862,1.999177822,0.005812040,nan,nan,nan,nan,nan,nan,nan,nan,0.013511925,nan,nan,0.000000000,0,0,0
197.100000000,pre,1,3,-0.004000000,-0.026000000,-0.100000000,-1.969291396,1.971278270,-0.017956492,-1.805996644,2.068287432,-0.042266706,2.769133329,2.746128776,0.023004553,nan,nan,nan,nan,nan,nan,nan,nan,0.211683787,nan,nan,0.000000000,0,0,0
197.100000000,post,1,0,-0.004000000,-0.026000000,-0.200000000,-2.006294855,-0.006623333,0.004127507,-1.983918976,0.114050887,0.017817227,1.983461738,1.987274405,-0.003812667,nan,nan,nan,nan,nan,nan,nan,nan,0.005814573,nan,nan,0.004685517,0,0,0
197.100000000,post,1,2,-0.004000000,-0.026000000,-0.200000000,0.005775638,1.993196472,-0.038449978,0.153304271,2.002795451,-0.034863517,2.004989862,2.008956764,-0.003966902,nan,nan,nan,nan,nan,nan,nan,nan,0.006294525,nan,nan,0.004685517,0,0,0
197.100000000,post,1,3,-0.004000000,-0.026000000,-0.100000000,-1.969291396,1.971278270,-0.017956492,-1.819213634,2.079157390,-0.042266706,2.769133329,2.763009260,0.006124069,nan,nan,nan,nan,nan,nan,nan,nan,0.015001690,nan,nan,0.004685517,0,0,0
197.200000000,pre,1,0,0.016000000,-0.126000000,-0.200000000,-2.005176511,-0.007661851,0.004368521,-1.947865665,0.088500703,0.026864297,2.019821882,1.950060182,0.069761700,nan,nan,nan,nan,nan,nan,nan,nan,1.946677937,nan,nan,0.000000000,0,0,0
197.200000000,pre,1,2,0.016000000,-0.126000000,-0.200000000,0.004302057,1.991492481,-0.037209268,0.143299760,1.962512117,-0.029319921,2.011731386,1.967955357,0.043776029,nan,nan,nan,nan,nan,nan,nan,nan,0.766536299,nan,nan,0.000000000,0,0,0
197.200000000,pre,1,3,0.016000000,-0.126000000,-0.100000000,-1.969513278,1.968559826,-0.016645364,-1.847613903,2.039052671,-0.026011300,2.817481995,2.751742997,0.065738998,nan,nan,nan,nan,nan,nan,nan,nan,1.728646349,nan,nan,0.000000000,0,0,0
197.200000000,post,1,0,0.016000000,-0.126000000,-0.200000000,-2.005176511,-0.007661851,0.004368521,-2.008688210,0.130145174,0.026864297,2.019821882,2.013079179,0.006742703,nan,nan,nan,nan,nan,nan,nan,nan,0.018185620,nan,nan,0.086938303,0,0,0
197.200000000,post,1,2,0.016000000,-0.126000000,-0.200000000,0.004302057,1.991492481,-0.037209268,0.082477215,2.004156587,-0.029319921,2.011731386,2.006067241,0.005664145,nan,nan,nan,nan,nan,nan,nan,nan,0.012833016,nan,nan,0.086938303,0,0,0
197.200000000,post,1,3,0.016000000,-0.126000000,-0.100000000,-1.969513278,1.968559826,-0.016645364,-1.908436448,2.080697142,-0.026011300,2.817481995,2.823491962,-0.006009968,nan,nan,nan,nan,nan,nan,nan,nan,0.014447884,nan,nan,0.086938303,0,0,0
197.300000000,pre,1,0,-0.004000000,-0.026000000,-0.200000000,-2.003579608,-0.009173228,0.005107921,-2.008173554,0.104636405,0.021354819,2.038568735,2.011011146,0.027557589,nan,nan,nan,nan,nan,nan,nan,nan,0.303768283,nan,nan,0.000000000,0,0,0
197.300000000,pre,1,2,-0.004000000,-0.026000000,-0.200000000,0.002250154,1.989008545,-0.035351442,0.058296848,1.990332015,-0.023709202,2.021368504,1.991326738,0.030041765,nan,nan,nan,nan,nan,nan,nan,nan,0.361003065,nan,nan,0.000000000,0,0,0
197.300000000,pre,1,3,-0.004000000,-0.026000000,-0.100000000,-1.969894628,1.964852507,-0.014768849,-1.939582767,2.055238036,-0.029664175,2.810449600,2.826104148,-0.015654548,nan,nan,nan,nan,nan,nan,nan,nan,0.098025952,nan,nan,0.000000000,0,0,0
197.300000000,post,1,0,-0.004000000,-0.026000000,-0.200000000,-2.003579608,-0.009173228,0.005107921,-2.015103908,0.115162919,0.021354819,2.038568735,2.018504963,0.020063772,nan,nan,nan,nan,nan,nan,nan,nan,0.161021975,nan,nan,0.002541397,0,0,0
197.300000000,post,1,2,-0.004000000,-0.026000000,-0.200000000,0.002250154,1.989008545,-0.035351442,0.051366494,2.000858528,-0.023709202,2.021368504,2.001658186,0.019710318,nan,nan,nan,nan,nan,nan,nan,nan,0.155398648,nan,nan,0.002541397,0,0,0
197.300000000,post,1,3,-0.004000000,-0.026000000,-0.100000000,-1.969894628,1.964852507,-0.014768849,-1.946513121,2.065764549,-0.029664175,2.810449600,2.838516596,-0.028066996,nan,nan,nan,nan,nan,nan,nan,nan,0.315102504,nan,nan,0.002541397,0,0,0
197.400000000,pre,1,0,0.016000000,-0.126000000,-0.200000000,-2.002066095,-0.010625821,0.006242621,-1.958021064,0.063864403,0.008707032,1.993247271,1.959081663,0.034165608,nan,nan,nan,nan,nan,nan,nan,nan,0.466915498,nan,nan,0.000000000,0,0,0
197.400000000,pre,1,2,0.016000000,-0.126000000,-0.200000000,0.000428417,1.986649758,-0.033486544,0.051603149,1.998238435,-0.020284220,2.031999588,1.999007548,0.032992040,nan,nan,nan,nan,nan,nan,nan,nan,0.435389888,nan,nan,0.000000000,0,0,0
197.400000000,pre,1,3,0.016000000,-0.126000000,-0.100000000,-1.970334223,1.961586119,-0.012939538,-1.910887407,2.032047463,-0.039225015,2.789789438,2.789667754,0.000121684,nan,nan,nan,nan,nan,nan,nan,nan,0.000005923,nan,nan,0.000000000,0,0,0
197.400000000,post,1,0,0.016000000,-0.126000000,-0.200000000,-2.002066095,-0.010625821,0.006242621,-1.974680300,0.080304777,0.008707032,1.993247271,1.976331692,0.016915579,nan,nan,nan,nan,nan,nan,nan,nan,0.114454723,nan,nan,0.008765057,0,0,0
197.400000000,post,1,2,0.016000000,-0.126000000,-0.200000000,0.000428417,1.986649758,-0.033486544,0.034943913,2.014678809,-0.020284220,2.031999588,2.015083926,0.016915662,nan,nan,nan,nan,nan,nan,nan,nan,0.114455842,nan,nan,0.008765057,0,0,0
197.400000000,post,1,3,0.016000000,-0.126000000,-0.100000000,-1.970334223,1.961586119,-0.012939538,-1.927546643,2.048487838,-0.039225015,2.789789438,2.813054760,-0.023265322,nan,nan,nan,nan,nan,nan,nan,nan,0.216510078,nan,nan,0.008765057,0,0,0
197.500000000,pre,1,0,-0.004000000,-0.026000000,-0.200000000,-2.001120168,-0.011503070,0.007041713,-1.989129699,0.077487820,0.009281861,1.985517740,1.990660060,-0.005142320,nan,nan,nan,nan,nan,nan,nan,nan,0.010577381,nan,nan,0.000000000,0,0,0
197.500000000,pre,1,2,-0.004000000,-0.026000000,-0.200000000,-0.000565126,1.985260364,-0.032376269,0.081204663,2.002138747,-0.042402183,2.052150726,2.004233446,0.047917280,nan,nan,nan,nan,nan,nan,nan,nan,0.918426297,nan,nan,0.000000000,0,0,0
197.500000000,pre,1,3,-0.004000000,-0.026000000,-0.100000000,-1.970624800,1.959768737,-0.011691129,-1.936856638,2.025231898,-0.045606391,2.853957415,2.802687607,0.051269808,nan,nan,nan,nan,nan,nan,nan,nan,1.051437269,nan,nan,0.000000000,0,0,0
197.500000000,post,1,0,-0.004000000,-0.026000000,-0.200000000,-2.001120168,-0.011503070,0.007041713,-1.989458900,0.131425238,0.009281861,1.985517740,1.993816808,-0.008299067,nan,nan,nan,nan,nan,nan,nan,nan,0.027549808,nan,nan,0.046549655,0,0,0
197.500000000,post,1,2,-0.004000000,-0.026000000,-0.200000000,-0.000565126,1.985260364,-0.032376269,0.080875462,2.056076165,-0.042402183,2.052150726,2.058103006,-0.005952280,nan,nan,nan,nan,nan,nan,nan,nan,0.014171854,nan,nan,0.046549655,0,0,0
197.500000000,post,1,3,-0.004000000,-0.026000000,-0.100000000,-1.970624800,1.959768737,-0.011691129,-1.937185840,2.079169316,-0.045606391,2.853957415,2.842131940,0.011825474,nan,nan,nan,nan,nan,nan,nan,nan,0.055936737,nan,nan,0.046549655,0,0,0
197.600000000,pre,1,0,0.016000000,-0.126000000,-0.200000000,-1.999751462,-0.012720869,0.008639210,-1.973452009,0.113981894,-0.004467073,2.024256229,1.976745978,0.047510252,nan,nan,nan,nan,nan,nan,nan,nan,0.902889606,nan,nan,0.000000000,0,0,0
197.600000000,pre,1,2,0.016000000,-0.126000000,-0.200000000,-0.001729449,1.983440430,-0.030869506,0.048690313,2.059477817,-0.052615935,1.991349459,2.060725130,-0.069375672,nan,nan,nan,nan,nan,nan,nan,nan,1.925193526,nan,nan,0.000000000,0,0,0
197.600000000,pre,1,3,0.016000000,-0.126000000,-0.100000000,-1.971050081,1.957523445,-0.009454867,-1.906390230,2.082290523,-0.061517136,2.816835880,2.823834607,-0.006998727,nan,nan,nan,nan,nan,nan,nan,nan,0.019592872,nan,nan,0.000000000,0,0,0
197.600000000,post,1,0,0.016000000,-0.126000000,-0.200000000,-1.999751462,-0.012720869,0.008639210,-2.024448078,0.050640100,-0.004467073,2.024256229,2.025086269,-0.000830039,nan,nan,nan,nan,nan,nan,nan,nan,0.000275586,nan,nan,0.105804510,0,0,0
197.600000000,post,1,2,0.016000000,-0.126000000,-0.200000000,-0.001729449,1.983440430,-0.030869506,-0.002305756,1.996136024,-0.052615935,1.991349459,1.996830683,-0.005481225,nan,nan,nan,nan,nan,nan,nan,nan,0.012017529,nan,nan,0.105804510,0,0,0
197.600000000,post,1,3,0.016000000,-0.126000000,-0.100000000,-1.971050081,1.957523445,-0.009454867,-1.957386299,2.018948730,-0.061517136,2.816835880,2.812703229,0.004132651,nan,nan,nan,nan,nan,nan,nan,nan,0.006831523,nan,nan,0.105804510,0,0,0
197.700000000,pre,1,0,-0.004000000,-0.126000000,-0.200000000,-1.998484822,-0.013882532,0.010839610,-1.970050873,0.001500014,0.016506662,2.020473957,1.970120596,0.050353361,nan,nan,nan,nan,nan,nan,nan,nan,1.014184394,nan,nan,0.000000000,0,0,0
197.700000000,pre,1,2,-0.004000000,-0.126000000,-0.200000000,-0.002528305,1.981893947,-0.029716787,0.027577583,1.962404676,-0.038588796,1.951184034,1.962977771,-0.011793737,nan,nan,nan,nan,nan,nan,nan,nan,0.055636893,nan,nan,0.000000000,0,0,0
197.700000000,pre,1,3,-0.004000000,-0.126000000,-0.100000000,-1.971490589,1.955775544,-0.006558995,-1.947913418,1.977630736,-0.041740656,2.789374113,2.776172238,0.013201875,nan,nan,nan,nan,nan,nan,nan,nan,0.069715801,nan,nan,0.000000000,0,0,0
197.700000000,post,1,0,-0.004000000,-0.126000000,-0.200000000,-1.998484822,-0.013882532,0.010839610,-2.013894466,-0.014257647,0.016506662,2.020473957,2.014012580,0.006461377,nan,nan,nan,nan,nan,nan,nan,nan,0.016699759,nan,nan,0.034729033,0,0,0
197.700000000,post,1,2,-0.004000000,-0.126000000,-0.200000000,-0.002528305,1.981893947,-0.029716787,-0.016266010,1.946647015,-0.038588796,1.951184034,1.947097399,0.004086636,nan,nan,nan,nan,nan,nan,nan,nan,0.006680237,nan,nan,0.034729033,0,0,0
197.700000000,post,1,3,-0.004000000,-0.126000000,-0.100000000,-1.971490589,1.955775544,-0.006558995,-1.991757012,1.961873075,-0.041740656,2.789374113,2.796030085,-0.006655972,nan,nan,nan,nan,nan,nan,nan,nan,0.017720787,nan,nan,0.034729033,0,0,0
197.800000000,pre,1,0,0.016000000,-0.226000000,-0.200000000,-1.997696076,-0.014675370,0.012666141,-2.031388310,-0.023520158,0.044200815,2.018292904,2.032005260,-0.013712356,nan,nan,nan,nan,nan,nan,nan,nan,0.075211479,nan,nan,0.000000000,0,0,0
197.800000000,pre,1,2,0.016000000,-0.226000000,-0.200000000,-0.002894020,1.980961120,-0.029134352,-0.040792607,1.960704040,-0.026379211,1.990046859,1.961305746,0.028741112,nan,nan,nan,nan,nan,nan,nan,nan,0.330420619,nan,nan,0.000000000,0,0,0
197.800000000,pre,1,3,0.016000000,-0.226000000,-0.100000000,-1.971826052,1.954818821,-0.004375962,-1.955777799,1.927785522,-0.010592314,2.809435606,2.746185721,0.063249885,nan,nan,nan,nan,nan,nan,nan,nan,1.600219166,nan,nan,0.000000000,0,0,0
197.800000000,post,1,0,0.016000000,-0.226000000,-0.200000000,-1.997696076,-0.014675370,0.012666141,-2.036339360,0.022454508,0.044200815,2.018292904,2.036942784,-0.018649880,nan,nan,nan,nan,nan,nan,nan,nan,0.139127215,nan,nan,0.034210925,0,0,0
197.800000000,post,1,2,0.016000000,-0.226000000,-0.200000000,-0.002894020,1.980961120,-0.029134352,-0.045743658,2.006678705,-0.026379211,1.990046859,2.007373351,-0.017326492,nan,nan,nan,nan,nan,nan,nan,nan,0.120082936,nan,nan,0.034210925,0,0,0
197.800000000,post,1,3,0.016000000,-0.226000000,-0.100000000,-1.971826052,1.954818821,-0.004375962,-1.960728850,1.973760188,-0.010592314,2.809435606,2.782139302,0.027296304,nan,nan,nan,nan,nan,nan,nan,nan,0.298035279,nan,nan,0.034210925,0,0,0
197.900000000,pre,1,0,-0.004000000,-0.126000000,-0.200000000,-1.996683236,-0.015827692,0.015464412,-2.039465494,0.017088808,0.048781801,2.034923553,2.040120387,-0.005196833,nan,nan,nan,nan,nan,nan,nan,nan,0.010802830,nan,nan,0.000000000,0,0,0
197.900000000,pre,1,2,-0.004000000,-0.126000000,-0.200000000,-0.003228703,1.979808092,-0.028818607,-0.038737311,1.988444408,-0.011036657,2.052333832,1.988852320,0.063481512,nan,nan,nan,nan,nan,nan,nan,nan,1.611960938,nan,nan,0.000000000,0,0,0
197.900000000,pre,1,3,-0.004000000,-0.126000000,-0.100000000,-1.972393808,1.953770877,-0.001301568,-2.022304937,1.965582596,0.008698995,2.777859926,2.820160966,-0.042301039,nan,nan,nan,nan,nan,nan,nan,nan,0.715751170,nan,nan,0.000000000,0,0,0
197.900000000,post,1,0,-0.004000000,-0.126000000,-0.200000000,-1.996683236,-0.015827692,0.015464412,-2.005608498,0.050656510,0.048781801,2.034923553,2.006841098,0.028082455,nan,nan,nan,nan,nan,nan,nan,nan,0.315449715,nan,nan,0.036369388,0,0,0
197.900000000,post,1,2,-0.004000000,-0.126000000,-0.200000000,-0.003228703,1.979808092,-0.028818607,-0.004880316,2.022012110,-0.011036657,2.052333832,2.022048119,0.030285712,nan,nan,nan,nan,nan,nan,nan,nan,0.366889748,nan,nan,0.036369388,0,0,0
197.900000000,post,1,3,-0.004000000,-0.126000000,-0.100000000,-1.972393808,1.953770877,-0.001301568,-1.988447941,1.999150298,0.008698995,2.777859926,2.819681330,-0.041821403,nan,nan,nan,nan,nan,nan,nan,nan,0.699611911,nan,nan,0.036369388,0,0,0
198.000000000,pre,1,0,0.016000000,-0.226000000,-0.200000000,-1.995789881,-0.017005127,0.018314995,-1.956899862,0.020569632,0.045687470,2.024002552,1.957541193,0.066461359,nan,nan,nan,nan,nan,nan,nan,nan,1.766844889,nan,nan,0.000000000,0,0,0
198.000000000,pre,1,2,0.016000000,-0.226000000,-0.200000000,-0.003400114,1.978900463,-0.029072322,-0.054938026,2.002230110,-0.004772313,2.061755896,2.002989359,0.058766536,nan,nan,nan,nan,nan,nan,nan,nan,1.381402321,nan,nan,0.000000000,0,0,0
198.000000000,pre,1,3,0.016000000,-0.226000000,-0.100000000,-1.973118448,1.953092249,0.001315135,-2.012259786,1.993006564,-0.002882023,2.740921021,2.832185184,-0.091264163,nan,nan,nan,nan,nan,nan,nan,nan,3.331658992,nan,nan,0.000000000,0,0,0
198.000000000,post,1,0,0.016000000,-0.226000000,-0.200000000,-1.995789881,-0.017005127,0.018314995,-1.960493738,0.016179317,0.045687470,2.024002552,1.961092759,0.062909793,nan,nan,nan,nan,nan,nan,nan,nan,1.583056802,nan,nan,0.000515053,0,0,0
198.000000000,post,1,2,0.016000000,-0.226000000,-0.200000000,-0.003400114,1.978900463,-0.029072322,-0.058531902,1.997839794,-0.004772313,2.061755896,1.998702730,0.063053166,nan,nan,nan,nan,nan,nan,nan,nan,1.590280683,nan,nan,0.000515053,0,0,0
198.000000000,post,1,3,0.016000000,-0.226000000,-0.100000000,-1.973118448,1.953092249,0.001315135,-2.015853662,1.988616249,-0.002882023,2.740921021,2.831654795,-0.090733774,nan,nan,nan,nan,nan,nan,nan,nan,3.293047116,nan,nan,0.000515053,0,0,0
198.100000000,pre,1,0,-0.004000000,-0.126000000,-0.200000000,-1.995239961,-0.017812031,0.020406401,-1.993468306,-0.012597219,0.014194502,2.002945423,1.993558643,0.009386780,nan,nan,nan,nan,nan,nan,nan,nan,0.035244657,nan,nan,0.000000000,0,0,0
198.100000000,pre,1,2,-0.004000000,-0.126000000,-0.200000000,-0.003440029,1.978424893,-0.029286089,-0.093030325,1.941863513,-0.030477243,1.982120752,1.944329552,0.037791200,nan,nan,nan,nan,nan,nan,nan,nan,0.571269933,nan,nan,0.000000000,0,0,0
198.100000000,pre,1,3,-0.004000000,-0.126000000,-0.100000000,-1.973741089,1.952830468,0.002792973,-2.051674879,1.981727151,-0.004893696,2.772807598,2.852478968,-0.079671370,nan,nan,nan,nan,nan,nan,nan,nan,2.539010864,nan,nan,0.000000000,0,0,0
198.100000000,post,1,0,-0.004000000,-0.126000000,-0.200000000,-1.995239961,-0.017812031,0.020406401,-1.964191724,-0.014161277,0.014194502,2.002945423,1.964294060,0.038651363,nan,nan,nan,nan,nan,nan,nan,nan,0.597571151,nan,nan,0.013753033,0,0,0
198.100000000,post,1,2,-0.004000000,-0.126000000,-0.200000000,-0.003440029,1.978424893,-0.029286089,-0.063753742,1.940299455,-0.030477243,1.982120752,1.941585789,0.040534963,nan,nan,nan,nan,nan,nan,nan,nan,0.657233289,nan,nan,0.013753033,0,0,0
198.100000000,post,1,3,-0.004000000,-0.126000000,-0.100000000,-1.973741089,1.952830468,0.002792973,-2.022398297,1.980163094,-0.004893696,2.772807598,2.830400095,-0.057592497,nan,nan,nan,nan,nan,nan,nan,nan,1.326758275,nan,nan,0.013753033,0,0,0
198.200000000,pre,1,0,0.016000000,-0.226000000,-0.200000000,-1.994555275,-0.018904824,0.023505678,-1.985150600,-0.024159143,0.011749453,1.991879463,1.985332369,0.006547094,nan,nan,nan,nan,nan,nan,nan,nan,0.017145775,nan,nan,0.000000000,0,0,0
198.200000000,pre,1,2,0.016000000,-0.226000000,-0.200000000,-0.003390654,1.977966667,-0.029750357,-0.049504830,2.016977559,-0.016376442,1.979088426,2.017651454,-0.038563028,nan,nan,nan,nan,nan,nan,nan,nan,0.594842865,nan,nan,0.000000000,0,0,0
198.200000000,pre,1,3,0.016000000,-0.226000000,-0.100000000,-1.974793572,1.952734990,0.004405512,-2.034871816,1.924933127,0.019483066,2.787928104,2.801151628,-0.013223523,nan,nan,nan,nan,nan,nan,nan,nan,0.069944627,nan,nan,0.000000000,0,0,0
198.200000000,post,1,0,0.016000000,-0.226000000,-0.200000000,-1.994555275,-0.018904824,0.023505678,-1.993591106,-0.058662260,0.011749453,1.991879463,1.994488608,-0.002609145,nan,nan,nan,nan,nan,nan,nan,nan,0.002723054,nan,nan,0.020187316,0,0,0
198.200000000,post,1,2,0.016000000,-0.226000000,-0.200000000,-0.003390654,1.977966667,-0.029750357,-0.057945336,1.982474442,-0.016376442,1.979088426,1.983388707,-0.004300281,nan,nan,nan,nan,nan,nan,nan,nan,0.007396967,nan,nan,0.020187316,0,0,0
198.200000000,post,1,3,0.016000000,-0.226000000,-0.100000000,-1.974793572,1.952734990,0.004405512,-2.043312322,1.890430010,0.019483066,2.787928104,2.783743964,0.004184140,nan,nan,nan,nan,nan,nan,nan,nan,0.007002813,nan,nan,0.020187316,0,0,0
198.300000000,pre,1,0,-0.004000000,-0.126000000,-0.200000000,-1.993969271,-0.019902357,0.026421108,-2.016409497,-0.068866862,-0.007448151,1.974735618,2.017598915,-0.042863297,nan,nan,nan,nan,nan,nan,nan,nan,0.734904898,nan,nan,0.000000000,0,0,0
198.300000000,pre,1,2,-0.004000000,-0.126000000,-0.200000000,-0.003204252,1.977774783,-0.030671127,-0.015597141,1.993848842,-0.031737516,2.037885904,1.994162417,0.043723487,nan,nan,nan,nan,nan,nan,nan,nan,0.764697324,nan,nan,0.000000000,0,0,0
198.300000000,pre,1,3,-0.004000000,-0.126000000,-0.100000000,-1.976046923,1.952942525,0.005472241,-2.011707791,1.979548120,0.012107151,2.764471292,2.822361702,-0.057890410,nan,nan,nan,nan,nan,nan,nan,nan,1.340519822,nan,nan,0.000000000,0,0,0
198.300000000,post,1,0,-0.004000000,-0.126000000,-0.200000000,-1.993969271,-0.019902357,0.026421108,-1.955403264,-0.048072809,-0.007448151,1.974735618,1.956008281,0.018727337,nan,nan,nan,nan,nan,nan,nan,nan,0.140285258,nan,nan,0.066466451,0,0,0
198.300000000,post,1,2,-0.004000000,-0.126000000,-0.200000000,-0.003204252,1.977774783,-0.030671127,0.045409093,2.014642895,-0.031737516,2.037885904,2.015404488,0.022481416,nan,nan,nan,nan,nan,nan,nan,nan,0.202165625,nan,nan,0.066466451,0,0,0
198.300000000,post,1,3,-0.004000000,-0.126000000,-0.100000000,-1.976046923,1.952942525,0.005472241,-1.950701557,2.000342174,0.012107151,2.764471292,2.794056542,-0.029585249,nan,nan,nan,nan,nan,nan,nan,nan,0.350114792,nan,nan,0.066466451,0,0,0
198.400000000,pre,1,0,0.016000000,-0.226000000,-0.200000000,-1.993622617,-0.020525761,0.028243006,-1.964389955,0.013498415,0.021825169,2.000205278,1.964557568,0.035647710,nan,nan,nan,nan,nan,nan,nan,nan,0.508303697,nan,nan,0.000000000,0,0,0
198.400000000,pre,1,2,0.016000000,-0.226000000,-0.200000000,-0.002999739,1.977809898,-0.031458318,0.057862549,1.965903993,-0.043290951,2.028749704,1.967231733,0.061517971,nan,nan,nan,nan,nan,nan,nan,nan,1.513784315,nan,nan,0.000000000,0,0,0
198.400000000,pre,1,3,0.016000000,-0.226000000,-0.100000000,-1.977059578,1.953275117,0.005793316,-1.930416756,1.986405960,0.012063256,2.765312910,2.769921120,-0.004608210,nan,nan,nan,nan,nan,nan,nan,nan,0.008494239,nan,nan,0.000000000,0,0,0
198.400000000,post,1,0,0.016000000,-0.226000000,-0.200000000,-1.993622617,-0.020525761,0.028243006,-1.973482197,0.048471600,0.021825169,2.000205278,1.974198018,0.026007260,nan,nan,nan,nan,nan,nan,nan,nan,0.270551035,nan,nan,0.020892680,0,0,0
198.400000000,post,1,2,0.016000000,-0.226000000,-0.200000000,-0.002999739,1.977809898,-0.031458318,0.048770307,2.000877178,-0.043290951,2.028749704,2.001939592,0.026810112,nan,nan,nan,nan,nan,nan,nan,nan,0.287512842,nan,nan,0.020892680,0,0,0
198.400000000,post,1,3,0.016000000,-0.226000000,-0.100000000,-1.977059578,1.953275117,0.005793316,-1.939508998,2.021379145,0.012063256,2.765312910,2.801395067,-0.036082157,nan,nan,nan,nan,nan,nan,nan,nan,0.520768824,nan,nan,0.020892680,0,0,0
198.500000000,pre,1,0,-0.004000000,-0.126000000,-0.200000000,-1.993255557,-0.021269280,0.030368412,-2.044542404,0.060295743,0.044710521,2.036697626,2.045919902,-0.009222276,nan,nan,nan,nan,nan,nan,nan,nan,0.034020153,nan,nan,0.000000000,0,0,0
198.500000000,pre,1,2,-0.004000000,-0.126000000,-0.200000000,-0.002642543,1.978109420,-0.032677942,0.033753534,1.993267163,-0.040923824,1.948635101,1.993972929,-0.045337828,nan,nan,nan,nan,nan,nan,nan,nan,0.822207459,nan,nan,0.000000000,0,0,0
198.500000000,pre,1,3,-0.004000000,-0.126000000,-0.100000000,-1.978664482,1.954018813,0.005769121,-1.920665712,2.006245040,0.016300296,2.770771503,2.777452364,-0.006680861,nan,nan,nan,nan,nan,nan,nan,nan,0.017853560,nan,nan,0.000000000,0,0,0
198.500000000,post,1,0,-0.004000000,-0.126000000,-0.200000000,-1.993255557,-0.021269280,0.030368412,-2.046916462,0.027232186,0.044710521,2.036697626,2.047585804,-0.010888178,nan,nan,nan,nan,nan,nan,nan,nan,0.047420971,nan,nan,0.017581360,0,0,0
198.500000000,post,1,2,-0.004000000,-0.126000000,-0.200000000,-0.002642543,1.978109420,-0.032677942,0.031379475,1.960203606,-0.040923824,1.948635101,1.960881844,-0.012246743,nan,nan,nan,nan,nan,nan,nan,nan,0.059993082,nan,nan,0.017581360,0,0,0
198.500000000,post,1,3,-0.004000000,-0.126000000,-0.100000000,-1.978664482,1.954018813,0.005769121,-1.923039771,1.973181482,0.016300296,2.770771503,2.755320820,0.015450683,nan,nan,nan,nan,nan,nan,nan,nan,0.095489448,nan,nan,0.017581360,0,0,0
198.600000000,pre,1,0,0.016000000,-0.226000000,-0.200000000,-1.993063232,-0.021844883,0.031810620,-2.013551821,0.006644436,0.053596276,2.048506975,2.014275960,0.034231015,nan,nan,nan,nan,nan,nan,nan,nan,0.468704956,nan,nan,0.000000000,0,0,0
198.600000000,pre,1,2,0.016000000,-0.226000000,-0.200000000,-0.002248921,1.978652398,-0.033950816,0.001849017,1.981546755,-0.034045063,1.974633813,1.981840061,-0.007206248,nan,nan,nan,nan,nan,nan,nan,nan,0.020772003,nan,nan,0.000000000,0,0,0
198.600000000,pre,1,3,0.016000000,-0.226000000,-0.100000000,-1.980416525,1.955015672,0.005281570,-1.908712617,1.984028926,0.014241539,2.777025938,2.753135931,0.023890007,nan,nan,nan,nan,nan,nan,nan,nan,0.228292974,nan,nan,0.000000000,0,0,0
198.600000000,post,1,0,0.016000000,-0.226000000,-0.200000000,-1.993063232,-0.021844883,0.031810620,-2.048551194,0.001588644,0.053596276,2.048506975,2.049252810,-0.000745835,nan,nan,nan,nan,nan,nan,nan,nan,0.000222508,nan,nan,0.020008275,0,0,0
198.600000000,post,1,2,0.016000000,-0.226000000,-0.200000000,-0.002248921,1.978652398,-0.033950816,-0.033150356,1.976490963,-0.034045063,1.974633813,1.977062098,-0.002428285,nan,nan,nan,nan,nan,nan,nan,nan,0.002358628,nan,nan,0.020008275,0,0,0
198.600000000,post,1,3,0.016000000,-0.226000000,-0.100000000,-1.980416525,1.955015672,0.005281570,-1.943711991,1.978973134,0.014241539,2.777025938,2.773905873,0.003120065,nan,nan,nan,nan,nan,nan,nan,nan,0.003893923,nan,nan,0.020008275,0,0,0
198.700000000,pre,1,0,-0.004000000,-0.326000000,-0.200000000,-1.993045028,-0.022327810,0.032836243,-1.991556903,-0.002374156,0.034411600,2.017742634,1.991855591,0.025887043,nan,nan,nan,nan,nan,nan,nan,nan,0.268055602,nan,nan,0.000000000,0,0,0
198.700000000,pre,1,2,-0.004000000,-0.326000000,-0.200000000,-0.001785612,1.979457283,-0.035051544,-0.011274409,1.995694992,-0.047731677,1.977094412,1.996297554,-0.019203142,nan,nan,nan,nan,nan,nan,nan,nan,0.147504271,nan,nan,0.000000000,0,0,0
198.700000000,pre,1,3,-0.004000000,-0.326000000,-0.100000000,-1.982577327,1.956399664,0.004501431,-2.005524163,1.975137388,-0.004194426,2.796729565,2.814837911,-0.018108346,nan,nan,nan,nan,nan,nan,nan,nan,0.131164884,nan,nan,0.000000000,0,0,0
198.700000000,post,1,0,-0.004000000,-0.326000000,-0.200000000,-1.993045028,-0.022327810,0.032836243,-2.008308051,-0.028880297,0.034411600,2.017742634,2.008810458,0.008932176,nan,nan,nan,nan,nan,nan,nan,nan,0.031913507,nan,nan,0.015730823,0,0,0
198.700000000,post,1,2,-0.004000000,-0.326000000,-0.200000000,-0.001785612,1.979457283,-0.035051544,-0.028025557,1.969188850,-0.047731677,1.977094412,1.969966617,0.007127795,nan,nan,nan,nan,nan,nan,nan,nan,0.020322182,nan,nan,0.015730823,0,0,0
198.700000000,post,1,3,-0.004000000,-0.326000000,-0.100000000,-1.982577327,1.956399664,0.004501431,-2.022275310,1.948631247,-0.004194426,2.796729565,2.808340927,-0.011611362,nan,nan,nan,nan,nan,nan,nan,nan,0.053929494,nan,nan,0.015730823,0,0,0
198.800000000,pre,1,0,0.016000000,-0.426000000,-0.200000000,-1.993139229,-0.022562348,0.033267504,-1.993204405,-0.041406363,0.026792503,2.002878904,1.993814466,0.009064439,nan,nan,nan,nan,nan,nan,nan,nan,0.032865619,nan,nan,0.000000000,0,0,0
198.800000000,pre,1,2,0.016000000,-0.426000000,-0.200000000,-0.001437291,1.980133057,-0.035477694,-0.007878984,1.941139022,-0.045185711,1.947553396,1.941680852,0.005872544,nan,nan,nan,nan,nan,nan,nan,nan,0.013794711,nan,nan,0.000000000,0,0,0
198.800000000,pre,1,3,0.016000000,-0.426000000,-0.100000000,-1.984250072,1.957567898,0.003923461,-2.022760236,1.940346595,-0.023366021,2.820313692,2.803042963,0.017270729,nan,nan,nan,nan,nan,nan,nan,nan,0.119311229,nan,nan,0.000000000,0,0,0
198.800000000,post,1,0,0.016000000,-0.426000000,-0.200000000,-1.993139229,-0.022562348,0.033267504,-2.004527178,-0.033422658,0.026792503,2.002878904,2.004984818,-0.002105914,nan,nan,nan,nan,nan,nan,nan,nan,0.001773949,nan,nan,0.003071116,0,0,0
198.800000000,post,1,2,0.016000000,-0.426000000,-0.200000000,-0.001437291,1.980133057,-0.035477694,-0.019201758,1.949122726,-0.045185711,1.947553396,1.949740972,-0.002187576,nan,nan,nan,nan,nan,nan,nan,nan,0.001914196,nan,nan,0.003071116,0,0,0
198.800000000,post,1,3,0.016000000,-0.426000000,-0.100000000,-1.984250072,1.957567898,0.003923461,-2.034083010,1.948330299,-0.023366021,2.820313692,2.816741134,0.003572558,nan,nan,nan,nan,nan,nan,nan,nan,0.005105267,nan,nan,0.003071116,0,0,0
198.900000000,pre,1,0,-0.004000000,-0.326000000,-0.200000000,-1.993417330,-0.022737402,0.033412677,-2.038299191,-0.039963576,0.036100798,1.988735795,2.039010532,-0.050274737,nan,nan,nan,nan,nan,nan,nan,nan,1.011019662,nan,nan,0.000000000,0,0,0
198.900000000,pre,1,2,-0.004000000,-0.326000000,-0.200000000,-0.000893429,1.981239717,-0.035714592,-0.008112688,2.004223987,-0.051989656,1.989744544,2.004914594,-0.015170050,nan,nan,nan,nan,nan,nan,nan,nan,0.092052166,nan,nan,0.000000000,0,0,0
198.900000000,pre,1,3,-0.004000000,-0.326000000,-0.100000000,-1.986849416,1.959505261,0.003205334,-1.998250338,1.940326110,-0.011468979,2.809437752,2.785318898,0.024118854,nan,nan,nan,nan,nan,nan,nan,nan,0.232687644,nan,nan,0.000000000,0,0,0
198.900000000,post,1,0,-0.004000000,-0.326000000,-0.200000000,-1.993417330,-0.022737402,0.033412677,-2.014149165,-0.030652067,0.036100798,1.988735795,2.014705854,-0.025970059,nan,nan,nan,nan,nan,nan,nan,nan,0.269777576,nan,nan,0.010718847,0,0,0
198.900000000,post,1,2,-0.004000000,-0.326000000,-0.200000000,-0.000893429,1.981239717,-0.035714592,0.016037338,2.013535496,-0.051989656,1.989744544,2.014270417,-0.024525873,nan,nan,nan,nan,nan,nan,nan,nan,0.240607381,nan,nan,0.010718847,0,0,0
198.900000000,post,1,3,-0.004000000,-0.326000000,-0.100000000,-1.986849416,1.959505261,0.003205334,-1.974100311,1.949637619,-0.011468979,2.809437752,2.774579324,0.034858428,nan,nan,nan,nan,nan,nan,nan,nan,0.486044004,nan,nan,0.010718847,0,0,0
199.000000000,pre,1,0,0.016000000,-0.426000000,-0.200000000,-1.993691103,-0.022760419,0.033284449,-2.001438330,-0.034399338,0.026278891,1.942097902,2.001906412,-0.059808510,nan,nan,nan,nan,nan,nan,nan,nan,1.430823131,nan,nan,0.000000000,0,0,0
199.000000000,pre,1,2,0.016000000,-0.426000000,-0.200000000,-0.000521606,1.982024889,-0.035592899,0.038675509,1.991816836,-0.042389296,1.982638597,1.992643208,-0.010004611,nan,nan,nan,nan,nan,nan,nan,nan,0.040036895,nan,nan,0.000000000,0,0,0
199.000000000,pre,1,3,0.016000000,-0.426000000,-0.100000000,-1.988623739,1.960885731,0.002815846,-1.980165610,1.986842543,0.001727300,2.799003601,2.805102871,-0.006099270,nan,nan,nan,nan,nan,nan,nan,nan,0.014880439,nan,nan,0.000000000,0,0,0
199.000000000,post,1,0,0.016000000,-0.426000000,-0.200000000,-1.993691103,-0.022760419,0.033284449,-1.958715255,-0.030461018,0.026278891,1.942097902,1.959128353,-0.017030451,nan,nan,nan,nan,nan,nan,nan,nan,0.116014506,nan,nan,0.029452343,0,0,0
199.000000000,post,1,2,0.016000000,-0.426000000,-0.200000000,-0.000521606,1.982024889,-0.035592899,0.081398583,1.995755156,-0.042389296,1.982638597,1.997864165,-0.015225568,nan,nan,nan,nan,nan,nan,nan,nan,0.092727168,nan,nan,0.029452343,0,0,0
199.000000000,post,1,3,0.016000000,-0.426000000,-0.100000000,-1.988623739,1.960885731,0.002815846,-1.937442535,1.990780863,0.001727300,2.799003601,2.777929986,0.021073615,nan,nan,nan,nan,nan,nan,nan,nan,0.177638899,nan,nan,0.029452343,0,0,0
199.100000000,pre,1,0,-0.004000000,-0.126000000,-0.200000000,-1.994216306,-0.022670629,0.032663981,-1.980978819,0.004257277,0.024946091,2.004476547,1.981140458,0.023336089,nan,nan,nan,nan,nan,nan,nan,nan,0.217829229,nan,nan,0.000000000,0,0,0
199.100000000,pre,1,2,-0.004000000,-0.126000000,-0.200000000,0.000021890,1.983289642,-0.035391840,0.070852152,1.948959078,-0.055883615,1.972936034,1.951047025,0.021889009,nan,nan,nan,nan,nan,nan,nan,nan,0.191651491,nan,nan,0.000000000,0,0,0
199.100000000,pre,1,3,-0.004000000,-0.126000000,-0.100000000,-1.991336484,1.963064838,0.002401719,-1.923704753,1.987326055,-0.016227191,2.810362339,2.765929888,0.044432451,nan,nan,nan,nan,nan,nan,nan,nan,0.789697067,nan,nan,0.000000000,0,0,0
199.100000000,post,1,0,-0.004000000,-0.126000000,-0.200000000,-1.994216306,-0.022670629,0.032663981,-2.007808174,0.030704270,0.024946091,2.004476547,2.008197880,-0.003721332,nan,nan,nan,nan,nan,nan,nan,nan,0.005539326,nan,nan,0.022708123,0,0,0
199.100000000,post,1,2,-0.004000000,-0.126000000,-0.200000000,0.000021890,1.983289642,-0.035391840,0.044022797,1.975406071,-0.055883615,1.972936034,1.976686654,-0.003750620,nan,nan,nan,nan,nan,nan,nan,nan,0.005626860,nan,nan,0.022708123,0,0,0
199.100000000,post,1,3,-0.004000000,-0.126000000,-0.100000000,-1.991336484,1.963064838,0.002401719,-1.950534108,2.013773047,-0.016227191,2.810362339,2.803592074,0.006770265,nan,nan,nan,nan,nan,nan,nan,nan,0.018334596,nan,nan,0.022708123,0,0,0
199.200000000,pre,1,0,0.016000000,-0.226000000,-0.200000000,-1.994896988,-0.022439939,0.031904733,-2.040839074,0.012612924,0.050805179,2.029208899,2.041510318,-0.012301420,nan,nan,nan,nan,nan,nan,nan,nan,0.060529970,nan,nan,0.000000000,0,0,0
199.200000000,pre,1,2,0.016000000,-0.226000000,-0.200000000,0.000512665,1.984693946,-0.035186704,0.021435918,1.962740838,-0.038468114,1.959968925,1.963234803,-0.003265879,nan,nan,nan,nan,nan,nan,nan,nan,0.004266386,nan,nan,0.000000000,0,0,0
199.200000000,pre,1,3,0.016000000,-0.226000000,-0.100000000,-1.994171090,1.965391693,0.002482172,-1.925619336,1.990634468,-0.013344074,2.839272976,2.769623346,0.069649630,nan,nan,nan,nan,nan,nan,nan,nan,1.940428399,nan,nan,0.000000000,0,0,0
199.200000000,post,1,0,0.016000000,-0.226000000,-0.200000000,-1.994896988,-0.022439939,0.031904733,-2.056200525,0.037529243,0.050805179,2.029208899,2.057170438,-0.027961539,nan,nan,nan,nan,nan,nan,nan,nan,0.312739072,nan,nan,0.013708754,0,0,0
199.200000000,post,1,2,0.016000000,-0.226000000,-0.200000000,0.000512665,1.984693946,-0.035186704,0.006074467,1.987657157,-0.038468114,1.959968925,1.988038649,-0.028069725,nan,nan,nan,nan,nan,nan,nan,nan,0.315163776,nan,nan,0.013708754,0,0,0
199.200000000,post,1,3,0.016000000,-0.226000000,-0.100000000,-1.994171090,1.965391693,0.002482172,-1.940980787,2.015550787,-0.013344074,2.839272976,2.798218979,0.041053997,nan,nan,nan,nan,nan,nan,nan,nan,0.674172259,nan,nan,0.013708754,0,0,0
199.300000000,pre,1,0,-0.004000000,-0.326000000,-0.200000000,-1.995444681,-0.022224968,0.031490743,-2.048093780,0.012708726,0.049470941,2.002009869,2.048730587,-0.046720719,nan,nan,nan,nan,nan,nan,nan,nan,0.873130217,nan,nan,0.000000000,0,0,0
199.300000000,pre,1,2,-0.004000000,-0.326000000,-0.200000000,0.000801499,1.985699389,-0.034919841,0.021495644,1.990048471,-0.052283274,1.997898698,1.990851205,0.007047493,nan,nan,nan,nan,nan,nan,nan,nan,0.019866864,nan,nan,0.000000000,0,0,0
199.300000000,pre,1,3,-0.004000000,-0.326000000,-0.100000000,-1.996142666,1.966998273,0.002761723,-1.924859771,2.015792744,-0.003712221,2.828104496,2.787206362,0.040898134,nan,nan,nan,nan,nan,nan,nan,nan,0.669062937,nan,nan,0.000000000,0,0,0
199.300000000,post,1,0,-0.004000000,-0.326000000,-0.200000000,-1.995444681,-0.022224968,0.031490743,-2.025736559,0.042821247,0.049470941,2.002009869,2.026792944,-0.024783075,nan,nan,nan,nan,nan,nan,nan,nan,0.245680329,nan,nan,0.022505748,0,0,0
199.300000000,post,1,2,-0.004000000,-0.326000000,-0.200000000,0.000801499,1.985699389,-0.034919841,0.043852866,2.020160991,-0.052283274,1.997898698,2.021313198,-0.023414501,nan,nan,nan,nan,nan,nan,nan,nan,0.219295535,nan,nan,0.022505748,0,0,0
199.300000000,post,1,3,-0.004000000,-0.326000000,-0.100000000,-1.996142666,1.966998273,0.002761723,-1.902502549,2.045905265,-0.003712221,2.828104496,2.793789198,0.034315298,nan,nan,nan,nan,nan,nan,nan,nan,0.471015869,nan,nan,0.022505748,0,0,0
199.400000000,pre,1,0,0.016000000,-0.226000000,-0.200000000,-1.996270033,-0.021875829,0.031037141,-1.993942171,0.049030713,0.040471144,2.015254259,1.994955465,0.020298794,nan,nan,nan,nan,nan,nan,nan,nan,0.164816420,nan,nan,0.000000000,0,0,0
199.400000000,pre,1,2,0.016000000,-0.226000000,-0.200000000,0.001144331,1.987101858,-0.034324579,0.099024186,2.011644217,-0.046338550,2.018707752,2.014612992,0.004094761,nan,nan,nan,nan,nan,nan,nan,nan,0.006706826,nan,nan,0.000000000,0,0,0
199.400000000,pre,1,3,0.016000000,-0.226000000,-0.100000000,-1.998852762,1.969152678,0.003093934,-1.878869749,2.049997485,-0.001025946,2.796593428,2.780762894,0.015830533,nan,nan,nan,nan,nan,nan,nan,nan,0.100242314,nan,nan,0.000000000,0,0,0
199.400000000,post,1,0,0.016000000,-0.226000000,-0.200000000,-1.996270033,-0.021875829,0.031037141,-2.013066523,0.053518471,0.040471144,2.015254259,2.014184442,0.001069817,nan,nan,nan,nan,nan,nan,nan,nan,0.000457803,nan,nan,0.006174093,0,0,0
199.400000000,post,1,2,0.016000000,-0.226000000,-0.200000000,0.001144331,1.987101858,-0.034324579,0.079899834,2.016131975,-0.046338550,2.018707752,2.018246611,0.000461141,nan,nan,nan,nan,nan,nan,nan,nan,0.000085060,nan,nan,0.006174093,0,0,0
199.400000000,post,1,3,0.016000000,-0.226000000,-0.100000000,-1.998852762,1.969152678,0.003093934,-1.897994101,2.054485243,-0.001025946,2.796593428,2.797014886,-0.000421458,nan,nan,nan,nan,nan,nan,nan,nan,0.000071051,nan,nan,0.006174093,0,0,0
199.500000000,pre,1,0,-0.004000000,-0.326000000,-0.200000000,-1.997208524,-0.021373388,0.030221288,-1.983229086,0.037691913,0.042367233,2.004540920,1.984039635,0.020501286,nan,nan,nan,nan,nan,nan,nan,nan,0.168121084,nan,nan,0.000000000,0,0,0
199.500000000,pre,1,2,-0.004000000,-0.326000000,-0.200000000,0.001507128,1.988715373,-0.033721911,0.120606461,1.957422506,-0.042219923,1.986693144,1.961588975,0.025104169,nan,nan,nan,nan,nan,nan,nan,nan,0.252087712,nan,nan,0.000000000,0,0,0
199.500000000,pre,1,3,-0.004000000,-0.326000000,-0.100000000,-2.001777496,1.971490169,0.003018515,-1.884102391,2.044325479,0.001985796,2.803049326,2.780128131,0.022921195,nan,nan,nan,nan,nan,nan,nan,nan,0.210152468,nan,nan,0.000000000,0,0,0
199.500000000,post,1,0,-0.004000000,-0.326000000,-0.200000000,-1.997208524,-0.021373388,0.030221288,-1.999419111,0.059807106,0.042367233,2.004540920,2.000762019,0.003778902,nan,nan,nan,nan,nan,nan,nan,nan,0.005712039,nan,nan,0.012019178,0,0,0
199.500000000,post,1,2,-0.004000000,-0.326000000,-0.200000000,0.001507128,1.988715373,-0.033721911,0.104416436,1.979537699,-0.042219923,1.986693144,1.982739220,0.003953924,nan,nan,nan,nan,nan,nan,nan,nan,0.006253406,nan,nan,0.012019178,0,0,0
199.500000000,post,1,3,-0.004000000,-0.326000000,-0.100000000,-2.001777496,1.971490169,0.003018515,-1.900292416,2.066440671,0.001985796,2.803049326,2.807363934,-0.004314608,nan,nan,nan,nan,nan,nan,nan,nan,0.007446336,nan,nan,0.012019178,0,0,0
199.600000000,pre,1,0,0.016000000,-0.426000000,-0.200000000,-1.997852321,-0.020903082,0.029199107,-1.983968897,0.032813217,0.063228046,2.014873028,1.985247359,0.029625669,nan,nan,nan,nan,nan,nan,nan,nan,0.351072106,nan,nan,0.000000000,0,0,0
199.600000000,pre,1,2,0.016000000,-0.426000000,-0.200000000,0.001790508,1.989939066,-0.033454911,0.138065003,1.972479562,-0.040140846,1.994151831,1.977713036,0.016438794,nan,nan,nan,nan,nan,nan,nan,nan,0.108093585,nan,nan,0.000000000,0,0,0
199.600000000,pre,1,3,0.016000000,-0.426000000,-0.100000000,-2.003765108,1.973160916,0.002604142,-1.895315980,2.032641953,0.009662490,2.857585192,2.779199405,0.078385786,nan,nan,nan,nan,nan,nan,nan,nan,2.457732600,nan,nan,0.000000000,0,0,0
199.600000000,post,1,0,0.016000000,-0.426000000,-0.200000000,-1.997852321,-0.020903082,0.029199107,-2.027777927,0.067102844,0.063228046,2.014873028,2.029872878,-0.014999850,nan,nan,nan,nan,nan,nan,nan,nan,0.089998201,nan,nan,0.049520155,0,0,0
199.600000000,post,1,2,0.016000000,-0.426000000,-0.200000000,0.001790508,1.989939066,-0.033454911,0.094255972,2.006769189,-0.040140846,1.994151831,2.009382505,-0.015230675,nan,nan,nan,nan,nan,nan,nan,nan,0.092789381,nan,nan,0.049520155,0,0,0
199.600000000,post,1,3,0.016000000,-0.426000000,-0.100000000,-2.003765108,1.973160916,0.002604142,-1.939125010,2.066931580,0.009662490,2.857585192,2.834167484,0.023417708,nan,nan,nan,nan,nan,nan,nan,nan,0.219355617,nan,nan,0.049520155,0,0,0
199.700000000,pre,1,0,-0.004000000,nan,-0.200000000,-1.998464423,-0.020335654,0.027770231,-2.018089219,0.060093376,0.067380908,2.035620213,2.020107794,0.015512419,nan,nan,nan,nan,nan,nan,nan,nan,0.096254056,nan,nan,0.000000000,0,0,0
199.700000000,pre,1,2,-0.004000000,nan,-0.200000000,0.002093414,1.991234466,-0.033334360,0.092259605,1.988685576,-0.055952265,1.999165893,1.991610608,0.007555285,nan,nan,nan,nan,nan,nan,nan,nan,0.022832933,nan,nan,0.000000000,0,0,0
199.700000000,pre,1,3,-0.004000000,nan,-0.100000000,-2.005668702,1.974848603,0.001935655,-1.906149320,2.041317548,0.006554150,2.873186827,2.792924188,0.080262639,nan,nan,nan,nan,nan,nan,nan,nan,2.576836469,nan,nan,0.000000000,0,0,0
199.700000000,post,1,0,-0.004000000,nan,-0.200000000,-1.998464423,-0.020335654,0.027770231,-2.054279102,0.090931843,0.067380908,2.035620213,2.057394327,-0.021774114,nan,nan,nan,nan,nan,nan,nan,nan,0.189644823,nan,nan,0.036171499,0,0,0
199.700000000,post,1,2,-0.004000000,nan,-0.200000000,0.002093414,1.991234466,-0.033334360,0.056069722,2.019524044,-0.055952265,1.999165893,2.021076899,-0.021911007,nan,nan,nan,nan,nan,nan,nan,nan,0.192036883,nan,nan,0.036171499,0,0,0
199.700000000,post,1,3,-0.004000000,nan,-0.100000000,-2.005668702,1.974848603,0.001935655,-1.942339203,2.072156015,0.006554150,2.873186827,2.840168144,0.033018682,nan,nan,nan,nan,nan,nan,nan,nan,0.436093355,nan,nan,0.036171499,0,0,0
199.800000000,pre,1,0,0.016000000,-0.226000000,-0.200000000,-1.999260615,-0.019391344,0.025216009,-2.033553547,0.056215799,0.063695555,1.996777296,2.035327337,-0.038550041,nan,nan,nan,nan,nan,nan,nan,nan,0.594442272,nan,nan,0.000000000,0,0,0
199.800000000,pre,1,2,0.016000000,-0.226000000,-0.200000000,0.002534053,1.993150992,-0.033481793,0.084892129,1.993870516,-0.043376427,2.016151667,1.996148246,0.020003420,nan,nan,nan,nan,nan,nan,nan,nan,0.160054731,nan,nan,0.000000000,0,0,0
199.800000000,pre,1,3,0.016000000,-0.226000000,-0.100000000,-2.008212267,1.977254856,0.000425103,-1.940533785,2.067912577,0.003335602,2.823678493,2.835832316,-0.012153822,nan,nan,nan,nan,nan,nan,nan,nan,0.059086159,nan,nan,0.000000000,0,0,0
199.800000000,post,1,0,0.016000000,-0.226000000,-0.200000000,-1.999260615,-0.019391344,0.025216009,-1.996110994,0.073812603,0.063695555,1.996777296,1.998490562,-0.001713266,nan,nan,nan,nan,nan,nan,nan,nan,0.001174112,nan,nan,0.027385477,0,0,0
199.800000000,post,1,2,0.016000000,-0.226000000,-0.200000000,0.002534053,1.993150992,-0.033481793,0.122334683,2.011467320,-0.043376427,2.016151667,2.015650781,0.000500886,nan,nan,nan,nan,nan,nan,nan,nan,0.000100355,nan,nan,0.027385477,0,0,0
199.800000000,post,1,3,0.016000000,-0.226000000,-0.100000000,-2.008212267,1.977254856,0.000425103,-1.903091232,2.085509382,0.003335602,2.823678493,2.823316622,0.000361872,nan,nan,nan,nan,nan,nan,nan,nan,0.000052381,nan,nan,0.027385477,0,0,0
199.900000000,pre,1,0,-0.004000000,-0.326000000,-0.200000000,-1.999943278,-0.018341317,0.022590366,-1.960950668,0.021155181,0.047394791,2.005284071,1.961637411,0.043646660,nan,nan,nan,nan,nan,nan,nan,nan,0.762012384,nan,nan,0.000000000,0,0,0
199.900000000,pre,1,2,-0.004000000,-0.326000000,-0.200000000,0.002925997,1.995005985,-0.033880435,0.149717673,2.026735887,-0.074880494,1.993063569,2.033637339,-0.040573770,nan,nan,nan,nan,nan,nan,nan,nan,0.658492330,nan,nan,0.000000000,0,0,0
199.900000000,pre,1,3,-0.004000000,-0.326000000,-0.100000000,-2.010510591,1.979576038,-0.001491317,-1.928721335,2.034896526,-0.009788125,2.843017578,2.803723536,0.039294042,nan,nan,nan,nan,nan,nan,nan,nan,0.617608699,nan,nan,0.000000000,0,0,0
199.900000000,post,1,0,-0.004000000,-0.326000000,-0.200000000,-1.999943278,-0.018341317,0.022590366,-2.015845669,-0.002342339,0.047394791,2.005284071,2.016404105,-0.011120034,nan,nan,nan,nan,nan,nan,nan,nan,0.049462058,nan,nan,0.057049513,0,0,0
199.900000000,post,1,2,-0.004000000,-0.326000000,-0.200000000,0.002925997,1.995005985,-0.033880435,0.094822672,2.003238367,-0.074880494,1.993063569,2.006878766,-0.013815197,nan,nan,nan,nan,nan,nan,nan,nan,0.076343869,nan,nan,0.057049513,0,0,0
199.900000000,post,1,3,-0.004000000,-0.326000000,-0.100000000,-2.010510591,1.979576038,-0.001491317,-1.983616336,2.011399005,-0.009788125,2.843017578,2.824987705,0.018029873,nan,nan,nan,nan,nan,nan,nan,nan,0.130030532,nan,nan,0.057049513,0,0,0
200.000000000,pre,1,0,0.016000000,-0.426000000,-0.200000000,-2.000398286,-0.017519509,0.020902555,-2.015488039,-0.007199739,0.075904301,2.056605101,2.016929680,0.039675421,nan,nan,nan,nan,nan,nan,nan,nan,0.629655604,nan,nan,0.000000000,0,0,0
200.000000000,pre,1,2,0.016000000,-0.426000000,-0.200000000,0.003167944,1.996315355,-0.034196535,0.023471303,1.982443210,-0.036718883,1.997414827,1.982922152,0.014492676,nan,nan,nan,nan,nan,nan,nan,nan,0.084015058,nan,nan,0.000000000,0,0,0
200.000000000,pre,1,3,0.016000000,-0.426000000,-0.100000000,-2.012106733,1.981245137,-0.002880683,-1.971614261,2.008472397,0.014807861,2.899406672,2.814505895,0.084900776,nan,nan,nan,nan,nan,nan,nan,nan,2.883256711,nan,nan,0.000000000,0,0,0
200.000000000,post,1,0,0.016000000,-0.426000000,-0.200000000,-2.000398286,-0.017519509,0.020902555,-2.070113005,0.023373556,0.075904301,2.056605101,2.071635981,-0.015030881,nan,nan,nan,nan,nan,nan,nan,nan,0.090370951,nan,nan,0.062697813,0,0,0
200.000000000,post,1,2,0.016000000,-0.426000000,-0.200000000,0.003167944,1.996315355,-0.034196535,-0.031153664,2.013016505,-0.036718883,1.997414827,2.013592381,-0.016177554,nan,nan,nan,nan,nan,nan,nan,nan,0.104685297,nan,nan,0.062697813,0,0,0
200.000000000,post,1,3,0.016000000,-0.426000000,-0.100000000,-2.012106733,1.981245137,-0.002880683,-2.026239227,2.039045692,0.014807861,2.899406672,2.874642936,0.024763735,nan,nan,nan,nan,nan,nan,nan,nan,0.245297033,nan,nan,0.062697813,0,0,0
200.100000000,pre,1,0,-0.004000000,nan,-0.200000000,-2.001000109,-0.016292351,0.019027158,-2.038849604,0.025027274,0.098764854,2.014294624,2.041393781,-0.027099157,nan,nan,nan,nan,nan,nan,nan,nan,0.293745724,nan,nan,0.000000000,0,0,0
200.100000000,pre,1,2,-0.004000000,nan,-0.200000000,0.003488291,1.998159534,-0.034554201,-0.072173665,1.976746377,0.005381225,2.022458076,1.978070837,0.044387240,nan,nan,nan,nan,nan,nan,nan,nan,0.788090827,nan,nan,0.000000000,0,0,0
200.100000000,pre,1,3,-0.004000000,nan,-0.100000000,-2.014365600,1.983643679,-0.004709890,-2.062042833,2.022607934,0.043605547,2.901711226,2.888747989,0.012963237,nan,nan,nan,nan,nan,nan,nan,nan,0.067218202,nan,nan,0.000000000,0,0,0
200.100000000,post,1,0,-0.004000000,nan,-0.200000000,-2.001000109,-0.016292351,0.019027158,-2.012306278,0.068932072,0.098764854,2.014294624,2.015907409,-0.001612785,nan,nan,nan,nan,nan,nan,nan,nan,0.001040430,nan,nan,0.042114871,0,0,0
200.100000000,post,1,2,-0.004000000,nan,-0.200000000,0.003488291,1.998159534,-0.034554201,-0.045630338,2.020651174,0.005381225,2.022458076,2.021173484,0.001284592,nan,nan,nan,nan,nan,nan,nan,nan,0.000660071,nan,nan,0.042114871,0,0,0
200.100000000,post,1,3,-0.004000000,nan,-0.100000000,-2.014365600,1.983643679,-0.004709890,-2.035499506,2.066512731,0.043605547,2.901711226,2.900971312,0.000739914,nan,nan,nan,nan,nan,nan,nan,nan,0.000218989,nan,nan,0.042114871,0,0,0
200.200000000,pre,1,0,0.016000000,-0.326000000,-0.200000000,-2.001476563,-0.015143522,0.017801292,-1.982684197,0.044999052,0.109506470,2.005383730,1.986215801,0.019167929,nan,nan,nan,nan,nan,nan,nan,nan,0.146963807,nan,nan,0.000000000,0,0,0
200.200000000,pre,1,2,0.016000000,-0.326000000,-0.200000000,0.003803238,1.999822677,-0.034946280,-0.033717762,2.039071100,0.032717921,2.028671503,2.039612292,-0.010940789,nan,nan,nan,nan,nan,nan,nan,nan,0.047880344,nan,nan,0.000000000,0,0,0
200.200000000,pre,1,3,0.016000000,-0.326000000,-0.100000000,-2.016405210,1.985862700,-0.006342175,-2.062658124,2.017891691,0.071379230,2.892022133,2.886440786,0.005581347,nan,nan,nan,nan,nan,nan,nan,nan,0.012460575,nan,nan,0.000000000,0,0,0
200.200000000,post,1,0,0.016000000,-0.326000000,-0.200000000,-2.001476563,-0.015143522,0.017801292,-2.001267264,0.034037720,0.109506470,2.005383730,2.004550048,0.000833682,nan,nan,nan,nan,nan,nan,nan,nan,0.000278010,nan,nan,0.007447699,0,0,0
200.200000000,post,1,2,0.016000000,-0.326000000,-0.200000000,0.003803238,1.999822677,-0.034946280,-0.052300829,2.028109768,0.032717921,2.028671503,2.029047824,-0.000376321,nan,nan,nan,nan,nan,nan,nan,nan,0.000056647,nan,nan,0.007447699,0,0,0
200.200000000,post,1,3,0.016000000,-0.326000000,-0.100000000,-2.016405210,1.985862700,-0.006342175,-2.081241191,2.006930359,0.071379230,2.892022133,2.892132320,-0.000110187,nan,nan,nan,nan,nan,nan,nan,nan,0.000004856,nan,nan,0.007447699,0,0,0
200.300000000,pre,1,0,-0.004000000,-0.426000000,-0.200000000,-2.001761789,-0.014358477,0.017172645,-2.029888220,-0.002073796,0.130923532,2.025152206,2.034107042,-0.008954835,nan,nan,nan,nan,nan,nan,nan,nan,0.032075629,nan,nan,0.000000000,0,0,0
200.300000000,pre,1,2,-0.004000000,-0.426000000,-0.200000000,0.004034580,2.000898080,-0.035289066,-0.029594669,2.043508404,0.022292666,2.046249390,2.043844271,0.002405118,nan,nan,nan,nan,nan,nan,nan,nan,0.002313838,nan,nan,0.000000000,0,0,0
200.300000000,pre,1,3,-0.004000000,-0.426000000,-0.100000000,-2.017664211,1.987333241,-0.007423747,-2.043521000,1.996693074,0.060442469,2.871107101,2.857693930,0.013413171,nan,nan,nan,nan,nan,nan,nan,nan,0.071965263,nan,nan,0.000000000,0,0,0
200.300000000,post,1,0,-0.004000000,-0.426000000,-0.200000000,-2.001761789,-0.014358477,0.017172645,-2.027490836,0.006432923,0.130923532,2.025152206,2.031723761,-0.006571555,nan,nan,nan,nan,nan,nan,nan,nan,0.017274134,nan,nan,0.001249787,0,0,0
200.300000000,post,1,2,-0.004000000,-0.426000000,-0.200000000,0.004034580,2.000898080,-0.035289066,-0.027197285,2.052015123,0.022292666,2.046249390,2.052316428,-0.006067038,nan,nan,nan,nan,nan,nan,nan,nan,0.014723581,nan,nan,0.001249787,0,0,0
200.300000000,post,1,3,-0.004000000,-0.426000000,-0.100000000,-2.017664211,1.987333241,-0.007423747,-2.041123616,2.005199792,0.060442469,2.871107101,2.861933807,0.009173294,nan,nan,nan,nan,nan,nan,nan,nan,0.033659731,nan,nan,0.001249787,0,0,0
200.400000000,pre,1,0,0.016000000,nan,-0.200000000,-2.002173571,-0.013220996,0.016436884,-1.998908811,-0.000429920,0.116015826,1.987089872,2.002272782,-0.015182909,nan,nan,nan,nan,nan,nan,nan,nan,0.092208293,nan,nan,0.000000000,0,0,0
200.400000000,pre,1,2,0.016000000,nan,-0.200000000,0.004390231,2.002346702,-0.035860692,-0.048607972,2.022701159,0.003945488,2.018009663,2.023288976,-0.005279313,nan,nan,nan,nan,nan,nan,nan,nan,0.011148460,nan,nan,0.000000000,0,0,0
200.400000000,pre,1,3,0.016000000,nan,-0.100000000,-2.019190143,1.989327269,-0.008845426,-1.965132366,2.024706291,0.057035383,2.840109348,2.822132849,0.017976499,nan,nan,nan,nan,nan,nan,nan,nan,0.129261809,nan,nan,0.000000000,0,0,0
200.400000000,post,1,0,0.016000000,nan,-0.200000000,-2.002173571,-0.013220996,0.016436884,-1.994933291,0.005802305,0.116015826,1.987089872,1.998312332,-0.011222460,nan,nan,nan,nan,nan,nan,nan,nan,0.050377439,nan,nan,0.000874326,0,0,0
200.400000000,post,1,2,0.016000000,nan,-0.200000000,0.004390231,2.002346702,-0.035860692,-0.044632453,2.028933385,0.003945488,2.018009663,2.029428073,-0.011418410,nan,nan,nan,nan,nan,nan,nan,nan,0.052152035,nan,nan,0.000874326,0,0,0
200.400000000,post,1,3,0.016000000,nan,-0.100000000,-2.019190143,1.989327269,-0.008845426,-1.961156846,2.030938517,0.057035383,2.840109348,2.823844980,0.016264368,nan,nan,nan,nan,nan,nan,nan,nan,0.105811870,nan,nan,0.000874326,0,0,0
200.500000000,pre,1,0,-0.004000000,nan,-0.200000000,-2.002699873,-0.011954867,0.015633136,-1.982703044,0.006065073,0.093041214,1.950676203,1.984894157,-0.034217954,nan,nan,nan,nan,nan,nan,nan,nan,0.468347360,nan,nan,0.000000000,0,0,0
200.500000000,pre,1,2,-0.004000000,nan,-0.200000000,0.004798526,2.003833906,-0.036587281,0.023289925,2.013993996,0.010555909,1.993790269,2.014156316,-0.020366047,nan,nan,nan,nan,nan,nan,nan,nan,0.165910349,nan,nan,0.000000000,0,0,0
200.500000000,pre,1,3,-0.004000000,nan,-0.100000000,-2.020491479,1.991335161,-0.010142645,-2.022058000,1.992523217,0.035103244,2.801051140,2.839031448,-0.037980308,nan,nan,nan,nan,nan,nan,nan,nan,0.577001515,nan,nan,0.000000000,0,0,0
200.500000000,post,1,0,-0.004000000,nan,-0.200000000,-2.002699873,-0.011954867,0.015633136,-1.949628069,-0.014261366,0.093041214,1.950676203,1.951898988,-0.001222786,nan,nan,nan,nan,nan,nan,nan,nan,0.000598082,nan,nan,0.024113891,0,0,0
200.500000000,post,1,2,-0.004000000,nan,-0.200000000,0.004798526,2.003833906,-0.036587281,0.056364901,1.993667557,0.010555909,1.993790269,1.994492105,-0.000701836,nan,nan,nan,nan,nan,nan,nan,nan,0.000197029,nan,nan,0.024113891,0,0,0
200.500000000,post,1,3,-0.004000000,nan,-0.100000000,-2.020491479,1.991335161,-0.010142645,-1.988983024,1.972196777,0.035103244,2.801051140,2.801222204,-0.000171064,nan,nan,nan,nan,nan,nan,nan,nan,0.000011705,nan,nan,0.024113891,0,0,0
200.600000000,pre,1,0,0.016000000,-0.326000000,-0.200000000,-2.003122477,-0.011055393,0.014992108,-1.929615077,-0.028262205,0.071821099,2.012002945,1.931158038,0.080844907,nan,nan,nan,nan,nan,nan,nan,nan,2.614359569,nan,nan,0.000000000,0,0,0
200.600000000,pre,1,2,0.016000000,-0.326000000,-0.200000000,0.005073976,2.004830986,-0.037130473,0.061113356,2.015566483,0.001212932,1.963753939,2.016493134,-0.052739195,nan,nan,nan,nan,nan,nan,nan,nan,1.112569094,nan,nan,0.000000000,0,0,0
200.600000000,pre,1,3,0.016000000,-0.326000000,-0.100000000,-2.021195301,1.992653754,-0.010921139,-1.980871689,1.981919157,0.036416072,2.803273678,2.802352998,0.000920680,nan,nan,nan,nan,nan,nan,nan,nan,0.000339061,nan,nan,0.000000000,0,0,0
200.600000000,post,1,0,0.016000000,-0.326000000,-0.200000000,-2.003122477,-0.011055393,0.014992108,-1.999127178,-0.084830420,0.071821099,2.012002945,2.002214760,0.009788185,nan,nan,nan,nan,nan,nan,nan,nan,0.038323428,nan,nan,0.128510322,0,0,0
200.600000000,post,1,2,0.016000000,-0.326000000,-0.200000000,0.005073976,2.004830986,-0.037130473,-0.008398745,1.958998267,0.001212932,1.963753939,1.959016647,0.004737292,nan,nan,nan,nan,nan,nan,nan,nan,0.008976775,nan,nan,0.128510322,0,0,0
200.600000000,post,1,3,0.016000000,-0.326000000,-0.100000000,-2.021195301,1.992653754,-0.010921139,-2.050383790,1.925350941,0.036416072,2.803273678,2.812894606,-0.009620928,nan,nan,nan,nan,nan,nan,nan,nan,0.037024900,nan,nan,0.128510322,0,0,0
200.700000000,pre,1,0,-0.004000000,-0.426000000,-0.200000000,-2.003797191,-0.009683364,0.013958722,-2.029550143,-0.070877527,0.055838099,2.034615755,2.031554897,0.003060858,nan,nan,nan,nan,nan,nan,nan,nan,0.003747542,nan,nan,0.000000000,0,0,0
200.700000000,pre,1,2,-0.004000000,-0.426000000,-0.200000000,0.005387667,2.006278880,-0.038045069,0.009623734,1.948959296,-0.003514749,2.008280993,1.948986225,0.059294767,nan,nan,nan,nan,nan,nan,nan,nan,1.406347780,nan,nan,0.000000000,0,0,0
200.700000000,pre,1,3,-0.004000000,-0.426000000,-0.100000000,-2.022002705,1.994556338,-0.012009339,-2.063464001,1.965479890,0.029752072,2.826717377,2.849891238,-0.023173861,nan,nan,nan,nan,nan,nan,nan,nan,0.214811134,nan,nan,0.000000000,0,0,0
200.700000000,post,1,0,-0.004000000,-0.426000000,-0.200000000,-2.003797191,-0.009683364,0.013958722,-2.010272791,-0.036677901,0.055838099,2.034615755,2.011382574,0.023233181,nan,nan,nan,nan,nan,nan,nan,nan,0.215912286,nan,nan,0.024659691,0,0,0
200.700000000,post,1,2,-0.004000000,-0.426000000,-0.200000000,0.005387667,2.006278880,-0.038045069,0.028901085,1.983158921,-0.003514749,2.008280993,1.983372616,0.024908377,nan,nan,nan,nan,nan,nan,nan,nan,0.248170893,nan,nan,0.024659691,0,0,0
200.700000000,post,1,3,-0.004000000,-0.426000000,-0.100000000,-2.022002705,1.994556338,-0.012009339,-2.044186650,1.999679516,0.029752072,2.826717377,2.859773140,-0.033055763,nan,nan,nan,nan,nan,nan,nan,nan,0.437073387,nan,nan,0.024659691,0,0,0
200.800000000,pre,1,0,0.016000000,nan,-0.200000000,-2.004560869,-0.008158397,0.012675661,-1.969273496,-0.012200736,0.041854036,1.986543655,1.969756005,0.016787650,nan,nan,nan,nan,nan,nan,nan,nan,0.112730082,nan,nan,0.000000000,0,0,0
200.800000000,pre,1,2,0.016000000,nan,-0.200000000,0.005537321,2.007838610,-0.039154210,-0.000212869,1.993304164,-0.006656885,2.043021441,1.993315291,0.049706150,nan,nan,nan,nan,nan,nan,nan,nan,0.988280525,nan,nan,0.000000000,0,0,0
200.800000000,pre,1,3,0.016000000,nan,-0.100000000,-2.022693736,1.996608878,-0.013072389,-2.057068581,1.969938663,0.024730766,2.823218584,2.848297929,-0.025079345,nan,nan,nan,nan,nan,nan,nan,nan,0.251589425,nan,nan,0.000000000,0,0,0
200.800000000,post,1,0,0.016000000,nan,-0.200000000,-2.004560869,-0.008158397,0.012675661,-1.960754089,0.011823975,0.041854036,1.986543655,1.961236387,0.025307268,nan,nan,nan,nan,nan,nan,nan,nan,0.256183131,nan,nan,0.010396272,0,0,0
200.800000000,post,1,2,0.016000000,nan,-0.200000000,0.005537321,2.007838610,-0.039154210,0.008306537,2.017328875,-0.006656885,2.043021441,2.017356960,0.025664481,nan,nan,nan,nan,nan,nan,nan,nan,0.263466233,nan,nan,0.010396272,0,0,0
200.800000000,post,1,3,0.016000000,nan,-0.100000000,-2.022693736,1.996608878,-0.013072389,-2.048549175,1.993963374,0.024730766,2.823218584,2.858855588,-0.035637003,nan,nan,nan,nan,nan,nan,nan,nan,0.507998406,nan,nan,0.010396272,0,0,0
200.900000000,pre,1,0,-0.004000000,nan,-0.200000000,-2.005079450,-0.007171039,0.011786972,-1.973930481,-0.007879470,0.030092372,2.008582830,1.974175570,0.034407260,nan,nan,nan,nan,nan,nan,nan,nan,0.473543825,nan,nan,0.000000000,0,0,0
200.900000000,pre,1,2,-0.004000000,nan,-0.200000000,0.005541639,2.008835907,-0.039870622,0.021570994,2.015246950,-0.009035315,1.971606016,2.015382647,-0.043776631,nan,nan,nan,nan,nan,nan,nan,nan,0.766557356,nan,nan,0.000000000,0,0,0
200.900000000,pre,1,3,-0.004000000,nan,-0.100000000,-2.023085008,1.997940128,-0.013730715,-2.051946523,2.008571596,0.020825807,2.831029415,2.871459229,-0.040429813,nan,nan,nan,nan,nan,nan,nan,nan,0.653827928,nan,nan,0.000000000,0,0,0
200.900000000,post,1,0,-0.004000000,nan,-0.200000000,-2.005079450,-0.007171039,0.011786972,-1.993882422,-0.061787346,0.030092372,2.008582830,1.995066500,0.013516330,nan,nan,nan,nan,nan,nan,nan,nan,0.073076474,nan,nan,0.052866224,0,0,0
200.900000000,post,1,2,-0.004000000,nan,-0.200000000,0.005541639,2.008835907,-0.039870622,0.001619054,1.961339074,-0.009035315,1.971606016,1.961360553,0.010245463,nan,nan,nan,nan,nan,nan,nan,nan,0.041987803,nan,nan,0.052866224,0,0,0
200.900000000,post,1,3,-0.004000000,nan,-0.100000000,-2.023085008,1.997940128,-0.013730715,-2.071898463,1.954663720,0.020825807,2.831029415,2.848492095,-0.017462680,nan,nan,nan,nan,nan,nan,nan,nan,0.121978075,nan,nan,0.052866224,0,0,0
201.000000000,pre,1,0,0.016000000,-0.326000000,-0.200000000,-2.005628373,-0.006203588,0.010798650,-2.034287135,-0.052007409,0.020017037,2.033746481,2.035050270,-0.001303789,nan,nan,nan,nan,nan,nan,nan,nan,0.000679946,nan,nan,0.000000000,0,0,0
201.000000000,pre,1,2,0.016000000,-0.326000000,-0.200000000,0.005496415,2.009814589,-0.040644184,-0.030789623,1.939888986,-0.011361243,1.954317451,1.940166580,0.014150871,nan,nan,nan,nan,nan,nan,nan,nan,0.080098858,nan,nan,0.000000000,0,0,0
201.000000000,pre,1,3,0.016000000,-0.326000000,-0.100000000,-2.023440942,1.999264820,-0.014446079,-2.027017504,1.948880589,0.017849279,2.877713919,2.811984016,0.065729902,nan,nan,nan,nan,nan,nan,nan,nan,1.728168031,nan,nan,0.000000000,0,0,0
201.000000000,post,1,0,0.016000000,-0.326000000,-0.200000000,-2.005628373,-0.006203588,0.010798650,-2.053281608,-0.019062692,0.020017037,2.033746481,2.053467659,-0.019721178,nan,nan,nan,nan,nan,nan,nan,nan,0.155569951,nan,nan,0.023138310,0,0,0
201.000000000,post,1,2,0.016000000,-0.326000000,-0.200000000,0.005496415,2.009814589,-0.040644184,-0.049784096,1.972833703,-0.011361243,1.954317451,1.973494452,-0.019177002,nan,nan,nan,nan,nan,nan,nan,nan,0.147102961,nan,nan,0.023138310,0,0,0
201.000000000,post,1,3,0.016000000,-0.326000000,-0.100000000,-2.023440942,1.999264820,-0.014446079,-2.046011976,1.981825306,0.017849279,2.877713919,2.848528593,0.029185325,nan,nan,nan,nan,nan,nan,nan,nan,0.340713284,nan,nan,0.023138310,0,0,0
201.100000000,pre,1,0,-0.004000000,-0.426000000,-0.200000000,-2.006752898,-0.004463034,0.008726986,-2.080115707,0.018061406,0.011124637,2.042820454,2.080223864,-0.037403411,nan,nan,nan,nan,nan,nan,nan,nan,0.559606050,nan,nan,0.000000000,0,0,0
201.100000000,pre,1,2,-0.004000000,-0.426000000,-0.200000000,0.005259100,2.011662372,-0.042145880,-0.072816383,2.020862187,-0.012059830,1.997249365,2.022209594,-0.024960229,nan,nan,nan,nan,nan,nan,nan,nan,0.249205219,nan,nan,0.000000000,0,0,0
201.100000000,pre,1,3,-0.004000000,-0.426000000,-0.100000000,-2.023984053,2.001757616,-0.015808802,-2.054373888,1.978858392,0.014552086,2.874301910,2.852462860,0.021839050,nan,nan,nan,nan,nan,nan,nan,nan,0.190777641,nan,nan,0.000000000,0,0,0
201.100000000,post,1,0,-0.004000000,-0.426000000,-0.200000000,-2.006752898,-0.004463034,0.008726986,-2.066282843,0.016376376,0.011124637,2.042820454,2.066377683,-0.023557230,nan,nan,nan,nan,nan,nan,nan,nan,0.221977228,nan,nan,0.003106999,0,0,0
201.100000000,post,1,2,-0.004000000,-0.426000000,-0.200000000,0.005259100,2.011662372,-0.042145880,-0.058983519,2.019177157,-0.012059830,1.997249365,2.020074475,-0.022825110,nan,nan,nan,nan,nan,nan,nan,nan,0.208394260,nan,nan,0.003106999,0,0,0
201.100000000,post,1,3,-0.004000000,-0.426000000,-0.100000000,-2.023984053,2.001757616,-0.015808802,-2.040541024,1.977173362,0.014552086,2.874301910,2.841343685,0.032958225,nan,nan,nan,nan,nan,nan,nan,nan,0.434497846,nan,nan,0.003106999,0,0,0
201.200000000,pre,1,0,0.016000000,nan,-0.200000000,-2.007332788,-0.003646602,0.007700684,-2.023175167,-0.005633402,0.003037475,2.034079313,2.023185290,0.010894024,nan,nan,nan,nan,nan,nan,nan,nan,0.047471901,nan,nan,0.000000000,0,0,0
201.200000000,pre,1,2,0.016000000,nan,-0.200000000,0.005034752,2.012608816,-0.042866225,-0.035672351,2.032978042,-0.011912095,1.974456429,2.033325880,-0.058869450,nan,nan,nan,nan,nan,nan,nan,nan,1.386244861,nan,nan,0.000000000,0,0,0
201.200000000,pre,1,3,0.016000000,nan,-0.100000000,-2.024155360,2.002995099,-0.016470240,-2.033629227,2.015364692,0.011760454,2.840931416,2.863124339,-0.022192924,nan,nan,nan,nan,nan,nan,nan,nan,0.197010345,nan,nan,0.000000000,0,0,0
201.200000000,post,1,0,0.016000000,nan,-0.200000000,-2.007332788,-0.003646602,0.007700684,-2.036461655,-0.058823392,0.003037475,2.034079313,2.037313302,-0.003233989,nan,nan,nan,nan,nan,nan,nan,nan,0.004183474,nan,nan,0.048091294,0,0,0
201.200000000,post,1,2,0.016000000,nan,-0.200000000,0.005034752,2.012608816,-0.042866225,-0.048958840,1.979788051,-0.011912095,1.974456429,1.980429144,-0.005972714,nan,nan,nan,nan,nan,nan,nan,nan,0.014269327,nan,nan,0.048091294,0,0,0
201.200000000,post,1,3,0.016000000,nan,-0.100000000,-2.024155360,2.002995099,-0.016470240,-2.046915716,1.962174702,0.011760454,2.840931416,2.835512619,0.005418796,nan,nan,nan,nan,nan,nan,nan,nan,0.011745340,nan,nan,0.048091294,0,0,0
201.300000000,pre,1,0,-0.004000000,nan,-0.200000000,-2.008146411,-0.002589444,0.006261735,-2.014889539,-0.061638964,-0.003880241,2.016318798,2.015835874,0.000482924,nan,nan,nan,nan,nan,nan,nan,nan,0.000093286,nan,nan,0.000000000,0,0,0
201.300000000,pre,1,2,-0.004000000,nan,-0.200000000,0.004633105,2.014041523,-0.043521497,-0.049939781,1.983163810,-0.011519179,1.938089132,1.983825943,-0.045736811,nan,nan,nan,nan,nan,nan,nan,nan,0.836742334,nan,nan,0.000000000,0,0,0
201.300000000,pre,1,3,-0.004000000,nan,-0.100000000,-2.024293611,2.004735419,-0.017435450,-2.020289881,1.967566124,0.009214815,2.818998575,2.820101517,-0.001102942,nan,nan,nan,nan,nan,nan,nan,nan,0.000486593,nan,nan,0.000000000,0,0,0
201.300000000,post,1,0,-0.004000000,nan,-0.200000000,-2.008146411,-0.002589444,0.006261735,-2.024430602,-0.095239270,-0.003880241,2.016318798,2.026673343,-0.010354545,nan,nan,nan,nan,nan,nan,nan,nan,0.042886638,nan,nan,0.019520199,0,0,0
201.300000000,post,1,2,-0.004000000,nan,-0.200000000,0.004633105,2.014041523,-0.043521497,-0.059480845,1.949563505,-0.011519179,1.938089132,1.950504684,-0.012415551,nan,nan,nan,nan,nan,nan,nan,nan,0.061658366,nan,nan,0.019520199,0,0,0
201.300000000,post,1,3,-0.004000000,nan,-0.100000000,-2.024293611,2.004735419,-0.017435450,-2.029830944,1.933965819,0.009214815,2.818998575,2.803662312,0.015336263,nan,nan,nan,nan,nan,nan,nan,nan,0.094080382,nan,nan,0.019520199,0,0,0
201.400000000,pre,1,0,0.016000000,-0.326000000,-0.200000000,-2.008998353,-0.001644657,0.004809477,-2.044319203,-0.059363366,-0.008693802,2.013982773,2.045199402,-0.031216630,nan,nan,nan,nan,nan,nan,nan,nan,0.389791187,nan,nan,0.000000000,0,0,0
201.400000000,pre,1,2,0.016000000,-0.326000000,-0.200000000,0.003813198,2.016132223,-0.039076415,-0.033067455,1.941516376,-0.009887786,1.983451128,1.941823128,0.041628000,nan,nan,nan,nan,nan,nan,nan,nan,0.693156143,nan,nan,0.000000000,0,0,0
201.400000000,pre,1,3,0.016000000,-0.326000000,-0.100000000,-2.024379946,2.006490521,-0.018473621,-2.061652366,1.926257960,0.006955370,2.835840702,2.821511755,0.014328947,nan,nan,nan,nan,nan,nan,nan,nan,0.082127486,nan,nan,0.000000000,0,0,0
201.400000000,post,1,0,0.016000000,-0.326000000,-0.200000000,-2.008998353,-0.001644657,0.004809477,-2.017793602,-0.016404093,-0.008693802,2.013982773,2.017879010,-0.003896237,nan,nan,nan,nan,nan,nan,nan,nan,0.006072265,nan,nan,0.040785707,0,0,0
201.400000000,post,1,2,0.016000000,-0.326000000,-0.200000000,0.003813198,2.016132223,-0.039076415,-0.006541854,1.984475649,-0.009887786,1.983451128,1.984511065,-0.001059937,nan,nan,nan,nan,nan,nan,nan,nan,0.000449386,nan,nan,0.040785707,0,0,0
201.400000000,post,1,3,0.016000000,-0.326000000,-0.100000000,-2.024379946,2.006490521,-0.018473621,-2.035126765,1.969217234,0.006955370,2.835840702,2.831890860,0.003949842,nan,nan,nan,nan,nan,nan,nan,nan,0.006240502,nan,nan,0.040785707,0,0,0
201.500000000,pre,1,0,-0.004000000,-0.426000000,-0.200000000,-2.009555027,-0.001104804,0.003873628,-2.064144540,0.025484837,-0.006597107,2.023383856,2.064312399,-0.040928544,nan,nan,nan,nan,nan,nan,nan,nan,0.670058274,nan,nan,0.000000000,0,0,0
201.500000000,pre,1,2,-0.004000000,-0.426000000,-0.200000000,0.003279340,2.017419352,-0.036465066,-0.014415130,2.039265621,-0.000125464,2.021785259,2.039316573,-0.017531314,nan,nan,nan,nan,nan,nan,nan,nan,0.122938790,nan,nan,0.000000000,0,0,0
201.500000000,pre,1,3,-0.004000000,-0.426000000,-0.100000000,-2.024418509,2.007563305,-0.019179099,-2.089960803,1.980554612,0.004780377,2.830914259,2.879332488,-0.048418229,nan,nan,nan,nan,nan,nan,nan,nan,0.937729972,nan,nan,0.000000000,0,0,0
201.500000000,post,1,0,-0.004000000,-0.426000000,-0.200000000,-2.009555027,-0.001104804,0.003873628,-2.021970503,0.005686756,-0.006597107,2.023383856,2.021989263,0.001394593,nan,nan,nan,nan,nan,nan,nan,nan,0.000777956,nan,nan,0.034729815,0,0,0
201.500000000,post,1,2,-0.004000000,-0.426000000,-0.200000000,0.003279340,2.017419352,-0.036465066,0.027758907,2.019467540,-0.000125464,2.021785259,2.019658317,0.002126942,nan,nan,nan,nan,nan,nan,nan,nan,0.001809553,nan,nan,0.034729815,0,0,0
201.500000000,post,1,3,-0.004000000,-0.426000000,-0.100000000,-2.024418509,2.007563305,-0.019179099,-2.047786766,1.960756530,0.004780377,2.830914259,2.835140148,-0.004225889,nan,nan,nan,nan,nan,nan,nan,nan,0.007143256,nan,nan,0.034729815,0,0,0
201.600000000,pre,1,0,0.016000000,nan,-0.200000000,-2.010297841,-0.000395962,0.002540755,-1.973170853,-0.016493693,-0.010064472,2.031071186,1.973265454,0.057805733,nan,nan,nan,nan,nan,nan,nan,nan,1.336601084,nan,nan,0.000000000,0,0,0
201.600000000,pre,1,2,0.016000000,nan,-0.200000000,0.002547022,2.019142632,-0.033050062,0.001598492,2.002024517,0.000568184,2.027920008,2.002025236,0.025894772,nan,nan,nan,nan,nan,nan,nan,nan,0.268215681,nan,nan,0.000000000,0,0,0
201.600000000,pre,1,3,0.016000000,nan,-0.100000000,-2.024418481,2.008945885,-0.020122775,-2.025635826,2.080217062,0.003088292,2.832416534,2.903534581,-0.071118046,nan,nan,nan,nan,nan,nan,nan,nan,2.023110592,nan,nan,0.000000000,0,0,0
201.600000000,post,1,0,0.016000000,nan,-0.200000000,-2.010297841,-0.000395962,0.002540755,-1.984867424,-0.036765306,-0.010064472,2.031071186,1.985233405,0.045837781,nan,nan,nan,nan,nan,nan,nan,nan,0.840440864,nan,nan,0.008763969,0,0,0
201.600000000,post,1,2,0.016000000,nan,-0.200000000,0.002547022,2.019142632,-0.033050062,-0.010098079,1.981752904,0.000568184,2.027920008,1.981778713,0.046141295,nan,nan,nan,nan,nan,nan,nan,nan,0.851607632,nan,nan,0.008763969,0,0,0
201.600000000,post,1,3,0.016000000,nan,-0.100000000,-2.024418481,2.008945885,-0.020122775,-2.037332397,2.059945449,0.003088292,2.832416534,2.897258719,-0.064842185,nan,nan,nan,nan,nan,nan,nan,nan,1.681803565,nan,nan,0.008763969,0,0,0
201.700000000,pre,1,0,-0.004000000,nan,-0.200000000,-2.010951427,0.000287849,0.001175081,-1.987819030,0.008076458,-0.031442901,1.990573525,1.988084098,0.002489428,nan,nan,nan,nan,nan,nan,nan,nan,0.002478900,nan,nan,0.000000000,0,0,0
201.700000000,pre,1,2,-0.004000000,nan,-0.200000000,0.001874651,2.020789467,-0.029972710,0.010083517,1.950521956,-0.007097247,2.058883190,1.950560932,0.108322258,nan,nan,nan,nan,nan,nan,nan,nan,4.693484640,nan,nan,0.000000000,0,0,0
201.700000000,pre,1,3,-0.004000000,nan,-0.100000000,-2.024298560,2.010170333,-0.021020302,-2.043711242,2.069771292,-0.006915729,2.876145840,2.908737986,-0.032592146,nan,nan,nan,nan,nan,nan,nan,nan,0.424899198,nan,nan,0.000000000,0,0,0
201.700000000,post,1,0,-0.004000000,nan,-0.200000000,-2.010951427,0.000287849,0.001175081,-1.951556535,0.074416108,-0.031442901,1.990573525,1.953227924,0.037345601,nan,nan,nan,nan,nan,nan,nan,nan,0.557877570,nan,nan,0.091454682,0,0,0
201.700000000,post,1,2,-0.004000000,nan,-0.200000000,0.001874651,2.020789467,-0.029972710,0.046346011,2.016861606,-0.007097247,2.058883190,2.017406519,0.041476672,nan,nan,nan,nan,nan,nan,nan,nan,0.688125716,nan,nan,0.091454682,0,0,0
201.700000000,post,1,3,-0.004000000,nan,-0.100000000,-2.024298560,2.010170333,-0.021020302,-2.007448748,2.136110942,-0.006915729,2.876145840,2.931359456,-0.055213616,nan,nan,nan,nan,nan,nan,nan,nan,1.219417366,nan,nan,0.091454682,0,0,0
201.800000000,pre,1,0,0.016000000,-0.226000000,-0.200000000,-2.011343047,0.000732435,0.000176914,-1.970509155,0.093854687,-0.033227415,2.023051023,1.973022831,0.050028192,nan,nan,nan,nan,nan,nan,nan,nan,1.001128008,nan,nan,0.000000000,0,0,0
201.800000000,pre,1,2,0.016000000,-0.226000000,-0.200000000,0.001450977,2.021907966,-0.028095838,0.047067581,2.032280469,0.002992711,2.080708265,2.032827641,0.047880625,nan,nan,nan,nan,nan,nan,nan,nan,0.917021689,nan,nan,0.000000000,0,0,0
201.800000000,pre,1,3,0.016000000,-0.226000000,-0.100000000,-2.024130712,2.010950571,-0.021716744,-1.983201816,2.069848453,-0.007518971,2.855123043,2.866604019,-0.011480976,nan,nan,nan,nan,nan,nan,nan,nan,0.052725120,nan,nan,0.000000000,0,0,0
201.800000000,post,1,0,0.016000000,-0.226000000,-0.200000000,-2.011343047,0.000732435,0.000176914,-1.990613178,0.114075032,-0.033227415,2.023051023,1.994155961,0.028895062,nan,nan,nan,nan,nan,nan,nan,nan,0.333969845,nan,nan,0.013008545,0,0,0
201.800000000,post,1,2,0.016000000,-0.226000000,-0.200000000,0.001450977,2.021907966,-0.028095838,0.026963558,2.052500813,0.002992711,2.080708265,2.052680096,0.028028169,nan,nan,nan,nan,nan,nan,nan,nan,0.314231310,nan,nan,0.013008545,0,0,0
201.800000000,post,1,3,0.016000000,-0.226000000,-0.100000000,-2.024130712,2.010950571,-0.021716744,-2.003305840,2.090068798,-0.007518971,2.855123043,2.895112848,-0.039989805,nan,nan,nan,nan,nan,nan,nan,nan,0.639673793,nan,nan,0.013008545,0,0,0
201.900000000,pre,1,0,-0.004000000,-0.326000000,-0.200000000,-2.011811518,0.001268108,-0.001299273,-2.009095574,0.037990530,-0.035324232,2.052017927,2.009765187,0.042252740,nan,nan,nan,nan,nan,nan,nan,nan,0.714117624,nan,nan,0.000000000,0,0,0
201.900000000,pre,1,2,-0.004000000,-0.326000000,-0.200000000,0.000891577,2.023442315,-0.025808744,0.080311258,1.979455857,-0.004092831,2.049867153,1.981088624,0.068778529,nan,nan,nan,nan,nan,nan,nan,nan,1.892194413,nan,nan,0.000000000,0,0,0
201.900000000,pre,1,3,-0.004000000,-0.326000000,-0.100000000,-2.023793624,2.012035742,-0.022830950,-1.989137031,2.092342267,-0.008186684,2.853368998,2.886975807,-0.033606810,nan,nan,nan,nan,nan,nan,nan,nan,0.451767065,nan,nan,0.000000000,0,0,0
201.900000000,post,1,0,-0.004000000,-0.326000000,-0.200000000,-2.011811518,0.001268108,-0.001299273,-2.010901159,0.066492813,-0.035324232,2.052017927,2.012310256,0.039707671,nan,nan,nan,nan,nan,nan,nan,nan,0.630679650,nan,nan,0.013050244,0,0,0
201.900000000,post,1,2,-0.004000000,-0.326000000,-0.200000000,0.000891577,2.023442315,-0.025808744,0.078505672,2.007958140,-0.004092831,2.049867153,2.009496400,0.040370753,nan,nan,nan,nan,nan,nan,nan,nan,0.651919079,nan,nan,0.013050244,0,0,0
201.900000000,post,1,3,-0.004000000,-0.326000000,-0.100000000,-2.023793624,2.012035742,-0.022830950,-1.990942617,2.120844550,-0.008186684,2.853368998,2.908934707,-0.055565709,nan,nan,nan,nan,nan,nan,nan,nan,1.235019223,nan,nan,0.013050244,0,0,0
202.000000000,pre,1,0,0.016000000,-0.126000000,-0.200000000,-2.012174323,0.001641906,-0.002848487,-1.973431574,0.046675894,-0.028993447,1.991929412,1.974196403,0.017733009,nan,nan,nan,nan,nan,nan,nan,nan,0.125783843,nan,nan,0.000000000,0,0,0
202.000000000,pre,1,2,0.016000000,-0.126000000,-0.200000000,0.000348646,2.024904380,-0.023781978,0.072300256,1.970519369,0.004224611,2.033078194,1.971849832,0.061228362,nan,nan,nan,nan,nan,nan,nan,nan,1.499564922,nan,nan,0.000000000,0,0,0
202.000000000,pre,1,3,0.016000000,-0.126000000,-0.100000000,-2.023506399,2.013118049,-0.023817733,-1.936989314,2.073859904,-0.000884165,2.859756708,2.837749687,0.022007021,nan,nan,nan,nan,nan,nan,nan,nan,0.193723592,nan,nan,0.000000000,0,0,0
202.000000000,post,1,0,0.016000000,-0.126000000,-0.200000000,-2.012174323,0.001641906,-0.002848487,-1.977834215,0.094718374,-0.028993447,1.991929412,1.980313200,0.011616212,nan,nan,nan,nan,nan,nan,nan,nan,0.053974551,nan,nan,0.037239410,0,0,0
202.000000000,post,1,2,0.016000000,-0.126000000,-0.200000000,0.000348646,2.024904380,-0.023781978,0.067897616,2.018561849,0.004224611,2.033078194,2.019707868,0.013370326,nan,nan,nan,nan,nan,nan,nan,nan,0.071506245,nan,nan,0.037239410,0,0,0
202.000000000,post,1,3,0.016000000,-0.126000000,-0.100000000,-2.023506399,2.013118049,-0.023817733,-1.941391954,2.121902384,-0.000884165,2.859756708,2.876016903,-0.016260195,nan,nan,nan,nan,nan,nan,nan,nan,0.105757578,nan,nan,0.037239410,0,0,0
202.100000000,pre,1,0,-0.004000000,-0.226000000,-0.200000000,-2.012339077,0.001745416,-0.003927757,-1.994636097,0.068557755,-0.030563423,2.009951353,1.996047958,0.013903396,nan,nan,nan,nan,nan,nan,nan,nan,0.077321763,nan,nan,0.000000000,0,0,0
202.100000000,pre,1,2,-0.004000000,-0.226000000,-0.200000000,0.000005286,2.025761929,-0.022581509,0.100466961,2.017220598,0.004573580,2.060658455,2.019726087,0.040932368,nan,nan,nan,nan,nan,nan,nan,nan,0.670183488,nan,nan,0.000000000,0,0,0
202.100000000,pre,1,3,-0.004000000,-0.226000000,-0.100000000,-2.023828932,2.013995808,-0.022363464,-1.941032014,2.095059178,-0.001433528,2.874876022,2.856025261,0.018850761,nan,nan,nan,nan,nan,nan,nan,nan,0.142140477,nan,nan,0.000000000,0,0,0
202.100000000,post,1,0,-0.004000000,-0.226000000,-0.200000000,-2.012339077,0.001745416,-0.003927757,-2.000178303,0.101864620,-0.030563423,2.009951353,2.003003687,0.006947666,nan,nan,nan,nan,nan,nan,nan,nan,0.019308028,nan,nan,0.018241013,0,0,0
202.100000000,post,1,2,-0.004000000,-0.226000000,-0.200000000,0.000005286,2.025761929,-0.022581509,0.094924755,2.050527463,0.004573580,2.060658455,2.052728551,0.007929904,nan,nan,nan,nan,nan,nan,nan,nan,0.025153353,nan,nan,0.018241013,0,0,0
202.100000000,post,1,3,-0.004000000,-0.226000000,-0.100000000,-2.023828932,2.013995808,-0.022363464,-1.946574220,2.128366043,-0.001433528,2.874876022,2.884284185,-0.009408163,nan,nan,nan,nan,nan,nan,nan,nan,0.035405413,nan,nan,0.018241013,0,0,0
202.200000000,pre,1,0,0.016000000,-0.326000000,-0.200000000,-2.012455529,0.001660400,-0.005436492,-2.011804017,0.056495364,-0.031377216,2.035477161,2.012841687,0.022635474,nan,nan,nan,nan,nan,nan,nan,nan,0.204945876,nan,nan,0.000000000,0,0,0
202.200000000,pre,1,2,0.016000000,-0.326000000,-0.200000000,-0.000447725,2.026727416,-0.021066320,0.109942644,2.043374848,0.004744355,2.041060925,2.046335912,-0.005274987,nan,nan,nan,nan,nan,nan,nan,nan,0.011130197,nan,nan,0.000000000,0,0,0
202.200000000,pre,1,3,0.016000000,-0.326000000,-0.100000000,-2.024206422,2.014987217,-0.020351604,-1.900511522,2.116732836,-0.001495948,2.868427277,2.844732708,0.023694568,nan,nan,nan,nan,nan,nan,nan,nan,0.224573026,nan,nan,0.000000000,0,0,0
202.200000000,post,1,0,0.016000000,-0.326000000,-0.200000000,-2.012455529,0.001660400,-0.005436492,-2.037683133,0.056845331,-0.031377216,2.035477161,2.038717359,-0.003240198,nan,nan,nan,nan,nan,nan,nan,nan,0.004199553,nan,nan,0.010717618,0,0,0
202.200000000,post,1,2,0.016000000,-0.326000000,-0.200000000,-0.000447725,2.026727416,-0.021066320,0.084063528,2.043724815,0.004744355,2.041060925,2.045458459,-0.004397534,nan,nan,nan,nan,nan,nan,nan,nan,0.007735323,nan,nan,0.010717618,0,0,0
202.200000000,post,1,3,0.016000000,-0.326000000,-0.100000000,-2.024206422,2.014987217,-0.020351604,-1.926390638,2.117082803,-0.001495948,2.868427277,2.862345668,0.006081608,nan,nan,nan,nan,nan,nan,nan,nan,0.014794385,nan,nan,0.010717618,0,0,0
202.300000000,pre,1,0,-0.004000000,-0.126000000,-0.200000000,-2.012466778,0.001431883,-0.006846902,-2.031010696,0.042836023,-0.032029819,2.017052174,2.031714862,-0.014662689,nan,nan,nan,nan,nan,nan,nan,nan,0.085997777,nan,nan,0.000000000,0,0,0
202.300000000,pre,1,2,-0.004000000,-0.126000000,-0.200000000,-0.000865186,2.027439613,-0.019756908,0.091235896,2.015813437,0.004509085,1.990891218,2.017882091,-0.026990873,nan,nan,nan,nan,nan,nan,nan,nan,0.291402884,nan,nan,0.000000000,0,0,0
202.300000000,pre,1,3,-0.004000000,-0.126000000,-0.100000000,-2.024429991,2.015707603,-0.018575609,-1.895729257,2.090826293,-0.001879519,2.837830067,2.822294729,0.015535338,nan,nan,nan,nan,nan,nan,nan,nan,0.096538689,nan,nan,0.000000000,0,0,0
202.300000000,post,1,0,-0.004000000,-0.126000000,-0.200000000,-2.012466778,0.001431883,-0.006846902,-2.032266100,0.032548241,-0.032029819,2.017052174,2.032779082,-0.015726909,nan,nan,nan,nan,nan,nan,nan,nan,0.098934261,nan,nan,0.001718632,0,0,0
202.300000000,post,1,2,-0.004000000,-0.126000000,-0.200000000,-0.000865186,2.027439613,-0.019756908,0.089980493,2.005525655,0.004509085,1.990891218,2.007548250,-0.016657031,nan,nan,nan,nan,nan,nan,nan,nan,0.110982677,nan,nan,0.001718632,0,0,0
202.300000000,post,1,3,-0.004000000,-0.126000000,-0.100000000,-2.024429991,2.015707603,-0.018575609,-1.896984661,2.080538511,-0.001879519,2.837830067,2.815527452,0.022302615,nan,nan,nan,nan,nan,nan,nan,nan,0.198962652,nan,nan,0.001718632,0,0,0
202.400000000,pre,1,0,0.016000000,-0.226000000,-0.200000000,-2.012454244,0.001272323,-0.007815109,-2.019730692,0.019373314,-0.032218683,1.996213555,2.020080552,-0.023866996,nan,nan,nan,nan,nan,nan,nan,nan,0.227853406,nan,nan,0.000000000,0,0,0
202.400000000,pre,1,2,0.016000000,-0.226000000,-0.200000000,-0.001164387,2.027876264,-0.018864693,0.045074431,2.040416603,0.004090137,1.969117880,2.040918506,-0.071800626,nan,nan,nan,nan,nan,nan,nan,nan,2.062131981,nan,nan,0.000000000,0,0,0
202.400000000,pre,1,3,0.016000000,-0.226000000,-0.100000000,-2.024488955,2.016164677,-0.017357094,-1.943455071,2.058588081,-0.002129208,2.801214933,2.831043453,-0.029828520,nan,nan,nan,nan,nan,nan,nan,nan,0.355896233,nan,nan,0.000000000,0,0,0
202.400000000,post,1,0,0.016000000,-0.226000000,-0.200000000,-2.012454244,0.001272323,-0.007815109,-2.009171561,-0.037049145,-0.032218683,1.996213555,2.009771391,-0.013557836,nan,nan,nan,nan,nan,nan,nan,nan,0.073525961,nan,nan,0.052719825,0,0,0
202.400000000,post,1,2,0.016000000,-0.226000000,-0.200000000,-0.001164387,2.027876264,-0.018864693,0.055633561,1.983994145,0.004090137,1.969117880,1.984778222,-0.015660342,nan,nan,nan,nan,nan,nan,nan,nan,0.098098521,nan,nan,0.052719825,0,0,0
202.400000000,post,1,3,0.016000000,-0.226000000,-0.100000000,-2.024488955,2.016164677,-0.017357094,-1.932895940,2.002165622,-0.002129208,2.801214933,2.782940608,0.018274325,nan,nan,nan,nan,nan,nan,nan,nan,0.133580388,nan,nan,0.052719825,0,0,0
202.500000000,pre,1,0,-0.004000000,-0.326000000,-0.200000000,-2.012455733,0.001140220,-0.009141964,-1.989427607,-0.039058994,-0.031647541,1.968830347,1.990062656,-0.021232309,nan,nan,nan,nan,nan,nan,nan,nan,0.180324374,nan,nan,0.000000000,0,0,0
202.500000000,pre,1,2,-0.004000000,-0.326000000,-0.200000000,-0.001625243,2.028463566,-0.017559882,0.025724386,1.980765328,0.003665872,1.982099891,1.980935756,0.001164135,nan,nan,nan,nan,nan,nan,nan,nan,0.000542084,nan,nan,0.000000000,0,0,0
202.500000000,pre,1,3,-0.004000000,-0.326000000,-0.100000000,-2.024436370,2.016871617,-0.015551685,-2.019876169,1.962871947,-0.002036467,2.793235540,2.816517382,-0.023281842,nan,nan,nan,nan,nan,nan,nan,nan,0.216817667,nan,nan,0.000000000,0,0,0
202.500000000,post,1,0,-0.004000000,-0.326000000,-0.200000000,-2.012455733,0.001140220,-0.009141964,-1.965721543,-0.041523476,-0.031647541,1.968830347,1.966414745,0.002415602,nan,nan,nan,nan,nan,nan,nan,nan,0.002334053,nan,nan,0.009088818,0,0,0
202.500000000,post,1,2,-0.004000000,-0.326000000,-0.200000000,-0.001625243,2.028463566,-0.017559882,0.049430450,1.978300846,0.003665872,1.982099891,1.978921688,0.003178203,nan,nan,nan,nan,nan,nan,nan,nan,0.004040389,nan,nan,0.009088818,0,0,0
202.500000000,post,1,3,-0.004000000,-0.326000000,-0.100000000,-2.024436370,2.016871617,-0.015551685,-1.996170106,1.960407465,-0.002036467,2.793235540,2.797837856,-0.004602315,nan,nan,nan,nan,nan,nan,nan,nan,0.008472522,nan,nan,0.009088818,0,0,0
202.600000000,pre,1,0,0.016000000,-0.126000000,-0.200000000,-2.012502846,0.001173857,-0.010270381,-1.979881437,-0.046719329,-0.031094596,1.995921135,1.980676671,0.015244464,nan,nan,nan,nan,nan,nan,nan,nan,0.092957470,nan,nan,0.000000000,0,0,0
202.600000000,pre,1,2,0.016000000,-0.126000000,-0.200000000,-0.002087814,2.028939221,-0.016338404,0.012384315,2.013635367,0.003524199,2.041337967,2.013676534,0.027661433,nan,nan,nan,nan,nan,nan,nan,nan,0.306061959,nan,nan,0.000000000,0,0,0
202.600000000,pre,1,3,0.016000000,-0.126000000,-0.100000000,-2.024269016,2.017586344,-0.013834602,-1.971573255,1.949402155,-0.001998318,2.782500505,2.772593344,0.009907161,nan,nan,nan,nan,nan,nan,nan,nan,0.039260736,nan,nan,0.000000000,0,0,0
202.600000000,post,1,0,0.016000000,-0.126000000,-0.200000000,-2.012502846,0.001173857,-0.010270381,-1.988127141,-0.026900339,-0.031094596,1.995921135,1.988552245,0.007368890,nan,nan,nan,nan,nan,nan,nan,nan,0.021720218,nan,nan,0.007372544,0,0,0
202.600000000,post,1,2,0.016000000,-0.126000000,-0.200000000,-0.002087814,2.028939221,-0.016338404,0.004138612,2.033454357,0.003524199,2.041337967,2.033461623,0.007876344,nan,nan,nan,nan,nan,nan,nan,nan,0.024814719,nan,nan,0.007372544,0,0,0
202.600000000,post,1,3,0.016000000,-0.126000000,-0.100000000,-2.024269016,2.017586344,-0.013834602,-1.979818958,1.969221145,-0.001998318,2.782500505,2.792403806,-0.009903301,nan,nan,nan,nan,nan,nan,nan,nan,0.039230148,nan,nan,0.007372544,0,0,0
202.700000000,pre,1,0,-0.004000000,-0.226000000,-0.200000000,-2.012549836,0.001271946,-0.011096213,-2.019127599,-0.017532694,-0.027900909,2.015581369,2.019396473,-0.003815104,nan,nan,nan,nan,nan,nan,nan,nan,0.005822006,nan,nan,0.000000000,0,0,0
202.700000000,pre,1,2,-0.004000000,-0.226000000,-0.200000000,-0.002442379,2.029221898,-0.015482997,0.026773836,1.997239525,0.006085026,2.058963299,1.997428243,0.061535056,nan,nan,nan,nan,nan,nan,nan,nan,1.514625235,nan,nan,0.000000000,0,0,0
202.700000000,pre,1,3,-0.004000000,-0.226000000,-0.100000000,-2.024105662,2.018103902,-0.012592258,-2.007249167,2.024424857,-0.000145962,2.810712337,2.850849916,-0.040137578,nan,nan,nan,nan,nan,nan,nan,nan,0.644410070,nan,nan,0.000000000,0,0,0
202.700000000,post,1,0,-0.004000000,-0.226000000,-0.200000000,-2.012549836,0.001271946,-0.011096213,-1.987809343,0.013250023,-0.027900909,2.015581369,1.988049297,0.027532072,nan,nan,nan,nan,nan,nan,nan,nan,0.303205997,nan,nan,0.030854541,0,0,0
202.700000000,post,1,2,-0.004000000,-0.226000000,-0.200000000,-0.002442379,2.029221898,-0.015482997,0.058092092,2.028022242,0.006085026,2.058963299,2.028863212,0.030100087,nan,nan,nan,nan,nan,nan,nan,nan,0.362406090,nan,nan,0.030854541,0,0,0
202.700000000,post,1,3,-0.004000000,-0.226000000,-0.100000000,-2.024105662,2.018103902,-0.012592258,-1.975930911,2.055207574,-0.000145962,2.810712337,2.850996521,-0.040284183,nan,nan,nan,nan,nan,nan,nan,nan,0.649126168,nan,nan,0.030854541,0,0,0
202.800000000,pre,1,0,0.016000000,-0.326000000,-0.200000000,-2.012760899,0.001369147,-0.000136652,-1.953396838,0.013955214,0.025887590,2.018212795,1.953618213,0.064594583,nan,nan,nan,nan,nan,nan,nan,nan,1.668984043,nan,nan,0.000000000,0,0,0
202.800000000,pre,1,2,0.016000000,-0.326000000,-0.200000000,-0.002823313,2.029474381,0.000142218,0.041786828,1.985957555,0.050716416,2.055210590,1.987044464,0.068166126,nan,nan,nan,nan,nan,nan,nan,nan,1.858648297,nan,nan,0.000000000,0,0,0
202.800000000,pre,1,3,0.016000000,-0.326000000,-0.100000000,-2.024017040,2.018584897,0.000011832,-1.998929287,2.025608549,0.044962752,2.877627850,2.846195696,0.031432154,nan,nan,nan,nan,nan,nan,nan,nan,0.395192122,nan,nan,0.000000000,0,0,0
202.800000000,post,1,0,0.016000000,-0.326000000,-0.200000000,-2.012760899,0.001369147,-0.000136652,-1.994370284,0.059970775,0.025887590,2.018212795,1.995439674,0.022773122,nan,nan,nan,nan,nan,nan,nan,nan,0.207446027,nan,nan,0.060740083,0,0,0
202.800000000,post,1,2,0.016000000,-0.326000000,-0.200000000,-0.002823313,2.029474381,0.000142218,0.000813382,2.031973116,0.050716416,2.055210590,2.032606101,0.022604489,nan,nan,nan,nan,nan,nan,nan,nan,0.204385176,nan,nan,0.060740083,0,0,0
202.800000000,post,1,3,0.016000000,-0.326000000,-0.100000000,-2.024017040,2.018584897,0.000011832,-2.039902734,2.071624110,0.044962752,2.877627850,2.907722694,-0.030094845,nan,nan,nan,nan,nan,nan,nan,nan,0.362279870,nan,nan,0.060740083,0,0,0
202.900000000,pre,1,0,-0.004000000,-0.226000000,-0.200000000,-2.012760932,0.001370231,-0.000136910,-2.043428371,0.021705967,0.027390682,1.998398066,2.043727209,-0.045329144,nan,nan,nan,nan,nan,nan,nan,nan,0.821892515,nan,nan,0.000000000,0,0,0
202.900000000,pre,1,2,-0.004000000,-0.226000000,-0.200000000,-0.002823234,2.029475653,0.000142223,-0.000183518,2.050976854,0.093060165,2.059461355,2.053087014,0.006374342,nan,nan,nan,nan,nan,nan,nan,nan,0.016252893,nan,nan,0.000000000,0,0,0
202.900000000,pre,1,3,-0.004000000,-0.226000000,-0.100000000,-2.024017073,2.018586355,0.000011581,-1.992842523,2.040342878,0.033233552,2.881233692,2.852284147,0.028949546,nan,nan,nan,nan,nan,nan,nan,nan,0.335230476,nan,nan,0.000000000,0,0,0
202.900000000,post,1,0,-0.004000000,-0.226000000,-0.200000000,-2.012760932,0.001370231,-0.000136910,-2.018361641,0.046912413,0.027390682,1.998398066,2.019092553,-0.020694487,nan,nan,nan,nan,nan,nan,nan,nan,0.171304718,nan,nan,0.020219295,0,0,0
202.900000000,post,1,2,-0.004000000,-0.226000000,-0.200000000,-0.002823234,2.029475653,0.000142223,0.024883213,2.076183301,0.093060165,2.059461355,2.078416818,-0.018955462,nan,nan,nan,nan,nan,nan,nan,nan,0.143723821,nan,nan,0.020219295,0,0,0
202.900000000,post,1,3,-0.004000000,-0.226000000,-0.100000000,-2.024017073,2.018586355,0.000011581,-1.967775793,2.065549325,0.033233552,2.881233692,2.853022967,0.028210725,nan,nan,nan,nan,nan,nan,nan,nan,0.318337996,nan,nan,0.020219295,0,0,0
203.000000000,pre,1,0,0.016000000,-0.326000000,-0.200000000,-2.012760978,0.001371766,-0.000137278,-1.993483939,0.067947970,0.310348023,1.985710859,2.018640889,-0.032930030,nan,nan,nan,nan,nan,nan,nan,nan,0.433754741,nan,nan,0.000000000,0,0,0
203.000000000,pre,1,2,0.016000000,-0.326000000,-0.200000000,-0.002823122,2.029477455,0.000142228,0.086386898,2.033500176,0.123698606,2.033498764,2.039089749,-0.005590985,nan,nan,nan,nan,nan,nan,nan,nan,0.012503647,nan,nan,0.000000000,0,0,0
203.000000000,pre,1,3,0.016000000,-0.326000000,-0.100000000,-2.024017119,2.018588420,0.000011226,-1.940306947,2.081689644,0.042641787,2.816806078,2.846057122,-0.029251044,nan,nan,nan,nan,nan,nan,nan,nan,0.342249431,nan,nan,0.000000000,0,0,0
203.000000000,post,1,0,0.016000000,-0.326000000,-0.200000000,-2.012760978,0.001371766,-0.000137278,-1.960813563,0.060053831,0.310348023,1.985710859,1.986129952,-0.000419093,nan,nan,nan,nan,nan,nan,nan,nan,0.000070256,nan,nan,0.018074735,0,0,0
203.000000000,post,1,2,0.016000000,-0.326000000,-0.200000000,-0.002823122,2.029477455,0.000142228,0.119057274,2.025606037,0.123698606,2.033498764,2.032868859,0.000629905,nan,nan,nan,nan,nan,nan,nan,nan,0.000158712,nan,nan,0.018074735,0,0,0
203.000000000,post,1,3,0.016000000,-0.326000000,-0.100000000,-2.024017119,2.018588420,0.000011226,-1.907636570,2.073795505,0.042641787,2.816806078,2.818070866,-0.001264788,nan,nan,nan,nan,nan,nan,nan,nan,0.000639875,nan,nan,0.018074735,0,0,0
203.100000000,pre,1,0,-0.004000000,-0.426000000,-0.200000000,-2.012761025,0.001373300,-0.000137645,-1.942803163,0.098833952,0.400648234,1.950742006,1.986144830,-0.035402824,nan,nan,nan,nan,nan,nan,nan,nan,0.501343982,nan,nan,0.000000000,0,0,0
203.100000000,pre,1,2,-0.004000000,-0.426000000,-0.200000000,-0.002823009,2.029479257,0.000142233,0.152351292,2.012430888,0.149899659,2.057051182,2.023748725,0.033302457,nan,nan,nan,nan,nan,nan,nan,nan,0.443621445,nan,nan,0.000000000,0,0,0
203.100000000,pre,1,3,-0.004000000,-0.426000000,-0.100000000,-2.024017164,2.018590485,0.000010872,-1.876168107,2.067926506,0.048626747,2.813882589,2.792613715,0.021268875,nan,nan,nan,nan,nan,nan,nan,nan,0.180946011,nan,nan,0.000000000,0,0,0
203.100000000,post,1,0,-0.004000000,-0.426000000,-0.200000000,-2.012761025,0.001373300,-0.000137645,-1.914297343,0.136825376,0.400648234,1.950742006,1.960554643,-0.009812637,nan,nan,nan,nan,nan,nan,nan,nan,0.038515138,nan,nan,0.036094880,0,0,0
203.100000000,post,1,2,-0.004000000,-0.426000000,-0.200000000,-0.002823009,2.029479257,0.000142233,0.180857112,2.050422311,0.149899659,2.057051182,2.063834019,-0.006782837,nan,nan,nan,nan,nan,nan,nan,nan,0.018402751,nan,nan,0.036094880,0,0,0
203.100000000,post,1,3,-0.004000000,-0.426000000,-0.100000000,-2.024017164,2.018590485,0.000010872,-1.847662287,2.105917929,0.048626747,2.813882589,2.801983371,0.011899218,nan,nan,nan,nan,nan,nan,nan,nan,0.056636557,nan,nan,0.036094880,0,0,0
203.200000000,pre,1,0,0.016000000,nan,-0.200000000,-2.012761057,0.001374357,-0.000137899,-2.006431402,0.165240635,0.477674447,1.955666900,2.069116796,-0.113449896,nan,nan,nan,nan,nan,nan,nan,nan,5.148351571,nan,nan,0.000000000,0,0,0
203.200000000,pre,1,2,0.016000000,nan,-0.200000000,-0.002822931,2.029480500,0.000142236,0.198562698,2.039186890,0.173468121,2.074019909,2.056161839,0.017858070,nan,nan,nan,nan,nan,nan,nan,nan,0.127564271,nan,nan,0.000000000,0,0,0
203.200000000,pre,1,3,0.016000000,nan,-0.100000000,-2.024017196,2.018591908,0.000010627,-1.820658369,2.114075297,0.056335364,2.841226101,2.790570718,0.050655383,nan,nan,nan,nan,nan,nan,nan,nan,1.026387126,nan,nan,0.000000000,0,0,0
203.200000000,post,1,0,0.016000000,nan,-0.200000000,-2.012761057,0.001374357,-0.000137899,-1.932988510,0.215000171,0.477674447,1.955666900,2.002708799,-0.047041899,nan,nan,nan,nan,nan,nan,nan,nan,0.885176100,nan,nan,0.125917915,0,0,0
203.200000000,post,1,2,0.016000000,nan,-0.200000000,-0.002822931,2.029480500,0.000142236,0.272005589,2.088946426,0.173468121,2.074019909,2.113711286,-0.039691377,nan,nan,nan,nan,nan,nan,nan,nan,0.630162160,nan,nan,0.125917915,0,0,0
203.200000000,post,1,3,0.016000000,nan,-0.100000000,-2.024017196,2.018591908,0.000010627,-1.747215478,2.163834833,0.056335364,2.841226101,2.781747074,0.059479027,nan,nan,nan,nan,nan,nan,nan,nan,1.415101859,nan,nan,0.125917915,0,0,0
203.300000000,pre,1,0,-0.004000000,-0.226000000,-0.200000000,-2.012761105,0.001375917,-0.000138272,-1.974142560,0.219214230,0.562014961,2.016152859,2.064256414,-0.048103555,nan,nan,nan,nan,nan,nan,nan,nan,0.925580808,nan,nan,0.000000000,0,0,0
203.300000000,pre,1,2,-0.004000000,-0.226000000,-0.200000000,-0.002829373,2.029482323,0.000114086,0.300007961,2.014049074,0.211989472,2.014597416,2.047275747,-0.032678331,nan,nan,nan,nan,nan,nan,nan,nan,0.427149327,nan,nan,0.000000000,0,0,0
203.300000000,pre,1,3,-0.004000000,-0.226000000,-0.100000000,-2.024017242,2.018594008,0.000010267,-1.760435608,2.110764692,0.081922955,2.822636366,2.749758624,0.072877742,nan,nan,nan,nan,nan,nan,nan,nan,2.124466134,nan,nan,0.000000000,0,0,0
203.300000000,post,1,0,-0.004000000,-0.226000000,-0.200000000,-2.012761105,0.001375917,-0.000138272,-1.974225152,0.230695677,0.562014961,2.016152859,2.065586179,-0.049433320,nan,nan,nan,nan,nan,nan,nan,nan,0.977461264,nan,nan,0.002109287,0,0,0
203.300000000,post,1,2,-0.004000000,-0.226000000,-0.200000000,-0.002829373,2.029482323,0.000114086,0.299925369,2.025530522,0.211989472,2.014597416,2.058559850,-0.043962434,nan,nan,nan,nan,nan,nan,nan,nan,0.773078251,nan,nan,0.002109287,0,0,0
203.300000000,post,1,3,-0.004000000,-0.226000000,-0.100000000,-2.024017242,2.018594008,0.000010267,-1.760518200,2.122246140,0.081922955,2.822636366,2.758634514,0.064001852,nan,nan,nan,nan,nan,nan,nan,nan,1.638494803,nan,nan,0.002109287,0,0,0
203.400000000,pre,1,0,0.016000000,-0.326000000,-0.200000000,-2.012761135,0.001376922,-0.000138513,-1.982901803,0.181584087,0.607370306,1.990363717,2.081771128,-0.091407411,nan,nan,nan,nan,nan,nan,nan,nan,3.342125930,nan,nan,0.000000000,0,0,0
203.400000000,pre,1,2,0.016000000,-0.326000000,-0.200000000,-0.002829609,2.029483503,0.000113719,0.275578923,1.973731612,0.224528932,1.963886023,2.005485842,-0.041599819,nan,nan,nan,nan,nan,nan,nan,nan,0.692217981,nan,nan,0.000000000,0,0,0
203.400000000,pre,1,3,0.016000000,-0.326000000,-0.100000000,-2.024017272,2.018595360,0.000010034,-1.759730009,2.091410107,0.085270970,2.818695068,2.734578044,0.084117024,nan,nan,nan,nan,nan,nan,nan,nan,2.830269502,nan,nan,0.000000000,0,0,0
203.400000000,post,1,0,0.016000000,-0.326000000,-0.200000000,-2.012761135,0.001376922,-0.000138513,-1.957875473,0.197983913,0.607370306,1.990363717,2.059459319,-0.069095602,nan,nan,nan,nan,nan,nan,nan,nan,1.909680875,nan,nan,0.014324344,0,0,0
203.400000000,post,1,2,0.016000000,-0.326000000,-0.200000000,-0.002829609,2.029483503,0.000113719,0.300605253,1.990131438,0.224528932,1.963886023,2.025191325,-0.061305302,nan,nan,nan,nan,nan,nan,nan,nan,1.503336032,nan,nan,0.014324344,0,0,0
203.400000000,post,1,3,0.016000000,-0.326000000,-0.100000000,-2.024017272,2.018595360,0.000010034,-1.734703678,2.107809934,0.085270970,2.818695068,2.731177531,0.087517537,nan,nan,nan,nan,nan,nan,nan,nan,3.063727723,nan,nan,0.014324344,0,0,0
203.500000000,pre,1,0,-0.004000000,-0.426000000,-0.200000000,-2.012761180,0.001378402,-0.000138868,-1.930717170,0.159724649,0.640582194,1.986607790,2.040472078,-0.053864288,nan,nan,nan,nan,nan,nan,nan,nan,1.160544622,nan,nan,0.000000000,0,0,0
203.500000000,pre,1,2,-0.004000000,-0.426000000,-0.200000000,-0.002829956,2.029485243,0.000113178,0.262701909,2.002330404,0.250750023,1.972064972,2.034997522,-0.062932550,nan,nan,nan,nan,nan,nan,nan,nan,1.584202350,nan,nan,0.000000000,0,0,0
203.500000000,pre,1,3,-0.004000000,-0.426000000,-0.100000000,-2.024017316,2.018597353,0.000009692,-1.790564315,2.084466900,0.090296281,2.867003441,2.749413800,0.117589641,nan,nan,nan,nan,nan,nan,nan,nan,5.530929488,nan,nan,0.000000000,0,0,0
203.500000000,post,1,0,-0.004000000,-0.426000000,-0.200000000,-2.012761180,0.001378402,-0.000138868,-1.952274968,0.167770914,0.640582194,1.986607790,2.061521326,-0.074913536,nan,nan,nan,nan,nan,nan,nan,nan,2.244815149,nan,nan,0.008471696,0,0,0
203.500000000,post,1,2,-0.004000000,-0.426000000,-0.200000000,-0.002829956,2.029485243,0.000113178,0.241144111,2.010376669,0.250750023,1.972064972,2.040254986,-0.068190014,nan,nan,nan,nan,nan,nan,nan,nan,1.859951219,nan,nan,0.008471696,0,0,0
203.500000000,post,1,3,-0.004000000,-0.426000000,-0.100000000,-2.024017316,2.018597353,0.000009692,-1.812122113,2.092513165,0.090296281,2.867003441,2.769576017,0.097427424,nan,nan,nan,nan,nan,nan,nan,nan,3.796841151,nan,nan,0.008471696,0,0,0
203.600000000,pre,1,0,0.016000000,-0.224000000,-0.200000000,-2.012761225,0.001379882,-0.000139223,-1.978866375,0.132797662,0.663255210,2.039990664,2.091280666,-0.051290002,nan,nan,nan,nan,nan,nan,nan,nan,1.052265725,nan,nan,0.000000000,0,0,0
203.600000000,pre,1,2,0.016000000,-0.224000000,-0.200000000,-0.002830303,2.029486982,0.000112637,0.184926856,1.980102604,0.262821912,1.983535409,2.006010873,-0.022475464,nan,nan,nan,nan,nan,nan,nan,nan,0.202058585,nan,nan,0.000000000,0,0,0
203.600000000,pre,1,3,0.016000000,-0.224000000,-0.100000000,-2.024017463,2.018599357,0.000009340,-1.859522187,2.074087035,0.091665684,2.878728390,2.787124395,0.091603995,nan,nan,nan,nan,nan,nan,nan,nan,3.356516755,nan,nan,0.000000000,0,0,0
203.600000000,post,1,0,0.016000000,-0.224000000,-0.200000000,-2.012761225,0.001379882,-0.000139223,-1.980138171,0.159297011,0.663255210,2.039990664,2.094332874,-0.054342210,nan,nan,nan,nan,nan,nan,nan,nan,1.181230327,nan,nan,0.011261327,0,0,0
203.600000000,post,1,2,0.016000000,-0.224000000,-0.200000000,-0.002830303,2.029486982,0.000112637,0.183655061,2.006601953,0.262821912,1.983535409,2.032057070,-0.048521661,nan,nan,nan,nan,nan,nan,nan,nan,0.941740624,nan,nan,0.011261327,0,0,0
203.600000000,post,1,3,0.016000000,-0.224000000,-0.100000000,-2.024017463,2.018599357,0.000009340,-1.860793983,2.100586384,0.091665684,2.878728390,2.807742866,0.070985524,nan,nan,nan,nan,nan,nan,nan,nan,2.015577830,nan,nan,0.011261327,0,0,0
203.700000000,pre,1,0,-0.004000000,-0.324000000,-0.200000000,-2.012761256,0.001380913,-0.000139470,-1.980640338,0.158972424,0.675512381,2.056378841,2.098696109,-0.042317268,nan,nan,nan,nan,nan,nan,nan,nan,0.716300455,nan,nan,0.000000000,0,0,0
203.700000000,pre,1,2,-0.004000000,-0.324000000,-0.200000000,-0.002830544,2.029488191,0.000112260,0.145565201,1.997800104,0.270153679,1.995449066,2.021231678,-0.025782612,nan,nan,nan,nan,nan,nan,nan,nan,0.265897223,nan,nan,0.000000000,0,0,0
203.700000000,pre,1,3,-0.004000000,-0.324000000,-0.100000000,-2.024017664,2.018600764,0.000009085,-1.833645251,2.053888141,0.091951926,2.844619989,2.754844199,0.089775791,nan,nan,nan,nan,nan,nan,nan,nan,3.223877032,nan,nan,0.000000000,0,0,0
203.700000000,post,1,0,-0.004000000,-0.324000000,-0.200000000,-2.012761256,0.001380913,-0.000139470,-1.988267059,0.180529093,0.675512381,2.056378841,2.107632232,-0.051253391,nan,nan,nan,nan,nan,nan,nan,nan,1.050764033,nan,nan,0.008365709,0,0,0
203.700000000,post,1,2,-0.004000000,-0.324000000,-0.200000000,-0.002830544,2.029488191,0.000112260,0.137938480,2.019356773,0.270153679,1.995449066,2.042011707,-0.046562641,nan,nan,nan,nan,nan,nan,nan,nan,0.867231815,nan,nan,0.008365709,0,0,0
203.700000000,post,1,3,-0.004000000,-0.324000000,-0.100000000,-2.024017664,2.018600764,0.000009085,-1.841271971,2.075444810,0.091951926,2.844619989,2.776005906,0.068614084,nan,nan,nan,nan,nan,nan,nan,nan,1.883156989,nan,nan,0.008365709,0,0,0
203.800000000,pre,1,0,0.016000000,-0.126000000,-0.200000000,-2.012761301,0.001382392,-0.000139824,-2.016081579,0.183932266,0.732219237,2.004139423,2.152803062,-0.148663639,nan,nan,nan,nan,nan,nan,nan,nan,8.840350985,nan,nan,0.000000000,0,0,0
203.800000000,pre,1,2,0.016000000,-0.126000000,-0.200000000,-0.002830891,2.029489930,0.000111719,0.152902975,2.025709228,0.272303907,2.031097651,2.049640607,-0.018542956,nan,nan,nan,nan,nan,nan,nan,nan,0.137536487,nan,nan,0.000000000,0,0,0
203.800000000,pre,1,3,0.016000000,-0.126000000,-0.100000000,-2.024017947,2.018602785,0.000008720,-2.041260729,2.040220121,0.090176142,2.877334118,2.887451340,-0.010117223,nan,nan,nan,nan,nan,nan,nan,nan,0.040943276,nan,nan,0.000000000,0,0,0
203.800000000,post,1,0,0.016000000,-0.126000000,-0.200000000,-2.012761301,0.001382392,-0.000139824,-1.911330831,0.192000974,0.732219237,2.004139423,2.055771128,-0.051631705,nan,nan,nan,nan,nan,nan,nan,nan,1.066333175,nan,nan,0.176605172,0,0,0
203.800000000,post,1,2,0.016000000,-0.126000000,-0.200000000,-0.002830891,2.029489930,0.000111719,0.257653724,2.033777936,0.272303907,2.031097651,2.068039543,-0.036941893,nan,nan,nan,nan,nan,nan,nan,nan,0.545881370,nan,nan,0.176605172,0,0,0
203.800000000,post,1,3,0.016000000,-0.126000000,-0.100000000,-2.024017947,2.018602785,0.000008720,-1.936509981,2.048288828,0.090176142,2.877334118,2.820228673,0.057105445,nan,nan,nan,nan,nan,nan,nan,nan,1.304412732,nan,nan,0.176605172,0,0,0
203.900000000,pre,1,0,-0.004000000,-0.226000000,-0.200000000,-2.012761347,0.001383898,-0.000140185,-1.921893250,0.154635240,0.785027962,1.980752945,2.081791205,-0.101038260,nan,nan,nan,nan,nan,nan,nan,nan,4.083491985,nan,nan,0.000000000,0,0,0
203.900000000,pre,1,2,-0.004000000,-0.226000000,-0.200000000,-0.002831245,2.029491701,0.000111169,0.097106830,2.044728997,0.271728503,2.005348682,2.064989779,-0.059641096,nan,nan,nan,nan,nan,nan,nan,nan,1.422824142,nan,nan,0.000000000,0,0,0
203.900000000,pre,1,3,-0.004000000,-0.226000000,-0.100000000,-2.024018197,2.018604836,0.000008352,-1.732984282,2.050822397,0.087826975,2.859577179,2.686414078,0.173163101,nan,nan,nan,nan,nan,nan,nan,nan,11.994183768,nan,nan,0.000000000,0,0,0
203.900000000,post,1,0,-0.004000000,-0.226000000,-0.200000000,-2.012761347,0.001383898,-0.000140185,-1.921236283,0.194853344,0.785027962,1.980752945,2.084558845,-0.103805901,nan,nan,nan,nan,nan,nan,nan,nan,4.310265992,nan,nan,0.025886840,0,0,0
203.900000000,post,1,2,-0.004000000,-0.226000000,-0.200000000,-0.002831245,2.029491701,0.000111169,0.097763797,2.084947101,0.271728503,2.005348682,2.104851195,-0.099502512,nan,nan,nan,nan,nan,nan,nan,nan,3.960299971,nan,nan,0.025886840,0,0,0
203.900000000,post,1,3,-0.004000000,-0.226000000,-0.100000000,-2.024018197,2.018604836,0.000008352,-1.732327315,2.091040500,0.087826975,2.859577179,2.716822018,0.142755161,nan,nan,nan,nan,nan,nan,nan,nan,8.151614390,nan,nan,0.025886840,0,0,0
204.000000000,pre,1,0,0.016000000,-0.326000000,-0.200000000,-2.012761380,0.001384981,-0.000140444,-1.924020197,0.210923653,0.834800396,2.013761997,2.107898054,-0.094136057,nan,nan,nan,nan,nan,nan,nan,nan,3.544638895,nan,nan,0.000000000,0,0,0
204.000000000,pre,1,2,0.016000000,-0.326000000,-0.200000000,-0.002824849,2.029492951,0.000082545,0.183218670,2.012828531,0.267696976,1.998952150,2.038800983,-0.039848832,nan,nan,nan,nan,nan,nan,nan,nan,0.635171774,nan,nan,0.000000000,0,0,0
204.000000000,pre,1,3,0.016000000,-0.326000000,-0.100000000,-2.024018400,2.018606314,0.000008085,-1.896003671,2.072224949,0.085195269,2.845278263,2.810018575,0.035259688,nan,nan,nan,nan,nan,nan,nan,nan,0.497298232,nan,nan,0.000000000,0,0,0
204.000000000,post,1,0,0.016000000,-0.326000000,-0.200000000,-2.012761380,0.001384981,-0.000140444,-1.880813946,0.210135146,0.834800396,2.013761997,2.068455845,-0.054693847,nan,nan,nan,nan,nan,nan,nan,nan,1.196566777,nan,nan,0.029878430,0,0,0
204.000000000,post,1,2,0.016000000,-0.326000000,-0.200000000,-0.002824849,2.029492951,0.000082545,0.226424920,2.012040024,0.267696976,1.998952150,2.042360148,-0.043407998,nan,nan,nan,nan,nan,nan,nan,nan,0.753701702,nan,nan,0.029878430,0,0,0
204.000000000,post,1,3,0.016000000,-0.326000000,-0.100000000,-2.024018400,2.018606314,0.000008085,-1.852797420,2.071436442,0.085195269,2.845278263,2.780461373,0.064816890,nan,nan,nan,nan,nan,nan,nan,nan,1.680491685,nan,nan,0.029878430,0,0,0
204.100000000,pre,1,0,-0.004000000,-0.426000000,-0.200000000,-2.012761413,0.001386064,-0.000140704,-1.930785427,0.128011645,0.879953761,2.030217409,2.125708815,-0.095491406,nan,nan,nan,nan,nan,nan,nan,nan,3.647443442,nan,nan,0.000000000,0,0,0
204.100000000,pre,1,2,-0.004000000,-0.426000000,-0.200000000,-0.002825103,2.029494226,0.000082149,0.144320098,2.039817142,0.259836558,2.047434330,2.061358121,-0.013923791,nan,nan,nan,nan,nan,nan,nan,nan,0.077548778,nan,nan,0.000000000,0,0,0
204.100000000,pre,1,3,-0.004000000,-0.426000000,-0.100000000,-2.024018603,2.018607792,0.000007818,-1.783365478,2.040503057,0.081443325,2.872343540,2.711213412,0.161130128,nan,nan,nan,nan,nan,nan,nan,nan,10.385167269,nan,nan,0.000000000,0,0,0
204.100000000,post,1,0,-0.004000000,-0.426000000,-0.200000000,-2.012761413,0.001386064,-0.000140704,-1.920068706,0.194088257,0.879953761,2.030217409,2.121002760,-0.090785351,nan,nan,nan,nan,nan,nan,nan,nan,3.296792000,nan,nan,0.071695468,0,0,0
204.100000000,post,1,2,-0.004000000,-0.426000000,-0.200000000,-0.002825103,2.029494226,0.000082149,0.155036818,2.105893754,0.259836558,2.047434330,2.127519672,-0.080085342,nan,nan,nan,nan,nan,nan,nan,nan,2.565464826,nan,nan,0.071695468,0,0,0
204.100000000,post,1,3,-0.004000000,-0.426000000,-0.100000000,-2.024018603,2.018607792,0.000007818,-1.772648757,2.106579669,0.081443325,2.872343540,2.754377340,0.117966200,nan,nan,nan,nan,nan,nan,nan,nan,5.566409736,nan,nan,0.071695468,0,0,0
204.200000000,pre,1,0,0.016000000,-0.226000000,-0.200000000,-2.012761461,0.001387649,-0.000141084,-1.937813904,0.155261166,0.942420246,2.005966902,2.160413079,-0.154446178,nan,nan,nan,nan,nan,nan,nan,nan,9.541448721,nan,nan,0.000000000,0,0,0
204.200000000,pre,1,2,0.016000000,-0.226000000,-0.200000000,-0.002825475,2.029496088,0.000081570,0.248857320,2.040519582,0.241238428,2.019045591,2.069745421,-0.050699830,nan,nan,nan,nan,nan,nan,nan,nan,1.028189097,nan,nan,0.000000000,0,0,0
204.200000000,pre,1,3,0.016000000,-0.226000000,-0.100000000,-2.024018924,2.018609958,0.000007425,-1.814678201,2.105861159,0.077265951,2.880222559,2.780949159,0.099273400,nan,nan,nan,nan,nan,nan,nan,nan,3.942083215,nan,nan,0.000000000,0,0,0
204.200000000,post,1,0,0.016000000,-0.226000000,-0.200000000,-2.012761461,0.001387649,-0.000141084,-1.876604571,0.180604567,0.942420246,2.005966902,2.107704591,-0.101737689,nan,nan,nan,nan,nan,nan,nan,nan,4.140222984,nan,nan,0.070221926,0,0,0
204.200000000,post,1,2,0.016000000,-0.226000000,-0.200000000,-0.002825475,2.029496088,0.000081570,0.310066653,2.065862983,0.241238428,2.019045591,2.102885440,-0.083839848,nan,nan,nan,nan,nan,nan,nan,nan,2.811648065,nan,nan,0.070221926,0,0,0
204.200000000,post,1,3,0.016000000,-0.226000000,-0.100000000,-2.024018924,2.018609958,0.000007425,-1.753468868,2.131204560,0.077265951,2.880222559,2.760915786,0.119306773,nan,nan,nan,nan,nan,nan,nan,nan,5.693642442,nan,nan,0.070221926,0,0,0
204.300000000,pre,1,0,-0.004000000,-0.326000000,-0.200000000,-2.012761508,0.001389180,-0.000141451,-1.896367317,0.171706482,0.948834772,2.025434971,2.127434968,-0.101999997,nan,nan,nan,nan,nan,nan,nan,nan,4.161599782,nan,nan,0.000000000,0,0,0
204.300000000,pre,1,2,-0.004000000,-0.326000000,-0.200000000,-0.002825834,2.029497887,0.000081010,0.282153943,1.972379292,0.202135854,2.041319370,2.002685653,0.038633717,nan,nan,nan,nan,nan,nan,nan,nan,0.597025649,nan,nan,0.000000000,0,0,0
204.300000000,pre,1,3,-0.004000000,-0.326000000,-0.100000000,-2.024019208,2.018612048,0.000007048,-1.720842961,2.078334482,0.048405041,2.911232710,2.698725211,0.212507499,nan,nan,nan,nan,nan,nan,nan,nan,18.063774839,nan,nan,0.000000000,0,0,0
204.300000000,post,1,0,-0.004000000,-0.326000000,-0.200000000,-2.012761508,0.001389180,-0.000141451,-1.881429801,0.292901401,0.948834772,2.025434971,2.127406109,-0.101971138,nan,nan,nan,nan,nan,nan,nan,nan,4.159245224,nan,nan,0.238581403,0,0,0
204.300000000,post,1,2,-0.004000000,-0.326000000,-0.200000000,-0.002825834,2.029497887,0.000081010,0.297091459,2.093574211,0.202135854,2.041319370,2.124188131,-0.082868761,nan,nan,nan,nan,nan,nan,nan,nan,2.746892605,nan,nan,0.238581403,0,0,0
204.300000000,post,1,3,-0.004000000,-0.326000000,-0.100000000,-2.024019208,2.018612048,0.000007048,-1.705905445,2.199529401,0.048405041,2.911232710,2.783951512,0.127281198,nan,nan,nan,nan,nan,nan,nan,nan,6.480201340,nan,nan,0.238581403,0,0,0
204.400000000,pre,1,0,0.016000000,-0.126000000,-0.200000000,-2.012751899,0.001392433,-0.000113541,-1.958731949,0.297947698,0.985889109,2.043757915,2.213002715,-0.169244799,nan,nan,nan,nan,nan,nan,nan,nan,11.457520817,nan,nan,0.000000000,0,0,0
204.400000000,pre,1,2,0.016000000,-0.126000000,-0.200000000,-0.002816430,2.029501316,0.000108793,0.245182369,2.056675484,0.175706092,2.065531254,2.078677722,-0.013146468,nan,nan,nan,nan,nan,nan,nan,nan,0.069131849,nan,nan,0.000000000,0,0,0
204.400000000,pre,1,3,0.016000000,-0.126000000,-0.100000000,-2.024009736,2.018615665,0.000034953,-1.805576737,2.130563784,0.051058160,2.889853001,2.793208966,0.096644035,nan,nan,nan,nan,nan,nan,nan,nan,3.736027810,nan,nan,0.000000000,0,0,0
204.400000000,post,1,0,0.016000000,-0.126000000,-0.200000000,-2.012751899,0.001392433,-0.000113541,-1.870180276,0.346754113,0.985889109,2.043757915,2.142379522,-0.098621607,nan,nan,nan,nan,nan,nan,nan,nan,3.890488539,nan,nan,0.163575439,0,0,0
204.400000000,post,1,2,0.016000000,-0.126000000,-0.200000000,-0.002816430,2.029501316,0.000108793,0.333734042,2.105481900,0.175706092,2.065531254,2.138996277,-0.073465023,nan,nan,nan,nan,nan,nan,nan,nan,2.158843845,nan,nan,0.163575439,0,0,0
204.400000000,post,1,3,0.016000000,-0.126000000,-0.100000000,-2.024009736,2.018615665,0.000034953,-1.717025064,2.179370200,0.051058160,2.889853001,2.774966031,0.114886969,nan,nan,nan,nan,nan,nan,nan,nan,5.279606296,nan,nan,0.163575439,0,0,0
204.500000000,pre,1,0,-0.004000000,-0.226000000,-0.200000000,-2.012752063,0.001392218,-0.000113917,-1.858892411,0.230281954,1.022154383,2.031266689,2.133848719,-0.102582030,nan,nan,nan,nan,nan,nan,nan,nan,4.209229126,nan,nan,0.000000000,0,0,0
204.500000000,pre,1,2,-0.004000000,-0.226000000,-0.200000000,-0.002816912,2.029501372,0.000108221,0.250123603,2.060125868,0.158522789,2.002556086,2.081300046,-0.078743960,nan,nan,nan,nan,nan,nan,nan,nan,2.480244524,nan,nan,0.000000000,0,0,0
204.500000000,pre,1,3,-0.004000000,-0.226000000,-0.100000000,-2.024010138,2.018616018,0.000034566,-1.708002209,2.117582585,0.028437899,2.858597994,2.720705104,0.137892890,nan,nan,nan,nan,nan,nan,nan,nan,7.605779626,nan,nan,0.000000000,0,0,0
204.500000000,post,1,0,-0.004000000,-0.226000000,-0.200000000,-2.012752063,0.001392218,-0.000113917,-1.860079602,0.240908411,1.022154383,2.031266689,2.136055376,-0.104788687,nan,nan,nan,nan,nan,nan,nan,nan,4.392267554,nan,nan,0.001829296,0,0,0
204.500000000,post,1,2,-0.004000000,-0.226000000,-0.200000000,-0.002816912,2.029501372,0.000108221,0.248936412,2.070752325,0.158522789,2.002556086,2.091677318,-0.089121233,nan,nan,nan,nan,nan,nan,nan,nan,3.177037659,nan,nan,0.001829296,0,0,0
204.500000000,post,1,3,-0.004000000,-0.226000000,-0.100000000,-2.024010138,2.018616018,0.000034566,-1.709189400,2.128209042,0.028437899,2.858597994,2.729727248,0.128870746,nan,nan,nan,nan,nan,nan,nan,nan,6.643067681,nan,nan,0.001829296,0,0,0
204.600000000,pre,1,0,0.016000000,-0.126000000,-0.200000000,-2.012752177,0.001392068,-0.000114179,-1.867234219,0.182158090,1.077390058,2.045600653,2.163449684,-0.117849031,nan,nan,nan,nan,nan,nan,nan,nan,5.555357646,nan,nan,0.000000000,0,0,0
204.600000000,pre,1,2,0.016000000,-0.126000000,-0.200000000,-0.002817247,2.029501415,0.000107823,0.233941828,2.007166073,0.152561157,2.026036739,2.026504214,-0.000467475,nan,nan,nan,nan,nan,nan,nan,nan,0.000087413,nan,nan,0.000000000,0,0,0
204.600000000,pre,1,3,0.016000000,-0.126000000,-0.100000000,-2.024010421,2.018616264,0.000034297,-1.784525002,2.053406907,0.035660483,2.798883200,2.720713340,0.078169860,nan,nan,nan,nan,nan,nan,nan,nan,2.444210786,nan,nan,0.000000000,0,0,0
204.600000000,post,1,0,0.016000000,-0.126000000,-0.200000000,-2.012752177,0.001392068,-0.000114179,-1.808402141,0.228271598,1.077390058,2.045600653,2.117355796,-0.071755143,nan,nan,nan,nan,nan,nan,nan,nan,2.059520208,nan,nan,0.089402703,0,0,0
204.600000000,post,1,2,0.016000000,-0.126000000,-0.200000000,-0.002817247,2.029501415,0.000107823,0.292773905,2.053279581,0.152561157,2.026036739,2.079651054,-0.053614314,nan,nan,nan,nan,nan,nan,nan,nan,1.149797877,nan,nan,0.089402703,0,0,0
204.600000000,post,1,3,0.016000000,-0.126000000,-0.100000000,-2.024010421,2.018616264,0.000034297,-1.725692925,2.099520415,0.035660483,2.798883200,2.717953957,0.080929242,nan,nan,nan,nan,nan,nan,nan,nan,2.619816903,nan,nan,0.089402703,0,0,0
204.700000000,pre,1,0,-0.004000000,-0.226000000,-0.200000000,-2.012752299,0.001391908,-0.000114459,-1.811347044,0.184628311,1.110779374,2.042083025,2.132814231,-0.090731206,nan,nan,nan,nan,nan,nan,nan,nan,3.292860725,nan,nan,0.000000000,0,0,0
204.700000000,pre,1,2,-0.004000000,-0.226000000,-0.200000000,-0.002817607,2.029501458,0.000107396,0.210127951,2.033201954,0.127869149,2.025168657,2.048026968,-0.022858310,nan,nan,nan,nan,nan,nan,nan,nan,0.209000943,nan,nan,0.000000000,0,0,0
204.700000000,pre,1,3,-0.004000000,-0.226000000,-0.100000000,-2.024010748,2.018616530,0.000034006,-1.801999389,2.030803709,0.024469442,2.804749250,2.715136140,0.089613111,nan,nan,nan,nan,nan,nan,nan,nan,3.212203833,nan,nan,0.000000000,0,0,0
204.700000000,post,1,0,-0.004000000,-0.226000000,-0.200000000,-2.012752299,0.001391908,-0.000114459,-1.786986139,0.214328632,1.110779374,2.042083025,2.114967385,-0.072884360,nan,nan,nan,nan,nan,nan,nan,nan,2.124852001,nan,nan,0.023609004,0,0,0
204.700000000,post,1,2,-0.004000000,-0.226000000,-0.200000000,-0.002817607,2.029501458,0.000107396,0.234488856,2.062902274,0.127869149,2.025168657,2.080120510,-0.054951853,nan,nan,nan,nan,nan,nan,nan,nan,1.207882451,nan,nan,0.023609004,0,0,0
204.700000000,post,1,3,-0.004000000,-0.226000000,-0.100000000,-2.024010748,2.018616530,0.000034006,-1.777638484,2.060504029,0.024469442,2.804749250,2.721447077,0.083302174,nan,nan,nan,nan,nan,nan,nan,nan,2.775700868,nan,nan,0.023609004,0,0,0
204.800000000,pre,1,0,0.016000000,-0.326000000,-0.200000000,-2.012752485,0.001391664,-0.000114887,-1.918810271,0.168073424,1.144316107,2.032583237,2.240433191,-0.207849954,nan,nan,nan,nan,nan,nan,nan,nan,17.280641405,nan,nan,0.000000000,0,0,0
204.800000000,pre,1,2,0.016000000,-0.326000000,-0.200000000,-0.002818154,2.029501522,0.000106745,0.252717581,2.040547547,0.103594270,2.018646717,2.058745308,-0.040098590,nan,nan,nan,nan,nan,nan,nan,nan,0.643158784,nan,nan,0.000000000,0,0,0
204.800000000,pre,1,3,0.016000000,-0.326000000,-0.100000000,-2.024011206,2.018616931,0.000033567,-1.862760464,2.042175984,0.013743190,2.841686964,2.764154151,0.077532813,nan,nan,nan,nan,nan,nan,nan,nan,2.404534812,nan,nan,0.000000000,0,0,0
204.800000000,post,1,0,0.016000000,-0.326000000,-0.200000000,-2.012752485,0.001391664,-0.000114887,-1.811497164,0.197893801,1.144316107,2.032583237,2.151776774,-0.119193537,nan,nan,nan,nan,nan,nan,nan,nan,5.682839739,nan,nan,0.198485722,0,0,0
204.800000000,post,1,2,0.016000000,-0.326000000,-0.200000000,-0.002818154,2.029501522,0.000106745,0.360030688,2.070367924,0.103594270,2.018646717,2.103990781,-0.085344064,nan,nan,nan,nan,nan,nan,nan,nan,2.913443721,nan,nan,0.198485722,0,0,0
204.800000000,post,1,3,0.016000000,-0.326000000,-0.100000000,-2.024011206,2.018616931,0.000033567,-1.755447358,2.071996361,0.013743190,2.841686964,2.715686510,0.126000454,nan,nan,nan,nan,nan,nan,nan,nan,6.350445785,nan,nan,0.198485722,0,0,0
204.900000000,pre,1,0,-0.004000000,-0.126000000,-0.200000000,-2.012752594,0.001391522,-0.000115136,-1.862389409,0.192923370,1.177579460,2.044844151,2.211878641,-0.167034490,nan,nan,nan,nan,nan,nan,nan,nan,11.160208392,nan,nan,0.000000000,0,0,0
204.900000000,pre,1,2,-0.004000000,-0.126000000,-0.200000000,-0.002818473,2.029501562,0.000106367,0.261642805,2.011335176,0.079194288,2.045524359,2.029827057,0.015697302,nan,nan,nan,nan,nan,nan,nan,nan,0.098562112,nan,nan,0.000000000,0,0,0
204.900000000,pre,1,3,-0.004000000,-0.126000000,-0.100000000,-2.024011484,2.018617166,0.000033310,-1.774838450,2.054796538,0.003865442,2.820019960,2.715189731,0.104830229,nan,nan,nan,nan,nan,nan,nan,nan,4.395750796,nan,nan,0.000000000,0,0,0
204.900000000,post,1,0,-0.004000000,-0.126000000,-0.200000000,-2.012752594,0.001391522,-0.000115136,-1.771302437,0.265647513,1.177579460,2.044844151,2.143542467,-0.098698317,nan,nan,nan,nan,nan,nan,nan,nan,3.896543076,nan,nan,0.217370198,0,0,0
204.900000000,post,1,2,-0.004000000,-0.126000000,-0.200000000,-0.002818473,2.029501562,0.000106367,0.352729777,2.084059318,0.079194288,2.045524359,2.115181617,-0.069657258,nan,nan,nan,nan,nan,nan,nan,nan,1.940853432,nan,nan,0.217370198,0,0,0
204.900000000,post,1,3,-0.004000000,-0.126000000,-0.100000000,-2.024011484,2.018617166,0.000033310,-1.683751477,2.127520680,0.003865442,2.820019960,2.713185991,0.106833969,nan,nan,nan,nan,nan,nan,nan,nan,4.565398789,nan,nan,0.217370198,0,0,0
205.000000000,pre,1,0,0.016000000,-0.226000000,-0.200000000,-2.012752741,0.001391329,-0.000115474,-1.874498746,0.289673224,1.208947530,2.066590548,2.249268827,-0.182678279,nan,nan,nan,nan,nan,nan,nan,nan,13.348541519,nan,nan,0.000000000,0,0,0
205.000000000,pre,1,2,0.016000000,-0.226000000,-0.200000000,-0.002818906,2.029501612,0.000105853,0.275778594,2.043373152,0.055545826,2.063247681,2.062647088,0.000600593,nan,nan,nan,nan,nan,nan,nan,nan,0.000144285,nan,nan,0.000000000,0,0,0
205.000000000,pre,1,3,0.016000000,-0.226000000,-0.100000000,-2.024011835,2.018617482,0.000032964,-1.808749082,2.076198058,-0.005840226,2.857182741,2.753580529,0.103602213,nan,nan,nan,nan,nan,nan,nan,nan,4.293367381,nan,nan,0.000000000,0,0,0
205.000000000,post,1,0,0.016000000,-0.226000000,-0.200000000,-2.012752741,0.001391329,-0.000115474,-1.778042709,0.349947511,1.208947530,2.066590548,2.178406130,-0.111815582,nan,nan,nan,nan,nan,nan,nan,nan,5.001089747,nan,nan,0.206988109,0,0,0
205.000000000,post,1,2,0.016000000,-0.226000000,-0.200000000,-0.002818906,2.029501612,0.000105853,0.372234631,2.103647439,0.055545826,2.063247681,2.137048551,-0.073800870,nan,nan,nan,nan,nan,nan,nan,nan,2.178627368,nan,nan,0.206988109,0,0,0
205.000000000,post,1,3,0.016000000,-0.226000000,-0.100000000,-2.024011835,2.018617482,0.000032964,-1.712293045,2.136472345,-0.005840226,2.857182741,2.737972911,0.119209830,nan,nan,nan,nan,nan,nan,nan,nan,5.684393430,nan,nan,0.206988109,0,0,0
205.100000000,pre,1,0,-0.004000000,-0.326000000,-0.200000000,-2.012752902,0.001391118,-0.000115844,-1.812963063,0.300920062,1.243284014,2.080010891,2.218815696,-0.138804805,nan,nan,nan,nan,nan,nan,nan,nan,7.706709508,nan,nan,0.000000000,0,0,0
205.100000000,pre,1,2,-0.004000000,-0.326000000,-0.200000000,-0.002819380,2.029501670,0.000105290,0.245349296,2.097736866,0.032610826,2.012499332,2.112287789,-0.099788456,nan,nan,nan,nan,nan,nan,nan,nan,3.983094405,nan,nan,0.000000000,0,0,0
205.100000000,pre,1,3,-0.004000000,-0.326000000,-0.100000000,-2.024012235,2.018617829,0.000032584,-1.699261866,2.089166814,-0.014807456,2.821107864,2.693014691,0.128093173,nan,nan,nan,nan,nan,nan,nan,nan,6.563144435,nan,nan,0.000000000,0,0,0
205.100000000,post,1,0,-0.004000000,-0.326000000,-0.200000000,-2.012752902,0.001391118,-0.000115844,-1.797532522,0.294523961,1.243284014,2.080010891,2.205362254,-0.125351363,nan,nan,nan,nan,nan,nan,nan,nan,6.285185726,nan,nan,0.004464187,0,0,0
205.100000000,post,1,2,-0.004000000,-0.326000000,-0.200000000,-0.002819380,2.029501670,0.000105290,0.260779837,2.091340765,0.032610826,2.012499332,2.107789313,-0.095289980,nan,nan,nan,nan,nan,nan,nan,nan,3.632072123,nan,nan,0.004464187,0,0,0
205.100000000,post,1,3,-0.004000000,-0.326000000,-0.100000000,-2.024012235,2.018617829,0.000032584,-1.683831326,2.082770713,-0.014807456,2.821107864,2.678328030,0.142779834,nan,nan,nan,nan,nan,nan,nan,nan,8.154432426,nan,nan,0.004464187,0,0,0
205.200000000,pre,1,0,0.016000000,-0.226000000,-0.200000000,-2.012753007,0.001390979,-0.000116086,-1.855683906,0.225504418,1.277789124,2.045184851,2.264323309,-0.219138458,nan,nan,nan,nan,nan,nan,nan,nan,19.208665532,nan,nan,0.000000000,0,0,0
205.200000000,pre,1,2,0.016000000,-0.226000000,-0.200000000,-0.002819690,2.029501707,0.000104921,0.316989749,1.960114304,0.010496363,2.023630619,1.985608411,0.038022208,nan,nan,nan,nan,nan,nan,nan,nan,0.578275326,nan,nan,0.000000000,0,0,0
205.200000000,pre,1,3,0.016000000,-0.226000000,-0.200000000,-2.024012510,2.018618059,0.000032333,-1.681018064,2.078930136,-0.028553147,2.813617229,2.673684260,0.139932969,nan,nan,nan,nan,nan,nan,nan,nan,7.832494341,nan,nan,0.000000000,0,0,0
205.200000000,post,1,0,0.016000000,-0.226000000,-0.200000000,-2.012753007,0.001390979,-0.000116086,-1.726925235,0.329639933,1.277789124,2.045184851,2.173402470,-0.128217620,nan,nan,nan,nan,nan,nan,nan,nan,6.575903191,nan,nan,0.438768014,0,0,0
205.200000000,post,1,2,0.016000000,-0.226000000,-0.200000000,-0.002819690,2.029501707,0.000104921,0.445748420,2.064249820,0.010496363,2.023630619,2.111854433,-0.088223814,nan,nan,nan,nan,nan,nan,nan,nan,3.113376533,nan,nan,0.438768014,0,0,0
205.200000000,post,1,3,0.016000000,-0.226000000,-0.200000000,-2.024012510,2.018618059,0.000032333,-1.552259393,2.183065651,-0.028553147,2.813617229,2.678824396,0.134792834,nan,nan,nan,nan,nan,nan,nan,nan,7.267643229,nan,nan,0.438768014,0,0,0
