stamp,flow_imu_dt,flow_gt_dt,flow_x,flow_y,gyro_x,gyro_y,tof_raw,tof_noise,tof_meas,pz_meas,vx_body_raw,vy_body_raw,vx_noise_std,vy_noise_std,vx_noise,vy_noise,vx_body_meas,vy_body_meas,gt_vx_body,gt_vy_body,est_vx_body,est_vy_body,meas_minus_gt_vx,meas_minus_gt_vy,meas_minus_est_vx,meas_minus_est_vy,velocity_update_accepted,velocity_nis,attitude_update_enabled,recovery_update,dtheta_x,dtheta_y,dtheta_z,height_update_accepted
7.520000000,0.000000000,0.026000000,-0.000010520,0.000000000,0.000000000,0.000000000,0.200000003,0.000000000,0.000000000,0.000000000,-0.000000000,0.000000000,0.020000000,0.020000000,0.022341803,-0.006105138,0.022341803,-0.006105138,0.005152700,0.005674923,0.004725313,0.004773702,0.017189103,-0.011780061,0.017616490,-0.010878839,1,0.000214302,0,0,0.000000000,0.000000000,0.000000000,1
7.622000000,0.000000000,0.028000000,-0.000010520,0.000000000,0.000000000,0.000000000,0.200000003,0.000000000,0.000000000,0.000000000,-0.000000000,0.000000000,0.020000000,0.020000000,0.001102693,0.020862752,0.001102693,0.020862752,0.004427261,0.007369555,0.022338280,-0.006102962,-0.003324568,0.013493197,-0.021235588,0.026965714,1,1.472772132,0,0,0.000000000,0.000000000,0.000000000,1
7.720000000,0.000000000,0.026000000,-0.000010520,0.000000000,0.000000000,0.000000000,0.200000003,0.000000000,0.000000000,0.000000000,-0.000000000,0.000000000,0.020000000,0.020000000,0.007436819,0.009858962,0.007436819,0.009858962,0.003660896,0.007665559,0.011721548,0.007378546,0.003775923,0.002193403,-0.004284729,0.002480416,1,0.040853638,0,0,0.000000000,0.000000000,0.000000000,1
7.820000000,0.000000000,0.026000000,-0.000010520,0.000000000,0.000000000,0.000000000,0.200000003,0.000000000,0.000000000,0.000000000,-0.000000000,0.000000000,0.020000000,0.020000000,0.012416808,0.025508805,0.012416808,0.025508805,0.002314632,0.009230171,0.010293400,0.008205296,0.010102176,0.016278634,0.002123408,0.017303508,1,0.569859984,0,0,0.000000000,0.000000000,0.000000000,1
7.920000000,0.000000000,0.028000000,-0.000010520,0.000000000,-0.000414184,0.000464323,0.200000003,0.000000000,0.000000000,0.000000000,0.000000000,0.000000000,0.020000000,0.020000000,-0.004475093,0.003209669,-0.004475093,0.003209669,0.001922748,0.009935231,0.011019664,0.012836258,-0.006397841,-0.006725563,-0.015494757,-0.009626589,1,0.102713721,0,0,-0.000000000,-0.000000000,-0.000000000,1
8.018000000,0.000000000,0.024000000,-0.000010520,0.000000000,-0.000680500,-0.000867258,0.200000003,0.000000000,0.000000000,0.000000000,0.000000000,-0.000000000,0.020000000,0.020000000,0.009076917,-0.008171828,0.009076917,-0.008171828,0.003588704,0.009869745,-0.002854211,0.003196852,0.005488213,-0.018041573,0.011931127,-0.011368680,1,0.069822569,0,0,0.000000000,0.000000000,0.000000000,1
8.120000000,0.000000000,0.028000000,-0.000010520,0.000000000,0.000118448,0.000464323,0.200000003,0.000000000,0.000000000,0.000000000,-0.000000000,0.000000000,0.020000000,0.020000000,-0.005150700,-0.016944377,-0.005150700,-0.016944377,0.001921529,0.010442381,0.007201425,-0.007555410,-0.007072229,-0.027386758,-0.012352125,-0.009388968,1,0.060222733,0,0,-0.000000000,-0.000000000,-0.000000000,1
8.222000000,0.000000000,0.028000000,-0.000010520,0.000000000,-0.000414184,-0.000600941,0.200000003,0.000000000,0.000000000,0.000000000,0.000000000,-0.000000000,0.020000000,0.020000000,0.038406993,0.009537816,0.038406993,0.009537816,0.002496137,0.010355788,-0.004600857,-0.015952744,0.035910856,-0.000817972,0.043007850,0.025490560,1,0.626466675,0,0,0.000000000,0.000000000,0.000000000,1
8.320000000,0.000000000,0.028000000,-0.000010521,0.000000000,-0.000147868,-0.000334625,0.200000003,0.000000000,0.000000000,0.000000000,0.000000000,-0.000000000,0.020000000,0.020000000,-0.014775800,-0.002476460,-0.014775800,-0.002476460,0.001889202,0.012311835,0.033353969,0.006717501,-0.016665002,-0.014788294,-0.048129769,-0.009193961,1,0.638701441,0,0,-0.000000000,-0.000000000,-0.000000000,1
8.422000000,0.000000000,0.028000000,-0.000010521,0.000000000,-0.000414184,-0.000068309,0.200000003,0.000000000,0.000000000,0.000000000,0.000000000,-0.000000000,0.020000000,0.020000000,0.008581243,-0.018859824,0.008581243,-0.018859824,0.002142445,0.013641049,-0.010404512,-0.001100857,0.006438798,-0.032500873,0.018985755,-0.017758967,1,0.168465627,0,0,0.000000000,0.000000000,0.000000000,1
8.520000000,0.000000000,0.028000000,-0.000010521,0.000000000,0.000651081,-0.000068309,0.200000003,0.000000000,0.000000000,0.000000000,-0.000000000,-0.000000000,0.020000000,0.020000000,-0.016154781,0.040746122,-0.016154781,0.040746122,0.000122517,0.014136396,0.004300496,-0.017999388,-0.016277298,0.026609725,-0.020455276,0.058745510,1,1.027060091,0,0,0.000000000,0.000000000,0.000000000,1
8.622000000,0.000000000,0.028000000,-0.000010521,0.000000000,-0.000106132,-0.000380871,0.200000003,0.000000000,0.000000000,0.000000000,0.000000000,-0.000000000,0.020000000,0.020000000,0.016786960,-0.021387679,0.016786960,-0.021387679,-0.000113418,0.013926356,-0.012665909,0.033544675,0.016900378,-0.035314036,0.029452870,-0.054932355,1,0.966886125,0,0,0.000000000,0.000000000,0.000000000,1
8.722000000,0.000000000,0.028000000,-0.000010521,0.000000000,-0.000638764,-0.000114554,0.200000003,0.000000000,0.000000000,0.000000000,0.000000000,-0.000000000,0.020000000,0.020000000,-0.004308867,0.022850229,-0.004308867,0.022850229,-0.001587194,0.014586538,0.014622953,-0.015835580,-0.002721673,0.008263691,-0.018931819,0.038685809,1,0.476750090,0,0,0.000000000,0.000000000,0.000000000,1
8.822000000,0.000000000,0.028000000,-0.000010521,0.000000000,-0.000372448,-0.000647187,0.200000003,0.000000000,0.000000000,0.000000000,0.000000000,-0.000000000,0.020000000,0.020000000,-0.000608103,0.006071497,-0.000608103,0.006071497,-0.000728557,0.014526584,-0.001186561,0.019215840,0.000120454,-0.008455087,0.000578458,-0.013144343,1,0.044524170,0,0,0.000000000,0.000000000,0.000000000,1
8.922000000,0.000000000,0.028000000,-0.000010521,0.000000000,-0.000372448,-0.000114554,0.200000003,0.000000000,0.000000000,0.000000000,0.000000000,-0.000000000,0.020000000,0.020000000,0.018888022,-0.005628743,0.018888022,-0.005628743,-0.001178942,0.015326399,-0.000893891,0.005891177,0.020066964,-0.020955142,0.019781913,-0.011519920,1,0.135215098,0,0,0.000000000,0.000000000,0.000000000,1
9.022000000,0.000000000,0.026000000,-0.000010521,0.000000000,-0.000372448,-0.000114554,0.200000003,0.000000000,0.000000000,0.000000000,0.000000000,-0.000000000,0.020000000,0.020000000,0.034317220,-0.012664765,0.034317220,-0.012664765,-0.001537325,0.015047559,0.016351930,-0.003772789,0.035854545,-0.027712324,0.017965290,-0.008891977,1,0.103621925,0,0,0.000000000,0.000000000,0.000000000,1
9.122000000,0.000000000,0.028000000,-0.000010521,0.000000000,-0.000905080,-0.000647187,0.200000003,0.000000000,0.000000000,0.000000000,0.000000000,-0.000000000,0.020000000,0.020000000,0.008058007,0.007156360,0.008058007,0.007156360,-0.001820934,0.016102109,0.032391349,-0.012393940,0.009878940,-0.008945750,-0.024333343,0.019550300,1,0.250640631,0,0,0.000000000,0.000000000,0.000000000,1
9.220000000,0.000000000,0.026000000,-0.000010521,0.000000000,-0.000372447,0.000418078,0.200000003,0.000000000,0.000000000,0.000000000,0.000000000,0.000000000,0.020000000,0.020000000,-0.014514684,-0.009946927,-0.014514684,-0.009946927,-0.001504625,0.016810076,0.010277867,0.003953106,-0.013010060,-0.026757003,-0.024792551,-0.013900034,1,0.214685533,0,0,-0.000000000,-0.000000000,-0.000000000,1
9.322000000,0.000000000,0.028000000,-0.000010521,0.000000000,-0.000638764,0.000151762,0.200000003,0.000000000,0.000000000,0.000000000,0.000000000,0.000000000,0.020000000,0.020000000,-0.006293060,-0.038579085,-0.006293060,-0.038579085,-0.001662217,0.016073634,-0.011948816,-0.009089796,-0.004630843,-0.054652719,0.005655756,-0.029489289,1,0.225970478,0,0,0.000000000,0.000000000,0.000000000,1
9.422000000,0.000000000,0.028000000,-0.000010521,0.000000000,0.000160185,0.000151762,0.200000003,0.000000000,0.000000000,0.000000000,-0.000000000,0.000000000,0.020000000,0.020000000,0.003294777,-0.018071528,0.003294777,-0.018071528,-0.001886418,0.014312454,-0.006722065,-0.038117315,0.005181195,-0.032383982,0.010016843,0.020045787,1,0.129163475,0,0,0.000000000,0.000000000,0.000000000,1
9.522000000,0.000000000,0.028000000,-0.000010521,0.000000000,-0.000372448,-0.000380870,0.200000003,0.000000000,0.000000000,0.000000000,0.000000000,-0.000000000,0.020000000,0.020000000,0.036059392,0.005344871,0.036059392,0.005344871,-0.003548842,0.015039625,-0.000469714,-0.021709998,0.039608234,-0.009694754,0.036529106,0.027054870,1,0.529726758,0,0,0.000000000,0.000000000,0.000000000,1
9.622000000,0.000000000,0.028000000,-0.000010521,0.000000000,0.000005737,-0.001716856,0.200000003,0.000000000,0.000000000,0.000000000,-0.000000000,-0.000000000,0.020000000,0.020000000,-0.002985462,-0.001380302,-0.002985462,-0.001380302,-0.004918331,0.014503151,0.032397014,0.002098973,0.001932870,-0.015883453,-0.035382475,-0.003479275,1,0.325008800,0,0,-0.000000000,-0.000000000,-0.000000000,1
9.722000000,0.000000000,0.028000000,-0.000010521,0.000000000,-0.000260580,0.000413674,0.200000003,0.000000000,0.000000000,0.000000000,0.000000000,0.000000000,0.020000000,0.020000000,-0.000956942,-0.026145437,-0.000956942,-0.026145437,-0.004912372,0.014601517,0.002347050,-0.000573841,0.003955430,-0.040746953,-0.003303992,-0.025571596,1,0.171174521,0,0,-0.000000000,-0.000000000,-0.000000000,1
9.822000000,0.000000000,0.028000000,-0.000010521,0.000000000,-0.000526896,0.000147357,0.200000003,0.000000000,0.000000000,0.000000000,0.000000000,0.000000000,0.020000000,0.020000000,0.044524901,-0.002379358,0.044524901,-0.002379358,-0.004256682,0.015724646,-0.001287790,-0.022013840,0.048781583,-0.018104003,0.045812691,0.019634483,1,0.637828945,0,0,0.000000000,0.000000000,0.000000000,1
9.920000000,0.000000000,0.028000000,-0.000010521,0.000000000,-0.001059528,-0.000385275,0.200000003,0.000000000,0.000000000,0.000000000,0.000000000,-0.000000000,0.020000000,0.020000000,-0.020175489,0.014780135,-0.020175489,0.014780135,-0.005142069,0.016317938,0.037416230,-0.004311110,-0.015033420,-0.001537802,-0.057591718,0.019091245,1,0.977257282,0,0,0.000000000,0.000000000,0.000000000,1
10.020000000,0.000000000,0.028000000,-0.000010521,0.000000000,0.000005736,-0.000385275,0.200000003,0.000000000,0.000000000,0.000000000,-0.000000000,-0.000000000,0.020000000,0.020000000,0.021168989,-0.009763974,0.021168989,-0.009763974,-0.004853237,0.018423357,-0.015212981,0.014704913,0.026022226,-0.028187332,0.036381970,-0.024468887,1,0.493424651,0,0,0.000000000,0.000000000,0.000000000,1
10.120000000,0.000000000,0.028000000,-0.000010521,0.000000000,0.000005737,0.000147357,0.200000003,0.000000000,0.000000000,0.000000000,-0.000000000,0.000000000,0.020000000,0.020000000,0.026195494,0.018483877,0.026195494,0.018483877,-0.006563661,0.020561410,0.014072565,-0.007389922,0.032759155,-0.002077534,0.012122930,0.025873799,1,0.210199460,0,0,0.000000000,0.000000000,0.000000000,1
10.222000000,0.000000000,0.030000000,-0.000010521,0.000000000,-0.001059528,-0.000651591,0.200000003,0.000000000,0.000000000,0.000000000,0.000000000,-0.000000000,0.020000000,0.020000000,0.023514562,-0.028079141,0.023514562,-0.028079141,-0.008470715,0.020871142,0.024058650,0.013391781,0.031985276,-0.048950283,-0.000544088,-0.041470923,1,0.429403006,0,0,-0.000000000,-0.000000000,-0.000000000,1
10.322000000,0.000000000,0.030000000,-0.000010898,-0.000000001,-0.000526896,-0.000118959,0.200000003,0.000000000,0.000000000,0.000000000,0.000000000,-0.000000000,0.020000000,0.020000000,0.015852829,-0.015545443,0.015852829,-0.015545443,-0.009699715,0.020630905,0.024282785,-0.024805081,0.025552544,-0.036176348,-0.008429956,0.009259637,1,0.040284097,0,0,0.000000000,0.000000000,0.000000000,1
10.420000000,0.000000000,0.026000000,-0.000012483,-0.000000001,-0.000260579,-0.000385275,0.200000003,0.000000000,0.000000000,0.000000000,0.000000000,-0.000000000,0.020000000,0.020000000,-0.009876440,0.017204004,-0.009876440,0.017204004,-0.009350894,0.021695853,0.016856350,-0.016363548,-0.000525547,-0.004491849,-0.026732791,0.033567552,1,0.487599842,0,0,0.000000000,0.000000000,0.000000000,1
10.520000000,0.000000000,0.028000000,-0.000012563,0.000000003,-0.000793212,-0.000118959,0.200000003,0.000000000,0.000000000,0.000000000,0.000000000,-0.000000000,0.020000000,0.020000000,-0.000889497,0.000868711,-0.000889497,0.000868711,-0.008496023,0.020446270,-0.007305876,0.013266227,0.007606526,-0.019577559,0.006416379,-0.012397516,1,0.050044315,0,0,0.000000000,0.000000000,0.000000000,1
10.620000000,0.000000000,0.028000000,-0.000010858,-0.000000005,0.000047964,-0.000109871,0.200000003,0.000000000,0.000000000,0.000000000,-0.000000000,-0.000000000,0.020000000,0.020000000,-0.019958132,-0.026911085,-0.019958132,-0.026911085,-0.007595089,0.019474676,-0.001583905,0.003171653,-0.012363043,-0.046385761,-0.018374227,-0.030082738,1,0.318821587,0,0,-0.000000000,-0.000000000,-0.000000000,1
10.720000000,0.000000000,0.026000000,-0.000012483,-0.000000001,0.000580596,-0.000376188,0.200000003,0.000000000,0.000000000,0.000000000,-0.000000000,-0.000000000,0.020000000,0.020000000,0.033077717,0.017033600,0.033077717,0.017033600,-0.007572466,0.019984568,-0.019078379,-0.025227914,0.040650183,-0.002950968,0.052156095,0.042261514,1,1.159655119,0,0,0.000000000,0.000000000,0.000000000,1
10.820000000,0.000000000,0.028000000,-0.000012564,0.000000003,-0.000218352,-0.000642504,0.200000003,0.000000000,0.000000000,0.000000000,0.000000000,-0.000000000,0.020000000,0.020000000,0.011260779,0.027729906,0.011260779,0.027729906,-0.007049996,0.019614535,0.027568689,0.012717850,0.018310775,0.008115371,-0.016307909,0.015012056,1,0.126425981,0,0,0.000000000,0.000000000,0.000000000,1
10.920000000,0.000000000,0.028000000,-0.000010833,-0.000000001,-0.000218352,0.000156445,0.200000003,0.000000000,0.000000000,0.000000000,0.000000000,0.000000000,0.020000000,0.020000000,-0.006303766,-0.046422959,-0.006303766,-0.046422959,-0.005273378,0.018115463,0.013439781,0.026663859,-0.001030388,-0.064538422,-0.019743547,-0.073086818,1,1.474363502,0,0,-0.000000000,-0.000000000,-0.000000000,1
11.022000000,0.000000000,0.028000000,-0.000012483,-0.000000002,0.000580596,-0.000109871,0.200000003,0.000000000,0.000000000,0.000000000,-0.000000000,-0.000000000,0.020000000,0.020000000,0.015153443,0.044209840,0.015153443,0.044209840,-0.004496923,0.017903099,-0.005928503,-0.037452385,0.019650366,0.026306741,0.021081946,0.081662225,1,1.773937487,0,0,0.000000000,0.000000000,0.000000000,1
11.122000000,0.000000000,0.028000000,-0.000012569,0.000000002,-0.000218352,-0.000109871,0.200000003,0.000000000,0.000000000,0.000000000,0.000000000,-0.000000000,0.020000000,0.020000000,-0.006165827,-0.039145867,-0.006165827,-0.039145867,-0.003873159,0.017994578,0.012141432,0.036494912,-0.002292668,-0.057140445,-0.018307259,-0.075640778,1,1.563916685,0,0,-0.000000000,-0.000000000,-0.000000000,1
11.220000000,0.000000000,0.028000000,-0.000010812,0.000000000,-0.000218352,0.000156445,0.200000003,0.000000000,0.000000000,0.000000000,0.000000000,0.000000000,0.020000000,0.020000000,-0.000851451,0.022975467,-0.000851451,0.022975467,-0.004393906,0.017666959,-0.004935795,-0.030993399,0.003542455,0.005308508,0.004084344,0.053968866,1,0.776835630,0,0,0.000000000,0.000000000,0.000000000,1
11.322000000,0.000000000,0.028000000,-0.000011370,-0.000000005,-0.000750984,0.000156445,0.200000003,0.000000000,0.000000000,0.000000000,0.000000000,0.000000000,0.020000000,0.020000000,-0.032805589,0.010662212,-0.032805589,0.010662212,-0.006008213,0.016394905,-0.000780950,0.016577942,-0.026797377,-0.005732693,-0.032024639,-0.005915731,1,0.264358061,0,0,-0.000000000,-0.000000000,-0.000000000,1
11.422000000,0.000000000,0.030000000,-0.000012638,0.000000000,-0.000484668,0.001488026,0.200000003,0.000000000,0.000000000,0.000000000,0.000000000,0.000000000,0.020000000,0.020000000,-0.024725519,-0.044992609,-0.024725519,-0.044992609,-0.006902177,0.014896680,-0.030651169,0.013757568,-0.017823343,-0.059889289,0.005925650,-0.058750177,1,0.896914535,0,0,0.000000000,0.000000000,0.000000000,1
11.520000000,0.000000000,0.026000000,-0.000012141,0.000000004,-0.000218352,-0.000109871,0.200000003,0.000000000,0.000000000,0.000000000,0.000000000,-0.000000000,0.020000000,0.020000000,0.005626908,0.040886608,0.005626908,0.040886608,-0.008032181,0.015190660,-0.026594395,-0.037992931,0.013659089,0.025695948,0.032221303,0.078879538,1,1.926364479,0,0,0.000000000,0.000000000,0.000000000,1
11.622000000,0.000000000,0.028000000,-0.000011384,-0.000000005,-0.000123949,-0.000094104,0.200000003,0.000000000,0.000000000,0.000000000,0.000000000,-0.000000000,0.020000000,0.020000000,-0.004918352,-0.012276906,-0.004918352,-0.012276906,-0.008433295,0.014120469,0.000691310,0.032685874,0.003514943,-0.026397375,-0.005609662,-0.044962780,1,0.512675897,0,0,-0.000000000,-0.000000000,-0.000000000,1
11.720000000,0.000000000,0.028000000,-0.000012606,0.000000002,-0.000656582,0.000172212,0.200000003,0.000000000,0.000000000,0.000000000,0.000000000,0.000000000,0.020000000,0.020000000,0.007682537,-0.018113178,0.007682537,-0.018113178,-0.010071633,0.013845851,-0.006242296,-0.007132472,0.017754170,-0.031959029,0.013924833,-0.010980707,1,0.083541955,0,0,0.000000000,0.000000000,0.000000000,1
11.822000000,0.000000000,0.028000000,-0.000011525,0.000000005,-0.000123949,-0.000360420,0.200000003,0.000000000,0.000000000,0.000000000,0.000000000,-0.000000000,0.020000000,0.020000000,0.018311927,-0.027955007,0.018311927,-0.027955007,-0.009474349,0.012610290,0.005290875,-0.016737914,0.027786277,-0.040565296,0.013021053,-0.011217093,1,0.073803481,0,0,0.000000000,0.000000000,0.000000000,1
11.922000000,0.000000000,0.028000000,-0.000012236,-0.000000010,-0.000123949,-0.001159369,0.200000003,0.000000000,0.000000000,0.000000000,0.000000000,-0.000000000,0.020000000,0.020000000,0.005640807,-0.000069736,0.005640807,-0.000069736,-0.008842231,0.011048165,0.014804746,-0.027029834,0.014483038,-0.011117901,-0.009163940,0.026960098,1,0.208585705,0,0,0.000000000,0.000000000,0.000000000,1
12.022000000,0.000000000,0.028000000,-0.000011843,0.000000002,-0.000390265,0.000438528,0.200000003,0.000000000,0.000000000,0.000000000,0.000000000,0.000000000,0.020000000,0.020000000,-0.036085157,-0.003530999,-0.036085157,-0.003530999,-0.008731451,0.010363964,0.002577385,-0.000314757,-0.027353706,-0.013894963,-0.038662543,-0.003216242,1,0.387835446,0,0,-0.000000000,-0.000000000,-0.000000000,1
12.122000000,0.000000000,0.028000000,-0.000012098,-0.000000006,-0.000123949,-0.000094104,0.200000003,0.000000000,0.000000000,0.000000000,0.000000000,-0.000000000,0.020000000,0.020000000,0.020079310,-0.007850277,0.020079310,-0.007850277,-0.006989781,0.011024517,-0.031244170,-0.000630910,0.027069091,-0.018874795,0.051323479,-0.007219367,1,0.691839913,0,0,0.000000000,0.000000000,0.000000000,1
12.222000000,0.000000000,0.028000000,-0.000010778,-0.000000002,-0.000123949,0.000172212,0.200000003,0.000000000,0.000000000,0.000000000,0.000000000,0.000000000,0.020000000,0.020000000,-0.020800652,-0.005609531,-0.020800652,-0.005609531,-0.006064013,0.010711482,0.013684924,-0.007061562,-0.014736639,-0.016321013,-0.034485576,0.001452030,1,0.306093527,0,0,0.000000000,0.000000000,0.000000000,1
12.322000000,0.000000000,0.030000000,-0.000011786,-0.000000010,0.000142367,-0.000360420,0.200000003,0.000000000,0.000000000,0.000000000,-0.000000000,-0.000000000,0.020000000,0.020000000,0.026111232,-0.002032411,0.026111232,-0.002032411,-0.006995021,0.010002557,-0.019257651,-0.005397374,0.033106253,-0.012034968,0.045368883,0.003364963,1,0.531633966,0,0,0.000000000,0.000000000,0.000000000,1
12.422000000,0.000000000,0.028000000,-0.000011723,-0.000000018,-0.000123949,-0.000626736,0.200000003,0.000000000,0.000000000,0.000000000,0.000000000,-0.000000000,0.020000000,0.020000000,0.007078644,0.005930966,0.007078644,0.005930966,-0.006726832,0.008712625,0.020771018,-0.001055784,0.013805476,-0.002781659,-0.013692373,0.006986750,1,0.060604217,0,0,0.000000000,0.000000000,0.000000000,1
12.520000000,0.000000000,0.026000000,-0.000011245,-0.000000014,-0.000390265,0.000172212,0.200000003,0.000000000,0.000000000,0.000000000,0.000000000,0.000000000,0.020000000,0.020000000,-0.038253951,0.025717594,-0.038253951,0.025717594,-0.006453975,0.007735866,0.008419492,0.004688620,-0.031799976,0.017981728,-0.046673443,0.021028974,1,0.695937214,0,0,0.000000000,0.000000000,0.000000000,1
12.620000000,0.000000000,0.026000000,-0.000010757,-0.000000028,0.000454529,0.000202676,0.200000003,0.000000000,0.000000000,0.000000000,-0.000000000,0.000000000,0.020000000,0.020000000,0.016291822,0.028786314,0.016291822,0.028786314,-0.005760804,0.006201714,-0.034494507,0.023888317,0.022052625,0.022584600,0.050786329,0.004897997,1,0.667790540,0,0,0.000000000,0.000000000,0.000000000,1
12.720000000,0.000000000,0.028000000,-0.000010383,0.000000383,0.000188213,-0.000063640,0.200000003,0.000000000,0.000000000,0.000000000,-0.000000000,-0.000000000,0.020000000,0.020000000,0.007564443,0.001888400,0.007564443,0.001888400,-0.005608459,0.007528883,0.010805745,0.031259578,0.013172901,-0.005640483,-0.003241303,-0.029371178,1,0.224531524,0,0,-0.000000000,-0.000000000,-0.000000000,1
12.822000000,0.000000000,0.028000000,-0.000009974,-0.000000008,0.000454529,0.000468992,0.200000003,0.000000000,0.000000000,0.000000000,-0.000000000,0.000000000,0.020000000,0.020000000,0.006638969,-0.012937471,0.006638969,-0.012937471,-0.006029537,0.008893138,0.006381967,0.007858470,0.012668506,-0.021830609,0.000257002,-0.020795941,1,0.108008881,0,0,0.000000000,0.000000000,0.000000000,1
12.922000000,0.000000000,0.030000000,-0.000009813,0.000000016,-0.000078104,-0.000596273,0.200000003,0.000000000,0.000000000,0.000000000,0.000000000,-0.000000000,0.020000000,0.020000000,0.015136646,0.027655393,0.015136646,0.027655393,-0.006337613,0.010863030,0.003755990,-0.009008941,0.021474259,0.016792363,0.011380656,0.036664334,1,0.380889848,0,0,0.000000000,0.000000000,0.000000000,1
13.022000000,0.000000000,0.030000000,-0.000009492,-0.000000041,-0.000344420,0.000735308,0.200000003,0.000000000,0.000000000,0.000000000,0.000000000,0.000000000,0.020000000,0.020000000,0.006989946,-0.019956656,0.006989946,-0.019956656,-0.006993017,0.012931671,0.011689649,0.025337961,0.013982962,-0.032888327,-0.004699703,-0.045294617,1,0.534922578,0,0,-0.000000000,-0.000000000,-0.000000000,1
13.122000000,0.000000000,0.028000000,-0.000008737,-0.000000003,-0.000078104,-0.000063640,0.200000003,0.000000000,0.000000000,0.000000000,0.000000000,-0.000000000,0.020000000,0.020000000,0.010591145,-0.014143741,0.010591145,-0.014143741,-0.008395880,0.013365291,0.006070762,-0.014322798,0.018987026,-0.027509032,0.004520383,0.000179057,1,0.005279142,0,0,0.000000000,0.000000000,0.000000000,1
13.222000000,0.000000000,0.028000000,-0.000008222,-0.000000029,-0.000610736,0.000735308,0.200000003,0.000000000,0.000000000,0.000000000,0.000000000,0.000000000,0.020000000,0.020000000,0.031979611,0.021766383,0.031979611,0.021766383,-0.008431175,0.013901181,0.009510039,-0.011898973,0.040410786,0.007865202,0.022469572,0.033665357,1,0.421282388,0,0,0.000000000,0.000000000,0.000000000,1
13.320000000,0.000000000,0.028000000,-0.000007583,-0.000000008,-0.000078104,0.000735308,0.200000003,0.000000000,0.000000000,0.000000000,0.000000000,0.000000000,0.020000000,0.020000000,0.032019320,-0.006888666,0.032019320,-0.006888666,-0.008159759,0.012899057,0.028163316,0.018766901,0.040179079,-0.019787723,0.003856004,-0.025655567,1,0.178124217,0,0,0.000000000,0.000000000,0.000000000,1
13.422000000,0.000000000,0.028000000,-0.000006817,-0.000000000,0.000188213,-0.000063640,0.200000003,0.000000000,0.000000000,0.000000000,-0.000000000,-0.000000000,0.020000000,0.020000000,-0.004381190,0.000897534,-0.004381190,0.000897534,-0.007656284,0.011996196,0.030081629,-0.004111391,0.003275094,-0.011098661,-0.034462819,0.005008925,1,0.302598135,0,0,0.000000000,0.000000000,0.000000000,1
13.520000000,0.000000000,0.026000000,-0.000006330,0.000000006,-0.000610736,-0.000063640,0.200000003,0.000000000,0.000000000,0.000000000,0.000000000,-0.000000000,0.020000000,0.020000000,-0.034427783,-0.010620069,-0.034427783,-0.010620069,-0.008195098,0.012125278,-0.003316852,0.001779056,-0.026232685,-0.022745347,-0.031110931,-0.012399125,1,0.297305886,0,0,-0.000000000,-0.000000000,-0.000000000,1
13.620000000,0.000000000,0.028000000,-0.000006013,-0.000000005,-0.000041959,-0.000557978,0.200000003,0.000000000,0.000000000,0.000000000,0.000000000,-0.000000000,0.020000000,0.020000000,-0.008929358,-0.010165693,-0.008929358,-0.010165693,-0.007247974,0.011937465,-0.031725659,-0.008664877,-0.001681384,-0.022103158,0.022796301,-0.001500816,1,0.134197499,0,0,0.000000000,0.000000000,0.000000000,1
13.722000000,0.000000000,0.028000000,-0.000005687,0.000000000,0.000224357,-0.000824294,0.200000003,0.000000000,0.000000000,0.000000000,-0.000000000,-0.000000000,0.020000000,0.020000000,0.003663698,-0.002782241,0.003663698,-0.002782241,-0.006836983,0.009705777,-0.012551841,-0.010501905,0.010500680,-0.012488019,0.016215539,0.007719663,1,0.080410086,0,0,0.000000000,0.000000000,0.000000000,1
13.822000000,0.000000000,0.028000000,-0.000005329,0.000000002,0.000224358,-0.001090610,0.200000003,0.000000000,0.000000000,0.000000000,-0.000000000,-0.000000000,0.020000000,0.020000000,-0.005001878,-0.033533518,-0.005001878,-0.033533518,-0.004809667,0.008684074,0.001452406,-0.002204890,-0.000192211,-0.042217592,-0.006454284,-0.031328628,1,0.263381483,0,0,-0.000000000,-0.000000000,-0.000000000,1
13.922000000,0.000000000,0.028000000,-0.000005110,-0.000000002,0.000490674,-0.000025346,0.200000003,0.000000000,0.000000000,0.000000000,-0.000000000,-0.000000000,0.020000000,0.020000000,0.001049388,0.022523711,0.001049388,0.022523711,-0.003911893,0.009010788,-0.004589058,-0.029170469,0.004961281,0.013512922,0.005638446,0.051694180,1,0.696054934,0,0,0.000000000,0.000000000,0.000000000,1
14.022000000,0.000000000,0.028000000,-0.000004732,0.000000015,-0.001107223,-0.000291662,0.200000003,0.000000000,0.000000000,0.000000000,0.000000000,-0.000000000,0.020000000,0.020000000,0.010227457,-0.023496352,0.010227457,-0.023496352,-0.003790405,0.008582508,-0.001961716,0.016119104,0.014017862,-0.032078860,0.012189173,-0.039615457,1,0.442506981,0,0,0.000000000,0.000000000,0.000000000,1
14.122000000,0.000000000,0.028000000,-0.000004330,0.000000019,-0.000308275,0.000240970,0.200000003,0.000000000,0.000000000,0.000000000,0.000000000,0.000000000,0.020000000,0.020000000,-0.010165024,-0.016030946,-0.010165024,-0.016030946,-0.002659655,0.006939774,0.007897822,-0.018815758,-0.007505369,-0.022970720,-0.018062845,0.002784812,1,0.086164459,0,0,0.000000000,0.000000000,0.000000000,1
14.220000000,0.000000000,0.028000000,-0.000003742,-0.000000116,-0.000041959,-0.000291662,0.200000003,0.000000000,0.000000000,0.000000000,0.000000000,-0.000000000,0.020000000,0.020000000,-0.000248196,0.005919028,-0.000248196,0.005919028,-0.002786563,0.006248024,-0.009482388,-0.014534438,0.002538367,-0.000328995,0.009234193,0.020453466,1,0.133413770,0,0,0.000000000,0.000000000,0.000000000,1
14.322000000,0.000000000,0.028000000,-0.000003103,-0.000000048,0.000224357,0.000240971,0.200000003,0.000000000,0.000000000,0.000000000,-0.000000000,0.000000000,0.020000000,0.020000000,-0.008258998,0.031261642,-0.008258998,0.031261642,-0.002473002,0.006402052,-0.002657339,0.004063926,-0.005785996,0.024859590,-0.005601660,0.027197716,1,0.191551255,0,0,0.000000000,0.000000000,0.000000000,1
14.422000000,0.000000000,0.028000000,-0.000002823,-0.000000296,0.000756990,0.000240971,0.200000003,0.000000000,0.000000000,0.000000000,-0.000000000,0.000000000,0.020000000,0.020000000,-0.023454227,0.034561248,-0.023454227,0.034561248,-0.002859444,0.006798854,-0.008868534,0.030909730,-0.020594783,0.027762394,-0.014585693,0.003651518,1,0.058128790,0,0,0.000000000,0.000000000,0.000000000,1
14.522000000,0.000000000,0.030000000,-0.022725301,0.008015017,0.038840193,0.058564212,0.200000003,0.000000000,0.000000000,0.000000000,-0.000000000,0.000000000,0.020000000,0.020000000,0.032799086,0.012842375,0.032799086,0.012842375,-0.004536772,0.005518381,-0.021908256,0.032506474,0.037335859,0.007323994,0.054707342,-0.019664099,1,0.837744344,0,0,0.000000000,0.000000000,0.000000000,1
14.622000000,0.000000000,0.028000000,-0.041422389,0.030922753,0.040711489,0.054826874,0.200000003,0.000000000,0.000000000,0.000000000,-0.000000000,0.000000000,0.020000000,0.020000000,0.047410408,0.001673769,0.047410408,0.001673769,-0.003876762,0.004104597,0.029523813,0.013200190,0.051287171,-0.002430827,0.017886595,-0.011526420,1,0.106755844,0,0,0.000000000,0.000000000,0.000000000,1
14.722000000,0.000000000,0.028000000,0.049120075,-0.033020105,0.000497752,0.002628907,0.200000003,0.000000000,0.000000000,0.000000000,0.000000000,-0.000000000,0.020000000,0.020000000,0.016184703,0.006670609,0.016184703,0.006670609,0.002954753,-0.000694482,0.057949998,-0.003232038,0.013229950,0.007365091,-0.041765294,0.009902647,1,0.423786110,0,0,0.000000000,0.000000000,0.000000000,1
14.822000000,0.000000000,0.028000000,0.159680682,-0.106270371,-0.025068602,-0.036785878,0.200000003,0.000000000,0.000000000,0.000000000,0.000000000,-0.000000000,0.020000000,0.020000000,-0.009462545,-0.007170395,-0.009462545,-0.007170395,0.013423458,-0.007995759,0.028686146,0.001356090,-0.022886003,0.000825364,-0.038148692,-0.008526484,1,0.506340104,1,0,0.000570343,-0.002555071,0.000014509,1
14.922000000,0.000000000,0.028000000,0.218060315,-0.142056970,-0.024003331,-0.039449044,0.200000003,0.000000000,0.000000000,0.000000000,0.000000000,-0.000000000,0.020000000,0.020000000,-0.000394860,-0.004616496,-0.000394860,-0.004616496,0.020861539,-0.013540629,-0.007098802,-0.012524222,-0.021256400,0.008924133,0.006703942,0.007907726,1,0.036653674,1,0,-0.001997013,0.001692857,-0.000008131,1
15.022000000,0.000000000,0.028000000,0.231356145,-0.154408698,-0.015481220,-0.026133234,0.200000003,0.000000000,0.000000000,0.000000000,0.000000000,-0.000000000,0.020000000,0.020000000,-0.042438777,-0.058061201,-0.042438777,-0.058061201,0.026047163,-0.017137288,-0.000585034,-0.004448522,-0.068485940,-0.040923913,-0.041853743,-0.053612679,1,2.002254957,1,0,0.002063616,-0.001611019,-0.000001122,1
15.122000000,0.000000000,0.028000000,0.222423114,-0.153067378,-0.009089634,-0.010686899,0.200000003,0.000000000,0.000000000,0.000000000,0.000000000,-0.000000000,0.020000000,0.020000000,-0.008223733,0.014095887,-0.008223733,0.014095887,0.026814325,-0.017720228,-0.047005226,-0.059355803,-0.035038058,0.031816115,0.038781493,0.073451690,1,3.445973272,1,0,-0.002314975,0.001222598,0.000006294,1
15.220000000,0.000000000,0.026000000,0.217673870,-0.149495738,-0.003496994,-0.005360575,0.200000003,0.000000000,0.000000000,0.000000000,0.000000000,-0.000000000,0.020000000,0.020000000,-0.016332151,-0.005899437,-0.016332151,-0.005899437,0.026386205,-0.017311757,-0.008523096,0.019531751,-0.042718355,0.011412320,-0.007809055,-0.025431188,1,0.371381159,1,0,0.002502711,-0.000768299,-0.000006848,1
15.320000000,0.000000000,0.026000000,0.206518309,-0.145123860,-0.004562259,-0.005094260,0.232655466,-0.097497274,0.135158191,0.135158191,0.028529268,-0.020303209,0.020202455,0.020102791,0.034501600,-0.006007673,0.063030868,-0.026310882,0.024251360,-0.015788489,-0.022525717,-0.004894440,0.038779508,-0.010522393,0.085556585,-0.021416442,1,4.175991479,1,0,0.000637076,0.002539294,0.000003467,1
15.422000000,0.000000000,0.028000000,0.183438184,-0.130061132,-0.006959104,-0.006425840,0.268280745,-0.006733831,0.261546913,0.261546913,0.049797823,-0.035697746,0.020610634,0.020316085,0.002570385,-0.014873841,0.052368207,-0.050571587,0.022649967,-0.015859280,0.066118523,-0.029824998,0.029718241,-0.034712307,-0.013750316,-0.020746590,1,0.351931693,1,0,0.002187737,-0.001437940,-0.000005007,1
15.522000000,0.000000000,0.028000000,0.134346048,-0.097874892,-0.008024368,-0.010154266,0.308656603,0.032441137,0.341097740,0.341097740,0.048562227,-0.036848502,0.020581130,0.020336620,0.023238465,0.023387016,0.071800693,-0.013461486,0.021139627,-0.014404176,0.047908173,-0.051203253,0.050661065,0.000942690,0.023892519,0.037741768,1,1.194959426,1,0,-0.002217503,0.001391584,0.000008235,1
15.622000000,0.000000000,0.028000000,0.108412037,-0.074414523,-0.003753118,-0.009878484,0.359869421,-0.022576972,0.337292449,0.337292449,0.037832460,-0.028431395,0.020354679,0.020201075,-0.014006691,-0.011149233,0.023825768,-0.039580628,0.018922168,-0.013389864,0.064789713,-0.012726490,0.004903600,-0.026190764,-0.040963945,-0.026854137,1,1.556962721,1,0,0.001442452,-0.002184740,-0.000011600,1
15.722000000,0.000000000,0.028000000,0.078092750,-0.054844337,-0.005084696,-0.000291104,0.459340662,0.001771105,0.461111767,0.461111767,0.038354099,-0.025423601,0.020364439,0.020160942,-0.005955268,-0.011864578,0.032398831,-0.037288178,0.014693092,-0.012676803,0.019420997,-0.036616817,0.017705739,-0.024611375,0.012977834,-0.000671362,1,0.113939548,1,0,0.000136741,0.002614414,0.000005688,1
15.822000000,0.000000000,0.028000000,0.057181505,-0.039231413,-0.000024690,-0.000557420,0.496347606,-0.041986596,0.454361011,0.454361011,0.025992265,-0.018078494,0.020168192,0.020081542,-0.003346102,0.014216119,0.022646163,-0.003862375,0.010696917,-0.009713312,0.024366983,-0.035567920,0.011949246,0.005850937,-0.001720821,0.031705545,1,0.731716622,1,0,-0.002614161,-0.000141404,0.000007546,1
15.920000000,0.000000000,0.028000000,0.035979254,-0.022214889,0.001839522,0.003437322,0.598036051,-0.016315847,0.581720204,0.581720204,0.019859772,-0.010923290,0.020098361,0.020029807,-0.027288338,-0.005643416,-0.007428566,-0.016566706,0.006002613,-0.006306974,0.017745801,-0.002984639,-0.013431179,-0.010259732,-0.025174367,-0.013582068,1,0.679101625,1,0,0.001245114,-0.002302899,-0.000015381,1
16.020000000,0.000000000,0.028000000,0.020369782,-0.013504065,0.002638471,0.009296277,0.629182518,-0.093025419,0.536157099,0.536157099,0.009506768,-0.002256036,0.020022582,0.020001272,-0.017939839,-0.008541914,-0.008433071,-0.010797950,-0.000893666,-0.002998610,-0.010791111,-0.012331733,-0.007539406,-0.007799340,0.002358040,0.001533782,1,0.006952364,1,0,-0.000485428,0.000746979,0.000004963,1
16.120000000,0.000000000,0.026000000,0.010118962,-0.007240197,-0.000024691,0.005035218,0.730804026,0.030503221,0.761307248,0.761307248,0.007722436,-0.001678667,0.020014903,0.020000704,0.006736414,0.026152672,0.014458850,0.024474005,-0.005368817,-0.001220347,-0.014867033,-0.009917989,0.019827667,0.025694352,0.029325883,0.034391994,1,1.905911004,1,0,-0.001991102,0.001699775,0.000013066,1
16.222000000,0.000000000,0.028000000,0.007414884,-0.006328406,-0.000291006,0.003703638,0.800361514,-0.018211802,0.782149712,0.782149712,0.006027160,-0.002052961,0.020009080,0.020001054,-0.009303207,-0.000904626,-0.003276047,-0.002957588,-0.008527663,0.000256916,0.005126610,0.019084832,0.005251617,-0.003214504,-0.008402656,-0.022042420,1,0.582346333,1,0,0.002445731,-0.000933932,-0.000008069,1
16.320000000,0.000000000,0.028000000,0.015473675,-0.003104946,-0.000823639,-0.008280588,0.882763743,0.078232191,0.960995934,0.960995934,0.015661652,-0.010941452,0.020061228,0.020029906,0.023866487,-0.008251099,0.039528139,-0.019192551,-0.009352929,0.001701510,-0.004111829,0.006092778,0.048881068,-0.020894061,0.043639968,-0.025285329,1,2.868982271,1,0,0.001312849,0.002265015,0.000005160,1
16.422000000,0.000000000,0.028000000,0.017073961,0.004122159,0.003437420,-0.009612167,0.987574995,-0.117536566,0.870038428,0.870038428,0.011864315,-0.004776518,0.020035160,0.020005703,0.033189150,0.020901981,0.045053465,0.016125463,-0.009182121,0.004156339,0.023614213,-0.008687604,0.054235586,0.011969124,0.021439252,0.024813068,1,1.274039770,1,0,-0.001979823,0.001712938,0.000005823,1
16.520000000,0.000000000,0.026000000,0.014704352,0.007122611,0.004236368,-0.006682691,1.029893994,-0.008721545,1.021172449,1.021172449,0.010689617,0.000449234,0.020028547,0.020000050,-0.013869635,0.001709626,-0.003180018,0.002158860,-0.009725331,0.006773610,0.036018558,0.007306624,0.006545313,-0.004614750,-0.039198577,-0.005147764,1,1.942139240,1,0,0.000339311,-0.002595893,-0.000009905,1
16.620000000,0.000000000,0.028000000,0.004302134,0.008548412,0.002643007,-0.000002069,1.084096193,-0.006963433,1.077132760,1.077132760,0.001787101,0.009205546,0.020000798,0.020021174,-0.005184537,0.021226508,-0.003397437,0.030432054,-0.011403404,0.009200348,0.009204317,0.006222876,0.008005967,0.021231706,-0.012601754,0.024209178,1,0.966492281,1,0,-0.002321817,-0.001209566,0.000002766,1
16.720000000,0.000000000,0.028000000,-0.004597974,0.009530587,-0.000020153,0.004791622,1.153639317,-0.053205271,1.100434046,1.100434046,-0.005037590,0.015760645,0.020006343,0.020062003,-0.012503446,0.042295886,-0.017541036,0.058056531,-0.015846375,0.009919007,-0.004495381,0.019890090,-0.001694661,0.048137525,-0.013045655,0.038166441,1,2.192686118,1,0,-0.002476931,-0.000847751,0.000004798,1
16.820000000,0.000000000,0.028000000,-0.010481536,0.006777091,-0.000286470,0.003193726,1.220459104,-0.035829423,1.184629681,1.184629681,-0.012077378,0.011811725,0.020036433,0.020034849,0.023601983,0.048799454,0.011524605,0.060611179,-0.019509499,0.011962267,-0.017557125,0.046868487,0.031034104,0.048648911,0.029081730,0.013742692,1,1.455340288,1,0,-0.001112960,0.002369529,0.000023338,1
16.920000000,0.000000000,0.026000000,-0.012009585,0.011864406,0.007703014,0.002927409,1.328623176,-0.040358381,1.288264794,1.288264794,-0.025395047,0.019055775,0.020160582,0.020090576,-0.024529162,0.006153275,-0.049924210,0.025209050,-0.022936285,0.014879540,-0.007930799,0.060352440,-0.026987925,0.010329510,-0.041993410,-0.035143390,1,4.369796497,1,0,0.001678574,-0.002008954,-0.000019621,1
17.020000000,0.000000000,0.028000000,-0.013205273,0.015357342,0.006637748,0.002394781,1.395914912,-0.047629729,1.348285183,1.348285183,-0.026754052,0.023934924,0.020178151,0.020142711,0.013902723,0.004282359,-0.012851329,0.028217283,-0.024854252,0.017102221,-0.030694661,0.051235547,0.012002922,0.011115063,0.017843331,-0.023018264,1,1.282352410,1,0,0.001884134,0.001449744,0.000003163,1
17.120000000,0.000000000,0.028000000,-0.011637374,0.011365608,0.001577743,-0.002132598,1.429692388,-0.013700057,1.415992330,1.415992330,-0.018712504,0.013073871,0.020087349,0.020042686,0.000065881,-0.000290693,-0.018646623,0.012783178,-0.024551847,0.017965468,-0.024152294,0.044395332,0.005905224,-0.005182290,0.005505671,-0.031612153,1,1.621104934,1,0,0.002275053,0.000385491,-0.000002023,1
17.220000000,0.000000000,0.028000000,-0.005903474,0.007073659,-0.001606620,-0.005043654,1.535333872,0.025350914,1.560684786,1.560684786,-0.006706034,0.003168198,0.020011240,0.020002509,0.010334211,0.025981958,0.003628177,0.029150157,-0.024884287,0.016410457,-0.024358278,0.031201536,0.028512464,0.012739700,0.027986455,-0.002051379,1,1.281435678,1,0,0.000133505,0.001751538,0.000002889,1
17.320000000,0.000000000,0.028000000,-0.008050755,0.000354406,-0.007998208,-0.002114177,1.554622531,0.027715503,1.582338034,1.582338034,-0.000083147,-0.002784553,0.020000002,0.020001938,-0.028797033,0.007232883,-0.028880180,0.004448330,-0.025705203,0.013767390,-0.015597162,0.029224891,-0.003174977,-0.009319060,-0.013283018,-0.024776561,1,1.328494550,1,0,0.001308936,-0.000711148,-0.000001767,1
17.420000000,0.000000000,0.028000000,-0.012126953,0.000005668,-0.004269803,0.000016309,1.647519946,0.021026911,1.668546858,1.668546858,-0.013110023,0.000036669,0.020042922,0.020000000,-0.032889355,-0.006766117,-0.045999377,-0.006729448,-0.026930230,0.013035582,-0.020808012,0.020178279,-0.019069147,-0.019765030,-0.025191365,-0.026907726,1,2.342773984,1,0,0.001237906,-0.001165984,-0.000002841,1
17.520000000,0.000000000,0.028000000,-0.016446351,0.005699349,0.000257572,0.003212104,1.704073191,-0.058778244,1.645294947,1.645294947,-0.027482880,0.014661969,0.020187944,0.020053671,-0.002129430,-0.025031156,-0.029612310,-0.010369187,-0.029773957,0.013289358,-0.031077838,0.009666996,0.000161647,-0.023658545,0.001465528,-0.020036182,1,0.711588544,1,0,0.000804083,0.000055065,-0.000001515,1
17.622000000,0.000000000,0.028000000,-0.022641661,0.012135356,0.006121637,0.008542922,1.785111308,0.048505417,1.833616725,1.833616725,-0.052740864,0.037916037,0.020683713,0.020356234,0.024421833,0.011297541,-0.028319032,0.049213578,-0.031873250,0.013266538,-0.033435977,0.000426548,0.003554218,0.035947040,0.005116945,0.048787030,1,4.228969629,1,0,-0.001777183,0.000181629,0.000001908,1
17.722000000,0.000000000,0.028000000,-0.019268184,0.006650030,-0.000802562,0.004548210,1.883715510,0.097050340,1.980765851,1.980765851,-0.036576074,0.022181091,0.020331702,0.020122624,-0.005954877,-0.003977654,-0.042530952,0.018203437,-0.033030114,0.013221151,-0.033036068,0.013297595,-0.009500838,0.004982286,-0.009494884,0.004905842,1,0.204720735,1,0,-0.000155513,-0.000304894,-0.000000190,1
17.822000000,0.000000000,0.028000000,-0.017676058,0.004754999,-0.001335195,0.000553468,1.919596076,0.075653147,1.995249223,1.995249223,-0.032604094,0.010591714,0.020264014,0.020028026,0.003215744,-0.042058936,-0.029388350,-0.031467222,-0.033217668,0.013439464,-0.035564681,0.013359103,0.003829319,-0.044906687,0.006176331,-0.044826325,1,3.813840755,1,0,0.001219782,0.000187862,-0.000000433,1
17.920000000,0.000000000,0.028000000,-0.014650404,0.004075332,-0.001068859,0.000819818,1.984733582,0.015987381,2.000720963,2.000720963,-0.027172882,0.009793828,0.020183747,0.020023965,-0.034377390,0.005439942,-0.061550271,0.015233770,-0.032989819,0.013278231,-0.034283271,-0.000461428,-0.028560452,0.001955539,-0.027267000,0.015695198,1,1.852791282,1,0,-0.000362905,-0.000676620,-0.000000020,1
18.022000000,0.000000000,0.030000000,-0.014941547,0.007890092,0.000530380,0.003219651,2.074683905,0.012206116,2.086890020,2.086890020,-0.032288210,0.023184811,0.020258956,0.020133935,-0.015613241,-0.019357173,-0.047901451,0.003827638,-0.032475350,0.013068819,-0.041123548,0.002021953,-0.015426101,-0.009241181,-0.006777904,0.001805686,1,0.092306859,1,0,-0.000035735,-0.000161905,-0.000000053,1
18.122000000,0.000000000,0.028000000,-0.016660639,0.008102403,-0.000002252,0.000023857,2.092914104,-0.018872056,2.074042049,2.074042049,-0.034550195,0.016854205,0.020296235,0.020070890,0.012404810,0.000914740,-0.022145385,0.017768945,-0.030184482,0.011898055,-0.044143894,-0.001219448,0.008039097,0.005870890,0.021998509,0.018988393,1,1.608233767,1,0,-0.000466153,0.000475116,0.000000667,1
18.222000000,0.000000000,0.028000000,-0.009900441,0.005537497,-0.003198045,-0.005302466,2.176549911,-0.009769840,2.166780072,2.166780072,-0.014522619,0.000509259,0.020052657,0.020000065,-0.001509370,-0.040914941,-0.016031989,-0.040405682,-0.027674450,0.011329324,-0.038545606,0.002186431,0.011642461,-0.051735007,0.022513618,-0.042592114,1,4.528684599,1,0,0.000993491,0.000608077,-0.000000002,1
18.322000000,0.000000000,0.028000000,-0.009512587,0.006743591,-0.000534885,-0.002372989,2.223142624,0.061720606,2.284863230,2.284863230,-0.020512821,0.009986228,0.020104919,0.020024916,-0.017968791,-0.007315525,-0.038481612,0.002670702,-0.026115873,0.011146973,-0.034043245,-0.009666428,-0.012365738,-0.008476270,-0.004438367,0.012337131,1,0.337450276,1,0,-0.000290913,-0.000128527,0.000000089,1
18.422000000,0.000000000,0.028000000,-0.014061294,0.008930598,-0.000268265,0.002421957,2.282856226,-0.060989824,2.221866402,2.221866402,-0.030646268,0.025223859,0.020233436,0.020158433,0.021797076,-0.011734148,-0.008849193,0.013489711,-0.024643428,0.010330019,-0.033675124,-0.011053843,0.015794235,0.003159692,0.024825932,0.024543554,1,2.373265093,1,0,-0.000611957,0.000521343,0.000000603,1
18.522000000,0.000000000,0.028000000,-0.010827429,0.007338847,-0.001067213,-0.004235948,2.361308336,-0.004037808,2.357270528,2.357270528,-0.023007468,0.007314373,0.020131901,0.020013371,-0.004878577,0.004137665,-0.027886045,0.011452037,-0.022160124,0.009595915,-0.028775401,-0.009174533,-0.005725921,0.001856122,0.000889356,0.020626570,1,0.846297996,1,0,-0.000520767,-0.000019649,0.000000006,1
18.622000000,0.000000000,0.030000000,-0.006739870,0.006934878,-0.002931425,-0.005833851,2.354371071,-0.072417297,2.281953774,2.281953774,-0.008690694,0.002512492,0.020018873,0.020001578,0.003363599,0.014192763,-0.005327095,0.016705255,-0.018932356,0.009228963,-0.030028002,-0.005106964,0.013605261,0.007476292,0.024700907,0.021812220,1,2.162499539,1,0,-0.000593550,0.000569290,0.000001488,1
18.720000000,0.000000000,0.026000000,-0.009384641,0.011754393,0.002927530,-0.002371741,2.413968563,0.040496566,2.454465129,2.454465129,-0.030219794,0.023029394,0.020227021,0.020132152,0.013563188,0.008108866,-0.016656606,0.031138260,-0.018325398,0.010600803,-0.024858669,0.001207575,0.001668792,0.020537457,0.008202063,0.029930685,1,1.906169946,1,0,-0.000817347,0.000156631,0.000000752,1
18.820000000,0.000000000,0.026000000,-0.015682752,0.017989117,0.008786293,0.004019503,2.511785269,0.010937518,2.522722787,2.522722787,-0.061728618,0.055521645,0.020930939,0.020756361,0.016859598,0.020572785,-0.044869019,0.076094431,-0.018543110,0.012099362,-0.024456123,0.006574918,-0.026325909,0.063995069,-0.020412896,0.069519513,1,9.898873398,1,0,-0.001666657,-0.000630301,-0.000001514,1
18.922000000,0.000000000,0.028000000,-0.024400076,0.015908774,0.004791541,0.010677392,2.519000769,-0.009407841,2.509592928,2.509592928,-0.073259075,0.066720453,0.021299505,0.021083553,0.008778100,-0.017375711,-0.064480974,0.049344742,-0.021270179,0.012986241,-0.029085039,0.019219236,-0.043210795,0.036358501,-0.035395935,0.030125506,1,3.926829053,1,0,-0.000627314,-0.000860379,-0.000003415,1
19.022000000,0.000000000,0.028000000,-0.026371767,0.013101145,0.002394698,0.010943709,2.594714165,-0.013021202,2.581692963,2.581692963,-0.074266180,0.062076431,0.021334354,0.020941223,0.006220481,0.055996964,-0.068045699,0.118073395,-0.023523542,0.013020969,-0.036842654,0.025058216,-0.044522157,0.105052425,-0.031203044,0.093015179,1,17.777209167,1,0,-0.002129430,-0.000884304,-0.000004643,1
19.122000000,0.000000000,0.028000000,-0.025581401,0.011712712,0.003193629,0.009878421,2.582512379,-0.054111252,2.528401126,2.528401126,-0.072754817,0.054591046,0.021282214,0.020731662,-0.003782831,-0.007434335,-0.076537648,0.047156712,-0.025165332,0.012373383,-0.043477972,0.044984101,-0.051372316,0.034783329,-0.033059676,0.002172611,1,1.973551025,1,0,0.000005532,-0.000746969,-0.000004661,1
19.222000000,0.000000000,0.028000000,-0.021804323,0.011968744,0.000263738,0.006682772,2.618003845,0.014494724,2.632498569,2.632498569,-0.058094140,0.049100091,0.020826649,0.020593887,-0.007161513,0.001021127,-0.065255653,0.050121218,-0.025571633,0.010987267,-0.049369284,0.048023366,-0.039684020,0.039133951,-0.015886369,0.002097852,1,0.477257779,1,0,-0.000025580,-0.000388960,-0.000002440,1
19.322000000,0.000000000,0.028000000,-0.020153366,0.010183089,0.001595319,0.008546987,2.616516829,0.058564207,2.675081036,2.675081036,-0.058179495,0.050104470,0.020829031,0.020618064,-0.001746555,0.004133833,-0.059926050,0.054238303,-0.025726500,0.010116354,-0.050763585,0.050799561,-0.034199550,0.044121949,-0.009162465,0.003438742,1,0.178419402,1,0,-0.000067363,-0.000218145,-0.000001428,1
19.420000000,0.000000000,0.028000000,-0.018442031,0.008191847,-0.004796252,0.004019639,2.638639927,0.025085416,2.663725342,2.663725342,-0.036348607,0.032528043,0.020327622,0.020262792,-0.017159408,0.027758396,-0.053508016,0.060286439,-0.022578021,0.006359322,-0.049993585,0.052294481,-0.030929994,0.053927118,-0.003514430,0.007991958,1,0.148557659,1,0,-0.000177933,-0.000090236,-0.000000813,1
19.522000000,0.000000000,0.028000000,-0.013711097,0.002707595,-0.002932039,0.003220690,2.647278786,-0.054093469,2.593185317,2.593185317,-0.027952093,0.015373142,0.020194385,0.020058996,0.014243748,0.024818058,-0.013708345,0.040191200,-0.020191304,0.004608869,-0.047499926,0.054171273,0.006482960,0.035582331,0.033791581,-0.013980073,1,2.623614589,1,0,0.000284209,0.000785208,0.000006111,1
19.622000000,0.000000000,0.030000000,-0.010102019,0.004192637,-0.001866295,0.000025299,2.692466974,-0.063955375,2.628511600,2.628511600,-0.021647696,0.011086893,0.020116815,0.020030706,0.015429897,0.028542936,-0.006217799,0.039629828,-0.016698305,0.004071723,-0.036538892,0.056950167,0.010480506,0.035558105,0.030321093,-0.017320339,1,2.374183371,0,0,0.000000000,0.000000000,0.000000000,1
19.722000000,0.000000000,0.030000000,-0.008074473,0.011818790,0.008520035,0.000824246,2.719045162,0.090624778,2.809669940,2.809669940,-0.046625091,0.035522760,0.020536285,0.020313017,0.023629419,0.001954291,-0.022995672,0.037477051,-0.014503006,0.006121322,-0.029512856,0.058598869,-0.008492666,0.031355728,0.006517184,-0.021121818,1,0.940049451,0,0,0.000000000,0.000000000,0.000000000,1
19.822000000,0.000000000,0.028000000,-0.009073736,0.018480468,0.009052668,0.003487408,2.727066755,0.046602895,2.773669651,2.773669651,-0.050276656,0.060931631,0.020622255,0.020907574,0.025362780,0.004621973,-0.024913875,0.065553605,-0.011927310,0.006067435,-0.026355804,0.058166864,-0.012986565,0.059486170,0.001441928,0.007386740,1,0.103859368,0,0,0.000000000,0.000000000,0.000000000,1
19.922000000,0.000000000,0.030000000,-0.005160917,0.014615840,0.007188454,0.001090562,2.725843668,-0.023955441,2.701888227,2.701888227,-0.033366620,0.042436941,0.020276423,0.020445267,0.050522295,0.052784654,0.017155675,0.095221596,-0.008817693,0.007014782,-0.022991800,0.064390477,0.025973368,0.088206814,0.040147475,0.030831118,1,4.838111878,0,0,0.000000000,0.000000000,0.000000000,1
20.020000000,0.000000000,0.026000000,-0.000581830,0.011465047,0.005856873,-0.001838916,2.767443419,-0.004151479,2.763291940,2.763291940,-0.017792017,0.026599808,0.020078983,0.020176112,0.017227638,0.017667252,-0.000564379,0.044267060,-0.005721162,0.007586532,-0.013774316,0.074284329,0.005156783,0.036680528,0.013209937,-0.030017269,1,2.028634585,0,0,0.000000000,0.000000000,0.000000000,1
20.120000000,0.000000000,0.028000000,-0.001819737,0.004385890,-0.001333663,0.000025299,2.767358065,-0.025993960,2.741364105,2.741364105,-0.001332508,0.012092675,0.020000444,0.020036525,-0.004869662,0.035505659,-0.006202170,0.047598333,-0.004371074,0.005609251,-0.010177585,0.069931923,-0.001831095,0.041989082,0.003975415,-0.022333590,1,0.965451090,0,0,0.000000000,0.000000000,0.000000000,1
20.220000000,0.000000000,0.028000000,-0.003914472,0.000897768,-0.000534858,0.004020966,2.796193838,-0.033509388,2.762684450,2.762684450,-0.009336807,0.013588909,0.020021782,0.020046111,-0.006708637,-0.025403656,-0.016045444,-0.011814747,-0.002100287,0.004326684,-0.007989001,0.067962662,-0.013945157,-0.016141431,-0.008056443,-0.079777409,1,11.899964416,0,0,-0.000000000,-0.000000000,-0.000000000,1
20.320000000,0.000000000,0.026000000,0.000954356,0.004699139,0.001861988,0.000026224,2.799558640,-0.010788743,2.788769896,2.788769896,-0.002531178,0.013177950,0.020001602,0.020043368,0.012325432,0.036555577,0.009794254,0.049733526,0.001242939,0.003464193,-0.008726738,0.051223521,0.008551315,0.046269334,0.018520992,-0.001489994,1,0.635052986,0,0,0.000000000,0.000000000,0.000000000,1
20.420000000,0.000000000,0.028000000,0.004739446,0.007111767,0.005057769,-0.001305365,2.824588299,-0.058905033,2.765683266,2.765683266,-0.000880381,0.016058670,0.020000194,0.020064367,0.017259787,-0.000103062,0.016379406,0.015955608,0.003899877,0.002405880,-0.004644304,0.052364478,0.012479529,0.013549728,0.021023710,-0.036408870,1,3.219194705,0,0,0.000000000,0.000000000,0.000000000,1
20.522000000,0.000000000,0.028000000,0.006770229,0.001824994,-0.003996979,-0.003968527,2.810192108,0.004121388,2.814313496,2.814313496,0.030302300,-0.006032575,0.020228255,0.020009096,-0.010743102,0.001860993,0.019559197,-0.004171582,0.007699353,-0.000819300,0.002471614,0.044967767,0.011859844,-0.003352282,0.017087583,-0.049139349,1,4.912326470,0,0,0.000000000,0.000000000,0.000000000,1
20.620000000,0.000000000,0.028000000,0.012188047,-0.004306006,-0.003996979,-0.003435895,2.816378355,-0.004649892,2.811728464,2.811728464,0.045507898,-0.021768124,0.020511209,0.020118114,-0.015027436,-0.031899747,0.030480462,-0.053667871,0.010205604,-0.003301207,0.009047903,0.033044514,0.020274858,-0.050366664,0.021432559,-0.086712385,1,14.400672738,0,0,0.000000000,0.000000000,0.000000000,1
20.720000000,0.000000000,0.026000000,0.011632407,-0.006913077,-0.005328560,-0.004234842,2.824592352,0.048631553,2.873223905,2.873223905,0.048732655,-0.032030469,0.020585158,0.020254864,-0.021352327,-0.035340692,0.027380328,-0.067371161,0.011261630,-0.005544717,0.013883295,0.011326902,0.016118698,-0.061826444,0.013497033,-0.078698063,1,11.421807093,0,0,0.000000000,0.000000000,0.000000000,1
20.822000000,0.000000000,0.030000000,0.011144751,-0.007263074,-0.004529612,-0.003702210,2.835413218,0.016569623,2.851982840,2.851982840,0.044703015,-0.031272803,0.020493501,0.020243021,0.009066384,-0.005934779,0.053769399,-0.037207582,0.014000797,-0.008335499,0.017287865,-0.009727533,0.039768603,-0.028872082,0.036481535,-0.027480049,1,3.693317020,0,0,0.000000000,0.000000000,0.000000000,1
20.922000000,0.000000000,0.028000000,0.013783417,-0.008944683,-0.004529612,-0.005566424,2.812473297,0.031400063,2.843873360,2.843873360,0.052079936,-0.041267751,0.020666959,0.020421319,-0.010752887,-0.038529088,0.041327048,-0.079796839,0.016545704,-0.010517800,0.027061580,-0.015634676,0.024781344,-0.069279039,0.014265468,-0.064162163,1,7.679826235,0,0,0.000000000,0.000000000,0.000000000,1
21.020000000,0.000000000,0.028000000,0.014183948,-0.007266681,-0.002665696,-0.005034543,2.798738003,0.015596302,2.814334305,2.814334305,0.047420529,-0.034619756,0.020554490,0.020297420,0.000248050,0.014111176,0.047668579,-0.020508580,0.018707613,-0.010299226,0.033182474,-0.030618876,0.028960966,-0.010209354,0.014486105,0.010110295,1,0.554384284,0,0,0.000000000,0.000000000,0.000000000,1
21.122000000,0.000000000,0.028000000,0.015355497,-0.001199042,0.003459575,-0.005833493,2.847513437,0.017425469,2.864938906,2.864938906,0.034081089,-0.020147785,0.020288302,0.020101227,0.001162998,0.003383332,0.035244087,-0.016764453,0.018518680,-0.009206430,0.033325904,-0.025514202,0.016725407,-0.007558023,0.001918183,0.008749750,1,0.147115446,0,0,0.000000000,0.000000000,0.000000000,1
21.222000000,0.000000000,0.028000000,0.011112169,0.002349618,0.003992208,-0.000240853,2.853775024,-0.049873773,2.803901251,2.803901251,0.019963668,0.005912768,0.020099390,0.020008738,-0.004872405,0.022046753,0.015091263,0.027959521,0.018484588,-0.008545334,0.032377514,-0.020915329,-0.003393325,0.036504855,-0.017286251,0.048874850,1,4.987659467,0,0,0.000000000,0.000000000,0.000000000,1
21.322000000,0.000000000,0.030000000,0.016266875,-0.000808476,0.000530099,-0.008762971,2.830388546,0.022122158,2.852510704,2.852510704,0.044889324,-0.027302656,0.020497573,0.020185499,-0.038041397,0.001628191,0.006847927,-0.025674465,0.018834909,-0.008816287,0.024646315,-0.006238352,-0.011986983,-0.016858178,-0.017798389,-0.019436113,1,1.265723233,0,0,-0.000000000,-0.000000000,-0.000000000,1
21.422000000,0.000000000,0.030000000,0.015033168,-0.003405786,-0.000801483,-0.006099808,2.828418970,0.021022367,2.849441337,2.849441337,0.045119910,-0.027085634,0.020502635,0.020182575,0.028713482,0.010471954,0.073833391,-0.016613680,0.018710362,-0.009167337,0.017241209,-0.008700406,0.055123029,-0.007446344,0.056592182,-0.007913274,1,5.881720225,0,0,0.000000000,0.000000000,0.000000000,1
21.520000000,0.000000000,0.026000000,0.011914969,-0.006147937,-0.002399379,-0.002904015,2.885445356,-0.022837399,2.862607957,2.862607957,0.040976369,-0.025912191,0.020415451,0.020167162,-0.010227058,-0.028371831,0.030749311,-0.054284022,0.016899860,-0.010601240,0.028844348,-0.012006190,0.013849451,-0.043682782,0.001904962,-0.042277832,1,3.327639147,0,0,0.000000000,0.000000000,0.000000000,1
21.622000000,0.000000000,0.028000000,0.009838007,-0.008215749,-0.003731218,-0.002105553,2.867815971,0.021381794,2.889197765,2.889197765,0.039204174,-0.029820283,0.020380620,0.020221090,-0.022281754,-0.007321034,0.016922420,-0.037141318,0.015801603,-0.010611929,0.026388437,-0.021237327,0.001120817,-0.026529389,-0.009466017,-0.015903991,1,0.631474515,0,0,-0.000000000,-0.000000000,-0.000000000,1
21.722000000,0.000000000,0.028000000,0.008083943,-0.006371653,0.001328788,0.000291293,2.859827042,0.115081991,2.974909032,2.974909032,0.020095972,-0.018088518,0.020100708,0.020081632,0.018465413,-0.004971644,0.038561385,-0.023060162,0.013751366,-0.010162608,0.021982337,-0.023088112,0.024810019,-0.012897554,0.016579048,0.000027950,1,0.512320336,0,0,0.000000000,0.000000000,0.000000000,1
21.822000000,0.000000000,0.028000000,0.006073579,-0.002067853,0.001861421,0.000024977,2.894941330,-0.030243874,2.864697456,2.864697456,0.012066560,-0.005852221,0.020036367,0.020008560,-0.027746256,-0.009839340,-0.015679695,-0.015691561,0.011742092,-0.008912760,0.024024981,-0.021583972,-0.027421788,-0.006778801,-0.039704676,0.005892411,1,3.025469683,0,0,0.000000000,0.000000000,0.000000000,1
21.922000000,0.000000000,0.028000000,0.004911377,-0.001111865,0.001328788,0.000823926,2.858340502,0.028163063,2.886503565,2.886503565,0.010341157,-0.000831138,0.020026717,0.020000173,0.015038175,-0.020631929,0.025379332,-0.021463066,0.009213624,-0.009267740,0.011070584,-0.018520908,0.016165708,-0.012195327,0.014308747,-0.002942158,1,0.401763558,0,0,0.000000000,0.000000000,0.000000000,1
22.022000000,0.000000000,0.028000000,0.001472126,-0.006341286,-0.003997535,0.002155506,2.861345053,0.023664227,2.885009280,2.885009280,0.015780022,-0.012076016,0.020062156,0.020036424,0.037179510,0.023264178,0.052959532,0.011188163,0.007495006,-0.009752701,0.013938187,-0.018730136,0.045464526,0.020940864,0.039021345,0.029918298,1,4.549723852,0,0,0.000000000,0.000000000,0.000000000,1
22.124000000,0.000000000,0.030000000,0.002576560,-0.005303487,-0.000535425,-0.000241339,2.865997553,-0.054136665,2.811860888,2.811860888,0.008750468,-0.015591281,0.020019134,0.020060680,-0.002067162,0.000462329,0.006683307,-0.015128953,0.006462004,-0.009650503,0.023211377,-0.010137041,0.000221303,-0.005478449,-0.016528070,-0.004991912,1,0.561692689,0,0,-0.000000000,-0.000000000,-0.000000000,1
22.220000000,0.000000000,0.026000000,0.004726486,-0.004009227,0.001595104,-0.001572920,2.909109116,0.038140677,2.947249793,2.947249793,0.009228966,-0.016451980,0.020021282,0.020067553,0.014205499,-0.002248973,0.023434465,-0.018700954,0.005668727,-0.008915427,0.017087716,-0.009652268,0.017765738,-0.009785527,0.006346749,-0.009048686,1,0.230209654,0,0,0.000000000,0.000000000,0.000000000,1
22.320000000,0.000000000,0.028000000,0.001512192,-0.000973031,0.004524583,0.000823925,2.884732485,0.017067801,2.901800286,2.901800286,-0.008741356,-0.000432677,0.020019094,0.020000047,0.008656913,-0.003733821,-0.000084443,-0.004166498,0.003717385,-0.007705853,0.017014081,-0.010541048,-0.003801828,0.003539355,-0.017098524,0.006374550,1,0.629422464,0,0,0.000000000,0.000000000,0.000000000,1
22.420000000,0.000000000,0.028000000,-0.002257446,-0.001809922,0.000529939,0.002155507,2.904505253,0.040624652,2.945129905,2.945129905,-0.008209212,0.001017795,0.020016841,0.020000259,-0.008815414,0.031605542,-0.017024627,0.032623337,0.002699042,-0.008140050,0.011553358,-0.008441755,-0.019723668,0.040763387,-0.028577985,0.041065092,1,4.730110480,0,0,0.000000000,0.000000000,0.000000000,1
22.520000000,0.000000000,0.028000000,0.000019147,-0.007859097,-0.002665851,-0.000507646,2.865618706,-0.073651909,2.791966796,2.791966796,0.007496424,-0.023359667,0.020014044,0.020135956,0.021220241,-0.027357814,0.028716665,-0.050717481,0.001999248,-0.008896935,0.003659597,0.002781422,0.026717417,-0.041820547,0.025057067,-0.053498903,1,6.541613313,0,0,0.000000000,0.000000000,0.000000000,1
22.620000000,0.000000000,0.028000000,0.000499363,-0.008754287,-0.004796380,0.000291302,2.885263920,0.045685992,2.930949911,2.930949911,0.015521555,-0.024804583,0.020060139,0.020153230,0.014109511,0.006486586,0.029631067,-0.018317997,0.000989520,-0.010092514,0.010149562,-0.011138812,0.028641547,-0.008225483,0.019481504,-0.007179185,1,0.811360687,0,0,0.000000000,0.000000000,0.000000000,1
22.722000000,0.000000000,0.030000000,0.001309384,-0.012214993,-0.005861628,0.000025003,2.895591974,-0.055826332,2.839765643,2.839765643,0.020363994,-0.034616715,0.020103406,0.020297369,0.004387353,0.029600590,0.024751347,-0.005016126,0.000064888,-0.012008997,0.013139313,-0.010439212,0.024686458,0.006992871,0.011612034,0.005423086,1,0.307354415,0,0,0.000000000,0.000000000,0.000000000,1
22.822000000,0.000000000,0.028000000,-0.002730376,-0.007767323,-0.001600569,0.002688166,2.915953875,-0.009774883,2.906178992,2.906178992,-0.003283422,-0.014760941,0.020002695,0.020054397,0.010928383,-0.001318258,0.007644961,-0.016079199,-0.002249433,-0.011234379,0.015480189,-0.007034167,0.009894394,-0.004844821,-0.007835229,-0.009045033,1,0.269823027,0,0,-0.000000000,-0.000000000,-0.000000000,1
22.922000000,0.000000000,0.028000000,-0.001217249,-0.004456656,0.000263644,0.000291320,2.888199806,0.032966422,2.921166228,2.921166228,-0.004325932,-0.012167638,0.020004678,0.020036979,0.026102732,-0.010711412,0.021776799,-0.022879050,-0.002317290,-0.011248373,0.015250329,-0.005362631,0.024094090,-0.011630677,0.006526470,-0.017516419,1,0.658303418,0,0,0.000000000,0.000000000,0.000000000,1
23.022000000,0.000000000,0.028000000,-0.000011265,-0.005019317,-0.001334253,-0.001572893,2.917768240,0.098895169,3.016663409,3.016663409,0.003991010,-0.019886478,0.020003982,0.020098625,-0.009281500,-0.028257432,-0.005290490,-0.048143910,-0.002481529,-0.010386135,0.017288156,-0.007409132,-0.002808961,-0.037757775,-0.022578646,-0.040734778,1,4.078935150,0,0,-0.000000000,-0.000000000,-0.000000000,1
23.120000000,0.000000000,0.026000000,0.000155025,-0.004272849,0.002926805,0.001356585,2.940787077,-0.023715163,2.917071914,2.917071914,-0.008085481,-0.008506952,0.020016337,0.020018084,-0.005612555,0.027569007,-0.013698036,0.019062055,-0.002971536,-0.008874653,0.011582367,-0.015289234,-0.010726501,0.027936708,-0.025280403,0.034351289,1,3.440959025,0,0,0.000000000,0.000000000,0.000000000,1
23.222000000,0.000000000,0.028000000,-0.003016978,-0.000696344,0.001861540,0.002688165,2.913897276,0.014757262,2.928654538,2.928654538,-0.014287496,0.005833358,0.020050968,0.020008505,-0.030020845,-0.009385056,-0.044308341,-0.003551698,-0.003701026,-0.008423326,0.006230027,-0.005851575,-0.040607315,0.004871628,-0.050538367,0.002299877,1,4.827749628,0,0,0.000000000,0.000000000,0.000000000,1
23.322000000,0.000000000,0.028000000,-0.002856018,-0.002527728,-0.000535305,0.000025004,2.916957378,-0.002868244,2.914089135,2.914089135,-0.006762765,-0.007293159,0.020011430,0.020013293,-0.018222748,-0.009169960,-0.024985512,-0.016463119,-0.002609434,-0.007669473,-0.004620016,-0.004698162,-0.022376078,-0.008793646,-0.020365496,-0.011764957,1,1.046576124,0,0,-0.000000000,-0.000000000,-0.000000000,1
23.422000000,0.000000000,0.028000000,0.001175994,-0.003252942,0.000263643,0.001090269,2.891288996,-0.000314551,2.890974445,2.890974445,0.002637582,-0.006252234,0.020001739,0.020009770,-0.007907862,0.010991664,-0.005270280,0.004739431,-0.004042197,-0.006930225,-0.010272484,-0.005625701,-0.001228084,0.011669656,0.005002204,0.010365131,1,0.250531051,0,0,0.000000000,0.000000000,0.000000000,1
23.520000000,0.000000000,0.026000000,0.000182088,-0.000503358,0.002127379,-0.000240672,2.887468815,0.006451798,2.893920613,2.893920613,-0.005629516,-0.002153164,0.020007921,0.020001159,0.025069466,0.009470704,0.019439950,0.007317540,-0.002817077,-0.005588597,-0.006712412,-0.002573271,0.022257027,0.012906137,0.026152362,0.009890811,1,1.480877429,0,0,0.000000000,0.000000000,0.000000000,1
23.618000000,0.000000000,0.024000000,0.003924319,-0.004304425,-0.014384221,-0.011425951,2.876913309,0.032207748,2.909121057,2.909121057,0.053261759,-0.045761567,0.020697057,0.020516852,-0.037574086,0.000756713,0.015687674,-0.045004854,-0.002727698,-0.004840565,0.002377380,-0.000505173,0.018415372,-0.040164289,0.013310294,-0.044499682,1,3.928318001,0,0,0.000000000,0.000000000,0.000000000,1
23.722000000,0.000000000,0.028000000,0.026490427,-0.034302587,-0.037820037,-0.032731239,2.907346964,0.011813150,2.919160114,2.919160114,0.187732544,-0.195682471,0.027430550,0.027980641,-0.014264143,0.028286349,0.173468401,-0.167396122,-0.002734103,-0.004422389,0.005498248,-0.009760140,0.176202504,-0.162973733,0.167970153,-0.157635982,0,59.087249886,0,0,0.000000000,0.000000000,0.000000000,1
23.820000000,0.000000000,0.028000000,0.037446979,-0.045044822,-0.040216893,-0.037791245,2.938593864,0.144516387,3.083110251,3.083110251,0.239446278,-0.255392727,0.031198481,0.032438472,0.001839685,-0.051820096,0.241285963,-0.307212823,-0.006336585,-0.000949038,0.003333940,-0.004971159,0.247622548,-0.306263785,0.237952022,-0.302241664,0,124.052906111,0,0,0.000000000,0.000000000,0.000000000,1
23.922000000,0.000000000,0.030000000,0.031355041,-0.035502135,-0.031428445,-0.032731235,2.945867062,0.005550363,2.951417425,2.951417425,0.185300274,-0.201385158,0.027264664,0.028382386,-0.007580693,0.044965460,0.177719581,-0.156419698,-0.013066111,0.007064507,-0.000906301,0.004729548,0.190785692,-0.163484205,0.178625882,-0.161149246,0,58.236509167,0,0,0.000000000,0.000000000,0.000000000,1
24.018000000,0.000000000,0.024000000,0.015018282,-0.017841635,-0.019710729,-0.018617546,2.912763357,-0.025497533,2.887265824,2.887265824,0.100271885,-0.105267349,0.022372852,0.022601154,0.025175287,-0.021292888,0.125447172,-0.126560237,-0.025513091,0.019027746,-0.009242622,0.018673273,0.150960264,-0.145587983,0.134689794,-0.145233510,0,49.849292616,0,0,0.000000000,0.000000000,0.000000000,1
24.122000000,0.000000000,0.028000000,0.006018008,-0.005705682,-0.014384408,-0.018883862,2.919527292,0.026432278,2.945959571,2.945959571,0.060104693,-0.072439800,0.020883624,0.021271466,-0.004636096,0.054635965,0.055468598,-0.017803835,-0.038162662,0.033727314,-0.019748643,0.032955959,0.093631260,-0.051531150,0.075217240,-0.050759795,1,10.363774766,0,0,0.000000000,0.000000000,0.000000000,1
24.222000000,0.000000000,0.030000000,-0.004570096,-0.002114679,-0.015183362,-0.010894375,2.928656578,0.053840922,2.982497500,2.982497500,0.031654039,-0.038799472,0.020248945,0.020372874,-0.015423975,-0.057197181,0.016230063,-0.095996652,-0.052521648,0.045660324,0.002832777,0.024773312,0.068751712,-0.141656977,0.013397287,-0.120769965,1,22.268586841,0,0,0.000000000,0.000000000,0.000000000,1
24.320000000,0.000000000,0.026000000,-0.008036838,-0.000158054,-0.015183360,-0.013823854,2.933797359,-0.026515061,2.907282299,2.907282299,0.020776958,-0.040649352,0.020107631,0.020408912,0.044918255,-0.029205204,0.065695212,-0.069854556,-0.066363828,0.059811730,-0.002622561,-0.006038922,0.132059040,-0.129666286,0.068317773,-0.063815634,1,14.592731223,0,0,0.000000000,0.000000000,0.000000000,1
24.420000000,0.000000000,0.028000000,-0.011255740,0.007179628,-0.010123352,-0.011160694,2.929609060,-0.044675035,2.884934026,2.884934026,-0.003266865,-0.011485112,0.020002668,0.020032950,-0.010156998,-0.000838067,-0.013423863,-0.012323179,-0.079618902,0.073672904,0.005609606,-0.011034544,0.066195039,-0.085996083,-0.019033469,-0.001288634,1,0.644267198,0,0,-0.000000000,-0.000000000,-0.000000000,1
24.520000000,0.000000000,0.026000000,-0.016819643,0.014653631,-0.009324403,-0.008763851,2.911047697,-0.064412006,2.846635692,2.846635692,-0.021336219,0.016766059,0.020113487,0.020070152,0.002205575,-0.004041866,-0.019130645,0.012724193,-0.094386529,0.087710615,-0.012637594,0.004009472,0.075255885,-0.074986422,-0.006493050,0.008714721,1,0.214084021,0,0,0.000000000,0.000000000,0.000000000,1
24.622000000,0.000000000,0.028000000,-0.028114439,0.022753860,-0.008259143,-0.005301735,2.927359104,-0.047509280,2.879849825,2.879849825,-0.057180271,0.050259499,0.020801342,0.020621837,0.042919706,0.019328612,-0.014260566,0.069588111,-0.109970550,0.102891003,-0.026772764,0.022898087,0.095709985,-0.033302892,0.012512199,0.046690024,1,4.065247834,0,0,0.000000000,0.000000000,0.000000000,1
24.722000000,0.000000000,0.028000000,-0.035455424,0.032004632,-0.001601237,-0.002638575,2.951546907,0.030002145,2.981549053,2.981549053,-0.100937916,0.087556338,0.022402782,0.021832570,-0.018548757,0.024385103,-0.119486674,0.111941441,-0.124997377,0.118916556,-0.035438488,0.050930489,0.005510703,-0.006975115,-0.084048186,0.061010953,1,17.090995059,0,0,0.000000000,0.000000000,0.000000000,1
24.820000000,0.000000000,0.026000000,-0.043438148,0.045472953,-0.000535973,-0.002638575,2.899548292,-0.036486368,2.863061925,2.863061925,-0.122831583,0.122637476,0.023470747,0.023460595,-0.025765195,-0.028991119,-0.148596778,0.093646358,-0.140079503,0.135256105,-0.066119967,0.080102736,-0.008517275,-0.041609747,-0.082476810,0.013543622,1,10.039274962,0,0,0.000000000,0.000000000,0.000000000,1
24.918000000,0.000000000,0.028000000,-0.050381807,0.051331214,-0.001068605,-0.000508046,2.946292877,0.054962497,3.001255374,3.001255374,-0.148001510,0.152533305,0.024880604,0.025152815,0.011486720,0.004643468,-0.136514790,0.157176773,-0.154397534,0.147974774,-0.097107847,0.095639380,0.017882744,0.009201999,-0.039406943,0.061537393,1,6.875244178,0,0,0.000000000,0.000000000,0.000000000,1
25.022000000,0.000000000,0.028000000,-0.059343333,0.054212327,0.001334670,0.003223546,2.932154655,0.002956142,2.935110797,2.935110797,-0.178096660,0.168580652,0.026780295,0.026157109,-0.016672784,0.019723128,-0.194769444,0.188303780,-0.169559367,0.164540681,-0.117248928,0.124579898,-0.025210077,0.023763098,-0.077520516,0.063723882,1,11.687421511,0,0,0.000000000,0.000000000,0.000000000,1
25.122000000,0.000000000,0.028000000,-0.068901151,0.068450396,0.004530465,0.006419339,2.916292429,-0.032366897,2.883925532,2.883925532,-0.211771313,0.215918740,0.029128524,0.029431429,0.012239326,-0.007774205,-0.199531987,0.208144535,-0.185626313,0.179861131,-0.144856203,0.152065777,-0.013905673,0.028283404,-0.054675783,0.056078758,1,5.976175982,0,0,0.000000000,0.000000000,0.000000000,1
25.220000000,0.000000000,0.028000000,-0.075539780,0.073962424,0.007193625,0.006685655,2.957635880,0.034024615,2.991660495,2.991660495,-0.247510261,0.241271671,0.031821585,0.031338797,-0.011803024,-0.008456615,-0.259313285,0.232815056,-0.197097987,0.193731308,-0.162532415,0.174458447,-0.062215298,0.039083748,-0.096780870,0.058356609,1,10.758647657,0,0,0.000000000,0.000000000,0.000000000,1
25.322000000,0.000000000,0.030000000,-0.074519082,0.077201116,0.004796779,0.000826701,2.927554607,-0.002512283,2.925042325,2.925042325,-0.232002251,0.228234667,0.030630874,0.030346509,-0.008949342,0.018390706,-0.240951592,0.246625373,-0.208418109,0.205435401,-0.189194126,0.197016967,-0.032533483,0.041189972,-0.051757466,0.049608407,1,4.547763893,0,0,0.000000000,0.000000000,0.000000000,1
25.420000000,0.000000000,0.028000000,-0.081864392,0.080981149,0.003198883,0.003489861,2.911372185,0.016909566,2.928281751,2.928281751,-0.249089235,0.247354917,0.031944553,0.031809504,0.043499176,-0.006327923,-0.205590059,0.241026994,-0.220927793,0.217927545,-0.208682284,0.216255132,0.015337734,0.023099449,0.003092225,0.024771861,1,0.504778463,0,0,0.000000000,0.000000000,0.000000000,1
25.522000000,0.000000000,0.026000000,-0.090310198,0.084777479,0.003198884,0.008816184,2.929025412,0.016051436,2.945076848,2.945076848,-0.275391431,0.275640532,0.034035341,0.034055499,0.020397194,-0.020320100,-0.254994237,0.255320432,-0.233307326,0.227421670,-0.217657218,0.232360353,-0.021686911,0.027898762,-0.037337019,0.022960079,1,1.390529152,0,0,0.000000000,0.000000000,0.000000000,1
25.622000000,0.000000000,0.028000000,-0.089902287,0.083990574,0.003997833,0.009881448,2.954653502,0.013499159,2.968152661,2.968152661,-0.278709891,0.278626492,0.034304403,0.034297627,0.022576294,-0.020198251,-0.256133597,0.258428242,-0.243542322,0.237193580,-0.230046098,0.243841819,-0.012591275,0.021234661,-0.026087499,0.014586423,1,0.632140900,0,0,0.000000000,0.000000000,0.000000000,1
25.722000000,0.000000000,0.028000000,-0.093921732,0.091435988,0.002399934,0.004022494,2.957079172,0.086540117,3.043619289,3.043619289,-0.293166483,0.290539278,0.035488954,0.035272237,0.019928001,0.002840915,-0.273238483,0.293380192,-0.251688091,0.245418048,-0.239585477,0.254028437,-0.021550391,0.047962145,-0.033653006,0.039351755,1,1.788387985,0,0,0.000000000,0.000000000,0.000000000,1
25.822000000,0.000000000,0.030000000,-0.095615889,0.095591227,0.005063097,0.007484603,2.910606861,-0.047578629,2.863028232,2.863028232,-0.288246777,0.295109011,0.035083644,0.035649590,-0.034732740,0.023737333,-0.322979517,0.318846344,-0.260380696,0.253041266,-0.249157337,0.266549039,-0.062598821,0.065805078,-0.073822180,0.052297305,1,5.446307071,0,0,0.000000000,0.000000000,0.000000000,1
25.920000000,0.000000000,0.026000000,-0.096172291,0.094519015,0.002666251,0.006951971,2.943578959,-0.031612613,2.911966345,2.911966345,-0.287814509,0.295480095,0.035048137,0.035680315,-0.015717806,-0.026778611,-0.303532315,0.268701484,-0.267946521,0.258722356,-0.266174071,0.279778679,-0.035585794,0.009979128,-0.037358244,-0.011077194,1,1.012100598,0,0,-0.000000000,-0.000000000,-0.000000000,1
26.022000000,0.000000000,0.028000000,-0.100360736,0.097304905,0.002669475,0.004822717,2.924651861,0.124037154,3.048689015,3.048689015,-0.314107070,0.311355359,0.037237515,0.037005697,0.009406569,-0.034828657,-0.304700500,0.276526702,-0.275744948,0.266065828,-0.276047967,0.284956842,-0.028955553,0.010460875,-0.028652534,-0.008430139,1,0.537286054,0,0,-0.000000000,-0.000000000,-0.000000000,1
26.122000000,0.000000000,0.028000000,-0.103361063,0.106170899,0.011724223,0.009350091,2.947927237,0.066063968,3.013991205,3.013991205,-0.346866041,0.348179248,0.040039487,0.040153305,0.031535654,0.019922050,-0.315330387,0.368101298,-0.281155015,0.272756657,-0.282031778,0.287949306,-0.034175371,0.095344642,-0.033298608,0.080151993,1,3.972176192,0,0,0.000000000,0.000000000,0.000000000,1
26.222000000,0.000000000,0.028000000,-0.099968738,0.103581410,0.007196849,0.004023769,2.955318928,0.114880239,3.070199167,3.070199167,-0.329019697,0.330369333,0.038503761,0.038619153,-0.029493069,0.002350682,-0.358512767,0.332720015,-0.285326929,0.276249053,-0.288874975,0.301781813,-0.073185838,0.056470962,-0.069637792,0.030938203,1,3.261536203,0,0,0.000000000,0.000000000,0.000000000,1
26.322000000,0.000000000,0.028000000,-0.102473862,0.104830269,0.004533689,0.002425872,2.898098230,-0.059398425,2.838699805,2.838699805,-0.303762312,0.304467987,0.036369155,0.036428115,-0.008682662,-0.041637221,-0.312444974,0.262830765,-0.290485954,0.282648748,-0.302666946,0.311726457,-0.021959020,-0.019817983,-0.009778028,-0.048895692,1,1.520006082,0,0,-0.000000000,-0.000000000,-0.000000000,1
26.422000000,0.000000000,0.028000000,-0.106380420,0.111040991,0.010126323,0.007752196,2.964772940,0.016532659,2.981305599,2.981305599,-0.347342205,0.354158792,0.040080744,0.040672896,0.080813992,0.028181992,-0.266528213,0.382340784,-0.294167069,0.286700708,-0.304491382,0.305064029,0.027638855,0.095640076,0.037963169,0.077276755,1,3.797776933,0,0,0.000000000,0.000000000,0.000000000,1
26.522000000,0.000000000,0.028000000,-0.103625747,0.107140809,0.008262115,0.005887983,2.942081213,0.067944870,3.010026083,3.010026083,-0.336785380,0.340219612,0.039169426,0.039465097,0.028429270,-0.056245293,-0.308356111,0.283974319,-0.297183581,0.290589831,-0.300699107,0.319330849,-0.011172529,-0.006615512,-0.007657004,-0.035356530,1,0.698031459,0,0,-0.000000000,-0.000000000,-0.000000000,1
26.622000000,0.000000000,0.028000000,-0.104037803,0.109096058,0.006664216,0.004556403,2.947719097,-0.035854006,2.911865091,2.911865091,-0.322349345,0.330940632,0.037935353,0.038668036,-0.016332136,0.045032358,-0.338681481,0.375972989,-0.300212226,0.294168135,-0.300683883,0.314827109,-0.038469256,0.081804855,-0.037997599,0.061145881,1,2.876808726,0,0,0.000000000,0.000000000,0.000000000,1
26.722000000,0.000000000,0.028000000,-0.106758429,0.111115926,0.005066320,0.004556402,2.910983562,0.005052458,2.916036021,2.916036021,-0.326084996,0.337304675,0.038253291,0.039214085,0.012248511,0.060615046,-0.313836485,0.397919721,-0.302217990,0.295916868,-0.305836369,0.324344086,-0.011618495,0.102002853,-0.008000115,0.073575635,1,2.941589392,0,0,0.000000000,0.000000000,0.000000000,1
26.822000000,0.000000000,0.028000000,-0.097060478,0.099945267,-0.002390533,-0.002900450,2.930365801,0.034388257,2.964754057,2.964754057,-0.280673103,0.287714015,0.034464096,0.035039885,-0.035589320,-0.029489209,-0.316262423,0.258224806,-0.302817188,0.296227703,-0.305934176,0.336107443,-0.013445235,-0.038002897,-0.010328247,-0.077882637,1,3.969017464,0,0,-0.000000000,-0.000000000,-0.000000000,1
26.922000000,0.000000000,0.028000000,-0.097884134,0.100818490,-0.001058951,-0.001568870,2.947320461,0.041446503,2.988766964,2.988766964,-0.289387908,0.296633984,0.035177459,0.035775931,-0.090418082,-0.045491234,-0.379805990,0.251142750,-0.302916896,0.295302291,-0.304282250,0.318551933,-0.076889094,-0.044159541,-0.075523740,-0.067409183,1,6.530962171,0,0,-0.000000000,-0.000000000,-0.000000000,1
27.022000000,0.000000000,0.028000000,-0.097798739,0.099430676,0.006664691,0.002428971,2.937036991,0.014375626,2.951412617,2.951412617,-0.308314685,0.300629845,0.036750231,0.036107936,-0.036709438,0.046613308,-0.345024123,0.347243153,-0.303658523,0.297405295,-0.317774617,0.305598255,-0.041365600,0.049837858,-0.027249506,0.041644899,1,1.522683220,0,0,0.000000000,0.000000000,0.000000000,1
27.120000000,0.000000000,0.026000000,-0.103091364,0.108700998,0.002669950,0.001363705,2.954041958,-0.025092663,2.928949295,2.928949295,-0.309769526,0.322373934,0.036872369,0.037937442,0.022054987,0.019397502,-0.287714539,0.341771436,-0.303016807,0.296860866,-0.319644580,0.311810189,0.015302268,0.044910569,0.031930041,0.029961247,1,1.126653848,0,0,0.000000000,0.000000000,0.000000000,1
27.222000000,0.000000000,0.028000000,-0.101221269,0.105273946,0.003735853,0.002167332,2.940860748,0.106636056,3.047496804,3.047496804,-0.319856492,0.327426951,0.037723756,0.038367748,0.034283061,-0.008600808,-0.285573432,0.318826143,-0.303336805,0.297125959,-0.311462664,0.316072390,0.017763374,0.021700184,0.025889233,0.002753754,1,0.391352311,0,0,0.000000000,0.000000000,0.000000000,1
27.322000000,0.000000000,0.028000000,-0.098688528,0.102139893,-0.002123103,-0.005555836,2.899811029,0.042005517,2.941816546,2.941816546,-0.284077766,0.284132577,0.034741931,0.034746413,-0.051237740,0.023447580,-0.335315507,0.307580157,-0.302459110,0.296974321,-0.303705281,0.314377627,-0.032856397,0.010605836,-0.031610225,-0.006797470,1,0.687819921,0,0,-0.000000000,-0.000000000,-0.000000000,1
27.422000000,0.000000000,0.028000000,-0.097801855,0.101382298,0.002137956,0.000835752,2.935730696,-0.018452347,2.917278349,2.917278349,-0.291552246,0.298198504,0.035355723,0.035905758,-0.018368917,0.031238048,-0.309921164,0.329436552,-0.303071038,0.298489606,-0.308145808,0.313645555,-0.006850126,0.030946946,-0.001775355,0.015790997,1,0.158104201,0,0,0.000000000,0.000000000,0.000000000,1
27.522000000,0.000000000,0.030000000,-0.098909493,0.103919247,0.005866382,0.003232596,2.938063145,0.015059734,2.953122879,2.953122879,-0.309416035,0.316432560,0.036842677,0.037433884,-0.048826229,-0.005151793,-0.358242264,0.311280767,-0.303936838,0.298058452,-0.306710429,0.315992829,-0.054305427,0.013222315,-0.051531836,-0.004712062,1,1.611343196,0,0,-0.000000000,-0.000000000,-0.000000000,1
27.622000000,0.000000000,0.028000000,-0.102570934,0.102259371,-0.001590471,0.001634700,2.955610514,0.069825709,3.025436223,3.025436223,-0.305509951,0.314324887,0.036515248,0.037255890,0.011827333,0.013709413,-0.293682618,0.328034299,-0.304274439,0.296232959,-0.312052747,0.309209559,0.010591821,0.031801340,0.018370129,0.018824740,1,0.414384141,0,0,0.000000000,0.000000000,0.000000000,1
27.720000000,0.000000000,0.026000000,-0.100396511,0.096241863,-0.003188367,0.000303120,2.954684258,-0.052127675,2.902556582,2.902556582,-0.282152136,0.280227275,0.034584654,0.034427798,-0.041869652,0.045849975,-0.324021789,0.326077250,-0.302796565,0.294276047,-0.304767044,0.310107165,-0.021225224,0.031801204,-0.019254745,0.015970085,1,0.416477525,0,0,0.000000000,0.000000000,0.000000000,1
27.820000000,0.000000000,0.028000000,-0.098455581,0.098084753,0.000540059,0.000303120,2.967025518,-0.031850732,2.935174786,2.935174786,-0.290569505,0.288785605,0.035274727,0.035127927,-0.057019332,0.031925381,-0.347588837,0.320710985,-0.302001260,0.293628928,-0.306204788,0.311849396,-0.045587577,0.027082057,-0.041384049,0.008861589,1,1.156447386,0,0,0.000000000,0.000000000,0.000000000,1
27.920000000,0.000000000,0.028000000,-0.098988387,0.097742277,0.000807360,0.001101564,2.940202236,0.054695788,2.994898024,2.994898024,-0.298878084,0.296027226,0.035962218,0.035725638,-0.024431355,0.001874913,-0.323309439,0.297902138,-0.302503973,0.292432415,-0.313619772,0.311291907,-0.020805466,0.005469723,-0.009689668,-0.013389769,1,0.172551062,0,0,-0.000000000,-0.000000000,-0.000000000,1
28.022000000,0.000000000,0.028000000,-0.099344564,0.099072206,-0.000257905,0.000036299,2.934532881,0.076455272,3.010988153,3.010988153,-0.298348757,0.298414536,0.035918238,0.035923702,-0.007519154,0.040124479,-0.305867911,0.338539014,-0.301712053,0.292820329,-0.310390922,0.309018907,-0.004155858,0.045718686,0.004523011,0.029520108,1,0.559575522,0,0,0.000000000,0.000000000,0.000000000,1
28.122000000,0.000000000,0.030000000,-0.096630162,0.102635554,0.002405256,-0.001295281,2.939196348,-0.038030172,2.901166176,2.901166176,-0.287318204,0.294004970,0.035007392,0.035558251,-0.051668938,0.022577581,-0.338987141,0.316582551,-0.301582424,0.293278776,-0.306077250,0.311682650,-0.037404717,0.023303775,-0.032909891,0.004899901,1,0.721202052,0,0,0.000000000,0.000000000,0.000000000,1
28.222000000,0.000000000,0.028000000,-0.096084228,0.100077094,0.001606308,-0.000762649,2.912416220,-0.039159025,2.873257194,2.873257194,-0.280690034,0.285355943,0.034465475,0.034846523,-0.056405124,0.023497222,-0.337095158,0.308853165,-0.300405198,0.292093513,-0.310296158,0.312187448,-0.036689960,0.016759652,-0.026799000,-0.003334283,1,0.488309638,0,0,-0.000000000,-0.000000000,-0.000000000,1
28.322000000,0.000000000,0.028000000,-0.095958347,0.097917679,-0.000524221,0.001900513,2.998085976,0.007432724,3.005518699,3.005518699,-0.286829048,0.300005443,0.034967257,0.036055966,0.015837262,0.043805785,-0.270991787,0.343811227,-0.302969846,0.291458116,-0.313679182,0.310520379,0.031978059,0.052353112,0.042687395,0.033290849,1,1.890003098,0,0,0.000000000,0.000000000,0.000000000,1
28.420000000,0.000000000,0.026000000,-0.100954346,0.098242389,0.002937314,0.003500605,2.985201120,0.072141449,3.057342569,3.057342569,-0.317632395,0.311063187,0.037535362,0.036981118,0.043885237,-0.001113492,-0.273747157,0.309949695,-0.302651711,0.293100674,-0.303205199,0.316429213,0.028904554,0.016849021,0.029458042,-0.006479518,1,0.532311692,0,0,0.000000000,0.000000000,0.000000000,1
28.520000000,0.000000000,0.028000000,-0.095790171,0.098054521,0.000540468,-0.002358349,2.973178864,0.017144424,2.990323287,2.990323287,-0.288059755,0.286162493,0.035068279,0.034912601,-0.032074927,-0.015017461,-0.320134682,0.271145032,-0.301345733,0.290882936,-0.296046818,0.312269176,-0.018788949,-0.019737904,-0.024087864,-0.041124144,1,1.487918986,0,0,-0.000000000,-0.000000000,-0.000000000,1
28.620000000,0.000000000,0.028000000,-0.097383512,0.094501758,0.012258382,0.014952199,2.975267649,0.059001057,3.034268706,3.034268706,-0.332682967,0.332112716,0.038817259,0.038768396,-0.028295729,-0.077632343,-0.360978696,0.254480373,-0.300490714,0.289381580,-0.298726001,0.303229738,-0.060487982,-0.034901207,-0.062252695,-0.048749365,1,3.458023199,0,0,-0.000000000,-0.000000000,-0.000000000,1
28.720000000,0.000000000,0.028000000,-0.140511001,0.138804657,0.061268788,0.066356689,2.933876991,0.000788967,2.934665958,2.934665958,-0.592156277,0.602080017,0.062501925,0.063442915,-0.057082608,-0.081890368,-0.649238886,0.520189649,-0.301778095,0.288730036,-0.307628323,0.290889500,-0.347460791,0.231459613,-0.341610562,0.229300149,0,39.688758422,0,0,0.000000000,0.000000000,0.000000000,1
28.822000000,0.000000000,0.028000000,-0.173575316,0.167711907,0.079111956,0.083667241,2.961683273,-0.004925266,2.956758007,2.956758007,-0.747135116,0.743267308,0.077344094,0.076970533,-0.072404253,0.075170269,-0.819539369,0.818437577,-0.296076969,0.281918518,-0.298329324,0.281394589,-0.523462401,0.536519059,-0.521210046,0.537042988,0,88.138975415,0,0,0.000000000,0.000000000,0.000000000,1
28.920000000,0.000000000,0.026000000,-0.167374696,0.161230313,0.060469858,0.069818787,2.919949293,0.103304797,3.023254090,3.023254090,-0.688831981,0.698520139,0.071727923,0.072658818,-0.114972162,-0.033662513,-0.803804143,0.664857626,-0.281266742,0.266253410,-0.281626109,0.263015581,-0.522537401,0.398604216,-0.522178034,0.401842045,0,76.304808730,0,0,0.000000000,0.000000000,0.000000000,1
29.022000000,0.000000000,0.028000000,-0.137778268,0.131406794,0.042633794,0.045855638,2.969304800,-0.019383453,2.949921347,2.949921347,-0.532201393,0.522910232,0.056854052,0.055985276,0.002939686,-0.003652375,-0.529261707,0.519257857,-0.261194739,0.247220675,-0.256845233,0.241204529,-0.268066968,0.272037183,-0.272416474,0.278053328,0,40.042704683,0,0,0.000000000,0.000000000,0.000000000,1
29.120000000,0.000000000,0.026000000,-0.108537757,0.108936622,0.033845365,0.031740878,2.926066875,-0.047567838,2.878499038,2.878499038,-0.409849679,0.404940049,0.045604469,0.045163751,0.001781032,-0.013668881,-0.408068647,0.391271169,-0.234913516,0.222155188,-0.228368700,0.217074935,-0.173155130,0.169115980,-0.179699947,0.174196234,1,22.508795217,0,0,0.000000000,0.000000000,0.000000000,1
29.220000000,0.000000000,0.028000000,-0.090054774,0.093064468,0.025323316,0.022419861,2.938811064,0.025990751,2.964801815,2.964801815,-0.342073171,0.342388147,0.039624999,0.039652193,0.016244925,-0.095732205,-0.325828246,0.246655942,-0.208801429,0.197512281,-0.244912000,0.235012200,-0.117026817,0.049143661,-0.080916246,0.011643742,1,2.984600553,0,0,0.000000000,0.000000000,0.000000000,1
29.320000000,0.000000000,0.030000000,-0.076442527,0.078691214,0.023192784,0.023751438,2.978866577,0.087127195,3.065993772,3.065993772,-0.305481243,0.314088533,0.036512846,0.037235951,-0.013396353,0.015996346,-0.318877595,0.330084879,-0.182014046,0.170452647,-0.239249051,0.207150410,-0.136863549,0.159632233,-0.079628544,0.122934469,1,11.241839671,0,0,0.000000000,0.000000000,0.000000000,1
29.418000000,0.000000000,0.028000000,-0.072684685,0.070372843,0.018132780,0.021354595,2.937696695,-0.024364175,2.913332520,2.913332520,-0.264581474,0.267232528,0.033166754,0.033378619,-0.007043705,0.005658322,-0.271625180,0.272890850,-0.152391679,0.142244157,-0.232128129,0.212945202,-0.119233500,0.130646693,-0.039497050,0.059945648,1,3.284240510,0,0,0.000000000,0.000000000,0.000000000,1
29.520000000,0.000000000,0.026000000,-0.056448321,0.057148622,0.014670670,0.012033531,2.959033012,-0.049016915,2.910016097,2.910016097,-0.206957408,0.201321179,0.028780439,0.028377847,0.024009820,0.047108694,-0.182947588,0.248429874,-0.121750372,0.114926474,-0.210190669,0.199695688,-0.061197216,0.133503400,0.027243081,0.048734186,1,2.489742634,0,0,0.000000000,0.000000000,0.000000000,1
29.618000000,0.000000000,0.026000000,-0.038858687,0.045847192,0.014935657,0.009104297,2.974091768,0.078712558,3.052804327,3.052804327,-0.164223606,0.167756146,0.025878445,0.026104047,-0.034146465,-0.015683951,-0.198370071,0.152072196,-0.089095215,0.084601850,-0.167983682,0.186423422,-0.109274856,0.067470346,-0.030386389,-0.034351226,1,2.006578981,0,0,-0.000000000,-0.000000000,-0.000000000,1
29.718000000,0.000000000,0.026000000,-0.022958248,0.028157813,0.005081958,0.005109555,2.953526258,0.061975065,3.015501324,3.015501324,-0.084555276,0.100317790,0.021713957,0.022374910,-0.013431712,-0.025042465,-0.097986989,0.075275325,-0.057946665,0.053993163,-0.146310939,0.141703543,-0.040040324,0.021282161,0.048323950,-0.066428218,1,8.895680393,0,0,0.000000000,0.000000000,0.000000000,1
29.816000000,0.000000000,0.024000000,-0.003491825,0.006466805,0.001887887,-0.001272816,2.976383448,-0.143195694,2.833187754,2.833187754,-0.015241735,0.014715545,0.020057994,0.020054064,0.034077263,0.008175707,0.018835528,0.022891252,-0.024451698,0.024082108,-0.097877471,0.088623443,0.043287226,-0.001190856,0.116712999,-0.065732192,1,28.780658772,0,0,0.000000000,0.000000000,0.000000000,1
29.920000000,0.000000000,0.030000000,0.010083697,-0.003786877,-0.000242642,-0.002071765,2.962154388,0.001668698,2.963823087,2.963823087,0.030605441,-0.017363977,0.020232818,0.020075235,0.006541683,-0.001382234,0.037147124,-0.018746211,0.005272136,-0.003774746,-0.022505460,0.034598091,0.031874988,-0.014971465,0.059652584,-0.053344302,1,10.819992020,0,0,0.000000000,0.000000000,0.000000000,1
30.016000000,0.000000000,0.024000000,0.024247207,-0.018309093,-0.005302647,-0.006865455,2.979372025,0.004901017,2.984273041,2.984273041,0.088184833,-0.075127725,0.021857851,0.021364497,-0.027548515,-0.010744279,0.060636318,-0.085872004,0.035710747,-0.034135686,0.024217432,-0.012534560,0.024925571,-0.051736319,0.036418886,-0.073337445,1,10.668122852,0,0,0.000000000,0.000000000,0.000000000,1
30.122000000,0.000000000,0.028000000,0.034120299,-0.035042648,-0.008764760,-0.002870714,2.931725979,-0.051844109,2.879881870,2.879881870,0.123503902,-0.109186005,0.023506002,0.022786308,-0.013486630,0.014043514,0.110017272,-0.095142490,0.063619395,-0.063893536,0.063112480,-0.063713934,0.046397877,-0.031248954,0.046904792,-0.031428556,1,4.452663269,0,0,0.000000000,0.000000000,0.000000000,1
30.222000000,0.000000000,0.028000000,0.042529418,-0.045668074,-0.012219244,-0.007124915,2.974158525,0.062464153,3.036622678,3.036622678,0.166251029,-0.160312387,0.026007577,0.025632023,-0.017806680,0.026369904,0.148444350,-0.133942483,0.088191350,-0.090099195,0.100549237,-0.096682429,0.060252999,-0.043843288,0.047895113,-0.037260054,1,4.341518963,0,0,0.000000000,0.000000000,0.000000000,1
30.322000000,0.000000000,0.028000000,0.052521578,-0.056405811,-0.011686615,-0.006592277,2.975193977,0.121331256,3.096525233,3.096525233,0.198822290,-0.195075170,0.028201118,0.027938204,-0.016980220,0.015889334,0.181842070,-0.179185836,0.111571987,-0.114288458,0.136623433,-0.131374288,0.070270083,-0.064897378,0.045218636,-0.047811549,1,4.429045662,0,0,0.000000000,0.000000000,0.000000000,1
30.422000000,0.000000000,0.028000000,0.065071893,-0.061953306,-0.010088714,-0.012451237,2.938257217,-0.024988570,2.913268648,2.913268648,0.218963040,-0.216760423,0.029655491,0.029493233,-0.028361489,-0.005134726,0.190601552,-0.221895149,0.137329505,-0.137092405,0.170300021,-0.163136658,0.053272047,-0.084802744,0.020301531,-0.058758490,1,3.580192441,0,0,0.000000000,0.000000000,0.000000000,1
30.520000000,0.000000000,0.026000000,0.075188734,-0.066750047,-0.008490822,-0.014581763,2.954784870,0.082039611,3.036824481,3.036824481,0.254120125,-0.246990433,0.032338373,0.031781170,0.026499424,-0.035927264,0.280619549,-0.282917697,0.159531094,-0.157143714,0.194794960,-0.195483547,0.121088455,-0.125773983,0.085824589,-0.087434150,1,11.984173569,0,0,0.000000000,0.000000000,0.000000000,1
30.620000000,0.000000000,0.028000000,0.080510544,-0.073870183,-0.009023452,-0.008722811,2.933984518,-0.005811437,2.928173081,2.928173081,0.262171038,-0.241846581,0.032974786,0.031383080,-0.000872922,0.050602241,0.261298115,-0.191244340,0.177104537,-0.175588743,0.230806169,-0.230523036,0.084193578,-0.015655597,0.030491947,0.039278696,1,1.902201260,0,0,0.000000000,0.000000000,0.000000000,1
30.722000000,0.000000000,0.028000000,0.083831622,-0.081648450,-0.009289763,-0.008190181,2.928512096,-0.086104509,2.842407588,2.842407588,0.264688932,-0.255358007,0.033175327,0.032435738,0.012897479,0.067860918,0.277586411,-0.187497089,0.195113751,-0.192248975,0.257274422,-0.241449630,0.082472660,0.004751886,0.020311990,0.053952541,1,2.481812911,0,0,0.000000000,0.000000000,0.000000000,1
30.820000000,0.000000000,0.028000000,0.086851060,-0.082956537,-0.007693306,-0.007648486,2.938411713,-0.084059306,2.854352407,2.854352407,0.269862937,-0.258618666,0.033589582,0.032693060,0.006961078,0.015495341,0.276824015,-0.243123325,0.210730160,-0.206323492,0.276789629,-0.245674496,0.066093855,-0.036799833,0.000034386,0.002551170,1,0.004839081,0,0,0.000000000,0.000000000,0.000000000,1
30.922000000,0.000000000,0.028000000,0.092784695,-0.087281241,-0.005030144,-0.013241125,2.938740969,0.056076840,2.994817809,2.994817809,0.292937623,-0.301046174,0.035470051,0.036142606,-0.079817085,0.014837426,0.213120538,-0.286208748,0.227423716,-0.219555694,0.294733215,-0.262083106,-0.014303177,-0.066653054,-0.081612676,-0.024125642,1,4.590496052,0,0,-0.000000000,-0.000000000,-0.000000000,1
31.022000000,0.000000000,0.028000000,0.100325354,-0.091119463,-0.011155419,-0.016436920,2.943966150,0.014579686,2.958545837,2.958545837,0.329820978,-0.318210489,0.038572254,0.037584294,-0.023677825,0.047654480,0.306143152,-0.270556010,0.240139086,-0.231836603,0.293769299,-0.282678460,0.066004067,-0.038719406,0.012373853,0.012122451,1,0.169271243,0,0,0.000000000,0.000000000,0.000000000,1
31.122000000,0.000000000,0.030000000,0.106285084,-0.101726780,-0.012753310,-0.011909548,2.955827236,-0.067527947,2.888299289,2.888299289,0.343818509,-0.328215725,0.039775767,0.038435083,-0.025064209,-0.064958648,0.318754300,-0.393174374,0.251855771,-0.244186562,0.308243513,-0.294420831,0.066898529,-0.148987812,0.010510786,-0.098753542,1,5.494344709,0,0,0.000000000,0.000000000,0.000000000,1
31.220000000,0.000000000,0.028000000,0.105642400,-0.109184453,-0.015949108,-0.009512697,3.013805866,-0.005362157,3.008443709,3.008443709,0.365801207,-0.357093695,0.041690589,0.040928707,0.031336905,0.058794035,0.397138112,-0.298299660,0.261894420,-0.255432143,0.320349564,-0.324685929,0.135243692,-0.042867517,0.076788548,0.026386269,1,3.157531762,0,0,0.000000000,0.000000000,0.000000000,1
31.320000000,0.000000000,0.026000000,0.105181530,-0.108751486,-0.007424228,-0.004718661,2.920558453,0.061883516,2.982441969,2.982441969,0.335840138,-0.338418129,0.039088182,0.039309901,-0.014235937,-0.011605763,0.321604201,-0.350023892,0.269721582,-0.264281786,0.342474968,-0.331286357,0.051882619,-0.085742106,-0.020870766,-0.018737536,1,0.413977900,0,0,-0.000000000,-0.000000000,-0.000000000,1
31.420000000,0.000000000,0.028000000,0.107926514,-0.109489604,-0.008223176,-0.008447089,2.966833830,-0.051985081,2.914848749,2.914848749,0.338558777,-0.343767623,0.039322010,0.039771369,0.003800013,-0.074769775,0.342358791,-0.418537398,0.275974549,-0.270415850,0.347259346,-0.341711949,0.066384242,-0.148121549,-0.004900555,-0.076825449,1,3.058287635,0,0,-0.000000000,-0.000000000,-0.000000000,1
31.520000000,0.000000000,0.026000000,0.107611082,-0.108936640,-0.012750549,-0.008447091,2.956736326,-0.053866223,2.902870103,2.902870103,0.349394180,-0.340749725,0.040258700,0.039510805,0.023177491,0.047826585,0.372571671,-0.292923140,0.281332073,-0.276934589,0.355841511,-0.362663570,0.091239598,-0.015988550,0.016730160,0.069740430,1,2.667319094,0,0,0.000000000,0.000000000,0.000000000,1
31.620000000,0.000000000,0.028000000,0.112482687,-0.114408223,-0.009288440,-0.009246035,2.962481499,0.038625108,3.001106606,3.001106606,0.365448132,-0.371099610,0.041659613,0.042156248,0.030338579,0.037821232,0.395786711,-0.333278377,0.287299610,-0.282723276,0.364804469,-0.356808966,0.108487101,-0.050555101,0.030982243,0.023530588,1,0.712203523,0,0,0.000000000,0.000000000,0.000000000,1
31.720000000,0.000000000,0.028000000,0.110294204,-0.108414965,-0.005826330,-0.006849191,2.993741274,-0.091411067,2.902330207,2.902330207,0.337020134,-0.334534643,0.039189612,0.038976073,0.005798467,-0.011109449,0.342818600,-0.345644093,0.291179483,-0.286457561,0.376673477,-0.358851365,0.051639118,-0.059186531,-0.033854877,0.013207272,1,0.685246581,0,0,0.000000000,0.000000000,0.000000000,1
31.820000000,0.000000000,0.028000000,0.112399934,-0.110169380,-0.002630537,-0.005783928,2.943783760,0.074354619,3.018138379,3.018138379,0.347177878,-0.349963128,0.040066505,0.040308087,0.034516387,0.011614001,0.381694264,-0.338349127,0.295866116,-0.289711768,0.376815309,-0.361311602,0.085828148,-0.048637359,0.004878955,0.022962475,1,0.275498374,0,0,0.000000000,0.000000000,0.000000000,1
31.920000000,0.000000000,0.028000000,0.114284501,-0.113133449,-0.010353702,-0.010843934,2.947273016,0.065624371,3.012897387,3.012897387,0.375522115,-0.373531133,0.042546076,0.042370451,0.142332318,0.019177030,0.517854433,-0.354354104,0.299367422,-0.293359156,0.381600063,-0.362453136,0.218487011,-0.060994947,0.136254370,0.008099032,1,8.472555686,0,0,0.000000000,0.000000000,0.000000000,1
32.022000000,0.000000000,0.028000000,0.110666742,-0.115062459,-0.007690542,-0.003120766,2.923119545,-0.018513703,2.904605842,2.904605842,0.343781260,-0.343275686,0.039772548,0.039728856,0.016799612,-0.088287574,0.360580872,-0.431563260,0.300927329,-0.295351274,0.409692480,-0.364457905,0.059653543,-0.136211985,-0.049111608,-0.067105354,1,3.515672964,0,0,-0.000000000,-0.000000000,-0.000000000,1
32.122000000,0.000000000,0.028000000,0.112495233,-0.115063543,-0.005293697,-0.003387082,2.951319218,-0.025415896,2.925903322,2.925903322,0.344639022,-0.346575076,0.039846713,0.040014283,0.007427831,0.031346091,0.352066853,-0.315228985,0.302697989,-0.295532180,0.401571867,-0.379062445,0.049368864,-0.019696805,-0.049505014,0.063833460,1,3.266940726,0,0,0.000000000,0.000000000,0.000000000,1
32.222000000,0.000000000,0.028000000,0.110684482,-0.110872162,-0.007157913,-0.007115506,2.980736971,0.013421225,2.994158196,2.994158196,0.352838773,-0.353273741,0.040558008,0.040595854,0.059544649,-0.006289127,0.412383422,-0.359562867,0.303809443,-0.296310542,0.393323988,-0.368383764,0.108573979,-0.063252325,0.019059434,0.008820897,1,0.217101716,0,0,0.000000000,0.000000000,0.000000000,1
32.320000000,0.000000000,0.026000000,0.111281209,-0.112530041,-0.001829780,-0.003112582,2.940170765,0.042208399,2.982379164,2.982379164,0.337339856,-0.344890150,0.039217111,0.039868436,0.086881508,-0.013379539,0.424221365,-0.358269689,0.304900719,-0.296107152,0.399600221,-0.369041886,0.119320645,-0.062162537,0.024621144,0.010772197,1,0.373762540,0,0,0.000000000,0.000000000,0.000000000,1
32.422000000,0.000000000,0.030000000,0.111509249,-0.109869584,-0.000764515,-0.001248369,2.952082157,0.070175279,3.022257436,3.022257436,0.339320217,-0.335827060,0.039387588,0.039087058,-0.012191215,-0.063183083,0.327129002,-0.399010142,0.303287876,-0.294997483,0.405365013,-0.371027742,0.023841127,-0.104012659,-0.078236011,-0.027982401,1,3.568270317,0,0,-0.000000000,-0.000000000,-0.000000000,1
32.522000000,0.000000000,0.028000000,0.106121995,-0.106781784,-0.004759257,-0.002047318,2.935038567,-0.028884161,2.906154406,2.906154406,0.322238040,-0.316274173,0.037925895,0.037420496,-0.079799464,-0.001503391,0.242438576,-0.317777564,0.302377368,-0.294984066,0.389710669,-0.376016911,-0.059938792,-0.022793499,-0.147272094,0.058239347,1,13.690698298,0,0,0.000000000,0.000000000,0.000000000,1
32.620000000,0.000000000,0.028000000,0.105710593,-0.108053066,0.000034434,-0.000715737,2.953098536,-0.019251606,2.933846930,2.933846930,0.310037675,-0.319111019,0.036894899,0.037660569,0.023426486,-0.015530409,0.333464161,-0.334641428,0.301710323,-0.294332374,0.358374166,-0.365392253,0.031753838,-0.040309054,-0.024910005,0.030750825,1,0.876319920,0,0,0.000000000,0.000000000,0.000000000,1
32.722000000,0.000000000,0.028000000,0.100980558,-0.105788663,-0.004492942,0.000882159,2.949544430,-0.016360932,2.933183498,2.933183498,0.309373128,-0.307710024,0.036839073,0.036699518,0.002251588,-0.008590513,0.311624716,-0.316300537,0.300905930,-0.293754571,0.354118169,-0.360194548,0.010718786,-0.022545966,-0.042493453,0.043894011,1,2.144935634,0,0,0.000000000,0.000000000,0.000000000,1
32.822000000,0.000000000,0.028000000,0.103907928,-0.105746681,0.000034434,-0.000183105,2.960417032,-0.080631908,2.879785125,2.879785125,0.299133345,-0.305055023,0.035983435,0.036477194,-0.034521150,-0.030531248,0.264612195,-0.335586271,0.301329743,-0.293730183,0.345715657,-0.351305439,-0.036717548,-0.041856088,-0.081103462,0.015719168,1,4.085265867,0,0,0.000000000,0.000000000,0.000000000,1
32.922000000,0.000000000,0.028000000,0.105893221,-0.107125881,-0.002362411,-0.000982053,2.937363148,-0.041286175,2.896076972,2.896076972,0.313516645,-0.313088898,0.037187725,0.037151670,-0.021260461,-0.092182934,0.292256184,-0.405271832,0.300235856,-0.292081651,0.329186446,-0.349370851,-0.007979672,-0.113190182,-0.036930262,-0.055900981,1,2.591509060,0,0,-0.000000000,-0.000000000,-0.000000000,1
33.022000000,0.000000000,0.028000000,0.102762670,-0.103362245,-0.002092872,-0.002579432,2.940594196,0.052266894,2.992861090,2.992861090,0.313818073,-0.317068722,0.037213141,0.037487675,0.029259249,0.013146104,0.343077323,-0.303922618,0.299663093,-0.291275499,0.322797237,-0.362495457,0.043414229,-0.012647119,0.020280085,0.058572839,1,2.186359058,0,0,0.000000000,0.000000000,0.000000000,1
33.122000000,0.000000000,0.028000000,0.102557448,-0.102005594,0.001369238,-0.000715219,2.957597494,0.053768571,3.011366065,3.011366065,0.304714740,-0.309329973,0.036448741,0.036835449,-0.007780787,-0.022156180,0.296933953,-0.331486153,0.299869336,-0.289323235,0.326761780,-0.352323991,-0.002935383,-0.042162918,-0.029827827,0.020837838,1,0.770966025,0,0,0.000000000,0.000000000,0.000000000,1
33.220000000,0.000000000,0.028000000,0.099937709,-0.105514308,-0.005022348,0.000350045,2.970281601,-0.027037952,2.943243649,2.943243649,0.308923023,-0.309524049,0.036801282,0.036851749,-0.038735745,-0.024665711,0.270187278,-0.334189760,0.296935112,-0.289932937,0.318499877,-0.349493839,-0.026747834,-0.044256823,-0.048312599,0.015304079,1,1.488283276,0,0,0.000000000,0.000000000,0.000000000,1
33.322000000,0.000000000,0.028000000,0.095238479,-0.105404026,-0.003957085,0.003545838,2.915250540,0.003856469,2.919107008,2.919107008,0.289562466,-0.297334950,0.035191820,0.035834072,-0.032648752,0.014789657,0.256913715,-0.282545293,0.294909408,-0.288835271,0.307657232,-0.347154773,-0.037995693,0.006289977,-0.050743517,0.064609480,1,4.092746387,0,0,0.000000000,0.000000000,0.000000000,1
33.422000000,0.000000000,0.030000000,0.096394519,-0.105644415,0.000836606,0.004877419,2.965858459,0.098412397,3.064270857,3.064270857,0.292815330,-0.308777370,0.035459952,0.036789056,0.018527347,-0.010841939,0.311342677,-0.319619309,0.293746075,-0.286990959,0.297209663,-0.332821637,0.017596602,-0.032628350,0.014133015,0.013202328,1,0.227684711,0,0,0.000000000,0.000000000,0.000000000,1
33.522000000,0.000000000,0.028000000,0.096856079,-0.098330954,-0.049497139,-0.047853179,3.003350496,0.010751602,3.014102098,3.014102098,0.441123541,-0.440613902,0.048434490,0.048388078,-0.055560084,0.021394367,0.385563457,-0.419219535,0.294415642,-0.284663542,0.302197093,-0.328678743,0.091147815,-0.134555993,0.083366363,-0.090540792,1,5.563651156,0,0,0.000000000,0.000000000,0.000000000,1
33.622000000,0.000000000,0.030000000,0.302457322,-0.314144525,-0.093970671,-0.095526449,2.942082167,0.098077237,3.040159404,3.040159404,1.205204293,-1.245465065,0.122168629,0.126142111,0.163034244,-0.207119797,1.368238537,-1.452584862,0.289490718,-0.278011367,0.307355889,-0.333234362,1.078747819,-1.174573495,1.060882648,-1.119350500,0,nan,0,0,0.000000000,0.000000000,0.000000000,1
33.720000000,0.000000000,0.030000000,0.074226436,-0.092247358,0.034659959,0.083970688,2.956715107,0.082343088,3.039058195,3.039058195,0.120244825,-0.025153280,0.023336413,0.020157551,0.031478432,-0.005485657,0.151723257,-0.030638937,0.273256175,-0.258701318,0.290428319,-0.314170947,-0.121532918,0.228062381,-0.138705062,0.283532010,0,103.543013601,0,0,0.000000000,0.000000000,0.000000000,1
33.820000000,0.000000000,0.026000000,-0.005267780,-0.068883958,-0.018070649,0.069589615,2.965641975,-0.081808581,2.883833394,2.883833394,0.036921341,0.002034997,0.020337941,0.020001035,-0.027633578,-0.009106291,0.009287763,-0.007071294,0.260137711,-0.238905552,0.280758470,-0.295778065,-0.250849948,0.231834258,-0.271470707,0.288706771,0,145.111136462,0,0,0.000000000,0.000000000,0.000000000,1
33.920000000,0.000000000,0.028000000,0.051788753,-0.136251239,-0.079855993,-0.000185210,2.965149164,0.008473546,2.973622710,2.973622710,0.391461807,-0.405710524,0.043959339,0.045232845,-0.047455276,0.030480796,0.344006531,-0.375229729,0.257226758,-0.222329592,0.277953192,-0.277383385,0.086779772,-0.152900137,0.066053339,-0.097846344,1,4.895706193,0,0,0.000000000,0.000000000,0.000000000,1
34.020000000,0.000000000,0.026000000,0.117645008,-0.166167881,-0.097432174,-0.047321226,2.935308218,-0.023875862,2.911432356,2.911432356,0.626182666,-0.621559096,0.065734674,0.065294388,-0.021966314,0.011920096,0.604216351,-0.609639000,0.255079985,-0.199420527,0.297735834,-0.284097947,0.349136367,-0.410218473,0.306480517,-0.325541053,0,39.857312453,0,0,0.000000000,0.000000000,0.000000000,1
34.120000000,0.000000000,0.028000000,0.134476290,-0.154777269,-0.082784787,-0.050783325,2.947722435,-0.022181096,2.925541339,2.925541339,0.635606263,-0.601376015,0.066632974,0.063376108,-0.075026049,0.073897118,0.560580214,-0.527478897,0.249467511,-0.170288385,0.292259122,-0.254624323,0.311112702,-0.357190512,0.268321091,-0.272854574,1,28.709047286,0,0,0.000000000,0.000000000,0.000000000,1
34.222000000,0.000000000,0.030000000,0.116086475,-0.112871487,-0.058283694,-0.031608570,2.963305712,-0.001491917,2.961813794,2.961813794,0.516451973,-0.427923028,0.055382546,0.047235381,0.105231567,-0.097444000,0.621683541,-0.525367027,0.237840274,-0.133212483,0.325354627,-0.266708912,0.383843267,-0.392154545,0.296328914,-0.258658115,0,43.630320368,0,0,0.000000000,0.000000000,0.000000000,1
34.320000000,0.000000000,0.028000000,0.085167488,-0.074892453,-0.038842589,-0.011368378,2.955397367,0.019767352,2.975164719,2.975164719,0.368950406,-0.256640180,0.041967178,0.032536776,-0.016198655,0.012024585,0.352751750,-0.244615595,0.224103279,-0.092234857,0.313657202,-0.227581678,0.128648472,-0.152380739,0.039094548,-0.017033917,1,0.673574372,0,0,0.000000000,0.000000000,0.000000000,1
34.422000000,0.000000000,0.028000000,0.072132124,-0.041477758,-0.023396254,-0.003645216,2.976533651,-0.005185093,2.971348558,2.971348558,0.283848108,-0.134076084,0.034723155,0.024078288,-0.035038991,-0.016745819,0.248809117,-0.150821903,0.209053403,-0.046649674,0.315060961,-0.191861601,0.039755714,-0.104172229,-0.066251844,0.041039698,1,3.550953236,0,0,0.000000000,0.000000000,0.000000000,1
34.520000000,0.000000000,0.028000000,0.066568287,-0.018337167,-0.018336244,-0.004976793,2.952307224,-0.071687990,2.880619234,2.880619234,0.244577625,-0.067158643,0.031594021,0.021097460,0.001093629,-0.033018005,0.245671254,-0.100176648,0.194927123,-0.002564354,0.274566959,-0.126224289,0.050744131,-0.097612293,-0.028895704,0.026047641,1,1.358261035,0,0,0.000000000,0.000000000,0.000000000,1
34.622000000,0.000000000,0.028000000,0.061426728,0.003920057,-0.013804977,-0.004712930,2.963307619,-0.003205365,2.960102254,2.960102254,0.222693539,-0.002346986,0.029931992,0.020001377,-0.020849395,-0.028098174,0.201844144,-0.030445160,0.179864711,0.046256313,0.250673883,-0.069244300,0.021979434,-0.076701473,-0.048829739,0.038799141,1,4.035405586,0,0,0.000000000,0.000000000,0.000000000,1
34.722000000,0.000000000,0.028000000,0.061454260,0.014470420,-0.015669189,-0.005245559,2.924847126,-0.036111160,2.888735966,2.888735966,0.222789283,0.026648187,0.029939116,0.020176750,-0.012413789,-0.038898531,0.210375495,-0.012250345,0.164495597,0.089657469,0.221213540,-0.009930353,0.045879898,-0.101907813,-0.010838046,-0.002319991,1,0.098468953,0,0,-0.000000000,-0.000000000,-0.000000000,1
34.820000000,0.000000000,0.028000000,0.052209344,0.033016984,-0.004217599,-0.002049765,2.945471287,-0.045525570,2.899945717,2.899945717,0.163635069,0.089803254,0.025841137,0.021923646,-0.013625536,0.010027381,0.150009533,0.099830634,0.149530002,0.137574106,0.204005612,0.030433038,0.000479531,-0.037743472,-0.053996079,0.069397596,1,10.020532430,0,0,0.000000000,0.000000000,0.000000000,1
34.920000000,0.000000000,0.026000000,0.044378233,0.057949765,-0.002353386,-0.000718184,2.962898016,-0.020168528,2.942729488,2.942729488,0.137518511,0.168417061,0.024271659,0.026146569,-0.038167248,-0.018215836,0.099351262,0.150201226,0.135157269,0.178556158,0.173644869,0.092172237,-0.035806007,-0.028354933,-0.074293606,0.058028988,1,9.910318284,0,0,0.000000000,0.000000000,0.000000000,1
35.022000000,0.000000000,0.028000000,0.039542676,0.078104696,0.001641357,0.000080764,2.966248989,-0.001262434,2.964986556,2.964986556,0.112376901,0.231818838,0.022940917,0.030616984,0.016745068,0.020810195,0.129121968,0.252629033,0.121117218,0.223866871,0.134804699,0.147839403,0.008004751,0.028762162,-0.005682731,0.104789630,1,9.524601649,0,0,0.000000000,0.000000000,0.000000000,1
35.120000000,0.000000000,0.026000000,0.030130309,0.099150625,0.009897157,0.003276558,2.945362329,-0.019991297,2.925371032,2.925371032,0.059189478,0.299637515,0.020857467,0.036025358,-0.003828623,-0.064987030,0.055360855,0.234650485,0.108305139,0.263919656,0.120834855,0.205467689,-0.052944283,-0.029269171,-0.065474000,0.029182796,1,6.684496699,0,0,0.000000000,0.000000000,0.000000000,1
35.220000000,0.000000000,0.026000000,0.023353798,0.118967728,0.009897156,0.004874457,2.947024345,-0.025539483,2.921484862,2.921484862,0.039313376,0.361803067,0.020382723,0.041340230,0.014233329,0.010954152,0.053546705,0.372757219,0.094173421,0.306646788,0.084709445,0.247878816,-0.040626716,0.066110431,-0.031162740,0.124878403,1,9.274403787,0,0,0.000000000,0.000000000,0.000000000,1
35.320000000,0.000000000,0.026000000,0.018542306,0.140400057,0.017087698,0.006738661,2.962280989,-0.026734278,2.935546710,2.935546710,0.004270069,0.431932581,0.020004558,0.047598924,-0.000542427,-0.007035690,0.003727641,0.424896891,0.081127989,0.343325008,0.063702991,0.301307969,-0.077400348,0.081571883,-0.059975349,0.123588922,1,11.640489553,0,0,0.000000000,0.000000000,0.000000000,1
35.422000000,0.000000000,0.028000000,0.012126310,0.149354625,0.011228738,0.005939722,2.964555979,0.036661962,3.001217941,3.001217941,0.002693809,0.466072180,0.020001814,0.050717184,-0.002562088,0.031545359,0.000131721,0.497617539,0.070570162,0.379629545,0.034592084,0.349329729,-0.070438441,0.117987994,-0.034460363,0.148287809,1,9.311961911,0,0,0.000000000,0.000000000,0.000000000,1
35.520000000,0.000000000,0.028000000,0.009098227,0.167262060,0.016288744,0.006738666,2.915439606,-0.045682661,2.869756945,2.869756945,-0.020635036,0.499339790,0.020106169,0.053790355,0.001953686,-0.024505423,-0.018681350,0.474834367,0.059729486,0.410576993,0.012626481,0.398234501,-0.078410836,0.064257374,-0.031307831,0.076599866,1,3.355190554,0,0,0.000000000,0.000000000,0.000000000,1
35.620000000,0.000000000,0.028000000,0.000774375,0.171267463,0.009373073,0.011255292,2.943526506,0.030912417,2.974438923,2.974438923,-0.025576299,0.542902788,0.020162874,0.057857017,-0.004741819,-0.087446514,-0.030318118,0.455456274,0.047175919,0.442086663,-0.007593884,0.435351472,-0.077494037,0.013369611,-0.022724235,0.020104802,1,0.954970810,0,0,0.000000000,0.000000000,0.000000000,1
35.720000000,0.000000000,0.028000000,-0.002341576,0.186941389,0.016829917,0.009657398,2.962571144,-0.003564156,2.959006988,2.959006988,-0.056728583,0.581737185,0.020788971,0.061515701,0.011388143,-0.041518508,-0.045340440,0.540218677,0.037354233,0.469852181,-0.021929756,0.462284193,-0.082694673,0.070366497,-0.023410684,0.077934485,1,2.252922398,0,0,0.000000000,0.000000000,0.000000000,1
35.822000000,0.000000000,0.028000000,0.001379265,0.197107384,0.022156246,0.004331070,2.956160307,-0.088174650,2.867985657,2.867985657,-0.059588085,0.577722599,0.020868814,0.061136192,-0.021047918,-0.075304318,-0.080636003,0.502418281,0.030729568,0.494310331,-0.033833350,0.494568992,-0.111365571,0.008107950,-0.046802653,0.007849289,1,3.459344179,0,0,0.000000000,0.000000000,0.000000000,1
35.922000000,0.000000000,0.028000000,0.001044629,0.209544194,0.020025717,0.002999493,2.926911116,0.055420694,2.982331810,2.982331810,-0.056607904,0.633875799,0.020785681,0.066467927,0.008484687,0.064336203,-0.048123217,0.698212003,0.023617644,0.518066063,-0.053640865,0.514248159,-0.071740862,0.180145939,0.005517648,0.183963844,1,6.717855424,0,0,0.000000000,0.000000000,0.000000000,1
36.022000000,0.000000000,0.028000000,-0.000890224,0.207697203,0.021889929,0.003265807,2.983046055,-0.012672775,2.970373280,2.970373280,-0.067665556,0.626638888,0.021113651,0.065778134,-0.005294796,-0.017275906,-0.072960352,0.609362981,0.018161988,0.535437165,-0.054325681,0.552896565,-0.091122340,0.073925816,-0.018634671,0.056466417,1,1.159719327,0,0,0.000000000,0.000000000,0.000000000,1
36.120000000,0.000000000,0.026000000,-0.004926346,0.215067671,0.013900444,0.004064759,2.964438200,-0.067959279,2.896478921,2.896478921,-0.054531400,0.634712465,0.020730093,0.066547721,0.036999172,-0.006894946,-0.017532228,0.627817519,0.013770791,0.554118375,-0.061569323,0.576514746,-0.031303020,0.073699144,0.044037095,0.051302773,1,3.636161919,0,0,0.000000000,0.000000000,0.000000000,1
36.222000000,0.000000000,0.028000000,-0.004141426,0.224752352,0.021623615,0.004863707,2.918487787,0.058380133,2.976867920,2.976867920,-0.076699123,0.683536679,0.021420260,0.071219547,0.011462589,-0.011810798,-0.065236534,0.671725881,0.009408867,0.570139055,-0.051428669,0.594871694,-0.074645401,0.101586825,-0.013807866,0.076854186,1,1.287769498,0,0,0.000000000,0.000000000,0.000000000,1
36.322000000,0.000000000,0.028000000,-0.008657807,0.226197388,0.020824660,0.007526873,2.966018915,0.010250067,2.976268982,2.976268982,-0.087747752,0.695626268,0.021840254,0.072380654,-0.000841689,-0.038982734,-0.088589442,0.656643534,0.003935641,0.583524974,-0.058631677,0.612643579,-0.092525083,0.073118560,-0.029957764,0.043999956,1,1.634804368,0,0,0.000000000,0.000000000,0.000000000,1
36.422000000,0.000000000,0.028000000,-0.012195637,0.226529423,0.006443595,0.011787926,2.923471928,-0.085192338,2.838279590,2.838279590,-0.052903351,0.676411266,0.020687862,0.070535963,0.012111364,-0.036799731,-0.040791986,0.639611535,-0.002070008,0.591330217,-0.068896444,0.624112100,-0.038721979,0.048281317,0.028104457,0.015499435,1,1.307830954,0,0,0.000000000,0.000000000,0.000000000,1
36.522000000,0.000000000,0.028000000,-0.013522564,0.229353390,0.012568867,0.006461601,2.915904522,-0.062039588,2.853864934,2.853864934,-0.074461420,0.672984132,0.021341158,0.070207382,0.026000950,0.087750872,-0.048460470,0.760735004,-0.004552677,0.601414997,-0.061683288,0.629776291,-0.043907793,0.159320007,0.013222818,0.130958713,1,3.255746664,0,0,0.000000000,0.000000000,0.000000000,1
36.620000000,0.000000000,0.028000000,-0.008549000,0.224510996,0.004306917,0.002186811,2.939263105,0.028218681,2.967481786,2.967481786,-0.038149700,0.672721611,0.020360599,0.070182218,0.005526638,0.039439946,-0.032623062,0.712161558,-0.005930103,0.608990011,-0.057583434,0.653772349,-0.026692958,0.103171547,0.024960372,0.058389209,1,1.634897308,0,0,0.000000000,0.000000000,0.000000000,1
36.722000000,0.000000000,0.028000000,-0.005532420,0.235904277,0.012829034,0.001654174,2.924048424,-0.061980240,2.862068184,2.862068184,-0.052551732,0.679908483,0.020678899,0.070871401,-0.006287548,0.045802406,-0.058839280,0.725710888,-0.007944969,0.616194425,-0.049622451,0.665079184,-0.050894311,0.109516464,-0.009216829,0.060631704,1,0.750495941,0,0,0.000000000,0.000000000,0.000000000,1
36.822000000,0.000000000,0.028000000,-0.004313003,0.231785234,0.016557461,-0.000210032,2.965284586,-0.031880985,2.933403601,2.933403601,-0.061221494,0.679303532,0.020916040,0.070813367,0.010306992,-0.007135966,-0.050914501,0.672167566,-0.007460230,0.621901470,-0.052234510,0.677034115,-0.043454271,0.050266096,0.001320008,-0.004866548,1,0.006681328,0,0,0.000000000,0.000000000,0.000000000,1
36.920000000,0.000000000,0.028000000,-0.002982521,0.237123235,0.010165870,-0.000742666,2.960434437,0.086177316,3.046611753,3.046611753,-0.040058042,0.720159820,0.020397217,0.074741566,0.037084060,0.042310800,-0.002973982,0.762470620,-0.007792291,0.627013590,-0.049443767,0.675730462,0.004818309,0.135457031,0.046469784,0.086740158,1,4.780020837,0,0,0.000000000,0.000000000,0.000000000,1
37.020000000,0.000000000,0.028000000,-0.005429106,0.240487387,0.013627980,0.001920496,2.959464550,-0.064424973,2.895039577,2.895039577,-0.055171019,0.701780416,0.020747010,0.072972307,0.033929120,0.025166633,-0.021241899,0.726947049,-0.007846041,0.629850410,-0.033190078,0.684778998,-0.013395858,0.097096638,0.011948178,0.042168051,1,0.522929080,0,0,0.000000000,0.000000000,0.000000000,1
37.120000000,0.000000000,0.026000000,-0.005071577,0.238495288,0.017090093,0.001387861,2.938931942,0.061924520,3.000856462,3.000856462,-0.066503992,0.719854897,0.021076712,0.074712186,-0.028590802,0.131908358,-0.095094793,0.851763256,-0.006680962,0.631728370,-0.026831727,0.685585257,-0.088413831,0.220034885,-0.068263067,0.166177998,1,11.423385739,0,0,0.000000000,0.000000000,0.000000000,1
37.222000000,0.000000000,0.028000000,-0.001868241,0.231927959,0.002709019,-0.001275299,2.941812515,0.015127197,2.956939712,2.956939712,-0.013534681,0.682026010,0.020045745,0.071074572,-0.015589215,-0.023620222,-0.029123896,0.658405788,-0.005858437,0.631888036,-0.047593684,0.705664316,-0.023265459,0.026517752,0.018469788,-0.047258527,1,0.928989458,0,0,0.000000000,0.000000000,0.000000000,1
37.320000000,0.000000000,0.026000000,-0.002856792,0.223784152,0.006970076,0.001654178,2.960359097,0.026285033,2.986644130,2.986644130,-0.029349358,0.673304066,0.020214199,0.070238050,0.023781473,0.094495633,-0.005567885,0.767799699,-0.006766436,0.632506277,-0.040372207,0.692762313,0.001198551,0.135293422,0.034804322,0.075037386,1,3.030241786,0,0,0.000000000,0.000000000,0.000000000,1
37.420000000,0.000000000,0.028000000,-0.006854469,0.232951268,0.004306917,0.002186811,2.936720133,-0.062251238,2.874468895,2.874468895,-0.032083056,0.675897092,0.020255696,0.070486657,-0.007800906,0.074043057,-0.039883963,0.749940149,-0.006264419,0.632980987,-0.027505840,0.698601707,-0.033619544,0.116959162,-0.012378122,0.051338442,1,0.691956679,0,0,0.000000000,0.000000000,0.000000000,1
37.522000000,0.000000000,0.028000000,-0.005495538,0.235804428,0.012829035,0.002985755,2.949233294,-0.095713895,2.853519398,2.853519398,-0.052289522,0.681392419,0.020672251,0.071013775,0.001290116,-0.104272432,-0.050999406,0.577119987,-0.006063753,0.631990583,-0.028239411,0.700273467,-0.044935654,-0.054870596,-0.022759995,-0.123153480,1,3.421088977,0,0,-0.000000000,-0.000000000,-0.000000000,1
37.620000000,0.000000000,0.028000000,-0.002224576,0.227262141,-0.002903044,-0.002088323,2.909093618,-0.042917944,2.866175675,2.866175675,0.001944608,0.645387718,0.020000945,0.067566656,-0.000995635,-0.009151487,0.000948973,0.636236231,-0.005176780,0.630128130,-0.033154142,0.674948956,0.006125753,0.006108101,0.034103115,-0.038712725,1,2.218096144,0,0,0.000000000,0.000000000,0.000000000,1
37.722000000,0.000000000,0.030000000,-0.002589355,0.223012211,0.005352756,0.003237999,2.945032358,-0.068703110,2.876329248,2.876329248,-0.022844126,0.650770098,0.020130041,0.068080961,-0.003079399,0.014173836,-0.025923526,0.664943934,-0.006289044,0.627745243,-0.020215159,0.662924645,-0.019634482,0.037198690,-0.005708367,0.002019289,1,0.055316158,0,0,0.000000000,0.000000000,0.000000000,1
37.822000000,0.000000000,0.028000000,-0.006801135,0.215601875,-0.002104096,0.005634846,2.963414907,0.140232731,3.103647639,3.103647639,-0.014577956,0.686640824,0.020053059,0.071517524,-0.043987188,0.014449120,-0.058565144,0.701089945,-0.006969189,0.625040502,-0.020369131,0.656904189,-0.051595956,0.076049443,-0.038196013,0.044185756,1,2.764619392,0,0,0.000000000,0.000000000,0.000000000,1
37.920000000,0.000000000,0.026000000,-0.006474453,0.222019851,0.006418021,0.001640105,2.949203014,-0.085796957,2.863406057,2.863406057,-0.036916387,0.640429272,0.020337851,0.067093193,0.040478608,0.008742350,0.003562221,0.649171622,-0.007368029,0.624614432,-0.030857124,0.658852353,0.010930250,0.024557190,0.034419344,-0.009680731,1,1.984265738,0,0,0.000000000,0.000000000,0.000000000,1
38.020000000,0.000000000,0.028000000,-0.003921131,0.221224770,0.009077652,0.001101804,2.952044725,0.037815690,2.989860415,2.989860415,-0.038864549,0.664725425,0.020374114,0.069416129,0.035426317,-0.007798937,-0.003438232,0.656926488,-0.007096087,0.621030536,-0.019730749,0.649671925,0.003657855,0.035895952,0.016292517,0.007254563,1,0.450971856,0,0,0.000000000,0.000000000,0.000000000,1
38.122000000,0.000000000,0.028000000,-0.004065218,0.215850215,-0.002107628,0.003232333,2.949962616,0.017604458,2.967567074,2.967567074,-0.005809281,0.650142156,0.020008435,0.068020940,0.017730253,-0.060808852,0.011920973,0.589333304,-0.008283719,0.619469035,-0.014918653,0.643236135,0.020204692,-0.030135732,0.026839626,-0.053902831,1,1.713433328,0,0,0.000000000,0.000000000,0.000000000,1
38.222000000,0.000000000,0.028000000,-0.002958113,0.210114862,0.003220796,0.001369779,2.945446491,-0.000577290,2.944869201,2.944869201,-0.018196079,0.622794608,0.020082604,0.065412011,-0.036742613,-0.002278864,-0.054938692,0.620515744,-0.007134393,0.616318709,-0.004234492,0.626421572,-0.047804299,0.004197034,-0.050704200,-0.005905828,1,4.348632970,0,0,-0.000000000,-0.000000000,-0.000000000,1
38.318000000,0.000000000,0.024000000,0.001350270,0.210158097,-0.002904475,-0.001559699,2.938261986,0.008377809,2.946639795,2.946639795,0.012537199,0.614664342,0.020039257,0.064638398,0.017185721,0.015590554,0.029722920,0.630254896,-0.006247675,0.612506778,-0.017487245,0.621210758,0.035970595,0.017748118,0.047210165,0.009044138,1,3.816754211,0,0,0.000000000,0.000000000,0.000000000,1
38.420000000,0.000000000,0.028000000,0.003317006,0.192913872,-0.015421322,-0.000760759,2.960943460,-0.007357068,2.953586392,2.953586392,0.055345268,0.567540819,0.020751650,0.060174960,-0.025987497,0.036615573,0.029357771,0.604156392,-0.005732295,0.608742411,-0.000365146,0.614328773,0.035090066,-0.004586020,0.029722917,-0.010172382,1,1.443790488,0,0,0.000000000,0.000000000,0.000000000,1
38.520000000,0.000000000,0.028000000,0.003718518,0.204851188,0.001090279,-0.001826020,2.928825855,-0.052545865,2.876279990,2.876279990,0.007559550,0.583957228,0.020014282,0.061725687,-0.039112029,0.072971519,-0.031552479,0.656928747,-0.004994001,0.606394627,0.011583521,0.603942571,-0.026558478,0.050534119,-0.043136000,0.052986176,1,3.687473275,0,0,0.000000000,0.000000000,0.000000000,1
38.620000000,0.000000000,0.028000000,0.003761807,0.208035022,0.036244016,-0.003690231,2.971320152,0.024676571,2.995996723,2.995996723,-0.097316592,0.612216323,0.022241969,0.064405654,-0.007505956,0.025016443,-0.104822549,0.637232767,-0.002726944,0.604289849,0.000947046,0.609589300,-0.102095605,0.032942917,-0.105769595,0.027643467,1,16.427371475,0,0,0.000000000,0.000000000,0.000000000,1
38.722000000,0.000000000,0.032000000,0.005777398,0.287275726,0.143568084,0.000036573,2.934793472,-0.012463756,2.922329716,2.922329716,-0.402669815,0.839621268,0.044960314,0.086311290,-0.005937425,-0.148882441,-0.408607240,0.690738827,-0.002766512,0.600320332,-0.028599764,0.607859841,-0.405840729,0.090418495,-0.380007476,0.082878986,0,65.618325283,0,0,0.000000000,0.000000000,0.000000000,1
38.822000000,0.000000000,0.028000000,0.001702402,0.361246773,0.168601796,0.001634434,2.943854570,-0.047658984,2.896195586,2.896195586,-0.483373289,1.050974949,0.052311541,0.106983566,0.075704391,0.098427484,-0.407668898,1.149402433,-0.003229970,0.586231511,-0.028302837,0.584472334,-0.404438928,0.563170922,-0.379366062,0.564930099,0,72.359619000,0,0,0.000000000,0.000000000,0.000000000,1
38.922000000,0.000000000,0.028000000,-0.002799860,0.352795845,0.138774380,0.005895426,2.998533487,0.018743641,3.017277128,3.017277128,-0.427168716,1.082270969,0.047167055,0.110059550,0.049646875,-0.013080101,-0.377521841,1.069190868,-0.003839014,0.555196830,-0.026582273,0.548486021,-0.373682827,0.513994037,-0.350939568,0.520704847,0,65.852211801,0,0,0.000000000,0.000000000,0.000000000,1
39.018000000,0.000000000,0.026000000,-0.000456923,0.295392417,0.104685910,0.000036512,2.939005136,-0.005280628,2.933724508,2.933724508,-0.308460105,0.866707090,0.036762431,0.088948366,-0.060245114,-0.007853667,-0.368705219,0.858853423,-0.002293579,0.513398134,-0.025701897,0.500322362,-0.366411640,0.345455289,-0.343003322,0.358531061,0,72.493263640,0,0,0.000000000,0.000000000,0.000000000,1
39.116000000,0.000000000,0.024000000,0.004942279,0.247514520,0.069532186,-0.000762427,2.926358461,-0.024508610,2.901849851,2.901849851,-0.187430212,0.716037525,0.027409868,0.074344451,-0.029693944,-0.099798387,-0.217124156,0.616239138,-0.001241955,0.463481174,-0.022878911,0.444354491,-0.215882201,0.152757964,-0.194245245,0.171884648,1,27.187198529,0,0,0.000000000,0.000000000,0.000000000,1
39.222000000,0.000000000,0.030000000,0.006236782,0.190746415,0.051422685,-0.001561380,2.941917419,-0.023792428,2.918124992,2.918124992,-0.131858113,0.552065580,0.023955492,0.058717664,-0.019252411,0.029562408,-0.151110524,0.581627988,-0.000287227,0.403585095,-0.125329672,0.433361733,-0.150823296,0.178042893,-0.025780851,0.148266255,1,4.849232959,0,0,0.000000000,0.000000000,0.000000000,1
39.320000000,0.000000000,0.028000000,0.005217353,0.173033806,0.048226893,-0.001295059,2.928951740,-0.014573005,2.914378736,2.914378736,-0.125346089,0.500511753,0.023603314,0.053899167,-0.029969755,-0.007694268,-0.155315843,0.492817485,0.000025239,0.345919876,-0.139204580,0.417282196,-0.155341082,0.146897609,-0.016111263,0.075535289,1,1.611087012,0,0,0.000000000,0.000000000,0.000000000,1
39.422000000,0.000000000,0.028000000,0.003322568,0.136459381,0.041036367,0.002433363,2.938787460,0.065079361,3.003866821,3.003866821,-0.113287230,0.417215305,0.022985647,0.046267549,-0.032288308,-0.054878731,-0.145575538,0.362336573,-0.000129808,0.280591199,-0.146438396,0.373068312,-0.145445729,0.081745374,0.000862858,-0.010731739,1,0.036815632,0,0,0.000000000,0.000000000,0.000000000,1
39.520000000,0.000000000,0.026000000,0.004513394,0.110868185,0.033046886,0.000036522,2.944846392,-0.025145225,2.919701167,2.919701167,-0.083309271,0.323808603,0.021665741,0.038059429,0.004535606,-0.000150245,-0.078773664,0.323658358,0.001044050,0.217970451,-0.145382912,0.299340799,-0.079817715,0.105687906,0.066609247,0.024317559,1,5.864438862,0,0,0.000000000,0.000000000,0.000000000,1
39.620000000,0.000000000,0.026000000,0.009822442,0.071647617,0.018658182,-0.003692805,2.945157528,-0.050041204,2.895116324,2.895116324,-0.025580494,0.196737086,0.020162927,0.028054497,-0.002284294,0.003760505,-0.027864788,0.200497592,0.002827861,0.149744041,-0.116954603,0.236646118,-0.030692649,0.050753551,0.089089816,-0.036148526,1,11.803772122,0,0,0.000000000,0.000000000,0.000000000,1
39.722000000,0.000000000,0.030000000,0.010190179,0.035014324,0.010402382,-0.005024383,2.995714664,0.032080348,3.027795012,3.027795012,-0.000642508,0.090803392,0.020000103,0.021964803,-0.029234166,-0.032027997,-0.029876674,0.058775395,0.003827963,0.086388562,-0.077339238,0.147550877,-0.033704637,-0.027613167,0.047462564,-0.088775482,1,11.480373904,0,0,0.000000000,0.000000000,0.000000000,1
39.822000000,0.000000000,0.028000000,0.006922501,0.004137443,0.001347634,0.000035623,2.971491098,0.028242792,2.999733891,2.999733891,0.016723117,0.012518085,0.020069794,0.020039137,-0.019100835,0.016780011,-0.002377718,0.029298096,0.003574869,0.019527276,-0.055849671,0.036836870,-0.005952586,0.009770820,0.053471953,-0.007538774,1,4.230040106,0,0,0.000000000,0.000000000,0.000000000,1
39.920000000,0.000000000,0.026000000,0.006919610,-0.008152741,0.000016054,-0.001029642,2.958417416,-0.018948555,2.939468861,2.939468861,0.020292788,-0.026991330,0.020102686,0.020181311,0.020773350,0.004519346,0.041066138,-0.022471983,0.004853264,-0.045074092,-0.033600876,-0.034908902,0.036212874,0.022602108,0.074667014,0.012436919,1,8.523094623,0,0,0.000000000,0.000000000,0.000000000,1
40.022000000,0.000000000,0.028000000,0.008670831,-0.035450046,-0.009305011,-0.002893853,2.970404148,0.003463863,2.973868011,2.973868011,0.053457780,-0.114029695,0.020702110,0.023022331,-0.044142914,-0.007329869,0.009314866,-0.121359564,0.005354509,-0.103840033,-0.003557079,-0.097031254,0.003960358,-0.017519531,0.012871945,-0.024328311,1,0.997171646,0,0,0.000000000,0.000000000,0.000000000,1
40.122000000,0.000000000,0.030000000,0.008670387,-0.066000753,-0.010902908,-0.001295955,2.932482481,-0.046716975,2.885765506,2.885765506,0.056483939,-0.194202520,0.020782309,0.027877342,0.041642219,-0.002632063,0.098126158,-0.196834583,0.004733027,-0.163210931,0.002007488,-0.166822959,0.093393131,-0.033623652,0.096118670,-0.030011624,1,13.735334550,0,0,0.000000000,0.000000000,0.000000000,1
40.220000000,0.000000000,0.026000000,0.006188094,-0.087072867,-0.016495548,-0.000230696,2.912647724,-0.017699486,2.894948238,2.894948238,0.065667971,-0.252739296,0.021050483,0.032229979,0.005972782,0.009962222,0.071640754,-0.242777074,0.004319928,-0.217331739,0.037903035,-0.233858314,0.067320826,-0.025445335,0.033737718,-0.008918760,1,1.637940500,0,0,0.000000000,0.000000000,0.000000000,1
40.320000000,0.000000000,0.028000000,0.004494957,-0.112121737,-0.017827125,0.002698781,2.953244209,-0.107485800,2.845758409,2.845758409,0.063523253,-0.311391298,0.020984567,0.037008721,-0.004651037,0.031441766,0.058872217,-0.279949531,0.003030455,-0.266761310,0.050061491,-0.291314945,0.055841762,-0.013188221,0.008810726,0.011365414,1,0.191840544,0,0,0.000000000,0.000000000,0.000000000,1
40.420000000,0.000000000,0.024000000,0.004981969,-0.133396314,-0.021821870,-0.000230694,2.953654766,-0.055446810,2.898207956,2.898207956,0.077683097,-0.387278858,0.021455690,0.043587259,0.029857067,0.001229313,0.107540164,-0.386049545,0.003507479,-0.316897835,0.052727073,-0.341681502,0.104032685,-0.069151710,0.054813091,-0.044368043,1,4.915165092,0,0,0.000000000,0.000000000,0.000000000,1
40.520000000,0.000000000,0.026000000,0.008958606,-0.147558283,-0.022628414,-0.003155831,2.959397316,0.003776192,2.963173508,2.963173508,0.093597820,-0.446592069,0.022081792,0.048933064,-0.023233663,-0.074112107,0.070364157,-0.520704175,0.004028578,-0.359837782,0.070898735,-0.397324927,0.066335579,-0.160866393,-0.000534578,-0.123379248,1,5.391701972,0,0,-0.000000000,-0.000000000,-0.000000000,1
40.622000000,0.000000000,0.030000000,0.009910433,-0.163912361,-0.020764200,-0.002090564,2.977969170,-0.011800313,2.966168857,2.966168857,0.090986141,-0.492392708,0.021972364,0.053146080,0.018826787,-0.002648052,0.109812928,-0.495040760,0.004015759,-0.402357234,0.071642097,-0.461139372,0.105797169,-0.092683526,0.038170831,-0.033901388,1,2.255270635,0,0,0.000000000,0.000000000,0.000000000,1
40.720000000,0.000000000,0.028000000,0.006477515,-0.182059379,-0.024226310,-0.001291620,2.970021248,0.045598036,3.015619284,3.015619284,0.092591047,-0.552916807,0.022039306,0.058797704,-0.000797227,-0.000728781,0.091793820,-0.553645588,0.003399167,-0.438115140,0.084113674,-0.506579567,0.088394653,-0.115530448,0.007680146,-0.047066021,1,0.619543079,0,0,0.000000000,0.000000000,0.000000000,1
40.818000000,0.000000000,0.024000000,0.005414053,-0.189148302,-0.023959998,-0.001025302,2.956333876,-0.014834799,2.941499076,2.941499076,0.086403745,-0.559395478,0.021786603,0.059407348,-0.023270444,-0.021289195,0.063133301,-0.580684673,0.003270365,-0.472843597,0.087808523,-0.549234965,0.059862936,-0.107841076,-0.024675222,-0.031449709,1,1.099760362,0,0,-0.000000000,-0.000000000,-0.000000000,1
40.920000000,0.000000000,0.028000000,0.006405338,-0.201098979,-0.018101044,-0.000226352,2.954379320,0.015385045,2.969764365,2.969764365,0.072778179,-0.597888794,0.021283013,0.063045302,-0.040604492,0.001830172,0.032173687,-0.596058621,0.003371264,-0.501439271,0.077602554,-0.586795794,0.028802423,-0.094619350,-0.045428867,-0.009262827,1,2.981165153,0,0,-0.000000000,-0.000000000,-0.000000000,1
41.020000000,0.000000000,0.028000000,0.006004349,-0.211089061,-0.025824212,-0.000226353,2.936430454,-0.012257572,2.924172882,2.924172882,0.093072214,-0.617922804,0.022059564,0.064948333,-0.024238273,0.096307946,0.068833941,-0.521614858,0.002206779,-0.529191027,0.061814857,-0.615616423,0.066627162,0.007576169,0.007019085,0.094001565,1,1.856058470,0,0,0.000000000,0.000000000,0.000000000,1
41.122000000,0.000000000,0.030000000,0.005607308,-0.222332973,-0.021296833,-0.001291611,2.942052364,0.112851738,3.054904102,3.054904102,0.082189570,-0.683151657,0.021622934,0.071182595,-0.009713237,0.049206599,0.072476333,-0.633945058,0.002358433,-0.551110976,0.061648992,-0.627718081,0.070117900,-0.082834082,0.010827341,-0.006226977,1,0.171577405,0,0,0.000000000,0.000000000,0.000000000,1
41.222000000,0.000000000,0.028000000,0.005438877,-0.222439967,-0.015437881,-0.000492668,2.930130243,0.007666663,2.937796906,2.937796906,0.061331673,-0.654930805,0.020919267,0.068478782,0.024419264,0.012666540,0.085750937,-0.642264265,0.002235804,-0.573079170,0.063653429,-0.652177136,0.083515133,-0.069185096,0.022097509,0.009912871,1,0.753140303,0,0,0.000000000,0.000000000,0.000000000,1
41.320000000,0.000000000,0.026000000,0.004682825,-0.231557938,-0.020497888,0.000039959,2.969134569,0.052841798,3.021976367,3.021976367,0.076095519,-0.699641859,0.021398721,0.072766663,-0.003254636,-0.025000756,0.072840883,-0.724642615,0.001118574,-0.591670832,0.069437097,-0.671501781,0.071722309,-0.132971783,0.003403786,-0.053140835,1,0.467259538,0,0,0.000000000,0.000000000,0.000000000,1
41.420000000,0.000000000,0.028000000,0.002494492,-0.229847009,-0.021296833,-0.000758979,2.964816332,-0.026561635,2.938254697,2.938254697,0.069904970,-0.677579127,0.021186483,0.070647963,-0.026491398,-0.081563180,0.043413572,-0.759142307,0.000595227,-0.605377644,0.068303599,-0.695129553,0.042818345,-0.153764663,-0.024890026,-0.064012754,1,1.651678755,0,0,-0.000000000,-0.000000000,-0.000000000,1
41.522000000,0.000000000,0.028000000,0.001511224,-0.241064520,-0.017835200,0.001111484,2.956299782,0.077666209,3.033965991,3.033965991,0.058696391,-0.728009350,0.020843528,0.075498186,0.051270925,0.010210925,0.109967316,-0.717798425,-0.000305011,-0.618443347,0.059404904,-0.721165956,0.110272328,-0.099355078,0.050562412,0.003367531,1,3.924496958,0,0,0.000000000,0.000000000,0.000000000,1
41.622000000,0.000000000,0.028000000,-0.000764219,-0.235351573,-0.023427842,0.000578853,2.979049921,-0.077441620,2.901608301,2.901608301,0.065760958,-0.681218473,0.021053385,0.070997085,-0.020783475,0.065885465,0.044977483,-0.615333007,-0.001078949,-0.629645200,0.074206275,-0.736291599,0.046056432,0.014312193,-0.029228792,0.120958591,1,3.629438376,0,0,0.000000000,0.000000000,0.000000000,1
41.722000000,0.000000000,0.030000000,-0.000070042,-0.245416286,-0.017301153,0.000313059,2.981468439,-0.059930385,2.921538054,2.921538054,0.050341349,-0.716078407,0.020623834,0.074348388,0.043036410,0.142435303,0.093377759,-0.573643104,-0.000243087,-0.639196683,0.062258096,-0.726150648,0.093620846,0.065553579,0.031119663,0.152507544,1,5.145792896,0,0,0.000000000,0.000000000,0.000000000,1
41.820000000,0.000000000,0.028000000,0.001549018,-0.252383385,-0.020763615,-0.001284947,2.958190680,-0.010167496,2.948023184,2.948023184,0.065778160,-0.747820123,0.021053923,0.077410267,-0.010139296,0.079367283,0.055638864,-0.668452840,-0.000966119,-0.647340810,0.070976391,-0.714025698,0.056604983,-0.021112030,-0.015337527,0.045572859,1,0.643467713,0,0,0.000000000,0.000000000,0.000000000,1
41.922000000,0.000000000,0.028000000,-0.001180502,-0.244870925,-0.009844655,0.001111903,2.930261612,0.004487280,2.934748892,2.934748892,0.025427113,-0.715371519,0.020160987,0.074280308,0.023205940,0.014503435,0.048633052,-0.700868084,-0.002761153,-0.653080862,0.064067611,-0.712475128,0.051394205,-0.047787222,-0.015434559,0.011607044,1,0.403791754,0,0,0.000000000,0.000000000,0.000000000,1
42.022000000,0.000000000,0.028000000,-0.004164794,-0.249715307,-0.017301505,0.004041384,2.968049288,-0.024604496,2.943444792,2.943444792,0.038667185,-0.723127629,0.020370359,0.075027566,0.052586434,-0.001509596,0.091253619,-0.724637225,-0.004542400,-0.656903984,0.056536331,-0.715530890,0.095796019,-0.067733240,0.034717288,-0.009106334,1,1.954421436,0,0,0.000000000,0.000000000,0.000000000,1
42.122000000,0.000000000,0.028000000,-0.005335060,-0.245431116,-0.019165719,0.001378218,2.971001863,-0.068945793,2.902056071,2.902056071,0.040137347,-0.708255193,0.020398776,0.073595205,-0.007365089,0.070201357,0.032772258,-0.638053836,-0.005257302,-0.659473866,0.068178147,-0.724267440,0.038029560,0.021420030,-0.035405889,0.086213603,1,3.106396150,0,0,0.000000000,0.000000000,0.000000000,1
42.222000000,0.000000000,0.028000000,-0.002866027,-0.244832293,-0.008513076,0.001910849,2.939983606,0.053275372,2.993258979,2.993258979,0.016903080,-0.727126794,0.020071301,0.075413087,-0.007809969,0.041938956,0.009093111,-0.685187838,-0.004439039,-0.659648298,0.055092995,-0.708427925,0.013532150,-0.025539540,-0.045999884,0.023240087,1,3.561629711,0,0,0.000000000,0.000000000,0.000000000,1
42.320000000,0.000000000,0.026000000,-0.001923106,-0.242839120,-0.007181494,0.000312952,2.920787811,-0.009473117,2.911314694,2.911314694,0.015308822,-0.706069995,0.020058504,0.073384933,0.055334066,-0.089187354,0.070642887,-0.795257348,-0.004787326,-0.658047250,0.037474614,-0.705494778,0.075430214,-0.137210098,0.033168274,-0.089762571,1,3.014307965,0,0,0.000000000,0.000000000,0.000000000,1
42.418000000,0.000000000,0.026000000,-0.001625625,-0.233334847,-0.010372133,0.000845402,3.002672911,0.068595880,3.071268791,3.071268791,0.026862876,-0.714037577,0.020179597,0.074151848,-0.013980829,0.016165408,0.012882047,-0.697872169,-0.004696138,-0.657100498,0.046580781,-0.725168806,0.017578185,-0.040771671,-0.033698734,0.027296637,1,1.979780238,0,0,0.000000000,0.000000000,0.000000000,1
42.520000000,0.000000000,0.028000000,-0.001857026,-0.242175176,-0.007172593,-0.003677983,2.958617926,-0.070641678,2.887976248,2.887976248,0.015351234,-0.710018083,0.020058829,0.073764875,-0.013182564,-0.051442871,0.002168670,-0.761460954,-0.002601473,-0.656582280,0.035025222,-0.718881962,0.004770142,-0.104878673,-0.032856552,-0.042578991,1,2.095533815,0,0,-0.000000000,-0.000000000,-0.000000000,1
42.620000000,0.000000000,0.028000000,0.002689895,-0.228296070,-0.009835755,-0.004476932,2.996079445,0.109319867,3.105399312,3.105399312,0.038897142,-0.722853119,0.020374736,0.075001109,-0.010296517,0.026124513,0.028600626,-0.696728606,-0.001710431,-0.654143202,0.022350968,-0.725239104,0.030311057,-0.042585404,0.006249658,0.028510498,1,0.186567360,0,0,0.000000000,0.000000000,0.000000000,1
42.718000000,0.000000000,0.026000000,0.000441797,-0.236363544,-0.002645324,-0.000748577,2.958272934,0.004201853,2.962474787,2.962474787,0.009145520,-0.702438680,0.020020899,0.073035615,0.018941462,-0.049661644,0.028086982,-0.752100323,-0.002134151,-0.650872989,0.022431895,-0.716254896,0.030221133,-0.101227335,0.005655087,-0.035845427,1,0.247974350,0,0,0.000000000,0.000000000,0.000000000,1
42.822000000,0.000000000,0.028000000,-0.003030322,-0.219298365,-0.003444273,0.004045114,2.983192444,0.039992293,3.023184736,3.023184736,0.001251448,-0.650750343,0.020000392,0.068079072,-0.017734098,-0.088439070,-0.016482651,-0.739189413,-0.002763996,-0.647021947,0.022050155,-0.719941406,-0.013718655,-0.092167466,-0.038532806,-0.019248007,1,2.545375814,0,0,-0.000000000,-0.000000000,-0.000000000,1
42.922000000,0.000000000,0.028000000,-0.005363992,-0.226865146,0.000285912,0.004046566,2.957456112,-0.080071187,2.877384925,2.877384925,-0.016256948,-0.641134823,0.020065963,0.067160544,0.019311600,0.025937673,0.003054652,-0.615197151,-0.003519465,-0.643354257,0.006276014,-0.719375690,0.006574117,0.028157107,-0.003221362,0.104178540,1,1.934301461,0,0,0.000000000,0.000000000,0.000000000,1
43.022000000,0.000000000,0.028000000,-0.006286837,-0.216288976,-0.001311985,0.003513933,2.937556505,-0.050449605,2.887106901,2.887106901,-0.014362929,-0.614304293,0.020051507,0.064604161,-0.005408836,0.014527023,-0.019771765,-0.599777269,-0.003678520,-0.640055816,0.002617820,-0.694408052,-0.016093245,0.040278547,-0.022389585,0.094630782,1,2.489301369,0,0,0.000000000,0.000000000,0.000000000,1
43.122000000,0.000000000,0.028000000,-0.004283008,-0.218655735,0.004280704,0.000850826,2.933853388,-0.049991201,2.883862187,2.883862187,-0.024696567,-0.628119341,0.020151903,0.065919186,-0.036240878,0.106988730,-0.060937445,-0.521130611,-0.002896885,-0.636277886,-0.005141068,-0.672440391,-0.058040560,0.115147275,-0.055796376,0.151309780,1,9.220001273,0,0,0.000000000,0.000000000,0.000000000,1
43.220000000,0.000000000,0.028000000,-0.000827984,-0.222496205,-0.004774045,-0.001546018,2.952102900,-0.049824037,2.902278863,2.902278863,0.011452569,-0.650233008,0.020032763,0.068029623,0.003513010,-0.117631937,0.014965579,-0.767864945,-0.001953266,-0.633115943,-0.025159382,-0.641470127,0.016918844,-0.134749002,0.040124961,-0.126394819,1,5.412375681,0,0,0.000000000,0.000000000,0.000000000,1
43.322000000,0.000000000,0.030000000,0.000226053,-0.217736108,-0.008236156,-0.001546020,2.948937178,-0.047134948,2.901802230,2.901802230,0.024555656,-0.636313366,0.020150181,0.066700427,0.048720239,0.003864034,0.073275895,-0.632449332,-0.000686755,-0.632204286,-0.012983818,-0.667315874,0.073962650,-0.000245045,0.086259713,0.034866542,1,12.577229934,0,0,0.000000000,0.000000000,0.000000000,1
43.420000000,0.000000000,0.028000000,0.000751691,-0.217983965,0.000818594,-0.001546019,2.953093052,0.081564187,3.034657238,3.034657238,-0.000203028,-0.666198254,0.020000010,0.069557179,0.019990084,0.025850817,0.019787055,-0.640347437,-0.001075815,-0.627790684,0.013744097,-0.666906427,0.020862870,-0.012556753,0.006042959,0.026558990,1,0.183652839,0,0,0.000000000,0.000000000,0.000000000,1
43.518000000,0.000000000,0.028000000,-0.004833993,-0.214190688,0.000019646,0.003780304,2.944830418,-0.063973592,2.880856826,2.880856826,-0.013982638,-0.606162192,0.020048819,0.063830447,0.017550352,-0.091589244,0.003567715,-0.697751436,-0.001906086,-0.626004704,0.013248953,-0.660456075,0.005473801,-0.071746731,-0.009681239,-0.037295360,1,0.434414533,0,0,-0.000000000,-0.000000000,-0.000000000,1
43.620000000,0.000000000,0.028000000,-0.006191324,-0.210652522,-0.008502472,0.002981357,2.948395252,-0.100501804,2.847893449,2.847893449,0.006581904,-0.591425351,0.020010827,0.062432679,0.001037936,-0.040476310,0.007619840,-0.631901662,-0.001392681,-0.621932403,0.010688109,-0.667339768,0.009012522,-0.009969258,-0.003068269,0.035438106,1,0.266956745,0,0,0.000000000,0.000000000,0.000000000,1
43.720000000,0.000000000,0.026000000,-0.003809001,-0.242557932,-0.069222547,-0.000480773,2.953819752,0.036609379,2.990429131,2.990429131,0.195614573,-0.726790022,0.027975893,0.075380617,-0.009083099,-0.038455824,0.186531474,-0.765245846,0.000021850,-0.618064389,0.008844047,-0.658524896,0.186509623,-0.147181456,0.177687426,-0.106720950,1,33.697223037,0,0,0.000000000,0.000000000,0.000000000,1
43.820000000,0.000000000,0.026000000,0.001372651,-0.283442223,-0.107572079,-0.005008144,2.959171772,-0.008883812,2.950287960,2.950287960,0.321418325,-0.851011643,0.037856273,0.087419724,-0.003999774,-0.070178733,0.317418551,-0.921190377,0.000475040,-0.608091040,0.043121219,-0.670262495,0.316943511,-0.313099337,0.274297333,-0.250927882,0,51.934781107,0,0,0.000000000,0.000000000,0.000000000,1
43.920000000,0.000000000,0.026000000,-0.003980711,-0.578944607,-0.548591495,0.021889949,2.917523861,0.009199539,2.926723400,2.926723400,1.593925125,-1.630344902,0.160642376,0.164256644,0.105383862,-0.084586184,1.699308987,-1.714931087,0.000575491,-0.588866824,0.042628862,-0.645189859,1.698733496,-1.126064263,1.656680125,-1.069741228,0,nan,0,0,0.000000000,0.000000000,0.000000000,1
44.020000000,0.000000000,0.028000000,-0.024680505,-0.628080649,-0.225283802,0.019226726,2.970439672,0.064461283,3.034900955,3.034900955,0.608811137,-1.847811352,0.064082057,0.185860345,0.050806420,-0.090483376,0.659617556,-1.938294727,0.001417698,-0.520683393,0.043164286,-0.575930385,0.658199859,-1.417611334,0.616453271,-1.362364342,0,nan,0,0,0.000000000,0.000000000,0.000000000,1
44.120000000,0.000000000,0.028000000,-0.012554938,-0.201242062,0.104155645,0.000323561,2.998415709,-0.055435588,2.942980121,2.942980121,-0.343476925,-0.591299156,0.039746245,0.062420725,0.019980021,0.032784844,-0.323496904,-0.558514313,0.004517114,-0.423318864,0.043049218,-0.486948006,-0.328014018,-0.135195449,-0.366546122,-0.071566307,0,56.991945681,0,0,0.000000000,0.000000000,0.000000000,1
44.220000000,0.000000000,0.028000000,0.008273796,0.073474711,0.216274843,-0.013791159,2.927122593,0.145741296,3.072863888,3.072863888,-0.639158904,0.183399432,0.066971942,0.027135835,-0.030357179,0.052083324,-0.669516083,0.235482756,0.007569982,-0.341994075,0.043469029,-0.407873931,-0.677086065,0.577476831,-0.712985112,0.643356687,1,214.445500459,0,1,0.000000000,0.000000000,0.000000000,1
44.320000000,0.000000000,0.028000000,0.015417761,0.102275257,0.157418951,-0.010861667,2.950736046,0.001207328,2.951943374,2.951943374,-0.419179473,0.269847742,0.046444745,0.033588362,0.040412358,-0.027905635,-0.378767116,0.241942107,0.008916090,-0.281092823,0.012522313,-0.256965261,-0.387683206,0.523034929,-0.391289428,0.498907368,0,118.243686155,0,0,0.000000000,0.000000000,0.000000000,1
44.420000000,0.000000000,0.026000000,0.010648052,0.034390660,0.080986217,-0.006600613,2.927860260,-0.017090717,2.910769543,2.910769543,-0.204738188,0.080890421,0.028621273,0.021573887,-0.029621128,0.009956923,-0.234359316,0.090847345,0.009391008,-0.233779827,0.013268431,-0.216899506,-0.243750324,0.324627171,-0.247627747,0.307746851,0,53.148315985,0,0,0.000000000,0.000000000,0.000000000,1
44.520000000,0.000000000,0.028000000,0.006012071,-0.010286601,0.046365168,-0.002606493,2.962879896,0.067914421,3.030794317,3.030794317,-0.122301938,-0.039076316,0.023443072,0.020378164,-0.007721224,0.035922064,-0.130023162,-0.003154252,0.010999323,-0.202053495,0.013610071,-0.187742644,-0.141022485,0.198899243,-0.143633233,0.184588392,1,16.709317071,0,0,0.000000000,0.000000000,0.000000000,1
44.620000000,0.000000000,0.028000000,0.004748162,-0.007675850,0.049028333,-0.001274912,2.930981398,-0.100951545,2.830029852,2.830029852,-0.125314207,-0.025330924,0.023601621,0.020159776,-0.016222880,-0.019261373,-0.141537087,-0.044592297,0.010503399,-0.171926713,-0.105519409,0.002285262,-0.152040486,0.127334416,-0.036017678,-0.046877560,1,3.776066235,0,0,-0.000000000,-0.000000000,-0.000000000,1
44.722000000,0.000000000,0.030000000,0.001131515,0.016776092,0.064208359,0.001121932,2.943065643,0.019043231,2.962108875,2.962108875,-0.186840479,0.053015894,0.027369575,0.020690743,-0.010800320,-0.022574294,-0.197640799,0.030441600,0.010057269,-0.149326111,-0.125385025,-0.002131207,-0.207698068,0.179767711,-0.072255774,0.032572807,1,6.192610272,0,0,0.000000000,0.000000000,0.000000000,1
44.818000000,0.000000000,0.024000000,0.001678409,0.029405778,0.068729095,0.002186037,2.909253597,0.019037251,2.928290849,2.928290849,-0.196343911,0.092510022,0.028026939,0.022035903,-0.024197957,-0.004569261,-0.220541868,0.087940761,0.009139764,-0.129499911,-0.151047143,0.023752025,-0.229681632,0.217440672,-0.069494725,0.064188736,1,9.847118097,0,0,0.000000000,0.000000000,0.000000000,1
44.922000000,0.000000000,0.030000000,0.002097045,0.033595980,0.066065550,-0.001009722,2.965517044,0.047474724,3.012991768,3.012991768,-0.192736577,0.098182126,0.027775419,0.022279975,-0.023110306,-0.025818560,-0.215846883,0.072363566,0.009877087,-0.117210828,-0.172968671,0.054196665,-0.225723970,0.189574395,-0.042878211,0.018166901,1,2.127466680,0,0,0.000000000,0.000000000,0.000000000,1
45.022000000,0.000000000,0.028000000,0.003613367,0.023062547,0.052217096,-0.000210774,2.954946041,0.006466352,2.961412393,2.961412393,-0.143935685,0.067673524,0.024640917,0.021113907,0.062053858,0.011988283,-0.081881827,0.079661807,0.009389325,-0.112593894,-0.188087618,0.059638535,-0.091271151,0.192255702,0.106205792,0.020023272,1,13.330536601,0,0,0.000000000,0.000000000,0.000000000,1
45.122000000,0.000000000,0.030000000,0.002735960,0.016839282,0.041298404,-0.003672872,2.921761036,0.037421578,2.959182614,2.959182614,-0.114113316,0.038961810,0.023026474,0.020375972,0.000087375,-0.015852229,-0.114025941,0.023109581,0.009643615,-0.115598633,-0.157359171,0.058470647,-0.123669556,0.138708213,0.043333230,-0.035361066,1,4.058306254,0,0,0.000000000,0.000000000,0.000000000,1
45.222000000,0.000000000,0.030000000,0.002301477,0.002707212,0.031711027,0.000854506,2.944577456,-0.017277927,2.927299529,2.927299529,-0.086090563,0.010426216,0.021774201,0.020027158,-0.024844720,0.006673349,-0.110935283,0.017099565,0.008969446,-0.122577574,-0.143938126,0.033246814,-0.119904729,0.139677139,0.033002844,-0.016147249,1,1.863808247,0,0,0.000000000,0.000000000,0.000000000,1
45.322000000,0.000000000,0.028000000,0.000902479,-0.008819279,0.029846817,-0.001808658,2.967696190,0.035145846,3.002842036,3.002842036,-0.086915275,-0.031914016,0.021806940,0.020253026,0.000157600,0.008514485,-0.086757675,-0.023399532,0.009866178,-0.131914174,-0.134482925,0.011966150,-0.096623853,0.108514643,0.047725251,-0.035365682,1,4.955369021,0,0,0.000000000,0.000000000,0.000000000,1
45.422000000,0.000000000,0.028000000,0.005727436,-0.015927273,0.023721542,-0.002607604,2.949965000,0.071436156,3.021401156,3.021401156,-0.054367414,-0.056001297,0.020725785,0.020769243,-0.008297277,-0.011641225,-0.062664691,-0.067642521,0.010100738,-0.145063726,-0.120642843,-0.020560407,-0.072765429,0.077421205,0.057978152,-0.047082114,1,8.106787431,0,0,0.000000000,0.000000000,0.000000000,1
45.522000000,0.000000000,0.028000000,0.005280145,-0.026785019,0.020259432,-0.004738135,2.953433990,0.074624749,3.028058740,3.028058740,-0.045358162,-0.095453960,0.020507892,0.022161105,0.007897119,0.000592327,-0.037461043,-0.094861633,0.010583747,-0.160315889,-0.102603504,-0.056710871,-0.048044790,0.065454256,0.065142461,-0.038150762,1,8.395918219,0,0,0.000000000,0.000000000,0.000000000,1
45.620000000,0.000000000,0.026000000,0.004338834,-0.034812459,0.014932894,-0.002340501,2.939168692,-0.085145418,2.854023274,2.854023274,-0.030235695,-0.106035414,0.020227258,0.022637029,-0.009715878,0.044356560,-0.039951573,-0.061678854,0.010463455,-0.175263869,-0.084078610,-0.090248999,-0.050415028,0.113585015,0.044127038,0.028570145,1,4.276887311,0,0,0.000000000,0.000000000,0.000000000,1
45.718000000,0.000000000,0.026000000,-0.000573369,-0.043014293,0.015465524,0.000588975,2.964766502,-0.051262248,2.913504254,2.913504254,-0.046729383,-0.123606344,0.020538655,0.023511386,0.032547524,-0.024875910,-0.014181859,-0.148482255,0.010011112,-0.191017797,-0.072671546,-0.100958952,-0.024192971,0.042535542,0.058489688,-0.047523302,1,7.908028902,0,0,0.000000000,0.000000000,0.000000000,1
45.822000000,0.000000000,0.030000000,-0.003036534,-0.053598232,0.011737101,0.001920554,2.903797388,-0.095993669,2.807803719,2.807803719,-0.041481468,-0.145100775,0.020425649,0.024709155,0.021168316,-0.037786311,-0.020313152,-0.182887087,0.008525440,-0.209500807,-0.055075980,-0.141180577,-0.028838592,0.026613720,0.034762828,-0.041706510,1,3.693145177,0,0,0.000000000,0.000000000,0.000000000,1
45.918000000,0.000000000,0.026000000,-0.004210534,-0.062223936,0.008004983,0.001653020,2.924701452,-0.006671227,2.918030225,2.918030225,-0.035645248,-0.176747763,0.020315163,0.026690780,0.031579894,-0.012566726,-0.004065353,-0.189314489,0.008309848,-0.227043035,-0.044739647,-0.176527313,-0.012375201,0.037728546,0.040674294,-0.012787176,1,2.787017578,0,0,0.000000000,0.000000000,0.000000000,1
46.020000000,0.000000000,0.028000000,-0.003181374,-0.074651661,0.004276556,0.002185652,2.904925346,0.029355317,2.934280663,2.934280663,-0.021883660,-0.212635608,0.020119367,0.029191420,-0.035403230,-0.022671792,-0.057286890,-0.235307400,0.006364149,-0.245115699,-0.034590255,-0.202259565,-0.063651039,0.009808300,-0.022696635,-0.033047834,1,1.789358860,0,0,-0.000000000,-0.000000000,-0.000000000,1
46.120000000,0.000000000,0.026000000,-0.006068138,-0.081416837,0.004276555,0.004582498,2.926102877,0.103413883,3.029516760,3.029516760,-0.031339422,-0.232770918,0.020244051,0.030689135,0.023646261,0.039084531,-0.007693161,-0.193686387,0.005342022,-0.262666469,-0.045684782,-0.230955445,-0.013035183,0.068980081,0.037991621,0.037269058,1,3.458636353,0,0,0.000000000,0.000000000,0.000000000,1
46.220000000,0.000000000,0.028000000,-0.006275379,-0.090131733,0.002678659,0.004049865,2.901253223,-0.040712469,2.860540754,2.860540754,-0.025613389,-0.246240693,0.020163344,0.031722938,-0.046978287,-0.029469687,-0.072591676,-0.275710380,0.004413846,-0.278595156,-0.037087517,-0.242139849,-0.077005521,0.002884776,-0.035504159,-0.033570531,1,2.905251205,0,0,-0.000000000,-0.000000000,-0.000000000,1
46.320000000,0.000000000,0.026000000,-0.005640799,-0.093698493,0.003211292,0.003783548,2.916790009,-0.126276490,2.790513518,2.790513518,-0.024701878,-0.250908869,0.020151968,0.032086642,0.025431424,-0.014490990,0.000729546,-0.265399859,0.003896940,-0.294822327,-0.052611294,-0.270968163,-0.003167394,0.029422468,0.053340840,0.005568304,1,4.659815023,0,0,0.000000000,0.000000000,0.000000000,1
46.422000000,0.000000000,0.032000000,-0.004606743,-0.101064789,-0.007973987,0.000055121,2.927316666,-0.009136505,2.918180161,2.918180161,0.009826224,-0.294764407,0.020024124,0.035621069,0.045802785,0.038917493,0.055629009,-0.255846914,0.005038573,-0.312627843,-0.035752105,-0.293573582,0.050590436,0.056780929,0.091381114,0.037726668,1,14.615651196,0,0,0.000000000,0.000000000,0.000000000,1
46.522000000,0.000000000,0.028000000,0.000816828,-0.115477381,-0.005052012,-0.003142956,2.900794506,-0.003403908,2.897390598,2.897390598,0.017004324,-0.343689451,0.020072157,0.039764612,0.014875703,0.046899594,0.031880027,-0.296789857,0.006271116,-0.328861878,-0.007157697,-0.304566937,0.025608912,0.032072021,0.039037724,0.007777079,1,2.530024718,0,0,0.000000000,0.000000000,0.000000000,1
46.622000000,0.000000000,0.030000000,0.002001935,-0.120009797,-0.005850963,-0.003409271,2.957673788,-0.024059735,2.933614053,2.933614053,0.023037372,-0.362063913,0.020132243,0.041363060,-0.002157255,0.046447614,0.020880117,-0.315616299,0.007598761,-0.342931503,0.004745180,-0.321791958,0.013281356,0.027315203,0.016134937,0.006175658,1,0.444955511,0,0,0.000000000,0.000000000,0.000000000,1
46.720000000,0.000000000,0.026000000,0.002147136,-0.125353592,-0.002921484,-0.002876640,2.954015255,-0.036137588,2.917877667,2.917877667,0.014789615,-0.374160129,0.020054609,0.042425912,0.005758280,-0.003205386,0.020547894,-0.377365515,0.008762009,-0.356030316,0.007519746,-0.336969799,0.011785886,-0.021335200,0.013028148,-0.040395716,1,0.946359670,0,0,0.000000000,0.000000000,0.000000000,1
46.822000000,0.000000000,0.028000000,0.000455139,-0.128309950,-0.004785697,0.000319154,2.892915487,0.020187439,2.913102926,2.913102926,0.015267092,-0.372850362,0.020058186,0.042310447,-0.027727589,0.009558518,-0.012460496,-0.363291844,0.007019229,-0.367684452,0.008400158,-0.363097177,-0.019479726,0.004392608,-0.020860655,-0.000194667,1,0.712935335,0,0,-0.000000000,-0.000000000,-0.000000000,1
46.922000000,0.000000000,0.028000000,-0.005396097,-0.134045795,-0.007187245,0.003248490,2.925979614,0.055850652,2.981830266,2.981830266,0.005340899,-0.390015364,0.020007130,0.043830581,-0.022107373,0.029195853,-0.016766473,-0.360819511,0.006029744,-0.379419799,-0.001098398,-0.375266878,-0.022796217,0.018600287,-0.015668075,0.014447366,1,0.478163313,0,0,0.000000000,0.000000000,0.000000000,1
47.020000000,0.000000000,0.028000000,-0.004962217,-0.141285521,-0.010383038,0.001384272,2.923352718,0.087907810,3.011260529,3.011260529,0.016323505,-0.421279109,0.020066504,0.046634332,-0.037248009,0.053259232,-0.020924503,-0.368019877,0.006135368,-0.389990618,-0.009358590,-0.385469044,-0.027059872,0.021970741,-0.011565914,0.017449167,1,0.321803428,0,0,0.000000000,0.000000000,0.000000000,1
47.120000000,0.000000000,0.028000000,-0.003390110,-0.150336293,-0.014644097,0.000851645,2.907907248,-0.026566309,2.881340938,2.881340938,0.032426573,-0.430716237,0.020261165,0.047488575,0.012332423,-0.038796494,0.044758995,-0.469512730,0.005994366,-0.400521294,-0.015220744,-0.392916362,0.038764630,-0.068991436,0.059979740,-0.076596369,1,7.706160896,0,0,0.000000000,0.000000000,0.000000000,1
47.222000000,0.000000000,0.028000000,-0.002563670,-0.151181952,-0.012513568,0.001384276,2.937635422,0.032216102,2.969851524,2.969851524,0.029549720,-0.444876856,0.020217118,0.048776574,0.020641275,-0.021025260,0.050190995,-0.465902116,0.005779435,-0.409387210,0.002471080,-0.422104928,0.044411560,-0.056514906,0.047719915,-0.043797188,1,4.254787438,0,0,0.000000000,0.000000000,0.000000000,1
47.322000000,0.000000000,0.028000000,-0.004305444,-0.154309924,-0.010649354,0.002715856,2.961927176,0.022160541,2.984087716,2.984087716,0.018930785,-0.452369997,0.020089394,0.049460956,-0.002097953,0.007968895,0.016832832,-0.444401102,0.004856596,-0.415642678,0.015817493,-0.444209643,0.011976236,-0.028758424,0.001015339,-0.000191459,1,0.001693698,0,0,0.000000000,0.000000000,0.000000000,1
47.420000000,0.000000000,0.026000000,-0.003907932,-0.155518566,-0.008785143,0.001650594,2.930391550,0.031505061,2.961896611,2.961896611,0.014445794,-0.455741025,0.020052102,0.049769457,-0.009115447,0.051034075,0.005330346,-0.404706949,0.005557978,-0.421262698,0.014004958,-0.452519505,-0.000227632,0.016555749,-0.008674612,0.047812555,1,0.819492336,0,0,0.000000000,0.000000000,0.000000000,1
47.522000000,0.000000000,0.028000000,-0.000130126,-0.153958708,-0.004524084,-0.002610466,2.905622482,-0.023029254,2.882593228,2.882593228,0.012665993,-0.451325239,0.020040067,0.049365420,0.023338898,-0.013571858,0.036004891,-0.464897097,0.006627306,-0.423279501,0.008401855,-0.444971559,0.029377585,-0.041617597,0.027603036,-0.019925538,1,1.364002399,0,0,0.000000000,0.000000000,0.000000000,1
47.620000000,0.000000000,0.026000000,0.002697541,-0.153890793,-0.005855664,-0.004474679,2.915374756,0.015924160,2.931298916,2.931298916,0.025072002,-0.464216538,0.020156539,0.050546710,-0.017799397,-0.043426608,0.007272605,-0.507643146,0.007861080,-0.426092913,0.016025461,-0.455044585,-0.000588475,-0.081550233,-0.008752856,-0.052598561,1,0.966819448,0,0,-0.000000000,-0.000000000,-0.000000000,1
47.720000000,0.000000000,0.026000000,0.003424641,-0.155716561,-0.004790399,-0.001811516,2.923574924,0.002462737,2.926037662,2.926037662,0.024037517,-0.460933088,0.020143933,0.050245329,-0.001078068,0.073147215,0.022959449,-0.387785873,0.007940662,-0.428954018,0.009472298,-0.471976433,0.015018787,0.041168145,0.013487152,0.084190560,1,2.463862688,0,0,0.000000000,0.000000000,0.000000000,1
47.822000000,0.000000000,0.028000000,0.000083356,-0.157905008,-0.011716980,0.000051242,2.937908173,0.051577318,2.989485490,2.989485490,0.035276933,-0.471901543,0.020308733,0.051253397,-0.004490678,0.005450274,0.030786255,-0.466451269,0.007467621,-0.432480067,0.010789391,-0.457575780,0.023318634,-0.033971202,0.019996864,-0.008875489,1,0.665488775,0,0,0.000000000,0.000000000,0.000000000,1
47.922000000,0.000000000,0.028000000,-0.002793674,-0.161691855,-0.008521186,0.001382823,2.920968294,-0.052414891,2.868553403,2.868553403,0.016429676,-0.459855020,0.020067370,0.050146449,-0.014340390,0.040371532,0.002089286,-0.419483487,0.007718046,-0.434612993,0.014791910,-0.463215587,-0.005628760,0.015129506,-0.012702623,0.043732100,1,0.825510139,0,0,0.000000000,0.000000000,0.000000000,1
48.022000000,0.000000000,0.028000000,-0.004041985,-0.162267610,-0.009053819,0.000317558,2.899076462,-0.052885086,2.846191376,2.846191376,0.014264639,-0.460940840,0.020050805,0.050246040,-0.023503041,0.065640899,-0.009238402,-0.395299941,0.007878325,-0.435508439,0.007784769,-0.454342988,-0.017116727,0.040208498,-0.017023171,0.059043047,1,1.497583017,0,0,0.000000000,0.000000000,0.000000000,1
48.120000000,0.000000000,0.026000000,-0.003718249,-0.158322581,-0.003461178,0.000850191,2.925510645,-0.084227424,2.841283221,2.841283221,-0.000730412,-0.447423660,0.020000133,0.049008972,-0.036585332,-0.038317334,-0.037315744,-0.485740995,0.007284564,-0.434865981,-0.000619320,-0.441124541,-0.044600308,-0.050875013,-0.036696424,-0.044616453,1,2.895183443,0,0,-0.000000000,-0.000000000,-0.000000000,1
48.220000000,0.000000000,0.026000000,-0.002737565,-0.158246804,-0.005858024,0.000583875,2.915446997,-0.027952744,2.887494253,2.887494253,0.009010308,-0.455250801,0.020020286,0.049724571,-0.011116580,-0.035120767,-0.002106272,-0.490371569,0.007448616,-0.434598000,-0.017150445,-0.451126413,-0.009554888,-0.055773569,0.015044173,-0.039245156,1,0.831503016,0,0,0.000000000,0.000000000,0.000000000,1
48.322000000,0.000000000,0.028000000,-0.000968602,-0.157571935,-0.003992630,0.000049042,2.887892246,-0.002153177,2.885739069,2.885739069,0.008726553,-0.454569968,0.020019029,0.049662245,-0.009516210,-0.035428349,-0.000789657,-0.489998317,0.007176109,-0.432561413,-0.015006957,-0.460396802,-0.007965766,-0.057436904,0.014217301,-0.029601514,1,0.591233561,0,0,0.000000000,0.000000000,0.000000000,1
48.420000000,0.000000000,0.028000000,-0.001629539,-0.152338833,-0.002128416,0.000581674,2.904660702,0.061794190,2.966454892,2.966454892,0.001479897,-0.450180768,0.020000548,0.049260808,0.023599563,0.030176437,0.025079460,-0.420004331,0.007516273,-0.430413088,-0.011253870,-0.466687704,0.017563187,0.010408756,0.036333330,0.046683372,1,2.901298770,0,0,0.000000000,0.000000000,0.000000000,1
48.522000000,0.000000000,0.030000000,0.001004964,-0.150030210,-0.000530519,-0.004212017,2.947686911,-0.010520480,2.937166431,2.937166431,0.004509971,-0.453035092,0.020005084,0.049521793,0.010019526,0.081228988,0.014529497,-0.371806104,0.009464807,-0.427568795,-0.001828440,-0.458412719,0.005064689,0.055762691,0.016357937,0.086606615,1,2.786592917,0,0,0.000000000,0.000000000,0.000000000,1
48.622000000,0.000000000,0.028000000,0.001744706,-0.152526423,-0.002661048,-0.001282539,2.916028738,-0.036222020,2.879806718,2.879806718,0.012687720,-0.442940083,0.020040204,0.048599991,0.019281975,0.030249056,0.031969694,-0.412691027,0.009018285,-0.424666599,0.001588357,-0.437436043,0.022951409,0.011975572,0.030381337,0.024745016,1,1.730898528,0,0,0.000000000,0.000000000,0.000000000,1
48.722000000,0.002000000,0.028000000,0.001034018,-0.153583134,-0.002927365,-0.001815171,2.892908812,0.004878446,2.897787258,2.897787258,0.011479244,-0.450311230,0.020032916,0.049272731,0.007301628,0.021283783,0.018780873,-0.429027446,0.009003104,-0.422796292,0.007080770,-0.432907787,0.009777769,-0.006231155,0.011700102,0.003880340,1,0.231622983,0,0,0.000000000,0.000000000,0.000000000,1
48.820000000,0.000000000,0.026000000,-0.003018501,-0.152420288,-0.003725622,0.003510531,2.928888559,-0.054747118,2.874141442,2.874141442,0.002032366,-0.427987705,0.020001033,0.047241240,-0.002870223,0.017052637,-0.000837857,-0.410935068,0.007338450,-0.420775904,0.006805585,-0.430402527,-0.008176307,0.009840836,-0.007643442,0.019467458,1,0.218329624,0,0,0.000000000,0.000000000,0.000000000,1
48.922000000,0.000000000,0.028000000,-0.006317117,-0.169479145,-0.035150930,0.005108427,2.947195768,0.015303993,2.962499761,2.962499761,0.085420164,-0.486948212,0.021747783,0.052642052,-0.039127742,0.043367213,0.046292422,-0.443580999,0.005915295,-0.417642232,0.001620320,-0.423895421,0.040377126,-0.025938767,0.044672102,-0.019685578,1,3.021191172,0,0,0.000000000,0.000000000,0.000000000,1
49.020000000,0.000000000,0.026000000,-0.004910927,-0.207831080,-0.104923531,-0.000219626,2.934756517,-0.002081049,2.932675468,2.932675468,0.293304511,-0.610145203,0.035500357,0.064208813,-0.048353942,0.032461915,0.244950569,-0.577683288,0.007890484,-0.414094681,0.013934651,-0.424677400,0.237060085,-0.163588606,0.231015918,-0.153005887,0,40.632809100,0,0,0.000000000,0.000000000,0.000000000,1
49.122000000,0.000000000,0.028000000,0.001715561,-0.265819504,-0.136615172,-0.002882797,2.914541006,-0.103721131,2.810819875,2.810819875,0.388822775,-0.755273769,0.043724495,0.078130562,0.057401305,0.087597572,0.446224080,-0.667676197,0.008257155,-0.403383948,0.012001040,-0.411421065,0.437966925,-0.264292250,0.434223040,-0.256255132,0,92.778068005,0,0,0.000000000,0.000000000,0.000000000,1
49.220000000,0.000000000,0.028000000,0.003103197,-0.269979865,-0.115576185,-0.001817533,2.931641579,0.003963293,2.935604872,2.935604872,0.348395772,-0.797889766,0.040172082,0.082257406,0.032055555,0.068789782,0.380451327,-0.729099983,0.007847837,-0.381187988,0.007932739,-0.385328476,0.372603490,-0.347911996,0.372518589,-0.343771508,0,80.076893848,0,0,0.000000000,0.000000000,0.000000000,1
49.322000000,0.000000000,0.030000000,-0.001255556,-0.226030019,-0.081221394,0.001378261,2.882919312,-0.016704802,2.866214509,2.866214509,0.229199245,-0.643900128,0.030419121,0.067424578,-0.001133598,0.109399027,0.228065646,-0.534501101,0.006717648,-0.347975581,0.002616457,-0.347567920,0.221347998,-0.186525520,0.225449189,-0.186933181,0,36.533084947,0,0,0.000000000,0.000000000,0.000000000,1
49.420000000,0.000000000,0.028000000,-0.003869564,-0.175907581,-0.053790797,0.003775109,2.933128595,0.016946654,2.950075249,2.950075249,0.147271394,-0.507803746,0.024837243,0.054576977,-0.017281290,0.110766300,0.129990104,-0.397037446,0.005618320,-0.303993911,0.000043753,-0.304993098,0.124371784,-0.093043534,0.129946350,-0.092044348,1,12.219878190,0,0,0.000000000,0.000000000,0.000000000,1
49.518000000,0.000000000,0.026000000,-0.002595805,-0.145198786,-0.049796052,0.001644584,2.905621529,-0.121452282,2.784169246,2.784169246,0.131413476,-0.399679195,0.023931047,0.044692668,-0.003782118,-0.022834775,0.127631358,-0.422513971,0.006343320,-0.261662339,0.077786484,-0.303577864,0.121288038,-0.160851631,0.049844874,-0.118936107,1,6.222267203,0,0,0.000000000,0.000000000,0.000000000,1
49.620000000,0.000000000,0.028000000,-0.001676427,-0.121361880,-0.042871833,0.001644568,2.958425283,-0.020332910,2.938092373,2.938092373,0.121035909,-0.351740522,0.023377273,0.040462501,-0.016536947,0.005318545,0.104498962,-0.346421977,0.005686011,-0.213219142,0.099289752,-0.305982906,0.098812951,-0.133202835,0.005209210,-0.040439071,1,0.630461990,0,0,0.000000000,0.000000000,0.000000000,1
49.722000000,0.000000000,0.028000000,-0.001332734,-0.096182652,-0.038344454,0.000046686,2.953415632,0.075236627,3.028652259,3.028652259,0.112095629,-0.291162411,0.022927152,0.035323583,-0.015428825,-0.036016216,0.096666804,-0.327178627,0.005850553,-0.160988691,0.098915096,-0.267907267,0.090816252,-0.166189937,-0.002248292,-0.059271360,1,1.705936978,0,0,-0.000000000,-0.000000000,-0.000000000,1
49.820000000,0.000000000,0.028000000,0.000686918,-0.061677173,-0.018370746,-0.000752266,2.939023972,0.002990023,2.942013995,2.942013995,0.056067914,-0.183668283,0.020771040,0.027154012,0.005510490,-0.005741669,0.061578404,-0.189409952,0.005858717,-0.109230505,0.096471452,-0.240253029,0.055719686,-0.080179447,-0.034893048,0.050843077,1,3.455271782,0,0,0.000000000,0.000000000,0.000000000,1
49.922000000,0.000000000,0.030000000,0.003388837,-0.028448582,-0.010913895,-0.002616478,2.953385592,0.038282239,2.991667831,2.991667831,0.042789026,-0.092936343,0.020452604,0.022053835,0.033470156,0.030930111,0.076259182,-0.062006232,0.006036320,-0.059323511,0.078199900,-0.164019148,0.070222862,-0.002682721,-0.001940718,0.102012916,1,10.938456386,0,0,0.000000000,0.000000000,0.000000000,1
50.020000000,0.000000000,0.026000000,0.000834375,-0.005850584,-0.006652837,-0.000219632,2.953796387,-0.039470588,2.914325798,2.914325798,0.021820174,-0.017690588,0.020118678,0.020078087,-0.008956607,0.014122868,0.012863567,-0.003567720,0.005485544,-0.005980209,0.073586804,-0.061776895,0.007378023,0.002412489,-0.060723237,0.058209174,1,9.795261768,0,0,0.000000000,0.000000000,0.000000000,1
50.122000000,0.000000000,0.028000000,-0.000089722,0.022608476,0.001348519,-0.001019862,2.958791971,-0.042001323,2.916790648,2.916790648,-0.004195048,0.062969465,0.020004399,0.020967869,-0.007219493,-0.034163340,-0.011414541,0.028806125,0.004728881,0.043945576,0.044605393,0.017130241,-0.016143422,-0.015139451,-0.056019934,0.011675884,1,4.752080051,0,0,0.000000000,0.000000000,0.000000000,1
50.222000000,0.000000000,0.028000000,0.000350609,0.035621295,0.012533798,-0.000487231,2.944913864,-0.010644667,2.934269197,2.934269197,-0.035748757,0.103092801,0.020316981,0.022500695,0.027168955,0.010662713,-0.008579802,0.113755515,0.003621240,0.096769131,0.017575741,0.072044783,-0.012201042,0.016986384,-0.026155543,0.041710732,1,3.187217792,0,0,0.000000000,0.000000000,0.000000000,1
50.322000000,0.000000000,0.028000000,0.000505959,0.063870089,0.015729589,0.000045402,2.949844360,-0.057167846,2.892676514,2.892676514,-0.044037038,0.184886839,0.020479077,0.027236583,0.027641034,-0.064264581,-0.016396004,0.120622258,0.002734063,0.147425099,0.004123325,0.134686876,-0.019130067,-0.026802841,-0.020519330,-0.014064617,1,0.801913922,0,0,-0.000000000,-0.000000000,-0.000000000,1
50.422000000,0.000000000,0.028000000,0.001103814,0.084886730,0.022920128,0.000311718,2.917254210,0.160318319,3.077572528,3.077572528,-0.067141289,0.262204405,0.021096908,0.032977439,-0.002648858,0.004537399,-0.069790148,0.266741804,0.001666884,0.191151087,-0.006239536,0.175650610,-0.071457031,0.075590717,-0.063550611,0.091091194,1,11.341689895,0,0,0.000000000,0.000000000,0.000000000,1
50.483229287,-0.040000000,-0.004000000,0.001139259,0.103203051,0.019191699,-0.000220911,2.941968441,0.002685211,2.944653652,2.944653652,-0.053158183,0.303246737,0.020694394,0.036326104,0.001478836,-0.011764068,-0.051679347,0.291482668,0.001172347,0.231274762,-0.034494541,0.238389515,-0.052851695,0.060207906,-0.017184806,0.053093153,1,2.038770324,0,0,0.000000000,0.000000000,0.000000000,1
50.587238532,-0.036000000,-0.004000000,0.000064298,0.118582760,0.024784338,0.000045402,2.908042192,0.021951564,2.929993756,2.929993756,-0.072429562,0.347579775,0.021271117,0.040101334,-0.016480853,-0.058196149,-0.088910415,0.289383626,0.000915701,0.271868350,-0.043406287,0.287937713,-0.089826116,0.017515276,-0.045504128,0.001445913,1,2.881137576,0,0,0.000000000,0.000000000,0.000000000,1
50.691241774,-0.028000000,0.004000000,-0.000007541,0.133096258,0.025849607,0.001376980,2.961225033,-0.034318134,2.926906899,2.926906899,-0.075681464,0.393590650,0.021384032,0.044149020,-0.013213189,-0.009335208,-0.088894653,0.384255443,-0.000101251,0.306934537,-0.064010023,0.320039767,-0.088793402,0.077320906,-0.024884631,0.064215676,1,2.507038614,0,0,0.000000000,0.000000000,0.000000000,1
50.795245013,-0.024000000,0.004000000,-0.000748294,0.147748703,0.027713815,0.000311718,2.932979345,-0.027669224,2.905310121,2.905310121,-0.082691253,0.430161439,0.021642052,0.047438261,0.018562990,-0.055467504,-0.064128262,0.374693935,-0.000269755,0.340772916,-0.075187807,0.367047711,-0.063858507,0.033921020,0.011059545,0.007646224,1,0.189527893,0,0,0.000000000,0.000000000,0.000000000,1
50.895242249,-0.028000000,0.008000000,0.000408745,0.159053902,0.023722017,-0.001021462,2.952529430,-0.031190054,2.921339376,2.921339376,-0.068105979,0.461666388,0.021127807,0.050312608,0.015575411,0.044250579,-0.052530568,0.505916968,-0.000901773,0.366376037,-0.076272302,0.395045642,-0.051628795,0.139540931,0.023741734,0.110871326,1,4.665151261,0,0,0.000000000,0.000000000,0.000000000,1
50.999239482,-0.024000000,0.008000000,0.000061043,0.165400185,0.025319917,-0.001021461,2.934218884,-0.043322323,2.890896561,2.890896561,-0.073020792,0.475201889,0.021291321,0.051557428,-0.033655614,-0.026930717,-0.106676406,0.448271172,-0.000874772,0.391212539,-0.070387096,0.440756507,-0.105801634,0.057058633,-0.036289310,0.007514664,1,1.881042465,0,0,0.000000000,0.000000000,0.000000000,1
51.107242712,-0.016000000,0.012000000,0.000922375,0.173141284,0.026118863,-0.001820411,2.913102388,-0.016105747,2.896996641,2.896996641,-0.072994141,0.496315995,0.021290407,0.053509772,0.005673202,0.015981676,-0.067320939,0.512297671,0.000067237,0.413599055,-0.085854881,0.463470200,-0.067388176,0.098698616,0.018533942,0.048827471,1,1.157607869,0,0,0.000000000,0.000000000,0.000000000,1
51.211245940,-0.012000000,0.020000000,0.002313681,0.179898800,0.026917815,-0.001554088,2.940921068,0.014975591,2.955896659,2.955896659,-0.072727280,0.527168538,0.021281273,0.056383213,-0.028750696,-0.011256564,-0.101477976,0.515911974,0.000073736,0.430027679,-0.083444022,0.490545814,-0.101551712,0.085884295,-0.018033954,0.025366160,1,0.622482138,0,0,0.000000000,0.000000000,0.000000000,1
51.315249164,-0.008000000,0.028000000,0.000179361,0.182092387,0.022922652,-0.000489823,2.957300901,-0.028241007,2.929059894,2.929059894,-0.066616461,0.531924786,0.021080264,0.056828160,-0.014769071,0.020902452,-0.081385532,0.552827238,0.000332020,0.444552610,-0.092569444,0.510125357,-0.081717552,0.108274628,0.011183912,0.042701881,1,0.634464593,0,0,0.000000000,0.000000000,0.000000000,1
51.419252386,-0.004000000,0.028000000,-0.001849468,0.187221503,0.023991100,0.000041884,2.935762405,-0.043121486,2.892640919,2.892640919,-0.074747487,0.541685736,0.021351156,0.057742830,0.027467935,-0.004687172,-0.047279552,0.536998564,-0.000549119,0.456500490,-0.092742529,0.529542365,-0.046730433,0.080498074,0.045462977,0.007456199,1,3.018984907,0,0,0.000000000,0.000000000,0.000000000,1
51.523252605,0.000000000,0.028000000,-0.002463437,0.184322922,0.015468980,0.002705045,2.953194141,0.038028506,2.991222648,2.991222648,-0.053639852,0.559442290,0.020706819,0.059411756,-0.014406663,0.044701931,-0.068046515,0.604144222,-0.000579061,0.464547819,-0.080416071,0.537291446,-0.067467454,0.139596403,0.012369556,0.066852776,1,1.245039107,0,0,0.000000000,0.000000000,0.000000000,1
51.575249821,-0.048000000,-0.016000000,-0.002020179,0.179890472,0.012805821,0.000308199,2.919073582,-0.018694277,2.900379305,2.900379305,-0.043001024,0.522644496,0.020457050,0.055960457,-0.008991802,0.049071692,-0.051992826,0.571716189,-0.000448694,0.469646723,-0.080468247,0.555469869,-0.051544131,0.102069466,0.028475422,0.016246320,1,1.333381513,0,0,0.000000000,0.000000000,0.000000000,1
51.679259034,-0.044000000,-0.016000000,-0.001992926,0.181201201,0.016001616,0.000574517,2.956583977,-0.107083719,2.849500257,2.849500257,-0.051275452,0.517969953,0.020646833,0.055524127,0.047711691,-0.044773349,-0.003563761,0.473196604,-0.001674996,0.475736525,-0.074060012,0.563453898,-0.001888764,-0.002539921,0.070496251,-0.090257294,1,9.590281062,0,0,0.000000000,0.000000000,0.000000000,1
51.779256244,-0.044000000,-0.012000000,-0.003004522,0.185689925,0.017599514,0.001639780,2.936307907,0.002253805,2.938561712,2.938561712,-0.060546230,0.550479896,0.020896374,0.058568602,0.037396076,0.033829308,-0.023150154,0.584309205,-0.001828181,0.479005134,-0.055488016,0.543218431,-0.021321974,0.105304071,0.032337862,0.041090773,1,2.000369101,0,0,0.000000000,0.000000000,0.000000000,1
51.883259451,-0.036000000,-0.012000000,-0.001886065,0.190434189,0.019463725,0.002438731,2.943149090,-0.009961831,2.933187259,2.933187259,-0.062622934,0.565732394,0.020957488,0.060004428,0.011947153,0.049869298,-0.050675781,0.615601692,-0.001860277,0.483118175,-0.047144123,0.551936658,-0.048815504,0.132483517,-0.003531658,0.063665034,1,0.905570987,0,0,0.000000000,0.000000000,0.000000000,1
51.987253856,-0.036000000,-0.004002799,0.000576972,0.194656358,0.022393204,-0.001556015,2.923594236,-0.061952855,2.861641381,2.861641381,-0.062430232,0.552583934,0.020951738,0.058766402,0.013326978,0.040091034,-0.049103255,0.592674968,-0.000931218,0.485288514,-0.050589569,0.566219644,-0.048172036,0.107386454,0.001486314,0.026455324,1,0.161654133,0,0,0.000000000,0.000000000,0.000000000,1
52.091257054,-0.032000000,-0.003996802,0.001814233,0.193892441,0.017333195,-0.001556011,2.924826145,0.012571797,2.937397942,2.937397942,-0.045585365,0.564968633,0.020512929,0.059932425,-0.002647227,-0.133136587,-0.048232592,0.431832047,-0.000325682,0.485590776,-0.052165574,0.570507715,-0.047906910,-0.053758730,0.003932982,-0.138675668,1,4.211930665,0,0,0.000000000,0.000000000,0.000000000,1
52.199260249,-0.024000000,0.008003195,0.002592682,0.188434138,0.014670035,-0.000757063,2.921419621,-0.002772875,2.918646746,2.918646746,-0.035249526,0.547763086,0.020308257,0.058313326,0.025323665,-0.005542297,-0.009925861,0.542220788,-0.000816464,0.483086952,-0.052979213,0.537174047,-0.009109397,0.059133837,0.043053352,0.005046741,1,2.949521328,0,0,0.000000000,0.000000000,0.000000000,1
52.303263442,-0.020000000,0.016003193,-0.001948347,0.180272278,0.006407857,0.004564003,2.932274342,-0.024041996,2.908232346,2.908232346,-0.024301782,0.537546850,0.020147103,0.057354740,0.020316377,0.069128512,-0.003985405,0.606675362,-0.002208446,0.479545456,-0.042142454,0.532658258,-0.001776959,0.127129906,0.038157049,0.074017104,1,3.675668004,0,0,0.000000000,0.000000000,0.000000000,1
52.403263442,-0.016000000,0.012000000,-0.007791479,0.173713564,0.004277327,0.008825062,2.905719280,-0.001068478,2.904650803,2.904650803,-0.035055667,0.530210966,0.020304901,0.056667775,0.025292945,-0.037382856,-0.009762722,0.492828111,-0.003850541,0.474278921,-0.032143439,0.542855225,-0.005912181,0.018549190,0.022380717,-0.050027114,1,1.383622615,0,0,0.000000000,0.000000000,0.000000000,1
52.507260631,-0.012000000,0.020000000,-0.004648855,0.172749359,0.008268707,0.002967414,2.924040318,-0.087245291,2.836795027,2.836795027,-0.036644476,0.498472466,0.020332933,0.053709850,0.042997418,-0.059917563,0.006352942,0.438554903,-0.002828763,0.470356445,-0.026551971,0.526306632,0.009181706,-0.031801542,0.032904914,-0.087751729,1,3.677936533,0,0,0.000000000,0.000000000,0.000000000,1
52.611263818,-0.008000000,0.020000000,0.001738923,0.174675567,0.011464501,-0.001027327,2.917554855,-0.000849058,2.916705797,2.916705797,-0.028366650,0.506480826,0.020200165,0.054453910,0.025574322,-0.077356652,-0.002792327,0.429124174,-0.001394068,0.466298780,-0.016659222,0.498003886,-0.001398259,-0.037174605,0.013866895,-0.068879711,1,1.506964432,0,0,0.000000000,0.000000000,0.000000000,1
52.719261001,0.000000000,0.032000000,0.006822168,0.169007108,0.005605545,-0.005022070,2.920041800,0.017955208,2.937997008,2.937997008,0.003574433,0.481787550,0.020003194,0.052165050,-0.034807217,0.029726697,-0.031232784,0.511514247,-0.000152744,0.460990387,-0.013212617,0.474470847,-0.031080040,0.050523860,-0.018020167,0.037043400,1,0.892476921,0,0,0.000000000,0.000000000,0.000000000,1
52.771264182,-0.048000000,-0.020000000,0.006904646,0.164172039,0.002676068,-0.000761012,2.905093431,0.040328407,2.945421839,2.945421839,0.012454948,0.481314409,0.020038744,0.052121355,0.025819870,0.004465456,0.038274819,0.485779865,-0.000328819,0.453754940,-0.022528437,0.476452585,0.038603638,0.032024925,0.060803256,0.009327279,1,6.064254805,0,0,0.000000000,0.000000000,0.000000000,1
52.875267360,-0.044000000,-0.012000000,0.001837040,0.156736252,-0.001851307,0.000836885,2.915125370,-0.009059402,2.906065968,2.906065968,0.010718578,0.457917931,0.020028701,0.049968873,-0.014427387,0.042417364,-0.003708809,0.500335295,-0.000364906,0.446621581,-0.004533293,0.469170264,-0.003343903,0.053713715,0.000824484,0.031165032,1,0.288952328,0,0,0.000000000,0.000000000,0.000000000,1
52.979264535,-0.040000000,-0.012000000,0.000914428,0.153371921,0.000545539,0.002168466,2.908334017,0.016585269,2.924919285,2.924919285,0.001078970,0.454943077,0.020000291,0.049696399,0.005664431,-0.010950369,0.006743401,0.443992708,-0.000831989,0.439395235,-0.006101031,0.469380540,0.007575390,0.004597473,0.012844432,-0.025387832,1,0.456181286,0,0,0.000000000,0.000000000,0.000000000,1
53.083258876,-0.036000000,-0.003996831,0.001243470,0.150781590,-0.001586578,-0.001561085,2.895418644,-0.014920009,2.880498635,2.880498635,0.008151951,0.429829462,0.020016607,0.047408160,-0.014676612,0.060624820,-0.006524662,0.490454282,0.000670471,0.433518707,-0.004987872,0.456152892,-0.007195133,0.056935575,-0.001536790,0.034301390,1,0.383993866,0,0,0.000000000,0.000000000,0.000000000,1
53.187258876,-0.036000000,-0.004000000,0.004796378,0.149315519,0.000810267,-0.001561085,2.944399118,-0.077824158,2.866574960,2.866574960,0.011426485,0.423549160,0.020032615,0.046839502,0.022893226,0.061661054,0.034319711,0.485210215,0.000750118,0.427857713,-0.009468778,0.457766640,0.033569593,0.057352502,0.043788489,0.027443574,1,3.382469806,0,0,0.000000000,0.000000000,0.000000000,1
53.291256042,-0.032000000,0.004000000,0.004688601,0.143760860,-0.002918159,-0.000229504,2.912401676,-0.002637592,2.909764084,2.909764084,0.022133879,0.417642384,0.020122104,0.046306064,-0.032081645,0.024980659,-0.009947766,0.442623043,0.001232745,0.422247343,0.002946180,0.460412021,-0.011180511,0.020375700,-0.012893945,-0.017788978,1,0.381207851,0,0,-0.000000000,-0.000000000,-0.000000000,1
53.395253206,-0.024000000,0.004000000,0.005717037,0.140536263,-0.003450258,-0.003158519,2.942492008,0.046939426,2.989431435,2.989431435,0.027405000,0.410681346,0.020186885,0.045679226,0.044525096,-0.060031606,0.071930095,0.350649740,0.001165294,0.416198182,-0.003658993,0.449632017,0.070764801,-0.065548442,0.075589088,-0.098982277,1,12.501816141,0,0,0.000000000,0.000000000,0.000000000,1
53.499259524,-0.020000000,0.012003158,0.006053853,0.135124903,-0.007178682,-0.003158523,2.917673349,0.048542165,2.966215515,2.966215515,0.039250551,0.391440723,0.020381513,0.043957461,0.022913153,-0.055034032,0.062163703,0.336406692,0.002365899,0.410748357,0.019460270,0.418326827,0.059797804,-0.074341665,0.042703433,-0.081920136,1,5.321226575,0,0,0.000000000,0.000000000,0.000000000,1
53.603259524,-0.020000000,0.012000000,0.005499805,0.135436314,-0.002118676,0.000569906,2.953288078,0.038210469,2.991498547,2.991498547,0.022790675,0.406862408,0.020129435,0.045336191,-0.020658538,-0.016209143,0.002132137,0.390653265,0.001276932,0.406427956,0.030979327,0.390242424,0.000855205,-0.015774691,-0.028847190,0.000410841,1,1.333461403,0,0,0.000000000,0.000000000,0.000000000,1
53.707256679,-0.016000000,0.020000000,0.001545937,0.133414117,-0.005046637,0.001899936,2.933063745,0.018592453,2.951656199,2.951656199,0.019459012,0.399400562,0.020094440,0.044667752,-0.013030483,0.000446536,0.006428529,0.399847098,0.001224711,0.402704770,0.018417672,0.387108550,0.005203818,-0.002857671,-0.011989142,0.012738548,1,0.287534106,0,0,0.000000000,0.000000000,0.000000000,1
53.811259832,-0.012000000,0.020000000,0.000693116,0.134262794,0.023182871,0.001633617,2.917688847,-0.044825106,2.872863740,2.872863740,-0.064610002,0.390411871,0.021017719,0.043865867,0.015687430,0.015088935,-0.048922572,0.405500806,0.000150892,0.399820903,0.011525835,0.388325925,-0.049073464,0.005679903,-0.060448407,0.017174881,1,5.653428281,0,0,0.000000000,0.000000000,0.000000000,1
53.915256981,-0.008000000,0.028000000,0.007650856,0.599147179,0.563005567,-0.009019078,2.979664326,0.107120278,3.086784604,3.086784604,-1.714260371,1.821598336,0.172588778,0.183254482,0.228007162,-0.078815764,-1.486253209,1.742782572,0.000137251,0.394184809,-0.011343200,0.382487654,-1.486390459,1.348597763,-1.474910009,1.360294918,0,nan,0,0,0.000000000,0.000000000,0.000000000,1
54.019254128,-0.004000000,0.028000000,0.012873638,0.585237267,0.386704385,-0.006888499,2.908971786,-0.003159604,2.905812182,2.905812182,-1.086281939,1.680572895,0.110453993,0.169243176,-0.037381333,0.122016348,-1.123663271,1.802589243,-0.000267832,0.346247007,-0.015065002,0.324936791,-1.123395439,1.456342236,-1.108598269,1.477652452,0,nan,0,0,0.000000000,0.000000000,0.000000000,1
54.123245272,0.000000000,0.036000000,0.007652578,0.159161058,0.007203904,-0.002361127,2.978364468,0.031858548,3.010223016,3.010223016,0.001350607,0.472002762,0.020000456,0.051262716,-0.007950121,0.016508396,-0.006599514,0.488511158,-0.001084456,0.255983008,-0.019522274,0.230156634,-0.005515058,0.232528150,0.012922760,0.258354524,1,17.524614079,0,0,0.000000000,0.000000000,0.000000000,1
54.175242414,-0.048000000,-0.016000000,0.002345888,-0.011146872,-0.178684771,0.004296811,2.935307980,-0.038956284,2.896351696,2.896351696,0.524328455,-0.019840186,0.056117763,0.020098167,-0.064578577,0.006261721,0.459749879,-0.013578465,-0.002956146,0.154293152,-0.018386015,0.221176654,0.462706025,-0.167871617,0.478135894,-0.234755119,0,99.815523231,0,0,0.000000000,0.000000000,0.000000000,1
54.279239553,-0.044000000,-0.008000000,-0.005823857,-0.149175659,-0.159243703,0.008025207,2.909806013,-0.031947792,2.877858221,2.877858221,0.441520564,-0.406210990,0.048470652,0.045277739,-0.008618553,0.007725111,0.432902011,-0.398485879,-0.004239592,0.080558735,-0.022110475,0.149299948,0.437141603,-0.479044614,0.455012485,-0.547785827,0,154.164790881,0,0,0.000000000,0.000000000,0.000000000,1
54.383236689,-0.040000000,-0.008000000,-0.004145651,-0.112837243,-0.078283586,0.005095735,2.878167391,-0.011871639,2.866295752,2.866295752,0.212501246,-0.308819027,0.029181635,0.036792552,0.000394769,0.002245927,0.212896016,-0.306573100,-0.005158120,0.021750259,-0.025355825,0.095204975,0.218054136,-0.328323359,0.238251841,-0.401778075,0,82.170452594,0,0,0.000000000,0.000000000,0.000000000,1
54.487236954,-0.036000000,-0.007996868,-0.001748919,-0.050430656,-0.025286665,0.000568354,2.855741978,0.001216402,2.856958379,2.856958379,0.067246361,-0.142454522,0.021100254,0.024554692,-0.011719570,0.015973504,0.055526791,-0.126481018,-0.003961358,-0.025029759,-0.029222521,0.049269627,0.059488149,-0.101451259,0.084749312,-0.175750645,1,14.902482374,0,0,0.000000000,0.000000000,0.000000000,1
54.591228082,-0.032000000,-0.000008872,0.003150941,-0.038522381,-0.027692530,-0.001829097,2.836550951,0.061757087,2.898308038,2.898308038,0.089393880,-0.116951012,0.021906909,0.023168414,0.037295085,-0.006740084,0.126688965,-0.123691096,-0.004217283,-0.066156346,0.029474817,-0.134680828,0.130906248,-0.057534751,0.097214147,0.010989732,1,10.440717476,1,0,-0.000262139,0.002602555,-0.000108995,1
54.695219209,-0.028000000,-0.000008873,0.004403664,-0.071511049,-0.048198689,-0.000497513,2.786326885,-0.001311250,2.785015635,2.785015635,0.146498374,-0.200544970,0.024791485,0.028322833,-0.026160718,0.020571870,0.120337656,-0.179973100,-0.003373663,-0.107690472,0.073569570,-0.169245604,0.123711319,-0.072282628,0.046768086,-0.010727496,1,2.449978170,1,0,0.000845838,0.002071882,-0.000076422,1
54.799204332,-0.020000000,0.007985123,0.005125786,-0.100548782,-0.056188174,-0.001030129,2.763544559,0.064247786,2.827792346,2.827792346,0.173383145,-0.287244068,0.026469174,0.035001308,0.020189734,-0.026018517,0.193572879,-0.313262586,-0.003711235,-0.136935478,0.087325698,-0.203655811,0.197284114,-0.176327108,0.106247181,-0.109606775,1,19.217534983,0,0,0.000000000,0.000000000,0.000000000,1
54.903201454,-0.016000000,0.015997122,0.000125004,-0.108463242,-0.051929392,0.002699198,2.781654835,-0.029335411,2.752319423,2.752319423,0.143270324,-0.291096433,0.024602111,0.035318144,-0.029111927,0.060936788,0.114158397,-0.230159644,-0.003726738,-0.161162854,0.118366321,-0.257675692,0.117885136,-0.068996791,-0.004207924,0.027516048,1,0.473912452,1,0,-0.001351208,-0.000274657,0.000002232,1
55.007204574,-0.012000000,0.016003120,0.000825659,-0.112449652,-0.046337087,0.001101268,2.739342690,-0.006709870,2.732632820,2.732632820,0.128878467,-0.304274247,0.023792784,0.036411923,-0.006208758,0.053575891,0.122669709,-0.250698355,-0.003353014,-0.180111179,0.118921257,-0.270500126,0.126022723,-0.070587176,0.003748453,0.019801771,1,0.241854034,1,0,-0.000861607,0.000139377,-0.000006353,1
55.111204574,-0.008000000,0.024000000,0.005685984,-0.111646726,-0.040478129,-0.001828220,2.708365679,-0.021629389,2.686736290,2.686736290,0.124030798,-0.304877258,0.023533729,0.036462329,-0.013126728,0.006050406,0.110904069,-0.298826852,-0.002431844,-0.192281607,0.122268644,-0.279147535,0.113335913,-0.106545245,-0.011364574,-0.019679317,1,0.387767374,1,0,0.000768251,-0.000472256,0.000010695,1
55.215192806,-0.004000000,0.023997115,0.008489520,-0.110919175,-0.035950765,-0.004225056,2.665491343,-0.000897152,2.664594190,2.664594190,0.118415324,-0.306812649,0.023242674,0.036624309,-0.004210492,0.033928000,0.114204832,-0.272884649,-0.001212471,-0.201672823,0.119272439,-0.294445945,0.115417303,-0.071211827,-0.005067607,0.021561296,1,0.291291523,1,0,-0.000825563,-0.000245769,0.000000702,1
55.319183919,0.000000000,0.031991113,0.007454446,-0.108773050,-0.030896137,-0.003156936,2.664345264,-0.031935416,2.632409849,2.632409849,0.100954451,-0.294645597,0.022403527,0.035611238,0.005401712,0.038723972,0.106356163,-0.255921625,-0.001528575,-0.205185912,0.119523145,-0.295125541,0.107884738,-0.050735713,-0.013166982,0.039203916,1,1.135197750,1,0,-0.001411939,-0.000591355,0.000001788,1
55.371187030,-0.048000000,-0.019996889,0.007018939,-0.106479588,-0.024238231,-0.003689572,2.603249788,-0.002636534,2.600613254,2.600613254,0.081287809,-0.286507376,0.021588818,0.034940875,0.051638309,-0.063444162,0.132926118,-0.349951538,-0.001581909,-0.206236889,0.114765889,-0.287938807,0.134508027,-0.143714649,0.018160229,-0.062012731,1,2.826529976,1,0,0.002013651,0.000776392,-0.000000562,1
55.475178139,-0.044000000,-0.012008891,0.006144604,-0.106141356,-0.027966660,-0.000493783,2.573611975,0.047808731,2.621420705,2.621420705,0.089419972,-0.279535561,0.021907974,0.034371519,0.008259668,-0.021917972,0.097679640,-0.301453533,-0.002773525,-0.206529502,0.121365117,-0.305481176,0.100453165,-0.094924031,-0.023685476,0.004027643,1,0.868483929,1,0,-0.000151069,-0.000839793,0.000003305,1
55.579181247,-0.040000000,-0.011996892,0.005365575,-0.108126757,-0.026901690,-0.002890630,2.534441710,0.044422748,2.578864457,2.578864457,0.083212905,-0.286298794,0.021662038,0.034923774,-0.065486492,0.003005180,0.017726412,-0.283293613,-0.001460021,-0.203658405,0.114932607,-0.301767933,0.019186433,-0.079635208,-0.097206195,0.018474319,1,15.078013912,1,0,-0.000466534,-0.002576088,0.000003005,1
55.683184352,-0.036000000,-0.003996895,0.007586254,-0.106582266,-0.022374317,-0.003955889,2.471804142,0.110263631,2.582067773,2.582067773,0.077360224,-0.285417006,0.021444021,0.034851523,0.005449763,0.002532650,0.082809987,-0.282884356,-0.001194924,-0.198911839,0.086178158,-0.292561630,0.084004910,-0.083972518,-0.003368171,0.009677274,1,0.077961554,1,0,-0.000210953,-0.000103606,0.000000190,1
55.787187455,-0.032000000,-0.003996897,0.007872907,-0.100868673,-0.016249042,-0.004222204,2.465048313,0.045525235,2.510573548,2.510573548,0.060559927,-0.263838377,0.020896771,0.033107505,0.013783298,-0.000364093,0.074343225,-0.264202470,-0.002191527,-0.189805790,0.080629466,-0.282407639,0.076534752,-0.074396680,-0.006286241,0.018205169,1,0.298839483,1,0,-0.000376217,-0.000175930,0.000000178,1
55.891184556,-0.028000000,0.003997101,0.003411256,-0.091646198,-0.013053248,0.000038850,2.397746563,0.083942616,2.481689179,2.481689179,0.040859781,-0.227340965,0.020413114,0.030279352,0.016799026,-0.033517461,0.057658808,-0.260858425,-0.003486652,-0.181748851,0.073927092,-0.269471796,0.061145460,-0.079109574,-0.016268284,0.008613370,1,0.527170496,1,0,-0.000202047,-0.000418933,-0.000001859,1
55.995181656,-0.024000000,0.003997100,-0.001173728,-0.088715541,-0.013053247,0.004566229,2.367436886,0.026331151,2.393768037,2.393768037,0.028436812,-0.201433932,0.020201152,0.028385847,0.028783444,0.001521909,0.057220256,-0.199912023,-0.006320973,-0.171247748,0.063641708,-0.256510906,0.063541229,-0.028664275,-0.006421452,0.056598883,1,3.051873930,1,0,-0.001087534,-0.000133865,0.000002065,1
56.095178753,-0.024000000,0.007997097,-0.003550270,-0.083039031,-0.013588284,0.001639779,2.330821276,-0.069509065,2.261312210,2.261312210,0.022699083,-0.184069124,0.020128400,0.027181141,0.012918884,-0.011473762,0.035617967,-0.195542886,-0.006742280,-0.161256780,0.057381253,-0.230885376,0.042360248,-0.034286106,-0.021763286,0.035342491,1,2.151494666,1,0,-0.000667084,-0.000451203,-0.000002644,1
56.199181848,-0.020000000,0.008003095,-0.001246832,-0.079105474,-0.009593543,0.001107149,2.273025990,0.028672847,2.301698836,2.301698836,0.019211614,-0.179528654,0.020092060,0.026875740,0.024878146,0.006355529,0.044089759,-0.173173125,-0.007460554,-0.150033559,0.045716567,-0.210098180,0.051550313,-0.023139566,-0.001626808,0.036925055,1,1.462468968,1,0,-0.000611962,-0.000019846,0.000001617,1
56.307172942,-0.012000000,0.019991094,-0.000987302,-0.072441238,-0.007463014,0.000041883,2.229839802,0.040368098,2.270207899,2.270207899,0.014701213,-0.164361589,0.020053959,0.025887204,0.025968058,0.005018634,0.040669271,-0.159342954,-0.008516794,-0.138187476,0.041571310,-0.186073371,0.049186064,-0.021155478,-0.000902039,0.026730417,1,0.829497020,1,0,-0.000416920,-0.000008919,0.000001142,1
56.411176034,-0.008000000,0.020003092,0.003504035,-0.060870469,-0.003468273,-0.006083388,2.204082489,-0.070417758,2.133664731,2.133664731,0.014876569,-0.142857083,0.020055252,0.024578069,-0.022739874,0.015771936,-0.007863305,-0.127085147,-0.007083315,-0.124818054,0.036562949,-0.163863242,-0.000779991,-0.002267093,-0.044426254,0.036778095,1,5.491612958,1,0,-0.000642343,-0.000716567,-0.000008078,1
56.515179123,-0.004000000,0.028003089,0.002405245,-0.051785171,0.000790210,-0.004747230,2.148371935,0.051893986,2.200265920,2.200265920,0.003553505,-0.124386314,0.020003157,0.023552485,-0.016616898,-0.003751307,-0.013063393,-0.128137622,-0.008183771,-0.112156707,0.020351795,-0.139032719,-0.004879622,-0.015980915,-0.033415188,0.010895098,1,2.307212616,1,0,-0.000243692,-0.000525651,-0.000006806,1
56.619182211,-0.004000000,0.028003088,0.000436345,-0.044590306,0.001322842,-0.001018804,2.105452776,-0.146542846,1.958909930,1.958909930,-0.001736569,-0.089344137,0.020000754,0.021904880,-0.018344418,0.008495308,-0.020080987,-0.080848829,-0.008662272,-0.099740866,0.005044753,-0.119959908,-0.011418715,0.018892037,-0.025125740,0.039111079,1,3.685265292,1,0,-0.000643127,-0.000327271,-0.000001495,1
56.671179297,-0.048000000,-0.016002914,-0.000284618,-0.043943251,-0.002139268,-0.001285120,2.077548265,0.011983328,2.089531593,2.089531593,0.003875349,-0.094506111,0.020003754,0.022120444,0.011394803,-0.025777047,0.015270152,-0.120283158,-0.009871150,-0.089725847,-0.007450822,-0.095909085,0.025141302,-0.030557311,0.022720974,-0.024374073,1,1.977547965,1,0,0.000419738,0.000319127,0.000002601,1
56.775182382,-0.044000000,-0.015996915,-0.006416552,-0.041629756,0.001322842,0.002975938,1.994162679,-0.012136120,1.982026559,1.982026559,-0.015339685,-0.076612894,0.020058740,0.021417174,0.024149256,-0.012592304,0.008809571,-0.089205198,-0.011216555,-0.077330439,-0.008923012,-0.086343010,0.020026126,-0.011874759,0.017732583,-0.002862188,1,0.630953697,1,0,0.000081667,0.000212793,0.000002890,1
56.879173464,-0.044000000,-0.008008918,-0.007880387,-0.033277676,0.001054269,0.000846992,1.949146271,0.076685376,2.025831646,2.025831646,-0.018100109,-0.065699106,0.020081736,0.021051454,-0.009102950,0.002699343,-0.027203060,-0.062999762,-0.011250727,-0.068919272,-0.013754959,-0.073887587,-0.015952332,0.005919510,-0.013448101,0.010887825,1,0.574390493,1,0,-0.000176411,-0.000152486,-0.000001459,1
56.983176544,-0.040000000,-0.007996920,-0.007923236,-0.029575048,0.000787952,0.003243838,1.909754276,0.040620233,1.950374509,1.950374509,-0.016990080,-0.051355722,0.020072036,0.020648828,-0.028290594,0.004197342,-0.045280674,-0.047158380,-0.013056360,-0.059537756,-0.022978784,-0.058674322,-0.032224314,0.012379376,-0.022301890,0.011515942,1,1.247492766,1,0,-0.000189200,-0.000204789,-0.000002232,1
57.087179623,-0.032000000,0.000003079,-0.011474653,-0.023881710,0.001320557,0.004042773,1.888226032,0.028578429,1.916804462,1.916804462,-0.024525916,-0.038027363,0.020149819,0.020358310,0.025190268,0.006628310,0.000664351,-0.031399053,-0.014597919,-0.051951434,-0.035504644,-0.043484069,0.015262270,0.020552381,0.036168995,0.012085016,1,2.881844654,1,0,-0.000058646,0.000279904,0.000004693,1
57.191170700,-0.032000000,-0.000008923,-0.012454916,-0.016377835,0.005581616,0.002711192,1.871535659,0.052044637,1.923580296,1.923580296,-0.034694717,-0.026288885,0.020298700,0.020172036,0.001818422,0.017149939,-0.032876296,-0.009138946,-0.015029731,-0.042480810,-0.035220411,-0.025917430,-0.017846564,0.033341864,0.002344115,0.016778484,1,0.570097282,1,0,-0.000177762,0.000008962,0.000000902,1
57.295179775,-0.028000000,0.000009075,-0.010234065,-0.011979737,0.002651313,0.000048860,1.810604334,-0.076221539,1.734382795,1.734382795,-0.022348178,-0.020692707,0.020124473,0.020106762,-0.009710622,0.023497777,-0.032058800,0.002805070,-0.013837704,-0.036243948,-0.039702446,-0.010174076,-0.018221096,0.039049018,0.007643646,0.012979146,1,0.455006290,1,0,-0.000110997,0.000034911,0.000000995,1
57.399170848,-0.020000000,0.007991073,-0.007473343,-0.011346895,0.001852365,-0.000750088,1.725279808,0.036805806,1.762085614,1.762085614,-0.016432696,-0.021315919,0.020067395,0.020113271,-0.008980169,0.021375943,-0.025412865,0.000060023,-0.014761076,-0.029134816,-0.043448270,0.003699848,-0.010651789,0.029194839,0.018035405,-0.003639825,1,0.692446694,1,0,0.000072854,0.000121866,0.000001558,1
57.503173919,-0.020000000,0.008003071,-0.008455846,-0.003916008,0.004515527,-0.001016404,1.681151390,-0.011535988,1.669615402,1.669615402,-0.021657205,-0.008235231,0.020116917,0.020016948,-0.020771178,0.031554424,-0.042428382,0.023319193,-0.013421109,-0.022850703,-0.044995563,0.013680913,-0.029007274,0.046169896,0.002567180,0.009638280,1,0.203476368,1,0,-0.000103267,0.000014683,0.000000652,1
57.607173989,-0.016000000,0.016000070,-0.009119807,-0.002260810,0.002118588,0.000048848,1.648940206,-0.092090151,1.556850055,1.556850055,-0.017496496,-0.003443692,0.020076386,0.020002965,0.019451101,-0.011369276,0.001954605,-0.014812968,-0.013485373,-0.018704446,-0.047359053,0.026332307,0.015439978,0.003891478,0.049313658,-0.041145276,1,8.516249130,1,0,0.000561887,0.000372372,0.000003176,1
57.711165057,-0.012000000,0.023991068,-0.012439089,0.001297373,0.003183853,0.000315164,1.605827689,-0.077294458,1.528533231,1.528533231,-0.023880186,0.002464817,0.020142061,0.020001519,0.018180932,0.022106209,-0.005699254,0.024571026,-0.013871598,-0.014172911,-0.045681043,0.027304088,0.008172344,0.038743937,0.039981789,-0.002733062,1,3.305824456,1,0,0.000079686,0.000378927,0.000005041,1
57.815156123,-0.004000000,0.023991066,-0.016388476,0.007949811,0.006645962,0.005375171,1.578742146,0.021561654,1.600303801,1.600303801,-0.036862098,0.021324019,0.020336867,0.020113357,-0.015851214,0.018268004,-0.052713312,0.039592024,-0.015436494,-0.009149618,-0.043551764,0.033051315,-0.037276819,0.048741642,-0.009161548,0.006540709,1,0.258934774,1,0,-0.000097908,-0.000096036,-0.000001017,1
57.915165188,-0.004000000,0.028009065,-0.015190094,0.007631931,0.003183853,0.002179378,1.527738810,-0.043298878,1.484439931,1.484439931,-0.027275020,0.014564298,0.020185125,0.020052960,-0.012447640,0.011965857,-0.039722660,0.026530155,-0.014272280,-0.007042624,-0.048273012,0.043047780,-0.025450380,0.033572779,0.008550351,-0.016517625,1,0.713656892,1,0,0.000219414,0.000078745,0.000000472,1
58.019150250,0.000000000,0.028000000,-0.012779842,0.010613405,0.003183853,0.001913061,1.428268790,0.037995762,1.466264552,1.466264552,-0.023407000,0.018367113,0.020136506,0.020084161,-0.022786637,-0.001497306,-0.046193637,0.016869807,-0.013478811,-0.003883399,-0.051492380,0.047220003,-0.032714826,0.020753207,0.005298743,-0.030350196,1,1.951504481,1,0,0.000397138,0.000046930,-0.000000312,1
58.071144372,-0.048000000,-0.016002940,-0.013593672,0.010812992,0.001051135,0.002978126,1.420714378,-0.059157690,1.361556689,1.361556689,-0.019939734,0.018777389,0.020099152,0.020087954,0.017447317,0.025234459,-0.002492417,0.044011848,-0.013822530,-0.001484997,-0.054134450,0.047630706,0.011330113,0.045496845,0.051642033,-0.003618858,1,5.584500142,1,0,0.000060710,0.000511080,0.000006194,1
58.175138487,-0.044000000,-0.015996943,-0.015270023,0.011919916,-0.000014899,0.002980593,1.414558172,-0.074358047,1.340200126,1.340200126,-0.020444919,0.019969664,0.020104227,0.020099450,0.009211512,0.004502878,-0.011233408,0.024472542,-0.013562570,-0.000134714,-0.048870723,0.052869855,0.002329163,0.024607256,0.037637315,-0.028397312,1,4.610581757,1,0,0.000376119,0.000396873,0.000004433,1
58.279135542,-0.044000000,-0.008000000,-0.013192596,0.013022548,0.001050484,-0.001280458,1.354541421,0.054579129,1.409120550,1.409120550,-0.020070217,0.016546020,0.020100451,0.020068326,0.034662321,0.031365389,0.014592104,0.047911409,-0.011141990,0.002605772,-0.043492270,0.053394379,0.025734093,0.045305637,0.058084373,-0.005482970,1,7.085002448,1,0,0.000065440,0.000646465,0.000007658,1
58.387123649,-0.036000000,-0.004008948,-0.005598054,0.018991839,0.002648381,-0.006873096,1.324617147,-0.034845119,1.289772029,1.289772029,-0.010636020,0.015630415,0.020028261,0.020060984,0.002049304,-0.026360653,-0.008586716,-0.010730237,-0.009287494,0.004532641,-0.035999193,0.058043126,0.000700777,-0.015262878,0.027412477,-0.068773364,1,11.320077361,1,0,0.000787233,0.000210311,0.000002194,1
58.487123751,-0.032000000,-0.000002950,-0.005143315,0.022449434,0.004512595,-0.001546774,1.252665997,0.030514435,1.283180431,1.283180431,-0.012390274,0.026821885,0.020038343,0.020179052,0.031290285,-0.005137740,0.018900011,0.021684145,-0.009752427,0.006381672,-0.033238989,0.048803018,0.028652438,0.015302473,0.052139000,-0.027118873,1,7.200854744,1,0,0.000285061,0.000467965,0.000004771,1
58.591120800,-0.032000000,0.000000000,-0.008960768,0.024846363,0.002914697,0.000317439,1.209767461,-0.029892259,1.179875202,1.179875202,-0.014011567,0.029690147,0.020049021,0.020219175,0.004641633,-0.007604326,-0.009369935,0.022085821,-0.009761601,0.007162696,-0.026498742,0.048486347,0.000391666,0.014923125,0.017128808,-0.026400526,1,2.033548878,1,0,0.000267346,0.000130120,0.000001307,1
58.695105848,-0.028000000,0.000000000,-0.013243270,0.026832525,0.003979962,0.005111129,1.163441062,0.035358280,1.198799342,1.198799342,-0.020647200,0.038294031,0.020106294,0.020363308,0.025585210,-0.004964018,0.004938010,0.033330012,-0.010702596,0.009086867,-0.024056536,0.045928296,0.015640607,0.024243145,0.028994547,-0.012598284,1,2.066613400,1,0,0.000120177,0.000259195,0.000002441,1
58.799102895,-0.024000000,0.008000000,-0.014401685,0.030784787,0.007175755,0.004045865,1.100393057,0.003094906,1.103487963,1.103487963,-0.023810445,0.038435205,0.020141236,0.020365968,0.000737429,0.005087035,-0.023073016,0.043522240,-0.008980747,0.010633942,-0.017388142,0.046943545,-0.014092269,0.032888298,-0.005684874,-0.003421305,1,0.090066575,1,0,0.000035251,-0.000052351,-0.000000388,1
58.903087940,-0.020000000,0.016000000,-0.009900987,0.030157185,0.003444810,0.002180001,1.114783049,-0.038584398,1.076198651,1.076198651,-0.014362728,0.034801236,0.020051506,0.020300524,-0.001232864,0.012294232,-0.015595592,0.047095468,-0.008095585,0.010738926,-0.016460719,0.047012558,-0.007500007,0.036356542,0.000865127,0.000082910,1,0.001568112,1,0,-0.000001186,0.000008042,0.000000061,1
59.007087985,-0.016000000,0.016000000,-0.005349716,0.027600566,0.002113230,-0.001282110,1.073522568,0.170745346,1.244267914,1.244267914,-0.009285904,0.032747211,0.020021545,0.020266322,0.006232763,0.046372106,-0.003053141,0.079119316,-0.006609303,0.010772481,-0.015501664,0.049715676,0.003556162,0.068346836,0.012448522,0.029403640,1,2.069173084,1,0,-0.000293944,0.000150856,0.000000584,1
59.111091028,-0.012000000,0.024000000,-0.004668958,0.032273092,0.005572142,0.000047820,1.039537311,0.020785732,1.060323043,1.060323043,-0.010858874,0.034270607,0.020029457,0.020291494,0.015996661,0.016199086,0.005137787,0.050469693,-0.005503783,0.011043757,-0.011877857,0.053419089,0.010641570,0.039425937,0.017015644,-0.002949396,1,0.620270987,1,0,0.000014989,0.000097299,0.000000744,1
59.215094071,-0.008000000,0.024000000,-0.005493458,0.027818733,0.002642716,0.001912022,0.994612753,0.014180214,1.008792968,1.008792968,-0.008207715,0.029992177,0.020016835,0.020223632,0.040406886,-0.003960687,0.032199171,0.026031490,-0.005103257,0.009746365,-0.006846837,0.055212174,0.037302427,0.016285125,0.039046008,-0.029180684,1,4.939069265,1,0,0.000184522,0.000190904,0.000001796,1
59.319085113,-0.004000000,0.032000000,-0.004917520,0.027165466,0.000245929,0.002444644,0.930714369,-0.006104660,0.924609708,0.924609708,-0.004774175,0.027377795,0.020005697,0.020186516,-0.011961217,-0.006169593,-0.016735392,0.021208202,-0.004527697,0.007936656,0.002821922,0.050468654,-0.012207696,0.013271546,-0.019557314,-0.029260452,1,2.531226261,1,0,0.000201285,-0.000159506,-0.000000438,1
59.371088154,-0.052000000,-0.020000000,-0.003967931,0.024973209,0.001577509,0.000846748,0.859407008,-0.005811335,0.853595673,0.853595673,-0.004733564,0.022039803,0.020005601,0.020121072,-0.002968918,-0.003217474,-0.007702482,0.018822329,-0.003108051,0.007896922,0.001073727,0.045146711,-0.004594431,0.010925407,-0.008776210,-0.026324383,1,1.581609716,1,0,0.000200213,-0.000098165,0.000000019,1
59.475091194,-0.044000000,-0.012000000,0.000383196,0.025635558,0.002110142,-0.000751149,0.833678484,-0.058045682,0.775632802,0.775632802,-0.001339476,0.019301164,0.020000449,0.020092918,-0.010294104,-0.005789823,-0.011633580,0.013511340,-0.001607470,0.007526766,0.003083182,0.040275307,-0.010026110,0.005984575,-0.014716762,-0.026763967,1,1.920834379,1,0,0.000231194,-0.000161803,-0.000000207,1
59.579094233,-0.040000000,-0.012000000,0.008875738,0.026132791,0.001310995,-0.005809973,0.788669765,-0.133466266,0.655203499,0.655203499,0.004956446,0.013315581,0.020006141,0.020044277,-0.017201700,0.056201928,-0.012245254,0.069517509,0.001088747,0.005846689,0.002965637,0.033589849,-0.013334001,0.063670820,-0.015210891,0.035927660,1,3.188450587,1,0,-0.000348529,-0.000104331,-0.000001493,1
59.683091271,-0.036000000,-0.004000000,0.010951883,0.018752416,-0.002151115,-0.001815231,0.760702908,0.036367074,0.797069982,0.797069982,0.010444007,0.013500122,0.020027251,0.020045512,-0.028225670,-0.023817497,-0.017781663,-0.010317376,0.000897656,0.003651142,0.001563491,0.037438403,-0.018679319,-0.013968517,-0.019345154,-0.047755779,1,5.500217465,1,0,0.000567847,-0.000308601,-0.000000500,1
59.791082308,-0.028000000,0.000000000,0.008151316,0.013413738,-0.007212176,0.001116003,0.688066006,0.044447736,0.732513741,0.732513741,0.011253969,0.010643235,0.020031638,0.020028300,-0.005830806,0.008451314,0.005423163,0.019094549,0.001214878,0.000587266,-0.000130177,0.027678554,0.004208285,0.018507284,0.005553339,-0.008584004,1,0.219800956,1,0,0.000089160,0.000052025,0.000000479,1
59.895076345,-0.024000000,0.008000000,0.008137315,0.015504309,-0.003750066,0.000050740,0.646133721,-0.015401460,0.630732261,0.630732261,0.007497755,0.009811071,0.020014049,0.020024050,-0.000833022,-0.000547986,0.006664733,0.009263085,0.001585553,-0.001111183,0.003016351,0.024379195,0.005079179,0.010374268,0.003648381,-0.015116110,1,0.508531067,1,0,0.000148599,0.000022844,0.000000466,1
59.999079380,-0.020000000,0.008000000,0.014081359,0.016537076,-0.000021642,-0.002079774,0.589095533,-0.012102996,0.576992537,0.576992537,0.008137326,0.008341755,0.020016547,0.020017389,-0.015905880,-0.009731160,-0.007768554,-0.001389405,0.003090936,-0.001951323,0.005345436,0.021342211,-0.010859490,0.000561918,-0.013113990,-0.022731616,1,1.435570210,1,0,0.000230931,-0.000158249,-0.000000457,1
60.103070415,-0.020000000,0.016000000,0.018852320,0.022648431,0.002641527,-0.003943977,0.573444903,0.010977597,0.584422500,0.584422500,0.009473952,0.010931304,0.020022426,0.020029851,0.017340125,-0.004172284,0.026814077,0.006759020,0.003238421,-0.003130343,0.003350487,0.015841136,0.023575655,0.009889363,0.023463590,-0.009082117,1,1.326535419,1,0,0.000096112,0.000249796,0.000001562,1
60.207073449,-0.016000000,0.016000000,0.016957855,0.019349827,-0.001086898,-0.000748183,0.495730788,0.071554163,0.567284950,0.567284950,0.010236517,0.010552433,0.020026179,0.020027819,0.012077313,-0.027534980,0.022313830,-0.016982547,0.002123571,-0.004385153,0.008877067,0.012601262,0.020190259,-0.012597394,0.013436763,-0.029583809,1,2.227397775,1,0,0.000296661,0.000118573,0.000001184,1
60.311070482,-0.012000000,0.024000000,0.014602040,0.018516784,-0.000554266,-0.000215550,0.471757382,-0.020596059,0.451161323,0.451161323,0.006837939,0.008256809,0.020011686,0.020017036,-0.009894939,-0.027905222,-0.003057000,-0.019648413,0.002859794,-0.004137841,0.012653024,0.006063646,-0.005916794,-0.015510572,-0.015710024,-0.025712059,1,1.904447575,1,0,0.000230132,-0.000156015,-0.000000372,1
60.415073514,-0.004000000,0.024000000,0.016249333,0.022036330,0.001309947,-0.000748182,0.457413793,-0.017687672,0.439726120,0.439726120,0.006569238,0.009360955,0.020010786,0.020021895,0.016155617,-0.011978743,0.022724855,-0.002617789,0.002959188,-0.005172332,0.012263299,-0.000419022,0.019765667,0.002554543,0.010461556,-0.002198767,1,0.240621899,1,0,0.000024332,0.000098662,0.000000544,1
60.519070546,0.000000000,0.032000000,0.020154562,0.021860664,-0.002419149,-0.000482331,0.366808057,-0.056036866,0.310771190,0.310771190,0.007015259,0.006643770,0.020012300,0.020011032,0.012041291,-0.023436486,0.019056550,-0.016792716,0.003289061,-0.006037663,0.017808224,-0.001428688,0.015767489,-0.010755053,0.001248326,-0.015364028,1,0.502985838,1,0,0.000145923,0.000005674,0.000000322,1
60.571064577,-0.048000000,-0.020000000,0.021213529,0.020152164,-0.003750730,-0.000748646,0.355081856,-0.014843748,0.340238108,0.340238108,0.008493792,0.006601816,0.020018028,0.020010893,0.034075802,0.023819791,0.042569594,0.030421607,0.004262044,-0.006556065,0.020211186,-0.006612723,0.038307550,0.036977672,0.022358408,0.037034331,1,3.945639413,1,0,-0.000385629,0.000252998,0.000000607,1
60.675076666,-0.044000000,-0.011990971,0.021436133,0.025756594,0.002907174,0.000582934,0.312537849,-0.018916005,0.293621844,0.293621844,0.005440507,0.007733861,0.020007398,0.020014948,-0.022960983,-0.022636409,-0.017520476,-0.014902548,0.002776898,-0.004838849,0.024536805,-0.002934163,-0.020297375,-0.010063699,-0.042057281,-0.011968385,1,4.036852998,1,0,0.000105915,-0.000446464,-0.000002302,1
60.779079694,-0.040000000,-0.011996972,0.021242823,0.043801990,0.005570336,0.000849251,0.200000003,0.000000000,0.000000000,0.000000000,0.000000000,0.000000000,0.020000000,0.020000000,-0.024305242,0.003454039,-0.024305242,0.003454039,0.002443361,-0.004645444,0.018548398,-0.007067897,-0.026748602,0.008099483,-0.042853640,0.010521937,1,4.128358850,1,0,-0.000128110,-0.000444823,-0.000002417,1
60.883085721,-0.040000000,-0.011993973,0.019271650,0.039913445,0.003439806,0.000050302,0.237112641,-0.106320188,0.130792453,0.130792453,0.002070686,0.005226957,0.020001072,0.020006829,0.004708310,-0.006309628,0.006778996,-0.001082672,0.002015336,-0.004937028,0.011476020,-0.007238535,0.004763660,0.003854356,-0.004697024,0.006155863,1,0.127186408,1,0,-0.000088448,-0.000067351,-0.000000435,1
60.987085721,-0.032000000,-0.004000000,0.022400589,0.034616094,-0.001087568,-0.002080227,0.200000003,0.000000000,0.000000000,0.000000000,0.000000000,0.000000000,0.020000000,0.020000000,0.008373459,0.002469266,0.008373459,0.002469266,0.002436193,-0.006076203,0.014840697,-0.008158445,0.005937266,0.008545469,-0.006467238,0.010627711,1,0.329059312,1,0,-0.000153532,-0.000093129,-0.000000642,1
61.091094748,-0.032000000,-0.004000000,0.022026589,0.025273652,-0.000554936,-0.000216014,0.200000003,0.000000000,0.000000000,0.000000000,0.000000000,0.000000000,0.020000000,0.020000000,-0.000759123,0.050340151,-0.000759123,0.050340151,0.001632602,-0.007013333,0.016209541,-0.008932187,-0.002391724,0.057353484,-0.016968663,0.059272337,1,8.071302105,1,0,-0.000940109,-0.000262462,-0.000002410,1
61.191097773,-0.032000000,0.000000000,0.016232374,0.017577186,-0.000288619,-0.001281279,0.200000003,0.000000000,0.000000000,0.000000000,0.000000000,0.000000000,0.020000000,0.020000000,0.009611816,0.010497644,0.009611816,0.010497644,0.001136214,-0.008768509,0.014466618,-0.003488253,0.008475603,0.019266153,-0.004854802,0.013985897,1,0.465599675,1,0,-0.000227956,-0.000078502,-0.000000665,1
61.299094798,-0.024000000,0.004000000,0.009739414,0.007922087,-0.005614943,0.001648198,0.200000003,0.000000000,0.000000000,0.000000000,0.000000000,0.000000000,0.020000000,0.020000000,-0.013266392,-0.006344782,-0.013266392,-0.006344782,0.000114712,-0.011156611,0.013196508,-0.002395409,-0.013381104,0.004811829,-0.026462900,-0.003949373,1,1.522894209,1,0,0.000060274,-0.000450127,-0.000002642,1
61.403097844,-0.020000000,0.012003023,0.003244632,0.006299418,-0.001087568,0.002713463,0.200000003,0.000000000,0.000000000,0.000000000,0.000000000,0.000000000,0.020000000,0.020000000,-0.023478000,0.009847569,-0.023478000,0.009847569,-0.000429211,-0.009950999,0.010144020,-0.003675023,-0.023048789,0.019798568,-0.033622020,0.013522592,1,2.796534922,1,0,-0.000210529,-0.000536193,-0.000003516,1
61.507100866,-0.016000000,0.020003022,0.002890533,0.008538432,0.003162721,0.002448164,0.200000003,0.000000000,0.000000000,0.000000000,-0.000000000,0.000000000,0.020000000,0.020000000,-0.005643660,0.006306041,-0.005643660,0.006306041,-0.000068043,-0.009757000,0.007146259,0.000752487,-0.005575617,0.016063041,-0.012789919,0.005553554,1,0.414702021,1,0,-0.000080518,-0.000189081,-0.000001233,1
61.611106887,-0.012000000,0.020006021,0.005472982,0.010049189,0.004760618,-0.002345526,0.200000003,0.000000000,0.000000000,0.000000000,0.000000000,0.000000000,0.020000000,0.020000000,0.022677150,0.016177853,0.022677150,0.016177853,-0.000307532,-0.010233296,0.003984754,-0.000547490,0.022984682,0.026411149,0.018692396,0.016725342,1,1.341313520,0,0,0.000000000,0.000000000,0.000000000,1
61.715109907,-0.004000000,0.028003020,0.002030698,-0.003470448,-0.000565705,-0.000747630,0.200000003,0.000000000,0.000000000,0.000000000,0.000000000,-0.000000000,0.020000000,0.020000000,-0.017036389,0.007458081,-0.017036389,0.007458081,-0.000104640,-0.011894147,0.006683173,0.000456205,-0.016931749,0.019352228,-0.023719563,0.007001876,1,1.307348517,0,0,0.000000000,0.000000000,0.000000000,1
61.819115925,-0.004000000,0.028006018,-0.001799881,-0.015188841,-0.000299388,0.003247113,0.200000003,0.000000000,0.000000000,0.000000000,-0.000000000,-0.000000000,0.020000000,0.020000000,-0.019775448,0.014015053,-0.019775448,0.014015053,-0.002218538,-0.010943581,0.004073436,0.004027385,-0.017556910,0.024958634,-0.023848884,0.009987668,1,1.427627685,0,0,0.000000000,0.000000000,0.000000000,1
61.919118943,0.000000000,0.032003018,-0.004672646,-0.011555919,0.008222729,0.002980795,0.200000003,0.000000000,0.000000000,0.000000000,-0.000000000,-0.000000000,0.020000000,0.020000000,-0.001330153,-0.005254650,-0.001330153,-0.005254650,-0.002480943,-0.009037478,0.001231652,0.005691213,0.001150790,0.003782828,-0.002561805,-0.010945863,1,0.269276407,0,0,-0.000000000,-0.000000000,-0.000000000,1
61.971118943,-0.052000000,-0.020000000,-0.002164018,-0.035217894,0.005026934,-0.000214999,0.200000003,0.000000000,0.000000000,0.000000000,-0.000000000,-0.000000000,0.020000000,0.020000000,0.016984006,-0.013298266,0.016984006,-0.013298266,-0.001427732,-0.001255387,0.002152140,0.022864069,0.018411738,-0.012042879,0.014831866,-0.036162335,1,3.227878669,0,0,0.000000000,0.000000000,0.000000000,1
62.075115960,-0.044000000,-0.012000000,0.000737951,-0.008672237,0.000499560,0.000317635,0.200000003,0.000000000,0.000000000,0.000000000,0.000000000,-0.000000000,0.020000000,0.020000000,0.047838756,0.001762397,0.047838756,0.001762397,-0.004206358,-0.001836103,0.004210863,0.018335904,0.052045114,0.003598501,0.043627893,-0.016573506,1,4.598012063,0,0,0.000000000,0.000000000,0.000000000,1
62.179124975,-0.044000000,-0.012000000,-0.000003903,-0.000002059,-0.000305161,0.001916448,0.200000003,0.000000000,0.000000000,0.000000000,0.000000000,0.000000000,0.020000000,0.020000000,-0.025812098,-0.008216326,-0.025812098,-0.008216326,-0.004559463,-0.000985151,0.011094459,0.015762354,-0.021252635,-0.007231175,-0.036906557,-0.023978680,1,4.070944525,0,0,-0.000000000,-0.000000000,-0.000000000,1
62.283127989,-0.040000000,-0.004000000,-0.000003880,-0.000002501,-0.000571477,0.000052235,0.200000003,0.000000000,0.000000000,0.000000000,0.000000000,0.000000000,0.020000000,0.020000000,-0.017855464,-0.007635435,-0.017855464,-0.007635435,-0.003986365,0.000780039,0.006399674,0.011955969,-0.013869099,-0.008415474,-0.024255138,-0.019591404,1,2.033333328,0,0,-0.000000000,-0.000000000,-0.000000000,1
62.387131002,-0.032000000,-0.004000000,-0.000004029,-0.000002515,-0.001104110,0.000052235,0.200000003,0.000000000,0.000000000,0.000000000,0.000000000,0.000000000,0.020000000,0.020000000,0.010212711,0.006427173,0.010212711,0.006427173,-0.003408144,-0.000490378,0.001256284,0.006828665,0.013620855,0.006917551,0.008956426,-0.000401492,1,0.167248978,0,0,0.000000000,0.000000000,0.000000000,1
62.491137025,-0.028000000,-0.003996989,-0.000004078,-0.000002477,-0.000305161,0.001117500,0.200000003,0.000000000,0.000000000,0.000000000,0.000000000,0.000000000,0.020000000,0.020000000,0.013501673,0.014823771,0.013501673,0.014823771,-0.004392914,0.000589092,0.005198379,0.009053485,0.017894587,0.014234679,0.008303295,0.005770286,1,0.210735007,0,0,0.000000000,0.000000000,0.000000000,1
62.599134034,-0.024000000,0.007997009,-0.000004183,-0.000002440,-0.000038845,0.000318551,0.200000003,0.000000000,0.000000000,0.000000000,0.000000000,0.000000000,0.020000000,0.020000000,-0.022100590,-0.038647832,-0.022100590,-0.038647832,-0.004170206,0.001924441,0.007750801,0.011611602,-0.017930384,-0.040572273,-0.029851391,-0.050259434,1,6.990008519,0,0,-0.000000000,-0.000000000,-0.000000000,1
62.699143042,-0.024000000,0.012009008,-0.000004338,-0.000002416,-0.000038845,0.000318551,0.200000003,0.000000000,0.000000000,0.000000000,0.000000000,0.000000000,0.020000000,0.020000000,0.001238871,-0.003521387,0.001238871,-0.003521387,-0.004037072,0.002211516,0.003430440,0.001260910,0.005275943,-0.005732903,-0.002191569,-0.004782296,1,0.056205377,0,0,-0.000000000,-0.000000000,-0.000000000,1
62.803146049,-0.016000000,0.012003007,-0.000004749,-0.000002529,0.000760104,0.000052235,0.200000003,0.000000000,0.000000000,0.000000000,-0.000000000,0.000000000,0.020000000,0.020000000,-0.019358037,0.030796734,-0.019358037,0.030796734,-0.005396284,0.001261462,0.003907088,-0.000590559,-0.013961753,0.029535271,-0.023265125,0.031387292,1,3.089188919,0,0,0.000000000,0.000000000,0.000000000,1
62.907143054,-0.016000000,0.011997005,-0.000004898,-0.000002575,-0.000305161,0.000584868,0.200000003,0.000000000,0.000000000,0.000000000,0.000000000,0.000000000,0.020000000,0.020000000,0.012173747,-0.002380681,0.012173747,-0.002380681,-0.005636924,0.000802691,0.001453931,0.005698280,0.017810670,-0.003183372,0.010719816,-0.008078962,1,0.359867931,0,0,0.000000000,0.000000000,0.000000000,1
63.011146059,-0.008000000,0.020003005,-0.000005022,-0.000002639,-0.000040667,-0.001279118,0.200000003,0.000000000,0.000000000,0.000000000,0.000000000,-0.000000000,0.020000000,0.020000000,0.008446615,0.034004829,0.008446615,0.034004829,-0.005814982,0.001012170,0.002711663,0.004609112,0.014261597,0.032992659,0.005734953,0.029395717,1,1.791373028,0,0,0.000000000,0.000000000,0.000000000,1
63.115149061,-0.008000000,0.028003002,-0.000005131,-0.000002678,-0.000573299,-0.000213854,0.200000003,0.000000000,0.000000000,0.000000000,0.000000000,-0.000000000,0.020000000,0.020000000,0.019533744,0.003773531,0.019533744,0.003773531,-0.004259010,0.001804324,0.006961467,0.012086927,0.023792754,0.001969207,0.012572277,-0.008313396,1,0.447656943,0,0,0.000000000,0.000000000,0.000000000,1
63.219149061,0.000000000,0.028000000,-0.000005310,-0.000002733,-0.000839615,0.000052462,0.200000003,0.000000000,0.000000000,0.000000000,0.000000000,0.000000000,0.020000000,0.020000000,0.003451273,0.016600993,0.003451273,0.016600993,-0.005920431,0.001880936,0.009690002,0.011503315,0.009371705,0.014720057,-0.006238728,0.005097678,1,0.127878796,0,0,0.000000000,0.000000000,0.000000000,1
63.271146063,-0.048000000,-0.016000000,-0.000005316,-0.000002746,-0.000040667,-0.000480170,0.200000003,0.000000000,0.000000000,0.000000000,0.000000000,-0.000000000,0.020000000,0.020000000,0.003470635,0.001989837,0.003470635,0.001989837,-0.005591692,0.003130454,0.010542849,0.012113838,0.009062327,-0.001140617,-0.007072215,-0.010124001,1,0.299086042,0,0,-0.000000000,-0.000000000,-0.000000000,1
63.375143063,-0.048000000,-0.016000000,-0.000005452,-0.000002808,-0.000839615,0.000052462,0.200000003,0.000000000,0.000000000,0.000000000,0.000000000,0.000000000,0.020000000,0.020000000,0.001356030,0.041050647,0.001356030,0.041050647,-0.003928247,0.003319031,0.012201006,0.009618668,0.005284277,0.037731616,-0.010844976,0.031431979,1,2.172733976,0,0,0.000000000,0.000000000,0.000000000,1
63.479146062,-0.040000000,-0.008000000,-0.000005587,-0.000002861,0.000491965,0.000052462,0.200000003,0.000000000,0.000000000,0.000000000,-0.000000000,0.000000000,0.020000000,0.020000000,-0.004769183,0.010453848,-0.004769183,0.010453848,-0.004673189,0.002670216,0.010535604,0.016845864,-0.000095993,0.007783633,-0.015304786,-0.006392016,1,0.534040557,0,0,-0.000000000,-0.000000000,-0.000000000,1
63.583140059,-0.036000000,-0.008000000,-0.000005671,-0.000002902,-0.000040668,0.001117727,0.200000003,0.000000000,0.000000000,0.000000000,0.000000000,0.000000000,0.020000000,0.020000000,0.018157144,0.026608995,0.018157144,0.026608995,-0.004927062,0.003803585,0.008532651,0.018658433,0.023084206,0.022805410,0.009624493,0.007950563,1,0.302851069,0,0,0.000000000,0.000000000,0.000000000,1
63.687143056,-0.032000000,0.000000000,-0.000007632,-0.000003924,-0.000306983,-0.000746486,0.200000003,0.000000000,0.000000000,0.000000000,0.000000000,-0.000000000,0.020000000,0.020000000,-0.043909693,-0.017583709,-0.043909693,-0.017583709,-0.003761607,0.004477478,0.015278495,0.022531585,-0.040148086,-0.022061187,-0.059188188,-0.040115294,1,9.920249115,0,0,-0.000000000,-0.000000000,-0.000000000,1
63.791146051,-0.028000000,0.000000000,-0.000011719,-0.000006450,0.000761081,-0.000213907,0.200000003,0.000000000,0.000000000,0.000000000,-0.000000000,-0.000000000,0.020000000,0.020000000,0.007163358,-0.008922296,0.007163358,-0.008922296,-0.004146337,0.004837937,0.002565548,0.014625183,0.011309695,-0.013760233,0.004597810,-0.023547480,1,1.129106733,0,0,0.000000000,0.000000000,0.000000000,1
63.895143045,-0.024000000,0.008000000,-0.000011301,-0.000006380,-0.000570500,-0.000213907,0.200000003,0.000000000,0.000000000,0.000000000,0.000000000,-0.000000000,0.020000000,0.020000000,0.003965275,0.021278029,0.003965275,0.021278029,-0.004340983,0.004692132,0.007131586,0.011274562,0.008306258,0.016585898,-0.003166311,0.010003468,1,0.215734800,0,0,0.000000000,0.000000000,0.000000000,1
63.999140037,-0.024000000,0.008000000,-0.000011278,-0.000006375,-0.000037867,-0.000213907,0.200000003,0.000000000,0.000000000,0.000000000,0.000000000,-0.000000000,0.020000000,0.020000000,0.050595612,-0.036849494,0.050595612,-0.036849494,-0.003582864,0.005030987,0.008837933,0.014393997,0.054178476,-0.041880482,0.041757679,-0.051243492,1,8.513687506,0,0,0.000000000,0.000000000,0.000000000,1
64.103134018,-0.020000000,0.015996990,-0.000011278,-0.000006375,0.000228449,0.000318726,0.200000003,0.000000000,0.000000000,0.000000000,-0.000000000,0.000000000,0.020000000,0.020000000,-0.022881804,0.013027276,-0.022881804,0.013027276,-0.003292978,0.006688952,0.021550958,0.005632276,-0.019588825,0.006338325,-0.044432762,0.007395000,1,3.922100058,0,0,0.000000000,0.000000000,0.000000000,1
64.207137007,-0.012000000,0.016002989,-0.000011464,-0.000000041,-0.000038652,0.000587402,0.200000003,0.000000000,0.000000000,0.000000000,0.000000000,0.000000000,0.020000000,0.020000000,-0.029097625,-0.049048515,-0.029097625,-0.049048515,-0.002975954,0.006747085,0.013115601,0.008133947,-0.026121671,-0.055795599,-0.042213226,-0.057182462,1,9.863617032,0,0,-0.000000000,-0.000000000,-0.000000000,1
64.315121995,-0.004000000,0.027984988,-0.000011465,-0.000000032,0.001026612,0.000054770,0.200000003,0.000000000,0.000000000,0.000000000,-0.000000000,0.000000000,0.020000000,0.020000000,0.029336840,0.009784686,0.029336840,0.009784686,-0.002160206,0.006912186,0.006572242,-0.003772780,0.031497047,0.002872500,0.022764599,0.013557466,1,1.365308200,0,0,0.000000000,0.000000000,0.000000000,1
64.419124981,-0.004000000,0.028002986,-0.000011465,-0.000000041,-0.000037599,-0.000477690,0.200000003,0.000000000,0.000000000,0.000000000,0.000000000,-0.000000000,0.020000000,0.020000000,0.022528066,0.032666867,0.022528066,0.032666867,-0.001821946,0.007393376,0.014310830,-0.001690801,0.024350012,0.025273491,0.008217236,0.034357668,1,2.442680474,0,0,0.000000000,0.000000000,0.000000000,1
64.523121967,0.000000000,0.035996986,-0.000011465,-0.000000041,0.001027665,0.000587575,0.200000003,0.000000000,0.000000000,0.000000000,-0.000000000,0.000000000,0.020000000,0.020000000,-0.038738322,0.025269157,-0.038738322,0.025269157,-0.000195403,0.006559356,0.020861094,0.005406462,-0.038542919,0.018709801,-0.059599416,0.019862695,1,7.669872937,0,0,0.000000000,0.000000000,0.000000000,1
64.575118951,-0.044000000,-0.016003016,-0.000011465,-0.000000041,0.000228717,0.000321259,0.200000003,0.000000000,0.000000000,0.000000000,-0.000000000,0.000000000,0.020000000,0.020000000,0.033119552,0.018565269,0.033119552,0.018565269,0.001628042,0.005559452,0.011793246,0.010099429,0.031491511,0.013005818,0.021326307,0.008465841,1,1.025850689,0,0,0.000000000,0.000000000,0.000000000,1
64.679115935,-0.040000000,-0.008003016,-0.000011465,-0.000000041,-0.000037599,0.000587575,0.200000003,0.000000000,0.000000000,0.000000000,0.000000000,0.000000000,0.020000000,0.020000000,-0.003944099,-0.005404286,-0.003944099,-0.005404286,0.000943834,0.007295034,0.017074886,0.014981134,-0.004887933,-0.012699320,-0.021018985,-0.020385420,1,1.674958608,0,0,-0.000000000,-0.000000000,-0.000000000,1
64.783121917,-0.040000000,-0.007994018,-0.000011465,-0.000000041,-0.000569185,0.000054880,0.200000003,0.000000000,0.000000000,0.000000000,0.000000000,0.000000000,0.020000000,0.020000000,0.024885054,0.002022830,0.024885054,0.002022830,0.000555276,0.007839154,0.013340579,0.010810021,0.024329777,-0.005816324,0.011544475,-0.008787192,1,0.410619510,0,0,0.000000000,0.000000000,0.000000000,1
64.887118898,-0.036000000,-0.008003019,-0.000011465,-0.000000041,-0.000835502,-0.000477752,0.200000003,0.000000000,0.000000000,0.000000000,0.000000000,-0.000000000,0.020000000,0.020000000,-0.017107188,0.005767942,-0.017107188,0.005767942,0.000913467,0.007810029,0.019166634,0.010868110,-0.018020655,-0.002042086,-0.036273822,-0.005100167,1,2.605187841,0,0,-0.000000000,-0.000000000,-0.000000000,1
64.991127879,-0.032000000,0.000008981,-0.000011465,-0.000000041,-0.001368134,0.000321197,0.200000003,0.000000000,0.000000000,0.000000000,0.000000000,0.000000000,0.020000000,0.020000000,0.010904497,0.001661714,0.010904497,0.001661714,0.000723341,0.008881264,0.013181404,0.010992411,0.010181156,-0.007219549,-0.002276908,-0.009330696,1,0.180959388,0,0,-0.000000000,-0.000000000,-0.000000000,1
65.095130858,-0.028000000,0.008002979,-0.000011465,-0.000000041,-0.000302869,0.000054880,0.200000003,0.000000000,0.000000000,0.000000000,0.000000000,0.000000000,0.020000000,0.020000000,0.017007453,0.041012619,0.017007453,0.041012619,0.000639215,0.009217080,0.015335906,0.008643241,0.016368239,0.031795539,0.001671547,0.032369378,1,2.063331365,0,0,0.000000000,0.000000000,0.000000000,1
65.199127836,-0.024000000,0.007996978,-0.000011465,-0.000000041,0.000497515,-0.000211573,0.200000003,0.000000000,0.000000000,0.000000000,-0.000000000,-0.000000000,0.020000000,0.020000000,-0.044125863,-0.023011187,-0.044125863,-0.023011187,0.002525031,0.008019268,0.018654911,0.013282773,-0.046650894,-0.031030455,-0.062780774,-0.036293960,1,10.252297650,0,0,-0.000000000,-0.000000000,-0.000000000,1
65.303118813,-0.016000000,0.015990977,-0.000011465,-0.000000041,-0.000035117,0.000054743,0.200000003,0.000000000,0.000000000,0.000000000,0.000000000,0.000000000,0.020000000,0.020000000,0.007220493,-0.008715210,0.007220493,-0.008715210,0.003625113,0.006223523,0.009232899,0.003747869,0.003595380,-0.014938734,-0.002012406,-0.012463079,1,0.313566730,0,0,-0.000000000,-0.000000000,-0.000000000,1
65.407115789,-0.016000000,0.015996976,-0.000011465,-0.000000041,-0.000834065,-0.000477890,0.200000003,0.000000000,0.000000000,0.000000000,0.000000000,-0.000000000,0.020000000,0.020000000,0.029663044,-0.024832428,0.029663044,-0.024832428,0.004355303,0.005815236,0.011992562,-0.000386188,0.025307742,-0.030647664,0.017670483,-0.024446239,1,1.782240272,0,0,0.000000000,0.000000000,0.000000000,1
65.511118764,-0.012000000,0.024002975,-0.000011465,-0.000000041,0.000497515,-0.000211574,0.200000003,0.000000000,0.000000000,0.000000000,-0.000000000,-0.000000000,0.020000000,0.020000000,0.005742774,-0.005714494,0.005742774,-0.005714494,0.004898383,0.004366384,0.017942425,-0.007029399,0.000844391,-0.010080878,-0.012199652,0.001314905,1,0.293238842,0,0,0.000000000,0.000000000,0.000000000,1
