stamp,self_id,target_id,com_global_x,com_global_y,com_global_z,gt_x,gt_y,gt_z,com_error_x,com_error_y,com_error_z,com_error_norm,com_stamp_dt
33.000000000,3,0,0.040458099,-0.005489211,0.472845287,0.030065640,0.023885166,0.560322207,0.010392460,-0.029374377,-0.087476921,0.092860481,0.000000000
33.000000000,3,1,1.959096983,-0.006851941,0.587894396,1.992590954,0.038419783,0.651746939,-0.033493971,-0.045271724,-0.063852543,0.085138254,0.192000000
33.000000000,3,2,2.036136401,1.958751071,0.528469742,2.020764653,2.036789467,0.648948798,0.015371748,-0.078038396,-0.120479056,0.144365802,-0.100000000
33.100000000,3,0,0.055706401,-0.015808937,0.549852333,0.030906408,0.024919241,0.637712874,0.024799993,-0.040728178,-0.087860541,0.099966488,0.000000000
33.100000000,3,1,1.984987116,-0.040078983,0.645003044,1.991696639,0.039033411,0.729246504,-0.006709523,-0.079112395,-0.084243459,0.115761605,-0.100000000
33.100000000,3,2,2.088540972,1.957976496,0.593190538,2.021335031,2.038266275,0.725419861,0.067205941,-0.080289779,-0.132229323,0.168664404,-0.100000000
33.200000000,3,0,0.109538107,-0.002740038,0.629169120,0.031133373,0.025365558,0.694732711,0.078404734,-0.028105596,-0.065563591,0.105999110,0.000000000
33.200000000,3,1,2.013683102,-0.040837107,0.719189002,1.991056321,0.039130792,0.785919101,0.022626781,-0.079967899,-0.066730099,0.106582092,-0.100000000
33.200000000,3,2,2.129973357,1.956490312,0.678185330,2.021590217,2.039005359,0.781227970,0.108383140,-0.082515046,-0.103042640,0.170802293,-0.100000000
33.300000000,3,0,0.109122197,-0.031382858,0.688758139,0.030901617,0.025535602,0.779278614,0.078220580,-0.056918460,-0.090520474,0.132484439,0.000000000
33.300000000,3,1,2.033839054,-0.069995526,0.790000902,1.990134421,0.038805818,0.869296387,0.043704633,-0.108801344,-0.079295485,0.141547170,-0.100000000
33.300000000,3,2,2.132095955,2.010723332,0.742006253,2.021769409,2.039605484,0.863347007,0.110326546,-0.028882152,-0.121340755,0.166522383,-0.100000000
33.400000000,3,0,0.145807120,-0.009991968,0.767346264,0.030111846,0.025166114,0.860272931,0.115695274,-0.035158082,-0.092926667,0.152501976,0.000000000
33.400000000,3,1,2.086796419,-0.025485592,0.855160849,1.989303877,0.038070704,0.948592190,0.097492542,-0.063556296,-0.093431341,0.149243472,-0.100000000
33.400000000,3,2,2.131014007,1.984794415,0.812021897,2.021750435,2.039677960,0.941379616,0.109263571,-0.054883544,-0.129357719,0.178000424,-0.100000000
33.500000000,3,0,0.179863353,-0.062730068,0.829477982,0.029244551,0.024606757,0.919097576,0.150618802,-0.087336824,-0.089619594,0.195819856,0.000000000
33.500000000,3,1,2.113125877,-0.047557776,0.930998953,1.988740100,0.037307527,1.005826544,0.124385777,-0.084865302,-0.074827591,0.168146096,-0.100000000
33.500000000,3,2,2.133253953,1.973246829,0.881767725,2.021610522,2.039453394,0.997666189,0.111643430,-0.066206565,-0.115898464,0.174011548,-0.100000000
33.600000000,3,0,0.172650251,-0.067407799,0.893778517,0.027648455,0.023443736,1.001986081,0.145001796,-0.090851535,-0.108207564,0.202455919,0.000000000
33.600000000,3,1,2.124261733,-0.068160921,1.009023863,1.987989023,0.035906542,1.086301691,0.136272711,-0.104067464,-0.077277828,0.188074856,-0.100000000
33.600000000,3,2,2.139655725,1.949608269,0.945666430,2.021202306,2.038808656,1.076640961,0.118453419,-0.089200387,-0.130974531,0.197844003,-0.100000000
33.700000000,3,0,0.172400163,-0.071263850,0.963804579,0.025606355,0.021867891,1.085941303,0.146793809,-0.093131741,-0.122136724,0.212460168,-0.100000000
33.700000000,3,1,2.104027477,-0.053802475,1.077985538,1.987253514,0.034061634,1.167717048,0.116773963,-0.087864108,-0.089731510,0.171487621,-0.100000000
33.700000000,3,2,2.192486289,1.948551726,1.018796949,2.020514156,2.037849650,1.156434787,0.171972133,-0.089297924,-0.137637838,0.237681948,-0.100000000
33.800000000,3,0,0.114317723,-0.047401581,1.035824710,0.023960357,0.020592845,1.143990800,0.090357366,-0.067994426,-0.108166090,0.156485139,0.000000000
33.800000000,3,1,2.074913543,-0.048152744,1.136686274,1.986757665,0.032523051,1.224054063,0.088155878,-0.080675795,-0.087367789,0.148030988,-0.100000000
33.800000000,3,2,2.161115477,1.995871625,1.085339010,2.019887803,2.037060925,1.211546730,0.141227674,-0.041189300,-0.126207721,0.193830346,-0.100000000
33.900000000,3,0,0.127411754,0.014854204,1.112428890,0.021328875,0.018587764,1.226673500,0.106082879,-0.003733560,-0.114244610,0.155946618,0.000000000
33.900000000,3,1,2.071533505,0.013702872,1.217230769,1.986094783,0.029986700,1.304326011,0.085438722,-0.016283829,-0.087095243,0.123087447,-0.100000000
33.900000000,3,2,2.136859568,1.970545425,1.176734106,2.018808025,2.035814574,1.289983084,0.118051543,-0.065269149,-0.113248978,0.176129383,-0.100000000
34.000000000,3,0,0.109252886,-0.005847184,1.192848596,0.018377169,0.016387957,1.311329350,0.090875718,-0.022235141,-0.118480755,0.150965184,0.000000000
34.000000000,3,1,2.037476444,0.021109750,1.284413553,1.985480812,0.027008978,1.386552909,0.051995632,-0.005899228,-0.102139356,0.114764083,-0.100000000
34.000000000,3,2,2.116800954,2.017305786,1.265362724,2.017475270,2.034421816,1.370200082,0.099325684,-0.017116029,-0.104837358,0.145428408,-0.100000000
34.100000000,3,0,0.099780680,0.014514998,1.257031065,0.016219164,0.014780316,1.370519079,0.083561516,-0.000265318,-0.113488014,0.140933058,0.000000000
34.100000000,3,1,2.043754109,0.004910226,1.348616556,1.985073735,0.024719926,1.444049366,0.058680374,-0.019809700,-0.095432810,0.113768325,-0.100000000
34.100000000,3,2,2.067434349,2.013353245,1.325920384,2.016402247,2.033369268,1.426260945,0.051032102,-0.020016023,-0.100340561,0.114337854,-0.100000000
34.200000000,3,0,0.061401791,0.037395623,1.325074396,0.014144924,0.013211072,1.426234017,0.047256866,0.024184551,-0.101159621,0.114242605,0.000000000
34.200000000,3,1,2.077952491,0.012712439,1.429604089,1.984692951,0.022433284,1.498169410,0.093259540,-0.009720844,-0.068565321,0.116159545,-0.100000000
34.200000000,3,2,2.089858294,2.015349426,1.419624744,2.015282831,2.032311491,1.479057984,0.074575463,-0.016962065,-0.059433239,0.096858254,-0.100000000
34.300000000,3,0,0.054470735,0.037285802,1.392073576,0.010265257,0.010153105,1.529445557,0.044205478,0.027132697,-0.137371981,0.146837900,-0.100000000
34.300000000,3,1,2.039765715,0.002749562,1.511098359,1.983982526,0.017985371,1.597651945,0.055783189,-0.015235809,-0.086553585,0.104093310,-0.100000000
34.300000000,3,2,2.146055344,1.966031338,1.509701647,2.012980326,2.030233200,1.576612561,0.133075017,-0.064201862,-0.066910915,0.162197133,-0.100000000
34.400000000,3,0,0.064030408,-0.050932404,1.483007021,0.008270599,0.008505758,1.582731328,0.055759809,-0.059438162,-0.099724307,0.128790484,0.000000000
34.400000000,3,1,1.996401101,-0.076326949,1.567479090,1.983627187,0.015650553,1.648496001,0.012773914,-0.091977503,-0.081016911,0.123234629,-0.100000000
34.400000000,3,2,2.161770943,1.962757069,1.585334796,2.011709847,2.029144002,1.626675783,0.150061096,-0.066386932,-0.041340986,0.169217713,-0.100000000
34.500000000,3,0,0.064504534,-0.036112114,1.566508563,0.005260113,0.005922917,1.664883847,0.059244421,-0.042035032,-0.098375284,0.122288764,0.000000000
34.500000000,3,1,2.019319964,-0.043209080,1.628606054,1.983108328,0.012058549,1.726339382,0.036211636,-0.055267629,-0.097733328,0.117972865,-0.100000000
34.500000000,3,2,2.181584366,1.928130766,1.647030987,2.009670345,2.027514988,1.703420982,0.171914021,-0.099384222,-0.056389996,0.206425497,-0.100000000
34.600000000,3,0,0.032638295,-0.017026964,1.638962183,0.003459861,0.004312616,1.715929338,0.029178435,-0.021339580,-0.076967155,0.085033533,0.000000000
34.600000000,3,1,2.022812164,-0.044008663,1.691423701,1.982796505,0.009844892,1.774609671,0.040015659,-0.053853555,-0.083185970,0.106870782,-0.100000000
34.600000000,3,2,2.166647117,1.979120556,1.705161862,2.008357058,2.026549872,1.751015214,0.158290059,-0.047429316,-0.045853353,0.171487063,-0.100000000
34.700000000,3,0,0.027057963,-0.003720888,1.715054513,0.000920951,0.001898242,1.792397529,0.026137012,-0.005619129,-0.077343016,0.081833123,0.000000000
34.700000000,3,1,1.980717500,-0.070913241,1.759768550,1.982328711,0.006574294,1.847045776,-0.001611211,-0.077487535,-0.087277225,0.116722869,-0.100000000
34.700000000,3,2,2.125131504,1.950342501,1.763268949,2.006333467,2.025174296,1.822517123,0.118798037,-0.074831795,-0.059248174,0.152391329,-0.100000000
34.800000000,3,0,0.019470588,-0.062879555,1.782378668,-0.000964119,-0.000090687,1.854447439,0.020434707,-0.062788868,-0.072068771,0.097744192,0.000000000
34.800000000,3,1,2.001168265,-0.128894113,1.838607519,1.981939914,0.003969148,1.906176391,0.019228351,-0.132863261,-0.067568873,0.150292808,-0.100000000
34.800000000,3,2,2.121679448,1.919662124,1.840220340,2.004658403,2.024106371,1.880838355,0.117021045,-0.104444247,-0.040618015,0.162025766,-0.100000000
34.900000000,3,0,0.015630077,-0.063528170,1.855511540,-0.002848397,-0.002379125,1.923819331,0.018478474,-0.061149045,-0.068307790,0.093523334,0.000000000
34.900000000,3,1,2.018987116,-0.101908935,1.900814303,1.981505018,0.001114498,1.972589189,0.037482097,-0.103023433,-0.071774886,0.131035757,-0.100000000
34.900000000,3,2,2.060750479,1.904214403,1.900614032,2.002793382,2.022964617,1.946078332,0.057957096,-0.118750214,-0.045464299,0.139741336,-0.100000000
35.000000000,3,0,-0.013669729,-0.079264732,1.926173399,-0.004567296,-0.004909984,1.997438303,-0.009102434,-0.074354748,-0.071264905,0.103393276,0.000000000
35.000000000,3,1,1.976545217,-0.150309079,1.963305940,1.981063200,-0.001841430,2.043476389,-0.004517983,-0.148467650,-0.080170449,0.168790865,-0.100000000
35.000000000,3,2,2.078616914,1.878912252,1.966629512,2.000839780,2.021832527,2.015233100,0.077777134,-0.142920275,-0.048603588,0.169816949,-0.100000000
35.100000000,3,0,-0.049997145,-0.130767127,1.984296341,-0.005568387,-0.006701047,2.048023226,-0.044428758,-0.124066080,-0.063726885,0.146381087,0.000000000
35.100000000,3,1,1.962798322,-0.163519808,2.035197341,1.980770446,-0.003815743,2.092307232,-0.017972124,-0.159704064,-0.057109891,0.170557689,-0.100000000
35.100000000,3,2,2.064014451,1.863920209,2.023416207,1.999528958,2.021110989,2.062738769,0.064485493,-0.157190779,-0.039322561,0.174394907,-0.100000000
35.200000000,3,0,-0.003423452,-0.140113014,2.045922303,-0.006735169,-0.009190932,2.118188924,0.003311717,-0.130922083,-0.072266621,0.149579490,0.000000000
35.200000000,3,1,1.977900998,-0.165581853,2.101575792,1.980363456,-0.006463520,2.160171497,-0.002462458,-0.159118333,-0.058595706,0.169582323,-0.100000000
35.200000000,3,2,2.033966101,1.881548081,2.099590251,1.997801356,2.020171370,2.128972852,0.036164745,-0.138623289,-0.029382601,0.146245145,-0.100000000
35.300000000,3,0,0.006270310,-0.136160575,2.114720827,-0.007662033,-0.011504580,2.186979447,0.013932343,-0.124655994,-0.072258619,0.144756814,0.000000000
35.300000000,3,1,1.978787412,-0.174594074,2.162127329,1.979959600,-0.008887265,2.226804644,-0.001172188,-0.165706809,-0.064677315,0.177885569,-0.100000000
35.300000000,3,2,2.086860595,1.857456671,2.166524228,1.996274170,2.019294511,2.194491928,0.090586425,-0.161837839,-0.027967700,0.187562200,-0.100000000
35.400000000,3,0,0.001197723,-0.132686610,2.196148049,-0.008392641,-0.013576935,2.256794984,0.009590364,-0.119109676,-0.060646935,0.134004256,0.000000000
35.400000000,3,1,1.979998535,-0.164686433,2.229917006,1.979552991,-0.011095754,2.294668844,0.000445544,-0.153590679,-0.064751838,0.166682620,-0.100000000
35.400000000,3,2,2.078082664,1.843654005,2.209034656,1.994927046,2.018417683,2.261659631,0.083155618,-0.174763677,-0.052624976,0.200565670,-0.100000000
35.500000000,3,0,0.013214607,-0.166747259,2.248763011,-0.008758281,-0.014762227,2.303718718,0.021972887,-0.151985033,-0.054955708,0.163102384,0.000000000
35.500000000,3,1,2.042961939,-0.200147530,2.286138371,1.979285051,-0.012404330,2.340417436,0.063676887,-0.187743200,-0.054279064,0.205544331,-0.100000000
35.500000000,3,2,2.077912991,1.846216021,2.284636488,1.994138628,2.017823209,2.307265663,0.083774362,-0.171607188,-0.022629175,0.192299897,-0.100000000
35.600000000,3,0,0.016411317,-0.150827807,2.308233386,-0.009101352,-0.016112978,2.368681418,0.025512668,-0.134714830,-0.060448031,0.149843071,0.000000000
35.600000000,3,1,2.010029716,-0.187657077,2.356091573,1.978898782,-0.013918583,2.404009381,0.031130935,-0.173738494,-0.047917808,0.182894274,-0.100000000
35.600000000,3,2,2.090957882,1.798139902,2.345562643,1.993189633,2.016981209,2.370987799,0.097768249,-0.218841307,-0.025425156,0.241032336,-0.100000000
35.700000000,3,0,0.025869469,-0.189278644,2.376871781,-0.009236995,-0.016863721,2.413621376,0.035106464,-0.172414923,-0.036749596,0.179749555,0.000000000
35.700000000,3,1,2.019757131,-0.193033048,2.405179906,1.978618478,-0.014715791,2.447791753,0.041138653,-0.178317256,-0.042611847,0.187896786,-0.100000000
35.700000000,3,2,2.069491287,1.867527446,2.402679313,1.992607192,2.016350501,2.415235037,0.076884094,-0.148823055,-0.012555724,0.167979499,-0.100000000
35.800000000,3,0,0.031433746,-0.166906451,2.438095231,-0.009291847,-0.017675539,2.475940341,0.040725593,-0.149230912,-0.037845110,0.159250404,0.000000000
35.800000000,3,1,2.053492315,-0.143382727,2.454875689,1.978242558,-0.015434682,2.507642336,0.075249757,-0.127948045,-0.052766647,0.157535860,-0.100000000
35.800000000,3,2,2.042309992,1.839270797,2.456833523,1.991860399,2.015310288,2.476243107,0.050449593,-0.176039491,-0.019409584,0.184151556,-0.100000000
35.900000000,3,0,0.016664267,-0.198045497,2.501501909,-0.009188293,-0.018192640,2.531698687,0.025852560,-0.179852857,-0.030196778,0.184193513,0.000000000
35.900000000,3,1,2.019455421,-0.187146477,2.506159730,1.977998207,-0.015638353,2.560580608,0.041457214,-0.171508123,-0.054420878,0.184649313,-0.100000000
35.900000000,3,2,2.105949496,1.809399759,2.506277225,1.991255388,2.014116226,2.530636478,0.114694109,-0.204716467,-0.024359253,0.235917239,-0.100000000
36.000000000,3,0,0.046603934,-0.220478179,2.558959586,-0.008927093,-0.018497751,2.579877846,0.055531027,-0.201980428,-0.020918260,0.210516892,0.000000000
36.000000000,3,1,2.016896805,-0.204380573,2.554211322,1.977932206,-0.015419653,2.606151716,0.038964599,-0.188960920,-0.051940394,0.199805590,-0.100000000
36.000000000,3,2,2.104799723,1.818823046,2.562561300,1.990836743,2.012826178,2.577627826,0.113962980,-0.194003132,-0.015066526,0.225503385,-0.100000000
36.100000000,3,0,0.055629259,-0.193927309,2.587289648,-0.008621277,-0.018612107,2.611447790,0.064250536,-0.175315202,-0.024158142,0.188274181,0.000000000
36.100000000,3,1,2.007649447,-0.220542158,2.603920679,1.977990709,-0.015038686,2.635957182,0.029658738,-0.205503471,-0.032036503,0.210089636,-0.100000000
36.100000000,3,2,2.053849845,1.807127863,2.602237226,1.990640985,2.011826404,2.608394793,0.063208860,-0.204698540,-0.006157567,0.214323979,-0.100000000
36.200000000,3,0,0.101328605,-0.188328280,2.634855331,-0.008001988,-0.018606385,2.652456054,0.109330593,-0.169721895,-0.017600723,0.202653610,0.000000000
36.200000000,3,1,2.039431177,-0.221149845,2.636729372,1.978215404,-0.014204509,2.674570047,0.061215773,-0.206945336,-0.037840675,0.219101939,-0.100000000
36.200000000,3,2,2.036324222,1.802906716,2.641839109,1.990467014,2.010317132,2.648330850,0.045857208,-0.207410415,-0.006491741,0.212518485,-0.100000000
36.300000000,3,0,0.112554672,-0.220348901,2.674683332,-0.007284194,-0.018425062,2.687135538,0.119838866,-0.201923840,-0.012452206,0.235137509,0.000000000
36.300000000,3,1,2.068983930,-0.240865965,2.680798931,1.978545424,-0.013185417,2.707021573,0.090438506,-0.227680548,-0.026222642,0.246384217,-0.100000000
36.300000000,3,2,2.077943541,1.858496693,2.678285519,1.990319735,2.008837423,2.682012623,0.087623806,-0.150340731,-0.003727104,0.174052170,-0.100000000
36.400000000,3,0,0.115651169,-0.159744355,2.701430437,-0.006727315,-0.018200155,2.710332406,0.122378485,-0.141544201,-0.008901969,0.187324583,0.000000000
36.400000000,3,1,2.100553559,-0.196494707,2.715672892,1.978841945,-0.012350516,2.728624392,0.121711615,-0.184144191,-0.012951500,0.221112057,-0.100000000
36.400000000,3,2,2.064425854,1.825339068,2.707809433,1.990158128,2.007725326,2.704521718,0.074267726,-0.182386259,0.003287715,0.196954948,-0.100000000
36.500000000,3,0,0.084296595,-0.182438627,2.743085579,-0.006020596,-0.017821665,2.737523915,0.090317191,-0.164616961,0.005561664,0.187848000,0.000000000
36.500000000,3,1,2.078058874,-0.176219223,2.748387923,1.979284706,-0.011203140,2.753726750,0.098774168,-0.165016083,-0.005338827,0.192393209,-0.100000000
36.500000000,3,2,2.139744384,1.805059592,2.735978893,1.989844034,2.006266075,2.730771926,0.149900350,-0.201206483,0.005206967,0.250960707,-0.100000000
36.600000000,3,0,-0.000006787,-0.152353300,2.767761542,-0.005197649,-0.017252318,2.767734403,0.005190862,-0.135100981,0.000027139,0.135200669,0.000000000
36.600000000,3,1,2.017321878,-0.175815971,2.772045560,1.979951362,-0.009658937,2.781024756,0.037370516,-0.166157035,-0.008979196,0.170544251,-0.100000000
36.600000000,3,2,2.147586978,1.816352117,2.767044700,1.989279280,2.004426091,2.759509422,0.158307698,-0.188073974,0.007535278,0.245947001,-0.100000000
36.700000000,3,0,-0.035265315,-0.171464589,2.772188877,-0.004714841,-0.016867609,2.784424965,-0.030550474,-0.154596980,-0.012236089,0.158061000,0.000000000
36.700000000,3,1,1.956953741,-0.214566423,2.801098269,1.980411268,-0.008661757,2.795932519,-0.023457527,-0.205904667,0.005165749,0.207300922,-0.100000000
36.700000000,3,2,2.156086618,1.849480946,2.776129688,1.988844043,2.003325640,2.775147061,0.167242575,-0.153844694,0.000982628,0.227242677,-0.100000000
36.800000000,3,0,0.012344143,-0.201121669,2.788093541,-0.003980539,-0.016252078,2.807358272,0.016324682,-0.184869590,-0.019264731,0.186586148,0.000000000
36.800000000,3,1,1.960146374,-0.255310108,2.827961184,1.981143140,-0.007107962,2.816384409,-0.020996766,-0.248202146,0.011576774,0.249357557,-0.100000000
36.800000000,3,2,2.119825055,1.796854374,2.784501846,1.988065595,2.001765314,2.796258759,0.131759460,-0.204910941,-0.011756913,0.243900131,-0.100000000
36.900000000,3,0,0.066611355,-0.208593536,2.803203692,-0.003479350,-0.015819221,2.821448964,0.070090705,-0.192774315,-0.018245272,0.205930894,0.000000000
36.900000000,3,1,2.047974574,-0.255211062,2.842179467,1.981645504,-0.006036563,2.829006998,0.066329070,-0.249174500,0.013172469,0.258187898,-0.100000000
36.900000000,3,2,2.176820923,1.702593251,2.805540521,1.987454027,2.000788707,2.809081017,0.189366896,-0.298195457,-0.003540496,0.353260367,-0.100000000
37.000000000,3,0,0.040234439,-0.245655492,2.821179554,-0.002783662,-0.015206581,2.839298328,0.043018102,-0.230448910,-0.018118775,0.235128789,0.000000000
37.000000000,3,1,2.069352986,-0.271634082,2.874805394,1.982312307,-0.004539869,2.845060435,0.087040679,-0.267094214,0.029744960,0.282489223,-0.100000000
37.000000000,3,2,2.132562654,1.749098417,2.822063991,1.986480162,1.999514126,2.825338706,0.146082492,-0.250415708,-0.003274715,0.289929035,-0.100000000
37.100000000,3,0,0.029840125,-0.229208716,2.832809862,-0.002140330,-0.014680052,2.853848800,0.031980455,-0.214528664,-0.021038938,0.217917264,0.000000000
37.100000000,3,1,2.039365295,-0.269599264,2.889823605,1.982848885,-0.003219083,2.858205396,0.056516410,-0.266380181,0.031618208,0.274139046,-0.100000000
37.100000000,3,2,2.065763031,1.739222696,2.832424662,1.985478318,1.998420823,2.838709212,0.080284714,-0.259198126,-0.006284550,0.271419969,-0.100000000
37.200000000,3,0,0.080646790,-0.222701467,2.840889692,-0.001671799,-0.014353690,2.863204622,0.082318589,-0.208347777,-0.022314931,0.225129079,0.000000000
37.200000000,3,1,2.043956466,-0.263704178,2.899161443,1.983169062,-0.002329418,2.866787233,0.060787404,-0.261374761,0.032374210,0.270296066,-0.100000000
37.200000000,3,2,2.048769175,1.750831960,2.836779609,1.984712289,1.997685586,2.847441967,0.064056886,-0.246853626,-0.010662358,0.255252196,-0.100000000
37.300000000,3,0,0.084837576,-0.210076857,2.853200943,-0.000973716,-0.013965411,2.875273320,0.085811292,-0.196111446,-0.022072377,0.215198668,0.000000000
37.300000000,3,1,2.077931290,-0.235640339,2.908089021,1.983505703,-0.001116045,2.878354803,0.094425587,-0.234524294,0.029734218,0.254562290,-0.100000000
37.300000000,3,2,2.087356778,1.781384850,2.852209755,1.983545208,1.996706807,2.858844817,0.103811571,-0.215321957,-0.006635061,0.239132623,-0.100000000
37.400000000,3,0,0.070147899,-0.216064381,2.863283509,-0.000211467,-0.013632176,2.886376339,0.070359366,-0.202432205,-0.023092830,0.215551657,0.000000000
37.400000000,3,1,2.051574755,-0.216745399,2.904145065,1.983677551,0.000113498,2.889708434,0.067897204,-0.216858897,0.014436631,0.227697668,-0.100000000
37.400000000,3,2,2.081997088,1.780762803,2.863050436,1.982258568,1.995776683,2.869342806,0.099738520,-0.215013880,-0.006292371,0.237104060,-0.100000000
37.500000000,3,0,0.105207759,-0.239177747,2.868969561,0.000288892,-0.013430977,2.892730277,0.104918867,-0.225746770,-0.023760716,0.250068279,0.000000000
37.500000000,3,1,2.025867535,-0.222904623,2.920724092,1.983690452,0.000885001,2.896494878,0.042177083,-0.223789624,0.024229213,0.229014753,-0.100000000
37.500000000,3,2,2.052029111,1.809191081,2.873179256,1.981419507,1.995203907,2.875328698,0.070609604,-0.186012825,-0.002149442,0.198975143,-0.100000000
37.600000000,3,0,0.166231436,-0.227390462,2.880974225,0.001038516,-0.013126045,2.901200687,0.165192920,-0.214264417,-0.020226462,0.271306194,0.000000000
37.600000000,3,1,2.087044932,-0.241893703,2.924706530,1.983575751,0.001995229,2.905887891,0.103469182,-0.243888932,0.018818639,0.265597109,-0.100000000
37.600000000,3,2,2.074330080,1.793765290,2.879552777,1.980167357,1.994344300,2.883416372,0.094162723,-0.200579009,-0.003863595,0.221615624,-0.100000000
37.700000000,3,0,0.162418322,-0.232363562,2.893362894,0.001781794,-0.012829773,2.908672938,0.160636528,-0.219533789,-0.015310044,0.272458394,0.000000000
37.700000000,3,1,2.149784331,-0.245302172,2.944206678,1.983314466,0.003030679,2.914564449,0.166469865,-0.248332851,0.029642228,0.300433159,-0.100000000
37.700000000,3,2,2.109477367,1.767799640,2.886149037,1.978907535,1.993424320,2.890972818,0.130569832,-0.225624679,-0.004823781,0.260726381,-0.100000000
37.800000000,3,0,0.132392601,-0.271571357,2.906829076,0.002489626,-0.012579765,2.915019604,0.129902975,-0.258991592,-0.008190528,0.289859471,0.000000000
37.800000000,3,1,2.149123204,-0.249767697,2.950416473,1.982939118,0.003891635,2.922195448,0.166184085,-0.253659332,0.028221024,0.304559737,-0.100000000
37.800000000,3,2,2.138861472,1.717402515,2.898184852,1.977704720,1.992477190,2.897802767,0.161156752,-0.275074675,0.000382085,0.318806716,-0.100000000
37.900000000,3,0,0.117490597,-0.275772378,2.919762503,0.002980216,-0.012454315,2.918938842,0.114510381,-0.263318063,0.000823661,0.287140572,0.000000000
37.900000000,3,1,2.074952285,-0.269883046,2.962025779,1.982621366,0.004360239,2.926946872,0.092330919,-0.274243286,0.035078907,0.291487407,-0.100000000
37.900000000,3,2,2.127933523,1.704800186,2.916065318,1.976918424,1.991802815,2.902259348,0.151015099,-0.287002629,0.013805970,0.324602332,-0.100000000
38.000000000,3,0,0.083335122,-0.252530953,2.927214114,0.003710696,-0.012359530,2.924044762,0.079624426,-0.240171423,0.003169352,0.253046254,0.000000000
38.000000000,3,1,2.035274821,-0.280409715,2.961576716,1.982081261,0.004813338,2.933148235,0.053193560,-0.285223053,0.028428480,0.291530313,-0.100000000
38.000000000,3,2,2.102635394,1.698327875,2.913043130,1.975883711,1.990805333,2.908441608,0.126751683,-0.292477458,0.004601521,0.318794960,-0.100000000
38.100000000,3,0,0.067567199,-0.243497973,2.928588193,0.004484709,-0.012367255,2.928723060,0.063082489,-0.231130719,-0.000134867,0.239584698,0.000000000
38.100000000,3,1,2.060555609,-0.262860780,2.957886458,1.981449724,0.004947426,2.938670495,0.079105885,-0.267808206,0.019215963,0.279907538,-0.100000000
38.100000000,3,2,2.049782790,1.719865829,2.925272444,1.974981825,1.989788263,2.914422204,0.074800965,-0.269922434,0.010850240,0.280305249,-0.100000000
38.200000000,3,0,0.051405069,-0.246080554,2.937324733,0.005074163,-0.012414589,2.931928492,0.046330906,-0.233665965,0.005396241,0.238276006,0.000000000
38.200000000,3,1,2.076165239,-0.241133211,2.946833487,1.980972616,0.004840197,2.942303130,0.095192624,-0.245973409,0.004530357,0.263789836,-0.100000000
38.200000000,3,2,2.064512838,1.776416314,2.939285135,1.974413475,1.989071481,2.918595873,0.090099363,-0.212655168,0.020689262,0.231879626,-0.100000000
38.300000000,3,0,-0.031642014,-0.189063772,2.938977109,0.005969551,-0.012508524,2.936381454,-0.037611565,-0.176555248,0.002595656,0.180535656,0.000000000
38.300000000,3,1,2.001315533,-0.243240360,2.957632804,1.980339531,0.004411772,2.947230787,0.020976002,-0.247652132,0.010402016,0.248756453,-0.100000000
38.300000000,3,2,2.088670350,1.774719037,2.954968865,1.973723178,1.988116945,2.924407328,0.114947172,-0.213397908,0.030561537,0.244306216,-0.100000000
38.400000000,3,0,-0.045003185,-0.178307727,2.949543806,0.006950584,-0.012594578,2.941037411,-0.051953769,-0.165713149,0.008506395,0.173874670,0.000000000
38.400000000,3,1,1.920687425,-0.247109819,2.954705128,1.979817095,0.003661629,2.952131603,-0.059129669,-0.250771448,0.002573525,0.257661134,-0.100000000
38.400000000,3,2,2.054315248,1.752576551,2.971525865,1.973187390,1.987241424,2.930148278,0.081127858,-0.234664873,0.041377587,0.251716978,-0.100000000
38.500000000,3,0,0.067043950,-0.235297521,2.954524669,0.007696308,-0.012603442,2.944631352,0.059347641,-0.222694079,0.009893317,0.230678722,0.000000000
38.500000000,3,1,1.971963373,-0.244438345,2.953169094,1.979551209,0.002936387,2.955640227,-0.007587836,-0.247374732,-0.002471134,0.247503413,-0.100000000
38.500000000,3,2,2.051772415,1.705087331,2.971776213,1.972926011,1.986683086,2.934077409,0.078846404,-0.281595755,0.037698804,0.294845934,-0.100000000
38.600000000,3,0,0.106829813,-0.261672348,2.960177798,0.008717030,-0.012497284,2.949582261,0.098112783,-0.249175064,0.010595536,0.268004843,0.000000000
38.600000000,3,1,2.049157642,-0.259335205,2.968292341,1.979365972,0.001797672,2.960149442,0.069791671,-0.261132877,0.008142900,0.270421085,-0.100000000
38.600000000,3,2,2.049425120,1.688905100,2.981329979,1.972773181,1.986079961,2.938821717,0.076651939,-0.297174862,0.042508262,0.309831197,-0.100000000
38.700000000,3,0,0.035000022,-0.277780589,2.961566552,0.009462952,-0.012337967,2.953140271,0.025537069,-0.265442622,0.008426282,0.266801293,0.000000000
38.700000000,3,1,2.050144275,-0.247418788,2.964031785,1.979332873,0.000907036,2.963197877,0.070811402,-0.248325824,0.000833908,0.258225996,-0.100000000
38.700000000,3,2,2.073878480,1.702149578,2.979754291,1.972818065,1.985757105,2.941804000,0.101060415,-0.283607527,0.037950291,0.303457841,-0.100000000
38.800000000,3,0,0.040719122,-0.313832500,2.967698698,0.010613072,-0.011980990,2.958502571,0.030106050,-0.301851510,0.009196127,0.303488512,0.000000000
38.800000000,3,1,2.019730298,-0.306636750,2.962350647,1.979379045,-0.000524702,2.967656824,0.040351254,-0.306112048,-0.005306177,0.308805708,-0.100000000
38.800000000,3,2,2.035444795,1.674791189,2.972962624,1.973143814,1.985462555,2.945613225,0.062300981,-0.310671367,0.027349398,0.318034746,-0.100000000
38.900000000,3,0,0.070368283,-0.372396164,2.978628597,0.011774438,-0.011500537,2.963803673,0.058593844,-0.360895628,0.014824923,0.365921673,0.000000000
38.900000000,3,1,2.004350889,-0.386823479,2.982053556,1.979506180,-0.002047805,2.972155059,0.024844709,-0.384775674,0.009898498,0.385703978,-0.100000000
38.900000000,3,2,2.032726793,1.604931588,2.971217739,1.973807683,1.985480718,2.948736968,0.058919109,-0.380549130,0.022480771,0.385738884,-0.100000000
39.000000000,3,0,0.052838261,-0.419773330,2.977399812,0.012884747,-0.010937793,2.968710335,0.039953514,-0.408835536,0.008689477,0.410875025,0.000000000
39.000000000,3,1,2.029080265,-0.412722975,2.989259773,1.979728217,-0.003582073,2.976634826,0.049352048,-0.409140902,0.012624947,0.412300002,-0.100000000
39.000000000,3,2,1.997943474,1.616261571,2.970062898,1.974792763,1.985874560,2.951406866,0.023150711,-0.369612989,0.018656032,0.370806910,-0.100000000
39.100000000,3,0,0.054656434,-0.399784876,2.978442784,0.013655863,-0.010497166,2.971962442,0.041000571,-0.389287710,0.006480342,0.391494525,0.000000000
39.100000000,3,1,2.045995310,-0.388623812,2.997515436,1.979954969,-0.004667807,2.979842329,0.066040341,-0.383956005,0.017673108,0.389994717,-0.100000000
39.100000000,3,2,1.948163191,1.600647309,2.976415141,1.975661171,1.986390852,2.953136576,-0.027497981,-0.385743543,0.023278564,0.387422394,-0.100000000
39.200000000,3,0,0.067042837,-0.375545343,2.985882247,0.014751906,-0.009830123,2.976160255,0.052290931,-0.365715221,0.009721992,0.369562554,0.000000000
39.200000000,3,1,2.004474489,-0.381922143,3.006874483,1.980368463,-0.006170412,2.984423582,0.024106026,-0.375751731,0.022450901,0.377192930,-0.100000000
39.200000000,3,2,1.930627526,1.620668216,2.977117396,1.977068416,1.987417396,2.955425028,-0.046440890,-0.366749180,0.021692367,0.370313754,-0.100000000
39.300000000,3,0,0.025346682,-0.397022698,2.980187081,0.015548655,-0.009318676,2.978839308,0.009798027,-0.387704022,0.001347773,0.387830151,0.000000000
39.300000000,3,1,2.024500435,-0.411880006,3.010619462,1.980718782,-0.007205279,2.987708147,0.043781653,-0.404674727,0.022911315,0.407680507,-0.100000000
39.300000000,3,2,1.998847869,1.554945264,2.972096408,1.978175840,1.988310678,2.957028520,0.020672029,-0.433365414,0.015067887,0.434119749,-0.100000000
39.400000000,3,0,-0.006099323,-0.460413356,3.000997988,0.016745852,-0.008492069,2.982422678,-0.022845174,-0.451921288,0.018575309,0.452879448,0.000000000
39.400000000,3,1,1.975605025,-0.447414926,3.006810493,1.981300924,-0.008653701,2.992519547,-0.005695899,-0.438761225,0.014290946,0.439030849,-0.100000000
39.400000000,3,2,1.922364487,1.561133843,2.985227488,1.979947596,1.989775707,2.959487109,-0.057583109,-0.428641864,0.025740378,0.433257693,-0.100000000
39.500000000,3,0,0.043042481,-0.463404951,3.008037144,0.017954727,-0.007588570,2.985854950,0.025087753,-0.455816380,0.022182194,0.457044875,0.000000000
39.500000000,3,1,1.942766569,-0.449556094,3.004903747,1.981950309,-0.009985744,2.997279958,-0.039183740,-0.439570350,0.007623790,0.441379180,-0.100000000
39.500000000,3,2,1.950511972,1.575531922,2.989359726,1.981831985,1.991318275,2.962325147,-0.031320013,-0.415786353,0.027034579,0.417839805,-0.100000000
39.600000000,3,0,0.041244015,-0.446302040,3.017518412,0.018816156,-0.006924788,2.988272064,0.022427860,-0.439377252,0.029246348,0.440920319,0.000000000
39.600000000,3,1,1.982504824,-0.435233075,3.014014526,1.982448496,-0.010854562,3.000628470,0.000056328,-0.424378513,0.013386057,0.424589581,-0.100000000
39.600000000,3,2,2.003160674,1.544638980,3.000372328,1.983208412,1.992431031,2.964614741,0.019952262,-0.447792051,0.035757587,0.449660338,-0.100000000
39.700000000,3,0,0.059082695,-0.443681623,3.021276058,0.020070328,-0.005943551,2.991807366,0.039012367,-0.437738072,0.029468692,0.440459974,0.000000000
39.700000000,3,1,2.014114053,-0.443310994,3.018804941,1.983197512,-0.011995761,3.005367784,0.030916541,-0.431315232,0.013437157,0.432630581,-0.100000000
39.700000000,3,2,2.006947683,1.556228946,2.993726611,1.985281352,1.994077347,2.968238631,0.021666330,-0.437848401,0.025487981,0.439124457,-0.100000000
39.800000000,3,0,0.096032099,-0.452113113,3.026483770,0.021371700,-0.004898009,2.995473651,0.074660399,-0.447215104,0.031010119,0.454463587,0.000000000
39.800000000,3,1,2.053209698,-0.455261840,3.009407516,1.983970997,-0.013043754,3.010089341,0.069238700,-0.442218085,-0.000681825,0.447606185,-0.100000000
39.800000000,3,2,2.038648747,1.568679034,2.993614576,1.987573228,1.995867457,2.972273718,0.051075519,-0.427188423,0.021340857,0.430759898,-0.100000000
39.900000000,3,0,0.117505235,-0.474389918,3.003524353,0.022400089,-0.004052799,2.998345691,0.095105145,-0.470337119,0.005178662,0.479884165,0.000000000
39.900000000,3,1,2.090429500,-0.486311703,3.011584978,1.984581914,-0.013804523,3.013743268,0.105847586,-0.472507180,-0.002158291,0.484222475,-0.100000000
39.900000000,3,2,2.093494871,1.525864268,3.000627866,1.989490047,1.997372754,2.975564161,0.104004823,-0.471508486,0.025063706,0.483492962,-0.100000000
40.000000000,3,0,0.106965024,-0.484759864,3.009554761,0.023492838,-0.003141786,3.001382533,0.083472186,-0.481618078,0.008172228,0.488866407,0.000000000
40.000000000,3,1,2.081937991,-0.461517387,3.010315476,1.985231079,-0.014563720,3.017480180,0.096706911,-0.446953667,-0.007164705,0.457352315,-0.100000000
40.000000000,3,2,2.059866261,1.497917008,3.001581250,1.991543873,1.999039295,2.979076909,0.068322389,-0.501122287,0.022504340,0.506258769,-0.100000000
40.100000000,3,0,0.132169063,-0.502958989,3.008356681,0.024854619,-0.002003115,3.004994386,0.107314443,-0.500955874,0.003362295,0.512332394,0.000000000
40.100000000,3,1,2.103341508,-0.461016586,3.015068641,1.986013128,-0.015438314,3.021836993,0.117328380,-0.445578271,-0.006768352,0.460816401,-0.100000000
40.100000000,3,2,2.129735510,1.533482669,2.998953717,1.993991441,2.001141220,2.983475748,0.135744069,-0.467658550,0.015477969,0.487206876,-0.100000000
40.200000000,3,0,0.163500640,-0.441550135,3.024146804,0.026006704,-0.001027199,3.007823759,0.137493936,-0.440522937,0.016323045,0.461769945,0.000000000
40.200000000,3,1,2.101836992,-0.476443536,3.010570618,1.986632437,-0.016120068,3.025158631,0.115204554,-0.460323468,-0.014588013,0.474744768,-0.100000000
40.200000000,3,2,2.118572158,1.535390761,2.984897787,1.995943734,2.002910572,2.987222423,0.122628424,-0.467519811,-0.002324636,0.483340364,-0.100000000
40.300000000,3,0,0.171020775,-0.426912280,3.033097001,0.027006356,-0.000159620,3.010069069,0.144014419,-0.426752660,0.023027931,0.450985888,0.000000000
40.300000000,3,1,2.097139520,-0.480949580,3.014789342,1.987124457,-0.016672497,3.027814243,0.110015063,-0.464277083,-0.013024900,0.477311399,-0.100000000
40.300000000,3,2,2.174548075,1.548772344,2.995882740,1.997577671,2.004425325,2.990466650,0.176970405,-0.455652981,0.005416090,0.488843019,-0.100000000
40.400000000,3,0,0.179348226,-0.429912747,3.029008927,0.028478937,0.001161022,3.012767160,0.150869289,-0.431073769,0.016241767,0.457001019,0.000000000
40.400000000,3,1,2.142183803,-0.438374030,3.027890504,1.987765116,-0.017411952,3.031201098,0.154418687,-0.420962078,-0.003310594,0.448402901,-0.100000000
40.400000000,3,2,2.192154866,1.598840620,2.993494363,1.999925377,2.006598659,2.994866299,0.192229489,-0.407758039,-0.001371936,0.450800041,-0.100000000
40.500000000,3,0,0.167810839,-0.429165790,3.040637110,0.029816597,0.002416989,3.012661289,0.137994242,-0.431582779,0.027975821,0.453969991,0.000000000
40.500000000,3,1,2.160118429,-0.450471141,3.033526098,1.988395173,-0.018082873,3.031289582,0.171723256,-0.432388268,0.002236517,0.465245627,-0.100000000
40.500000000,3,2,2.186246530,1.618523954,2.990148400,2.002227000,2.008659145,2.996773701,0.184019530,-0.390135191,-0.006625301,0.431407637,-0.100000000
40.600000000,3,0,0.185273903,-0.392333088,3.040616778,0.030421801,0.003096149,3.011212204,0.154852101,-0.395429237,0.029404574,0.425685428,0.000000000
40.600000000,3,1,2.112657083,-0.437464805,3.017564843,1.989202692,-0.018743147,3.029542215,0.123454391,-0.418721658,-0.011977371,0.436706161,-0.100000000
40.600000000,3,2,2.188257321,1.579640655,2.988378039,2.004236336,2.010361186,2.997110574,0.184020985,-0.430720531,-0.008732535,0.468465747,-0.100000000
40.700000000,3,0,0.208713426,-0.407897941,3.025143174,0.030058274,0.003017147,3.009241992,0.178655152,-0.410915088,0.015901182,0.448354459,0.000000000
40.700000000,3,1,2.146927639,-0.473507782,3.002103380,1.990752815,-0.019864952,3.027059975,0.156174824,-0.453642830,-0.024956594,0.480421924,-0.100000000
40.700000000,3,2,2.170256528,1.567015886,2.979874144,2.006724004,2.012421166,2.997053462,0.163532524,-0.445405280,-0.017179318,0.474788247,-0.100000000
40.800000000,3,0,0.217086975,-0.411485150,3.020754509,0.028463768,0.001876895,3.007352545,0.188623207,-0.413362045,0.013401965,0.454561885,0.000000000
40.800000000,3,1,2.190970643,-0.466306672,3.000350811,1.993191039,-0.021630705,3.024685804,0.197779604,-0.444675967,-0.024334992,0.487283982,-0.100000000
40.800000000,3,2,2.153933951,1.562055154,2.996858235,2.009708780,2.014938519,2.996959483,0.144225171,-0.452883365,-0.000101247,0.475293859,-0.100000000
40.900000000,3,0,0.242403240,-0.420171718,3.012142016,0.025560131,-0.000436329,3.005599162,0.216843109,-0.419735389,0.006542853,0.472484433,0.000000000
40.900000000,3,1,2.225867570,-0.447790923,2.990934055,1.996699477,-0.024267800,3.022564425,0.229168093,-0.423523123,-0.031630371,0.482587123,-0.100000000
40.900000000,3,2,2.154181090,1.636081580,2.995439099,2.013484550,2.018184737,2.996945270,0.140696540,-0.382103157,-0.001506172,0.407186208,-0.100000000
41.000000000,3,0,0.245373376,-0.396022254,3.011129068,0.020922793,-0.004315280,3.003944087,0.224450583,-0.391706974,0.007184982,0.451513059,0.000000000
41.000000000,3,1,2.259527896,-0.433337315,2.997664106,2.001765411,-0.028236262,3.020626500,0.257762485,-0.405101054,-0.022962394,0.480703270,-0.100000000
41.000000000,3,2,2.162884275,1.641360048,2.990465769,2.018605355,2.022644083,2.997077256,0.144278920,-0.381284035,-0.006611487,0.407722496,-0.100000000
41.100000000,3,0,0.175932832,-0.403156197,3.009380259,0.013924122,-0.010388363,3.002433374,0.162008711,-0.392767834,0.006946885,0.424925468,0.000000000
41.100000000,3,1,2.233212229,-0.454238768,3.008458997,2.009004969,-0.034138021,3.018859545,0.224207260,-0.420100747,-0.010400548,0.476300015,-0.100000000
41.100000000,3,2,2.216209450,1.597968142,2.983365893,2.025684588,2.028907707,2.997440477,0.190524863,-0.430939564,-0.014074583,0.471388083,-0.100000000
41.200000000,3,0,0.120460262,-0.430831632,3.002186500,0.007895686,-0.015755839,3.001596647,0.112564576,-0.415075793,0.000589853,0.430068653,0.000000000
41.200000000,3,1,2.188981907,-0.478035404,3.012059407,2.015068430,-0.039231922,3.017838525,0.173913477,-0.438803482,-0.005779118,0.472046387,-0.100000000
41.200000000,3,2,2.192183873,1.587567573,3.000175472,2.031505169,2.034149664,2.997819860,0.160678703,-0.446582090,0.002355612,0.474614326,-0.100000000
41.300000000,3,0,0.087420195,-0.443414747,3.008354057,-0.002816291,-0.025477814,3.000670252,0.090236486,-0.417936933,0.007683805,0.427636463,0.000000000
41.300000000,3,1,2.122947315,-0.497540554,3.001264080,2.025633298,-0.048352073,3.016591840,0.097314016,-0.449188481,-0.015327759,0.459864382,-0.100000000
41.300000000,3,2,2.176544780,1.576567108,2.991848785,2.041501750,2.043356672,2.998502514,0.135043030,-0.466789564,-0.006653729,0.485976737,-0.100000000
41.400000000,3,0,0.026066039,-0.451964789,3.015338839,-0.015751067,-0.037378175,3.000125366,0.041817106,-0.414586615,0.015213473,0.416967842,0.000000000
41.400000000,3,1,2.084043443,-0.526127518,3.003233972,2.038167454,-0.059460731,3.015600673,0.045875989,-0.466666787,-0.012366701,0.469079345,-0.100000000
41.400000000,3,2,2.155110793,1.571775349,2.983668059,2.053241336,2.054440824,2.999318786,0.101869457,-0.482665474,-0.015650727,0.493546646,-0.100000000
41.500000000,3,0,0.005485423,-0.449972088,3.014322722,-0.025793933,-0.046664214,2.999940091,0.031279356,-0.403307874,0.014382630,0.404774628,0.000000000
41.500000000,3,1,2.078006421,-0.527088273,3.003564298,2.047794522,-0.068149250,3.015036827,0.030211899,-0.458939023,-0.011472529,0.460075434,-0.100000000
41.500000000,3,2,2.183370758,1.526423119,2.993435204,2.062226587,2.063061310,2.999927817,0.121144171,-0.536638191,-0.006492612,0.550180527,-0.100000000
41.600000000,3,0,-0.009233094,-0.478088430,3.022687131,-0.042392711,-0.062060658,2.999796045,0.033159617,-0.416027772,0.022891087,0.417974483,0.000000000
41.600000000,3,1,2.053530509,-0.557584391,2.998568991,2.063598802,-0.082644990,3.014336229,-0.010068293,-0.474939401,-0.015767237,0.475307702,-0.100000000
41.600000000,3,2,2.173160028,1.530697046,2.991702753,2.076980913,2.077369974,3.000782878,0.096179115,-0.546672928,-0.009080125,0.555143370,-0.100000000
41.700000000,3,0,0.022286700,-0.528337099,3.030744581,-0.060659890,-0.079105432,2.999677860,0.082946590,-0.449231667,0.031066721,0.457880300,0.000000000
41.700000000,3,1,2.099287622,-0.583815215,3.008513008,2.080927942,-0.098794899,3.013809262,0.018359680,-0.485020316,-0.005296254,0.485396575,-0.100000000
41.700000000,3,2,2.142863057,1.597346040,2.978781406,2.093194440,2.093233608,3.001450341,0.049668617,-0.495887568,-0.022668934,0.498884087,-0.100000000
41.800000000,3,0,-0.032978234,-0.540600331,3.029185478,-0.076955496,-0.094428930,2.999535482,0.043977262,-0.446171401,0.029649996,0.449312854,0.000000000
41.800000000,3,1,2.107216964,-0.603000709,2.999101526,2.096371891,-0.113359635,3.013513136,0.010845073,-0.489641074,-0.014411610,0.489973153,-0.100000000
41.800000000,3,2,2.138871030,1.619507247,2.979212990,2.107684934,2.107490312,3.001813944,0.031186096,-0.487983065,-0.022600954,0.489500610,-0.100000000
41.900000000,3,0,-0.102756237,-0.569486333,3.023477409,-0.098828103,-0.115155421,2.999260313,-0.003928134,-0.454330911,0.024217096,0.454992830,0.000000000
41.900000000,3,1,2.059514942,-0.633658628,3.003522509,2.117082485,-0.133086673,3.013278079,-0.057567543,-0.500571955,-0.009755570,0.503965748,-0.100000000
41.900000000,3,2,2.143364840,1.626989931,2.991521693,2.127204198,2.126776246,3.002001628,0.016160642,-0.499786315,-0.010479935,0.500157331,-0.100000000
42.000000000,3,0,-0.143954783,-0.582814989,3.012712210,-0.118912421,-0.134336147,2.998909008,-0.025042361,-0.448478842,0.013803202,0.449389497,0.000000000
42.000000000,3,1,2.049729746,-0.639251797,3.008170732,2.136088538,-0.151317999,3.013107650,-0.086358792,-0.487933798,-0.004936918,0.495541729,-0.100000000
42.000000000,3,2,2.105705136,1.641623404,2.999078874,2.145200390,2.144641773,3.001982425,-0.039495254,-0.503018369,-0.002903551,0.504574856,-0.100000000
42.100000000,3,0,-0.183552590,-0.616454729,3.004808833,-0.139705588,-0.154321491,2.998489132,-0.043847002,-0.462133238,0.006319701,0.464251686,0.000000000
42.100000000,3,1,2.075815675,-0.656273730,3.002930157,2.155782874,-0.170262872,3.012899531,-0.079967199,-0.486010858,-0.009969374,0.492646624,-0.100000000
42.100000000,3,2,2.166960535,1.637152388,2.994076426,2.163898346,2.163300959,3.001866048,0.003062188,-0.526148571,-0.007789622,0.526215140,-0.100000000
42.200000000,3,0,-0.256450149,-0.600741689,2.999113284,-0.162014462,-0.175861475,2.998021032,-0.094435687,-0.424880214,0.001092253,0.435249915,0.000000000
42.200000000,3,1,2.092387000,-0.666679300,3.014180238,2.176958279,-0.190652358,3.012586140,-0.084571279,-0.476026941,0.001594097,0.483483703,-0.100000000
42.200000000,3,2,2.154489439,1.610485581,2.994626949,2.184038385,2.183493288,3.001652840,-0.029548946,-0.573007706,-0.007025891,0.573812108,-0.100000000
42.300000000,3,0,-0.256997896,-0.656506413,3.003105598,-0.189800754,-0.202757066,2.997485985,-0.067197142,-0.453749347,0.005619613,0.458732499,0.000000000
42.300000000,3,1,2.128170223,-0.713465614,3.023206374,2.203389626,-0.216146307,3.012052954,-0.075219404,-0.497319307,0.011153420,0.503099245,-0.100000000
42.300000000,3,2,2.184149121,1.633726602,2.994818016,2.209252632,2.208849032,3.001225519,-0.025103511,-0.575122429,-0.006407504,0.575705698,-0.100000000
42.400000000,3,0,-0.268304796,-0.673595941,3.000363691,-0.213146948,-0.225393255,2.997081279,-0.055157847,-0.448202686,0.003282412,0.451595848,0.000000000
42.400000000,3,1,2.168723323,-0.681148751,3.012103734,2.225633291,-0.237687016,3.011496914,-0.056909969,-0.443461735,0.000606820,0.447098897,-0.100000000
42.400000000,3,2,2.149517472,1.636669833,2.980455929,2.230573878,2.230311944,3.000755332,-0.081056405,-0.593642112,-0.020299403,0.599494089,-0.100000000
42.500000000,3,0,-0.307053614,-0.757463051,3.000259641,-0.238273059,-0.249830069,2.996653135,-0.068780555,-0.507632981,0.003606506,0.512284116,0.000000000
42.500000000,3,1,2.137727708,-0.815099318,3.018213244,2.249630570,-0.261034073,3.010830769,-0.111902862,-0.554065245,0.007382475,0.565300846,-0.100000000
42.500000000,3,2,2.196290925,1.689094180,2.982806601,2.253705448,2.253582049,3.000155561,-0.057414523,-0.564487869,-0.017348961,0.567665367,-0.100000000
42.600000000,3,0,-0.374485558,-0.812936546,3.006305639,-0.268426514,-0.279297536,2.996104026,-0.106059044,-0.533639009,0.010201614,0.544172019,0.000000000
42.600000000,3,1,2.102563282,-0.842687474,3.022166989,2.278548109,-0.289269213,3.009946527,-0.175984827,-0.553418262,0.012220461,0.580854346,-0.100000000
42.600000000,3,2,2.191466375,1.646013238,2.978406615,2.281754970,2.281757515,2.999359104,-0.090288595,-0.635744278,-0.020952489,0.642465426,-0.100000000
42.700000000,3,0,-0.434904150,-0.866144079,3.010786972,-0.294321384,-0.304733856,2.995569577,-0.140582766,-0.561410224,0.015217395,0.578944317,0.000000000
42.700000000,3,1,2.092379920,-0.904101545,3.026738360,2.303491748,-0.313685179,3.009148260,-0.211111828,-0.590416366,0.017590100,0.627271154,-0.100000000
42.700000000,3,2,2.232807637,1.644835250,2.975052287,2.306084225,2.306188550,2.998654621,-0.073276588,-0.661353300,-0.023602334,0.665818832,-0.100000000
42.800000000,3,0,-0.507933751,-0.915620078,2.999792922,-0.323504708,-0.333529436,2.994979754,-0.184429043,-0.582090642,0.004813168,0.610628164,0.000000000
42.800000000,3,1,2.100175243,-0.938607263,3.015914113,2.331717687,-0.341363265,3.008219624,-0.231542444,-0.597243998,0.007694490,0.640602452,-0.100000000
42.800000000,3,2,2.256445572,1.633914695,2.989832506,2.333735795,2.334002527,2.997835713,-0.077290223,-0.700087832,-0.008003207,0.704386827,-0.100000000
42.900000000,3,0,-0.543145228,-1.016549106,2.999189379,-0.350310429,-0.360059177,2.994473210,-0.192834799,-0.656489929,0.004716168,0.684241572,0.000000000
42.900000000,3,1,2.112907554,-1.047058527,3.020480900,2.357739300,-0.366918411,3.007302343,-0.244831746,-0.680140116,0.013178556,0.722984672,-0.100000000
42.900000000,3,2,2.221894777,1.683593156,2.983405310,2.359311514,2.359804292,2.997008271,-0.137416737,-0.676211136,-0.013602961,0.690166575,-0.100000000
43.000000000,3,0,-0.530730161,-1.037389912,2.995819583,-0.382127019,-0.391580471,2.993886225,-0.148603141,-0.645809441,0.001933358,0.662688815,0.000000000
43.000000000,3,1,2.162123332,-1.019302914,3.023902301,2.388743234,-0.397394047,3.006107251,-0.226619902,-0.621908867,0.017795050,0.662150951,-0.100000000
43.000000000,3,2,2.216386067,1.649376471,2.988956546,2.389878990,2.390701930,2.996017110,-0.173492923,-0.741325459,-0.007060564,0.761388916,-0.100000000
43.100000000,3,0,-0.519299205,-1.051123924,3.010776635,-0.410235996,-0.419410271,2.993305826,-0.109063209,-0.631713652,0.017470810,0.641297241,0.000000000
43.100000000,3,1,2.249556316,-1.038690079,3.013273018,2.416249603,-0.424434042,3.004953011,-0.166693288,-0.614256037,0.008320008,0.636526789,-0.100000000
43.100000000,3,2,2.240671130,1.680567946,2.990150142,2.417089104,2.418204450,2.995158638,-0.176417974,-0.737636504,-0.005008496,0.758456326,-0.100000000
43.200000000,3,0,-0.616821898,-1.082136113,2.998732798,-0.432684585,-0.441626432,2.992824609,-0.184137313,-0.640509680,0.005908189,0.666478887,0.000000000
43.200000000,3,1,2.271248133,-1.105781090,3.001379600,2.438302547,-0.446119448,3.004011231,-0.167054415,-0.659661642,-0.002631631,0.680490694,-0.100000000
43.200000000,3,2,2.322114457,1.722031883,2.983644330,2.438953433,2.440277653,2.994457083,-0.116838975,-0.718245770,-0.010812754,0.727767304,-0.100000000
43.300000000,3,0,-0.660109203,-1.143242728,3.001035832,-0.466603424,-0.475204875,2.992105376,-0.193505779,-0.668037853,0.008930456,0.695556477,0.000000000
43.300000000,3,1,2.237403114,-1.190992059,2.999358553,2.471758589,-0.479068957,3.002631089,-0.234355475,-0.711923102,-0.003272536,0.749511642,-0.100000000
43.300000000,3,2,2.355905179,1.734531996,2.981277211,2.472187907,2.473771091,2.993350857,-0.116282728,-0.739239095,-0.012073645,0.748426272,-0.100000000
43.400000000,3,0,-0.666742678,-1.167668655,3.014855081,-0.499544406,-0.507847347,2.991411669,-0.167198272,-0.659821309,0.023443412,0.681079301,0.000000000
43.400000000,3,1,2.253101579,-1.230454326,2.990379542,2.504359171,-0.511252164,3.001342566,-0.251257592,-0.719202162,-0.010963024,0.761907026,-0.100000000
43.400000000,3,2,2.355552781,1.680915530,2.985696923,2.504636785,2.506405840,2.992215160,-0.149084003,-0.825490311,-0.006518236,0.838869943,-0.100000000
43.500000000,3,0,-0.729040262,-1.217365474,3.014605272,-0.522414378,-0.530537333,2.990986482,-0.206625885,-0.686828141,0.023618790,0.717624553,0.000000000
43.500000000,3,1,2.210074855,-1.309880296,2.984090015,2.527030795,-0.533664473,3.000451714,-0.316955940,-0.776215823,-0.016361699,0.838593928,-0.100000000
43.500000000,3,2,2.405230214,1.763349162,2.977936469,2.527232870,2.529108229,2.991440985,-0.122002656,-0.765759067,-0.013504516,0.775534634,-0.100000000
43.600000000,3,0,-0.757674739,-1.252130341,3.017156292,-0.556246729,-0.564144802,2.990479230,-0.201428009,-0.687985540,0.026677062,0.717362538,0.000000000
43.600000000,3,1,2.231542198,-1.333985814,3.000180890,2.560623449,-0.566899033,2.999226819,-0.329081251,-0.767086782,0.000954071,0.834696059,-0.100000000
43.600000000,3,2,2.418793807,1.738094352,2.971520586,2.560729583,2.562757940,2.990386987,-0.141935777,-0.824663588,-0.018866401,0.837001636,-0.100000000
43.700000000,3,0,-0.786010003,-1.282483266,3.017335775,-0.590782148,-0.598467442,2.990135690,-0.195227855,-0.684015824,0.027200085,0.711850692,-0.100000000
43.700000000,3,1,2.301621077,-1.406729552,3.009670143,2.594993918,-0.600918377,2.998162845,-0.293372842,-0.805811175,0.011507298,0.857631443,-0.100000000
43.700000000,3,2,2.485021926,1.794167315,2.957140975,2.594975841,2.597176567,2.989585377,-0.109953915,-0.803009251,-0.032444402,0.811151256,-0.100000000
43.800000000,3,0,-0.807690629,-1.325555730,2.991476804,-0.616872428,-0.624367644,2.990010724,-0.190818201,-0.701188086,0.001466080,0.726690076,0.000000000
43.800000000,3,1,2.341004756,-1.374310238,3.007275037,2.620996194,-0.626692972,2.997487581,-0.279991438,-0.747617266,0.009787457,0.798387485,-0.100000000
43.800000000,3,2,2.457403776,1.803105499,2.959914369,2.620869557,2.623192913,2.989259739,-0.163465781,-0.820087415,-0.029345370,0.836735071,-0.100000000
43.900000000,3,0,-0.797491596,-1.394953820,2.993271519,-0.640563411,-0.647838382,2.990053628,-0.156928184,-0.747115438,0.003217891,0.763425365,0.000000000
43.900000000,3,1,2.405026914,-1.451063241,3.001657441,2.644602372,-0.650151870,2.996985360,-0.239575458,-0.800911371,0.004672081,0.835988788,-0.100000000
43.900000000,3,2,2.497753823,1.817657330,2.966992401,2.644390771,2.646798185,2.989149544,-0.146636948,-0.829140855,-0.022157143,0.842299169,-0.100000000
44.000000000,3,0,-0.825586804,-1.424585253,2.992387663,-0.678911684,-0.685731366,2.990537445,-0.146675120,-0.738853887,0.001850218,0.753274240,-0.100000000
44.000000000,3,1,2.474699025,-1.470420184,3.011112789,2.682763377,-0.688223965,2.996409931,-0.208064352,-0.782196219,0.014702858,0.809529415,-0.100000000
44.000000000,3,2,2.510035618,1.784781705,2.963001666,2.682457357,2.684945241,2.989255066,-0.172421739,-0.900163536,-0.026253400,0.916903969,-0.100000000
44.100000000,3,0,-0.895415894,-1.446465602,2.991120471,-0.703286361,-0.709777399,2.991126839,-0.192129533,-0.736688203,-0.000006368,0.761329932,-0.100000000
44.100000000,3,1,2.539220901,-1.500711713,3.018759426,2.706998423,-0.712487199,2.996159341,-0.167777521,-0.788224514,0.022600086,0.806199693,-0.100000000
44.100000000,3,2,2.588639996,1.822786817,2.948095980,2.706641853,2.709170630,2.989441116,-0.118001857,-0.886383813,-0.041345135,0.895159272,-0.100000000
44.200000000,3,0,-0.914122796,-1.481643888,3.004890802,-0.736186335,-0.742202202,2.992165415,-0.177936461,-0.739441687,0.012725387,0.760655854,0.000000000
44.200000000,3,1,2.506648337,-1.492512127,3.014713223,2.739703266,-0.745298087,2.995912548,-0.233054929,-0.747214040,0.018800675,0.782941177,-0.100000000
44.200000000,3,2,2.515321728,1.915663272,2.952654253,2.739286792,2.741864618,2.989796666,-0.223965064,-0.826201347,-0.037142413,0.856824704,-0.100000000
44.300000000,3,0,-0.901925057,-1.545648115,3.003006981,-0.769634726,-0.775098212,2.993372293,-0.132290331,-0.770549903,0.009634687,0.781882799,0.000000000
44.300000000,3,1,2.585611139,-1.517216211,3.018848705,2.772935784,-0.778676735,2.995814864,-0.187324645,-0.738539476,0.023033841,0.762273992,-0.100000000
44.300000000,3,2,2.677076865,1.935744618,2.943230812,2.772488154,2.775087019,2.990305940,-0.095411288,-0.839342401,-0.047075128,0.846058537,-0.100000000
44.400000000,3,0,-0.924601802,-1.507816716,2.999238170,-0.804766189,-0.809579218,2.994742736,-0.119835612,-0.698237498,0.004495434,0.708460575,0.000000000
44.400000000,3,1,2.570998310,-1.477335472,3.014939821,2.807824596,-0.813773212,2.995906738,-0.236826286,-0.663562261,0.019033083,0.704814743,-0.100000000
44.400000000,3,2,2.610239758,1.942159192,2.947134311,2.807390886,2.809946762,2.990967256,-0.197151128,-0.867787570,-0.043832946,0.890979888,-0.100000000
44.500000000,3,0,-0.969187636,-1.573800367,3.003769386,-0.830089463,-0.834422936,2.995804270,-0.139098173,-0.739377432,0.007965116,0.752390013,0.000000000
44.500000000,3,1,2.647773772,-1.632987917,3.023441383,2.832977205,-0.839135565,2.996068343,-0.185203432,-0.793852352,0.027373040,0.815629298,-0.100000000
44.500000000,3,2,2.727572171,2.014434127,2.951896950,2.832569496,2.835059759,2.991483931,-0.104997325,-0.820625632,-0.039586981,0.828262033,-0.100000000
44.600000000,3,0,-1.044380293,-1.576132969,3.005934973,-0.860707094,-0.864498582,2.997119603,-0.183673199,-0.711634387,0.008815370,0.735008201,0.000000000
44.600000000,3,1,2.631250825,-1.608330286,2.993557328,2.863398171,-0.869877880,2.996357722,-0.232147346,-0.738452406,-0.002800394,0.774087972,-0.100000000
44.600000000,3,2,2.711948454,1.989566503,2.951117685,2.863026251,2.865425884,2.992110124,-0.151077797,-0.875859381,-0.040992439,0.889738465,-0.100000000
44.700000000,3,0,-1.115137134,-1.634165511,3.010858085,-0.890595886,-0.893912882,2.998288318,-0.224541248,-0.740252630,0.012569767,0.773660602,0.000000000
44.700000000,3,1,2.638479285,-1.682659920,2.982133588,2.893070995,-0.899918262,2.996703095,-0.254591710,-0.782741657,-0.014569506,0.823233692,-0.100000000
44.700000000,3,2,2.794062385,2.074864722,2.960782526,2.892752796,2.895073258,2.992720197,-0.098690411,-0.820208536,-0.031937671,0.826741710,-0.100000000
44.800000000,3,0,-1.179578578,-1.605869852,2.992800638,-0.924526250,-0.927359503,2.999422609,-0.255052328,-0.678510348,-0.006621971,0.724894360,0.000000000
44.800000000,3,1,2.634133355,-1.691026744,2.980787170,2.926713620,-0.934013885,2.997203406,-0.292580265,-0.757012859,-0.016416236,0.811751916,-0.100000000
44.800000000,3,2,2.728342388,2.059488793,2.963115736,2.926463805,2.928740483,2.993412614,-0.198121417,-0.869251691,-0.030296878,0.892058574,-0.100000000
44.900000000,3,0,-1.150164083,-1.698772832,2.995043672,-0.952960465,-0.955424574,3.000289575,-0.197203618,-0.743348258,-0.005245903,0.769079592,0.000000000
44.900000000,3,1,2.705286486,-1.811256039,2.987285239,2.954907099,-0.962602527,2.997767893,-0.249620613,-0.848653512,-0.010482654,0.884665541,-0.100000000
44.900000000,3,2,2.789123489,2.183529869,2.956244880,2.954667646,2.957001406,2.993999691,-0.165544157,-0.773471537,-0.037754811,0.791889204,-0.100000000
45.000000000,3,0,-1.118002388,-1.695229508,3.003785969,-0.983001454,-0.985106727,3.001220553,-0.135000934,-0.710122782,0.002565415,0.722845903,0.000000000
45.000000000,3,1,2.807467801,-1.730835797,2.993238230,2.984726422,-0.992878705,2.998495223,-0.177258621,-0.737957091,-0.005256993,0.758965693,-0.100000000
45.000000000,3,2,2.723387873,2.110354861,2.963336463,2.984421687,2.986946431,2.994666772,-0.261033813,-0.876591569,-0.031330309,0.915168301,-0.100000000
45.100000000,3,0,-1.144851404,-1.805117348,3.018837029,-1.002355699,-1.004245148,3.001836064,-0.142495704,-0.800872199,0.017000965,0.813627887,0.000000000
45.100000000,3,1,2.860038976,-1.834394267,3.005294305,3.003948924,-1.012436515,2.999005312,-0.143909948,-0.821957752,0.006288993,0.834484374,-0.100000000
45.100000000,3,2,2.846294977,2.238551725,2.978491013,3.003560656,3.006283787,2.995120058,-0.157265679,-0.767732062,-0.016629044,0.783850456,-0.100000000
45.200000000,3,0,-1.197456454,-1.782995579,3.004993477,-1.038575723,-1.040082810,3.002963778,-0.158880731,-0.742912769,0.002029699,0.759714807,0.000000000
45.200000000,3,1,2.852418808,-1.799707274,3.002766213,3.039926033,-1.049124878,3.000026258,-0.187507224,-0.750582396,0.002739955,0.773653928,-0.100000000
45.200000000,3,2,2.867143033,2.232485636,2.990981730,3.039302414,3.042531149,2.996027223,-0.172159381,-0.810045514,-0.005045493,0.828153394,-0.100000000
45.300000000,3,0,-1.214709052,-1.831034040,3.006178196,-1.070001444,-1.071188898,3.003891324,-0.144707608,-0.759845141,0.002286872,0.773505113,0.000000000
45.300000000,3,1,2.846673302,-1.933766163,3.008118468,3.071151358,-1.080995365,3.000923299,-0.224478056,-0.852770798,0.007195169,0.881850442,-0.100000000
45.300000000,3,2,2.965873852,2.265315451,3.004109188,3.070231283,3.074006849,2.996870533,-0.104357431,-0.808691399,0.007238655,0.815429120,-0.100000000
45.400000000,3,0,-1.252399540,-1.829020219,3.019425420,-1.093797023,-1.094752994,3.004600827,-0.158602517,-0.734267225,0.014824593,0.751347379,0.000000000
45.400000000,3,1,2.875398477,-1.952176200,3.009468099,3.094814842,-1.105126242,3.001563944,-0.219416365,-0.847049958,0.007904154,0.875042655,-0.100000000
45.400000000,3,2,2.962121035,2.181490714,2.984883991,3.093611406,3.097843643,2.997513643,-0.131490371,-0.916352928,-0.012629653,0.925824992,-0.100000000
45.500000000,3,0,-1.291267289,-1.914493239,3.019702702,-1.122647999,-1.123334742,3.005485071,-0.168619290,-0.791158497,0.014217631,0.809052763,0.000000000
45.500000000,3,1,2.918419532,-2.040238394,2.995125344,3.123525200,-1.134373957,3.002258469,-0.205105669,-0.905864437,-0.007133125,0.928821616,-0.100000000
45.500000000,3,2,3.086324655,2.208149708,2.991464938,3.121927026,3.126731074,2.998220873,-0.035602372,-0.918581366,-0.006755936,0.919295870,-0.100000000
45.600000000,3,0,-1.283194467,-1.939517938,3.006909533,-1.147049246,-1.147505367,3.006229299,-0.136145221,-0.792012571,0.000680234,0.803629204,0.000000000
45.600000000,3,1,2.906933670,-1.998175560,3.010127211,3.147814369,-1.159094441,3.002803341,-0.240880699,-0.839081119,0.007323869,0.873003021,-0.100000000
45.600000000,3,2,3.042675019,2.194676254,2.983649085,3.145869952,3.151144872,2.998702237,-0.103194934,-0.956468618,-0.015053152,0.962137209,-0.100000000
45.700000000,3,0,-1.338652505,-2.011000514,3.010668349,-1.179669900,-1.179779942,3.007119350,-0.158982606,-0.831220572,0.003548999,0.846295281,0.000000000
45.700000000,3,1,2.933956297,-2.101833084,3.009803180,3.180276037,-1.192127093,3.003562357,-0.246319740,-0.909705991,0.006240823,0.942484670,-0.100000000
45.700000000,3,2,3.153122765,2.233489104,2.999309034,3.177920638,3.183761779,2.999106728,-0.024797873,-0.950272675,0.000202307,0.950596199,-0.100000000
45.800000000,3,0,-1.424179594,-2.053241806,3.021931311,-1.200957799,-1.200803993,3.007591881,-0.223221795,-0.852437813,0.014339430,0.881296667,0.000000000
45.800000000,3,1,2.941210155,-2.149623955,3.025793722,3.201457481,-1.213716683,3.004125938,-0.260247325,-0.935907273,0.021667784,0.971658678,-0.100000000
45.800000000,3,2,3.140446995,2.220914749,2.988592131,3.198901971,3.205041369,2.999251795,-0.058454976,-0.984126620,-0.010659665,0.985918768,-0.100000000
45.900000000,3,0,-1.459105470,-2.100297447,3.016413704,-1.228047995,-1.227495280,3.008004706,-0.231057475,-0.872802167,0.008408998,0.902907465,0.000000000
45.900000000,3,1,2.943440468,-2.238474982,3.018179389,3.228410542,-1.241310457,3.005020338,-0.284970074,-0.997164524,0.013159051,1.037168353,-0.100000000
45.900000000,3,2,3.116493333,2.200751923,3.012796209,3.225719761,3.232095484,2.999297966,-0.109226427,-1.031343561,0.013498242,1.037199188,-0.100000000
46.000000000,3,0,-1.510587308,-2.125380114,3.012323015,-1.247687801,-1.246800717,3.008204939,-0.262899507,-0.878579397,0.004118077,0.917079531,0.000000000
46.000000000,3,1,2.967394485,-2.245617385,3.029074935,3.247948505,-1.261451409,3.005859613,-0.280554020,-0.984165976,0.023215322,1.023636741,-0.100000000
46.000000000,3,2,3.106470630,2.170884995,3.021905673,3.245245968,3.251678476,2.999154323,-0.138775338,-1.080793481,0.022751350,1.089904017,-0.100000000
46.100000000,3,0,-1.521256017,-2.166625719,2.999907013,-1.264821829,-1.263608907,3.008301583,-0.256434187,-0.903016812,-0.008394569,0.938758928,0.000000000
46.100000000,3,1,2.973030596,-2.303407585,3.031108546,3.264998024,-1.279164384,3.006641781,-0.291967428,-1.024243201,0.024466765,1.065325179,-0.100000000
46.100000000,3,2,3.137466694,2.184120020,3.010905321,3.262323019,3.268716234,2.998878063,-0.124856325,-1.084596214,0.012027259,1.091825400,-0.100000000
46.200000000,3,0,-1.489537034,-2.210319357,2.997073120,-1.279888257,-1.278301922,3.008289159,-0.209648777,-0.932017435,-0.011216040,0.955371607,0.000000000
46.200000000,3,1,2.990121772,-2.338232812,3.042945440,3.280002730,-1.294880998,3.007205291,-0.289880958,-1.043351814,0.035740149,1.083462660,-0.100000000
46.200000000,3,2,3.085292771,2.188484992,3.034713268,3.277343810,3.283608018,2.998441298,-0.192051038,-1.095123026,0.036271969,1.112426941,-0.100000000
46.300000000,3,0,-1.439190829,-2.294823483,2.988179595,-1.289842531,-1.287882094,3.008243208,-0.149348298,-1.006941388,-0.020063613,1.018154420,0.000000000
46.300000000,3,1,3.096854453,-2.380961040,3.060220103,3.289927771,-1.305370144,3.007336683,-0.193073319,-1.075590896,0.052883420,1.094061121,-0.100000000
46.300000000,3,2,3.161132356,2.219963543,3.030512604,3.287255965,3.293341985,2.997924325,-0.126123609,-1.073378441,0.032588279,1.081254105,-0.100000000
46.400000000,3,0,-1.429958306,-2.287662692,2.988626237,-1.296334700,-1.293992236,3.008208183,-0.133623606,-0.993670457,-0.019581946,1.002805912,0.000000000
46.400000000,3,1,3.120437894,-2.342330027,3.056427234,3.296399744,-1.312307680,3.007194843,-0.175961850,-1.030022347,0.049232390,1.046103454,-0.100000000
46.400000000,3,2,3.192214998,2.206209123,3.034189372,3.293714428,3.299577947,2.997406603,-0.101499430,-1.093368825,0.036782769,1.098685803,-0.100000000
46.500000000,3,0,-1.447513833,-2.293011623,2.995685234,-1.302372419,-1.299350454,3.008057634,-0.145141414,-0.993661168,-0.012372400,1.004281646,0.000000000
46.500000000,3,1,3.136756756,-2.377305077,3.066403541,3.302415343,-1.319029273,3.006543325,-0.165658587,-1.058275804,0.059860216,1.072834419,-0.100000000
46.500000000,3,2,3.191287008,2.270140409,3.030656742,3.299726803,3.305104689,2.996537509,-0.108439795,-1.034964280,0.034119234,1.041188922,-0.100000000
46.600000000,3,0,-1.466309394,-2.291473424,2.994260004,-1.303797805,-1.300118132,3.007820568,-0.162511589,-0.991355292,-0.013560564,1.004678665,0.000000000
46.600000000,3,1,3.142151803,-2.317277937,3.066901790,3.303848758,-1.321138095,3.005547498,-0.161696955,-0.996139843,0.061354292,1.011041463,-0.100000000
46.600000000,3,2,3.176296130,2.251372896,3.025687098,3.301217823,3.306009374,2.995674738,-0.124921693,-1.054636478,0.030012360,1.062433185,-0.100000000
46.700000000,3,0,-1.487923375,-2.291733959,2.994417102,-1.302115730,-1.297934288,3.007575733,-0.185807646,-0.993799671,-0.013158631,1.011106036,0.000000000
46.700000000,3,1,3.123076686,-2.359816792,3.051027787,3.302191473,-1.320053312,3.004592985,-0.179114787,-1.039763480,0.046434802,1.056099613,-0.100000000
46.700000000,3,2,3.232679623,2.277710631,3.023584609,3.299675909,3.303932116,2.994904738,-0.066996286,-1.026221485,0.028679871,1.028805897,-0.100000000
46.800000000,3,0,-1.475176861,-2.258787841,3.012787878,-1.297622650,-1.292941266,3.007251168,-0.177554211,-0.965846575,0.005536710,0.982046720,0.000000000
46.800000000,3,1,3.123880984,-2.365505874,3.052222937,3.297714181,-1.316235123,3.003480036,-0.173833197,-1.049270750,0.048742900,1.064689137,-0.100000000
46.800000000,3,2,3.215786848,2.279647435,3.033740666,3.295423661,3.299049373,2.994042758,-0.079636813,-1.019401938,0.039697908,1.023278192,-0.100000000
46.900000000,3,0,-1.488873317,-2.244483170,3.025210207,-1.288661370,-1.283393941,3.006696462,-0.200211947,-0.961089229,0.018513745,0.981896170,0.000000000
46.900000000,3,1,3.097124637,-2.329273639,3.043383466,3.288712132,-1.308108672,3.001992398,-0.191587495,-1.021164967,0.041391069,1.039806174,-0.100000000
46.900000000,3,2,3.220937477,2.256977083,3.034265891,3.286862945,3.289618977,2.993047700,-0.065925468,-1.032641894,0.041218191,1.035564767,-0.100000000
47.000000000,3,0,-1.551404144,-2.184570920,3.016415239,-1.278955306,-1.273231251,3.006186732,-0.272448839,-0.911339669,0.010228508,0.951248119,0.000000000
47.000000000,3,1,3.047160219,-2.276779584,3.053342356,3.278950326,-1.299068668,3.000707961,-0.231790107,-0.977710917,0.052634395,1.006188685,-0.100000000
47.000000000,3,2,3.173710393,2.267923833,3.025352334,3.277550816,3.279526565,2.992312278,-0.103840423,-1.011602732,0.033040056,1.017454945,-0.100000000
47.100000000,3,0,-1.581496766,-2.160347057,3.029760284,-1.265653053,-1.259457227,3.005667358,-0.315843713,-0.900889831,0.024092926,0.954955605,0.000000000
47.100000000,3,1,3.003907569,-2.281495584,3.051481657,3.265600692,-1.286522500,2.999207477,-0.261693123,-0.994973084,0.052274180,1.030139466,-0.100000000
47.100000000,3,2,3.120818563,2.275972468,3.027021135,3.264760880,3.265769847,2.991533559,-0.143942318,-0.989797379,0.035487575,1.000838454,-0.100000000
47.200000000,3,0,-1.517650273,-2.177393747,3.025943539,-1.251176046,-1.244591794,3.005229794,-0.266474228,-0.932801953,0.020713746,0.970338630,0.000000000
47.200000000,3,1,3.010598282,-2.299195690,3.029198648,3.251087985,-1.272739570,2.997807630,-0.240489703,-1.026456120,0.031391018,1.054719328,-0.100000000
47.200000000,3,2,3.139458007,2.225836498,3.027197662,3.250787357,3.250829957,2.990889249,-0.111329350,-1.024993459,0.036308413,1.031660853,-0.100000000
47.300000000,3,0,-1.484779054,-2.175652181,3.026281616,-1.234740670,-1.227829381,3.004746093,-0.250038384,-0.947822800,0.021535523,0.980485100,0.000000000
47.300000000,3,1,3.018898962,-2.286441295,3.031768431,3.234592854,-1.256961716,2.996402652,-0.215693891,-1.029479580,0.035365779,1.052427099,-0.100000000
47.300000000,3,2,3.090499450,2.186884132,3.029720057,3.234837226,3.233877852,2.990273810,-0.144337776,-1.046993720,0.039446247,1.057631906,-0.100000000
47.400000000,3,0,-1.506902530,-2.190254283,3.026019596,-1.212427549,-1.205202519,3.004122027,-0.294474981,-0.985051764,0.021897569,1.028358885,0.000000000
47.400000000,3,1,2.965029186,-2.319599258,3.021147268,3.212143933,-1.235368193,2.994795161,-0.247114747,-1.084231065,0.026352107,1.112347578,-0.100000000
47.400000000,3,2,3.086093038,2.158858023,3.009855849,3.213028355,3.210864810,2.989460154,-0.126935317,-1.052006786,0.020395695,1.059833401,-0.100000000
47.500000000,3,0,-1.509715106,-2.189457529,3.033832190,-1.192686883,-1.185260443,3.003584149,-0.317028223,-1.004197086,0.030248040,1.053486414,0.000000000
47.500000000,3,1,2.906759119,-2.291740675,3.036611026,3.192244185,-1.216133471,2.993599943,-0.285485066,-1.075607204,0.043011083,1.113679727,-0.100000000
47.500000000,3,2,3.048310345,2.100505164,3.007891071,3.193596971,3.190495492,2.988802760,-0.145286626,-1.089990328,0.019088312,1.099796109,-0.100000000
47.600000000,3,0,-1.447398773,-2.180332249,3.017559576,-1.171071242,-1.163479258,3.002938645,-0.276327531,-1.016852991,0.014620931,1.053831429,0.000000000
47.600000000,3,1,2.897082196,-2.312918240,3.033654153,3.170409316,-1.194960703,2.992495797,-0.273327120,-1.117957537,0.041158356,1.151620936,-0.100000000
47.600000000,3,2,3.029360679,2.114185156,3.016535707,3.172186997,3.168172641,2.988184371,-0.142826318,-1.053987485,0.028351335,1.063998484,-0.100000000
47.700000000,3,0,-1.418671647,-2.180937448,3.026895334,-1.142624292,-1.134878655,3.002083666,-0.276047355,-1.046058793,0.024811667,1.082153760,0.000000000
47.700000000,3,1,2.887456219,-2.292227290,3.024880782,3.141585276,-1.166985915,2.991295359,-0.254129057,-1.125241375,0.033585423,1.154070063,-0.100000000
47.700000000,3,2,3.027772682,2.089769412,3.008529174,3.143814422,3.138754635,2.987505371,-0.116041741,-1.048985224,0.021023802,1.055593523,-0.100000000
47.800000000,3,0,-1.444598632,-2.133617305,3.019996469,-1.119366355,-1.111533087,3.001398549,-0.325232276,-1.022084218,0.018597920,1.072743243,0.000000000
47.800000000,3,1,2.828202132,-2.227244066,3.010309590,3.117933629,-1.144037997,2.990535538,-0.289731496,-1.083206069,0.019774052,1.121459202,-0.100000000
47.800000000,3,2,2.992520361,2.072673076,3.012187195,3.120470770,3.114670148,2.987007646,-0.127950408,-1.041997073,0.025179549,1.050125334,-0.100000000
47.900000000,3,0,-1.403496965,-2.093778280,3.019715052,-1.093551633,-1.085654288,3.000641909,-0.309945332,-1.008123992,0.019073143,1.054866758,0.000000000
47.900000000,3,1,2.814426937,-2.210632786,3.011519819,3.091598741,-1.118468982,2.989875389,-0.277171804,-1.092163805,0.021644430,1.126993552,-0.100000000
47.900000000,3,2,2.860285314,2.083236059,3.010220220,3.094440228,3.087906474,2.986524238,-0.234154914,-1.004670414,0.023695982,1.031868531,-0.100000000
48.000000000,3,0,-1.376358024,-2.065760973,3.020250419,-1.062292435,-1.054357070,2.999711737,-0.314065589,-1.011403903,0.020538682,1.059243545,-0.100000000
48.000000000,3,1,2.805448254,-2.194618435,3.006909765,3.059605353,-1.087340777,2.989183944,-0.254157099,-1.107277657,0.017725820,1.136210300,-0.100000000
48.000000000,3,2,2.875767578,2.066116983,2.997158191,3.062769380,3.055437368,2.986116549,-0.187001802,-0.989320385,0.011041642,1.006899408,-0.100000000
48.100000000,3,0,-1.421418335,-2.014786770,3.007284752,-1.036412158,-1.028496627,2.998916433,-0.385006177,-0.986290143,0.008368319,1.058805002,0.000000000
48.100000000,3,1,2.719232332,-2.117043908,2.999828693,3.033035661,-1.061418262,2.988706095,-0.313803329,-1.055625646,0.011122598,1.101336345,-0.100000000
48.100000000,3,2,2.820638328,1.980360123,2.995405407,3.036423293,3.028502736,2.985889108,-0.215784964,-1.048142613,0.009516299,1.070166645,-0.100000000
48.200000000,3,0,-1.440214388,-1.996739237,2.994958050,-1.008191900,-1.000368485,2.998078160,-0.432022488,-0.996370751,-0.003120109,1.086005451,0.000000000
48.200000000,3,1,2.664683664,-2.154061820,3.011187276,3.003976573,-1.032998075,2.988269652,-0.339292909,-1.121063745,0.022917623,1.171507070,-0.100000000
48.200000000,3,2,2.771469196,1.976205479,2.979621380,3.007560967,2.999075380,2.985833399,-0.236091770,-1.022869901,-0.006212020,1.049781285,-0.100000000
48.300000000,3,0,-1.456193858,-2.006599678,2.993503093,-0.974026315,-0.966398355,2.997017678,-0.482167544,-1.040201324,-0.003514585,1.146523740,0.000000000
48.300000000,3,1,2.602506915,-2.078433598,3.009201991,2.968671701,-0.998395570,2.987814494,-0.366164787,-1.080038028,0.021387497,1.140620979,-0.100000000
48.300000000,3,2,2.720194057,1.878895721,2.982609834,2.972439518,2.963355802,2.986009168,-0.252245461,-1.084460081,-0.003399335,1.113415015,-0.100000000
48.400000000,3,0,-1.421708438,-2.085255227,2.990888695,-0.943578356,-0.936192154,2.996069847,-0.478130082,-1.149063073,-0.005181151,1.244580719,0.000000000
48.400000000,3,1,2.527567153,-2.166792797,3.010629367,2.937132416,-0.967411356,2.987407048,-0.409565263,-1.199381441,0.023222320,1.267595685,-0.100000000
48.400000000,3,2,2.664166167,1.880915760,2.997855105,2.941032749,2.931450709,2.986295145,-0.276866582,-1.050534949,0.011559959,1.086467863,-0.100000000
48.500000000,3,0,-1.380039958,-1.993035735,2.979871065,-0.913395273,-0.906324523,2.995144846,-0.466644686,-1.086711212,-0.015273780,1.182764478,0.000000000
48.500000000,3,1,2.506688231,-2.088058317,3.015065222,2.905867356,-0.936614803,2.987008120,-0.399179125,-1.151443513,0.028057102,1.218996858,-0.100000000
48.500000000,3,2,2.625335184,1.715955205,2.981803129,2.909848783,2.899803132,2.986752806,-0.284513598,-1.183847926,-0.004949677,1.217566589,-0.100000000
48.600000000,3,0,-1.311295179,-2.003981747,2.991649975,-0.883548517,-0.876906805,2.994239563,-0.427746662,-1.127074942,-0.002589588,1.205517249,0.000000000
48.600000000,3,1,2.510687507,-2.084819228,3.002575316,2.875002536,-0.906156364,2.986715825,-0.364315029,-1.178662864,0.015859492,1.233784062,-0.100000000
48.600000000,3,2,2.608676711,1.745381905,2.981554401,2.878983010,2.868554440,2.987394794,-0.270306299,-1.123172535,-0.005840394,1.155255880,-0.100000000
48.700000000,3,0,-1.238529220,-1.933511754,2.997874438,-0.853491832,-0.847416134,2.993412089,-0.385037388,-1.086095621,0.004462348,1.152335628,0.000000000
48.700000000,3,1,2.510373791,-1.969541799,3.016542559,2.843976454,-0.875516595,2.986532889,-0.333602663,-1.094025204,0.030009669,1.144151417,-0.100000000
48.700000000,3,2,2.560549818,1.706387411,2.993923865,2.847866651,2.837176325,2.988175586,-0.287316833,-1.130788914,0.005748279,1.166733720,-0.100000000
48.800000000,3,0,-1.242619658,-1.899356174,2.997891840,-0.818918414,-0.813589013,2.992613816,-0.423701244,-1.085767161,0.005278024,1.165521742,0.000000000
48.800000000,3,1,2.484844989,-2.013230298,3.039684068,2.808311571,-0.840274076,2.986545139,-0.323466581,-1.172956222,0.053138929,1.217900108,-0.100000000
48.800000000,3,2,2.557494998,1.738270010,2.995786648,2.811995315,2.801179525,2.989194580,-0.254500317,-1.062909515,0.006592068,1.092973240,-0.100000000
48.900000000,3,0,-1.203518805,-1.878033887,2.990472135,-0.789977331,-0.785264428,2.992027311,-0.413541474,-1.092769459,-0.001555176,1.168402353,0.000000000
48.900000000,3,1,2.424266913,-1.931950231,3.031870037,2.778455791,-0.810725146,2.986760136,-0.354188878,-1.121225085,0.045109901,1.176703172,-0.100000000
48.900000000,3,2,2.479460379,1.620744100,2.983585711,2.781874992,2.771100148,2.990155173,-0.302414613,-1.150356048,-0.006569462,1.189460715,-0.100000000
49.000000000,3,0,-1.142509505,-1.908713878,2.988301314,-0.759168638,-0.755063588,2.991514183,-0.383340867,-1.153650290,-0.003212870,1.215676575,0.000000000
49.000000000,3,1,2.437468897,-1.993491133,3.022697831,2.746702368,-0.779215545,2.987147376,-0.309233472,-1.214275588,0.035550456,1.253536748,-0.100000000
49.000000000,3,2,2.530666757,1.599771180,2.979190383,2.749719708,2.739144947,2.991234573,-0.219052952,-1.139373767,-0.012044190,1.160302478,-0.100000000
49.100000000,3,0,-1.133617559,-1.881860249,2.981300139,-0.732148772,-0.728563923,2.991188848,-0.401468787,-1.153296326,-0.009888709,1.221215537,0.000000000
49.100000000,3,1,2.397229383,-1.925780886,3.019434360,2.718909297,-0.751557135,2.987611140,-0.321679914,-1.174223752,0.031823220,1.217904800,-0.100000000
49.100000000,3,2,2.467006140,1.523563118,2.978227689,2.721463539,2.711209393,2.992193947,-0.254457399,-1.187646276,-0.013966258,1.214679917,-0.100000000
49.200000000,3,0,-1.102205670,-1.860506843,2.979605019,-0.697607771,-0.694695777,2.990856996,-0.404597898,-1.165811067,-0.011251977,1.234075163,0.000000000
49.200000000,3,1,2.368035103,-1.996791688,3.001289259,2.683458577,-0.716178990,2.988384259,-0.315423474,-1.280612698,0.012905001,1.318949351,-0.100000000
49.200000000,3,2,2.485205935,1.516878448,2.985851070,2.685310408,2.675656573,2.993433077,-0.200104473,-1.158778125,-0.007582007,1.175953243,-0.100000000
49.300000000,3,0,-1.098125418,-1.826974026,2.982929893,-0.673146556,-0.670688603,2.990687833,-0.424978862,-1.156285423,-0.007757940,1.231934738,0.000000000
49.300000000,3,1,2.298892111,-1.934079319,2.984539713,2.658403690,-0.691096445,2.989011045,-0.359511578,-1.242982875,-0.004471332,1.293937786,-0.100000000
49.300000000,3,2,2.386075050,1.476650112,2.990216714,2.659701888,2.650580477,2.994314541,-0.273626838,-1.173930365,-0.004097827,1.205404886,-0.100000000
49.400000000,3,0,-1.029990902,-1.797218320,2.984365881,-0.637487458,-0.635604695,2.990609990,-0.392503445,-1.161613625,-0.006244110,1.226150137,0.000000000
49.400000000,3,1,2.250192585,-1.884650029,2.982484249,2.621965145,-0.654476164,2.990069587,-0.371772560,-1.230173865,-0.007585338,1.285145949,-0.100000000
49.400000000,3,2,2.433734123,1.427970262,2.989229334,2.622372042,2.614152794,2.995596756,-0.188637920,-1.186182532,-0.006367422,1.201105244,-0.100000000
49.500000000,3,0,-0.986606603,-1.729436339,2.987235534,-0.602602653,-0.601175651,2.990738847,-0.384003950,-1.128260687,-0.003503313,1.191823596,0.000000000
49.500000000,3,1,2.197458324,-1.801647612,2.976609546,2.586427398,-0.618601014,2.991286413,-0.388969073,-1.183046598,-0.014676866,1.245436310,-0.100000000
49.500000000,3,2,2.365295514,1.382224025,2.988051026,2.585873130,2.578694024,2.996816453,-0.220577616,-1.196469999,-0.008765428,1.216664200,-0.100000000
49.600000000,3,0,-0.960837904,-1.708875713,2.984363672,-0.567908818,-0.566847554,2.990999870,-0.392929086,-1.142028159,-0.006636198,1.207752301,0.000000000
49.600000000,3,1,2.229206126,-1.796867346,2.981772127,2.551172192,-0.582841471,2.992531864,-0.321966065,-1.214025875,-0.010759737,1.256040105,-0.100000000
49.600000000,3,2,2.328922572,1.412833003,2.994103014,2.549604458,2.543617542,2.997936375,-0.220681886,-1.130784539,-0.003833362,1.152123632,-0.100000000
49.700000000,3,0,-0.974395182,-1.665261184,2.988521980,-0.543878203,-0.542997919,2.991227479,-0.430516980,-1.122263266,-0.002705499,1.202009579,0.000000000
49.700000000,3,1,2.209859371,-1.726530062,2.972314450,2.526791891,-0.557987229,2.993366709,-0.316932519,-1.168542833,-0.021052258,1.210942514,-0.100000000
49.700000000,3,2,2.220881775,1.363964785,2.995989528,2.524506690,2.519413315,2.998642617,-0.303624915,-1.155448529,-0.002653089,1.194678380,-0.100000000
49.800000000,3,0,-0.969164692,-1.709265599,2.990322990,-0.520573129,-0.519797471,2.991513859,-0.448591563,-1.189468129,-0.001190869,1.271247512,0.000000000
49.800000000,3,1,2.168748699,-1.759022753,2.960713562,2.503178006,-0.533796347,2.994146769,-0.334429307,-1.225226406,-0.033433206,1.270488287,-0.100000000
49.800000000,3,2,2.260510624,1.342548566,2.996107349,2.500197212,2.495993864,2.999292428,-0.239686589,-1.153445297,-0.003185079,1.178089920,-0.100000000
49.900000000,3,0,-0.974658963,-1.640753303,2.986511361,-0.484619911,-0.483862596,2.992091493,-0.490039052,-1.156890707,-0.005580132,1.256409773,0.000000000
49.900000000,3,1,2.100316973,-1.652418066,2.948463510,2.466794128,-0.496288768,2.995242648,-0.366477155,-1.156129298,-0.046779138,1.213725153,-0.100000000
49.900000000,3,2,2.110329278,1.257560160,2.988569821,2.462763318,2.459940106,3.000247513,-0.352434040,-1.202379945,-0.011677692,1.253021809,-0.100000000
50.000000000,3,0,-0.906155564,-1.674241333,2.986953037,-0.450783893,-0.449927735,2.992801488,-0.455371671,-1.224313598,-0.005848451,1.306270014,0.000000000
50.000000000,3,1,2.055367257,-1.730782928,2.941573307,2.432583538,-0.460799801,2.996146626,-0.377216280,-1.269983127,-0.054573319,1.325944008,-0.100000000
50.000000000,3,2,2.121842479,1.275514468,3.003157124,2.427601032,2.426078937,3.001002853,-0.305758554,-1.150564469,0.002154271,1.190500538,-0.100000000
50.100000000,3,0,-0.907510523,-1.638714909,2.984922437,-0.417200197,-0.416211959,2.993589059,-0.490310326,-1.222502950,-0.008666623,1.317191250,0.000000000
50.100000000,3,1,2.012447468,-1.649705649,2.934417636,2.398661548,-0.425392510,2.996926517,-0.386214081,-1.224313139,-0.062508882,1.285305932,-0.100000000
50.100000000,3,2,2.010261197,1.191536738,2.987618622,2.392752408,2.392530250,3.001600239,-0.382491211,-1.200993513,-0.013981617,1.260508005,-0.100000000
50.200000000,3,0,-0.826355069,-1.658661452,2.985077365,-0.389761613,-0.388683180,2.994259721,-0.436593455,-1.269978272,-0.009182357,1.342960525,0.000000000
50.200000000,3,1,2.008094846,-1.704563142,2.944226611,2.370987200,-0.396347800,2.997472341,-0.362892354,-1.308215342,-0.053245731,1.358658658,-0.100000000
50.200000000,3,2,2.026742280,1.212490028,2.969430416,2.364328576,2.365132605,3.002036615,-0.337586296,-1.152642577,-0.032606199,1.201504300,-0.100000000
50.300000000,3,0,-0.773982121,-1.583861529,2.982260136,-0.355911871,-0.354778986,2.995142866,-0.418070250,-1.229082543,-0.012882730,1.298303738,0.000000000
50.300000000,3,1,1.985951844,-1.587397441,2.941026984,2.336929417,-0.360432628,2.998098798,-0.350977573,-1.226964812,-0.057071814,1.277452582,-0.100000000
50.300000000,3,2,1.956409722,1.157954394,2.978580048,2.329367366,2.331308487,3.002541735,-0.372957644,-1.173354093,-0.023961687,1.231434689,-0.100000000
50.400000000,3,0,-0.737538564,-1.561661110,2.981140252,-0.328933781,-0.327859145,2.996491878,-0.408604783,-1.233801965,-0.015351626,1.299792610,0.000000000
50.400000000,3,1,1.963383997,-1.588701352,2.943964751,2.309909226,-0.331850071,2.999242959,-0.346525229,-1.256851281,-0.055278208,1.304917836,-0.100000000
50.400000000,3,2,1.952829818,1.212066870,2.993711426,2.301601587,2.304356390,3.003575962,-0.348771769,-1.092289520,-0.009864537,1.146662745,-0.100000000
50.500000000,3,0,-0.735598269,-1.470355021,2.988286177,-0.302480043,-0.301513878,2.997915217,-0.433118225,-1.168841144,-0.009629040,1.246544718,0.000000000
50.500000000,3,1,1.894022824,-1.393708836,2.928926542,2.283619191,-0.303883485,3.000465112,-0.389596368,-1.089825350,-0.071538570,1.159578540,-0.100000000
50.500000000,3,2,1.879115453,1.160638242,2.995808028,2.274441169,2.278062222,3.004608868,-0.395325717,-1.117423980,-0.008800839,1.185325368,-0.100000000
50.600000000,3,0,-0.683686868,-1.464295938,2.988848939,-0.276567870,-0.275280177,2.998886035,-0.407118999,-1.189015761,-0.010037096,1.256823417,0.000000000
50.600000000,3,1,1.919418046,-1.444294107,2.928235501,2.258019630,-0.275994254,3.001216522,-0.338601585,-1.168299853,-0.072981022,1.218565472,-0.100000000
50.600000000,3,2,1.931449575,1.228160950,2.985441862,2.247857734,2.252718036,3.005215732,-0.316408159,-1.024557086,-0.019773871,1.072484196,-0.100000000
50.700000000,3,0,-0.631396137,-1.380692898,2.985577175,-0.247689011,-0.244631864,2.999558876,-0.383707126,-1.136061035,-0.013981701,1.199191945,0.000000000
50.700000000,3,1,1.923233526,-1.397083647,2.935240073,2.229526107,-0.243369651,3.001689497,-0.306292581,-1.153713995,-0.066449424,1.195527772,-0.100000000
50.700000000,3,2,1.849677050,1.122709596,2.986113132,2.218194600,2.225759547,3.005622031,-0.368517551,-1.103049951,-0.019508899,1.163144435,-0.100000000
50.800000000,3,0,-0.561531287,-1.397687577,2.992460676,-0.226593973,-0.220739626,2.999883567,-0.334937314,-1.176947951,-0.007422891,1.223701182,0.000000000
50.800000000,3,1,1.985449140,-1.414944598,2.948184927,2.208678718,-0.217988287,3.001933844,-0.223229578,-1.196956311,-0.053748916,1.218780047,-0.100000000
50.800000000,3,2,1.894139692,1.083006930,2.989048723,2.196470982,2.207569947,3.005889421,-0.302331290,-1.124563018,-0.016840699,1.164615730,-0.100000000
50.900000000,3,0,-0.522652997,-1.304852293,2.972376637,-0.198130586,-0.185711212,3.000158200,-0.324522411,-1.119141081,-0.027781563,1.165574266,0.000000000
50.900000000,3,1,1.951034958,-1.247548850,2.972187583,2.180479404,-0.180936898,3.002138787,-0.229444446,-1.066611951,-0.029951205,1.091422413,-0.100000000
50.900000000,3,2,1.769682237,1.054316452,2.980580057,2.167029614,2.185868742,3.006249246,-0.397347378,-1.131552291,-0.025669189,1.199564268,-0.100000000
51.000000000,3,0,-0.467212327,-1.273589987,2.961929661,-0.175266591,-0.154513241,3.000277213,-0.291945737,-1.119076746,-0.038347552,1.157167063,0.000000000
51.000000000,3,1,1.937409129,-1.270896867,2.976242658,2.157752208,-0.148119605,3.002240734,-0.220343079,-1.122777262,-0.025998076,1.144489298,-0.100000000
51.000000000,3,2,1.793975964,1.168437317,2.968308777,2.143231915,2.171463286,3.006527760,-0.349255952,-1.003025969,-0.038218983,1.062780083,-0.100000000
51.100000000,3,0,-0.511626963,-1.154618108,2.985887486,-0.152804127,-0.120330463,3.000304298,-0.358822837,-1.034287644,-0.014416812,1.094857344,0.000000000
51.100000000,3,1,1.850656176,-1.105399445,2.984599088,2.135339418,-0.112334077,3.002303269,-0.284683242,-0.993065367,-0.017704180,1.033216730,-0.100000000
51.100000000,3,2,1.701353011,1.122002646,2.965886299,2.119698188,2.160764188,3.006790039,-0.418345177,-1.038761542,-0.040903741,1.120585269,-0.100000000
51.200000000,3,0,-0.520332287,-1.133060908,2.985458588,-0.128669268,-0.078445801,3.000278780,-0.391663018,-1.054615107,-0.014820192,1.125092255,0.000000000
51.200000000,3,1,1.791795338,-1.128467073,2.976815754,2.111132390,-0.068693564,3.002355510,-0.319337052,-1.059773509,-0.025539756,1.107135187,-0.100000000
51.200000000,3,2,1.735072164,1.193231376,2.957881081,2.094238877,2.154341161,3.007058185,-0.359166713,-0.961109785,-0.049177103,1.027205498,-0.100000000
51.300000000,3,0,-0.521263925,-1.028733378,2.990955284,-0.113636940,-0.048872335,3.000226574,-0.407626985,-0.979861044,-0.009271290,1.061307392,0.000000000
51.300000000,3,1,1.698318778,-1.006315069,2.972617696,2.095968234,-0.038024081,3.002460561,-0.397649456,-0.968290988,-0.029842865,1.047188199,-0.100000000
51.300000000,3,2,1.620608137,1.117944003,2.956539574,2.078301558,2.153774159,3.007264909,-0.457693421,-1.035830156,-0.050725336,1.133578598,-0.100000000
51.400000000,3,0,-0.536535958,-1.063274938,2.991887627,-0.092733763,-0.001917616,3.000040653,-0.443802195,-1.061357322,-0.008153026,1.150437406,0.000000000
51.400000000,3,1,1.659167919,-1.060171741,2.990101024,2.074734251,0.010423167,3.002771524,-0.415566332,-1.070594909,-0.012670499,1.148490042,-0.100000000
51.400000000,3,2,1.687104392,1.248524946,2.953574319,2.056033275,2.158706179,3.007602431,-0.368928883,-0.910181232,-0.054028112,0.983594141,-0.100000000
51.500000000,3,0,-0.456517781,-0.943510642,2.993063521,-0.079509113,0.032270670,2.999868158,-0.377008667,-0.975781312,-0.006804636,1.046102771,0.000000000
51.500000000,3,1,1.669628333,-0.927963020,2.990761630,2.061185713,0.045526031,3.003026282,-0.391557380,-0.973489050,-0.012264652,1.049356248,-0.100000000
51.500000000,3,2,1.681962370,1.183357687,2.955543729,2.041851173,2.166213938,3.007766174,-0.359888803,-0.982856251,-0.052222445,1.047975927,-0.100000000
51.600000000,3,0,-0.349540351,-0.932944935,3.001271127,-0.062580928,0.082822405,2.999630879,-0.286959423,-1.015767340,0.001640248,1.055524367,0.000000000
51.600000000,3,1,1.729493652,-0.930568996,2.990983767,2.043680802,0.097207222,3.003367018,-0.314187150,-1.027776218,-0.012383252,1.074798058,-0.100000000
51.600000000,3,2,1.745250867,1.210194593,2.956813354,2.023533883,2.182444976,3.007804114,-0.278283017,-0.972250382,-0.050990760,1.012577059,-0.100000000
51.700000000,3,0,-0.377544016,-0.886529958,2.997755639,-0.050601477,0.124716686,2.999449462,-0.326942540,-1.011246644,-0.001693823,1.062785994,0.000000000
51.700000000,3,1,1.697365818,-0.856683399,2.992646051,2.031150223,0.139875364,3.003590413,-0.333784405,-0.996558763,-0.010944362,1.051028628,-0.100000000
51.700000000,3,2,1.622313705,1.245610784,2.973337748,2.010432419,2.199877086,3.007605127,-0.388118714,-0.954266302,-0.034267378,1.030744665,-0.100000000
51.800000000,3,0,-0.455709883,-0.850614763,2.998309874,-0.039440721,0.170056540,2.999230127,-0.416269162,-1.020671302,-0.000920253,1.102293413,0.000000000
51.800000000,3,1,1.652624329,-0.812719959,2.982491411,2.019332937,0.185931455,3.003758531,-0.366708608,-0.998651414,-0.021267120,1.064063973,-0.100000000
51.800000000,3,2,1.595384652,1.286182672,2.974972430,1.998091437,2.222229534,3.007212700,-0.402706785,-0.936046861,-0.032240270,1.019507683,-0.100000000
51.900000000,3,0,-0.487234286,-0.758751746,3.001368774,-0.027915676,0.225898015,2.998882555,-0.459318609,-0.984649761,0.002486220,1.086515033,0.000000000
51.900000000,3,1,1.568285147,-0.732298994,2.982770536,2.006950906,0.242537238,3.003945106,-0.438665759,-0.974836233,-0.021174570,1.069196750,-0.100000000
51.900000000,3,2,1.550761317,1.257461025,2.984003558,1.985172089,2.254069513,3.006508450,-0.434410772,-0.996608488,-0.022504893,1.087404096,-0.100000000
52.000000000,3,0,-0.386921448,-0.752817660,3.000486943,-0.021065284,0.265263838,2.998577624,-0.365856164,-1.018081497,0.001909320,1.081824530,0.000000000
52.000000000,3,1,1.572471555,-0.754144158,2.991517647,1.999485887,0.282392953,3.004082272,-0.427014332,-1.036537110,-0.012564625,1.121119214,-0.100000000
52.000000000,3,2,1.594188274,1.321654382,2.995783010,1.977387284,2.279022172,3.005849187,-0.383199010,-0.957367790,-0.010066177,1.031259373,-0.100000000
52.100000000,3,0,-0.335168786,-0.646939685,3.009430267,-0.012594916,0.323342445,2.998021408,-0.322573870,-0.970282130,0.011408859,1.022561233,0.000000000
52.100000000,3,1,1.646185110,-0.617887302,2.987531946,1.990104696,0.341144483,3.004203658,-0.343919586,-0.959031786,-0.016671712,1.018970360,-0.100000000
52.100000000,3,2,1.541817409,1.308558856,3.016815962,1.967618286,2.319110227,3.004623989,-0.425800877,-1.010551370,0.012191973,1.096662712,-0.100000000
52.200000000,3,0,-0.378012464,-0.636619420,3.013360377,-0.007337141,0.366976209,2.997483775,-0.370675324,-1.003595629,0.015876602,1.069979649,0.000000000
52.200000000,3,1,1.630615516,-0.607577141,3.001151927,1.984156979,0.385235323,3.004171259,-0.353541463,-0.992812464,-0.003019332,1.053886745,-0.100000000
52.200000000,3,2,1.517911461,1.429199782,3.016066854,1.961443976,2.351460677,3.003567693,-0.443532514,-0.922260895,0.012499162,1.023446373,-0.100000000
52.300000000,3,0,-0.420984858,-0.558019305,3.024988597,-0.001245679,0.429081396,2.996572022,-0.419739178,-0.987100702,0.028416575,1.073012709,0.000000000
52.300000000,3,1,1.540292302,-0.537683048,3.006581225,1.977071016,0.447918482,3.003909029,-0.436778714,-0.985601530,0.002672196,1.078050630,-0.100000000
52.300000000,3,2,1.507329515,1.439691176,3.015574089,1.954128812,2.400336017,3.002044831,-0.446799297,-0.960644840,0.013529258,1.059552341,-0.100000000
52.400000000,3,0,-0.465730107,-0.472629251,3.034846264,0.003464745,0.491549696,2.995567963,-0.469194852,-0.964178946,0.039278301,1.072999364,0.000000000
52.400000000,3,1,1.494050867,-0.507999973,3.003893505,1.971347194,0.510913146,3.003464254,-0.477296326,-1.018913119,0.000429251,1.125164838,-0.100000000
52.400000000,3,2,1.477188124,1.486682957,3.022922407,1.948297170,2.452416786,3.000562105,-0.471109046,-0.965733829,0.022360302,1.074749061,-0.100000000
52.500000000,3,0,-0.456572713,-0.396371812,3.028516840,0.006002065,0.534658069,2.994909086,-0.462574779,-0.931029881,0.033607754,1.040154578,0.000000000
52.500000000,3,1,1.504704097,-0.429652840,3.019763171,1.968118384,0.554371677,3.003098326,-0.463414287,-0.984024517,0.016664844,1.087811918,-0.100000000
52.500000000,3,2,1.502147679,1.477783585,3.024226731,1.945066394,2.489857464,2.999599494,-0.442918716,-1.012073879,0.024627237,1.105023541,-0.100000000
52.600000000,3,0,-0.477378313,-0.377804611,3.030394137,0.008847117,0.597987870,2.994020452,-0.486225430,-0.975792481,0.036373685,1.090829584,0.000000000
52.600000000,3,1,1.506278123,-0.382107102,3.020668178,1.964320215,0.618197924,3.002438687,-0.458042092,-1.000305026,0.018229491,1.100338592,-0.100000000
52.600000000,3,2,1.512574519,1.543352593,3.013199126,1.941353987,2.546794682,2.998337995,-0.428779467,-1.003442088,0.014861131,1.091315128,-0.100000000
52.700000000,3,0,-0.501851717,-0.316798428,3.042723905,0.010914639,0.664705942,2.993214264,-0.512766356,-0.981504370,0.049509641,1.108481560,0.000000000
52.700000000,3,1,1.481952524,-0.315696501,3.023833466,1.961364783,0.685360897,3.001615659,-0.479412259,-1.001057398,0.022217807,1.110155691,-0.100000000
52.700000000,3,2,1.482004049,1.611811738,2.999467831,1.938580856,2.608896410,2.997220280,-0.456576808,-0.997084672,0.002247550,1.096651848,-0.100000000
52.800000000,3,0,-0.440941817,-0.257509105,3.039631402,0.011863952,0.709749821,2.992752246,-0.452805769,-0.967258926,0.046879156,1.069027852,0.000000000
52.800000000,3,1,1.496110258,-0.232273978,3.020524502,1.959881731,0.730622437,3.001007925,-0.463771473,-0.962896415,0.019516577,1.068940776,-0.100000000
52.800000000,3,2,1.456805852,1.700299237,2.984732972,1.937276162,2.651846346,2.996553053,-0.480470310,-0.951547109,-0.011820081,1.066036272,-0.100000000
52.900000000,3,0,-0.377055998,-0.268252190,3.028613687,0.012710716,0.776849870,2.992156965,-0.389766714,-1.045102060,0.036456722,1.116013217,0.000000000
52.900000000,3,1,1.538017191,-0.089238149,3.022413238,1.958323844,0.797929653,3.000102619,-0.420306653,-0.887167802,0.022310619,0.981948143,-0.100000000
52.900000000,3,2,1.405576618,1.801626252,2.989109539,1.936071756,2.717115507,2.995731832,-0.530495138,-0.915489254,-0.006622293,1.058106574,-0.100000000
53.000000000,3,0,-0.366395766,-0.072827759,3.018208574,0.012994003,0.844677450,2.991611924,-0.379389770,-0.917505209,0.026596651,0.993206820,0.000000000
53.000000000,3,1,1.563977975,-0.007006330,3.018292040,1.957453442,0.865874861,2.999120492,-0.393475467,-0.872881190,0.019171548,0.957659681,-0.100000000
53.000000000,3,2,1.364208374,1.893618193,2.990115002,1.935628569,2.784461281,2.995083497,-0.571420195,-0.890843087,-0.004968495,1.058370035,-0.100000000
53.100000000,3,0,-0.331009062,0.024034483,3.022750381,0.012914847,0.891054961,2.991307302,-0.343923909,-0.867020479,0.031443079,0.933272111,0.000000000
53.100000000,3,1,1.580312823,0.092456195,3.019470594,1.957220032,0.912300071,2.998398191,-0.376907209,-0.819843876,0.021072404,0.902578014,-0.100000000
53.100000000,3,2,1.396428416,1.981230974,3.006076571,1.935701684,2.831198058,2.994693262,-0.539273269,-0.849967085,0.011383308,1.006672381,-0.100000000
53.200000000,3,0,-0.333530010,0.088980022,3.024571611,0.012468008,0.959845461,2.991005118,-0.345998018,-0.870865439,0.033566492,0.937682222,-0.100000000
53.200000000,3,1,1.609144658,0.170708342,3.007823424,1.957339867,0.981130020,2.997369058,-0.348195208,-0.810421678,0.010454366,0.882118185,-0.100000000
53.200000000,3,2,1.456670228,2.064697116,2.997165295,1.936299168,2.901403021,2.994178838,-0.479628940,-0.836705905,0.002986456,0.964432274,-0.100000000
53.300000000,3,0,-0.383287317,0.133953725,3.014720311,0.011727774,1.027836605,2.990939145,-0.395015091,-0.893882881,0.023781166,0.977562822,0.000000000
53.300000000,3,1,1.589284940,0.168506522,3.002245193,1.957907371,1.049126947,2.996422014,-0.368622431,-0.880620425,0.005823178,0.954677296,-0.100000000
53.300000000,3,2,1.482269734,2.123948439,3.001575719,1.937400624,2.971661539,2.993703910,-0.455130890,-0.847713099,0.007871809,0.962197273,-0.100000000
53.400000000,3,0,-0.433719386,0.211570060,3.011552277,0.011036547,1.078733748,2.991056826,-0.444755933,-0.867163689,0.020495452,0.974782420,0.000000000
53.400000000,3,1,1.494600586,0.199349168,3.001529754,1.958579168,1.100009136,2.995730487,-0.463978581,-0.900659967,0.005799267,1.013162441,-0.100000000
53.400000000,3,2,1.478869852,2.170205780,3.007456545,1.938517640,3.024721375,2.993348498,-0.459647787,-0.854515596,0.014108047,0.970397871,-0.100000000
53.500000000,3,0,-0.445441455,0.277415367,3.010994505,0.009889239,1.152211347,2.991352791,-0.455330694,-0.874795979,0.019641715,0.986397406,0.000000000
53.500000000,3,1,1.440455606,0.258639077,3.017327606,1.959869421,1.173454463,2.994853467,-0.519413814,-0.914815387,0.022474139,1.052227632,-0.100000000
53.500000000,3,2,1.475002399,2.243117503,2.999160456,1.940500515,3.101881866,2.992773036,-0.465498116,-0.858764363,0.006387420,0.976834441,-0.100000000
53.600000000,3,0,-0.431896340,0.389566164,3.000146564,0.009040361,1.202143250,2.991567571,-0.440936701,-0.812577087,0.008578992,0.924543290,0.000000000
53.600000000,3,1,1.485672635,0.383946328,3.017212943,1.960925697,1.223377317,2.994345028,-0.475253062,-0.839430989,0.022867915,0.964900410,-0.100000000
53.600000000,3,2,1.455352774,2.300997228,2.997567787,1.942057334,3.154607223,2.992320739,-0.486704559,-0.853609995,0.005247048,0.982628558,-0.100000000
53.700000000,3,0,-0.399321105,0.484252582,3.002063093,0.008068903,1.257153599,2.991786412,-0.407390008,-0.772901017,0.010276681,0.873755235,0.000000000
53.700000000,3,1,1.561381947,0.489607999,3.014117474,1.962215511,1.278402702,2.993852123,-0.400833563,-0.788794702,0.020265350,0.885028425,-0.100000000
53.700000000,3,2,1.450614160,2.412046610,3.003284190,1.943946945,3.212900561,2.991808107,-0.493332785,-0.800853951,0.011476083,0.940678472,-0.100000000
53.800000000,3,0,-0.413676510,0.565234595,3.004406220,0.006857984,1.324697214,2.992013855,-0.420534494,-0.759462619,0.012392365,0.868208674,0.000000000
53.800000000,3,1,1.572685836,0.614731838,3.008968889,1.963950859,1.346022023,2.993340692,-0.391265023,-0.731290185,0.015628197,0.829528717,-0.100000000
53.800000000,3,2,1.430222142,2.526431922,3.004111757,1.946505979,3.284695409,2.991273217,-0.516283838,-0.758263487,0.012838540,0.917429749,-0.100000000
53.900000000,3,0,-0.440040128,0.654928521,3.004894792,0.005634742,1.394729554,2.992258884,-0.445674871,-0.739801032,0.012635908,0.863765781,0.000000000
53.900000000,3,1,1.577763889,0.695595946,3.022427857,1.965900725,1.416212033,2.992865516,-0.388136835,-0.720616087,0.029562341,0.819030939,-0.100000000
53.900000000,3,2,1.455525292,2.662666371,2.995287479,1.949428682,3.359258617,2.991010949,-0.493903390,-0.696592247,0.004276530,0.853931851,-0.100000000
54.000000000,3,0,-0.449766508,0.769125901,3.011887163,0.004504495,1.464714618,2.992617013,-0.454271002,-0.695588717,0.019270150,0.831009714,0.000000000
54.000000000,3,1,1.551390004,0.777720328,3.040784908,1.967964127,1.486419186,2.992396069,-0.416574123,-0.708698859,0.048388839,0.823486218,-0.100000000
54.000000000,3,2,1.458152869,2.754349672,2.999384157,1.952592808,3.433759911,2.991063677,-0.494439938,-0.679410238,0.008320480,0.840320388,-0.100000000
54.100000000,3,0,-0.446674720,0.846353277,3.011424218,0.003812959,1.512146847,2.992971329,-0.450487679,-0.665793570,0.018452889,0.804090005,0.000000000
54.100000000,3,1,1.508544156,0.867982648,3.032064584,1.969406836,1.534032144,2.992035944,-0.460862680,-0.666049496,0.040028640,0.810936886,-0.100000000
54.100000000,3,2,1.443248323,2.854498531,3.014524234,1.954839187,3.484224137,2.991181787,-0.511590864,-0.629725606,0.023342447,0.811679999,-0.100000000
54.200000000,3,0,-0.393177883,0.922876180,3.014570895,0.002912350,1.583152995,2.993695254,-0.396090233,-0.660276815,0.020875641,0.770252386,0.000000000
54.200000000,3,1,1.551141244,0.992823531,3.037005751,1.971605468,1.605355537,2.991460087,-0.420464225,-0.612532006,0.045545664,0.744352088,-0.100000000
54.200000000,3,2,1.416774406,2.910064851,3.019140206,1.958308872,3.559750880,2.991421223,-0.541534465,-0.649686029,0.027718983,0.846238652,-0.100000000
54.300000000,3,0,-0.381544942,0.980545896,3.017717279,0.002408313,1.630371759,2.994228200,-0.383953255,-0.649825863,0.023489079,0.755146006,0.000000000
54.300000000,3,1,1.609155426,1.049440070,3.038243520,1.973084554,1.652824514,2.991086343,-0.363929128,-0.603384444,0.047157176,0.706215970,-0.100000000
54.300000000,3,2,1.405921398,3.020422906,3.002442655,1.960669692,3.609980460,2.991617647,-0.554748293,-0.589557554,0.010825009,0.809593083,-0.100000000
54.400000000,3,0,-0.455065353,1.086335274,2.988541382,0.001824247,1.698556391,2.994982332,-0.456889600,-0.612221117,-0.006440950,0.763939977,0.000000000
54.400000000,3,1,1.574348346,1.139522287,3.040868414,1.975244332,1.721415872,2.990610481,-0.400895986,-0.581893585,0.050257933,0.708409201,-0.100000000
54.400000000,3,2,1.396916192,3.106472269,3.003732105,1.964145735,3.682486265,2.991991072,-0.567229543,-0.576013997,0.011741033,0.808504379,-0.100000000
54.500000000,3,0,-0.465551936,1.188488175,2.985321115,0.001398353,1.767843883,2.995647446,-0.466950289,-0.579355708,-0.010326331,0.744178905,0.000000000
54.500000000,3,1,1.528747281,1.220398982,3.051774417,1.977468986,1.791119415,2.990291360,-0.448721705,-0.570720432,0.061483058,0.728596697,-0.100000000
54.500000000,3,2,1.413506102,3.167041664,3.003650916,1.967750828,3.756051416,2.992483933,-0.554244726,-0.589009752,0.011166983,0.808853760,-0.100000000
54.600000000,3,0,-0.485380570,1.264827276,2.972317838,0.001145899,1.835772299,2.996154584,-0.486526469,-0.570945024,-0.023836746,0.750502775,0.000000000
54.600000000,3,1,1.529826985,1.276941568,3.032784992,1.979675715,1.859408271,2.990210626,-0.449848730,-0.582466703,0.042574367,0.737186487,-0.100000000
54.600000000,3,2,1.441117051,3.278231566,3.007950803,1.971308937,3.828004111,2.993001450,-0.530191886,-0.549772545,0.014949353,0.763921966,-0.100000000
54.700000000,3,0,-0.489850288,1.349458557,2.977504970,0.001070275,1.902376799,2.996525624,-0.490920563,-0.552918243,-0.019020654,0.739650842,0.000000000
54.700000000,3,1,1.498949416,1.358339865,3.027880671,1.981847290,1.926269034,2.990338555,-0.482897874,-0.567929169,0.037542116,0.746420329,-0.100000000
54.700000000,3,2,1.445166465,3.368426566,3.015320543,1.974739125,3.898314655,2.993566888,-0.529572660,-0.529888089,0.021753655,0.749467684,-0.100000000
54.800000000,3,0,-0.463568111,1.435651175,2.984358743,0.001107805,1.949217639,2.996688443,-0.464675916,-0.513566464,-0.012329700,0.692694912,0.000000000
54.800000000,3,1,1.506213277,1.450461558,3.031107751,1.983370903,1.973232138,2.990545993,-0.477157626,-0.522770581,0.040561758,0.708952563,-0.100000000
54.800000000,3,2,1.438165673,3.429313316,2.996263660,1.977089418,3.947592886,2.994043315,-0.538923744,-0.518279569,0.002220345,0.747701440,-0.100000000
54.900000000,3,0,-0.487977052,1.498202468,2.989388432,0.001254241,2.018172588,2.996861788,-0.489231294,-0.519970120,-0.007473356,0.713983218,0.000000000
54.900000000,3,1,1.505365407,1.519201253,3.028262487,1.985590968,2.042330824,2.990978996,-0.480225561,-0.523129571,0.037283491,0.711105615,-0.100000000
54.900000000,3,2,1.441819893,3.543252888,2.999646487,1.980453515,4.019883991,2.994867723,-0.538633623,-0.476631102,0.004778764,0.719253936,-0.100000000
55.000000000,3,0,-0.496508449,1.562141014,2.988191195,0.001479454,2.088191850,2.997031984,-0.497987903,-0.526050836,-0.008840789,0.724430530,0.000000000
55.000000000,3,1,1.484393404,1.624121943,3.032648938,1.987830278,2.112488829,2.991575150,-0.503436874,-0.488366886,0.041073788,0.702593736,-0.100000000
55.000000000,3,2,1.435085994,3.622699442,3.010636935,1.983746903,4.093017389,2.995776749,-0.548660909,-0.470317948,0.014860186,0.722806053,-0.100000000
55.100000000,3,0,-0.518067635,1.656568568,2.987126221,0.001666204,2.134744014,2.997127019,-0.519733839,-0.478175446,-0.010000798,0.706310864,0.000000000
55.100000000,3,1,1.480255051,1.721509599,3.022404865,1.989325577,2.159141796,2.992035772,-0.509070526,-0.437632196,0.030369093,0.672009689,-0.100000000
55.100000000,3,2,1.463055577,3.683933852,3.012095533,1.985852532,4.141513985,2.996353967,-0.522796955,-0.457580133,0.015741567,0.694941746,-0.100000000
55.200000000,3,0,-0.557523835,1.752457056,2.978334001,0.001994164,2.203198473,2.997195159,-0.559518000,-0.450741417,-0.018861157,0.718737755,0.000000000
55.200000000,3,1,1.427065178,1.788744417,3.007054026,1.991526599,2.227754765,2.992685533,-0.564461421,-0.439010348,0.014368493,0.715229498,-0.100000000
55.200000000,3,2,1.429377346,3.768852010,3.017026070,1.988785453,4.212656154,2.997085084,-0.559408106,-0.443804144,0.019940986,0.714350888,-0.100000000
55.300000000,3,0,-0.542183625,1.823639416,2.988657575,0.002311881,2.260582931,2.997191690,-0.544495506,-0.436943515,-0.008534115,0.698188959,0.000000000
55.300000000,3,1,1.426391492,1.842142003,3.006619356,1.993339981,2.285243947,2.993232105,-0.566948489,-0.443101944,0.013387252,0.719686835,-0.100000000
55.300000000,3,2,1.432926027,3.829293550,3.023399127,1.991064840,4.272111195,2.997539947,-0.558138813,-0.442817645,0.025859180,0.712934147,-0.100000000
55.400000000,3,0,-0.539742657,1.893815098,2.993599383,0.002713345,2.330139843,2.997163211,-0.542456002,-0.436324745,-0.003563827,0.696168441,0.000000000
55.400000000,3,1,1.444870970,1.905073016,3.006609352,1.995451757,2.354847083,2.993954197,-0.550580787,-0.449774067,0.012655155,0.711052788,-0.100000000
55.400000000,3,2,1.418457214,3.924599079,3.029258635,1.993621359,4.343905221,2.997835924,-0.575164145,-0.419306142,0.031422712,0.712473734,-0.100000000
55.500000000,3,0,-0.557271979,2.008068964,3.001046040,0.003037112,2.388439588,2.997092014,-0.560309090,-0.380370624,0.003954026,0.677232399,0.000000000
55.500000000,3,1,1.450776514,2.012588733,3.007046049,1.997140287,2.413124905,2.994589479,-0.546363773,-0.400536172,0.012456571,0.677567534,-0.100000000
55.500000000,3,2,1.471117564,4.007726982,3.027393935,1.995645432,4.403900309,2.997922217,-0.524527868,-0.396173327,0.029471718,0.657990404,-0.100000000
55.600000000,3,0,-0.596712641,2.117593956,2.988385073,0.003342265,2.443236901,2.996916899,-0.600054906,-0.325642945,-0.008531826,0.682775226,0.000000000
55.600000000,3,1,1.442155390,2.103989864,3.007393981,1.998684716,2.467904918,2.995110875,-0.556529326,-0.363915054,0.012283106,0.665063856,-0.100000000
55.600000000,3,2,1.478216526,4.070673674,3.026562381,1.997513718,4.460229532,2.997905129,-0.519297192,-0.389555858,0.028657252,0.649803492,-0.100000000
55.700000000,3,0,-0.622567047,2.138758586,2.982387580,0.003704904,2.499205199,2.996694448,-0.626271950,-0.360446614,-0.014306867,0.722733010,0.000000000
55.700000000,3,1,1.408440788,2.093735505,3.011495281,2.000254669,2.523896261,2.995541536,-0.591813881,-0.430160757,0.015953745,0.731803572,-0.100000000
55.700000000,3,2,1.462036515,4.124354645,3.021804477,1.999443141,4.517733558,2.997866307,-0.537406626,-0.393378913,0.023938170,0.666427706,-0.100000000
55.800000000,3,0,-0.620612976,2.195399635,2.980938996,0.004157090,2.552470597,2.996509174,-0.624770066,-0.357070962,-0.015570179,0.719777561,-0.100000000
55.800000000,3,1,1.402882220,2.241615091,3.020790089,2.001770130,2.577197301,2.995854888,-0.598887910,-0.335582210,0.024935201,0.686952627,-0.100000000
55.800000000,3,2,1.445794850,4.127373393,3.021046678,2.001352766,4.572445762,2.997901408,-0.555557916,-0.445072369,0.023145271,0.712228696,-0.100000000
55.900000000,3,0,-0.575798633,2.226195113,2.975065898,0.004719073,2.601765602,2.996395788,-0.580517707,-0.375570489,-0.021329890,0.691743424,0.000000000
55.900000000,3,1,1.416264163,2.265202539,3.021016094,2.003222859,2.626456376,2.996043132,-0.586958696,-0.361253837,0.024972962,0.689672744,-0.100000000
55.900000000,3,2,1.408180798,4.296479123,3.019764112,2.003228401,4.623032290,2.998082715,-0.595047604,-0.326553167,0.021681397,0.679108758,-0.100000000
56.000000000,3,0,-0.506557626,2.328593114,2.977871090,0.005393572,2.646023558,2.996343448,-0.511951198,-0.317430445,-0.018472358,0.602658564,0.000000000
56.000000000,3,1,1.464974871,2.376328544,3.029355724,2.004629249,2.670588629,2.996104917,-0.539654378,-0.294260084,0.033250807,0.615565968,-0.100000000
56.000000000,3,2,1.410700955,4.364254430,3.021703646,2.005048399,4.668386136,2.998425018,-0.594347445,-0.304131707,0.023278628,0.668047060,-0.100000000
56.100000000,3,0,-0.513067243,2.425609999,2.982587446,0.005982033,2.676315923,2.996392520,-0.519049276,-0.250705924,-0.013805074,0.576590141,0.000000000
56.100000000,3,1,1.510386552,2.486257966,3.039602337,2.005709738,2.700775723,2.996149867,-0.495323186,-0.214517756,0.043452470,0.541526586,-0.100000000
56.100000000,3,2,1.437069943,4.463584306,3.042738688,2.006411885,4.699414861,2.998749759,-0.569341942,-0.235830555,0.043988930,0.617819815,-0.100000000
56.200000000,3,0,-0.549370191,2.528653842,2.996505440,0.006867852,2.711843659,2.996651409,-0.556238043,-0.183189818,-0.000145969,0.585627262,0.000000000
56.200000000,3,1,1.525360872,2.592167336,3.035315706,2.007224007,2.736182229,2.996277676,-0.481863135,-0.144014892,0.039038030,0.504436654,-0.100000000
56.200000000,3,2,1.436919626,4.533373526,3.037264220,2.008229371,4.735865087,2.999201534,-0.571309745,-0.202491561,0.038062686,0.607327280,-0.100000000
56.300000000,3,0,-0.549758831,2.519557756,3.009027096,0.007651130,2.734883854,2.996988294,-0.557409961,-0.215326098,0.012038803,0.597675603,0.000000000
56.300000000,3,1,1.465533287,2.540971091,3.035707698,2.008487412,2.759171123,2.996469300,-0.542954124,-0.218200032,0.039238397,0.586472580,-0.100000000
56.300000000,3,2,1.418841708,4.615278811,3.039605820,2.009675939,4.759617729,2.999556160,-0.590834231,-0.144338918,0.040049660,0.609526690,-0.100000000
56.400000000,3,0,-0.561507894,2.550867717,3.012513433,0.008440158,2.751130513,2.997434689,-0.569948053,-0.200262796,0.015078744,0.604295738,0.000000000
56.400000000,3,1,1.444841994,2.588035884,3.029437214,2.009708641,2.775416411,2.996744059,-0.564866646,-0.187380527,0.032693155,0.596032409,-0.100000000
56.400000000,3,2,1.422557939,4.586353352,3.040483689,2.011024208,4.776516068,2.999922944,-0.588466270,-0.190162716,0.040560745,0.619757681,-0.100000000
56.500000000,3,0,-0.569740684,2.573436728,3.014209998,0.009352776,2.761908381,2.998051801,-0.579093461,-0.188471653,0.016158197,0.609205948,-0.100000000
56.500000000,3,1,1.369657773,2.562118225,3.025120820,2.011064889,2.786242658,2.997208053,-0.641407116,-0.224124433,0.027912767,0.680010274,-0.100000000
56.500000000,3,2,1.419629256,4.618816587,3.042128871,2.012472608,4.788011178,3.000423937,-0.592843352,-0.169194591,0.041704934,0.617923418,-0.100000000
56.600000000,3,0,-0.630716651,2.585041471,3.005781228,0.010331043,2.764829445,2.998811977,-0.641047694,-0.179787974,0.006969251,0.665818618,0.000000000
56.600000000,3,1,1.363711830,2.583210658,3.027530893,2.012442439,2.789243969,2.997882137,-0.648730609,-0.206033311,0.029648756,0.681307696,-0.100000000
56.600000000,3,2,1.416552670,4.595559292,3.052190803,2.013933259,4.791692377,3.000994982,-0.597380589,-0.196133084,0.051195820,0.630834976,-0.100000000
56.700000000,3,0,-0.640943647,2.601902455,3.020877144,0.011143529,2.761251232,2.999486691,-0.652087176,-0.159348777,0.021390453,0.671615417,0.000000000
56.700000000,3,1,1.354769895,2.618243575,3.036975315,2.013509890,2.785707864,2.998499920,-0.658739995,-0.167464288,0.038475395,0.680781187,-0.100000000
56.700000000,3,2,1.363783800,4.587272146,3.050447978,2.015102127,4.788694764,3.001467885,-0.651318326,-0.201422618,0.048980092,0.683509826,-0.100000000
56.800000000,3,0,-0.583010553,2.560000056,3.039399812,0.012128479,2.750782949,3.000253415,-0.595139032,-0.190782893,0.039146397,0.626195673,0.000000000
56.800000000,3,1,1.377323417,2.604556289,3.030565688,2.014678827,2.775230027,2.999236515,-0.637355409,-0.170673738,0.031329173,0.660555039,-0.100000000
56.800000000,3,2,1.351850670,4.614785238,3.058607541,2.016447816,4.778830047,3.001899817,-0.664597146,-0.164044810,0.056707724,0.686888515,-0.100000000
56.900000000,3,0,-0.554855512,2.576474514,3.034576839,0.013054085,2.736079861,3.000873729,-0.567909597,-0.159605347,0.033703109,0.590873148,0.000000000
56.900000000,3,1,1.388753892,2.620020266,3.031275390,2.015652868,2.760477709,2.999858355,-0.626898976,-0.140457443,0.031417035,0.643208869,-0.100000000
56.900000000,3,2,1.299826967,4.634013970,3.061355089,2.017615877,4.764625150,3.002129816,-0.717788910,-0.130611180,0.059225273,0.731975295,-0.100000000
57.000000000,3,0,-0.602415785,2.593347109,3.034056133,0.014112652,2.714589000,3.001385732,-0.616528437,-0.121241890,0.032670401,0.629185398,0.000000000
57.000000000,3,1,1.402198243,2.610136993,3.023389994,2.016637765,2.738888327,3.000506305,-0.614439522,-0.128751334,0.022883690,0.628200999,-0.100000000
57.000000000,3,2,1.310203519,4.625215614,3.072872808,2.018841953,4.743623020,3.002187574,-0.708638433,-0.118407406,0.070685235,0.721931538,-0.100000000
57.100000000,3,0,-0.628183977,2.585554456,3.019113531,0.015171784,2.688279410,3.001716213,-0.643355761,-0.102724954,0.017397317,0.651737461,0.000000000
57.100000000,3,1,1.407861769,2.606002672,3.011889624,2.017511983,2.712435796,3.001169822,-0.609650215,-0.106433124,0.010719802,0.618963899,-0.100000000
57.100000000,3,2,1.325101268,4.647984232,3.086268652,2.019975722,4.717708118,3.002002439,-0.694874454,-0.069723885,0.084266214,0.703429259,-0.100000000
57.200000000,3,0,-0.633987846,2.611714442,3.022319566,0.016216766,2.657083598,3.001950595,-0.650204612,-0.045369156,0.020368971,0.652103744,0.000000000
57.200000000,3,1,1.413324766,2.647171372,3.008843655,2.018300095,2.681074521,3.001869270,-0.604975329,-0.033903149,0.006974385,0.605964697,-0.100000000
57.200000000,3,2,1.355581612,4.619747425,3.089487360,2.021032141,4.686839623,3.001673218,-0.665450529,-0.067092197,0.087814142,0.674564373,-0.100000000
57.300000000,3,0,-0.623152836,2.603761654,3.038507826,0.017411534,2.613518946,3.002148345,-0.640564370,-0.009757292,0.036359481,0.641669641,0.000000000
57.300000000,3,1,1.445104229,2.677059138,3.003462726,2.019165813,2.637280718,3.002742607,-0.574061584,0.039778421,0.000720120,0.575438566,-0.100000000
57.300000000,3,2,1.316537414,4.633779656,3.070313236,2.022236963,4.643603789,3.001224999,-0.705699549,-0.009824133,0.069088237,0.709141418,-0.100000000
57.400000000,3,0,-0.595312606,2.568822822,3.033779308,0.018188395,2.579707099,3.002270541,-0.613501001,-0.010884277,0.031508767,0.614406013,0.000000000
57.400000000,3,1,1.452363475,2.641424710,3.022268264,2.019718945,2.603264650,3.003295160,-0.567355470,0.038160060,0.018973103,0.568953775,-0.100000000
57.400000000,3,2,1.314561827,4.664993191,3.023167764,2.023046275,4.609965101,3.000956494,-0.708484448,0.055028089,0.022211270,0.710965290,-0.100000000
57.500000000,3,0,-0.629513030,2.564924465,3.030039976,0.019240511,2.527408231,3.002478777,-0.648753541,0.037516234,0.027561199,0.650421590,0.000000000
57.500000000,3,1,1.393037471,2.616765462,3.005493636,2.020410030,2.550570278,3.003901388,-0.627372559,0.066195184,0.001592248,0.630857088,-0.100000000
57.500000000,3,2,1.368153666,4.605322345,3.011921324,2.024122886,4.557773126,3.000718142,-0.655969220,0.047549219,0.011203182,0.657785723,-0.100000000
57.600000000,3,0,-0.660154480,2.530094202,3.025706254,0.019989413,2.486586076,3.002705046,-0.680143894,0.043508127,0.023001208,0.681922084,0.000000000
57.600000000,3,1,1.363852061,2.564052560,3.016967594,2.020830997,2.509340508,3.004224884,-0.656978936,0.054712052,0.012742710,0.659376302,-0.100000000
57.600000000,3,2,1.361799038,4.599170441,3.008923817,2.024837743,4.516897297,3.000665090,-0.663038706,0.082273143,0.008258727,0.668174679,-0.100000000
57.700000000,3,0,-0.677083670,2.489888104,3.021643968,0.020970983,2.427684722,3.003133857,-0.698054653,0.062203382,0.018510110,0.701065035,0.000000000
57.700000000,3,1,1.351347296,2.470775706,3.013478250,2.021282025,2.449707082,3.004516790,-0.669934729,0.021068624,0.008961460,0.670325843,-0.100000000
57.700000000,3,2,1.347791535,4.527774441,3.007111732,2.025738186,4.457755182,3.000790810,-0.677946651,0.070019260,0.006320922,0.681582212,-0.100000000
57.800000000,3,0,-0.690550890,2.422913473,3.021806560,0.021730108,2.376440227,3.003566031,-0.712280998,0.046473246,0.018240529,0.714028501,0.000000000
57.800000000,3,1,1.342807105,2.410429971,3.020829372,2.021548054,2.397737053,3.004721384,-0.678740950,0.012692918,0.016107988,0.679050701,-0.100000000
57.800000000,3,2,1.354937626,4.385746108,3.000669105,2.026433965,4.406182644,3.001036585,-0.671496339,-0.020436536,-0.000367480,0.671807354,-0.100000000
57.900000000,3,0,-0.683035031,2.331584071,3.013055629,0.022432192,2.324226443,3.004026683,-0.705467224,0.007357628,0.009028947,0.705563364,0.000000000
57.900000000,3,1,1.344624050,2.347359290,3.020546243,2.021734847,2.344722108,3.004922151,-0.677110797,0.002637182,0.015624092,0.677296167,-0.100000000
57.900000000,3,2,1.364809134,4.335208793,3.002623410,2.027055404,4.353508081,3.001438639,-0.662246270,-0.018299289,0.001184772,0.662500105,-0.100000000
58.000000000,3,0,-0.660835420,2.275863045,3.012101343,0.023236725,2.258278168,3.004584719,-0.684072145,0.017584877,0.007516624,0.684339409,0.000000000
58.000000000,3,1,1.372060541,2.281488619,3.010339028,2.021894704,2.277679185,3.005218032,-0.649834163,0.003809434,0.005120996,0.649865506,-0.100000000
58.000000000,3,2,1.399102101,4.271495542,2.995045226,2.027721825,4.286776525,3.002062047,-0.628619724,-0.015280982,-0.007016820,0.628844577,-0.100000000
58.100000000,3,0,-0.631624283,2.207656070,3.000911644,0.023842756,2.201209017,3.005122082,-0.655467039,0.006447053,-0.004210438,0.655512267,0.000000000
58.100000000,3,1,1.368920940,2.203324629,3.009007058,2.021970258,2.219610135,3.005536955,-0.653049318,-0.016285506,0.003470103,0.653261564,-0.100000000
58.100000000,3,2,1.447351214,4.200280283,3.004013719,2.028218978,4.228867305,3.002545631,-0.580867764,-0.028587022,0.001468088,0.581572637,-0.100000000
58.200000000,3,0,-0.591714530,2.110258459,2.989101716,0.024375226,2.141595746,3.005764353,-0.616089756,-0.031337287,-0.016662637,0.617111219,0.000000000
58.200000000,3,1,1.347779656,2.097956754,3.016329334,2.021991070,2.158923985,3.005891137,-0.674211414,-0.060967231,0.010438197,0.677042827,-0.100000000
58.200000000,3,2,1.487984961,4.100467967,3.020374249,2.028677922,4.168242127,3.002945514,-0.540692961,-0.067774160,0.017428735,0.545202692,-0.100000000
58.300000000,3,0,-0.570588141,2.014497662,2.973661820,0.024832013,2.078311335,3.006463085,-0.595420154,-0.063813673,-0.032801265,0.599727661,0.000000000
58.300000000,3,1,1.413962082,2.009290138,3.008560449,2.021964794,2.094489881,3.006246634,-0.608002712,-0.085199743,0.002313815,0.613947594,-0.100000000
58.300000000,3,2,1.439438832,4.017179862,3.022366189,2.029098225,4.103739928,3.003241012,-0.589659393,-0.086560066,0.019125177,0.596285684,-0.100000000
58.400000000,3,0,-0.524023696,1.899635213,2.972823445,0.025224760,2.008844377,3.007248479,-0.549248456,-0.109209164,-0.034425034,0.561057565,0.000000000
58.400000000,3,1,1.474803218,1.915598200,3.015967457,2.021893856,2.023776686,3.006494741,-0.547090637,-0.108178486,0.009472717,0.557763824,-0.100000000
58.400000000,3,2,1.446061415,3.954196953,3.026233357,2.029459783,4.032766109,3.003518222,-0.583398368,-0.078569156,0.022715135,0.589103340,-0.100000000
58.500000000,3,0,-0.447815998,1.848760105,2.960907702,0.025513720,1.944967088,3.007941829,-0.473329718,-0.096206983,-0.047034127,0.485292710,0.000000000
58.500000000,3,1,1.498314227,1.857094735,3.007847894,2.021779834,1.958790993,3.006652370,-0.523465607,-0.101696259,0.001195524,0.533253974,-0.100000000
58.500000000,3,2,1.492197590,3.902831814,3.015353657,2.029686416,3.967371103,3.003819617,-0.537488826,-0.064539289,0.011534041,0.541472614,-0.100000000
58.600000000,3,0,-0.412187362,1.804952687,2.968050057,0.025742013,1.879120987,3.008652639,-0.437929375,-0.074168300,-0.040602582,0.446017538,0.000000000
58.600000000,3,1,1.565980734,1.828361276,2.995849517,2.021610124,1.891855796,3.006790286,-0.455629390,-0.063494520,-0.010940769,0.460162358,-0.100000000
58.600000000,3,2,1.522865588,3.859736402,3.021502847,2.029807305,3.899857308,3.004205325,-0.506941717,-0.040120906,0.017297521,0.508820986,-0.100000000
58.700000000,3,0,-0.383150377,1.775536525,2.992664327,0.025877309,1.816712985,3.009355130,-0.409027687,-0.041176460,-0.016690803,0.411433752,0.000000000
58.700000000,3,1,1.647648513,1.813888603,2.981097543,2.021415961,1.828465077,3.006887745,-0.373767448,-0.014576474,-0.025790202,0.374939613,-0.100000000
58.700000000,3,2,1.551317702,3.814078306,3.013083671,2.029815885,3.835796715,3.004577926,-0.478498183,-0.021718410,0.008505746,0.479066330,-0.100000000
58.800000000,3,0,-0.396684619,1.732358210,2.996410621,0.025918297,1.752625071,3.010082873,-0.422602916,-0.020266862,-0.013672251,0.423309462,0.000000000
58.800000000,3,1,1.614320452,1.744398670,2.983771894,2.021194366,1.763411424,3.006986935,-0.406873914,-0.019012754,-0.023215041,0.407978927,-0.100000000
58.800000000,3,2,1.566077225,3.804041930,3.010203624,2.029727328,3.769955708,3.004858190,-0.463650103,0.034086222,0.005345434,0.464932105,-0.100000000
58.900000000,3,0,-0.354841816,1.715090542,3.013303363,0.025825623,1.673625869,3.010940928,-0.380667439,0.041464673,0.002362435,0.382926363,0.000000000
58.900000000,3,1,1.649011975,1.713697508,2.984293170,2.020898018,1.683249595,3.007128290,-0.371886043,0.030447912,-0.022835121,0.373828500,-0.100000000
58.900000000,3,2,1.558138715,3.716014385,3.005346171,2.029515623,3.688725017,3.005038979,-0.471376909,0.027289368,0.000307192,0.472166278,-0.100000000
59.000000000,3,0,-0.352230638,1.639937846,3.013591051,0.025678340,1.618699368,3.011432949,-0.377908978,0.021238479,0.002158102,0.378511461,-0.100000000
59.000000000,3,1,1.683287827,1.679303699,2.974261290,2.020663532,1.627515202,3.007245223,-0.337375705,0.051788497,-0.032983934,0.342917416,-0.100000000
59.000000000,3,2,1.575274561,3.709778134,3.002989651,2.029313889,3.632197098,3.005105902,-0.454039328,0.077581036,-0.002116251,0.460624584,-0.100000000
59.100000000,3,0,-0.298943269,1.646457786,3.024176118,0.025377122,1.542412023,3.011916114,-0.324320391,0.104045762,0.012260004,0.340821866,0.000000000
59.100000000,3,1,1.693481671,1.678928956,2.983079124,2.020271592,1.550114698,3.007419944,-0.326789921,0.128814258,-0.024340820,0.352104020,-0.100000000
59.100000000,3,2,1.601343102,3.674999241,3.001739371,2.028934700,3.553631072,3.005146863,-0.427591598,0.121368169,-0.003407492,0.444495690,-0.100000000
59.200000000,3,0,-0.298676132,1.572203739,3.024870822,0.025110750,1.490301487,3.012126232,-0.323786882,0.081902253,0.012744591,0.334227989,-0.100000000
59.200000000,3,1,1.670001582,1.612839796,2.982993318,2.019952265,1.497260377,3.007538071,-0.349950683,0.115579418,-0.024544753,0.369359618,-0.100000000
59.200000000,3,2,1.634777936,3.644035381,3.007180266,2.028596894,3.499953542,3.005150202,-0.393818958,0.144081839,0.002030063,0.419353156,-0.100000000
59.300000000,3,0,-0.342669925,1.526402094,3.022535597,0.024791778,1.438250018,3.012237962,-0.367461703,0.088152076,0.010297635,0.378027688,0.000000000
59.300000000,3,1,1.648584476,1.546662780,2.979944904,2.019592110,1.444497456,3.007631642,-0.371007634,0.102165324,-0.027686738,0.385812096,-0.100000000
59.300000000,3,2,1.572266104,3.582705717,3.005089369,2.028203456,3.446361533,3.005150676,-0.455937352,0.136344184,-0.000061307,0.475887181,-0.100000000
59.400000000,3,0,-0.341546054,1.463589848,3.012303033,0.024201600,1.360993164,3.012185936,-0.365747654,0.102596683,0.000117097,0.379865028,0.000000000
59.400000000,3,1,1.657102688,1.485474704,2.977605997,2.018988143,1.366264071,3.007614688,-0.361885455,0.119210632,-0.030008691,0.382194687,-0.100000000
59.400000000,3,2,1.616655167,3.527426427,3.019928410,2.027547775,3.366910305,3.005141883,-0.410892608,0.160516122,0.014786528,0.441380564,-0.100000000
59.500000000,3,0,-0.341404498,1.424578227,2.999361582,0.023566474,1.293325356,3.011865880,-0.364970972,0.131252871,-0.012504297,0.388056032,0.000000000
59.500000000,3,1,1.654630997,1.423707653,2.994775211,2.018403854,1.297785941,3.007402040,-0.363772857,0.125921712,-0.012626829,0.385157638,-0.100000000
59.500000000,3,2,1.629098261,3.446931099,3.008418969,2.026909763,3.297416816,3.005058919,-0.397811502,0.149514283,0.003360049,0.424993885,-0.100000000
59.600000000,3,0,-0.350558341,1.339845717,2.992448621,0.022994066,1.239184493,3.011426694,-0.373552407,0.100661223,-0.018978073,0.387342548,0.000000000
59.600000000,3,1,1.653577820,1.312562429,2.992308016,2.017904990,1.242966544,3.007136563,-0.364327170,0.069595886,-0.014828547,0.371211207,-0.100000000
59.600000000,3,2,1.648299122,3.366730573,3.017149500,2.026337668,3.241857218,3.004931842,-0.378038546,0.124873355,0.012217658,0.398316166,-0.100000000
59.700000000,3,0,-0.381711902,1.264064181,2.996675298,0.022095148,1.161671673,3.010559366,-0.403807051,0.102392509,-0.013884067,0.416817859,0.000000000
59.700000000,3,1,1.640517243,1.243269897,3.000385197,2.017127645,1.164348099,3.006718392,-0.376610402,0.078921798,-0.006333195,0.384843026,-0.100000000
59.700000000,3,2,1.687673915,3.253232158,3.003373838,2.025390043,3.162350244,3.004824499,-0.337716128,0.090881913,-0.001450661,0.349733913,-0.100000000
59.800000000,3,0,-0.383699426,1.192719315,2.994564673,0.021102486,1.084712266,3.009580119,-0.404801912,0.108007049,-0.015015446,0.419232124,-0.100000000
59.800000000,3,1,1.637203424,1.129612371,2.991596403,2.016256383,1.086116381,3.006349693,-0.379052959,0.043495990,-0.014753290,0.381825492,-0.100000000
59.800000000,3,2,1.680341560,3.180114840,3.007539549,2.024296361,3.083458077,3.004773119,-0.343954801,0.096656763,0.002766429,0.357288522,-0.100000000
59.900000000,3,0,-0.365043234,1.099234621,2.994278646,0.020394640,1.034213152,3.008999077,-0.385437874,0.065021469,-0.014720432,0.391160884,-0.100000000
59.900000000,3,1,1.640216200,1.079637350,2.985466178,2.015638810,1.034716525,3.006156804,-0.375422610,0.044920825,-0.020690626,0.378666237,-0.100000000
59.900000000,3,2,1.689559367,3.055251112,3.009403103,2.023497236,3.031713627,3.004623298,-0.333937869,0.023537485,0.004779804,0.334800478,-0.100000000
60.000000000,3,0,-0.320616229,1.038548617,2.993102358,0.019244969,0.955803024,3.008207108,-0.339861198,0.082745593,-0.015104749,0.350115153,-0.100000000
60.000000000,3,1,1.626876181,0.984630610,2.996382289,2.014645425,0.954866468,3.005960245,-0.387769244,0.029764142,-0.009577956,0.389027798,-0.100000000
60.000000000,3,2,1.700411913,3.020884065,3.011217258,2.022126173,2.951398441,3.004066725,-0.321714261,0.069485624,0.007150533,0.329210339,-0.100000000
60.100000000,3,0,-0.349316710,0.984477683,2.989231034,0.018384873,0.898420445,3.007609876,-0.367701583,0.086057238,-0.018378842,0.378084758,0.000000000
60.100000000,3,1,1.671376292,0.964649138,2.995166189,2.013897407,0.896440565,3.005761933,-0.342521115,0.068208573,-0.010595744,0.349407203,-0.100000000
60.100000000,3,2,1.729999604,2.965621005,3.008132378,2.021007917,2.892665685,3.003478092,-0.291008313,0.072955320,0.004654286,0.300049961,-0.100000000
60.200000000,3,0,-0.389784093,0.938690211,3.000942003,0.017553252,0.843953002,3.007002031,-0.407337346,0.094737209,-0.006060028,0.418253005,0.000000000
60.200000000,3,1,1.620250337,0.892324708,3.012707680,2.013154811,0.841001017,3.005524758,-0.392904474,0.051323691,0.007182922,0.396307509,-0.100000000
60.200000000,3,2,1.727303190,2.881265522,3.006554395,2.019851357,2.836960066,3.002851096,-0.292548167,0.044305456,0.003703299,0.295907279,-0.100000000
60.300000000,3,0,-0.391645906,0.821566328,3.000513366,0.016199117,0.759854093,3.006064950,-0.407845023,0.061712235,-0.005551583,0.412524888,0.000000000
60.300000000,3,1,1.588405089,0.736962914,3.021005724,2.011914492,0.755405162,3.005288084,-0.423509403,-0.018442248,0.015717640,0.424202045,-0.100000000
60.300000000,3,2,1.727669301,2.815437257,3.021253749,2.017915991,2.750988734,3.001792962,-0.290246690,0.064448524,0.019460787,0.297952136,-0.100000000
60.400000000,3,0,-0.378469082,0.745849276,3.012578164,0.015301491,0.707591706,3.005477522,-0.393770573,0.038257570,0.007100643,0.395688419,0.000000000
60.400000000,3,1,1.611275536,0.677677189,3.059377613,2.011087823,0.702192547,3.005228860,-0.399812287,-0.024515358,0.054148754,0.404206575,-0.100000000
60.400000000,3,2,1.727870654,2.656658974,3.034030677,2.016649768,2.697559929,3.001155230,-0.288779114,-0.040900956,0.032875447,0.293508194,-0.100000000
60.500000000,3,0,-0.284965458,0.620404280,3.010866942,0.014188410,0.644587243,3.004727308,-0.299153868,-0.024182963,0.006139633,0.300192518,0.000000000
60.500000000,3,1,1.686814531,0.597321322,3.049064524,2.010032315,0.638012126,3.005106431,-0.323217784,-0.040690804,0.043958093,0.328721450,-0.100000000
60.500000000,3,2,1.716320348,2.559184256,3.027847029,2.015082985,2.633142536,3.000454605,-0.298762637,-0.073958280,0.027392424,0.308997226,-0.100000000
60.600000000,3,0,-0.167657539,0.511467952,3.026062683,0.012935425,0.574064302,3.003823892,-0.180592964,-0.062596350,0.022238790,0.192423194,0.000000000
60.600000000,3,1,1.774505666,0.461786311,3.040285674,2.008757791,0.566165430,3.004687330,-0.234252125,-0.104379119,0.035598343,0.258913694,-0.100000000
60.600000000,3,2,1.758275548,2.536344187,3.012380112,2.013267921,2.561034237,2.999722033,-0.254992372,-0.024690050,0.012658079,0.256497438,-0.100000000
60.700000000,3,0,-0.115389326,0.479584426,3.015950974,0.011940580,0.518564432,3.003292122,-0.127329906,-0.038980006,0.012658852,0.133763195,0.000000000
60.700000000,3,1,1.822026032,0.472728002,3.041767811,2.007658155,0.509625172,3.004627549,-0.185632123,-0.036897169,0.037140262,0.192873236,-0.100000000
60.700000000,3,2,1.818142522,2.423989248,3.021696908,2.011768290,2.504267335,2.999497801,-0.193625768,-0.080278086,0.022199107,0.210780240,-0.100000000
60.800000000,3,0,-0.074323969,0.389626703,3.013293364,0.010990295,0.466535446,3.004683267,-0.085314265,-0.076908742,0.008610098,0.115185121,0.000000000
60.800000000,3,1,1.860510057,0.419021516,3.051003993,2.006495251,0.456803135,3.007225210,-0.145985194,-0.037781619,0.043778783,0.157021366,-0.100000000
60.800000000,3,2,1.853760059,2.406811656,3.021236726,2.010239360,2.450997883,3.000811895,-0.156479301,-0.044186227,0.020424831,0.163876075,-0.100000000
60.900000000,3,0,-0.070003522,0.364209287,3.018792957,0.010309035,0.414015352,3.008016558,-0.080312557,-0.049806065,0.010776399,0.095115097,0.000000000
60.900000000,3,1,1.885445867,0.384304966,3.068055444,2.004984848,0.403759031,3.012806345,-0.119538981,-0.019454065,0.055249099,0.133118337,-0.100000000
60.900000000,3,2,1.854861548,2.378419980,3.012567663,2.008192530,2.396928575,3.003468472,-0.153330982,-0.018508595,0.009099191,0.154711840,-0.100000000
61.000000000,3,0,-0.119682174,0.356553847,3.019248762,0.010666072,0.381187277,3.010792843,-0.130348246,-0.024633430,0.008455919,0.132924692,0.000000000
61.000000000,3,1,1.896182650,0.345330209,3.075776102,2.003620212,0.370936989,3.017679010,-0.107437562,-0.025606779,0.058097092,0.124795068,-0.100000000
61.000000000,3,2,1.858039068,2.348153133,3.006544058,2.005953018,2.362658955,3.005689216,-0.147913950,-0.014505822,0.000854842,0.148625994,-0.100000000
61.100000000,3,0,-0.171153666,0.360506551,3.014991810,0.012045757,0.358659437,3.013083085,-0.183199423,0.001847114,0.001908725,0.183218677,0.000000000
61.100000000,3,1,1.880501755,0.332042864,3.072200822,2.002276315,0.348989332,3.021772179,-0.121774560,-0.016946468,0.050428643,0.132888202,-0.100000000
61.100000000,3,2,1.869291950,2.281771564,3.020184215,2.003132115,2.338665713,3.007689523,-0.133840165,-0.056894149,0.012494692,0.145966610,-0.100000000
61.200000000,3,0,-0.231466016,0.323444958,3.020225367,0.016370864,0.334939304,3.016110454,-0.247836880,-0.011494347,0.004114913,0.248137405,0.000000000
61.200000000,3,1,1.810770782,0.283063928,3.072238999,2.000093633,0.327804276,3.027035719,-0.189322851,-0.044740348,0.045203280,0.199720247,-0.100000000
61.200000000,3,2,1.866184815,2.243488762,3.015251835,1.996993482,2.312536511,3.010677520,-0.130808667,-0.069047749,0.004574314,0.147984537,-0.100000000
61.300000000,3,0,-0.233214466,0.288238293,3.023669775,0.020894327,0.324459655,3.017965568,-0.254108794,-0.036221363,0.005704207,0.256740733,-0.100000000
61.300000000,3,1,1.781990609,0.217631930,3.075410745,1.998562667,0.320457939,3.029935686,-0.216572059,-0.102826009,0.045475059,0.244017675,-0.100000000
61.300000000,3,2,1.847632861,2.234002724,3.009900988,1.991409488,2.300339255,3.012666775,-0.143776627,-0.066336531,-0.002765787,0.158366358,-0.100000000
61.400000000,3,0,-0.193653080,0.292295259,3.028468351,0.031574990,0.314896744,3.020828116,-0.225228070,-0.022601485,0.007640235,0.226488154,0.000000000
61.400000000,3,1,1.774364723,0.228233845,3.072025820,1.995948629,0.319117623,3.033886567,-0.221583907,-0.090883778,0.038139253,0.242515755,-0.100000000
61.400000000,3,2,1.886851644,2.173296191,3.020773083,1.979127788,2.287683418,3.015960625,-0.092276143,-0.114387227,0.004812458,0.147045857,-0.100000000
61.500000000,3,0,-0.185056282,0.252956792,3.027854228,0.039957266,0.313447273,3.022371037,-0.225013548,-0.060490480,0.005483192,0.233067072,0.000000000
61.500000000,3,1,1.753279414,0.184715049,3.069440523,1.994386647,0.324507224,3.035925035,-0.241107232,-0.139792175,0.033515487,0.280709525,-0.100000000
61.500000000,3,2,1.897062151,2.172454061,3.022097871,1.969866563,2.284225115,3.017882355,-0.072804413,-0.111771054,0.004215516,0.133457939,-0.100000000
61.600000000,3,0,-0.162076332,0.259929107,3.030134750,0.055295924,0.316517772,3.024569044,-0.217372255,-0.056588666,0.005565706,0.224686340,0.000000000
61.600000000,3,1,1.763147625,0.225385994,3.065335669,1.992105136,0.340507420,3.038729017,-0.228957511,-0.115121426,0.026606651,0.257647819,-0.100000000
61.600000000,3,2,1.871076913,2.135703055,3.010091119,1.953353163,2.284124211,3.020543490,-0.082276250,-0.148421156,-0.010452371,0.170021978,-0.100000000
61.700000000,3,0,-0.166876289,0.278771467,3.032490862,0.068249117,0.321958166,3.026082599,-0.235125406,-0.043186699,0.006408263,0.239144545,-0.100000000
61.700000000,3,1,1.801198564,0.256557837,3.078454630,1.990516288,0.357157297,3.040612390,-0.189317723,-0.100599459,0.037842240,0.217700452,-0.100000000
61.700000000,3,2,1.847633649,2.145610261,3.017570644,1.939679448,2.287246745,3.022237310,-0.092045800,-0.141636484,-0.004666665,0.168982545,-0.100000000
61.800000000,3,0,-0.154331239,0.275056328,3.022949263,0.092363273,0.335150674,3.028543848,-0.246694512,-0.060094346,-0.005594585,0.253970101,0.000000000
61.800000000,3,1,1.777823311,0.273357032,3.077012313,1.988028019,0.391694656,3.043370870,-0.210204709,-0.118337625,0.033641442,0.243560176,-0.100000000
61.800000000,3,2,1.805448684,2.157379538,3.027344031,1.914600591,2.296704321,3.024712905,-0.109151907,-0.139324783,0.002631126,0.177009765,-0.100000000
61.900000000,3,0,-0.117364000,0.218837418,3.032007628,0.111595505,0.346979157,3.030263944,-0.228959506,-0.128141739,0.001743684,0.262384833,0.000000000
61.900000000,3,1,1.727931647,0.251503093,3.062332536,1.986336086,0.420840163,3.045033253,-0.258404439,-0.169337070,0.017299283,0.309430384,-0.100000000
61.900000000,3,2,1.758420156,2.192611039,3.026102975,1.894794895,2.305921361,3.026335905,-0.136374739,-0.113310322,-0.000232930,0.177305817,-0.100000000
62.000000000,3,0,-0.115245359,0.241036499,3.035503877,0.137343476,0.363423720,3.032297576,-0.252588835,-0.122387221,0.003206301,0.280695621,0.000000000
62.000000000,3,1,1.749944973,0.302332575,3.063905845,1.984369010,0.460731216,3.046799354,-0.234424037,-0.158398641,0.017106491,0.283438513,-0.100000000
62.000000000,3,2,1.686798548,2.195709518,3.029402979,1.868444969,2.319273477,3.028090731,-0.181646421,-0.123563959,0.001312248,0.219693414,-0.100000000
62.100000000,3,0,-0.130762952,0.248912730,3.049949848,0.158770929,0.377157219,3.033893652,-0.289533881,-0.128244489,0.016056196,0.317071472,0.000000000
62.100000000,3,1,1.742615950,0.336267736,3.056122128,1.982931412,0.494142687,3.048105954,-0.240315462,-0.157874951,0.008016173,0.287646103,-0.100000000
62.100000000,3,2,1.672536812,2.224536069,3.033850873,1.846617793,2.330728536,3.029211093,-0.174080982,-0.106192467,0.004639780,0.203967046,-0.100000000
62.200000000,3,0,-0.072042066,0.276902281,3.049783360,0.192311834,0.398259325,3.036355901,-0.264353900,-0.121357044,0.013427459,0.291188621,0.000000000
62.200000000,3,1,1.708821795,0.317887407,3.052884884,1.980953145,0.546238646,3.050137063,-0.272131350,-0.228351239,0.002747820,0.355256683,-0.100000000
62.200000000,3,2,1.643892024,2.241808997,3.024419682,1.812574248,2.348685652,3.030594575,-0.168682224,-0.106876655,-0.006174892,0.199785989,-0.100000000
62.300000000,3,0,-0.059641666,0.306971479,3.053114701,0.220552607,0.415417156,3.038252739,-0.280194274,-0.108445677,0.014861961,0.300815847,-0.100000000
62.300000000,3,1,1.735411078,0.407559186,3.065609503,1.979496161,0.589638130,3.051738447,-0.244085083,-0.182078944,0.013871056,0.304832209,-0.100000000
62.300000000,3,2,1.576276660,2.204165626,3.028566010,1.783976603,2.363561806,3.031530803,-0.207699943,-0.159396180,-0.002964793,0.261830477,-0.100000000
62.400000000,3,0,0.032355611,0.266241252,3.042640151,0.256538189,0.436293395,3.040374628,-0.224182577,-0.170052143,0.002265524,0.281390640,0.000000000
62.400000000,3,1,1.754921915,0.449524196,3.064832065,1.977844739,0.644131893,3.053497843,-0.222922824,-0.194607696,0.011334222,0.296133763,-0.100000000
62.400000000,3,2,1.526143316,2.242979518,3.019090904,1.747587698,2.382002468,3.032422446,-0.221444382,-0.139022950,-0.013331542,0.261806655,-0.100000000
62.500000000,3,0,0.036442928,0.291542831,3.043511832,0.285519231,0.452254802,3.041909628,-0.249076302,-0.160711971,0.001602204,0.296428590,0.000000000
62.500000000,3,1,1.755882281,0.530153392,3.067206344,1.976626229,0.687290711,3.054640294,-0.220743948,-0.157137319,0.012566050,0.271252526,-0.100000000
62.500000000,3,2,1.476272314,2.276395308,3.022828215,1.718304117,2.396350780,3.032905688,-0.242031803,-0.119955473,-0.010077473,0.270315121,-0.100000000
62.600000000,3,0,0.101838582,0.280835797,3.039709190,0.324535202,0.472548599,3.043779771,-0.222696619,-0.191712802,-0.004070581,0.293877785,0.000000000
62.600000000,3,1,1.769458979,0.566665769,3.070289740,1.975098704,0.744323073,3.055753456,-0.205639725,-0.177657304,0.014536284,0.272141723,-0.100000000
62.600000000,3,2,1.429842659,2.282116433,3.032824570,1.678913874,2.414876897,3.033190141,-0.249071215,-0.132760464,-0.000365571,0.282244477,-0.100000000
62.700000000,3,0,0.124059337,0.311174634,3.049980275,0.359940124,0.489827103,3.045245708,-0.235880787,-0.178652469,0.004734567,0.295937267,0.000000000
62.700000000,3,1,1.797454656,0.658508808,3.062556613,1.973803029,0.795023412,3.056413272,-0.176348372,-0.136514604,0.006143341,0.223098019,-0.100000000
62.700000000,3,2,1.483370162,2.263977643,3.029642884,1.643164334,2.430876877,3.032975874,-0.159794172,-0.166899234,-0.003332990,0.231085786,-0.100000000
62.800000000,3,0,0.175026935,0.285702818,3.059872521,0.398895308,0.507631417,3.046601107,-0.223868373,-0.221928599,0.013271414,0.315508291,0.000000000
62.800000000,3,1,1.794610232,0.653412427,3.066043797,1.972454337,0.849693039,3.056898079,-0.177844105,-0.196280612,0.009145718,0.265024996,-0.100000000
62.800000000,3,2,1.482453324,2.352930499,3.033153959,1.603799676,2.447600637,3.032302353,-0.121346352,-0.094670138,0.000851606,0.153909380,-0.100000000
62.900000000,3,0,0.249244970,0.395822202,3.061865072,0.437390792,0.523983372,3.047746734,-0.188145822,-0.128161170,0.014118337,0.228086526,0.000000000
62.900000000,3,1,1.799596635,0.751278872,3.064380525,1.971191516,0.902624772,3.057177133,-0.171594880,-0.151345900,0.007203392,0.228915428,-0.100000000
62.900000000,3,2,1.405635015,2.277353911,3.031798857,1.564862285,2.463237276,3.031395134,-0.159227270,-0.185883365,0.000403723,0.244757251,-0.100000000
63.000000000,3,0,0.347024533,0.329845594,3.078713464,0.477684136,0.539782015,3.048740044,-0.130659603,-0.209936421,0.029973420,0.249085605,0.000000000
63.000000000,3,1,1.817292950,0.772159376,3.059310260,1.969947541,0.956909807,3.057263828,-0.152654591,-0.184750431,0.002046432,0.239667131,-0.100000000
63.000000000,3,2,1.339337537,2.327777151,3.032497005,1.524095901,2.478650957,3.030328243,-0.184758364,-0.150873806,0.002168762,0.238544046,-0.100000000
63.100000000,3,0,0.379840589,0.347411514,3.081918843,0.529037748,0.558064894,3.049680566,-0.149197159,-0.210653380,0.032238277,0.260142163,-0.100000000
63.100000000,3,1,1.863965827,0.863566699,3.048047835,1.968464834,1.024574458,3.057184171,-0.104499008,-0.161007759,-0.009136336,0.192164028,-0.100000000
63.100000000,3,2,1.332445854,2.320656992,3.011095778,1.472151632,2.496869667,3.028978622,-0.139705778,-0.176212674,-0.017882844,0.225584589,-0.100000000
63.200000000,3,0,0.360759180,0.349605816,3.077879317,0.571037350,0.571570375,3.050139031,-0.210278170,-0.221964559,0.027740286,0.307009280,0.000000000
63.200000000,3,1,1.843578827,0.884702431,3.060011405,1.967337361,1.078758007,3.057126226,-0.123758534,-0.194055576,0.002885179,0.230178334,-0.100000000
63.200000000,3,2,1.262546287,2.376481316,3.005000436,1.429672570,2.510567970,3.027933376,-0.167126283,-0.134086654,-0.022932940,0.215490939,-0.100000000
63.300000000,3,0,0.348476713,0.406878669,3.069536319,0.606577759,0.582012186,3.050245705,-0.258101046,-0.175133517,0.019290615,0.312506042,0.000000000
63.300000000,3,1,1.795892029,0.942148250,3.059350644,1.966454158,1.123799863,3.057124678,-0.170562129,-0.181651613,0.002225967,0.249186082,-0.100000000
63.300000000,3,2,1.217909743,2.356565223,3.018590528,1.393737351,2.521308118,3.027060085,-0.175827607,-0.164742895,-0.008469557,0.241096044,-0.100000000
63.400000000,3,0,0.480300725,0.393712516,3.071079440,0.652944094,0.594295385,3.050033870,-0.172643369,-0.200582870,0.021045571,0.265484720,0.000000000
63.400000000,3,1,1.786630919,0.946918011,3.074158624,1.965433515,1.181446140,3.057179319,-0.178802596,-0.234528130,0.016979304,0.295401605,-0.100000000
63.400000000,3,2,1.226968573,2.384920043,3.029927791,1.346903506,2.534171663,3.025940491,-0.119934933,-0.149251620,0.003987301,0.191510660,-0.100000000
63.500000000,3,0,0.516653355,0.405250187,3.072440971,0.696110151,0.604419111,3.049638542,-0.179456796,-0.199168924,0.022802430,0.269059385,-0.100000000
63.500000000,3,1,1.826268765,1.051323618,3.061631795,1.964618642,1.234053854,3.057301677,-0.138349877,-0.182730236,0.004330118,0.229237382,-0.100000000
63.500000000,3,2,1.229852919,2.385029557,3.036648940,1.303320810,2.545026725,3.024856326,-0.073467891,-0.159997168,0.011792614,0.176453083,-0.100000000
63.600000000,3,0,0.545063808,0.480362001,3.067328959,0.743893487,0.614205658,3.049181276,-0.198829679,-0.133843657,0.018147683,0.240367852,0.000000000
63.600000000,3,1,1.848740994,1.094649738,3.051845977,1.963846636,1.291182594,3.057460144,-0.115105642,-0.196532856,-0.005614168,0.227828864,-0.100000000
63.600000000,3,2,1.170040566,2.404860934,3.036741264,1.255070229,2.555805338,3.023466469,-0.085029663,-0.150944404,0.013274795,0.173754070,-0.100000000
63.700000000,3,0,0.576078347,0.534493240,3.068639870,0.787355509,0.621829210,3.048840057,-0.211277162,-0.087335970,0.019799813,0.229472533,0.000000000
63.700000000,3,1,1.818400504,1.149200443,3.046576687,1.963276176,1.342181214,3.057594838,-0.144875672,-0.192980770,-0.011018151,0.241561457,-0.100000000
63.700000000,3,2,1.071251546,2.405523842,3.043714128,1.211190678,2.564494419,3.021959865,-0.139939132,-0.158970577,0.021754264,0.212903389,-0.100000000
63.800000000,3,0,0.595469542,0.535198968,3.061140129,0.827274337,0.627770919,3.048598031,-0.231804795,-0.092571950,0.012542099,0.249920654,0.000000000
63.800000000,3,1,1.818819385,1.208466578,3.063166430,1.962877242,1.388255557,3.057722057,-0.144057857,-0.179788979,0.005444373,0.230448224,-0.100000000
63.800000000,3,2,1.021329694,2.428060129,3.045493798,1.170905840,2.571590059,3.020313534,-0.149576147,-0.143529930,0.025180263,0.208825070,-0.100000000
63.900000000,3,0,0.636445242,0.538218804,3.061642781,0.874215943,0.633501593,3.048386641,-0.237770700,-0.095282789,0.013256140,0.256494525,-0.100000000
63.900000000,3,1,1.760251845,1.292244051,3.065335287,1.962543321,1.441553453,3.057877079,-0.202291475,-0.149309402,0.007458208,0.251536803,-0.100000000
63.900000000,3,2,0.988613361,2.426340273,3.048839485,1.123553341,2.578915669,3.018180400,-0.134939980,-0.152575396,0.030659085,0.205980652,-0.100000000
64.000000000,3,0,0.628358444,0.620915816,3.050421860,0.917466179,0.637665022,3.048314320,-0.289107735,-0.016749206,0.002107540,0.289600173,0.000000000
64.000000000,3,1,1.769734180,1.349505048,3.054210793,1.962366669,1.489893335,3.058109077,-0.192632490,-0.140388286,-0.003898284,0.238393254,-0.100000000
64.000000000,3,2,0.904335196,2.474822577,3.045896098,1.079920631,2.584753931,3.016206996,-0.175585435,-0.109931354,0.029689102,0.209276349,-0.100000000
64.100000000,3,0,0.670452883,0.620600906,3.050388674,0.960487705,0.640841169,3.048400397,-0.290034822,-0.020240264,0.001988277,0.290747002,-0.100000000
64.100000000,3,1,1.769028454,1.483410062,3.050375269,1.962342737,1.537331662,3.058416666,-0.193314282,-0.053921600,-0.008041397,0.200854711,-0.100000000
64.100000000,3,2,0.851642291,2.498509800,3.046328916,1.036470301,2.589776279,3.014422311,-0.184828010,-0.091266479,0.031906605,0.208588099,-0.100000000
64.200000000,3,0,0.618598417,0.705153233,3.053358428,1.010147463,0.643439564,3.048771425,-0.391549046,0.061713669,0.004587003,0.396409224,0.000000000
64.200000000,3,1,1.745705717,1.544302771,3.050959522,1.962513607,1.591394180,3.058808816,-0.216807889,-0.047091409,-0.007849294,0.222001967,-0.100000000
64.200000000,3,2,0.874025744,2.537302135,3.051858603,0.986196965,2.594685610,3.012693591,-0.112171221,-0.057383475,0.039165012,0.131943716,-0.100000000
64.300000000,3,0,0.661850863,0.702809462,3.053848803,1.038669685,0.644478989,3.049126740,-0.376818822,0.058330472,0.004722063,0.381336028,-0.100000000
64.300000000,3,1,1.775369626,1.481393062,3.042821162,1.962698729,1.622157016,3.059022217,-0.187329103,-0.140763954,-0.016201055,0.234881156,-0.100000000
64.300000000,3,2,0.791459180,2.581876286,3.049384768,0.957251806,2.597094907,3.011794099,-0.165792626,-0.015218620,0.037590669,0.170680577,-0.100000000
64.400000000,3,0,0.768818006,0.622589992,3.058273395,1.096864874,0.645672293,3.050246110,-0.328046868,-0.023082301,0.008027285,0.328955890,-0.100000000
64.400000000,3,1,1.728768397,1.550574435,3.037375149,1.963246496,1.684368489,3.059376013,-0.234478099,-0.133794053,-0.022000863,0.270859494,-0.100000000
64.400000000,3,2,0.662652583,2.534352153,3.051491520,0.898067059,2.601135324,3.010045819,-0.235414477,-0.066783171,0.041445701,0.248188867,-0.100000000
64.500000000,3,0,0.929295607,0.562251072,3.064951423,1.137515364,0.645763468,3.051262589,-0.208219757,-0.083512396,0.013688835,0.224760254,0.000000000
64.500000000,3,1,1.684651046,1.670754524,3.042880302,1.963747121,1.727348330,3.059661627,-0.279096075,-0.056593806,-0.016781325,0.285270206,-0.100000000
64.500000000,3,2,0.609111298,2.533700431,3.042840615,0.856706342,2.603284022,3.009005456,-0.247595044,-0.069583591,0.033835159,0.259403161,-0.100000000
64.600000000,3,0,0.941657279,0.568442627,3.062049798,1.172838397,0.645352645,3.052200873,-0.231181117,-0.076910018,0.009848926,0.243837777,0.000000000
64.600000000,3,1,1.657041204,1.728146040,3.042248928,1.964242013,1.764347246,3.059996239,-0.307200809,-0.036201206,-0.017747311,0.309835168,-0.100000000
64.600000000,3,2,0.431909074,2.461506766,3.045651895,0.820810372,2.604717927,3.008351346,-0.388901298,-0.143211162,0.037300549,0.416106942,-0.100000000
64.700000000,3,0,0.937345862,0.562030225,3.059449589,1.215450693,0.644289533,3.053349509,-0.278104831,-0.082259308,0.006100081,0.290079475,0.000000000
64.700000000,3,1,1.665495913,1.785582309,3.045640829,1.964867950,1.808577268,3.060522250,-0.299372037,-0.022994960,-0.014881421,0.300622424,-0.100000000
64.700000000,3,2,0.418037697,2.514378037,3.043721409,0.777574235,2.605958875,3.008045518,-0.359536537,-0.091580838,0.035675891,0.372728240,-0.100000000
64.800000000,3,0,0.913065806,0.544965840,3.059852382,1.259435536,0.642601494,3.054500217,-0.346369730,-0.097635654,0.005352165,0.359907428,0.000000000
64.800000000,3,1,1.616528021,1.807281224,3.041248997,1.965518987,1.853787260,3.061233956,-0.348990966,-0.046506036,-0.019984960,0.352642744,-0.100000000
64.800000000,3,2,0.430664005,2.502094079,3.030965000,0.733006081,2.606769697,3.008426163,-0.302342077,-0.104675618,0.022538837,0.320742444,-0.100000000
64.900000000,3,0,0.951515574,0.493018427,3.055119087,1.297408723,0.640740334,3.055380163,-0.345893148,-0.147721907,-0.000261076,0.376116870,0.000000000
64.900000000,3,1,1.620240571,1.774870311,3.040857886,1.966121473,1.892393281,3.061938835,-0.345880902,-0.117522969,-0.021080949,0.365909351,-0.100000000
64.900000000,3,2,0.391556923,2.518471998,3.027813653,0.694573564,2.607163095,3.009333417,-0.303016641,-0.088691098,0.018480236,0.316270003,-0.100000000
65.000000000,3,0,0.950416787,0.522306798,3.062853341,1.345889517,0.637971181,3.056306295,-0.395472730,-0.115664382,0.006547046,0.412091972,0.000000000
65.000000000,3,1,1.630185122,1.773658227,3.028994597,1.967011651,1.941076174,3.062796934,-0.336826529,-0.167417946,-0.033802337,0.377655236,-0.100000000
65.000000000,3,2,0.348061268,2.479978333,3.027431962,0.645566429,2.607346340,3.011195465,-0.297505161,-0.127368007,0.016236496,0.324030175,-0.100000000
65.100000000,3,0,0.936942550,0.483509809,3.058239411,1.385983250,0.635468747,3.057007590,-0.449040700,-0.151958938,0.001231821,0.474057577,0.000000000
65.100000000,3,1,1.611696403,1.796932356,3.034024536,1.967854420,1.980843167,3.063477789,-0.356158017,-0.183910811,-0.029453253,0.401919412,-0.100000000
65.100000000,3,2,0.342074515,2.481613761,3.033633578,0.605086716,2.607297222,3.013277247,-0.263012202,-0.125683461,0.020356331,0.292209053,-0.100000000
65.200000000,3,0,0.976541677,0.394386105,3.065021412,1.421053264,0.633185434,3.057628377,-0.444511587,-0.238799329,0.007393035,0.504648717,0.000000000
65.200000000,3,1,1.597524833,1.760001776,3.043564253,1.968653384,2.015299352,3.064065754,-0.371128551,-0.255297576,-0.020501501,0.450925232,-0.100000000
65.200000000,3,2,0.308682204,2.485161036,3.044573794,0.569722774,2.607125846,3.015361565,-0.261040570,-0.121964810,0.029212229,0.289604814,-0.100000000
65.300000000,3,0,0.987246623,0.381150066,3.051234830,1.469028119,0.629989910,3.058587849,-0.481781496,-0.248839845,-0.007353020,0.542299498,0.000000000
65.300000000,3,1,1.626154182,1.726895331,3.047996034,1.969807375,2.062040720,3.064758925,-0.343653193,-0.335145388,-0.016762891,0.480313379,-0.100000000
65.300000000,3,2,0.268564772,2.439601083,3.051735938,0.521429739,2.606685407,3.018396385,-0.252864967,-0.167084324,0.033339553,0.304908820,-0.100000000
65.400000000,3,0,1.028479375,0.375080143,3.050670593,1.508772453,0.627333305,3.059444524,-0.480293078,-0.252253162,-0.008773931,0.542577258,-0.100000000
65.400000000,3,1,1.620205439,1.783611370,3.049083704,1.970780976,2.100521570,3.065082992,-0.350575537,-0.316910201,-0.015999288,0.472854375,-0.100000000
65.400000000,3,2,0.278562229,2.442282938,3.055009536,0.481535451,2.606131484,3.020893477,-0.202973222,-0.163848546,0.034116059,0.263074857,-0.100000000
65.500000000,3,0,1.106891397,0.327538750,3.059035176,1.548437710,0.624723786,3.060326597,-0.441546313,-0.297185036,-0.001291421,0.532244079,0.000000000
65.500000000,3,1,1.628406590,1.782041223,3.039498803,1.971729341,2.138812968,3.065150591,-0.343322751,-0.356771746,-0.025651788,0.495796938,-0.100000000
65.500000000,3,2,0.113114071,2.390559923,3.053654393,0.441823008,2.605438847,3.023261590,-0.328708937,-0.214878924,0.030392803,0.393886074,-0.100000000
65.600000000,3,0,1.123545882,0.294358810,3.058880835,1.588040495,0.622189527,3.061240707,-0.464494613,-0.327830717,-0.002359872,0.568536537,0.000000000
65.600000000,3,1,1.565623722,1.828900414,3.036208870,1.972635607,2.176985721,3.065109978,-0.407011885,-0.348085307,-0.028901108,0.536336955,-0.100000000
65.600000000,3,2,0.130397799,2.352663903,3.058489378,0.402272333,2.604653260,3.025421027,-0.271874534,-0.251989358,0.033068351,0.372166515,-0.100000000
65.700000000,3,0,1.190254756,0.331478853,3.068061945,1.622754928,0.620048835,3.061965151,-0.432500172,-0.288569982,0.006096794,0.519967503,0.000000000
65.700000000,3,1,1.642478317,1.870074696,3.023008033,1.973406077,2.210434738,3.065145787,-0.330927760,-0.340360042,-0.042137754,0.476585492,-0.100000000
65.700000000,3,2,0.054680547,2.336369311,3.056473081,0.367691369,2.603905458,3.027234120,-0.313010821,-0.267536148,0.029238960,0.412802957,-0.100000000
65.800000000,3,0,1.270756502,0.382701993,3.077122247,1.664659027,0.617610921,3.062651329,-0.393902525,-0.234908928,0.014470918,0.458858160,0.000000000
65.800000000,3,1,1.615186541,1.909825306,3.034028913,1.974325687,2.250869027,3.065366302,-0.359139146,-0.341043721,-0.031337389,0.496259789,-0.100000000
65.800000000,3,2,0.039532737,2.315561062,3.055206435,0.326057267,2.602943301,3.029399770,-0.286524530,-0.287382239,0.025806665,0.406633547,-0.100000000
65.900000000,3,0,1.263810977,0.352133896,3.077911950,1.702925789,0.615555149,3.063115748,-0.439114812,-0.263421253,0.014796201,0.512280687,0.000000000
65.900000000,3,1,1.641203694,2.000625060,3.038018618,1.975160549,2.287918895,3.065758994,-0.333956856,-0.287293835,-0.027740376,0.441400564,-0.100000000
65.900000000,3,2,-0.014133552,2.336621009,3.052837081,0.288140867,2.602018226,3.031327018,-0.302274419,-0.265397216,0.021510063,0.402825259,-0.100000000
66.000000000,3,0,1.286183795,0.292267159,3.067368434,1.747428374,0.613317119,3.063470586,-0.461244579,-0.321049961,0.003897848,0.561991844,0.000000000
66.000000000,3,1,1.644404306,2.019950805,3.036864682,1.976177412,2.331159906,3.066416853,-0.331773106,-0.311209102,-0.029552171,0.455848472,-0.100000000
66.000000000,3,2,-0.003492255,2.403146102,3.035638644,0.244168601,2.600886778,3.033549778,-0.247660856,-0.197740677,0.002088867,0.316925288,-0.100000000
66.100000000,3,0,1.338634716,0.293292381,3.062827620,1.783679274,0.611493719,3.063656883,-0.445044558,-0.318201339,-0.000829263,0.547099112,0.000000000
66.100000000,3,1,1.685733800,1.994082955,3.034991548,1.977127647,2.366496658,3.067065007,-0.291393847,-0.372413703,-0.032073459,0.473952579,-0.100000000
66.100000000,3,2,-0.028397280,2.359141911,3.040013116,0.208463717,2.599927815,3.035274078,-0.236860997,-0.240785904,0.004739038,0.337792010,-0.100000000
66.200000000,3,0,1.450155173,0.292106538,3.064434134,1.811988076,0.609972783,3.063739020,-0.361832903,-0.317866245,0.000695114,0.481624836,0.000000000
66.200000000,3,1,1.681671859,2.019825183,3.033336002,1.978007247,2.394193131,3.067626489,-0.296335388,-0.374367948,-0.034290487,0.478687644,-0.100000000
66.200000000,3,2,-0.029577893,2.302043628,3.033038284,0.180686843,2.599165958,3.036535620,-0.210264736,-0.297122330,-0.003497336,0.364012595,-0.100000000
66.300000000,3,0,1.520367851,0.224169206,3.062516820,1.842299182,0.608152433,3.063747548,-0.321931331,-0.383983227,-0.001230727,0.501083241,0.000000000
66.300000000,3,1,1.727297090,2.033466427,3.043446540,1.979154311,2.424024436,3.068236777,-0.251857221,-0.390558009,-0.024790236,0.465383900,-0.100000000
66.300000000,3,2,-0.099935102,2.314726523,3.031457394,0.151080353,2.598355466,3.037849326,-0.251015456,-0.283628943,-0.006391932,0.378807330,-0.100000000
66.400000000,3,0,1.591490672,0.219276106,3.064189473,1.865591938,0.606493496,3.063643975,-0.274101266,-0.387217391,0.000545498,0.474414491,0.000000000
66.400000000,3,1,1.711458196,2.091325476,3.036206977,1.980285140,2.447128153,3.068664433,-0.268826944,-0.355802677,-0.032457456,0.447120741,-0.100000000
66.400000000,3,2,-0.086102699,2.266093634,3.024741521,0.128453271,2.597759458,3.038817391,-0.214555969,-0.331665824,-0.014075869,0.395265244,-0.100000000
66.500000000,3,0,1.645506532,0.226326728,3.072269244,1.883041445,0.604907956,3.063312054,-0.237534913,-0.378581228,0.008957190,0.447019924,0.000000000
66.500000000,3,1,1.738158790,2.097381173,3.033898329,1.981451071,2.464551902,3.069089223,-0.243292281,-0.367170729,-0.035190894,0.441864093,-0.100000000
66.500000000,3,2,-0.121790574,2.293400175,3.027271006,0.111608156,2.597354628,3.039536620,-0.233398730,-0.303954453,-0.012265614,0.383423685,-0.100000000
66.600000000,3,0,1.620764529,0.218841014,3.071653242,1.897341714,0.603057760,3.062591619,-0.276577185,-0.384216746,0.009061623,0.473497160,0.000000000
66.600000000,3,1,1.694025316,2.085272288,3.030831769,1.982938103,2.478930538,3.069538729,-0.288912787,-0.393658249,-0.038706959,0.489832262,-0.100000000
66.600000000,3,2,-0.128995796,2.239366413,3.031970585,0.097918931,2.597070289,3.040124145,-0.226914726,-0.357703877,-0.008153560,0.423684832,-0.100000000
66.700000000,3,0,1.605588676,0.212667092,3.080782421,1.905391031,0.601314146,3.061696088,-0.299802356,-0.388647053,0.019086333,0.491215098,0.000000000
66.700000000,3,1,1.717247436,2.125230342,3.038894658,1.984476548,2.487149393,3.069711188,-0.267229112,-0.361919051,-0.030816530,0.450939526,-0.100000000
66.700000000,3,2,-0.181324702,2.245631382,3.040584925,0.090342224,2.596960298,3.040496974,-0.271666926,-0.351328916,0.000087951,0.444111398,-0.100000000
66.800000000,3,0,1.522876049,0.190088869,3.071786936,1.908419286,0.599662562,3.060620320,-0.385543237,-0.409573693,0.011166616,0.562600117,0.000000000
66.800000000,3,1,1.658899235,2.096333704,3.032539196,1.986039541,2.490409699,3.069642666,-0.327140307,-0.394075995,-0.037103471,0.513510796,-0.100000000
66.800000000,3,2,-0.180235083,2.253010919,3.039441944,0.087663911,2.596978982,3.040708166,-0.267898994,-0.343968063,-0.001266223,0.435987962,-0.100000000
66.900000000,3,0,1.447836576,0.157453270,3.070313166,1.906880834,0.597864968,3.059208254,-0.459044258,-0.440411698,0.011104912,0.636244775,0.000000000
66.900000000,3,1,1.668774373,2.081602894,3.042950910,1.987785920,2.489151751,3.069375673,-0.319011547,-0.407548856,-0.026424764,0.518230359,-0.100000000
66.900000000,3,2,-0.276797546,2.254714008,3.046518281,0.089474853,2.597088933,3.040847762,-0.366272399,-0.342374925,0.005670519,0.501406237,-0.100000000
67.000000000,3,0,1.344567226,0.105134433,3.070761055,1.899087973,0.595710703,3.057209163,-0.554520747,-0.490576270,0.013551893,0.740501174,0.000000000
67.000000000,3,1,1.621912386,2.025484031,3.063670868,1.989860154,2.481689557,3.068897163,-0.367947767,-0.456205526,-0.005226295,0.586119745,-0.100000000
67.000000000,3,2,-0.256537798,2.259507818,3.052504378,0.097465185,2.597283997,3.040909261,-0.354002983,-0.337776179,0.011595117,0.489433658,-0.100000000
67.100000000,3,0,1.249144037,0.025900524,3.071746048,1.887994487,0.593886512,3.055393028,-0.638850449,-0.567985988,0.016353020,0.854988538,0.000000000
67.100000000,3,1,1.687929978,1.924435497,3.072257797,1.991571140,2.470900089,3.068549116,-0.303641161,-0.546464592,0.003708681,0.625168185,-0.100000000
67.100000000,3,2,-0.283493762,2.243004624,3.056336451,0.108611724,2.597470857,3.040849264,-0.392105486,-0.354466233,0.015487187,0.528803249,-0.100000000
67.200000000,3,0,1.338174040,0.000827727,3.061303412,1.871789669,0.591918666,3.053406280,-0.533615629,-0.591090939,0.007897131,0.796364554,0.000000000
67.200000000,3,1,1.689287464,1.848270392,3.071449739,1.993385950,2.455040290,3.068359987,-0.304098486,-0.606769898,0.003089753,0.678715806,-0.100000000
67.200000000,3,2,-0.246858018,2.167392131,3.044249445,0.124768354,2.597698844,3.040740176,-0.371626373,-0.430306713,0.003509268,0.568579232,-0.100000000
67.300000000,3,0,1.429271368,0.007860723,3.062952146,1.852195181,0.590017817,3.051413916,-0.422923812,-0.582157095,0.011538230,0.719655865,0.000000000
67.300000000,3,1,1.659623538,1.803676842,3.072109798,1.995139364,2.435756302,3.068337399,-0.335515827,-0.632079460,0.003772399,0.715618295,-0.100000000
67.300000000,3,2,-0.215087544,2.052837854,3.044820541,0.144265647,2.597950264,3.040601472,-0.359353191,-0.545112410,0.004219069,0.652916576,-0.100000000
67.400000000,3,0,1.377446139,-0.006607917,3.061822723,1.825210963,0.587871122,3.049084368,-0.447764824,-0.594479040,0.012738354,0.744352693,0.000000000
67.400000000,3,1,1.665277095,1.787394300,3.092201174,1.997172876,2.409043843,3.068325225,-0.331895781,-0.621649544,0.023875950,0.705104975,-0.100000000
67.400000000,3,2,-0.186154415,2.042891371,3.032953194,0.171165603,2.598256869,3.040337330,-0.357320018,-0.555365498,-0.007384137,0.660426345,-0.100000000
67.500000000,3,0,1.350049697,-0.055730766,3.057046210,1.796244649,0.585974970,3.046953310,-0.446194953,-0.641705737,0.010092900,0.781650852,0.000000000
67.500000000,3,1,1.663016382,1.761867039,3.098687288,1.999056037,2.380144305,3.068224482,-0.336039656,-0.618277266,0.030462806,0.704356025,-0.100000000
67.500000000,3,2,-0.168813530,2.042364673,3.036180928,0.200178637,2.598526628,3.039864139,-0.368992168,-0.556161955,-0.003683212,0.667446557,-0.100000000
67.600000000,3,0,1.290998787,-0.069319020,3.060252372,1.769163333,0.584482076,3.045280946,-0.478164546,-0.653801096,0.014971426,0.810136625,0.000000000
67.600000000,3,1,1.690809538,1.710146465,3.091494444,2.000615614,2.352918813,3.068027530,-0.309806076,-0.642772348,0.023466914,0.713923519,-0.100000000
67.600000000,3,2,-0.151503048,2.026642553,3.048916857,0.227433280,2.598724815,3.039273680,-0.378936328,-0.572082262,0.009643176,0.686268057,-0.100000000
67.700000000,3,0,1.251364678,-0.104651124,3.052991164,1.730613386,0.582709783,3.043263917,-0.479248708,-0.687360907,0.009727247,0.837996993,0.000000000
67.700000000,3,1,1.682733427,1.625629341,3.092078243,2.002588275,2.313909784,3.067517514,-0.319854848,-0.688280443,0.024560729,0.759368370,-0.100000000
67.700000000,3,2,-0.133381009,1.987379934,3.043269840,0.266385139,2.598918942,3.038328009,-0.399766148,-0.611539008,0.004941831,0.730628054,-0.100000000
67.800000000,3,0,1.208050371,-0.134332290,3.076424480,1.695664357,0.581385182,3.041684921,-0.487613986,-0.715717472,0.034739560,0.866732794,0.000000000
67.800000000,3,1,1.668624458,1.557284634,3.102818070,2.004181042,2.278411449,3.066896523,-0.335556584,-0.721126815,0.035921547,0.796186198,-0.100000000
67.800000000,3,2,-0.091585857,1.921861828,3.026078261,0.301783558,2.599005763,3.037483005,-0.393369415,-0.677143935,-0.011404744,0.783194403,-0.100000000
67.900000000,3,0,1.222977198,-0.135286259,3.075550286,1.652086125,0.580007240,3.040113275,-0.429108927,-0.715293499,0.035437011,0.834886246,0.000000000
67.900000000,3,1,1.590999625,1.549320641,3.074966214,2.005967382,2.234087556,3.066172489,-0.414967757,-0.684766915,0.008793726,0.800737970,-0.100000000
67.900000000,3,2,-0.065714948,1.931622381,3.019310243,0.345982707,2.598988670,3.036664236,-0.411697655,-0.667366289,-0.017353993,0.784330214,-0.100000000
68.000000000,3,0,1.149931583,-0.147811198,3.076592056,1.617934760,0.579082929,3.039131611,-0.468003177,-0.726894127,0.037460445,0.865335386,0.000000000
68.000000000,3,1,1.572740489,1.531292261,3.084321996,2.007247548,2.199335248,3.065800573,-0.434507059,-0.668042988,0.018521423,0.797132900,-0.100000000
68.000000000,3,2,-0.089069539,1.921494579,3.021122182,0.380641340,2.598897783,3.036340430,-0.469710879,-0.677403204,-0.015218248,0.824460433,-0.100000000
68.100000000,3,0,0.956825146,-0.257179325,3.075208377,1.571085785,0.577979081,3.037981638,-0.614260639,-0.835158407,0.037226739,1.037396514,0.000000000
68.100000000,3,1,1.575063903,1.344616961,3.080455767,2.008846483,2.151674008,3.065528318,-0.433782580,-0.807057047,0.014927449,0.916368503,-0.100000000
68.100000000,3,2,-0.076274265,1.962612461,3.019925810,0.428187687,2.598712609,3.036266708,-0.504461953,-0.636100149,-0.016340898,0.812017417,-0.100000000
68.200000000,3,0,0.946184157,-0.196413060,3.076198946,1.529741694,0.577150303,3.037157447,-0.583557537,-0.773563362,0.039041499,0.969775187,0.000000000
68.200000000,3,1,1.543024956,1.307451168,3.081305023,2.010099161,2.109649717,3.065501707,-0.467074205,-0.802198550,0.015803316,0.928402160,-0.100000000
68.200000000,3,2,-0.037785828,1.850130601,3.041171020,0.470117734,2.598523304,3.036366912,-0.507903561,-0.748392703,0.004804108,0.904478162,-0.100000000
68.300000000,3,0,0.985360404,-0.233351474,3.074221247,1.478876987,0.576338795,3.036238247,-0.493516583,-0.809690269,0.037983000,0.948999293,0.000000000
68.300000000,3,1,1.446611106,1.333599401,3.088248906,2.011448939,2.057981901,3.065764489,-0.564837833,-0.724382500,0.022484417,0.918845652,-0.100000000
68.300000000,3,2,0.034364518,1.865856640,3.046826433,0.521648329,2.598275933,3.036524113,-0.487283811,-0.732419293,0.010302320,0.879766828,-0.100000000
68.400000000,3,0,1.004355049,-0.160357074,3.072126003,1.430580322,0.575807310,3.035301290,-0.426225273,-0.736164384,0.036824713,0.851447029,0.000000000
68.400000000,3,1,1.524727616,1.326344785,3.095916698,2.012572922,2.008950071,3.066205088,-0.487845306,-0.682605286,0.029711609,0.839539040,-0.100000000
68.400000000,3,2,0.003424066,1.871513391,3.043267643,0.570530957,2.598025808,3.036648708,-0.567106890,-0.726512416,0.006618935,0.921669315,-0.100000000
68.500000000,3,0,0.991776957,-0.103210506,3.085166419,1.384353213,0.575535741,3.034403622,-0.392576255,-0.678746247,0.050762797,0.785741335,0.000000000
68.500000000,3,1,1.516456123,1.301061928,3.106338418,2.013540634,1.962032960,3.066626587,-0.497084511,-0.660971032,0.039711831,0.827981126,-0.100000000
68.500000000,3,2,0.109758955,1.938193542,3.049713402,0.617308548,2.597771098,3.036633463,-0.507549593,-0.659577556,0.013079940,0.832358232,-0.100000000
68.600000000,3,0,0.926114243,-0.054050250,3.085948829,1.337609960,0.575478577,3.033676001,-0.411495717,-0.629528827,0.052272828,0.753901663,0.000000000
68.600000000,3,1,1.554467174,1.308040679,3.104587517,2.014417305,1.914573746,3.066980635,-0.459950132,-0.606533068,0.037606881,0.762135659,-0.100000000
68.600000000,3,2,0.161323481,1.943402737,3.045703854,0.664641143,2.597490968,3.036440854,-0.503317663,-0.654088231,0.009263000,0.825376209,-0.100000000
68.700000000,3,0,0.906142770,-0.048547530,3.090114264,1.284712403,0.575610591,3.033088081,-0.378569633,-0.624158121,0.057026183,0.732216029,0.000000000
68.700000000,3,1,1.597677291,1.288265396,3.107027640,2.015274251,1.860764821,3.067233409,-0.417596960,-0.572499425,0.039794231,0.709736848,-0.100000000
68.700000000,3,2,0.231121566,2.000077174,3.039888620,0.718331167,2.597130499,3.036127973,-0.487209601,-0.597053325,0.003760647,0.770623132,-0.100000000
68.800000000,3,0,0.813373806,-0.026497318,3.084972455,1.232735755,0.575882727,3.032666105,-0.419361949,-0.602380044,0.052306350,0.735841095,0.000000000
68.800000000,3,1,1.595277743,1.209508915,3.108751341,2.015967331,1.807745028,3.067288982,-0.420689587,-0.598236114,0.041462359,0.732519832,-0.100000000
68.800000000,3,2,0.275487936,1.983352860,3.029977877,0.771280526,2.596732915,3.035856460,-0.495792590,-0.613380055,-0.005878583,0.788720446,-0.100000000
68.900000000,3,0,0.757381350,-0.070323935,3.079562642,1.187720488,0.576207607,3.032423981,-0.430339137,-0.646531542,0.047138660,0.778085382,0.000000000
68.900000000,3,1,1.576120565,1.150920332,3.118206308,2.016452420,1.761729084,3.067213730,-0.440331855,-0.610808752,0.050992578,0.754705053,-0.100000000
68.900000000,3,2,0.342291558,1.957978513,3.019444100,0.817304399,2.596355865,3.035750885,-0.475012841,-0.638377353,-0.016306785,0.795882375,-0.100000000
69.000000000,3,0,0.725922503,-0.095876595,3.080131930,1.140961737,0.576618112,3.032277089,-0.415039235,-0.672494707,0.047854841,0.791704985,0.000000000
69.000000000,3,1,1.575238140,1.046605291,3.101047292,2.016874798,1.713833680,3.067126889,-0.441636658,-0.667228389,0.033920404,0.800866565,-0.100000000
69.000000000,3,2,0.360567081,1.902971475,3.016709794,0.865298343,2.595936678,3.035758623,-0.504731262,-0.692965203,-0.019048829,0.857506430,-0.100000000
69.100000000,3,0,0.508295490,-0.048794828,3.046775832,1.093561956,0.577080008,3.032302810,-0.585266466,-0.625874836,0.014473022,0.857009693,0.000000000
69.100000000,3,1,1.547234363,1.063007692,3.105292182,2.017265138,1.665147036,3.067102690,-0.470030775,-0.602139343,0.038189492,0.764826226,-0.100000000
69.100000000,3,2,0.452776199,1.818892530,2.992290379,0.914194247,2.595493309,3.035781386,-0.461418048,-0.776600780,-0.043491007,0.904382029,-0.100000000
69.200000000,3,0,0.312244253,-0.126709793,3.053368569,1.045646527,0.577565294,3.032550168,-0.733402274,-0.704275086,0.020818401,1.017013126,0.000000000
69.200000000,3,1,1.466359435,0.901254324,3.096176302,2.017645819,1.615750307,3.067158870,-0.551286384,-0.714495983,0.029017432,0.902919265,-0.100000000
69.200000000,3,2,0.401119725,1.836020669,2.996455398,0.963908697,2.595033653,3.035791551,-0.562788972,-0.759012984,-0.039336153,0.945716379,-0.100000000
69.300000000,3,0,0.192729997,-0.171312737,3.050563737,0.999218161,0.578050001,3.032981901,-0.806488164,-0.749362738,0.017581836,1.101034419,0.000000000
69.300000000,3,1,1.326196045,0.737971035,3.115809425,2.017997855,1.567678328,3.067365457,-0.691801810,-0.829707293,0.048443968,1.081365227,-0.100000000
69.300000000,3,2,0.343495073,1.771191303,2.999479062,1.012378914,2.594594500,3.035864568,-0.668883842,-0.823403197,-0.036385505,1.061471772,-0.100000000
69.400000000,3,0,0.044150124,-0.185036774,3.059169505,0.950569199,0.578566062,3.033623509,-0.906419075,-0.763602836,0.025545996,1.185469286,0.000000000
69.400000000,3,1,1.223023446,0.635454692,3.109136239,2.018338823,1.517121885,3.067807112,-0.795315376,-0.881667193,0.041329127,1.188095823,-0.100000000
69.400000000,3,2,0.226550175,1.670166652,2.997049146,1.063464507,2.594156432,3.035937133,-0.836914332,-0.923989780,-0.038887987,1.247275025,-0.100000000
69.500000000,3,0,0.026384382,-0.242232736,3.060185266,0.907179563,0.579031000,3.034406890,-0.880795181,-0.821263736,0.025778377,1.204549210,0.000000000
69.500000000,3,1,1.206446551,0.563505683,3.095930424,2.018595164,1.471910109,3.068382800,-0.812148613,-0.908404427,0.027547625,1.218828472,-0.100000000
69.500000000,3,2,0.250352377,1.751968545,3.003929127,1.109271516,2.593787895,3.035869596,-0.858919139,-0.841819350,-0.031940469,1.203088566,-0.100000000
69.600000000,3,0,-0.052430283,-0.225439932,3.059507551,0.859856280,0.579563688,3.035458375,-0.912286564,-0.805003621,0.024049175,1.216912473,0.000000000
69.600000000,3,1,1.099052727,0.574839458,3.085778784,2.018804002,1.422489184,3.069164608,-0.919751275,-0.847649727,0.016614175,1.250891082,-0.100000000
69.600000000,3,2,0.176531603,1.652069088,2.999253099,1.159470196,2.593394461,3.035459822,-0.982938593,-0.941325373,-0.036206723,1.361459754,-0.100000000
69.700000000,3,0,-0.146684621,-0.272656041,3.056695671,0.815081412,0.580128283,3.036551857,-0.961766033,-0.852784324,0.020143814,1.285550769,0.000000000
69.700000000,3,1,1.085059595,0.521241178,3.084873230,2.018937251,1.375626932,3.069958187,-0.933877656,-0.854385753,0.014915044,1.265829748,-0.100000000
69.700000000,3,2,0.189169786,1.715475652,2.993752753,1.207165881,2.592982991,3.034792636,-1.017996095,-0.877507339,-0.041039883,1.344626138,-0.100000000
69.800000000,3,0,-0.232419276,-0.202446141,3.040088355,0.765827517,0.580847907,3.037797125,-0.998246793,-0.783294048,0.002291230,1.268878038,0.000000000
69.800000000,3,1,1.030389231,0.522466574,3.085924124,2.019015209,1.323958082,3.070813275,-0.988625978,-0.801491507,0.015110849,1.272791538,-0.100000000
69.800000000,3,2,0.163829714,1.671279019,2.997742440,1.259823465,2.592429242,3.033783436,-1.095993751,-0.921150224,-0.036040995,1.432137909,-0.100000000
69.900000000,3,0,-0.239743389,-0.246531406,3.029959824,0.732939932,0.581379735,3.038739668,-0.972683321,-0.827911140,-0.008779844,1.277351472,0.000000000
69.900000000,3,1,1.048542460,0.489091889,3.082656630,2.019029032,1.289403391,3.071373941,-0.970486572,-0.800311502,0.011282689,1.257962633,-0.100000000
69.900000000,3,2,0.258220935,1.801874916,3.007631130,1.295074372,2.591992710,3.032890254,-1.036853437,-0.790117793,-0.025259124,1.303836340,-0.100000000
70.000000000,3,0,-0.317223499,-0.219909396,3.035432263,0.687764786,0.582157396,3.040165347,-1.004988285,-0.802066792,-0.004733084,1.285820747,0.000000000
70.000000000,3,1,1.019192496,0.478466283,3.065547925,2.019001513,1.241898477,3.072130763,-0.999809017,-0.763432194,-0.006582838,1.257970635,-0.100000000
70.000000000,3,2,0.293665378,1.798298512,3.010797227,1.343610391,2.591313644,3.031281979,-1.049945013,-0.793015131,-0.020484752,1.315932048,-0.100000000
70.100000000,3,0,-0.357234932,-0.282742169,3.046962766,0.638354242,0.583060935,3.041746683,-0.995589174,-0.865803104,0.005216083,1.319408969,0.000000000
70.100000000,3,1,0.989200253,0.336811642,3.065429006,2.018915767,1.189933873,3.072994037,-1.029715514,-0.853122231,-0.007565031,1.337231772,-0.100000000
70.100000000,3,2,0.398190280,1.828702920,3.016721113,1.396847643,2.590473047,3.029146796,-0.998657363,-0.761770127,-0.012425684,1.256091021,-0.100000000
70.200000000,3,0,-0.389691354,-0.327888818,3.046659023,0.600417752,0.583786983,3.043013492,-0.990109107,-0.911675800,0.003645531,1.345913110,0.000000000
70.200000000,3,1,0.929176485,0.289373274,3.063496458,2.018809313,1.150043781,3.073576518,-1.089632829,-0.860670507,-0.010080060,1.388580222,-0.100000000
70.200000000,3,2,0.441882460,1.727622883,3.026566872,1.437819185,2.589773677,3.027379636,-0.995936725,-0.862150793,-0.000812763,1.317267859,-0.100000000
70.300000000,3,0,-0.373459423,-0.337822958,3.050923881,0.561325941,0.584565206,3.044551473,-0.934785364,-0.922388164,0.006372407,1.313264714,0.000000000
70.300000000,3,1,0.989262463,0.262226066,3.056771500,2.018660269,1.108944188,3.073991447,-1.029397806,-0.846718122,-0.017219948,1.332999605,-0.100000000
70.300000000,3,2,0.420964570,1.704926530,3.023905342,1.480105996,2.589039534,3.025643918,-1.059141426,-0.884113003,-0.001738576,1.379651907,-0.100000000
70.400000000,3,0,-0.384150523,-0.366149065,3.051410655,0.515477810,0.585535811,3.046765291,-0.899628333,-0.951684876,0.004645364,1.309601780,0.000000000
70.400000000,3,1,1.031640577,0.279373045,3.061739721,2.018435560,1.060763719,3.074191054,-0.986794983,-0.781390674,-0.012451332,1.258765569,-0.100000000
70.400000000,3,2,0.425337805,1.714975574,3.020694160,1.529730143,2.588179681,3.023752280,-1.104392338,-0.873204106,-0.003058120,1.407898150,-0.100000000
70.500000000,3,0,-0.459187132,-0.295554825,3.043532862,0.479662530,0.586362837,3.048737833,-0.938849661,-0.881917661,-0.005204970,1.288116664,0.000000000
70.500000000,3,1,1.056759532,0.236505562,3.053515055,2.018221665,1.023184814,3.074094585,-0.961462133,-0.786679252,-0.020579531,1.242456114,-0.100000000
70.500000000,3,2,0.486074222,1.696270340,3.030270601,1.568448083,2.587508998,3.022439563,-1.082373861,-0.891238659,0.007831038,1.402105861,-0.100000000
70.600000000,3,0,-0.498116846,-0.376695768,3.048650813,0.441775165,0.587305263,3.050895562,-0.939892010,-0.964001031,-0.002244749,1.346365484,0.000000000
70.600000000,3,1,0.988358834,0.101859467,3.046519274,2.017964944,0.983509995,3.073725623,-1.029606111,-0.881650528,-0.027206349,1.355778958,-0.100000000
70.600000000,3,2,0.553025886,1.688991592,3.021986670,1.609283289,2.586788857,3.021216983,-1.056257404,-0.897797265,0.000769687,1.386261240,-0.100000000
70.700000000,3,0,-0.524707729,-0.358630996,3.043980010,0.404178119,0.588302240,3.053184250,-0.928885848,-0.946933236,-0.009204241,1.326497715,0.000000000
70.700000000,3,1,0.964805998,0.149669917,3.047883879,2.017681484,0.944230384,3.073370625,-1.052875485,-0.794560467,-0.025486746,1.319288709,-0.100000000
70.700000000,3,2,0.600838465,1.666479584,3.021785885,1.649648478,2.586056787,3.020385723,-1.048810013,-0.919577203,0.001400161,1.394857210,-0.100000000
70.800000000,3,0,-0.593930927,-0.322938093,3.044102498,0.365357330,0.589024847,3.056175897,-0.959288258,-0.911962940,-0.012073399,1.323652572,0.000000000
70.800000000,3,1,1.045097746,0.120555468,3.064892824,2.017368082,0.903477184,3.074005832,-0.972270336,-0.782921716,-0.009113009,1.248342528,-0.100000000
70.800000000,3,2,0.602481323,1.734475953,3.011728202,1.691231198,2.584877594,3.020522175,-1.088749874,-0.850401641,-0.008793973,1.381534138,-0.100000000
70.900000000,3,0,-0.622096677,-0.371245378,3.049137872,0.327917334,0.585804237,3.056227388,-0.950014012,-0.957049614,-0.007089517,1.348525435,0.000000000
70.900000000,3,1,1.027358134,0.037458709,3.056830066,2.017048209,0.860157766,3.071516187,-0.989690075,-0.822699057,-0.014686121,1.287064826,-0.100000000
70.900000000,3,2,0.637635291,1.739169861,3.022859142,1.731234267,2.579667471,3.017992355,-1.093598977,-0.840497610,0.004866787,1.379281929,-0.100000000
71.000000000,3,0,-0.685488365,-0.298111644,3.032849743,0.293257332,0.575121321,3.051460375,-0.978745697,-0.873232965,-0.018610632,1.311802312,0.000000000
71.000000000,3,1,0.980981628,0.022908933,3.058612677,2.016707398,0.812401430,3.063710362,-1.035725769,-0.789492498,-0.005097685,1.302325712,-0.100000000
71.000000000,3,2,0.673207696,1.695356898,3.012429278,1.767899133,2.567099363,3.010928525,-1.094691437,-0.871742464,0.001500753,1.399387908,-0.100000000
71.100000000,3,0,-0.740897277,-0.385226740,3.029376149,0.261320745,0.557883484,3.042451037,-1.002218021,-0.943110224,-0.013074888,1.376251725,0.000000000
71.100000000,3,1,0.963918627,-0.106802032,3.055748497,2.016310141,0.761321896,3.051706137,-1.052391514,-0.868123928,0.004042359,1.364251954,-0.100000000
71.100000000,3,2,0.744902757,1.718644339,2.987739723,1.801189326,2.548162632,3.000143080,-1.056286569,-0.829518293,-0.012403356,1.343129092,-0.100000000
71.200000000,3,0,-0.809150335,-0.392384914,3.020906559,0.223539762,0.529788972,3.026199128,-1.032690096,-0.922173886,-0.005292569,1.384514905,0.000000000
71.200000000,3,1,0.937765841,-0.186365277,3.041061190,2.015690394,0.693743618,3.031759842,-1.077924553,-0.880108895,0.009301348,1.391617593,-0.100000000
71.200000000,3,2,0.749883646,1.633346156,2.982516706,1.839935004,2.518141243,2.982236874,-1.090051359,-0.884795087,0.000279832,1.403949568,-0.100000000
71.300000000,3,0,-0.846460515,-0.461439533,3.006735081,0.194320088,0.503293680,3.009185250,-1.040780603,-0.964733214,-0.002450169,1.419133694,0.000000000
71.300000000,3,1,0.963656297,-0.298339879,3.035017869,2.015092793,0.637005127,3.012025300,-1.051436496,-0.935345006,0.022992569,1.407450761,-0.100000000
71.300000000,3,2,0.752739603,1.620760094,2.957271528,1.869482705,2.490117698,2.964593512,-1.116743103,-0.869357604,-0.007321984,1.415256660,-0.100000000
71.400000000,3,0,-0.935717582,-0.455295047,2.999836251,0.166123510,0.473881691,2.988632931,-1.101841092,-0.929176737,0.011203320,1.441370429,0.000000000
71.400000000,3,1,0.962484749,-0.315191440,3.019362611,2.014412306,0.578498950,2.988917854,-1.051927557,-0.893690390,0.030444757,1.380637889,-0.100000000
71.400000000,3,2,0.762588684,1.525692105,2.934769074,1.897710424,2.459092351,2.943989421,-1.135121740,-0.933400246,-0.009220347,1.469633423,-0.100000000
71.500000000,3,0,-0.949515781,-0.499136500,2.975284893,0.138819229,0.441374299,2.964117551,-1.088335010,-0.940510799,0.011167342,1.438456939,-0.100000000
71.500000000,3,1,0.906675266,-0.415012147,2.990198900,2.013625256,0.517798911,2.962065697,-1.106949991,-0.932811058,0.028133204,1.447848828,-0.100000000
71.500000000,3,2,0.779938065,1.521293793,2.918019935,1.924809821,2.424839128,2.920002342,-1.144871756,-0.903545334,-0.001982407,1.458468182,-0.100000000
71.600000000,3,0,-0.974159899,-0.519855262,2.916662401,0.111338146,0.403977792,2.933833164,-1.085498045,-0.923833054,-0.017170762,1.425506349,0.000000000
71.600000000,3,1,0.897544007,-0.462295442,2.952890548,2.012653419,0.451991262,2.929633918,-1.115109412,-0.914286703,0.023256629,1.442196259,-0.100000000
71.600000000,3,2,0.917472446,1.459898659,2.907864944,1.951835653,2.385511776,2.890698128,-1.034363207,-0.925613117,0.017166816,1.388150419,-0.100000000
71.700000000,3,0,-0.997614312,-0.566259650,2.896394198,0.089194045,0.369908338,2.904358060,-1.086808356,-0.936167988,-0.007963862,1.434442863,0.000000000
71.700000000,3,1,0.894547280,-0.538401178,2.922837278,2.011719226,0.395070349,2.898744058,-1.117171946,-0.933471527,0.024093220,1.456029784,-0.100000000
71.700000000,3,2,0.954109447,1.411629559,2.871620010,1.973353813,2.349769351,2.862340678,-1.019244366,-0.938139793,0.009279332,1.385298327,-0.100000000
71.800000000,3,0,-1.008059734,-0.612130695,2.846959704,0.066800697,0.331349018,2.868851457,-1.074860430,-0.943479713,-0.021891752,1.430369939,0.000000000
71.800000000,3,1,0.923231765,-0.633478480,2.884183554,2.010624663,0.333541117,2.861962403,-1.087392898,-0.967019598,0.022221151,1.455350128,-0.100000000
71.800000000,3,2,1.024664066,1.327204710,2.828556195,1.994805825,2.309362741,2.828041725,-0.970141759,-0.982158031,0.000514469,1.380510665,-0.100000000
71.900000000,3,0,-1.079516316,-0.671844046,2.806076374,0.049795461,0.298837631,2.836916580,-1.129311777,-0.970681677,-0.030840206,1.489469411,0.000000000
71.900000000,3,1,0.915350123,-0.707812925,2.845058869,2.009664309,0.283732554,2.829244087,-1.094314186,-0.991545478,0.015814781,1.476799269,-0.100000000
71.900000000,3,2,0.957508715,1.272899485,2.800670061,2.010859371,2.275283506,2.797084816,-1.053350655,-1.002384021,0.003585245,1.454075026,-0.100000000
72.000000000,3,0,-1.086190785,-0.699540962,2.773280085,0.031956322,0.260883050,2.797124097,-1.118147107,-0.960424012,-0.023844013,1.474189870,0.000000000
72.000000000,3,1,0.920247596,-0.795147097,2.816689420,2.008474620,0.227809559,2.788693238,-1.088227024,-1.022956657,0.027996182,1.493807941,-0.100000000
72.000000000,3,2,1.005050243,1.181047868,2.765969019,2.027435127,2.235529325,2.758218728,-1.022384884,-1.054481457,0.007750291,1.468762084,-0.100000000
72.100000000,3,0,-1.018558479,-0.758047755,2.751365782,0.019100608,0.230191173,2.762695330,-1.037659088,-0.988238927,-0.011329549,1.432997180,0.000000000
72.100000000,3,1,0.941523320,-0.839165898,2.773798503,2.007440536,0.184347703,2.753809127,-1.065917215,-1.023513602,0.019989376,1.477890110,-0.100000000
72.100000000,3,2,1.087940430,1.120385458,2.725383705,2.039125211,2.203518837,2.724465429,-0.951184782,-1.083133379,0.000918276,1.441503121,-0.100000000
72.200000000,3,0,-0.968195302,-0.832244887,2.721703192,0.007613056,0.199419730,2.726020603,-0.975808358,-1.031664617,-0.004317411,1.420053687,0.000000000
72.200000000,3,1,0.990030868,-0.888388815,2.741758672,2.006321498,0.142398171,2.716600108,-1.016290629,-1.030786986,0.025158565,1.447757371,-0.100000000
72.200000000,3,2,1.105451591,1.037310885,2.699114197,2.049270402,2.171624303,2.688230860,-0.943818811,-1.134313418,0.010883337,1.475662335,-0.100000000
72.300000000,3,0,-0.936463163,-0.997695373,2.691267613,-0.003996214,0.163662838,2.680110010,-0.932466949,-1.161358211,0.011157603,1.489420020,0.000000000
72.300000000,3,1,0.991175498,-1.054055922,2.704529478,2.004873424,0.095746161,2.669940284,-1.013697926,-1.149802083,0.034589194,1.533239945,-0.100000000
72.300000000,3,2,1.129315294,1.046007046,2.661835053,2.059034898,2.134818470,2.642485890,-0.929719604,-1.088811424,0.019349163,1.431874034,-0.100000000
72.400000000,3,0,-0.901503385,-1.012323099,2.650437756,-0.010843545,0.139195490,2.646022799,-0.890659840,-1.151518589,0.004414957,1.455777971,0.000000000
72.400000000,3,1,1.039713864,-1.078321118,2.666284783,2.003786167,0.065179337,2.635289411,-0.964072303,-1.143500455,0.030995372,1.495991112,-0.100000000
72.400000000,3,2,1.108053656,0.946565256,2.623239709,2.064418555,2.109800002,2.608449422,-0.956364899,-1.163234746,0.014790288,1.505977306,-0.100000000
72.500000000,3,0,-0.979507613,-1.052564211,2.616636924,-0.017674477,0.110488588,2.602494632,-0.961833136,-1.163052799,0.014142292,1.509309378,0.000000000
72.500000000,3,1,1.006617864,-1.109500387,2.624641453,2.002439770,0.030858012,2.591101657,-0.995821907,-1.140358399,0.033539796,1.514332680,-0.100000000
72.500000000,3,2,1.121777474,0.878752680,2.588506063,2.069304638,2.080696823,2.565134089,-0.947527164,-1.201944143,0.023371974,1.530693862,-0.100000000
72.600000000,3,0,-1.031434122,-1.035323363,2.596362130,-0.022155384,0.087403069,2.564159729,-1.009278738,-1.122726432,0.032202402,1.510031526,0.000000000
72.600000000,3,1,0.949623810,-1.124712237,2.593961455,2.001288983,0.004633134,2.552185193,-1.051665172,-1.129345371,0.041776261,1.543750582,-0.100000000
72.600000000,3,2,1.054999477,0.854605333,2.568339328,2.072041533,2.057558552,2.526835021,-1.017042056,-1.202953219,0.041504307,1.575815218,-0.100000000
72.700000000,3,0,-1.020806507,-1.062767513,2.549617884,-0.025425054,0.066154326,2.525348287,-0.995381453,-1.128921839,0.024269596,1.505269999,0.000000000
72.700000000,3,1,0.997282079,-1.153293490,2.551011913,2.000124049,-0.018239199,2.512956588,-1.002841971,-1.135054290,0.038055325,1.515086951,-0.100000000
72.700000000,3,2,1.070568347,0.858671979,2.522817579,2.073541875,2.036506652,2.488125918,-1.002973528,-1.177834673,0.034691661,1.547402316,-0.100000000
72.800000000,3,0,-1.068248513,-1.101421481,2.519413501,-0.027778492,0.044844754,2.481818955,-1.040470021,-1.146266235,0.037594546,1.548521067,0.000000000
72.800000000,3,1,0.971927690,-1.194251595,2.518695824,1.998787618,-0.039764001,2.469328031,-1.026859928,-1.154487594,0.049367793,1.545871954,-0.100000000
72.800000000,3,2,1.030406775,0.849474166,2.480830993,2.073932881,2.015635013,2.444824060,-1.043526106,-1.166160848,0.036006932,1.565303279,-0.100000000
72.900000000,3,0,-1.076743046,-1.122232102,2.481062005,-0.028884187,0.027256109,2.441177864,-1.047858859,-1.149488211,0.039884140,1.555931258,0.000000000
72.900000000,3,1,0.943673724,-1.248068671,2.475034992,1.997506084,-0.056290353,2.428965336,-1.053832360,-1.191778317,0.046069656,1.591546611,-0.100000000
72.900000000,3,2,1.025432817,0.815933860,2.437559477,2.073226714,1.998567703,2.404513089,-1.047793897,-1.182633843,0.033046387,1.580375564,-0.100000000
73.000000000,3,0,-1.060892523,-1.121090401,2.440412255,-0.029017080,0.008962132,2.392627651,-1.031875443,-1.130052533,0.047784604,1.531035279,0.000000000
73.000000000,3,1,0.936379562,-1.288631416,2.436736750,1.995932023,-0.072044030,2.380971523,-1.059552461,-1.216587386,0.055765228,1.614263314,-0.100000000
73.000000000,3,2,1.071231551,0.775544357,2.391420332,2.071205455,1.980930734,2.356183679,-0.999973904,-1.205386377,0.035236654,1.566571335,-0.100000000
73.100000000,3,0,-1.025038235,-1.171685276,2.399715209,-0.028343771,-0.003557404,2.354048027,-0.996694464,-1.168127872,0.045667182,1.536231776,0.000000000
73.100000000,3,1,0.970019052,-1.355488500,2.405260883,1.994639454,-0.081730853,2.343017170,-1.024620402,-1.273757647,0.062243713,1.635903356,-0.100000000
73.100000000,3,2,1.094579712,0.760120404,2.332030429,2.068810345,1.968946879,2.317767851,-0.974230633,-1.208826475,0.014262577,1.552607547,-0.100000000
73.200000000,3,0,-0.983798740,-1.161922241,2.372354232,-0.026999053,-0.015130615,2.312626790,-0.956799687,-1.146791626,0.059727442,1.494712027,0.000000000
73.200000000,3,1,1.058935781,-1.268641483,2.362399341,1.993216851,-0.089609476,2.302435334,-0.934281070,-1.179032008,0.059964007,1.505520931,-0.100000000
73.200000000,3,2,1.057165260,0.740918204,2.289789918,2.065593135,1.957962782,2.276462199,-1.008427875,-1.217044578,0.013327718,1.580601756,-0.100000000
73.300000000,3,0,-1.066288229,-1.201548604,2.328866917,-0.024714732,-0.026762359,2.262189882,-1.041573497,-1.174786244,0.066677035,1.571446435,0.000000000
73.300000000,3,1,1.014909537,-1.266994545,2.307530148,1.991465336,-0.096056174,2.253384097,-0.976555799,-1.170938371,0.054146051,1.525676798,-0.100000000
73.300000000,3,2,1.123955982,0.796346796,2.246723710,2.060952722,1.947039597,2.226198372,-0.936996740,-1.150692801,0.020525338,1.484074830,-0.100000000
73.400000000,3,0,-1.086122663,-1.171663868,2.297175133,-0.022420489,-0.034531380,2.220179915,-1.063702174,-1.137132488,0.076995218,1.558993545,0.000000000
73.400000000,3,1,0.903436324,-1.281430875,2.273407896,1.990003252,-0.099121051,2.212580641,-1.086566928,-1.182309824,0.060827255,1.606917597,-0.100000000
73.400000000,3,2,1.071452351,0.771605717,2.189404688,2.056624401,1.939826506,2.184280525,-0.985172050,-1.168220790,0.005124163,1.528178667,-0.100000000
73.500000000,3,0,-1.035935207,-1.189986845,2.235961856,-0.019626612,-0.041174082,2.174308537,-1.016308595,-1.148812763,0.061653318,1.535074935,0.000000000
73.500000000,3,1,0.914389281,-1.302055049,2.214379749,1.988403343,-0.100425141,2.168187525,-1.074014062,-1.201629908,0.046192224,1.612313358,-0.100000000
73.500000000,3,2,1.115101597,0.724627989,2.152774299,2.051569214,1.933749939,2.138785323,-0.936467617,-1.209121950,0.013988977,1.529425768,-0.100000000
73.600000000,3,0,-1.080163569,-1.217958571,2.202710773,-0.017078957,-0.045460764,2.135283428,-1.063084612,-1.172497807,0.067427345,1.584123242,0.000000000
73.600000000,3,1,0.945360926,-1.316752909,2.164710194,1.987035831,-0.100112258,2.130432029,-1.041674905,-1.216640652,0.034278165,1.602022495,-0.100000000
73.600000000,3,2,1.075665457,0.734169272,2.120900298,2.047085425,1.929907671,2.100153060,-0.971419968,-1.195738399,0.020747238,1.540739277,-0.100000000
73.700000000,3,0,-1.115191688,-1.214691048,2.166437879,-0.014008053,-0.049049453,2.089819343,-1.101183635,-1.165641595,0.076618536,1.605364795,0.000000000
73.700000000,3,1,0.927730879,-1.294179964,2.111814380,1.985425389,-0.098343593,2.086556828,-1.057694510,-1.195836371,0.025257552,1.596677878,-0.100000000
73.700000000,3,2,1.114829016,0.720594240,2.089551687,2.041764278,1.926800126,2.055161476,-0.926935262,-1.206205885,0.034390212,1.521618975,-0.100000000
73.800000000,3,0,-1.138512157,-1.191946751,2.129960138,-0.010599704,-0.051472281,2.039674255,-1.127912454,-1.140474471,0.090285883,1.606555341,0.000000000
73.800000000,3,1,0.886803596,-1.300906804,2.068443977,1.983616113,-0.094922626,2.038180078,-1.096812517,-1.205984177,0.030263900,1.630432899,-0.100000000
73.800000000,3,2,1.088754127,0.737826861,2.054328038,2.035872687,1.924876220,2.005481275,-0.947118560,-1.187049359,0.048846763,1.519376765,-0.100000000
73.900000000,3,0,-1.130618622,-1.238556918,2.086189501,-0.008186950,-0.052334582,2.003647614,-1.122431673,-1.186222336,0.082541887,1.635172607,0.000000000
73.900000000,3,1,0.881004581,-1.324533888,2.035456261,1.982298594,-0.091689900,2.003467161,-1.101294013,-1.232843988,0.031989100,1.653413471,-0.100000000
73.900000000,3,2,1.004807849,0.721558831,2.017680291,2.031686507,1.924350901,1.969852136,-1.026878658,-1.202792070,0.047828155,1.582237679,-0.100000000
74.000000000,3,0,-1.049200934,-1.274952570,2.044909908,-0.004690627,-0.052408310,1.949434360,-1.044510307,-1.222544260,0.095475548,1.610817131,0.000000000
74.000000000,3,1,0.884516589,-1.320949351,2.015385269,1.980300749,-0.085841036,1.951132858,-1.095784160,-1.235108314,0.064252411,1.652381265,-0.100000000
74.000000000,3,2,0.991087165,0.686428491,1.984906596,2.025515167,1.924736356,1.915975100,-1.034428002,-1.238307865,0.068931496,1.614992015,-0.100000000
74.100000000,3,0,-1.015436430,-1.268249513,2.000127101,-0.002081616,-0.051525359,1.905956028,-1.013354814,-1.216724154,0.094171074,1.586245201,0.000000000
74.100000000,3,1,0.924117379,-1.279296473,1.973998063,1.978706179,-0.080462833,1.909126130,-1.054588800,-1.198833640,0.064871932,1.597988736,-0.100000000
74.100000000,3,2,1.003374958,0.700733557,1.936449158,2.020728287,1.925943860,1.872576581,-1.017353329,-1.225210304,0.063872577,1.593809208,-0.100000000
74.200000000,3,0,-1.052522898,-1.234900374,1.954451508,0.000350712,-0.049880000,1.861619375,-1.052873610,-1.185020374,0.092832133,1.587902368,0.000000000
74.200000000,3,1,0.903100469,-1.261229468,1.933080397,1.977110143,-0.074487350,1.866079996,-1.074009675,-1.186742118,0.067000401,1.601980865,-0.100000000
74.200000000,3,2,1.005882274,0.770888836,1.890986230,2.016023395,1.927896858,1.828009123,-1.010141121,-1.157008022,0.062977107,1.537211359,-0.100000000
74.300000000,3,0,-1.019006427,-1.201515184,1.897351638,0.002453415,-0.047692518,1.819060472,-1.021459842,-1.153822666,0.078291166,1.542989456,0.000000000
74.300000000,3,1,0.870370211,-1.232528729,1.887565468,1.975655243,-0.068428310,1.824868737,-1.105285032,-1.164100419,0.062696732,1.606460602,-0.100000000
74.300000000,3,2,0.976683384,0.787861763,1.849467611,2.011706044,1.930371213,1.785091015,-1.035022660,-1.142509450,0.064376596,1.542966006,-0.100000000
74.400000000,3,0,-1.015806379,-1.172133959,1.821095749,0.004423017,-0.044878682,1.774597484,-1.020229396,-1.127255277,0.046498264,1.521096502,0.000000000
74.400000000,3,1,0.882669634,-1.220983312,1.849442464,1.974243345,-0.061883673,1.782135163,-1.091573710,-1.159099640,0.067307301,1.593604535,-0.100000000
74.400000000,3,2,0.933241210,0.807529872,1.809202804,2.007443601,1.933497953,1.740254996,-1.074202392,-1.125968081,0.068947808,1.557712649,-0.100000000
74.500000000,3,0,-1.097631800,-1.159390211,1.777001417,0.006171962,-0.041634057,1.729797142,-1.103803762,-1.117756154,0.047204275,1.571620122,0.000000000
74.500000000,3,1,0.874898414,-1.180006338,1.786867736,1.972947866,-0.055199529,1.739797315,-1.098049452,-1.124806809,0.047070421,1.572615204,-0.100000000
74.500000000,3,2,0.929750872,0.811638250,1.767586903,2.003472402,1.937099058,1.695496432,-1.073721530,-1.125460808,0.072090471,1.557156701,-0.100000000
74.600000000,3,0,-1.121624908,-1.139198286,1.722971285,0.007673939,-0.038136293,1.685759509,-1.129298847,-1.101061993,0.037211777,1.577668569,0.000000000
74.600000000,3,1,0.869558921,-1.175966924,1.744932823,1.971799185,-0.048592511,1.698662157,-1.102240264,-1.127374413,0.046270666,1.577354634,-0.100000000
74.600000000,3,2,0.960562405,0.802184606,1.726904788,1.999907921,1.940998072,1.651785276,-1.039345515,-1.138813466,0.075119512,1.543625004,-0.100000000
74.700000000,3,0,-1.076585807,-1.173871931,1.687623035,0.009236110,-0.033610236,1.632717071,-1.085821917,-1.140261695,0.054905964,1.575506469,0.000000000
74.700000000,3,1,0.903986963,-1.219334920,1.717951918,1.970593980,-0.040619532,1.649231508,-1.066607017,-1.178715388,0.068720410,1.591145182,-0.100000000
74.700000000,3,2,0.962723615,0.772240049,1.681103426,1.996044621,1.946068576,1.599089743,-1.033321006,-1.173828527,0.082013683,1.565998709,-0.100000000
74.800000000,3,0,-1.073761440,-1.186222958,1.641095744,0.010406633,-0.029551929,1.587141586,-1.084168072,-1.156671030,0.053954158,1.586259541,0.000000000
74.800000000,3,1,0.901135447,-1.222601259,1.690383380,1.969731079,-0.033819146,1.606548828,-1.068595632,-1.188782112,0.083834553,1.600664789,-0.100000000
74.800000000,3,2,0.916576809,0.709895741,1.630749457,1.993090617,1.950675955,1.553972889,-1.076513809,-1.240780214,0.076776568,1.644479298,-0.100000000
74.900000000,3,0,-1.085495239,-1.234701257,1.603284277,0.011361954,-0.025786150,1.545157543,-1.096857193,-1.208915107,0.058126734,1.633386101,0.000000000
74.900000000,3,1,0.881926713,-1.268803880,1.635380155,1.969075777,-0.027655184,1.567177905,-1.087149064,-1.241148697,0.068202250,1.651361475,-0.100000000
74.900000000,3,2,0.953283745,0.687286294,1.576424172,1.990664973,1.955079923,1.512868573,-1.037381228,-1.267793629,0.063555599,1.639359574,-0.100000000
75.000000000,3,0,-1.083811677,-1.243938936,1.556082788,0.012250189,-0.021807178,1.500390852,-1.096061865,-1.222131758,0.055691936,1.642577011,0.000000000
75.000000000,3,1,0.895526940,-1.306805096,1.574165014,1.968522534,-0.021220755,1.525068643,-1.072995594,-1.285584341,0.049096371,1.675248369,-0.100000000
75.000000000,3,2,0.937986993,0.696748363,1.536950223,1.988370966,1.959917092,1.469438862,-1.050383972,-1.263168730,0.067511361,1.644220032,-0.100000000
75.100000000,3,0,-1.105198640,-1.212130861,1.511873786,0.013012053,-0.017819330,1.454457647,-1.118210693,-1.194311531,0.057416139,1.637092484,0.000000000
75.100000000,3,1,0.886706919,-1.276704244,1.528231377,1.968129793,-0.014857181,1.482072451,-1.081422873,-1.261847063,0.046158926,1.662487319,-0.100000000
75.100000000,3,2,0.951663147,0.697209140,1.494155232,1.986324930,1.964949279,1.425512354,-1.034661783,-1.267740139,0.068642878,1.637803990,-0.100000000
75.200000000,3,0,-1.128034131,-1.192721201,1.466595734,0.013499457,-0.014783513,1.418413127,-1.141533589,-1.177937688,0.048182606,1.641023368,0.000000000
75.200000000,3,1,0.821508679,-1.260192831,1.494439182,1.967961365,-0.010079938,1.448487366,-1.146452687,-1.250112893,0.045951816,1.696834576,-0.100000000
75.200000000,3,2,0.923026781,0.732845700,1.434178138,1.984928947,1.968891197,1.391474107,-1.061902166,-1.236045498,0.042704031,1.630112977,-0.100000000
75.300000000,3,0,-1.114375945,-1.195110818,1.414965833,0.014059571,-0.010241741,1.361674492,-1.128435516,-1.184869077,0.053291341,1.637107635,0.000000000
75.300000000,3,1,0.827544517,-1.276771490,1.431483484,1.967937778,-0.003003382,1.395911485,-1.140393261,-1.273768108,0.035571999,1.710043084,-0.100000000
75.300000000,3,2,0.923078680,0.732393500,1.403918552,1.983079688,1.974960859,1.338604974,-1.060001008,-1.242567359,0.065313578,1.634576900,-0.100000000
75.400000000,3,0,-1.050874379,-1.220392690,1.359272952,0.014354849,-0.006438158,1.310511170,-1.065229228,-1.213954532,0.048761782,1.615789783,0.000000000
75.400000000,3,1,0.888159473,-1.213750668,1.388126463,1.968116157,0.002917312,1.348718420,-1.079956684,-1.216667980,0.039408044,1.627310790,-0.100000000
75.400000000,3,2,0.890025198,0.740479238,1.362149581,1.981735717,1.980195972,1.291016586,-1.091710519,-1.239716734,0.071132995,1.653417473,-0.100000000
75.500000000,3,0,-1.047702194,-1.207649462,1.323737295,0.014463607,-0.003379619,1.266112653,-1.062165801,-1.204269844,0.057624642,1.606792658,0.000000000
75.500000000,3,1,0.920351568,-1.167208227,1.348544174,1.968361807,0.007708204,1.307860397,-1.048010239,-1.174916430,0.040683777,1.574931506,-0.100000000
75.500000000,3,2,0.954979434,0.782520353,1.315811844,1.980787252,1.984495715,1.249311360,-1.025807817,-1.201975361,0.066500484,1.581596902,-0.100000000
75.600000000,3,0,-1.035489185,-1.202273623,1.274872018,0.014460626,-0.000702682,1.223833343,-1.049949810,-1.201570941,0.051038674,1.596487481,0.000000000
75.600000000,3,1,0.912941975,-1.168943449,1.284497567,1.968630364,0.011964476,1.268888912,-1.055688389,-1.180907926,0.015608656,1.584066013,-0.100000000
75.600000000,3,2,0.950665056,0.805992459,1.259006589,1.980070554,1.988352342,1.209007834,-1.029405498,-1.182359884,0.049998755,1.568486675,-0.100000000
75.700000000,3,0,-0.993751794,-1.228717186,1.233213565,0.014360407,0.001844306,1.179000107,-1.008112201,-1.230561492,0.054213458,1.591700630,0.000000000
75.700000000,3,1,0.941182411,-1.207908747,1.237903495,1.968930471,0.016132011,1.227522188,-1.027748060,-1.224040758,0.010381307,1.598327133,-0.100000000
75.700000000,3,2,0.910872381,0.760045387,1.208410164,1.979515038,1.992188550,1.165819465,-1.068642658,-1.232143162,0.042590699,1.631559950,-0.100000000
75.800000000,3,0,-1.013168268,-1.215430764,1.184869336,0.014159502,0.004319878,1.128888950,-1.027327770,-1.219750642,0.055980386,1.595721711,0.000000000
75.800000000,3,1,0.961425078,-1.217353194,1.208800980,1.969287395,0.020367469,1.180985799,-1.007862317,-1.237720663,0.027815181,1.596406144,-0.100000000
75.800000000,3,2,0.903737682,0.711322655,1.160524202,1.979152645,1.996183358,1.117144247,-1.075414963,-1.284860704,0.043379955,1.676086570,-0.100000000
75.900000000,3,0,-1.008630178,-1.237591446,1.129158067,0.013983306,0.005822276,1.094227053,-1.022613483,-1.243413722,0.034931013,1.610290718,0.000000000
75.900000000,3,1,0.951438591,-1.229596295,1.152603338,1.969558018,0.023020735,1.148616316,-1.018119427,-1.252617030,0.003987023,1.614197165,-0.100000000
75.900000000,3,2,0.924562887,0.783996428,1.116788248,1.979057537,1.998757409,1.083402958,-1.054494649,-1.214760981,0.033385290,1.608949279,-0.100000000
76.000000000,3,0,-0.934079315,-1.196276659,1.093514799,0.013680098,0.007796072,1.042276785,-0.947759413,-1.204072731,0.051238014,1.533187653,0.000000000
76.000000000,3,1,0.978848555,-1.190981400,1.112230539,1.970010342,0.026567988,1.099270029,-0.991161786,-1.217549388,0.012960510,1.570030628,-0.100000000
76.000000000,3,2,0.911815292,0.851442064,1.055291234,1.979141421,2.002322526,1.032924269,-1.067326129,-1.150880462,0.022366966,1.569780617,-0.100000000
76.100000000,3,0,-0.949125368,-1.118344185,1.047850901,0.013339779,0.009367814,0.992254523,-0.962465147,-1.127711999,0.055596378,1.483632188,0.000000000
76.100000000,3,1,1.003119939,-1.095329832,1.075945866,1.970485066,0.029489273,1.050667412,-0.967365127,-1.124819104,0.025278453,1.483796585,-0.100000000
76.100000000,3,2,0.938907903,0.855255732,1.021293580,1.979482271,2.005377246,0.984348339,-1.040574368,-1.150121514,0.036945241,1.551431424,-0.100000000
76.200000000,3,0,-1.052968488,-1.092282516,1.005010430,0.013005062,0.010418924,0.949890213,-1.065973550,-1.102701440,0.055120217,1.534694860,0.000000000
76.200000000,3,1,0.969022920,-1.104829012,1.030207083,1.970924418,0.031602034,1.008562592,-1.001901497,-1.136431045,0.021644490,1.515173461,-0.100000000
76.200000000,3,2,0.959263079,0.884344136,0.983144014,1.979950062,2.007664318,0.942880953,-1.020686983,-1.123320182,0.040263062,1.518311978,-0.100000000
76.300000000,3,0,-1.035947287,-1.094818786,0.961564778,0.012624335,0.011207522,0.906143242,-1.048571622,-1.106026308,0.055421536,1.525079732,0.000000000
76.300000000,3,1,0.911808478,-1.128026599,0.985895869,1.971430227,0.033448098,0.964429934,-1.059621749,-1.161474696,0.021465936,1.572349359,-0.100000000
76.300000000,3,2,0.961628858,0.861091798,0.921459464,1.980575493,2.009740702,0.899906567,-1.018946635,-1.148648904,0.021552897,1.535614235,-0.100000000
76.400000000,3,0,-1.044394681,-1.089531838,0.916618697,0.012158217,0.011738268,0.858621598,-1.056552898,-1.101270106,0.057997099,1.527240497,0.000000000
76.400000000,3,1,0.908804039,-1.106854857,0.949279219,1.972062116,0.035089774,0.915562205,-1.063258077,-1.141944631,0.033717014,1.560670406,-0.100000000
76.400000000,3,2,1.010566690,0.831281679,0.895248129,1.981387570,2.011684756,0.852827312,-0.970820880,-1.180403078,0.042420817,1.528935621,-0.100000000
76.500000000,3,0,-1.083484554,-1.113922947,0.858294699,0.011776763,0.011933452,0.825569120,-1.095261317,-1.125856400,0.032725579,1.571057271,0.000000000
76.500000000,3,1,0.883515377,-1.135478446,0.891375409,1.972554712,0.036015568,0.880952437,-1.089039336,-1.171494014,0.010422972,1.599535413,-0.100000000
76.500000000,3,2,1.024572060,0.873149791,0.848203221,1.982027678,2.012833273,0.819827210,-0.957455618,-1.139683482,0.028376010,1.488759516,-0.100000000
76.600000000,3,0,-1.043501361,-1.102134359,0.829502503,0.011069355,0.012000946,0.776533242,-1.054570716,-1.114135306,0.052969261,1.534999224,0.000000000
76.600000000,3,1,0.853380570,-1.131495529,0.849674485,1.973365558,0.037068395,0.828622833,-1.119984988,-1.168563924,0.021051653,1.618749885,-0.100000000
76.600000000,3,2,0.954883739,0.831532838,0.792806467,1.983082690,2.014217766,0.770520329,-1.028198951,-1.182684927,0.022286138,1.567301309,-0.100000000
76.700000000,3,0,-1.018628571,-1.149667469,0.789528837,0.010213258,0.011828795,0.729649367,-1.028841829,-1.161496264,0.059879470,1.552795747,0.000000000
76.700000000,3,1,0.906339440,-1.139419826,0.803567506,1.974249688,0.037677680,0.777760643,-1.067910248,-1.177097506,0.025806863,1.589546108,-0.100000000
76.700000000,3,2,0.953723936,0.837773930,0.746679196,1.984182845,2.015183654,0.723310412,-1.030458909,-1.177409724,0.023368784,1.564827569,-0.100000000
76.800000000,3,0,-0.989857412,-1.155253584,0.746596253,0.009538296,0.011580201,0.697536813,-0.999395707,-1.166833785,0.049059441,1.537107573,0.000000000
76.800000000,3,1,0.971343861,-1.145584324,0.764427034,1.974916052,0.037860973,0.742450204,-1.003572191,-1.183445297,0.021976829,1.551832109,-0.100000000
76.800000000,3,2,0.962164011,0.892160362,0.711006135,1.984971356,2.015663358,0.690821010,-1.022807345,-1.123502996,0.020185125,1.519474017,-0.100000000
76.900000000,3,0,-0.968201259,-1.123098133,0.691261769,0.008439642,0.011035190,0.649766706,-0.976640902,-1.134133323,0.041495063,1.497266738,0.000000000
76.900000000,3,1,0.979813071,-1.116254539,0.702754128,1.975982696,0.037803307,0.689302189,-0.996169626,-1.154057846,0.013451939,1.524593188,-0.100000000
76.900000000,3,2,0.959295309,0.888231228,0.674340820,1.986197884,2.016163171,0.642487346,-1.026902576,-1.127931943,0.031853474,1.525704431,-0.100000000
77.000000000,3,0,-0.958550528,-1.125974969,0.657045045,0.007325537,0.010377005,0.604845343,-0.965876065,-1.136351973,0.052199703,1.492292595,0.000000000
77.000000000,3,1,0.992591967,-1.076314701,0.654184362,1.977040788,0.037426337,0.638566077,-0.984448822,-1.113741037,0.015618285,1.486540451,-0.100000000
77.000000000,3,2,0.980926106,0.874025661,0.620489596,1.987411362,2.016477092,0.596984692,-1.006485255,-1.142451430,0.023504904,1.522747622,-0.100000000
77.100000000,3,0,-0.970820293,-1.132108249,0.599815090,0.006339484,0.009748227,0.566691261,-0.977159777,-1.141856476,0.033123829,1.503254679,0.000000000
77.100000000,3,1,0.997634112,-1.094986886,0.597759385,1.977974752,0.036869638,0.594961941,-0.980340640,-1.131856524,0.002797444,1.497389324,-0.100000000
77.100000000,3,2,0.988075023,0.916023163,0.576538041,1.988457529,2.016667683,0.558204596,-1.000382506,-1.100644520,0.018333444,1.487454077,-0.100000000
77.200000000,3,0,-0.996318496,-1.125690958,0.556938753,0.005150904,0.008968674,0.521785842,-1.001469400,-1.134659632,0.035152911,1.513812792,0.000000000
77.200000000,3,1,0.976314035,-1.127944917,0.570794150,1.979115615,0.035951320,0.543578391,-1.002801580,-1.163896238,0.027215760,1.536556592,-0.100000000
77.200000000,3,2,0.989925084,0.876429857,0.541436873,1.989659913,2.016815454,0.512641641,-0.999734829,-1.140385597,0.028795232,1.516831633,-0.100000000
77.300000000,3,0,-1.016225482,-1.146554390,0.524935450,0.003978385,0.008224907,0.478805551,-1.020203867,-1.154779297,0.046129899,1.541576830,0.000000000
77.300000000,3,1,0.958687979,-1.165366185,0.525929835,1.980232341,0.034857903,0.495039166,-1.021544361,-1.200224089,0.030890669,1.576402543,-0.100000000
77.300000000,3,2,1.033099562,0.787990767,0.491556419,1.990756945,2.016895052,0.469281764,-0.957657383,-1.228904284,0.022274655,1.558142986,-0.100000000
77.400000000,3,0,-1.017382083,-1.224780674,0.493898507,0.003065029,0.007661699,0.446427888,-1.020447112,-1.232442373,0.047470618,1.600774804,0.000000000
77.400000000,3,1,0.939991231,-1.201487286,0.472989383,1.981073322,0.033931808,0.458842822,-1.041082092,-1.235419094,0.014146561,1.615646120,-0.100000000
77.400000000,3,2,1.071089703,0.720329871,0.454591394,1.991561719,2.016919211,0.436626743,-0.920472016,-1.296589339,0.017964651,1.590199791,-0.100000000
77.500000000,3,0,-0.993758728,-1.305071521,0.453607885,0.001628705,0.006743222,0.396986341,-0.995387433,-1.311814743,0.056621544,1.647683240,0.000000000
77.500000000,3,1,0.952273322,-1.247606076,0.426840266,1.982386161,0.032353546,0.404242448,-1.030112839,-1.279959622,0.022597818,1.643149341,-0.100000000
77.500000000,3,2,1.109865265,0.690831234,0.395924535,1.992808694,2.016920850,0.386589366,-0.882943429,-1.326089616,0.009335168,1.593169769,-0.100000000
77.600000000,3,0,-0.947003262,-1.341413067,0.425410022,0.000408097,0.005846535,0.355918437,-0.947411359,-1.347259602,0.069491585,1.648491978,0.000000000
77.600000000,3,1,0.970930095,-1.309960767,0.392572929,1.983567373,0.030834321,0.359433538,-1.012637279,-1.340795089,0.033139390,1.680554655,-0.100000000
77.600000000,3,2,1.138931735,0.666305126,0.370040656,1.993925234,2.016920675,0.344660185,-0.854993499,-1.350615549,0.025380472,1.598693346,-0.100000000
77.700000000,3,0,-0.919381834,-1.381228124,0.398954682,-0.000398192,0.005160740,0.329130625,-0.918983642,-1.386388864,0.069824057,1.664776386,0.000000000
77.700000000,3,1,0.991733265,-1.346892894,0.357050190,1.984396992,0.029704334,0.330482741,-0.992663727,-1.376597228,0.026567450,1.697382406,-0.100000000
77.700000000,3,2,1.080135101,0.654811244,0.338279521,1.994719153,2.016934224,0.317020326,-0.914584052,-1.362122980,0.021259195,1.640821427,-0.100000000
77.800000000,3,0,-0.946504479,-1.392562029,0.366297425,-0.001523075,0.004080652,0.293354844,-0.944981404,-1.396642681,0.072942581,1.687874774,0.000000000
77.800000000,3,1,1.029922389,-1.344267437,0.315103703,1.985573702,0.027945402,0.292379632,-0.955651313,-1.372212840,0.022724071,1.672349812,-0.100000000
77.800000000,3,2,1.060083479,0.637524755,0.295862118,1.995891249,2.016958744,0.279698239,-0.935807770,-1.379433989,0.016163878,1.666983978,-0.100000000
77.900000000,3,0,-0.956707087,-1.374678385,0.338744465,-0.002554159,0.003004434,0.264269182,-0.954152928,-1.377682820,0.074475283,1.677487505,0.000000000
77.900000000,3,1,1.012109850,-1.372577758,0.287336787,1.986580492,0.026213261,0.261954359,-0.974470641,-1.398791019,0.025382429,1.704949739,-0.100000000
77.900000000,3,2,1.015440335,0.618063233,0.261469518,1.996976565,2.016920451,0.248885350,-0.981536230,-1.398857218,0.012584168,1.708909960,-0.100000000
78.000000000,3,0,-0.910269361,-1.400143713,0.316760979,-0.003453360,0.002030224,0.242824252,-0.906816001,-1.402173937,0.073936728,1.671488453,0.000000000
78.000000000,3,1,1.029849184,-1.363762741,0.267684800,1.987350308,0.024697541,0.239901944,-0.957501124,-1.388460282,0.027782857,1.686832014,-0.100000000
78.000000000,3,2,1.000179443,0.601400550,0.253250691,1.997876280,2.016825013,0.225765925,-0.997696837,-1.415424463,0.027484766,1.731929791,-0.100000000
78.100000000,3,0,-0.875248448,-1.390761405,0.267749597,-0.004437433,0.000924748,0.223235266,-0.870811015,-1.391686153,0.044514331,1.642280031,0.000000000
78.100000000,3,1,1.114039404,-1.297763197,0.207940939,1.988055917,0.023101593,0.220089417,-0.874016512,-1.320864790,-0.012148478,1.583899063,-0.100000000
78.100000000,3,2,0.971645307,0.620329061,0.169274819,1.998792695,2.016698862,0.204332259,-1.027147388,-1.396369801,-0.035057440,1.733813543,-0.100000000
78.200000000,3,0,-0.869262735,-1.352776121,0.223530713,-0.005389804,-0.000154369,0.207364015,-0.863872931,-1.352621752,0.016166698,1.605030656,0.000000000
78.200000000,3,1,1.133497438,-1.301558948,0.160538631,1.988596586,0.021645839,0.204318322,-0.855099148,-1.323204787,-0.043779692,1.576065393,-0.100000000
78.200000000,3,2,1.016429335,0.657159247,0.128907268,1.999615397,2.016581610,0.186883258,-0.983186061,-1.359422363,-0.057975990,1.678703431,-0.100000000
78.300000000,3,0,-0.872737847,-1.339493247,0.185195166,-0.006659573,-0.001557453,0.189269453,-0.866078274,-1.337935794,-0.004074287,1.593794329,0.000000000
78.300000000,3,1,1.089934821,-1.327915959,0.120929402,1.989149258,0.019774330,0.186743807,-0.899214437,-1.347690289,-0.065814405,1.621476874,-0.100000000
78.300000000,3,2,1.064608047,0.677688442,0.095375294,2.000663639,2.016436059,0.167069572,-0.936055593,-1.338747617,-0.071694278,1.635110187,-0.100000000
78.400000000,3,0,-0.878948370,-1.357081368,0.152096367,-0.007934359,-0.002925195,0.173271518,-0.871014010,-1.354156173,-0.021175152,1.610233751,0.000000000
78.400000000,3,1,1.100240082,-1.346750239,0.088060298,1.989566733,0.017857208,0.171565327,-0.889326651,-1.364607447,-0.083505029,1.630959370,-0.100000000
78.400000000,3,2,1.105278656,0.680101091,0.067787799,2.001732482,2.016282759,0.149738337,-0.896453826,-1.336181667,-0.081950538,1.611125942,-0.100000000
78.500000000,3,0,-0.912889060,-1.342901410,0.124328101,-0.008750779,-0.003780534,0.163928177,-0.904138281,-1.339120876,-0.039600076,1.616254596,0.000000000
78.500000000,3,1,1.071029155,-1.327100952,0.060890095,1.989775136,0.016576330,0.162873391,-0.918745980,-1.343677282,-0.101983296,1.630939425,-0.100000000
78.500000000,3,2,1.135563937,0.650272235,0.047186763,2.002447676,2.016185129,0.139720440,-0.866883740,-1.365912895,-0.092533678,1.620422147,-0.100000000
78.600000000,3,0,-0.913534300,-1.354728583,0.106951637,-0.009870106,-0.004951471,0.152027525,-0.903664194,-1.349777112,-0.045075887,1.624973557,0.000000000
78.600000000,3,1,1.075099660,-1.340652115,0.037996063,1.989995957,0.014744376,0.151950148,-0.914896297,-1.355396491,-0.113954085,1.639243855,-0.100000000
78.600000000,3,2,1.137592078,0.685961668,0.025720442,2.003480174,2.016075767,0.127036115,-0.865888096,-1.330114098,-0.101315673,1.590355487,-0.100000000
78.700000000,3,0,-0.889739545,-1.315768332,0.085599525,-0.010891292,-0.006097512,0.141382671,-0.878848253,-1.309670821,-0.055783146,1.578202671,0.000000000
78.700000000,3,1,1.128626095,-1.329287490,0.022420914,1.990186270,0.012903141,0.142252377,-0.861560175,-1.342190631,-0.119831463,1.599412768,-0.100000000
78.700000000,3,2,1.086150837,0.727563318,0.008476789,2.004508645,2.016024108,0.115774505,-0.918357808,-1.288460790,-0.107297716,1.585883057,-0.100000000
78.800000000,3,0,-0.849761075,-1.285368829,0.062640421,-0.011504021,-0.006866072,0.134618725,-0.838257054,-1.278502757,-0.071978304,1.530498306,0.000000000
78.800000000,3,1,1.127170265,-1.275746824,0.009520219,1.990336330,0.011614403,0.136093039,-0.863166065,-1.287361227,-0.126572820,1.555112621,-0.100000000
78.800000000,3,2,1.099094545,0.700711703,-0.005811769,2.005187240,2.016032779,0.108670034,-0.906092695,-1.315321076,-0.114481804,1.601305588,-0.100000000
78.900000000,3,0,-0.846312307,-1.327990695,0.047962375,-0.012219161,-0.007861460,0.125920441,-0.834093146,-1.320129235,-0.077958067,1.563499292,0.000000000
78.900000000,3,1,1.141810103,-1.298663261,-0.000100523,1.990595669,0.009793049,0.128111452,-0.848785566,-1.308456310,-0.128211975,1.564906758,-0.100000000
78.900000000,3,2,1.140761323,0.738199118,-0.015395297,2.006047381,2.016120232,0.099584538,-0.865286057,-1.277921114,-0.114979834,1.547586087,-0.100000000
79.000000000,3,0,-0.864745267,-1.304613933,0.033527268,-0.012658379,-0.008484540,0.120249139,-0.852086887,-1.296129393,-0.086721871,1.553552107,0.000000000
79.000000000,3,1,1.167177823,-1.268141978,-0.012154547,1.990825412,0.008484547,0.122844646,-0.823647588,-1.276626526,-0.134999193,1.525252575,-0.100000000
79.000000000,3,2,1.140618842,0.744639250,-0.022761587,2.006589241,2.016245689,0.093660605,-0.865970399,-1.271606440,-0.116422192,1.542868042,-0.100000000
79.100000000,3,0,-0.847195958,-1.278804729,0.022375910,-0.013273496,-0.009201991,0.112904454,-0.833922461,-1.269602738,-0.090528544,1.521681044,0.000000000
79.100000000,3,1,1.162835438,-1.257855613,-0.019032249,1.991249683,0.006620997,0.115889208,-0.828414245,-1.264476609,-0.134921456,1.517687404,-0.100000000
79.100000000,3,2,1.143923834,0.772809667,-0.027719472,2.007283614,2.016483771,0.085807933,-0.863359781,-1.243674104,-0.113527405,1.518223917,-0.100000000
79.200000000,3,0,-0.791893014,-1.277911326,0.012950834,-0.013670607,-0.009506840,0.108848827,-0.778222407,-1.268404486,-0.095897993,1.491199678,0.000000000
79.200000000,3,1,1.164668072,-1.266160509,-0.023592788,1.991571607,0.005526817,0.111985467,-0.826903535,-1.271687326,-0.135578255,1.522937811,-0.100000000
79.200000000,3,2,1.144716277,0.813356882,-0.031331363,2.007670988,2.016624703,0.081357423,-0.862954711,-1.203267821,-0.112688786,1.485006076,-0.100000000
79.300000000,3,0,-0.747607596,-1.261234061,0.004745002,-0.014356765,-0.009763608,0.102894237,-0.733250831,-1.251470453,-0.098149235,1.453777269,0.000000000
79.300000000,3,1,1.178395534,-1.242167057,-0.026296250,1.992159581,0.003919674,0.106295575,-0.813764046,-1.246086731,-0.132591824,1.494163531,-0.100000000
79.300000000,3,2,1.143233547,0.802671941,-0.033221627,2.008237675,2.016814863,0.074915431,-0.865004128,-1.214142922,-0.108137058,1.494680167,-0.100000000
79.400000000,3,0,-0.803117038,-1.227953871,-0.003603699,-0.015080270,-0.009795654,0.097688564,-0.788036768,-1.218158217,-0.101292262,1.454362923,0.000000000
79.400000000,3,1,1.179416061,-1.227609958,-0.027997816,1.992749910,0.002575392,0.101435989,-0.813333850,-1.230185350,-0.129433804,1.480412462,-0.100000000
79.400000000,3,2,1.141828470,0.801654624,-0.033183355,2.008727309,2.016972612,0.069540838,-0.866898839,-1.215317989,-0.102724193,1.496350117,-0.100000000
79.500000000,3,0,-0.852650153,-1.192516210,-0.000275461,-0.015823332,-0.009697650,0.093159521,-0.836826821,-1.182818560,-0.093434981,1.451919064,0.000000000
79.500000000,3,1,1.190537276,-1.181189312,-0.029014018,1.993300026,0.001416362,0.097176479,-0.802762750,-1.182605674,-0.126190497,1.434889631,-0.100000000
79.500000000,3,2,1.162419868,0.784916791,-0.021320429,2.009162606,2.017121249,0.064907089,-0.846742738,-1.232204458,-0.086227517,1.497576801,-0.100000000
79.600000000,3,0,-0.839225689,-1.231817058,-0.002950060,-0.016378862,-0.009569141,0.090135181,-0.822846827,-1.222247917,-0.093085241,1.476357590,0.000000000
79.600000000,3,1,1.163260044,-1.213004657,-0.028196189,1.993687393,0.000629218,0.094240699,-0.830427349,-1.213633876,-0.122436888,1.475638017,-0.100000000
79.600000000,3,2,1.207387191,0.848729997,-0.019354318,2.009459120,2.017232664,0.061773957,-0.802071928,-1.168502667,-0.081128275,1.419612503,-0.100000000
79.700000000,3,0,-0.820975599,-1.200899200,-0.004582203,-0.016987291,-0.009380971,0.087094587,-0.803988308,-1.191518229,-0.091676790,1.440318549,0.000000000
79.700000000,3,1,1.147590548,-1.205123473,-0.028280570,1.994096392,-0.000174597,0.091134325,-0.846505844,-1.204948876,-0.119414895,1.477407816,-0.100000000
79.700000000,3,2,1.185690970,0.808534095,-0.016806157,2.009753470,2.017361510,0.058598418,-0.824062500,-1.208827415,-0.075404575,1.464932959,-0.100000000
79.800000000,3,0,-0.819389827,-1.199551327,-0.014611064,-0.017933333,-0.009013516,0.082931056,-0.801456494,-1.190537811,-0.097542120,1.438480885,-0.100000000
79.800000000,3,1,1.147342199,-1.227183003,-0.015964049,1.994696582,-0.001329351,0.086504678,-0.847354383,-1.225853652,-0.102468727,1.493729047,-0.100000000
79.800000000,3,2,1.141494087,0.798405999,-0.024020851,2.010075182,2.017523374,0.054981831,-0.868581094,-1.219117375,-0.079002682,1.498973554,-0.100000000
79.900000000,3,0,-0.915152565,-1.200832318,-0.005302787,-0.018457565,-0.008778612,0.080877415,-0.896695000,-1.192053706,-0.086180202,1.494148918,0.000000000
79.900000000,3,1,1.127665668,-1.191957710,-0.013874690,1.995023908,-0.001957060,0.084093922,-0.867358240,-1.190000650,-0.097968612,1.475808156,-0.100000000
79.900000000,3,2,1.238448162,0.813152210,-0.020152545,2.010073166,2.017524321,0.054993184,-0.771625004,-1.204372110,-0.075145729,1.432328247,-0.100000000
80.000000000,3,0,-0.894837458,-1.173272140,-0.013395660,-0.019244646,-0.008394090,0.078076803,-0.875592811,-1.164878051,-0.091472463,1.460127000,0.000000000
80.000000000,3,1,1.089110953,-1.185403246,-0.010581906,1.995530352,-0.002913774,0.080723995,-0.906419399,-1.182489472,-0.091305900,1.492720418,-0.100000000
80.000000000,3,2,1.230224985,0.819381363,-0.016725002,2.010072895,2.017524252,0.054992986,-0.779847910,-1.198142889,-0.071717988,1.431381366,-0.100000000
80.100000000,3,0,-0.817927369,-1.137630972,-0.010477298,-0.019774508,-0.008116534,0.076379129,-0.798152861,-1.129514438,-0.086856427,1.385783134,0.000000000
80.100000000,3,1,1.147231322,-1.179623606,-0.007121389,1.995882534,-0.003570743,0.078576797,-0.848651212,-1.176052863,-0.085698186,1.452808795,-0.100000000
80.100000000,3,2,1.186172182,0.860018764,-0.012815122,2.010072707,2.017524204,0.054992851,-0.823900526,-1.157505440,-0.067807972,1.422402489,-0.100000000
80.200000000,3,0,-0.761193038,-1.094554643,-0.008600458,-0.020484243,-0.007721030,0.074276317,-0.740708795,-1.086833612,-0.082876775,1.317848770,0.000000000
80.200000000,3,1,1.253539196,-1.112414673,-0.011078276,1.996367112,-0.004482694,0.075763432,-0.742827916,-1.107931978,-0.086841708,1.336730363,-0.100000000
80.200000000,3,2,1.201754991,0.886567775,-0.008432248,2.010072461,2.017524096,0.054992606,-0.808317469,-1.130956322,-0.063424854,1.391568196,-0.100000000
80.300000000,3,0,-0.732939591,-1.060657555,-0.007513594,-0.021208185,-0.007335357,0.072381487,-0.711731406,-1.053322198,-0.079895080,1.273747413,0.000000000
80.300000000,3,1,1.298431876,-1.075678945,-0.006715854,1.996846583,-0.005421928,0.073055267,-0.698414707,-1.070257017,-0.079771121,1.280467344,-0.100000000
80.300000000,3,2,1.216306458,0.938384408,-0.004355283,2.010072611,2.017523996,0.054990757,-0.793766153,-1.079139588,-0.059346040,1.340943291,-0.100000000
80.400000000,3,0,-0.731121716,-1.061735526,-0.013633269,-0.021710751,-0.007117159,0.071267808,-0.709410965,-1.054618368,-0.084901077,1.273849289,-0.100000000
80.400000000,3,1,1.305338742,-1.066897109,-0.002102625,1.997140433,-0.006051336,0.071314540,-0.691801691,-1.060845773,-0.073417166,1.268610820,-0.100000000
80.400000000,3,2,1.259164425,0.988829881,-0.000254760,2.010072427,2.017523995,0.054990628,-0.750908002,-1.028694114,-0.055245388,1.274804479,-0.100000000
80.500000000,3,0,-0.738817404,-1.050866415,-0.001782988,-0.022483006,-0.006894595,0.069841696,-0.716334399,-1.043971820,-0.071624684,1.268125477,0.000000000
80.500000000,3,1,1.283742582,-1.029905847,0.002450272,1.997513158,-0.006944344,0.068943937,-0.713770577,-1.022961504,-0.066493665,1.249135734,-0.100000000
80.500000000,3,2,1.268322829,0.942701562,0.003729132,2.010072161,2.017523995,0.054990444,-0.741749333,-1.074822432,-0.051261312,1.306928864,-0.100000000
80.600000000,3,0,-0.743566654,-1.071580773,0.001366190,-0.023067767,-0.006809025,0.068938204,-0.720498886,-1.064771749,-0.067572014,1.287409608,0.000000000
80.600000000,3,1,1.296907696,-1.059876329,0.007262229,1.997745634,-0.007538474,0.067369629,-0.700837938,-1.052337855,-0.060107399,1.265781054,-0.100000000
80.600000000,3,2,1.273928021,0.964354286,0.007955044,2.010071976,2.017523996,0.054990316,-0.736143955,-1.053169710,-0.047035271,1.285801959,-0.100000000
80.700000000,3,0,-0.741904959,-1.073057591,-0.003017016,-0.023972506,-0.006763244,0.059371010,-0.717932453,-1.066294347,-0.062388025,1.286974322,-0.100000000
80.700000000,3,1,1.371707279,-1.055101383,0.012491160,1.998024585,-0.008305109,0.059589689,-0.626317306,-1.046796273,-0.047098530,1.220767823,-0.100000000
80.700000000,3,2,1.284156781,0.968123769,0.018099685,2.010074576,2.017523991,0.054978348,-0.725917796,-1.049400222,-0.036878663,1.276541228,-0.100000000
80.800000000,3,0,-0.702685012,-1.040267500,-0.048998921,-0.024017855,-0.006721479,0.054892800,-0.678667157,-1.033546021,-0.103891721,1.240806180,0.000000000
80.800000000,3,1,1.334186478,-1.043008566,-0.045441666,1.998082124,-0.008535286,0.054403093,-0.663895646,-1.034473280,-0.099844759,1.233232084,-0.100000000
80.800000000,3,2,1.280639130,0.927100428,0.021819428,2.010074677,2.017523992,0.054978735,-0.729435548,-1.090423564,-0.033159307,1.312325915,-0.100000000
80.900000000,3,0,-0.718196528,-1.077490449,-0.080455155,-0.024018106,-0.006721557,0.054892694,-0.694178422,-1.070768892,-0.135347849,1.283257083,0.000000000
80.900000000,3,1,1.296753613,-1.062116533,-0.094450270,1.998082181,-0.008535406,0.054403361,-0.701328568,-1.053581127,-0.148853632,1.274383128,-0.100000000
80.900000000,3,2,1.269049624,0.943853444,0.025447339,2.010074748,2.017523992,0.054979012,-0.741025124,-1.073670547,-0.029531673,1.304898003,-0.100000000
81.000000000,3,0,-0.706885487,-1.092983222,-0.104623231,-0.024018473,-0.006721671,0.054892540,-0.682867014,-1.086261551,-0.159515770,1.292948876,0.000000000
81.000000000,3,1,1.305325741,-1.080278293,-0.128465603,1.998082265,-0.008535581,0.054403751,-0.692756524,-1.071742712,-0.182869354,1.289180066,-0.100000000
81.000000000,3,2,1.250416684,0.943711151,0.025012175,2.010074850,2.017523991,0.054979417,-0.759658166,-1.073812840,-0.029967242,1.315694714,-0.100000000
81.100000000,3,0,-0.703478057,-1.089198790,-0.153454278,-0.024018766,-0.006721875,0.054892389,-0.679459291,-1.082476916,-0.208346666,1.294924529,0.000000000
81.100000000,3,1,1.292387138,-1.091202648,-0.133816462,1.998082346,-0.008535750,0.054404127,-0.705695208,-1.082666898,-0.188220588,1.305986343,-0.100000000
81.100000000,3,2,1.285201921,0.959895346,0.028958874,2.010074949,2.017523993,0.054979808,-0.724873029,-1.057628646,-0.026020934,1.282457153,-0.100000000
81.200000000,3,0,-0.736276281,-1.044228517,-0.172149662,-0.024018982,-0.006722054,0.054892270,-0.712257299,-1.037506463,-0.227041933,1.278779950,0.000000000
81.200000000,3,1,1.276055627,-1.053328253,-0.169506139,1.998082409,-0.008535882,0.054404421,-0.722026782,-1.044792371,-0.223910559,1.289592847,-0.100000000
81.200000000,3,2,1.314167120,0.952213421,0.032976428,2.010075027,2.017523992,0.054980114,-0.695907907,-1.065310571,-0.022003686,1.272658081,-0.100000000
81.300000000,3,0,-0.786005702,-1.037439389,-0.185656461,-0.024019249,-0.006722249,0.054892130,-0.761986453,-1.030717139,-0.240548591,1.304172075,0.000000000
81.300000000,3,1,1.252492150,-1.077020480,-0.163813562,1.998082484,-0.008536039,0.054404769,-0.745590335,-1.068484441,-0.218218331,1.321053817,-0.100000000
81.300000000,3,2,1.357413750,0.965097185,0.036872213,2.010075119,2.017523992,0.054980477,-0.652661369,-1.052426807,-0.018108264,1.238505937,-0.100000000
81.400000000,3,0,-0.744294839,-1.051814150,-0.186338141,-0.024019471,-0.006722431,0.054892009,-0.720275367,-1.045091719,-0.241230150,1.291977279,0.000000000
81.400000000,3,1,1.221254386,-1.106193066,-0.170954944,1.998082549,-0.008536174,0.054405070,-0.776828163,-1.097656892,-0.225360015,1.363488094,-0.100000000
81.400000000,3,2,1.317698180,0.937580423,0.040950406,2.010075198,2.017523992,0.054980790,-0.692377018,-1.079943569,-0.014030384,1.282911103,-0.100000000
81.500000000,3,0,-0.725713868,-1.079984860,-0.198731840,-0.024019762,-0.006722746,0.054891832,-0.701694106,-1.073262114,-0.253623672,1.307130886,0.000000000
81.500000000,3,1,1.283773549,-1.110831433,-0.202367027,1.998082643,-0.008536371,0.054405508,-0.714309095,-1.102295062,-0.256772535,1.338366176,-0.100000000
81.500000000,3,2,1.328267133,0.897730878,0.044863617,2.010075313,2.017523992,0.054981245,-0.681808181,-1.119793114,-0.010117628,1.311068793,-0.100000000
81.600000000,3,0,-0.794496437,-1.105889670,-0.192587540,-0.024019952,-0.006722917,0.054891725,-0.770476485,-1.099166753,-0.247479265,1.364934998,0.000000000
81.600000000,3,1,1.278197954,-1.144215928,-0.204444699,1.998082701,-0.008536490,0.054405775,-0.719884747,-1.135679437,-0.258850474,1.369308366,-0.100000000
81.600000000,3,2,1.341038668,0.869129704,0.048816576,2.010075384,2.017523992,0.054981522,-0.669036716,-1.148394288,-0.006164946,1.329081478,-0.100000000
81.700000000,3,0,-0.860724184,-1.127419885,-0.191418479,-0.024020200,-0.006723107,0.054891593,-0.836703984,-1.120696778,-0.246310072,1.420106854,0.000000000
81.700000000,3,1,1.186729082,-1.197577697,-0.202241535,1.998082772,-0.008536638,0.054406103,-0.811353690,-1.189041059,-0.256647638,1.462183798,-0.100000000
81.700000000,3,2,1.350120252,0.811962381,0.052542692,2.010075470,2.017523992,0.054981863,-0.659955219,-1.205561611,-0.002439171,1.374381911,-0.100000000
81.800000000,3,0,-0.862292509,-1.155402546,-0.182541719,-0.024013820,-0.006723085,0.054863172,-0.838278689,-1.148679461,-0.237404891,1.441713129,0.000000000
81.800000000,3,1,1.155199918,-1.225386417,-0.198746357,1.998082860,-0.008536822,0.054406513,-0.842882942,-1.216849595,-0.253152870,1.501752632,-0.100000000
81.800000000,3,2,1.359022514,0.790116406,0.055903706,2.010075578,2.017523993,0.054982290,-0.651053065,-1.227407587,0.000921415,1.389388472,-0.100000000
81.900000000,3,0,-0.842998995,-1.152171050,-0.171317691,-0.024014181,-0.006723086,0.054863020,-0.818984814,-1.145447965,-0.226180711,1.426164394,0.000000000
81.900000000,3,1,1.171584375,-1.221268834,-0.195349114,1.998082942,-0.008536994,0.054406896,-0.826498567,-1.212731840,-0.249756010,1.488689511,-0.100000000
81.900000000,3,2,1.352699973,0.780287397,0.058767416,2.010075679,2.017523993,0.054982688,-0.657375706,-1.237236597,0.003784727,1.401039450,-0.100000000
82.000000000,3,0,-0.861284669,-1.180966681,-0.126880165,-0.024014412,-0.006723086,0.054862922,-0.837270257,-1.174243594,-0.181743087,1.453581801,0.000000000
82.000000000,3,1,1.174163510,-1.259288564,-0.184643913,1.998082996,-0.008537105,0.054407142,-0.823919485,-1.250751459,-0.239051055,1.516696389,-0.100000000
82.000000000,3,2,1.360291603,0.776842385,0.060834779,2.010075744,2.017523994,0.054982944,-0.649784142,-1.240681609,0.005851834,1.400551509,-0.100000000
82.100000000,3,0,-0.904320786,-1.227456511,-0.111718974,-0.024014773,-0.006723087,0.054862770,-0.880306013,-1.220733424,-0.166581744,1.514225296,0.000000000
82.100000000,3,1,1.142531146,-1.300671390,-0.168266137,1.998083078,-0.008537277,0.054407525,-0.855551932,-1.292134113,-0.222673662,1.565619121,-0.100000000
82.100000000,3,2,1.330921372,0.761003381,0.063239641,2.010075845,2.017523992,0.054983342,-0.679154473,-1.256520612,0.008256299,1.428342750,-0.100000000
