seq,timestamp,self_id,target_id,filtered_distance,gt_distance
0,4.532000,0,1,1.936635,2.000000
0,4.532000,0,2,2.879169,2.828427
0,4.532000,0,3,1.887114,2.000000
1,4.532000,0,1,1.968204,2.000000
1,4.532000,0,2,2.835151,2.828427
1,4.532000,0,3,2.049987,2.000000
2,4.572000,0,1,2.009386,2.000000
2,4.572000,0,2,2.866457,2.828427
2,4.572000,0,3,2.015249,2.000000
3,4.612000,0,1,2.001009,2.000000
3,4.612000,0,2,2.848079,2.828427
3,4.612000,0,3,2.006925,2.000000
4,4.654000,0,1,2.007258,2.000000
4,4.654000,0,2,2.855717,2.828427
4,4.654000,0,3,1.997290,2.000000
5,4.692000,0,1,2.029399,2.000000
5,4.692000,0,2,2.869756,2.828427
5,4.692000,0,3,2.022007,2.000000
6,4.732000,0,1,2.029539,2.000000
6,4.732000,0,2,2.862305,2.828427
6,4.732000,0,3,1.974782,2.000000
7,4.772000,0,1,1.996607,2.000000
7,4.772000,0,2,2.803946,2.828427
7,4.772000,0,3,1.972190,2.000000
8,4.812000,0,1,2.002163,2.000000
8,4.812000,0,2,2.820211,2.828427
8,4.812000,0,3,1.934542,2.000000
9,4.852000,0,1,1.988769,2.000000
9,4.852000,0,2,2.836234,2.828427
9,4.852000,0,3,1.929870,2.000000
10,4.892000,0,1,1.966402,2.000000
10,4.892000,0,2,2.807793,2.828427
10,4.892000,0,3,1.934188,2.000000
11,4.932000,0,1,1.980685,2.000000
11,4.932000,0,2,2.862876,2.828427
11,4.932000,0,3,1.954762,2.000000
12,4.972000,0,1,1.955977,2.000000
12,4.972000,0,2,2.877851,2.828427
12,4.972000,0,3,1.961870,2.000000
13,5.012000,0,1,1.961640,2.000000
13,5.012000,0,2,2.855013,2.828427
13,5.012000,0,3,1.987611,2.000000
14,5.054000,0,1,1.976253,2.000000
14,5.054000,0,2,2.832168,2.828427
14,5.054000,0,3,1.987183,2.000000
15,5.092000,0,1,2.000333,2.000000
15,5.092000,0,2,2.827805,2.828427
15,5.092000,0,3,1.980879,2.000000
16,5.132000,0,1,1.983920,2.000000
16,5.132000,0,2,2.784153,2.828427
16,5.132000,0,3,1.993140,2.000000
17,5.172000,0,1,2.015316,2.000000
17,5.172000,0,2,2.816635,2.828427
17,5.172000,0,3,1.990592,2.000000
18,5.212000,0,1,1.995226,2.000000
18,5.212000,0,2,2.814777,2.828427
18,5.212000,0,3,1.997111,2.000000
19,5.252000,0,1,2.015251,2.000000
19,5.252000,0,2,2.796809,2.828427
19,5.252000,0,3,2.004750,2.000000
20,5.292000,0,1,2.032506,2.000000
20,5.292000,0,2,2.803389,2.828427
20,5.292000,0,3,2.026716,2.000000
21,5.332000,0,1,2.042932,2.000000
21,5.332000,0,2,2.792866,2.828427
21,5.332000,0,3,2.002235,2.000000
22,5.372000,0,1,2.042895,2.000000
22,5.372000,0,2,2.796584,2.828427
22,5.372000,0,3,2.021586,2.000000
23,5.412000,0,1,2.045829,2.000000
23,5.412000,0,2,2.826939,2.828427
23,5.412000,0,3,2.045891,2.000000
24,5.452000,0,1,2.021183,2.000000
24,5.452000,0,2,2.855741,2.828427
24,5.452000,0,3,2.074475,2.000000
25,5.492000,0,1,1.980608,2.000000
25,5.492000,0,2,2.850592,2.828427
25,5.492000,0,3,2.056197,2.000000
26,5.532000,0,1,1.967185,2.000000
26,5.532000,0,2,2.871326,2.828427
26,5.532000,0,3,2.028459,2.000000
27,5.572000,0,1,1.993097,2.000000
27,5.572000,0,2,2.871263,2.828427
27,5.572000,0,3,2.019400,2.000000
28,5.612000,0,1,2.001554,2.000000
28,5.612000,0,2,2.851428,2.828427
28,5.612000,0,3,2.004951,2.000000
29,5.652000,0,1,2.009836,2.000000
29,5.652000,0,2,2.827576,2.828427
29,5.652000,0,3,1.966081,2.000000
30,5.692000,0,1,2.034949,2.000000
30,5.692000,0,2,2.834126,2.828427
30,5.692000,0,3,1.978516,2.000000
31,5.732000,0,1,2.039047,2.000000
31,5.732000,0,2,2.851988,2.828427
31,5.732000,0,3,2.012362,2.000000
32,5.772000,0,1,2.027428,2.000000
32,5.772000,0,2,2.827014,2.828427
32,5.772000,0,3,2.019634,2.000000
33,5.816000,0,1,2.036469,2.000000
33,5.816000,0,2,2.833279,2.828427
33,5.816000,0,3,2.019905,2.000000
34,5.852000,0,1,2.038292,2.000000
34,5.852000,0,2,2.856696,2.828427
34,5.852000,0,3,2.020876,2.000000
35,5.892000,0,1,2.023710,2.000000
35,5.892000,0,2,2.857964,2.828427
35,5.892000,0,3,2.008294,2.000000
36,5.932000,0,1,2.045293,2.000000
36,5.932000,0,2,2.840555,2.828427
36,5.932000,0,3,1.990690,2.000000
37,5.972000,0,1,2.031003,2.000000
37,5.972000,0,2,2.856366,2.828427
37,5.972000,0,3,2.021028,2.000000
38,6.012000,0,1,2.052954,2.000000
38,6.012000,0,2,2.870819,2.828427
38,6.012000,0,3,2.021126,2.000000
39,6.052000,0,1,2.035995,2.000000
39,6.052000,0,2,2.865033,2.828427
39,6.052000,0,3,2.029851,2.000000
40,6.092000,0,1,2.054567,2.000000
40,6.092000,0,2,2.853928,2.828427
40,6.092000,0,3,2.015776,2.000000
41,6.132000,0,1,2.041067,2.000000
41,6.132000,0,2,2.815827,2.828427
41,6.132000,0,3,2.038636,2.000000
42,6.172000,0,1,2.037865,2.000000
42,6.172000,0,2,2.795842,2.828427
42,6.172000,0,3,1.997625,2.000000
43,6.212000,0,1,1.993911,2.000000
43,6.212000,0,2,2.797035,2.828427
43,6.212000,0,3,2.031741,2.000000
44,6.252000,0,1,1.978330,2.000000
44,6.252000,0,2,2.804237,2.828427
44,6.252000,0,3,2.024794,2.000000
45,6.292000,0,1,1.969705,2.000000
45,6.292000,0,2,2.808723,2.828427
45,6.292000,0,3,2.028553,2.000000
46,6.332000,0,1,1.986205,2.000000
46,6.332000,0,2,2.835179,2.828427
46,6.332000,0,3,2.014566,2.000000
47,6.372000,0,1,1.999920,2.000000
47,6.372000,0,2,2.848528,2.828427
47,6.372000,0,3,2.008925,2.000000
48,6.412000,0,1,2.014380,2.000000
48,6.412000,0,2,2.836159,2.828427
48,6.412000,0,3,2.007890,2.000000
49,6.452000,0,1,2.036154,2.000000
49,6.452000,0,3,2.030831,2.000000
50,6.492000,0,1,2.055566,2.000000
50,6.492000,0,2,2.822857,2.828427
50,6.492000,0,3,2.033962,2.000000
51,6.532000,0,1,2.053520,2.000000
51,6.532000,0,2,2.854547,2.828427
51,6.532000,0,3,2.020444,2.000000
52,6.572000,0,1,2.054574,2.000000
52,6.572000,0,2,2.862839,2.828427
52,6.572000,0,3,2.025634,2.000000
53,6.612000,0,1,2.078262,2.000000
53,6.612000,0,2,2.861068,2.828427
53,6.612000,0,3,1.993551,2.000000
54,6.652000,0,1,2.086220,2.000000
54,6.652000,0,2,2.866216,2.828427
54,6.652000,0,3,1.979253,2.000000
55,6.692000,0,1,2.041213,2.000000
55,6.692000,0,2,2.863995,2.828427
55,6.692000,0,3,1.972615,2.000000
56,6.732000,0,1,2.033537,2.000000
56,6.732000,0,2,2.855954,2.828427
56,6.732000,0,3,2.005301,2.000000
57,6.772000,0,1,2.020335,2.000000
57,6.772000,0,2,2.855471,2.828427
57,6.772000,0,3,2.009350,2.000000
58,6.812000,0,1,1.981914,2.000000
58,6.812000,0,2,2.853705,2.828427
58,6.812000,0,3,2.012823,2.000000
59,6.852000,0,1,1.982249,2.000000
59,6.852000,0,2,2.872916,2.828427
59,6.852000,0,3,2.022121,2.000000
60,6.892000,0,1,1.999427,2.000000
60,6.892000,0,2,2.876876,2.828427
60,6.892000,0,3,2.022857,2.000000
61,6.932000,0,1,2.009650,2.000000
61,6.932000,0,2,2.830250,2.828427
61,6.932000,0,3,1.994882,2.000000
62,6.972000,0,1,2.053518,2.000000
62,6.972000,0,2,2.820489,2.828427
62,6.972000,0,3,1.975427,2.000000
63,7.012000,0,1,2.071172,2.000000
63,7.012000,0,2,2.831301,2.828427
63,7.012000,0,3,1.974371,2.000000
64,7.052000,0,1,2.068020,2.000000
64,7.052000,0,2,2.807828,2.828427
64,7.052000,0,3,1.968757,2.000000
65,7.092000,0,1,2.042703,2.000000
65,7.092000,0,2,2.806177,2.828427
65,7.092000,0,3,1.968212,2.000000
66,7.132000,0,1,1.994831,2.000000
66,7.132000,0,2,2.838225,2.828427
66,7.132000,0,3,1.949186,2.000000
67,7.172000,0,1,1.976269,2.000000
67,7.172000,0,2,2.830321,2.828427
67,7.172000,0,3,1.979366,2.000000
68,7.212000,0,1,1.964906,2.000000
68,7.212000,0,2,2.831308,2.828427
68,7.212000,0,3,1.970528,2.000000
69,7.252000,0,1,1.969886,2.000000
69,7.252000,0,2,2.843350,2.828427
69,7.252000,0,3,1.954737,2.000000
70,7.292000,0,1,1.986418,2.000000
70,7.292000,0,2,2.857575,2.828427
70,7.292000,0,3,1.956068,2.000000
71,7.332000,0,1,2.013812,2.000000
71,7.332000,0,2,2.847968,2.828427
71,7.332000,0,3,1.999139,2.000000
72,7.372000,0,1,2.002168,2.000000
72,7.372000,0,2,2.869733,2.828427
72,7.372000,0,3,1.971310,2.000000
73,7.412000,0,1,2.001917,2.000000
73,7.412000,0,2,2.879825,2.828427
73,7.412000,0,3,2.005832,2.000000
74,7.452000,0,1,1.966868,2.000000
74,7.452000,0,2,2.864027,2.828427
74,7.452000,0,3,2.023208,2.000000
75,7.492000,0,1,1.969671,2.000000
75,7.492000,0,2,2.838732,2.828427
75,7.492000,0,3,2.034303,2.000000
76,7.534000,0,1,1.974190,2.000000
76,7.534000,0,2,2.840126,2.828427
76,7.534000,0,3,2.029150,2.000000
77,7.572000,0,1,1.939466,2.000000
77,7.572000,0,2,2.808922,2.828427
77,7.572000,0,3,2.054511,2.000000
78,7.612000,0,1,1.936438,2.000000
78,7.612000,0,2,2.784272,2.828427
78,7.612000,0,3,2.011617,2.000000
79,7.652000,0,1,1.954644,2.000000
79,7.652000,0,2,2.780223,2.828427
79,7.652000,0,3,1.997801,2.000000
80,7.692000,0,1,1.981670,2.000000
80,7.692000,0,2,2.793031,2.828427
80,7.692000,0,3,2.012803,2.000000
81,7.732000,0,1,1.980064,2.000000
81,7.732000,0,2,2.801811,2.828427
81,7.732000,0,3,2.002803,2.000000
82,7.772000,0,1,2.013804,2.000000
82,7.772000,0,2,2.811215,2.828427
82,7.772000,0,3,1.960101,2.000000
83,7.812000,0,1,2.024320,2.000000
83,7.812000,0,2,2.831068,2.828427
83,7.812000,0,3,1.976014,2.000000
84,7.852000,0,1,2.024726,2.000000
84,7.852000,0,2,2.833970,2.828427
84,7.852000,0,3,1.985142,2.000000
85,7.892000,0,1,2.013211,2.000000
85,7.892000,0,2,2.829682,2.828427
85,7.892000,0,3,1.969209,2.000000
86,7.932000,0,1,2.013693,2.000000
86,7.932000,0,2,2.822458,2.828427
86,7.932000,0,3,1.959481,2.000000
87,7.972000,0,1,1.987062,2.000000
87,7.972000,0,2,2.848078,2.828427
87,7.972000,0,3,1.971830,2.000000
88,8.012000,0,1,1.987227,2.000000
88,8.012000,0,2,2.809680,2.828427
88,8.012000,0,3,1.970590,2.000000
89,8.052000,0,1,2.006203,2.000000
89,8.052000,0,2,2.845833,2.828427
89,8.052000,0,3,1.986107,2.000000
90,8.092000,0,1,1.986692,2.000000
90,8.092000,0,2,2.855739,2.828427
90,8.092000,0,3,1.984447,2.000000
91,8.132000,0,1,1.978594,2.000000
91,8.132000,0,2,2.858826,2.828427
91,8.132000,0,3,2.002708,2.000000
92,8.172000,0,1,2.018573,2.000000
92,8.172000,0,2,2.798553,2.828427
92,8.172000,0,3,2.038470,2.000000
93,8.212000,0,1,2.022602,2.000000
93,8.212000,0,2,2.823909,2.828427
93,8.212000,0,3,2.042160,2.000000
94,8.252000,0,1,2.012684,2.000000
94,8.252000,0,2,2.757484,2.828427
94,8.252000,0,3,2.017838,2.000000
95,8.292000,0,1,2.024431,2.000000
95,8.292000,0,2,2.733861,2.828427
95,8.292000,0,3,2.046602,2.000000
96,8.332000,0,1,1.998119,2.000000
96,8.332000,0,2,2.749560,2.828427
96,8.332000,0,3,2.027012,2.000000
97,8.372000,0,1,1.993336,2.000000
97,8.372000,0,2,2.763848,2.828427
97,8.372000,0,3,2.003535,2.000000
98,8.412000,0,1,1.986792,2.000000
98,8.412000,0,2,2.802599,2.828427
98,8.412000,0,3,1.993881,2.000000
99,8.452000,0,1,1.992257,2.000000
99,8.452000,0,2,2.855939,2.828427
99,8.452000,0,3,2.034613,2.000000
100,8.492000,0,1,1.999169,2.000000
100,8.492000,0,2,2.882508,2.828427
100,8.492000,0,3,1.997916,2.000000
101,8.532000,0,1,2.050029,2.000000
101,8.532000,0,2,2.861852,2.828427
101,8.532000,0,3,1.995901,2.000000
102,8.572000,0,1,2.041988,2.000000
102,8.572000,0,2,2.912116,2.828427
102,8.572000,0,3,2.018229,2.000000
103,8.612000,0,1,2.034142,2.000000
103,8.612000,0,2,2.896194,2.828427
103,8.612000,0,3,2.029026,2.000000
104,8.652000,0,1,2.005352,2.000000
104,8.652000,0,2,2.873349,2.828427
104,8.652000,0,3,2.007823,2.000000
105,8.692000,0,1,2.006807,2.000000
105,8.692000,0,2,2.860131,2.828427
105,8.692000,0,3,2.011967,2.000000
106,8.732000,0,1,1.988958,2.000000
106,8.732000,0,2,2.868837,2.828427
106,8.732000,0,3,2.031480,2.000000
107,8.772000,0,1,1.972079,2.000000
107,8.772000,0,2,2.859370,2.828427
107,8.772000,0,3,2.033580,2.000000
108,8.812000,0,1,2.004669,2.000000
108,8.812000,0,2,2.821640,2.828427
108,8.812000,0,3,2.021146,2.000000
109,8.852000,0,1,2.018617,2.000000
109,8.852000,0,2,2.834214,2.828427
109,8.852000,0,3,2.040564,2.000000
110,8.892000,0,1,2.003167,2.000000
110,8.892000,0,2,2.826539,2.828427
110,8.892000,0,3,2.022093,2.000000
111,8.932000,0,1,1.961590,2.000000
111,8.932000,0,2,2.807234,2.828427
111,8.932000,0,3,2.032441,2.000000
112,8.972000,0,1,1.945915,2.000000
112,8.972000,0,2,2.772699,2.828427
112,8.972000,0,3,1.990246,2.000000
113,9.012000,0,1,1.884955,2.000000
113,9.012000,0,2,2.809398,2.828427
113,9.012000,0,3,1.991849,2.000000
114,9.054000,0,1,1.861115,2.000000
114,9.054000,0,2,2.758526,2.828427
114,9.054000,0,3,1.967456,2.000000
115,9.092000,0,1,1.866363,2.000000
115,9.092000,0,2,2.745516,2.828427
115,9.092000,0,3,1.970704,2.000000
116,9.132000,0,1,1.889088,2.000000
116,9.132000,0,2,2.763941,2.828427
116,9.132000,0,3,1.954015,2.000000
117,9.172000,0,1,1.913097,2.000000
117,9.172000,0,2,2.795170,2.828427
117,9.172000,0,3,1.956012,2.000000
118,9.212000,0,1,1.925424,2.000000
118,9.212000,0,2,2.764723,2.828427
118,9.212000,0,3,1.947533,2.000000
119,9.252000,0,1,1.966282,2.000000
119,9.252000,0,2,2.776528,2.828427
119,9.252000,0,3,1.913978,2.000000
120,9.292000,0,1,1.954787,2.000000
120,9.292000,0,2,2.773463,2.828427
120,9.292000,0,3,1.933358,2.000000
121,9.332000,0,1,1.936551,2.000000
121,9.332000,0,2,2.766684,2.828427
121,9.332000,0,3,1.943160,2.000000
122,9.372000,0,1,1.917381,2.000000
122,9.372000,0,2,2.761284,2.828427
122,9.372000,0,3,1.993330,2.000000
123,9.412000,0,1,1.956539,2.000000
123,9.412000,0,2,2.795193,2.828427
123,9.412000,0,3,2.012994,2.000000
124,9.452000,0,1,1.935115,2.000000
124,9.452000,0,2,2.810731,2.828427
124,9.452000,0,3,2.069250,2.000000
125,9.492000,0,1,1.953379,2.000000
125,9.492000,0,2,2.824333,2.828427
125,9.492000,0,3,2.075694,2.000000
126,9.534000,0,1,1.961860,2.000000
126,9.534000,0,2,2.820602,2.828427
126,9.534000,0,3,2.091123,2.000000
127,9.572000,0,1,2.011643,2.000000
127,9.572000,0,2,2.846890,2.828427
127,9.572000,0,3,2.079314,2.000000
128,9.612000,0,1,1.994157,2.000000
128,9.612000,0,2,2.837431,2.828427
128,9.612000,0,3,2.074836,2.000000
129,9.652000,0,1,2.007174,2.000000
129,9.652000,0,2,2.863361,2.828427
129,9.652000,0,3,2.057437,2.000000
130,9.692000,0,1,2.016541,2.000000
130,9.692000,0,2,2.899347,2.828427
130,9.692000,0,3,2.088109,2.000000
131,9.732000,0,1,2.041755,2.000000
131,9.732000,0,2,2.922437,2.828427
131,9.732000,0,3,2.068302,2.000000
132,9.772000,0,1,2.001638,2.000000
132,9.772000,0,2,2.881943,2.828427
132,9.772000,0,3,2.070952,2.000000
133,9.812000,0,1,2.023445,2.000000
133,9.812000,0,2,2.848608,2.828427
133,9.812000,0,3,2.072398,2.000000
134,9.856000,0,1,2.030679,2.000000
134,9.856000,0,2,2.827419,2.828427
134,9.856000,0,3,2.070295,2.000000
135,9.894000,0,1,2.031349,2.000000
135,9.894000,0,2,2.804752,2.828427
135,9.894000,0,3,2.059903,2.000000
136,9.934000,0,1,2.017478,2.000000
136,9.934000,0,2,2.802388,2.828427
136,9.934000,0,3,2.068483,2.000000
137,9.972000,0,1,2.046341,2.000000
137,9.972000,0,2,2.855299,2.828427
137,9.972000,0,3,2.074062,2.000000
138,10.012000,0,1,2.022612,2.000000
138,10.012000,0,2,2.876189,2.828427
138,10.012000,0,3,2.048750,2.000000
139,10.056000,0,1,2.004462,2.000000
139,10.056000,0,2,2.887666,2.828427
139,10.056000,0,3,2.043535,2.000000
140,10.094000,0,1,2.024615,2.000000
140,10.094000,0,2,2.890146,2.828427
140,10.094000,0,3,2.022272,2.000000
141,10.136000,0,1,2.027558,2.000000
141,10.136000,0,2,2.881962,2.828427
141,10.136000,0,3,1.997963,2.000000
142,10.172000,0,1,2.022094,2.000000
142,10.172000,0,2,2.852360,2.828427
142,10.172000,0,3,1.965134,2.000000
143,10.212000,0,1,2.049922,2.000000
143,10.212000,0,2,2.872548,2.828427
143,10.212000,0,3,1.994486,2.000000
144,10.252000,0,1,2.033016,2.000000
144,10.252000,0,2,2.841273,2.828427
144,10.252000,0,3,2.006742,2.000000
145,10.292000,0,1,1.996062,2.000000
145,10.292000,0,2,2.825086,2.828427
145,10.292000,0,3,2.012211,2.000000
146,10.332000,0,1,1.981085,2.000000
146,10.332000,0,2,2.834103,2.828427
146,10.332000,0,3,2.019139,2.000000
147,10.372000,0,1,1.975874,2.000000
147,10.372000,0,2,2.814967,2.828427
147,10.372000,0,3,2.028665,2.000000
148,10.412000,0,1,1.958456,2.000000
148,10.412000,0,2,2.810429,2.828427
148,10.412000,0,3,2.028805,2.000000
149,10.452000,0,1,1.987550,2.000000
149,10.452000,0,2,2.848708,2.828427
149,10.452000,0,3,2.000458,2.000000
150,10.492000,0,1,1.974751,2.000000
150,10.492000,0,2,2.864500,2.828427
150,10.492000,0,3,2.015657,2.000000
151,10.532000,0,1,2.022269,2.000000
151,10.532000,0,2,2.835125,2.828427
151,10.532000,0,3,2.028703,2.000000
152,10.572000,0,1,2.021316,2.000000
152,10.572000,0,2,2.824161,2.828427
152,10.572000,0,3,2.025392,2.000000
153,10.612000,0,1,2.029380,2.000000
153,10.612000,0,2,2.817420,2.828427
153,10.612000,0,3,2.025081,2.000000
154,10.652000,0,1,2.012905,2.000000
154,10.652000,0,2,2.815410,2.828427
154,10.652000,0,3,2.041865,2.000000
155,10.692000,0,1,2.018085,2.000000
155,10.692000,0,2,2.828540,2.828427
155,10.692000,0,3,2.018960,2.000000
156,10.732000,0,1,1.994039,2.000000
156,10.732000,0,2,2.841662,2.828427
156,10.732000,0,3,2.021730,2.000000
157,10.772000,0,1,1.976331,2.000000
157,10.772000,0,2,2.876731,2.828427
157,10.772000,0,3,1.990451,2.000000
158,10.812000,0,1,1.947590,2.000000
158,10.812000,0,2,2.846493,2.828427
158,10.812000,0,3,1.958333,2.000000
159,10.852000,0,1,1.959590,2.000000
159,10.852000,0,2,2.880260,2.828427
159,10.852000,0,3,1.921629,2.000000
160,10.892000,0,1,1.964603,2.000000
160,10.892000,0,2,2.882654,2.828427
160,10.892000,0,3,1.931333,2.000000
161,10.932000,0,1,1.954662,2.000000
161,10.932000,0,2,2.912973,2.828427
161,10.932000,0,3,1.912356,2.000000
162,10.972000,0,1,1.956100,2.000000
162,10.972000,0,2,2.924023,2.828427
162,10.972000,0,3,1.942704,2.000000
163,11.012000,0,1,1.945374,2.000000
163,11.012000,0,2,2.935393,2.828427
163,11.012000,0,3,1.963038,2.000000
164,11.052000,0,1,1.933498,2.000000
164,11.052000,0,2,2.877247,2.828427
164,11.052000,0,3,2.017490,2.000000
165,11.092000,0,1,1.931010,2.000000
165,11.092000,0,2,2.847847,2.828427
165,11.092000,0,3,2.013105,2.000000
166,11.132000,0,1,1.940808,2.000000
166,11.132000,0,2,2.802639,2.828427
166,11.132000,0,3,2.012035,2.000000
167,11.172000,0,1,1.974620,2.000000
167,11.172000,0,2,2.773929,2.828427
167,11.172000,0,3,2.037110,2.000000
168,11.212000,0,1,1.983964,2.000000
168,11.212000,0,2,2.783639,2.828427
168,11.212000,0,3,2.075670,2.000000
169,11.252000,0,1,1.976973,2.000000
169,11.252000,0,2,2.790533,2.828427
169,11.252000,0,3,2.051606,2.000000
170,11.292000,0,1,1.997569,2.000000
170,11.292000,0,2,2.814552,2.828427
170,11.292000,0,3,2.027446,2.000000
171,11.332000,0,1,1.974682,2.000000
171,11.332000,0,2,2.818179,2.828427
171,11.332000,0,3,2.047154,2.000000
172,11.372000,0,1,1.955819,2.000000
172,11.372000,0,2,2.841910,2.828427
172,11.372000,0,3,2.044029,2.000000
173,11.412000,0,1,1.975736,2.000000
173,11.412000,0,2,2.853091,2.828427
173,11.412000,0,3,2.057076,2.000000
174,11.452000,0,1,1.987118,2.000000
174,11.452000,0,2,2.845733,2.828427
174,11.452000,0,3,2.061491,2.000000
175,11.492000,0,1,1.962675,2.000000
175,11.492000,0,2,2.814469,2.828427
175,11.492000,0,3,2.061347,2.000000
176,11.532000,0,1,1.993384,2.000000
176,11.532000,0,2,2.845739,2.828427
176,11.532000,0,3,2.058668,2.000000
177,11.572000,0,1,1.965842,2.000000
177,11.572000,0,2,2.797908,2.828427
177,11.572000,0,3,2.033350,2.000000
178,11.612000,0,1,1.958005,2.000000
178,11.612000,0,2,2.781559,2.828427
178,11.612000,0,3,1.984455,2.000000
179,11.652000,0,1,1.937539,2.000000
179,11.652000,0,2,2.798039,2.828427
179,11.652000,0,3,1.989397,2.000000
180,11.692000,0,1,1.934766,2.000000
180,11.692000,0,2,2.804709,2.828427
180,11.692000,0,3,2.027809,2.000000
181,11.732000,0,1,1.937419,2.000000
181,11.732000,0,2,2.780947,2.828427
181,11.732000,0,3,2.000220,2.000000
182,11.772000,0,1,1.975974,2.000000
182,11.772000,0,2,2.804472,2.828427
182,11.772000,0,3,2.036525,2.000000
183,11.812000,0,1,2.005552,2.000000
183,11.812000,0,2,2.832443,2.828427
183,11.812000,0,3,2.068547,2.000000
184,11.852000,0,1,2.020815,2.000000
184,11.852000,0,2,2.818125,2.828427
184,11.852000,0,3,2.044683,2.000000
185,11.892000,0,1,2.021004,2.000000
185,11.892000,0,2,2.831554,2.828427
185,11.892000,0,3,2.011531,2.000000
186,11.932000,0,1,1.971585,2.000000
186,11.932000,0,2,2.829458,2.828427
186,11.932000,0,3,2.034728,2.000000
187,11.972000,0,1,1.936898,2.000000
187,11.972000,0,2,2.828982,2.828427
187,11.972000,0,3,1.986755,2.000000
188,12.012000,0,1,1.895077,2.000000
188,12.012000,0,2,2.808637,2.828427
188,12.012000,0,3,1.957670,2.000000
189,12.052000,0,2,2.814600,2.828427
189,12.052000,0,3,1.982579,2.000000
190,12.092000,0,1,1.921216,2.000000
190,12.092000,0,2,2.789489,2.828427
190,12.092000,0,3,1.998684,2.000000
191,12.132000,0,1,1.918341,2.000000
191,12.132000,0,2,2.793052,2.828427
191,12.132000,0,3,2.008367,2.000000
192,12.172000,0,1,1.975076,2.000000
192,12.172000,0,2,2.791779,2.828427
192,12.172000,0,3,2.038409,2.000000
193,12.212000,0,1,1.990674,2.000000
193,12.212000,0,2,2.788641,2.828427
194,12.252000,0,1,1.988705,2.000000
194,12.252000,0,2,2.781473,2.828427
194,12.252000,0,3,2.047489,2.000000
195,12.292000,0,1,1.965503,2.000000
195,12.292000,0,2,2.836487,2.828427
195,12.292000,0,3,2.050967,2.000000
196,12.332000,0,1,1.966066,2.000000
196,12.332000,0,2,2.831373,2.828427
196,12.332000,0,3,2.030073,2.000000
197,12.372000,0,1,1.955336,2.000000
197,12.372000,0,2,2.853525,2.828427
197,12.372000,0,3,2.033131,2.000000
198,12.412000,0,1,1.957211,2.000000
198,12.412000,0,2,2.823358,2.828427
198,12.412000,0,3,2.018142,2.000000
199,12.452000,0,1,1.990279,2.000000
199,12.452000,0,2,2.817070,2.828427
199,12.452000,0,3,1.998142,2.000000
200,12.492000,0,1,1.965113,2.000000
200,12.492000,0,2,2.793313,2.828427
200,12.492000,0,3,1.985354,2.000000
201,12.532000,0,1,1.991622,2.000000
201,12.532000,0,2,2.789119,2.828427
201,12.532000,0,3,1.980386,2.000000
202,12.572000,0,1,1.986205,2.000000
202,12.572000,0,2,2.775173,2.828427
202,12.572000,0,3,1.927277,2.000000
203,12.612000,0,1,2.000621,2.000000
203,12.612000,0,2,2.806228,2.828427
203,12.612000,0,3,1.917996,2.000000
204,12.652000,0,1,1.997211,2.000000
204,12.652000,0,2,2.846927,2.828427
204,12.652000,0,3,1.930524,2.000000
205,12.692000,0,1,2.029856,2.000000
205,12.692000,0,2,2.847439,2.828427
205,12.692000,0,3,1.902961,2.000000
206,12.732000,0,1,2.024903,2.000000
206,12.732000,0,2,2.875127,2.828427
206,12.732000,0,3,1.927655,2.000000
207,12.772000,0,1,2.038448,2.000000
207,12.772000,0,2,2.877388,2.828427
207,12.772000,0,3,1.937281,2.000000
208,12.812000,0,1,2.045552,2.000000
208,12.812000,0,2,2.861512,2.828427
208,12.812000,0,3,1.940920,2.000000
209,12.852000,0,1,2.000861,2.000000
209,12.852000,0,2,2.820402,2.828427
209,12.852000,0,3,1.918209,2.000000
210,12.892000,0,1,2.006507,2.000000
210,12.892000,0,2,2.790967,2.828427
210,12.892000,0,3,1.968390,2.000000
211,12.932000,0,1,2.002012,2.000000
211,12.932000,0,2,2.770237,2.828427
211,12.932000,0,3,1.951508,2.000000
212,12.972000,0,1,1.955734,2.000000
212,12.972000,0,2,2.782833,2.828427
212,12.972000,0,3,1.956862,2.000000
213,13.012000,0,1,1.947490,2.000000
213,13.012000,0,2,2.799518,2.828427
213,13.012000,0,3,1.938592,2.000000
214,13.052000,0,1,1.995823,2.000000
214,13.052000,0,2,2.820859,2.828427
214,13.052000,0,3,1.953277,2.000000
215,13.092000,0,1,1.993755,2.000000
215,13.092000,0,2,2.843794,2.828427
215,13.092000,0,3,1.941406,2.000000
216,13.132000,0,1,1.953579,2.000000
216,13.132000,0,2,2.833020,2.828427
216,13.132000,0,3,1.943045,2.000000
217,13.172000,0,1,1.961883,2.000000
217,13.172000,0,2,2.774596,2.828427
217,13.172000,0,3,1.946026,2.000000
218,13.212000,0,1,1.934307,2.000000
218,13.212000,0,2,2.749073,2.828427
218,13.212000,0,3,1.976616,2.000000
219,13.258000,0,1,1.921000,2.000000
219,13.258000,0,2,2.759231,2.828427
219,13.258000,0,3,2.013282,2.000000
220,13.292000,0,1,1.889222,2.000000
220,13.292000,0,2,2.741925,2.828424
220,13.292000,0,3,2.042583,2.000000
221,13.332000,0,2,2.769530,2.828415
221,13.332000,0,3,2.046664,2.000000
222,13.372000,0,1,1.939860,2.000000
222,13.372000,0,2,2.826539,2.828407
222,13.372000,0,3,2.056947,1.999999
223,13.412000,0,1,1.948185,2.000000
223,13.412000,0,2,2.858920,2.828396
223,13.412000,0,3,2.043034,1.999968
224,13.452000,0,1,1.969410,2.000000
224,13.452000,0,2,2.856105,2.828392
224,13.452000,0,3,2.047546,1.999861
225,13.492000,0,1,1.975993,2.000001
225,13.492000,0,2,2.883006,2.828421
225,13.492000,0,3,2.049815,1.999540
226,13.532000,0,1,2.018368,2.000003
226,13.532000,0,2,2.875591,2.828484
226,13.532000,0,3,2.073704,1.999241
227,13.576000,0,1,1.989441,2.000018
227,13.576000,0,2,2.883938,2.828579
227,13.576000,0,3,2.074270,1.998831
228,13.612000,0,1,1.997666,2.000020
228,13.612000,0,2,2.874704,2.828585
228,13.612000,0,3,2.088068,1.998805
229,13.652000,0,1,1.985547,2.000063
229,13.652000,0,2,2.870312,2.828759
229,13.652000,0,3,2.017537,1.998059
230,13.692000,0,1,1.987350,2.000117
230,13.692000,0,2,2.866994,2.828950
230,13.692000,0,3,1.979201,1.997276
231,13.732000,0,1,1.961173,2.000199
231,13.732000,0,2,2.902522,2.829164
231,13.732000,0,3,1.954386,1.996429
232,13.772000,0,1,1.970932,2.000331
232,13.772000,0,2,2.903981,2.829415
232,13.772000,0,3,1.949896,1.995467
233,13.812000,0,1,1.955976,2.000532
233,13.812000,0,2,2.905833,2.829697
233,13.812000,0,3,1.928110,1.994417
234,13.852000,0,1,1.944884,2.000776
234,13.852000,0,2,2.905774,2.829958
234,13.852000,0,3,1.965183,1.993460
235,13.892000,0,1,1.920260,2.001100
235,13.892000,0,2,2.872550,2.830230
235,13.892000,0,3,1.952049,1.992465
236,13.932000,0,1,1.950269,2.001823
236,13.932000,0,2,2.858953,2.830685
236,13.932000,0,3,1.938211,1.990793
237,13.972000,0,1,1.970097,2.002293
237,13.972000,0,2,2.851415,2.830920
237,13.972000,0,3,1.955287,1.989929
238,14.012000,0,1,1.985443,2.002869
238,14.012000,0,2,2.831056,2.831172
238,14.012000,0,3,1.982167,1.989007
239,14.052000,0,1,2.003676,2.003435
239,14.052000,0,2,2.817429,2.831393
239,14.052000,0,3,1.986057,1.988197
240,14.092000,0,1,2.020054,2.004039
240,14.092000,0,2,2.835583,2.831609
240,14.092000,0,3,2.004448,1.987407
241,14.132000,0,1,1.985054,2.004641
241,14.132000,0,2,2.836509,2.831806
241,14.132000,0,3,2.027786,1.986675
242,14.172000,0,1,1.986044,2.005305
242,14.172000,0,2,2.810076,2.832007
242,14.172000,0,3,2.023604,1.985919
243,14.212000,0,1,1.991310,2.005918
243,14.212000,0,2,2.835755,2.832178
243,14.212000,0,3,2.014036,1.985257
244,14.252000,0,1,1.978128,2.006619
244,14.252000,0,2,2.830332,2.832361
244,14.252000,0,3,1.986851,1.984536
245,14.292000,0,1,1.964610,2.007404
245,14.292000,0,2,2.822600,2.832551
245,14.292000,0,3,1.959490,1.983765
246,14.332000,0,1,2.007932,2.008043
246,14.332000,0,2,2.799114,2.832694
246,14.332000,0,3,1.970601,1.983164
247,14.372000,0,1,2.001122,2.008755
247,14.372000,0,2,2.811480,2.832840
247,14.372000,0,3,1.980729,1.982519
248,14.412000,0,1,1.996311,2.009501
248,14.412000,0,2,2.815828,2.832979
248,14.412000,0,3,1.957304,1.981873
249,14.452000,0,1,1.999833,2.010206
249,14.452000,0,2,2.833448,2.833096
249,14.452000,0,3,1.998587,1.981294
250,14.492000,0,1,2.005924,2.010907
250,14.492000,0,2,2.830639,2.833198
250,14.492000,0,3,2.023303,1.980750
251,14.532000,0,1,1.987626,2.011605
251,14.532000,0,2,2.807175,2.833287
251,14.532000,0,3,2.026040,1.980242
252,14.572000,0,1,1.955360,2.012299
252,14.572000,0,2,2.812125,2.833365
252,14.572000,0,3,2.021358,1.979772
253,14.612000,0,1,1.973179,2.013024
253,14.612000,0,2,2.805095,2.833438
253,14.612000,0,3,2.050350,1.979320
254,14.652000,0,1,1.969022,2.014379
254,14.652000,0,2,2.792432,2.833560
254,14.652000,0,3,2.034730,1.978578
255,14.692000,0,1,1.962267,2.015044
255,14.692000,0,2,2.800944,2.833615
255,14.692000,0,3,2.009729,1.978261
256,14.732000,0,1,1.960519,2.015697
256,14.732000,0,2,2.806355,2.833665
256,14.732000,0,3,2.002375,1.977976
257,14.772000,0,1,1.994040,2.016334
257,14.772000,0,2,2.776396,2.833707
257,14.772000,0,3,1.986324,1.977721
258,14.812000,0,1,2.009828,2.017015
258,14.812000,0,2,2.771472,2.833747
258,14.812000,0,3,1.986465,1.977472
259,14.852000,0,1,2.022017,2.017605
259,14.852000,0,2,2.809464,2.833777
259,14.852000,0,3,1.991014,1.977278
260,14.892000,0,1,2.032411,2.018107
260,14.892000,0,2,2.795842,2.833798
260,14.892000,0,3,1.998487,1.977130
261,14.932000,0,1,2.026992,2.018635
261,14.932000,0,2,2.830590,2.833817
261,14.932000,0,3,2.023204,1.976992
262,14.972000,0,1,2.027097,2.019149
262,14.972000,0,2,2.864597,2.833832
262,14.972000,0,3,2.041140,1.976882
263,15.012000,0,1,1.989764,2.019571
263,15.012000,0,2,2.854026,2.833842
263,15.012000,0,3,2.044326,1.976815
264,15.052000,0,1,2.004166,2.019973
264,15.052000,0,2,2.834573,2.833848
264,15.052000,0,3,2.010091,1.976782
265,15.092000,0,1,2.013828,2.020329
265,15.092000,0,2,2.872594,2.833848
265,15.092000,0,3,2.032572,1.976792
266,15.132000,0,1,2.020919,2.020639
266,15.132000,0,2,2.858973,2.833843
266,15.132000,0,3,1.985876,1.976847
267,15.172000,0,1,2.007085,2.020908
267,15.172000,0,2,2.864899,2.833833
267,15.172000,0,3,1.950109,1.976948
268,15.212000,0,1,2.053808,2.021181
268,15.212000,0,2,2.914552,2.833818
268,15.212000,0,3,1.960259,1.977129
269,15.252000,0,1,2.045070,2.021367
269,15.252000,0,2,2.898701,2.833805
269,15.252000,0,3,2.008112,1.977324
270,15.292000,0,1,2.026572,2.021533
270,15.292000,0,2,2.874603,2.833790
270,15.292000,0,3,1.978135,1.977583
271,15.332000,0,1,2.043846,2.021647
271,15.332000,0,2,2.868193,2.833779
271,15.332000,0,3,1.986683,1.977853
272,15.374000,0,1,2.043041,2.021726
272,15.374000,0,2,2.858408,2.833769
272,15.374000,0,3,2.014894,1.978153
273,15.412000,0,1,2.029361,2.021779
273,15.412000,0,2,2.801175,2.833751
273,15.412000,0,3,1.975195,1.978714
274,15.452000,0,1,2.021866,2.021764
274,15.452000,0,2,2.797355,2.833736
274,15.452000,0,3,1.946025,1.979074
275,15.492000,0,1,2.058090,2.021719
275,15.492000,0,2,2.827056,2.833723
275,15.492000,0,3,1.976968,1.979459
276,15.532000,0,1,2.026100,2.021647
276,15.532000,0,2,2.843312,2.833717
276,15.532000,0,3,2.001515,1.979869
277,15.572000,0,1,2.035816,2.021560
277,15.572000,0,2,2.811726,2.833721
277,15.572000,0,3,1.986643,1.980259
278,15.612000,0,1,2.023839,2.021441
278,15.612000,0,2,2.814062,2.833737
278,15.612000,0,3,2.042064,1.980719
279,15.652000,0,1,2.015497,2.021300
279,15.652000,0,2,2.821643,2.833766
279,15.652000,0,3,2.011973,1.981203
280,15.692000,0,1,2.001583,2.021172
280,15.692000,0,2,2.791415,2.833796
280,15.692000,0,3,2.019327,1.981600
281,15.732000,0,1,2.002017,2.020989
281,15.732000,0,2,2.765110,2.833842
281,15.732000,0,3,2.001548,1.982120
282,15.772000,0,1,1.992338,2.020771
282,15.772000,0,2,2.774912,2.833897
282,15.772000,0,3,2.023962,1.982686
283,15.812000,0,1,1.960348,2.020530
283,15.812000,0,2,2.795537,2.833953
283,15.812000,0,3,1.983064,1.983266
284,15.852000,0,1,1.967654,2.020106
284,15.852000,0,2,2.798201,2.834039
284,15.852000,0,3,2.027512,1.984208
285,15.892000,0,1,1.979739,2.019839
285,15.892000,0,2,2.781149,2.834084
285,15.892000,0,3,2.031272,1.984766
286,15.932000,0,1,1.956303,2.019593
286,15.932000,0,2,2.778530,2.834117
286,15.932000,0,3,2.026038,1.985258
287,15.972000,0,1,1.959003,2.019326
287,15.972000,0,2,2.775170,2.834145
287,15.972000,0,3,2.007660,1.985769
288,16.012000,0,1,1.980814,2.019052
288,16.012000,0,2,2.783600,2.834164
288,16.012000,0,3,2.032129,1.986265
289,16.052000,0,1,1.979926,2.018754
289,16.052000,0,2,2.784740,2.834173
289,16.052000,0,3,2.051676,1.986772
290,16.092000,0,1,1.955072,2.018442
290,16.092000,0,2,2.810848,2.834170
290,16.092000,0,3,2.010733,1.987262
291,16.132000,0,1,1.991485,2.018130
291,16.132000,0,2,2.817935,2.834156
291,16.132000,0,3,2.023349,1.987709
292,16.172000,0,1,2.008854,2.017782
292,16.172000,0,2,2.824910,2.834130
292,16.172000,0,3,2.070466,1.988163
293,16.212000,0,1,2.030888,2.017398
293,16.212000,0,2,2.776420,2.834090
293,16.212000,0,3,2.039924,1.988622
294,16.252000,0,1,2.022398,2.016690
294,16.252000,0,2,2.766037,2.833995
294,16.252000,0,3,2.024158,1.989384
295,16.292000,0,1,2.026820,2.016273
295,16.292000,0,2,2.753514,2.833927
295,16.292000,0,3,2.065823,1.989800
296,16.332000,0,1,2.039673,2.016273
296,16.332000,0,2,2.745625,2.833927
296,16.332000,0,3,2.047506,1.989800
297,16.372000,0,1,2.018492,2.015452
297,16.372000,0,2,2.776814,2.833768
297,16.372000,0,3,1.978134,1.990578
298,16.412000,0,1,1.979535,2.015032
298,16.412000,0,2,2.823026,2.833671
298,16.412000,0,3,1.977016,1.990960
299,16.452000,0,1,2.012844,2.014634
299,16.452000,0,2,2.846290,2.833566
299,16.452000,0,3,1.941066,1.991311
300,16.492000,0,1,2.002250,2.014260
300,16.492000,0,2,2.872815,2.833456
300,16.492000,0,3,1.914438,1.991631
301,16.532000,0,1,1.989702,2.013867
301,16.532000,0,2,2.894228,2.833328
301,16.532000,0,3,1.928314,1.991959
302,16.572000,0,1,2.006152,2.013459
302,16.572000,0,2,2.867811,2.833184
302,16.572000,0,3,1.962773,1.992294
303,16.612000,0,1,2.012731,2.013078
303,16.612000,0,2,2.880811,2.833042
303,16.612000,0,3,1.963506,1.992604
304,16.652000,0,1,2.019283,2.012721
304,16.652000,0,2,2.864433,2.832906
304,16.652000,0,3,1.991717,1.992892
305,16.692000,0,1,2.031403,2.012389
305,16.692000,0,2,2.809985,2.832777
305,16.692000,0,3,1.988900,1.993161
306,16.732000,0,1,2.002837,2.012063
306,16.732000,0,2,2.792812,2.832650
306,16.732000,0,3,1.979190,1.993427
307,16.772000,0,1,1.990225,2.011685
307,16.772000,0,2,2.795131,2.832500
307,16.772000,0,3,2.003149,1.993738
308,16.812000,0,1,2.030523,2.011299
308,16.812000,0,2,2.798895,2.832343
308,16.812000,0,3,2.015266,1.994062
309,16.852000,0,1,2.022268,2.010994
309,16.852000,0,2,2.820007,2.832215
309,16.852000,0,3,1.995724,1.994323
310,16.892000,0,1,2.028822,2.010664
310,16.892000,0,2,2.878162,2.832070
310,16.892000,0,3,2.022735,1.994612
311,16.934000,0,1,2.051239,2.010293
311,16.934000,0,2,2.897388,2.831898
311,16.934000,0,3,2.023109,1.994938
312,16.972000,0,1,2.055703,2.009984
312,16.972000,0,2,2.876369,2.831744
312,16.972000,0,3,2.000296,1.995206
313,17.012000,0,1,2.020135,2.009688
313,17.012000,0,2,2.851833,2.831583
313,17.012000,0,3,2.000966,1.995453
314,17.052000,0,1,1.985505,2.009157
314,17.052000,0,2,2.836625,2.831245
314,17.052000,0,3,2.027709,1.995845
315,17.092000,0,1,1.985729,2.008915
315,17.092000,0,2,2.818714,2.831061
315,17.092000,0,3,1.994941,1.995990
316,17.132000,0,1,1.978211,2.008686
316,17.132000,0,2,2.798238,2.830864
316,17.132000,0,3,2.009353,1.996096
317,17.172000,0,1,1.970766,2.008530
317,17.172000,0,2,2.808897,2.830717
317,17.172000,0,3,2.013314,1.996147
318,17.212000,0,1,1.958935,2.008359
318,17.212000,0,2,2.801089,2.830546
318,17.212000,0,3,2.033848,1.996178
319,17.252000,0,1,1.959124,2.008202
319,17.252000,0,2,2.797307,2.830383
319,17.252000,0,3,2.014971,1.996182
320,17.292000,0,1,1.939718,2.008013
320,17.292000,0,2,2.760421,2.830188
320,17.292000,0,3,2.010765,1.996155
321,17.332000,0,1,1.926469,2.007870
321,17.332000,0,2,2.764992,2.830046
321,17.332000,0,3,2.013690,1.996118
322,17.376000,0,1,1.913817,2.007683
322,17.376000,0,2,2.746826,2.829881
322,17.376000,0,3,1.992120,1.996061
323,17.412000,0,1,1.919520,2.007475
323,17.412000,0,2,2.750268,2.829729
323,17.412000,0,3,1.967302,1.996004
324,17.476000,0,1,1.923840,2.007306
324,17.476000,0,2,2.738393,2.829631
324,17.476000,0,3,1.982157,1.995969
325,17.492000,0,1,1.933025,2.007070
325,17.492000,0,2,2.800269,2.829528
325,17.492000,0,3,2.026804,1.995943
326,17.534000,0,1,1.966361,2.006859
326,17.534000,0,2,2.810079,2.829465
326,17.534000,0,3,1.989243,1.995941
327,17.574000,0,1,1.984460,2.006719
327,17.574000,0,2,2.852821,2.829437
327,17.574000,0,3,1.993167,1.995950
328,17.612000,0,1,2.009744,2.006413
328,17.612000,0,2,2.872856,2.829408
328,17.612000,0,3,2.016146,1.996000
329,17.658000,0,1,2.038457,2.006172
329,17.658000,0,2,2.853325,2.829413
329,17.658000,0,3,2.009974,1.996066
330,17.692000,0,1,2.070175,2.005888
330,17.692000,0,2,2.830087,2.829448
330,17.692000,0,3,1.962532,1.996177
331,17.732000,0,1,2.035872,2.005655
331,17.732000,0,2,2.830753,2.829499
331,17.732000,0,3,2.005937,1.996296
332,17.772000,0,1,2.067319,2.005372
332,17.772000,0,2,2.819598,2.829584
332,17.772000,0,3,1.996891,1.996479
333,17.812000,0,1,2.064631,2.005122
333,17.812000,0,2,2.792240,2.829683
333,17.812000,0,3,1.982464,1.996681
334,17.864000,0,1,2.045686,2.004893
334,17.864000,0,2,2.851199,2.829792
334,17.864000,0,3,1.999563,1.996903
335,17.892000,0,1,2.014964,2.004629
335,17.892000,0,2,2.853821,2.829941
335,17.892000,0,3,2.024668,1.997207
336,17.932000,0,1,2.050049,2.004425
336,17.932000,0,2,2.851377,2.830077
336,17.932000,0,3,2.011625,1.997483
337,17.974000,0,2,2.868448,2.830261
337,17.974000,0,3,2.006774,1.997856
338,18.012000,0,1,2.024217,2.004024
338,18.012000,0,2,2.882153,2.830413
338,18.012000,0,3,1.970682,1.998164
339,18.054000,0,1,2.037408,2.004016
339,18.054000,0,2,2.866754,2.830421
339,18.054000,0,3,1.981003,1.998180
340,18.092000,0,1,2.061793,2.003853
340,18.092000,0,2,2.856558,2.830598
340,18.092000,0,3,1.989135,1.998546
341,18.132000,0,1,2.040122,2.003740
341,18.132000,0,2,2.861148,2.830746
341,18.132000,0,3,1.976544,1.998865
342,18.172000,0,1,2.035117,2.003650
342,18.172000,0,2,2.825891,2.830896
342,18.172000,0,3,2.006229,1.999198
343,18.212000,0,1,2.033377,2.003559
343,18.212000,0,2,2.824195,2.831149
343,18.212000,0,3,2.034294,1.999817
344,18.252000,0,1,2.022240,2.003547
344,18.252000,0,2,2.792078,2.831251
344,18.252000,0,3,1.984209,2.000100
345,18.292000,0,1,2.015338,2.003551
345,18.292000,0,2,2.804596,2.831354
345,18.292000,0,3,1.977686,2.000423
346,18.332000,0,1,2.045192,2.003565
346,18.332000,0,2,2.829116,2.831429
346,18.332000,0,3,1.966793,2.000708
347,18.372000,0,1,2.048975,2.003577
347,18.372000,0,2,2.863964,2.831478
347,18.372000,0,3,1.976801,2.000942
348,18.412000,0,1,2.041424,2.003589
348,18.412000,0,2,2.836101,2.831523
348,18.412000,0,3,1.988446,2.001244
349,18.452000,0,1,2.020004,2.003590
349,18.452000,0,2,2.882946,2.831542
349,18.452000,0,3,2.016511,2.001443
350,18.492000,0,1,2.004596,2.003580
350,18.492000,0,2,2.888764,2.831551
350,18.492000,0,3,2.006330,2.001683
351,18.532000,0,1,2.029999,2.003548
351,18.532000,0,2,2.862448,2.831542
351,18.532000,0,3,2.025707,2.001978
352,18.572000,0,1,2.028891,2.003512
352,18.572000,0,2,2.854325,2.831520
352,18.572000,0,3,1.991037,2.002188
353,18.612000,0,1,2.056423,2.003438
353,18.612000,0,2,2.891374,2.831462
353,18.612000,0,3,1.975857,2.002496
354,18.652000,0,1,2.060565,2.003292
354,18.652000,0,2,2.855236,2.831318
354,18.652000,0,3,1.951441,2.002938
355,18.692000,0,1,2.060641,2.003163
355,18.692000,0,2,2.837628,2.831164
355,18.692000,0,3,1.958207,2.003250
356,18.732000,0,1,2.024194,2.003031
356,18.732000,0,2,2.859101,2.830987
356,18.732000,0,3,1.965475,2.003529
357,18.772000,0,1,1.999109,2.003031
357,18.772000,0,2,2.875198,2.830987
357,18.772000,0,3,1.989986,2.003529
358,18.812000,0,1,1.971583,2.002864
358,18.812000,0,2,2.906477,2.830745
358,18.812000,0,3,2.015147,2.003835
359,18.862000,0,1,1.992901,2.002719
359,18.862000,0,2,2.901839,2.830526
359,18.862000,0,3,2.040735,2.004065
360,18.892000,0,1,2.002945,2.002514
360,18.892000,0,2,2.910050,2.830221
360,18.892000,0,3,2.028835,2.004336
361,18.932000,0,1,2.009632,2.002319
361,18.932000,0,2,2.849516,2.829944
361,18.932000,0,3,2.032410,2.004547
362,18.972000,0,1,2.035706,2.002112
362,18.972000,0,2,2.823316,2.829668
362,18.972000,0,3,2.034095,2.004735
363,19.012000,0,1,2.052551,2.001842
363,19.012000,0,2,2.791542,2.829336
363,19.012000,0,3,2.021117,2.004942
364,19.068000,0,1,2.060728,2.001423
364,19.068000,0,2,2.808673,2.828875
364,19.068000,0,3,2.006323,2.005214
365,19.092000,0,1,2.044352,2.001160
365,19.092000,0,2,2.788860,2.828614
365,19.092000,0,3,2.021112,2.005362
366,19.132000,0,1,2.048221,2.000847
366,19.132000,0,2,2.848785,2.828325
366,19.132000,0,3,2.019778,2.005523
367,19.172000,0,1,2.044577,2.000481
367,19.172000,0,2,2.847310,2.828014
367,19.172000,0,3,2.015708,2.005690
368,19.212000,0,1,2.032133,2.000098
368,19.212000,0,2,2.847371,2.827713
368,19.212000,0,3,2.030483,2.005846
369,19.252000,0,1,2.020977,1.999778
369,19.252000,0,2,2.852185,2.827480
369,19.252000,0,3,2.032936,2.005963
370,19.292000,0,1,2.035860,1.999394
370,19.292000,0,2,2.867956,2.827221
370,19.292000,0,3,2.011683,2.006091
371,19.332000,0,1,2.031722,1.998985
371,19.332000,0,2,2.839813,2.826971
371,19.332000,0,3,2.032135,2.006216
372,19.372000,0,1,2.013266,1.998480
372,19.372000,0,2,2.847350,2.826700
372,19.372000,0,3,2.017756,2.006363
373,19.412000,0,1,1.989003,1.998113
373,19.412000,0,2,2.850571,2.826531
373,19.412000,0,3,1.997533,2.006469
374,19.464000,0,1,2.013725,1.997753
374,19.464000,0,2,2.821505,2.826387
374,19.464000,0,3,2.019358,2.006576
375,19.492000,0,1,2.034442,1.997735
375,19.492000,0,2,2.812586,2.826380
375,19.492000,0,3,2.068819,2.006581
376,19.532000,0,1,2.050049,1.997222
376,19.532000,0,2,2.839786,2.826213
376,19.532000,0,3,2.032380,2.006748
377,19.576000,0,1,2.049658,1.996890
377,19.576000,0,2,2.832472,2.826127
377,19.576000,0,3,2.027875,2.006871
378,19.614000,0,1,2.074088,1.996475
378,19.614000,0,2,2.812423,2.826045
378,19.614000,0,3,2.041054,2.007055
379,19.656000,0,1,2.006633,1.996180
379,19.656000,0,2,2.834553,2.826006
379,19.656000,0,3,2.036281,2.007213
380,19.692000,0,1,1.979071,1.995803
380,19.692000,0,2,2.820942,2.825983
380,19.692000,0,3,2.004874,2.007460
381,19.732000,0,1,1.954354,1.995558
381,19.732000,0,2,2.787416,2.825988
381,19.732000,0,3,2.001997,2.007653
382,19.772000,0,1,1.930241,1.995223
382,19.772000,0,2,2.769445,2.826016
382,19.772000,0,3,2.026700,2.007961
383,19.812000,0,1,1.921080,1.994986
383,19.812000,0,2,2.788450,2.826047
383,19.812000,0,3,1.991920,2.008207
384,19.856000,0,1,1.933461,1.994763
384,19.856000,0,2,2.778151,2.826078
384,19.856000,0,3,1.954440,2.008454
385,19.892000,0,1,1.923047,1.994502
385,19.892000,0,2,2.770289,2.826113
385,19.892000,0,3,1.922686,2.008761
386,19.932000,0,1,1.937036,1.994264
386,19.932000,0,2,2.801977,2.826142
386,19.932000,0,3,1.913299,2.009055
387,19.972000,0,1,1.962239,1.994023
387,19.972000,0,2,2.817184,2.826169
387,19.972000,0,3,1.914713,2.009361
388,20.012000,0,1,1.996581,1.993725
388,20.012000,0,2,2.798972,2.826202
388,20.012000,0,3,1.942363,2.009746
389,20.052000,0,1,1.999818,1.993485
389,20.052000,0,2,2.810631,2.826231
389,20.052000,0,3,1.971173,2.010056
390,20.092000,0,1,2.013344,1.993240
390,20.092000,0,2,2.849993,2.826266
390,20.092000,0,3,1.996086,2.010372
391,20.132000,0,1,2.011019,1.993031
391,20.132000,0,2,2.808019,2.826298
391,20.132000,0,3,2.033555,2.010637
392,20.172000,0,1,1.990943,1.992761
392,20.172000,0,2,2.837620,2.826340
392,20.172000,0,3,2.009577,2.010973
393,20.212000,0,1,1.955666,1.992457
393,20.212000,0,2,2.863115,2.826386
393,20.212000,0,3,2.026450,2.011342
394,20.252000,0,1,1.962931,1.992191
394,20.252000,0,2,2.857303,2.826418
394,20.252000,0,3,2.011079,2.011654
395,20.292000,0,1,1.962811,1.991965
395,20.292000,0,2,2.819828,2.826438
395,20.292000,0,3,2.014612,2.011910
396,20.332000,0,1,1.987548,1.991424
396,20.332000,0,2,2.831961,2.826446
396,20.332000,0,3,1.989590,2.012490
397,20.372000,0,1,2.033612,1.991098
397,20.372000,0,2,2.824006,2.826419
397,20.372000,0,3,2.004063,2.012804
398,20.412000,0,1,2.040035,1.990792
398,20.412000,0,2,2.808254,2.826371
398,20.412000,0,3,2.012930,2.013073
399,20.452000,0,1,2.055381,1.990505
399,20.452000,0,2,2.808168,2.826309
399,20.452000,0,3,2.017010,2.013298
400,20.492000,0,1,2.033045,1.990147
400,20.492000,0,2,2.822107,2.826211
400,20.492000,0,3,2.038388,2.013546
401,20.532000,0,1,1.980962,1.989831
401,20.532000,0,2,2.829063,2.826109
401,20.532000,0,3,2.050267,2.013739
402,20.572000,0,1,1.965614,1.989440
402,20.572000,0,2,2.794090,2.825966
402,20.572000,0,3,2.056987,2.013946
403,20.612000,0,1,1.957837,1.989081
403,20.612000,0,2,2.822792,2.825823
403,20.612000,0,3,2.023883,2.014113
404,20.652000,0,1,1.945350,1.988301
404,20.652000,0,2,2.842138,2.825484
404,20.652000,0,3,2.057696,2.014419
405,20.692000,0,1,1.960853,1.987959
405,20.692000,0,2,2.869628,2.825329
405,20.692000,0,3,2.054247,2.014535
406,20.732000,0,1,1.974719,1.987598
406,20.732000,0,2,2.872941,2.825164
406,20.732000,0,3,2.053595,2.014650
407,20.772000,0,1,1.962284,1.987296
407,20.772000,0,2,2.901873,2.825029
407,20.772000,0,3,2.029468,2.014741
408,20.814000,0,1,1.949487,1.986955
408,20.814000,0,2,2.862343,2.824881
408,20.814000,0,3,2.058992,2.014838
409,20.854000,0,1,1.939921,1.986747
409,20.854000,0,2,2.849416,2.824794
409,20.854000,0,3,2.056306,2.014896
410,20.892000,0,1,1.939136,1.986540
410,20.892000,0,2,2.811420,2.824711
410,20.892000,0,3,2.024935,2.014952
411,20.934000,0,1,1.969321,1.986106
411,20.934000,0,2,2.781460,2.824549
411,20.934000,0,3,2.008674,2.015069
412,20.972000,0,1,1.978393,1.986095
412,20.972000,0,2,2.793539,2.824546
412,20.972000,0,3,2.052220,2.015072
413,21.012000,0,1,2.003918,1.985868
413,21.012000,0,2,2.797402,2.824468
413,21.012000,0,3,2.013847,2.015135
414,21.052000,0,1,2.015392,1.985709
414,21.052000,0,2,2.795483,2.824416
414,21.052000,0,3,2.008792,2.015179
415,21.092000,0,1,2.008514,1.985483
415,21.092000,0,2,2.812032,2.824349
415,21.092000,0,3,2.018173,2.015239
416,21.132000,0,1,1.980805,1.985416
416,21.132000,0,2,2.820287,2.824330
416,21.132000,0,3,2.038007,2.015251
417,21.172000,0,1,1.970765,1.985381
417,21.172000,0,2,2.799582,2.824320
417,21.172000,0,3,2.008799,2.015250
418,21.212000,0,1,1.982855,1.985370
418,21.212000,0,2,2.772297,2.824311
418,21.212000,0,3,2.029656,2.015233
419,21.252000,0,1,1.972708,1.985390
419,21.252000,0,2,2.764832,2.824307
419,21.252000,0,3,2.033008,2.015199
420,21.292000,0,1,1.979534,1.985427
420,21.292000,0,2,2.726433,2.824305
420,21.292000,0,3,2.039502,2.015159
421,21.332000,0,1,1.957136,1.985509
421,21.332000,0,2,2.736914,2.824303
421,21.332000,0,3,2.051765,2.015082
422,21.372000,0,1,1.954550,1.985618
422,21.372000,0,2,2.730885,2.824300
422,21.372000,0,3,2.038918,2.014988
423,21.412000,0,1,1.920448,1.985760
423,21.412000,0,2,2.776432,2.824297
423,21.412000,0,3,2.028318,2.014868
424,21.452000,0,1,1.953297,1.985918
424,21.452000,0,2,2.756937,2.824294
424,21.452000,0,3,2.011400,2.014736
425,21.492000,0,1,1.925439,1.986285
425,21.492000,0,2,2.784611,2.824288
425,21.492000,0,3,2.028069,2.014436
426,21.532000,0,1,1.963249,1.986498
426,21.532000,0,2,2.769371,2.824285
427,21.572000,0,1,1.981625,1.986706
427,21.572000,0,2,2.784553,2.824283
427,21.572000,0,3,2.010198,2.014100
428,21.612000,0,1,1.991162,1.986927
428,21.612000,0,2,2.783880,2.824278
428,21.612000,0,3,2.037274,2.013922
429,21.652000,0,1,1.966819,1.987059
429,21.652000,0,2,2.841761,2.824273
429,21.652000,0,3,2.030377,2.013814
430,21.692000,0,1,1.986410,1.987232
430,21.692000,0,2,2.899825,2.824260
430,21.692000,0,3,2.007932,2.013668
431,21.732000,0,1,1.952550,1.987433
431,21.732000,0,2,2.935049,2.824233
431,21.732000,0,3,2.020078,2.013490
432,21.772000,0,1,1.953064,1.987762
432,21.772000,0,2,2.935456,2.824160
432,21.772000,0,3,2.016993,2.013173
433,21.812000,0,1,1.954641,1.987946
433,21.812000,0,3,2.039707,2.012984
434,21.862000,0,1,1.952441,1.988154
434,21.862000,0,2,2.926849,2.824038
434,21.862000,0,3,2.038225,2.012761
435,21.892000,0,1,1.952426,1.988380
435,21.892000,0,2,2.880898,2.823964
435,21.892000,0,3,2.073988,2.012513
436,21.932000,0,1,1.991461,1.988605
436,21.932000,0,2,2.855198,2.823894
436,21.932000,0,3,2.030425,2.012263
437,21.974000,0,1,1.968077,1.988769
437,21.974000,0,2,2.804238,2.823848
437,21.974000,0,3,2.035577,2.012081
438,22.012000,0,1,1.979522,1.989064
438,22.012000,0,2,2.773153,2.823776
438,22.012000,0,3,1.988438,2.011762
439,22.054000,0,1,1.963383,1.989325
439,22.054000,0,2,2.754118,2.823722
439,22.054000,0,3,1.967874,2.011495
440,22.092000,0,1,1.967893,1.989632
440,22.092000,0,2,2.769603,2.823670
440,22.092000,0,3,1.949746,2.011204
441,22.134000,0,1,1.944867,1.989944
441,22.134000,0,2,2.761502,2.823625
441,22.134000,0,3,1.963789,2.010933
442,22.176000,0,1,1.936052,1.990132
442,22.176000,0,2,2.819777,2.823601
442,22.176000,0,3,1.942719,2.010780
443,22.212000,0,1,1.893686,1.990530
443,22.212000,0,2,2.840324,2.823561
443,22.212000,0,3,1.935479,2.010482
444,22.252000,0,1,1.907185,1.991012
444,22.252000,0,2,2.877677,2.823556
444,22.252000,0,3,1.973543,2.010191
445,22.292000,0,1,1.943869,1.991403
445,22.292000,0,2,2.881378,2.823614
445,22.292000,0,3,1.974232,2.010036
446,22.332000,0,1,1.930709,1.991956
446,22.332000,0,2,2.875354,2.823799
446,22.332000,0,3,1.973975,2.009942
447,22.372000,0,1,1.951276,1.992658
447,22.372000,0,2,2.837178,2.824179
447,22.372000,0,3,2.003744,2.009985
448,22.412000,0,1,1.987479,1.993419
448,22.412000,0,2,2.813027,2.824718
448,22.412000,0,3,2.025942,2.010171
449,22.452000,0,1,2.003428,1.994595
449,22.452000,0,2,2.783244,2.825721
449,22.452000,0,3,2.028218,2.010636
450,22.492000,0,1,1.984096,1.994717
450,22.492000,0,2,2.797887,2.825833
450,22.492000,0,3,2.037905,2.010694
451,22.532000,0,1,1.999012,1.996172
451,22.532000,0,2,2.806014,2.827260
451,22.532000,0,3,2.050452,2.011463
452,22.572000,0,1,1.993048,1.997971
452,22.572000,0,2,2.828525,2.829177
452,22.572000,0,3,2.049178,2.012571
453,22.612000,0,1,1.996100,2.000268
453,22.612000,0,2,2.855195,2.831775
453,22.612000,0,3,2.023957,2.014139
454,22.652000,0,1,2.002424,2.002490
454,22.652000,0,2,2.866544,2.834389
454,22.652000,0,3,1.992851,2.015756
455,22.692000,0,1,2.016339,2.007761
455,22.692000,0,2,2.869321,2.840829
455,22.692000,0,3,2.007804,2.019835
456,22.732000,0,1,2.025048,2.011181
456,22.732000,0,2,2.862206,2.845121
456,22.732000,0,3,1.980047,2.022600
457,22.772000,0,1,2.032926,2.015011
457,22.772000,0,2,2.877618,2.850000
457,22.772000,0,3,1.971318,2.025775
458,22.812000,0,1,2.017889,2.019027
458,22.812000,0,2,2.903465,2.855180
458,22.812000,0,3,1.979174,2.029172
459,22.852000,0,1,1.989463,2.023684
459,22.852000,0,2,2.909776,2.861248
459,22.852000,0,3,1.988622,2.033179
460,22.892000,0,1,1.965384,2.028776
460,22.892000,0,2,2.879063,2.867945
460,22.892000,0,3,2.001469,2.037624
461,22.932000,0,1,1.947925,2.034008
461,22.932000,0,2,2.873515,2.874879
461,22.932000,0,3,2.035716,2.042246
462,22.972000,0,1,1.947713,2.040621
462,22.972000,0,2,2.853883,2.883705
462,22.972000,0,3,2.034017,2.048152
463,23.012000,0,1,1.978969,2.047083
463,23.012000,0,2,2.861500,2.892382
463,23.012000,0,3,2.042133,2.053981
464,23.052000,0,1,2.020876,2.054007
464,23.052000,0,2,2.849779,2.901727
464,23.052000,0,3,2.069192,2.060277
465,23.092000,0,1,2.027635,2.061796
465,23.092000,0,2,2.858929,2.912290
465,23.092000,0,3,2.052612,2.067414
466,23.132000,0,1,2.059700,2.069247
466,23.132000,0,2,2.886473,2.922435
466,23.132000,0,3,2.039595,2.074288
467,23.172000,0,1,2.067703,2.077564
467,23.172000,0,2,2.917431,2.933803
467,23.172000,0,3,2.074247,2.082010
468,23.212000,0,1,2.074780,2.087295
468,23.212000,0,2,2.916602,2.947154
468,23.212000,0,3,2.112086,2.091104
469,23.254000,0,1,2.054326,2.096085
469,23.254000,0,2,2.957145,2.959255
469,23.254000,0,3,2.119846,2.099368
470,23.292000,0,1,2.081967,2.105811
470,23.292000,0,2,2.977430,2.972683
470,23.292000,0,3,2.119465,2.108557
471,23.332000,0,1,2.089822,2.115992
471,23.332000,0,2,2.974828,2.986780
471,23.332000,0,3,2.143968,2.118224
472,23.372000,0,1,2.122711,2.136523
472,23.372000,0,2,2.991544,3.015307
472,23.372000,0,3,2.139278,2.137834
473,23.412000,0,1,2.149683,2.147393
473,23.412000,0,2,2.998565,3.030458
473,23.412000,0,3,2.154670,2.148269
474,23.454000,0,1,2.155478,2.157394
474,23.454000,0,2,2.992278,3.044418
474,23.454000,0,3,2.163230,2.157893
475,23.492000,0,1,2.190592,2.173653
475,23.492000,0,2,3.036900,3.067151
475,23.492000,0,3,2.154592,2.173577
476,23.532000,0,1,2.216426,2.174987
476,23.532000,0,2,3.037778,3.069017
476,23.532000,0,3,2.162659,2.174865
477,23.572000,0,1,2.193763,2.188592
477,23.572000,0,2,3.043593,3.088067
477,23.572000,0,3,2.182034,2.188017
478,23.612000,0,1,2.225037,2.204831
478,23.612000,0,2,3.047282,3.110824
478,23.612000,0,3,2.179164,2.203734
479,23.652000,0,1,2.269961,2.229958
479,23.652000,0,2,3.090872,3.146075
479,23.652000,0,3,2.202937,2.228097
480,23.692000,0,1,2.206784,2.246122
480,23.692000,0,2,3.098310,3.168772
480,23.692000,0,3,2.235587,2.243796
481,23.732000,0,1,2.221663,2.247686
481,23.732000,0,2,3.125191,3.170970
481,23.732000,0,3,2.268363,2.245317
482,23.772000,0,1,2.271122,2.264367
482,23.772000,0,2,3.147022,3.194412
482,23.772000,0,3,2.287158,2.261550
483,23.812000,0,1,2.252830,2.280678
483,23.812000,0,2,3.202651,3.217356
483,23.812000,0,3,2.302084,2.277457
484,23.852000,0,1,2.266123,2.299082
484,23.852000,0,2,3.207354,3.243270
484,23.852000,0,3,2.311593,2.295451
485,23.892000,0,1,2.292215,2.316215
485,23.892000,0,2,3.207186,3.267422
485,23.892000,0,3,2.294397,2.312250
486,23.932000,0,1,2.290534,2.333715
486,23.932000,0,2,3.254223,3.292122
486,23.932000,0,3,2.285933,2.329459
487,23.972000,0,1,2.313167,2.351571
487,23.972000,0,2,3.304075,3.317353
487,23.972000,0,3,2.278869,2.347069
488,24.012000,0,1,2.315820,2.369774
488,24.012000,0,2,3.299310,3.343100
488,24.012000,0,3,2.286128,2.365073
489,24.052000,0,1,2.321584,2.387383
489,24.052000,0,2,3.297918,3.368028
489,24.052000,0,3,2.284839,2.382533
490,24.092000,0,1,2.395398,2.406247
490,24.092000,0,2,3.348921,3.394752
490,24.092000,0,3,2.333377,2.401278
491,24.132000,0,1,2.443657,2.426409
491,24.132000,0,2,3.371596,3.423336
491,24.132000,0,3,2.368274,2.421348
492,24.172000,0,1,2.441993,2.447910
492,24.172000,0,2,3.354992,3.453832
492,24.172000,0,3,2.349838,2.442775
493,24.212000,0,1,2.440788,2.469782
493,24.212000,0,2,3.405800,3.484867
493,24.212000,0,3,2.383161,2.464586
494,24.252000,0,1,2.448101,2.487940
494,24.252000,0,2,3.457320,3.510641
494,24.252000,0,3,2.423264,2.482697
495,24.294000,0,1,2.441315,2.507353
495,24.294000,0,2,3.477470,3.538198
495,24.294000,0,3,2.475637,2.502058
496,24.332000,0,1,2.427345,2.533254
496,24.332000,0,2,3.520797,3.574970
496,24.332000,0,3,2.497655,2.527886
497,24.372000,0,1,2.454111,2.554246
497,24.372000,0,2,3.584515,3.604780
497,24.372000,0,3,2.539863,2.548817
498,24.412000,0,2,3.586255,3.631888
498,24.412000,0,3,2.540320,2.567848
499,24.452000,0,1,2.495718,2.593672
499,24.452000,0,2,3.596065,3.660782
499,24.452000,0,3,2.556259,2.588127
500,24.492000,0,1,2.520645,2.613117
500,24.492000,0,2,3.640155,3.688414
500,24.492000,0,3,2.566869,2.607515
501,24.532000,0,1,2.543754,2.633825
501,24.532000,0,2,3.638540,3.717846
501,24.532000,0,3,2.603028,2.628161
502,24.574000,0,1,2.573878,2.659131
502,24.574000,0,2,3.618820,3.753817
502,24.574000,0,3,2.632229,2.653390
503,24.612000,0,1,2.593034,2.681339
503,24.612000,0,2,3.641015,3.785383
503,24.612000,0,3,2.669484,2.675527
504,24.652000,0,1,2.616446,2.703728
504,24.652000,0,2,3.681082,3.817197
504,24.652000,0,3,2.716093,2.697843
505,24.692000,0,2,3.700342,3.847639
505,24.692000,0,3,2.714534,2.719202
506,24.732000,0,1,2.636633,2.745595
506,24.732000,0,2,3.736260,3.876663
506,24.732000,0,3,2.749811,2.739576
507,24.772000,0,1,2.687669,2.767298
507,24.772000,0,2,3.813990,3.907481
507,24.772000,0,3,2.773827,2.761219
508,24.812000,0,1,2.700327,2.809897
508,24.812000,0,2,3.864057,3.967968
508,24.812000,0,3,2.803357,2.803739
509,24.852000,0,1,2.753470,2.833082
509,24.852000,0,2,3.928499,4.000897
509,24.852000,0,3,2.803874,2.826907
510,24.892000,0,1,2.791701,2.855197
510,24.892000,0,2,3.969571,4.032309
510,24.892000,0,3,2.807655,2.849022
511,24.932000,0,1,2.849748,2.877391
511,24.932000,0,2,4.018042,4.063835
511,24.932000,0,3,2.786855,2.871232
512,24.972000,0,1,2.867045,2.897314
512,24.972000,0,2,4.042401,4.092132
512,24.972000,0,3,2.807783,2.891178
513,25.012000,0,1,2.928494,2.917294
513,25.012000,0,2,4.049925,4.120504
513,25.012000,0,3,2.821309,2.911190
514,25.052000,0,1,2.915203,2.939688
514,25.052000,0,2,4.076590,4.152294
514,25.052000,0,3,2.845611,2.933628
515,25.092000,0,1,2.915259,2.962140
515,25.092000,0,2,4.105598,4.184157
516,25.132000,0,1,2.911072,2.984647
516,25.132000,0,2,4.144914,4.216085
516,25.132000,0,3,2.898852,2.978705
517,25.172000,0,1,2.923998,3.007200
517,25.172000,0,2,4.177400,4.248066
518,25.214000,0,1,2.927900,3.030980
518,25.214000,0,2,4.191216,4.281770
518,25.214000,0,3,2.952263,3.025193
519,25.252000,0,1,2.967109,3.058364
519,25.252000,0,2,4.221475,4.320565
519,25.252000,0,3,2.990010,3.052685
520,25.292000,0,1,3.013853,3.079816
520,25.292000,0,2,4.266312,4.350943
520,25.292000,0,3,3.005421,3.074230
521,25.332000,0,1,3.030844,3.104860
521,25.332000,0,2,4.293717,4.386394
521,25.332000,0,3,3.004740,3.099392
522,25.374000,0,1,3.058951,3.128723
522,25.374000,0,2,4.333361,4.420159
522,25.374000,0,3,3.037939,3.123373
523,25.412000,0,1,3.064776,3.153787
523,25.412000,0,2,4.425051,4.455609
523,25.412000,0,3,3.040094,3.148562
524,25.452000,0,1,3.083673,3.176469
524,25.452000,0,2,4.447011,4.487680
524,25.452000,0,3,3.026266,3.171357
525,25.492000,0,1,3.107799,3.202743
525,25.492000,0,2,4.443316,4.524817
525,25.492000,0,3,3.080626,3.197754
526,25.536000,0,1,3.161925,3.229034
526,25.536000,0,2,4.478716,4.561963
526,25.536000,0,3,3.125331,3.224157
527,25.576000,0,1,3.212720,3.255344
527,25.576000,0,2,4.489813,4.599117
527,25.576000,0,3,3.127576,3.250565
528,25.614000,0,1,3.236414,3.268506
528,25.614000,0,2,4.520952,4.617694
528,25.614000,0,3,3.146735,3.263768
529,25.652000,0,1,3.277796,3.303210
529,25.652000,0,2,4.550179,4.666649
529,25.652000,0,3,3.209935,3.298566
530,25.692000,0,1,3.311078,3.322352
530,25.692000,0,2,4.581573,4.693635
530,25.692000,0,3,3.230356,3.317750
531,25.732000,0,1,3.332243,3.345066
531,25.732000,0,2,4.617222,4.725645
531,25.732000,0,3,3.254887,3.340510
532,25.772000,0,1,3.326724,3.367753
532,25.772000,0,3,3.310517,3.363243
533,25.812000,0,1,3.394197,3.389215
533,25.812000,0,3,3.371253,3.384753
534,25.852000,0,1,3.436581,3.414214
534,25.852000,0,3,3.404619,3.409816
535,25.892000,0,1,3.461366,3.434423
535,25.892000,0,2,4.633847,4.851539
535,25.892000,0,3,3.419863,3.430080
536,25.932000,0,1,3.438419,3.467654
536,25.932000,0,3,3.463842,3.463412
537,25.972000,0,1,3.443621,3.486616
537,25.972000,0,3,3.443449,3.482433
538,26.012000,0,1,3.448401,3.510290
538,26.012000,0,3,3.465340,3.506185
539,26.054000,0,1,3.432840,3.539839
539,26.054000,0,3,3.504792,3.535837
540,26.092000,0,1,3.444138,3.549284
540,26.092000,0,2,4.905126,5.013282
540,26.092000,0,3,3.534139,3.545317
541,26.132000,0,1,3.505675,3.578770
541,26.132000,0,2,5.020652,5.054757
541,26.132000,0,3,3.535237,3.574917
542,26.172000,0,1,3.552657,3.603499
542,26.172000,0,2,4.995385,5.089526
542,26.172000,0,3,3.598599,3.599745
543,26.212000,0,1,3.564742,3.629367
543,26.212000,0,2,5.030107,5.125884
543,26.212000,0,3,3.577770,3.625721
544,26.254000,0,1,3.621762,3.652851
544,26.254000,0,2,5.059937,5.158884
544,26.254000,0,3,3.563435,3.649309
545,26.292000,0,1,3.650604,3.680987
545,26.292000,0,2,5.097066,5.198422
545,26.292000,0,3,3.582389,3.677586
546,26.334000,0,1,3.661404,3.703226
546,26.334000,0,2,5.084042,5.229678
546,26.334000,0,3,3.623364,3.699953
547,26.374000,0,1,3.700143,3.730099
547,26.374000,0,2,5.152128,5.267458
547,26.374000,0,3,3.630865,3.727004
548,26.412000,0,1,3.731814,3.737100
548,26.412000,0,2,5.159525,5.277304
548,26.412000,0,3,3.669980,3.734056
549,26.452000,0,1,3.752084,3.779022
549,26.452000,0,2,5.183453,5.336283
549,26.452000,0,3,3.708959,3.776309
550,26.492000,0,1,3.792371,3.803410
550,26.492000,0,2,5.256961,5.370615
550,26.492000,0,3,3.743674,3.800905
551,26.532000,0,1,3.815728,3.826594
551,26.532000,0,2,5.344150,5.403265
551,26.532000,0,3,3.777112,3.824295
552,26.572000,0,1,3.846818,3.848581
552,26.572000,0,2,5.354888,5.434243
552,26.572000,0,3,3.822877,3.846482
553,26.612000,0,1,3.877487,3.871687
553,26.612000,0,2,5.403513,5.466812
553,26.612000,0,3,3.869431,3.869801
554,26.652000,0,1,3.889369,3.894750
554,26.652000,0,2,5.441264,5.499337
554,26.652000,0,3,3.911035,3.893081
555,26.692000,0,1,3.901589,3.912019
555,26.692000,0,2,5.465939,5.523703
555,26.692000,0,3,3.927106,3.910515
556,26.732000,0,1,3.928042,3.932710
556,26.732000,0,2,5.468856,5.552910
556,26.732000,0,3,3.927171,3.931408
557,26.776000,0,1,3.935039,3.954516
557,26.776000,0,2,5.522707,5.583707
557,26.776000,0,3,3.936651,3.953431
558,26.812000,0,1,3.948924,3.982018
558,26.812000,0,3,3.913541,3.981212
559,26.852000,0,1,3.980447,4.004906
559,26.852000,0,2,5.583739,5.654920
559,26.852000,0,3,3.890030,4.004332
560,26.892000,0,1,4.016330,4.026629
560,26.892000,0,2,5.617590,5.685632
560,26.892000,0,3,3.898898,4.026275
561,26.932000,0,1,4.032834,4.050622
561,26.932000,0,2,5.627667,5.719556
561,26.932000,0,3,3.920371,4.050510
562,26.972000,0,1,4.063210,4.073460
562,26.972000,0,2,5.654731,5.751847
562,26.972000,0,3,3.915004,4.073576
563,27.012000,0,1,4.102141,4.098568
563,27.012000,0,2,5.672062,5.787347
563,27.012000,0,3,3.967929,4.098931
564,27.052000,0,1,4.130558,4.120238
564,27.052000,0,2,5.684277,5.817986
564,27.052000,0,3,4.007926,4.120813
565,27.092000,0,1,4.101287,4.141894
565,27.092000,0,2,5.702786,5.848608
565,27.092000,0,3,4.032254,4.142683
566,27.132000,0,1,4.156084,4.164674
566,27.132000,0,2,5.745922,5.880828
566,27.132000,0,3,4.058867,4.165695
567,27.172000,0,1,4.140887,4.186294
567,27.172000,0,2,5.803744,5.911419
567,27.172000,0,3,4.102334,4.187547
568,27.212000,0,1,4.157246,4.207877
568,27.212000,0,2,5.843366,5.941976
568,27.212000,0,3,4.116064,4.209378
569,27.252000,0,1,4.154965,4.228264
569,27.252000,0,2,5.887647,5.970856
569,27.252000,0,3,4.154925,4.230016
570,27.292000,0,1,4.182773,4.249677
570,27.292000,0,2,5.923339,6.001208
570,27.292000,0,3,4.154777,4.251709
571,27.332000,0,1,4.164173,4.270923
571,27.332000,0,2,5.957907,6.031339
571,27.332000,0,3,4.178055,4.273248
572,27.372000,0,1,4.210815,4.291930
572,27.372000,0,2,5.973538,6.061148
572,27.372000,0,3,4.179733,4.294558
573,27.412000,0,1,4.233292,4.312622
573,27.412000,0,2,6.003602,6.090524
573,27.412000,0,3,4.201762,4.315559
574,27.452000,0,1,4.260425,4.332924
574,27.452000,0,2,6.028134,6.119361
574,27.452000,0,3,4.220994,4.336175
575,27.492000,0,1,4.289605,4.368063
575,27.492000,0,2,6.071243,6.169308
576,27.532000,0,1,4.308563,4.383983
576,27.532000,0,2,6.108840,6.191958
576,27.532000,0,3,4.279746,4.388075
577,27.572000,0,1,4.311861,4.403258
577,27.572000,0,2,6.163454,6.219404
577,27.572000,0,3,4.308007,4.407695
578,27.612000,0,1,4.319899,4.419965
578,27.612000,0,2,6.193643,6.243216
578,27.612000,0,3,4.367083,4.424718
579,27.652000,0,1,4.332739,4.436899
579,27.652000,0,2,6.198952,6.267376
579,27.652000,0,3,4.392454,4.441991
580,27.692000,0,1,4.381262,4.451410
580,27.692000,0,2,6.226304,6.288101
580,27.692000,0,3,4.431727,4.456813
581,27.732000,0,1,4.439313,4.466886
581,27.732000,0,2,6.225151,6.310228
581,27.732000,0,3,4.440622,4.472646
582,27.772000,0,1,4.499640,4.481555
582,27.772000,0,2,6.253513,6.331231
582,27.772000,0,3,4.489853,4.487687
583,27.812000,0,1,4.527997,4.495402
583,27.812000,0,2,6.261443,6.351082
583,27.812000,0,3,4.526573,4.501920
584,27.854000,0,1,4.529028,4.511040
584,27.854000,0,2,6.303273,6.373536
584,27.854000,0,3,4.534782,4.518043
585,27.892000,0,1,4.553554,4.523621
585,27.892000,0,2,6.334119,6.391625
585,27.892000,0,3,4.525503,4.531058
586,27.932000,0,1,4.553793,4.534684
586,27.932000,0,2,6.407846,6.407546
586,27.932000,0,3,4.550648,4.542539
587,27.972000,0,1,4.512766,4.545375
587,27.972000,0,2,6.392714,6.422947
587,27.972000,0,3,4.549618,4.553675
588,28.012000,0,1,4.493679,4.557341
588,28.012000,0,2,6.437212,6.440205
588,28.012000,0,3,4.539229,4.566202
589,28.062000,0,1,4.503369,4.565383
589,28.062000,0,2,6.436770,6.451825
589,28.062000,0,3,4.544310,4.574675
590,28.092000,0,1,4.489274,4.574904
590,28.092000,0,2,6.441765,6.465622
590,28.092000,0,3,4.551619,4.584802
591,28.132000,0,1,4.506392,4.580487
591,28.132000,0,2,6.387042,6.473754
591,28.132000,0,3,4.569619,4.590818
592,28.174000,0,1,4.520688,4.585485
592,28.174000,0,2,6.415490,6.481076
592,28.174000,0,3,4.557828,4.596285
593,28.212000,0,1,4.555255,4.587095
593,28.212000,0,2,6.420442,6.483448
593,28.212000,0,3,4.557177,4.598070
594,28.252000,0,1,4.587197,4.593409
594,28.252000,0,2,6.428549,6.492870
594,28.252000,0,3,4.603944,4.605302
595,28.292000,0,1,4.591390,4.593663
595,28.292000,0,2,6.468076,6.493257
595,28.292000,0,3,4.636445,4.605609
596,28.332000,0,1,4.550536,4.595727
596,28.332000,0,2,6.497344,6.496462
596,28.332000,0,3,4.643338,4.608221
597,28.372000,0,1,4.563512,4.596660
597,28.372000,0,2,6.501504,6.498279
597,28.372000,0,3,4.646135,4.610167
598,28.412000,0,1,4.552086,4.595787
598,28.412000,0,2,6.475230,6.497278
598,28.412000,0,3,4.669655,4.609811
599,28.452000,0,1,4.544599,4.593913
599,28.452000,0,2,6.476211,6.494865
599,28.452000,0,3,4.647750,4.608492
600,28.492000,0,1,4.532755,4.591238
600,28.492000,0,2,6.446349,6.491296
600,28.492000,0,3,4.646915,4.606348
601,28.532000,0,1,4.569262,4.587700
601,28.532000,0,2,6.490085,6.486498
601,28.532000,0,3,4.621887,4.603347
602,28.572000,0,1,4.601959,4.583313
602,28.572000,0,2,6.496680,6.480492
602,28.572000,0,3,4.621866,4.599500
603,28.612000,0,1,4.624862,4.578384
603,28.612000,0,2,6.537686,6.473704
603,28.612000,0,3,4.572945,4.595086
604,28.652000,0,1,4.621991,4.573052
604,28.652000,0,2,6.527960,6.466331
604,28.652000,0,3,4.543963,4.590241
605,28.692000,0,1,4.624375,4.565952
605,28.692000,0,2,6.510319,6.456485
605,28.692000,0,3,4.540724,4.583715
606,28.732000,0,1,4.623967,4.557981
606,28.732000,0,2,6.475824,6.445402
606,28.732000,0,3,4.543884,4.576312
607,28.772000,0,1,4.589376,4.549622
607,28.772000,0,2,6.429772,6.433757
607,28.772000,0,3,4.539172,4.568484
608,28.812000,0,1,4.539178,4.540019
608,28.812000,0,2,6.391563,6.420354
608,28.812000,0,3,4.556132,4.559423
609,28.852000,0,1,4.546347,4.527988
609,28.852000,0,2,6.407411,6.403532
609,28.852000,0,3,4.574193,4.547986
610,28.892000,0,1,4.560163,4.516111
610,28.892000,0,2,6.411724,6.386896
610,28.892000,0,3,4.567937,4.536618
611,28.932000,0,1,4.533332,4.504035
611,28.932000,0,2,6.385221,6.369954
611,28.932000,0,3,4.584428,4.524993
612,28.972000,0,2,6.368097,6.352898
612,28.972000,0,3,4.588058,4.513251
613,29.014000,0,1,4.536485,4.480498
613,29.014000,0,2,6.378838,6.336867
613,29.014000,0,3,4.549410,4.502184
614,29.052000,0,1,4.571326,4.467179
614,29.052000,0,2,6.355034,6.318111
614,29.052000,0,3,4.532211,4.489207
615,29.092000,0,1,4.549098,4.453261
615,29.092000,0,2,6.328676,6.298494
615,29.092000,0,3,4.507380,4.475608
616,29.132000,0,1,4.519856,4.437984
616,29.132000,0,2,6.333623,6.276943
616,29.132000,0,3,4.508803,4.460643
617,29.172000,0,1,4.530366,4.422084
617,29.172000,0,2,6.343846,6.254497
617,29.172000,0,3,4.500440,4.445034
618,29.212000,0,1,4.524423,4.406423
618,29.212000,0,2,6.303683,6.232378
618,29.212000,0,3,4.501465,4.429632
619,29.252000,0,1,4.486812,4.390239
619,29.252000,0,2,6.308925,6.209514
619,29.252000,0,3,4.504526,4.413692
620,29.292000,0,1,4.452757,4.374442
620,29.292000,0,2,6.290096,6.187196
620,29.292000,0,3,4.490193,4.398113
621,29.332000,0,1,4.417514,4.358208
621,29.332000,0,2,6.255073,6.164261
621,29.332000,0,3,4.430827,4.382086
622,29.372000,0,1,4.378743,4.323538
622,29.372000,0,2,6.216299,6.115288
622,29.372000,0,3,4.379616,4.347807
623,29.412000,0,1,4.335431,4.304106
623,29.412000,0,2,6.186584,6.087845
623,29.412000,0,3,4.393271,4.328569
624,29.452000,0,1,4.310923,4.285221
624,29.452000,0,2,6.118511,6.061176
624,29.452000,0,3,4.363476,4.309856
625,29.492000,0,1,4.275697,4.266967
625,29.492000,0,2,6.066876,6.035399
625,29.492000,0,3,4.336805,4.291754
626,29.532000,0,1,4.241313,4.247335
626,29.532000,0,2,6.033201,6.007675
626,29.532000,0,3,4.297329,4.272266
627,29.572000,0,1,4.202802,4.228412
627,29.572000,0,2,6.026550,5.980948
627,29.572000,0,3,4.272601,4.253459
628,29.612000,0,1,4.163477,4.209190
628,29.612000,0,2,6.005755,5.953792
628,29.612000,0,3,4.245388,4.234329
629,29.652000,0,1,4.163242,4.188601
629,29.652000,0,2,5.977309,5.924689
629,29.652000,0,3,4.215145,4.213803
630,29.692000,0,1,4.174471,4.167723
630,29.692000,0,2,5.943557,5.895160
630,29.692000,0,3,4.214852,4.192948
631,29.732000,0,1,4.153857,4.146576
631,29.732000,0,2,5.899086,5.865228
631,29.732000,0,3,4.239107,4.171781
632,29.772000,0,1,4.150703,4.124041
632,29.772000,0,2,5.833221,5.833306
632,29.772000,0,3,4.275000,4.149179
633,29.812000,0,1,4.130775,4.089747
633,29.812000,0,2,5.808086,5.784677
633,29.812000,0,3,4.226318,4.114704
634,29.860000,0,1,4.094114,4.066576
634,29.860000,0,2,5.762087,5.751792
634,29.860000,0,3,4.222569,4.091365
635,29.892000,0,1,4.054415,4.057242
635,29.892000,0,2,5.753509,5.738538
635,29.892000,0,3,4.186606,4.081953
636,29.932000,0,1,4.077275,4.032566
636,29.932000,0,2,5.708753,5.703489
636,29.932000,0,3,4.155775,4.057051
637,29.982000,0,1,4.054767,4.010034
637,29.982000,0,2,5.711537,5.671474
637,29.982000,0,3,4.116309,4.034286
638,30.012000,0,1,4.024177,3.981307
638,30.012000,0,2,5.674669,5.630655
638,30.012000,0,3,4.099448,4.005230
639,30.062000,0,1,3.996985,3.959581
639,30.062000,0,2,5.661380,5.599788
639,30.062000,0,3,4.078056,3.983234
640,30.092000,0,1,3.975114,3.929179
640,30.092000,0,2,5.635589,5.556606
640,30.092000,0,3,4.038021,3.952424
641,30.132000,0,1,3.928825,3.905925
641,30.132000,0,2,5.635262,5.523586
641,30.132000,0,3,3.991927,3.928834
642,30.172000,0,1,3.921515,3.882565
642,30.172000,0,2,5.575611,5.490424
642,30.172000,0,3,3.928678,3.905114
643,30.212000,0,1,3.934911,3.860355
643,30.212000,0,2,5.537459,5.458898
643,30.212000,0,3,3.890031,3.882540
644,30.252000,0,1,3.931455,3.836838
644,30.252000,0,2,5.493571,5.425520
644,30.252000,0,3,3.863628,3.858615
645,30.292000,0,1,3.901630,3.808283
645,30.292000,0,2,5.427653,5.384992
645,30.292000,0,3,3.880312,3.829534
646,30.332000,0,1,3.903601,3.782139
646,30.332000,0,2,5.408048,5.347882
646,30.332000,0,3,3.857578,3.802883
647,30.372000,0,1,3.899350,3.758437
647,30.372000,0,2,5.365875,5.314233
647,30.372000,0,3,3.832746,3.778701
648,30.412000,0,1,3.848253,3.733448
648,30.412000,0,2,5.323735,5.278748
648,30.412000,0,3,3.845975,3.753185
649,30.452000,0,1,3.810901,3.709677
649,30.452000,0,2,5.308166,5.244987
649,30.452000,0,3,3.785723,3.728894
650,30.492000,0,1,3.788841,3.685881
650,30.492000,0,2,5.279547,5.211186
650,30.492000,0,3,3.732582,3.704559
651,30.532000,0,1,3.756134,3.663320
651,30.532000,0,2,5.227784,5.179138
651,30.532000,0,3,3.723588,3.681470
652,30.572000,0,1,3.685260,3.638242
652,30.572000,0,2,5.213778,5.143516
652,30.572000,0,3,3.714238,3.655788
653,30.612000,0,1,3.648626,3.615670
653,30.612000,0,2,5.169713,5.111459
653,30.612000,0,3,3.667010,3.632658
654,30.654000,0,1,3.617263,3.591848
654,30.654000,0,2,5.162177,5.077632
654,30.654000,0,3,3.672276,3.608236
655,30.692000,0,1,3.613099,3.558012
655,30.692000,0,3,3.636388,3.573527
656,30.732000,0,1,3.581311,3.534219
656,30.732000,0,2,5.128182,4.995811
656,30.732000,0,3,3.603976,3.549106
657,30.772000,0,1,3.552459,3.512947
657,30.772000,0,2,5.095466,4.965607
657,30.772000,0,3,3.608313,3.527262
658,30.812000,0,1,3.554094,3.489193
658,30.812000,0,2,5.043839,4.931876
658,30.812000,0,3,3.585124,3.502860
659,30.852000,0,1,3.536294,3.465466
659,30.852000,0,2,5.015854,4.898174
659,30.852000,0,3,3.563883,3.478474
660,30.892000,0,1,3.517558,3.441768
660,30.892000,0,2,4.973695,4.864502
660,30.892000,0,3,3.553707,3.454107
661,30.932000,0,1,3.464187,3.418100
661,30.932000,0,3,3.557428,3.429761
662,30.972000,0,1,3.461949,3.394470
662,30.972000,0,2,4.929835,4.797265
662,30.972000,0,3,3.519206,3.405440
663,31.012000,0,1,3.427174,3.348577
663,31.012000,0,2,4.866855,4.731976
663,31.012000,0,3,3.528636,3.358166
664,31.052000,0,1,3.382210,3.323842
664,31.052000,0,3,3.492544,3.332664
665,31.092000,0,1,3.326492,3.300393
665,31.092000,0,2,4.824080,4.663394
665,31.092000,0,3,3.454443,3.308478
666,31.132000,0,1,3.329083,3.278224
666,31.132000,0,2,4.824716,4.631841
666,31.132000,0,3,3.383471,3.285606
667,31.172000,0,1,3.267239,3.254871
667,31.172000,0,2,4.720699,4.598607
667,31.172000,0,3,3.330367,3.261511
668,31.212000,0,1,3.226582,3.231565
668,31.212000,0,2,4.659902,4.565453
668,31.212000,0,3,3.282416,3.237470
669,31.252000,0,1,3.211159,3.208311
669,31.252000,0,2,4.627436,4.532383
669,31.252000,0,3,3.253497,3.213490
670,31.292000,0,1,3.219599,3.185109
670,31.292000,0,2,4.569858,4.499400
670,31.292000,0,3,3.255961,3.189575
671,31.332000,0,1,3.181718,3.163178
671,31.332000,0,2,4.512400,4.468236
672,31.372000,0,1,3.157998,3.140076
672,31.372000,0,2,4.519282,4.435425
672,31.372000,0,3,3.238572,3.143191
673,31.412000,0,1,3.136675,3.121870
673,31.412000,0,2,4.522249,4.409579
673,31.412000,0,3,3.245754,3.124453
674,31.452000,0,1,3.096500,3.098850
674,31.452000,0,2,4.485640,4.376914
674,31.452000,0,3,3.233642,3.100769
675,31.492000,0,1,3.050087,3.054152
675,31.492000,0,2,4.468640,4.313536
675,31.492000,0,3,3.205739,3.054806
676,31.532000,0,1,3.054596,3.031268
676,31.532000,0,2,4.411709,4.281107
676,31.532000,0,3,3.192706,3.031280
677,31.574000,0,1,3.031680,3.007234
677,31.574000,0,2,4.360396,4.247060
677,31.574000,0,3,3.170795,3.006573
678,31.612000,0,1,3.033555,2.983258
678,31.612000,0,2,4.320848,4.213105
678,31.612000,0,3,3.138402,2.981928
679,31.652000,0,1,3.042741,2.965315
679,31.652000,0,2,4.283066,4.187699
679,31.652000,0,3,3.079303,2.963486
680,31.692000,0,1,3.027728,2.942635
680,31.692000,0,2,4.234111,4.155593
680,31.692000,0,3,3.066074,2.940178
681,31.732000,0,1,2.978647,2.921201
681,31.732000,0,2,4.202917,4.125256
681,31.732000,0,3,3.005560,2.918155
682,31.772000,0,1,2.971714,2.898633
682,31.772000,0,2,4.157782,4.093322
682,31.772000,0,3,2.977544,2.894974
683,31.812000,0,1,2.953343,2.874945
683,31.812000,0,2,4.132031,4.059810
683,31.812000,0,3,2.925204,2.870648
684,31.852000,0,1,2.883149,2.852504
684,31.852000,0,2,4.111109,4.028072
684,31.852000,0,3,2.935503,2.847611
685,31.892000,0,1,2.851257,2.831304
685,31.892000,0,2,4.100959,3.998096
685,31.892000,0,3,2.899175,2.825851
686,31.932000,0,1,2.833337,2.808991
686,31.932000,0,2,4.064891,3.966551
686,31.932000,0,3,2.861618,2.802949
687,31.972000,0,1,2.820029,2.786744
687,31.972000,0,2,4.056853,3.935107
687,31.972000,0,3,2.845308,2.780117
688,32.012000,0,1,2.810788,2.765730
688,32.012000,0,2,4.014621,3.905409
688,32.012000,0,3,2.819134,2.758552
689,32.052000,0,1,2.805250,2.723880
689,32.052000,0,2,3.965390,3.846272
689,32.052000,0,3,2.741258,2.715608
690,32.092000,0,1,2.780125,2.700726
690,32.092000,0,3,2.706299,2.691852
691,32.132000,0,1,2.748006,2.678828
691,32.132000,0,2,3.929442,3.782624
691,32.132000,0,3,2.661604,2.669397
692,32.172000,0,1,2.717542,2.657187
692,32.172000,0,2,3.875749,3.752082
692,32.172000,0,3,2.639797,2.647226
693,32.212000,0,1,2.675518,2.633735
693,32.212000,0,2,3.816188,3.719018
693,32.212000,0,3,2.637433,2.623214
694,32.254000,0,1,2.651751,2.612975
694,32.254000,0,2,3.771512,3.689770
694,32.254000,0,3,2.642843,2.601959
695,32.292000,0,1,2.630812,2.595804
695,32.292000,0,2,3.719935,3.665585
695,32.292000,0,3,2.653194,2.584371
696,32.332000,0,1,2.618659,2.573625
696,32.332000,0,2,3.682648,3.634341
696,32.332000,0,3,2.658980,2.561634
697,32.374000,0,1,2.608701,2.550724
697,32.374000,0,2,3.653207,3.602066
697,32.374000,0,3,2.604572,2.538135
698,32.412000,0,1,2.562806,2.531138
698,32.412000,0,2,3.661877,3.574454
698,32.412000,0,3,2.576071,2.518031
699,32.452000,0,1,2.568908,2.509640
699,32.452000,0,2,3.610193,3.544141
699,32.452000,0,3,2.542648,2.495967
700,32.492000,0,1,2.553593,2.492333
700,32.492000,0,2,3.597286,3.519744
700,32.492000,0,3,2.496173,2.478217
701,32.532000,0,1,2.520134,2.471077
701,32.532000,0,2,3.563212,3.489796
701,32.532000,0,3,2.470671,2.456445
702,32.574000,0,1,2.477800,2.455993
702,32.574000,0,2,3.542012,3.468558
702,32.574000,0,3,2.499909,2.441019
703,32.612000,0,1,2.466037,2.434058
703,32.612000,0,2,3.486619,3.437704
703,32.612000,0,3,2.480269,2.418627
704,32.652000,0,1,2.427239,2.415339
704,32.652000,0,2,3.476415,3.411405
704,32.652000,0,3,2.487535,2.399557
705,32.692000,0,1,2.407986,2.387281
705,32.692000,0,2,3.464135,3.372026
705,32.692000,0,3,2.466197,2.371031
706,32.732000,0,1,2.371780,2.368357
706,32.732000,0,2,3.453970,3.345486
706,32.732000,0,3,2.454007,2.351823
707,32.772000,0,1,2.366736,2.348916
707,32.772000,0,3,2.423005,2.332103
708,32.812000,0,1,2.351197,2.331738
708,32.812000,0,2,3.419452,3.294126
708,32.812000,0,3,2.412196,2.314684
709,32.852000,0,1,2.353355,2.314106
709,32.852000,0,2,3.380310,3.269376
709,32.852000,0,3,2.360140,2.296800
710,32.892000,0,1,2.341583,2.296107
710,32.892000,0,2,3.342247,3.244091
710,32.892000,0,3,2.356400,2.278535
711,32.932000,0,1,2.345499,2.281110
711,32.932000,0,2,3.257674,3.223000
711,32.932000,0,3,2.309787,2.263302
712,32.972000,0,1,2.342803,2.265715
712,32.972000,0,2,3.187643,3.201325
712,32.972000,0,3,2.276358,2.247652
713,33.012000,0,1,2.318486,2.254660
713,33.012000,0,2,3.157823,3.185744
713,33.012000,0,3,2.266223,2.236404
714,33.052000,0,1,2.320930,2.240048
714,33.052000,0,2,3.132046,3.165127
714,33.052000,0,3,2.265255,2.221524
715,33.092000,0,1,2.291979,2.217891
715,33.092000,0,2,3.096675,3.133823
715,33.092000,0,3,2.232521,2.198932
716,33.132000,0,1,2.259631,2.204436
716,33.132000,0,2,3.116832,3.114790
716,33.132000,0,3,2.230608,2.185194
717,33.172000,0,1,2.232005,2.190084
717,33.172000,0,2,3.101021,3.094469
717,33.172000,0,3,2.207180,2.170517
718,33.212000,0,1,2.212567,2.176919
718,33.212000,0,2,3.090983,3.075812
718,33.212000,0,3,2.180082,2.157027
719,33.252000,0,1,2.166114,2.176919
719,33.252000,0,2,3.072275,3.075812
719,33.252000,0,3,2.169651,2.157027
720,33.292000,0,1,2.146313,2.162381
720,33.292000,0,2,3.076009,3.055191
720,33.292000,0,3,2.159920,2.142094
721,33.332000,0,1,2.170979,2.149665
721,33.332000,0,2,3.070297,3.037140
721,33.332000,0,3,2.169510,2.128999
722,33.372000,0,1,2.177720,2.138616
722,33.372000,0,2,3.079483,3.021442
722,33.372000,0,3,2.179380,2.117592
723,33.412000,0,1,2.160298,2.118325
723,33.412000,0,2,3.075205,2.992579
723,33.412000,0,3,2.154191,2.096575
724,33.452000,0,1,2.146372,2.108525
724,33.452000,0,2,3.055919,2.978621
724,33.452000,0,3,2.119309,2.086393
725,33.492000,0,1,2.168209,2.099143
725,33.492000,0,3,2.108717,2.076625
726,33.532000,0,1,2.111711,2.090174
726,33.532000,0,2,3.022799,2.952451
726,33.532000,0,3,2.088854,2.067268
727,33.572000,0,1,2.102713,2.082056
727,33.572000,0,2,2.988330,2.940861
727,33.572000,0,3,2.057622,2.058780
728,33.612000,0,1,2.097302,2.074301
728,33.612000,0,2,2.970039,2.929786
728,33.612000,0,3,2.070840,2.050654
729,33.652000,0,1,2.060450,2.066506
729,33.652000,0,2,2.939780,2.918651
729,33.652000,0,3,2.065643,2.042461
730,33.692000,0,1,2.026368,2.059107
730,33.692000,0,2,2.935456,2.908077
730,33.692000,0,3,2.031768,2.034655
731,33.732000,0,1,2.077746,2.052098
731,33.732000,0,2,2.942788,2.898055
731,33.732000,0,3,2.053092,2.027224
732,33.772000,0,1,2.069759,2.045810
732,33.772000,0,2,2.929029,2.889056
732,33.772000,0,3,2.038197,2.020521
733,33.812000,0,1,2.097855,2.039536
733,33.812000,0,2,2.925599,2.880065
733,33.812000,0,3,1.986719,2.013788
734,33.852000,0,1,2.125364,2.033627
734,33.852000,0,2,2.917775,2.871579
734,33.852000,0,3,1.994844,2.007396
735,33.892000,0,1,2.100211,2.028352
735,33.892000,0,2,2.900050,2.863991
735,33.892000,0,3,1.988878,2.001644
736,33.932000,0,1,2.044821,2.018705
736,33.932000,0,2,2.887775,2.850068
736,33.932000,0,3,1.944275,1.990981
737,33.972000,0,1,2.024620,2.013841
737,33.972000,0,2,2.847060,2.843022
737,33.972000,0,3,1.952169,1.985522
738,34.012000,0,1,2.014632,2.009533
738,34.012000,0,2,2.799398,2.836766
738,34.012000,0,3,1.965541,1.980631
739,34.052000,0,1,2.032371,2.005725
739,34.052000,0,2,2.815097,2.831221
739,34.052000,0,3,1.966189,1.976256
740,34.092000,0,1,2.066385,2.001983
740,34.092000,0,2,2.794614,2.825764
740,34.092000,0,3,1.975161,1.971903
741,34.132000,0,1,2.110984,1.998517
741,34.132000,0,2,2.800117,2.820704
741,34.132000,0,3,1.962367,1.967819
742,34.172000,0,1,2.079535,1.995479
742,34.172000,0,2,2.830886,2.816268
742,34.172000,0,3,1.936268,1.964194
743,34.212000,0,1,2.043121,1.992669
743,34.212000,0,2,2.872504,2.812170
743,34.212000,0,3,1.955825,1.960805
744,34.252000,0,1,2.007096,1.989668
744,34.252000,0,3,1.940279,1.957149
745,34.292000,0,1,1.982571,1.987197
745,34.292000,0,2,2.827821,2.804225
745,34.292000,0,3,1.956471,1.954115
746,34.332000,0,1,1.956186,1.984949
746,34.332000,0,2,2.854673,2.800990
746,34.332000,0,3,1.974187,1.951342
747,34.372000,0,1,1.983611,1.983016
747,34.372000,0,2,2.840824,2.798230
747,34.372000,0,3,1.986503,1.948951
748,34.412000,0,1,1.990552,1.981174
748,34.412000,0,3,1.982843,1.946670
749,34.452000,0,1,2.000070,1.979526
749,34.452000,0,2,2.853476,2.793324
749,34.452000,0,3,1.991387,1.944631
750,34.492000,0,1,1.975317,1.978135
750,34.492000,0,2,2.822475,2.791412
750,34.492000,0,3,1.999166,1.942914
751,34.532000,0,1,1.945623,1.975815
751,34.532000,0,2,2.815609,2.788312
751,34.532000,0,3,1.980489,1.940074
752,34.572000,0,1,1.937954,1.975119
752,34.572000,0,2,2.792511,2.787413
752,34.572000,0,3,1.971714,1.939231
753,34.612000,0,1,1.939199,1.974229
753,34.612000,0,2,2.768306,2.786291
753,34.612000,0,3,1.957554,1.938161
754,34.652000,0,1,1.900067,1.973482
754,34.652000,0,2,2.765398,2.785384
754,34.652000,0,3,1.936330,1.937274
755,34.692000,0,1,1.955446,1.972871
755,34.692000,0,2,2.791884,2.784677
755,34.692000,0,3,1.901244,1.936559
756,34.732000,0,1,1.982086,1.972388
756,34.732000,0,2,2.775339,2.784159
756,34.732000,0,3,1.937588,1.936008
757,34.772000,0,1,1.990142,1.972044
757,34.772000,0,2,2.774685,2.783831
757,34.772000,0,3,1.947841,1.935630
758,34.812000,0,1,2.008590,1.971794
758,34.812000,0,2,2.819658,2.783649
758,34.812000,0,3,1.927731,1.935377
759,34.852000,0,1,1.991581,1.971655
759,34.852000,0,2,2.801565,2.783626
759,34.852000,0,3,1.919742,1.935268
760,34.892000,0,1,1.958165,1.971668
760,34.892000,0,2,2.784697,2.783973
760,34.892000,0,3,1.931685,1.935425
761,34.932000,0,1,1.928285,1.971807
761,34.932000,0,2,2.830730,2.784358
761,34.932000,0,3,1.901604,1.935696
762,34.972000,0,1,1.900140,1.972028
762,34.972000,0,2,2.831956,2.784867
762,34.972000,0,3,1.883775,1.936093
763,35.012000,0,1,1.889674,1.972357
763,35.012000,0,2,2.819985,2.785565
763,35.012000,0,3,1.923482,1.936669
764,35.052000,0,1,1.933862,1.972703
764,35.052000,0,2,2.846555,2.786267
764,35.052000,0,3,1.940331,1.937271
765,35.092000,0,1,1.947659,1.973153
765,35.092000,0,2,2.827003,2.787148
765,35.092000,0,3,1.935733,1.938049
766,35.132000,0,1,1.970762,1.973642
766,35.132000,0,2,2.812560,2.788076
766,35.132000,0,3,1.950062,1.938886
767,35.172000,0,1,2.016676,1.974215
767,35.172000,0,2,2.818376,2.789141
767,35.172000,0,3,1.981162,1.939862
768,35.212000,0,1,2.029307,1.974814
768,35.212000,0,2,2.811826,2.790228
768,35.212000,0,3,1.943245,1.940873
769,35.254000,0,1,2.005971,1.975423
769,35.254000,0,2,2.813054,2.791320
769,35.254000,0,3,1.942659,1.941901
770,35.292000,0,1,1.993669,1.976181
770,35.292000,0,2,2.799148,2.792659
770,35.292000,0,3,1.945787,1.943179
771,35.332000,0,1,2.023243,1.976904
771,35.332000,0,2,2.816650,2.793926
771,35.332000,0,3,1.945696,1.944402
772,35.372000,0,1,2.015804,1.977614
772,35.372000,0,2,2.821186,2.795167
772,35.372000,0,3,1.930600,1.945612
773,35.412000,0,1,1.986382,1.978303
773,35.412000,0,2,2.830371,2.796369
773,35.412000,0,3,1.943273,1.946796
774,35.452000,0,1,2.017958,1.979088
774,35.452000,0,2,2.783781,2.797744
774,35.452000,0,3,1.937702,1.948162
775,35.492000,0,1,2.013377,1.979885
775,35.492000,0,2,2.823077,2.799147
775,35.492000,0,3,1.966559,1.949568
776,35.532000,0,1,1.988904,1.980689
776,35.532000,0,2,2.798981,2.800574
776,35.532000,0,3,1.937294,1.951010
777,35.572000,0,1,1.929538,1.981456
777,35.572000,0,2,2.803254,2.801948
777,35.572000,0,3,1.953102,1.952406
778,35.612000,0,1,1.915489,1.983039
778,35.612000,0,2,2.807369,2.804835
778,35.612000,0,3,1.977699,1.955358
779,35.652000,0,1,1.878199,1.983851
779,35.652000,0,2,2.823221,2.806346
779,35.652000,0,3,2.013405,1.956910
780,35.692000,0,1,1.873076,1.984618
780,35.692000,0,2,2.840627,2.807790
780,35.692000,0,3,1.987454,1.958396
781,35.732000,0,1,1.866606,1.985423
781,35.732000,0,2,2.853222,2.809321
781,35.732000,0,3,1.992405,1.959978
782,35.772000,0,1,1.930858,1.986221
782,35.772000,0,2,2.821915,2.810849
782,35.772000,0,3,1.960474,1.961568
783,35.812000,0,1,1.947524,1.987010
783,35.812000,0,2,2.798519,2.812369
783,35.812000,0,3,1.968562,1.963164
784,35.852000,0,1,1.958978,1.987748
784,35.852000,0,2,2.818229,2.813795
784,35.852000,0,3,1.925397,1.964676
785,35.892000,0,1,1.980328,1.988518
785,35.892000,0,2,2.811215,2.815281
785,35.892000,0,3,1.914177,1.966273
786,35.932000,0,1,2.002277,1.989278
786,35.932000,0,2,2.808259,2.816743
786,35.932000,0,3,1.934686,1.967867
787,35.972000,0,1,1.993661,1.989989
787,35.972000,0,2,2.805642,2.818105
787,35.972000,0,3,1.944435,1.969374
788,36.012000,0,1,2.008578,1.990689
788,36.012000,0,2,2.821574,2.819442
788,36.012000,0,3,1.918568,1.970875
789,36.052000,0,1,2.043541,1.991416
789,36.052000,0,2,2.809299,2.820822
789,36.052000,0,3,1.936871,1.972452
790,36.092000,0,1,2.033484,1.992127
790,36.092000,0,2,2.795273,2.822164
790,36.092000,0,3,1.954263,1.974017
791,36.132000,0,1,2.029007,1.993412
791,36.132000,0,2,2.783581,2.824583
791,36.132000,0,3,1.945202,1.976940
792,36.172000,0,1,2.004894,1.993446
792,36.172000,0,2,2.802776,2.824648
792,36.172000,0,3,1.975558,1.977020
793,36.212000,0,1,1.991163,1.994726
793,36.212000,0,2,2.810751,2.827046
793,36.212000,0,3,1.974405,1.980087
794,36.252000,0,1,1.983337,1.995333
794,36.252000,0,2,2.817314,2.828184
794,36.252000,0,3,1.987668,1.981605
795,36.292000,0,1,1.983645,1.995822
795,36.292000,0,2,2.802814,2.829103
795,36.292000,0,3,2.015430,1.982859
796,36.332000,0,1,1.961671,1.996337
796,36.332000,0,2,2.810131,2.830081
796,36.332000,0,3,2.016053,1.984218
797,36.372000,0,2,2.843417,2.831056
797,36.372000,0,3,1.991445,1.985596
798,36.412000,0,1,1.978723,1.997288
798,36.412000,0,2,2.859460,2.831933
798,36.412000,0,3,2.011583,1.986856
799,36.452000,0,1,2.010448,1.997701
799,36.452000,0,2,2.851197,2.832765
799,36.452000,0,3,1.992983,1.988069
800,36.492000,0,1,2.004708,1.998081
800,36.492000,0,2,2.846955,2.833555
800,36.492000,0,3,1.967921,1.989240
801,36.532000,0,1,2.004079,1.998431
801,36.532000,0,2,2.845932,2.834306
801,36.532000,0,3,1.987015,1.990372
802,36.572000,0,1,2.030963,1.998736
802,36.572000,0,2,2.833417,2.834985
802,36.572000,0,3,2.006718,1.991413
803,36.612000,0,1,2.017340,1.999029
803,36.612000,0,2,2.821123,2.835668
803,36.612000,0,3,1.987242,1.992482
804,36.652000,0,1,2.001289,1.999292
804,36.652000,0,2,2.840351,2.836319
804,36.652000,0,3,2.015206,1.993523
805,36.692000,0,1,1.987321,1.999525
805,36.692000,0,2,2.846992,2.836937
805,36.692000,0,3,2.024068,1.994540
806,36.732000,0,1,2.012779,1.999728
806,36.732000,0,2,2.819685,2.837524
806,36.732000,0,3,2.025889,1.995535
807,36.772000,0,1,2.003947,1.999891
807,36.772000,0,2,2.787459,2.838050
807,36.772000,0,3,2.019421,1.996457
808,36.812000,0,1,2.018057,2.000043
808,36.812000,0,2,2.774670,2.838602
808,36.812000,0,3,1.998510,1.997458
809,36.852000,0,1,2.022633,2.000159
809,36.852000,0,2,2.751213,2.839092
809,36.852000,0,3,1.960209,1.998385
810,36.892000,0,1,2.030726,2.000314
810,36.892000,0,2,2.768227,2.839928
810,36.892000,0,3,1.959097,2.000068
811,36.932000,0,1,2.004822,2.000364
811,36.932000,0,2,2.822502,2.840319
811,36.932000,0,3,1.929786,2.000915
812,36.972000,0,1,1.983944,2.000396
812,36.972000,0,2,2.853905,2.840675
812,36.972000,0,3,1.898654,2.001731
813,37.012000,0,1,1.998124,2.000409
813,37.012000,0,2,2.847823,2.840993
813,37.012000,0,3,1.877277,2.002516
814,37.052000,0,1,1.986845,2.000405
814,37.052000,0,2,2.841735,2.841275
814,37.052000,0,3,1.905910,2.003270
815,37.092000,0,1,1.972246,2.000383
815,37.092000,0,2,2.849421,2.841521
815,37.092000,0,3,1.910436,2.003993
816,37.132000,0,1,1.962698,2.000344
816,37.132000,0,3,1.934619,2.004686
817,37.172000,0,1,1.935506,2.000292
817,37.172000,0,2,2.844118,2.841903
817,37.172000,0,3,2.000126,2.005317
818,37.212000,0,1,1.918546,2.000222
818,37.212000,0,2,2.823672,2.842044
818,37.212000,0,3,2.047329,2.005924
819,37.252000,0,1,1.935431,2.000131
819,37.252000,0,2,2.827334,2.842161
819,37.252000,0,3,2.047237,2.006543
820,37.292000,0,1,1.956352,2.000028
820,37.292000,0,2,2.810672,2.842241
820,37.292000,0,3,2.046245,2.007108
821,37.332000,0,1,1.965009,1.999901
821,37.332000,0,2,2.806515,2.842293
821,37.332000,0,3,2.031177,2.007686
822,37.372000,0,1,2.009814,1.999766
822,37.372000,0,2,2.803233,2.842310
822,37.372000,0,3,2.003553,2.008217
823,37.412000,0,1,2.006484,1.999607
823,37.412000,0,2,2.801524,2.842294
823,37.412000,0,3,1.995134,2.008762
824,37.452000,0,1,1.994063,1.999256
824,37.452000,0,2,2.814331,2.842154
824,37.452000,0,3,1.985332,2.009775
825,37.492000,0,1,1.985532,1.999079
825,37.492000,0,2,2.812581,2.842037
825,37.492000,0,3,2.001843,2.010219
826,37.532000,0,1,1.989304,1.998893
826,37.532000,0,2,2.800569,2.841887
826,37.532000,0,3,1.991591,2.010648
827,37.572000,0,1,1.974377,1.998666
827,37.572000,0,2,2.776942,2.841671
827,37.572000,0,3,1.963573,2.011137
828,37.612000,0,1,1.986198,1.998477
828,37.612000,0,2,2.781592,2.841472
828,37.612000,0,3,1.971143,2.011516
829,37.654000,0,1,1.986052,1.998248
829,37.654000,0,2,2.791936,2.841210
829,37.654000,0,3,1.965248,2.011958
830,37.692000,0,1,1.979475,1.998023
830,37.692000,0,2,2.805071,2.840939
830,37.692000,0,3,1.944899,2.012369
831,37.732000,0,1,1.993576,1.997780
831,37.732000,0,2,2.801969,2.840632
831,37.732000,0,3,1.976845,2.012796
832,37.772000,0,1,1.970236,1.997501
832,37.772000,0,2,2.808526,2.840273
832,37.772000,0,3,2.002531,2.013262
833,37.814000,0,1,1.976999,1.997227
833,37.814000,0,2,2.796269,2.839914
833,37.814000,0,3,2.001544,2.013700
834,37.852000,0,1,1.973257,1.996872
834,37.852000,0,2,2.783180,2.839444
834,37.852000,0,3,2.009687,2.014246
835,37.894000,0,1,1.980301,1.996566
835,37.894000,0,2,2.811131,2.839035
835,37.894000,0,3,2.035178,2.014706
836,37.932000,0,1,1.928178,1.996256
836,37.932000,0,2,2.845440,2.838614
836,37.932000,0,3,2.036356,2.015167
837,37.974000,0,1,1.961792,1.995974
837,37.974000,0,2,2.842409,2.838225
837,37.974000,0,3,2.012530,2.015585
838,38.012000,0,1,1.953411,1.995665
838,38.012000,0,2,2.873959,2.837790
838,38.012000,0,3,2.038624,2.016044
839,38.054000,0,1,1.952709,1.995375
839,38.054000,0,2,2.886614,2.837368
839,38.054000,0,3,2.031175,2.016478
840,38.092000,0,1,1.960507,1.995090
840,38.092000,0,2,2.882658,2.836936
840,38.092000,0,3,1.990103,2.016905
841,38.132000,0,1,1.982386,1.994822
841,38.132000,0,2,2.839811,2.836515
841,38.132000,0,3,1.970306,2.017303
842,38.172000,0,1,2.005956,1.994527
842,38.172000,0,2,2.837922,2.836038
842,38.172000,0,3,1.996883,2.017733
843,38.212000,0,1,1.993107,1.994276
843,38.212000,0,2,2.815830,2.835621
844,38.252000,0,1,1.995141,1.994013
844,38.252000,0,2,2.812193,2.835173
844,38.252000,0,3,1.997314,2.018462
845,38.292000,0,1,1.994011,1.993768
845,38.292000,0,2,2.807575,2.834745
845,38.292000,0,3,2.036336,2.018802
846,38.332000,0,1,2.029630,1.993514
846,38.332000,0,2,2.830926,2.834291
846,38.332000,0,3,2.034801,2.019154
847,38.378000,0,1,1.990184,1.993269
847,38.378000,0,2,2.845306,2.833838
847,38.378000,0,3,2.015520,2.019499
848,38.412000,0,1,2.007827,1.992972
848,38.412000,0,2,2.840518,2.833270
848,38.412000,0,3,1.998943,2.019926
849,38.458000,0,1,2.024624,1.992771
849,38.458000,0,2,2.815918,2.832870
849,38.458000,0,3,2.013285,2.020220
850,38.492000,0,1,2.018674,1.992477
850,38.492000,0,2,2.793790,2.832254
850,38.492000,0,3,1.984088,2.020653
851,38.532000,0,1,2.036356,1.992267
851,38.532000,0,2,2.805129,2.831799
851,38.532000,0,3,1.998065,2.020955
852,38.572000,0,1,2.057343,1.992004
852,38.572000,0,2,2.829089,2.831214
852,38.572000,0,3,2.027475,2.021317
853,38.612000,0,1,2.060392,1.991794
853,38.612000,0,2,2.869307,2.830742
853,38.612000,0,3,2.037294,2.021588
854,38.662000,0,1,2.020218,1.991582
854,38.662000,0,2,2.859406,2.830265
854,38.662000,0,3,2.014092,2.021846
855,38.692000,0,1,2.012959,1.991299
855,38.692000,0,2,2.872796,2.829631
855,38.692000,0,3,2.023986,2.022166
856,38.732000,0,1,1.988028,1.991083
856,38.732000,0,2,2.879414,2.829149
856,38.732000,0,3,2.030040,2.022394
857,38.772000,0,1,1.983377,1.990867
857,38.772000,0,2,2.842141,2.828674
857,38.772000,0,3,2.029767,2.022613
858,38.812000,0,1,1.949911,1.990653
858,38.812000,0,2,2.792822,2.828209
858,38.812000,0,3,2.045113,2.022824
859,38.852000,0,1,1.957310,1.990454
859,38.852000,0,2,2.799885,2.827777
859,38.852000,0,3,2.013328,2.023016
860,38.892000,0,1,1.988853,1.990238
860,38.892000,0,2,2.801623,2.827307
860,38.892000,0,3,2.022495,2.023217
861,38.932000,0,1,1.986858,1.990040
861,38.932000,0,2,2.770491,2.826867
861,38.932000,0,3,1.988007,2.023393
862,38.972000,0,1,1.993549,1.989848
862,38.972000,0,2,2.777722,2.826433
862,38.972000,0,3,1.987076,2.023554
863,39.012000,0,1,1.997078,1.989652
863,39.012000,0,2,2.781795,2.825978
863,39.012000,0,3,1.963311,2.023703
864,39.054000,0,1,2.016230,1.989467
864,39.054000,0,2,2.798500,2.825545
864,39.054000,0,3,2.000851,2.023826
865,39.092000,0,1,1.994578,1.989281
865,39.092000,0,2,2.804471,2.825110
865,39.092000,0,3,1.996342,2.023930
866,39.132000,0,1,1.999064,1.989068
866,39.132000,0,2,2.809204,2.824624
866,39.132000,0,3,2.043522,2.024022
867,39.176000,0,1,1.990288,1.988876
867,39.176000,0,2,2.797645,2.824204
867,39.176000,0,3,2.036538,2.024082
868,39.212000,0,1,1.964774,1.988602
868,39.212000,0,2,2.819523,2.823640
868,39.212000,0,3,2.034725,2.024130
869,39.254000,0,1,1.949271,1.988370
869,39.254000,0,2,2.830844,2.823191
869,39.254000,0,3,2.027629,2.024139
870,39.292000,0,1,1.958694,1.988072
870,39.292000,0,2,2.828044,2.822646
870,39.292000,0,3,2.010674,2.024113
871,39.332000,0,1,1.928655,1.987828
871,39.332000,0,2,2.810225,2.822222
871,39.332000,0,3,2.012547,2.024062
872,39.376000,0,1,1.940297,1.987532
872,39.376000,0,2,2.834154,2.821733
872,39.376000,0,3,2.021889,2.023969
873,39.412000,0,1,1.985484,1.987209
873,39.412000,0,2,2.824816,2.821229
873,39.412000,0,3,2.041009,2.023836
874,39.454000,0,1,1.980156,1.986935
874,39.454000,0,2,2.780756,2.820826
874,39.454000,0,3,2.015249,2.023701
875,39.492000,0,1,1.985001,1.986621
875,39.492000,0,2,2.802637,2.820386
875,39.492000,0,3,1.999578,2.023525
876,39.532000,0,1,1.976356,1.986310
876,39.532000,0,2,2.799285,2.819978
876,39.532000,0,3,1.974096,2.023334
877,39.578000,0,1,1.977609,1.985955
877,39.578000,0,2,2.783929,2.819539
877,39.578000,0,3,1.976989,2.023099
878,39.612000,0,1,1.962853,1.985515
878,39.612000,0,2,2.770639,2.819033
878,39.612000,0,3,1.968879,2.022786
879,39.652000,0,1,1.973840,1.985171
879,39.652000,0,2,2.810013,2.818661
879,39.652000,0,3,2.013734,2.022526
880,39.692000,0,1,1.969799,1.984838
880,39.692000,0,2,2.799842,2.818318
880,39.692000,0,3,2.038534,2.022262
881,39.732000,0,1,1.978682,1.984499
881,39.732000,0,2,2.796481,2.817984
881,39.732000,0,3,2.038136,2.021980
882,39.772000,0,1,1.976685,1.984136
882,39.772000,0,2,2.817923,2.817640
882,39.772000,0,3,2.049786,2.021666
883,39.812000,0,1,1.993334,1.983770
883,39.812000,0,2,2.850626,2.817304
883,39.812000,0,3,2.082526,2.021334
884,39.852000,0,1,2.005891,1.983403
884,39.852000,0,2,2.827170,2.816976
884,39.852000,0,3,2.044322,2.020986
885,39.892000,0,1,1.966217,1.983032
885,39.892000,0,2,2.811939,2.816654
885,39.892000,0,3,2.007498,2.020621
886,39.932000,0,1,1.998259,1.982679
886,39.932000,0,2,2.805196,2.816353
886,39.932000,0,3,1.990972,2.020261
887,39.972000,0,1,1.981515,1.982302
887,39.972000,0,2,2.772763,2.816038
887,39.972000,0,3,1.978264,2.019865
888,40.012000,0,1,1.969085,1.981921
888,40.012000,0,2,2.779456,2.815724
888,40.012000,0,3,1.953434,2.019452
889,40.052000,0,1,1.971582,1.981554
889,40.052000,0,2,2.798698,2.815425
889,40.052000,0,3,1.956022,2.019047
890,40.092000,0,1,2.005050,1.981162
890,40.092000,0,2,2.804994,2.815109
890,40.092000,0,3,1.945372,2.018606
891,40.132000,0,1,1.960442,1.980766
891,40.132000,0,2,2.810837,2.814794
891,40.132000,0,3,1.966358,2.018152
892,40.172000,0,1,1.939937,1.979990
892,40.172000,0,2,2.829236,2.814190
892,40.172000,0,3,1.982350,2.017233
893,40.212000,0,1,1.939743,1.979635
893,40.212000,0,2,2.804120,2.813919
893,40.212000,0,3,1.970255,2.016794
894,40.252000,0,1,1.943629,1.979242
894,40.252000,0,2,2.761859,2.813624
894,40.252000,0,3,1.979203,2.016291
895,40.292000,0,1,1.919801,1.978833
895,40.292000,0,2,2.747531,2.813323
895,40.292000,0,3,2.021987,2.015748
896,40.332000,0,1,1.937328,1.978450
896,40.332000,0,2,2.725963,2.813046
896,40.332000,0,3,2.030120,2.015221
897,40.372000,0,1,1.948212,1.978073
897,40.372000,0,2,2.737702,2.812777
897,40.372000,0,3,2.023725,2.014683
898,40.412000,0,1,1.956225,1.977703
898,40.412000,0,2,2.715961,2.812517
898,40.412000,0,3,2.006226,2.014136
899,40.452000,0,1,1.913237,1.977340
899,40.452000,0,2,2.724784,2.812265
899,40.452000,0,3,1.969368,2.013580
900,40.492000,0,1,1.940769,1.977005
900,40.492000,0,2,2.729540,2.812032
900,40.492000,0,3,1.980679,2.013046
901,40.532000,0,1,1.959433,1.976662
901,40.532000,0,2,2.747865,2.811793
901,40.532000,0,3,1.986261,2.012476
902,40.572000,0,1,1.995188,1.976348
902,40.572000,0,2,2.742655,2.811573
902,40.572000,0,3,1.965129,2.011929
903,40.612000,0,1,1.987957,1.975996
903,40.612000,0,2,2.766926,2.811324
903,40.612000,0,3,1.987797,2.011284
904,40.652000,0,1,2.047433,1.975676
904,40.652000,0,2,2.818314,2.811095
904,40.652000,0,3,2.023609,2.010664
905,40.692000,0,1,2.012104,1.975384
905,40.692000,0,2,2.854903,2.810882
905,40.692000,0,3,2.029977,2.010070
906,40.732000,0,1,2.002998,1.974901
906,40.732000,0,2,2.864726,2.810525
906,40.732000,0,3,2.042677,2.009034
907,40.772000,0,1,1.988240,1.974873
907,40.772000,0,2,2.886721,2.810504
907,40.772000,0,3,2.042986,2.008971
908,40.812000,0,1,1.991281,1.974583
908,40.812000,0,2,2.878236,2.810287
908,40.812000,0,3,2.064840,2.008312
909,40.852000,0,1,1.949387,1.974103
909,40.852000,0,2,2.820595,2.809930
909,40.852000,0,3,2.049608,2.007156
910,40.892000,0,1,2.003550,1.973853
910,40.892000,0,2,2.792579,2.809747
910,40.892000,0,3,2.063738,2.006501
911,40.932000,0,1,2.017148,1.973651
911,40.932000,0,2,2.790801,2.809602
911,40.932000,0,3,2.044743,2.005939
912,40.972000,0,1,2.013830,1.973463
912,40.972000,0,2,2.761744,2.809469
912,40.972000,0,3,2.065945,2.005375
913,41.012000,0,1,2.016410,1.973269
913,41.012000,0,2,2.767397,2.809333
913,41.012000,0,3,2.060441,2.004747
914,41.052000,0,1,2.023226,1.973124
914,41.052000,0,2,2.797791,2.809231
914,41.052000,0,3,2.072077,2.004243
915,41.092000,0,1,2.006201,1.972898
915,41.092000,0,2,2.817496,2.809075
915,41.092000,0,3,2.045052,2.003391
916,41.132000,0,1,1.998250,1.972744
916,41.132000,0,2,2.819414,2.808971
917,41.172000,0,1,1.995202,1.972605
917,41.172000,0,2,2.828956,2.808881
917,41.172000,0,3,2.004982,2.002159
918,41.212000,0,1,1.994144,1.972471
918,41.212000,0,2,2.858860,2.808797
918,41.212000,0,3,1.968552,2.001556
919,41.252000,0,1,2.010544,1.972343
919,41.252000,0,2,2.814475,2.808719
919,41.252000,0,3,1.956555,2.000951
920,41.292000,0,1,2.001984,1.972224
920,41.292000,0,2,2.771196,2.808647
920,41.292000,0,3,1.946589,2.000376
921,41.332000,0,1,1.998131,1.972101
921,41.332000,0,2,2.806501,2.808574
921,41.332000,0,3,1.934619,1.999765
922,41.372000,0,1,2.016948,1.971985
922,41.372000,0,2,2.816088,2.808501
922,41.372000,0,3,1.979547,1.999148
923,41.412000,0,1,2.007541,1.971876
923,41.412000,0,2,2.784636,2.808427
923,41.412000,0,3,2.021184,1.998523
924,41.452000,0,1,1.980377,1.971776
924,41.452000,0,2,2.854162,2.808352
924,41.452000,0,3,1.990516,1.997888
925,41.492000,0,1,2.003841,1.971688
925,41.492000,0,2,2.882224,2.808276
925,41.492000,0,3,2.015122,1.997239
926,41.532000,0,1,2.010906,1.971614
926,41.532000,0,2,2.894083,2.808199
926,41.532000,0,3,1.987647,1.996576
927,41.572000,0,1,1.985674,1.971552
927,41.572000,0,2,2.865203,2.808120
927,41.572000,0,3,1.986562,1.995895
928,41.612000,0,1,1.999048,1.971500
928,41.612000,0,2,2.888511,2.808031
928,41.612000,0,3,1.968569,1.995156
929,41.652000,0,1,2.001162,1.971461
929,41.652000,0,2,2.861087,2.807940
929,41.652000,0,3,1.997358,1.994432
930,41.692000,0,1,1.988562,1.971427
930,41.692000,0,2,2.851482,2.807840
930,41.692000,0,3,1.995972,1.993687
931,41.732000,0,1,1.973980,1.971396
931,41.732000,0,2,2.816756,2.807731
931,41.732000,0,3,2.029243,1.992922
932,41.772000,0,1,1.977496,1.971364
932,41.772000,0,2,2.825950,2.807620
932,41.772000,0,3,2.024490,1.992180
933,41.812000,0,1,1.984058,1.971284
933,41.812000,0,2,2.781354,2.807367
933,41.812000,0,3,2.031243,1.990570
934,41.852000,0,1,2.020318,1.971236
934,41.852000,0,2,2.764429,2.807238
934,41.852000,0,3,2.029666,1.989751
935,41.892000,0,1,2.034003,1.971180
935,41.892000,0,2,2.782299,2.807105
935,41.892000,0,3,2.013906,1.988882
936,41.932000,0,1,2.046843,1.971126
936,41.932000,0,2,2.788116,2.806988
936,41.932000,0,3,2.009432,1.988059
937,41.972000,0,1,2.046688,1.971070
937,41.972000,0,2,2.767925,2.806877
937,41.972000,0,3,1.997331,1.987198
938,42.012000,0,1,2.001149,1.971021
938,42.012000,0,2,2.790566,2.806785
938,42.012000,0,3,1.986304,1.986393
939,42.052000,0,1,1.979473,1.970979
939,42.052000,0,2,2.825920,2.806708
939,42.052000,0,3,1.995435,1.985604
940,42.092000,0,1,1.947387,1.970942
940,42.092000,0,2,2.824722,2.806634
940,42.092000,0,3,1.985817,1.984713
941,42.132000,0,1,1.937934,1.970921
941,42.132000,0,2,2.788450,2.806580
941,42.132000,0,3,2.004553,1.983962
942,42.174000,0,1,1.973357,1.970911
942,42.174000,0,2,2.807111,2.806527
942,42.174000,0,3,2.006965,1.983151
943,42.212000,0,1,2.018877,1.970916
943,42.212000,0,2,2.811972,2.806480
943,42.212000,0,3,1.969308,1.982394
944,42.258000,0,1,2.017438,1.970936
944,42.258000,0,2,2.797043,2.806437
944,42.258000,0,3,1.931663,1.981685
945,42.292000,0,1,2.006907,1.970977
945,42.292000,0,2,2.796219,2.806392
945,42.292000,0,3,1.944007,1.980911
946,42.332000,0,1,2.004174,1.971027
946,42.332000,0,2,2.816767,2.806354
946,42.332000,0,3,1.890129,1.980253
947,42.372000,0,1,1.955519,1.971100
947,42.372000,0,2,2.813827,2.806314
947,42.372000,0,3,1.878982,1.979525
948,42.412000,0,1,1.942970,1.971184
948,42.412000,0,2,2.801990,2.806277
948,42.412000,0,3,1.912607,1.978835
949,42.452000,0,1,1.938354,1.971281
949,42.452000,0,2,2.784142,2.806241
949,42.452000,0,3,1.932172,1.978150
950,42.492000,0,1,1.950985,1.971382
950,42.492000,0,2,2.793783,2.806205
950,42.492000,0,3,1.924980,1.977505
951,42.532000,0,1,1.966903,1.971483
951,42.532000,0,2,2.819492,2.806156
951,42.532000,0,3,1.964140,1.976861
952,42.572000,0,1,1.988148,1.971569
952,42.572000,0,2,2.828121,2.806072
952,42.572000,0,3,1.962452,1.976167
953,42.612000,0,1,1.971329,1.971602
953,42.612000,0,2,2.817834,2.805927
953,42.612000,0,3,1.985245,1.975438
954,42.652000,0,1,1.971653,1.971541
954,42.652000,0,2,2.831674,2.805685
954,42.652000,0,3,1.973623,1.974638
955,42.692000,0,1,1.942567,1.971345
955,42.692000,0,2,2.802338,2.805299
955,42.692000,0,3,1.959061,1.973727
956,42.732000,0,1,1.934298,1.970973
956,42.732000,0,2,2.749107,2.804720
956,42.732000,0,3,1.957256,1.972659
957,42.772000,0,1,1.919082,1.970388
957,42.772000,0,2,2.756265,2.803897
957,42.772000,0,3,1.980697,1.971392
958,42.812000,0,1,1.912031,1.969555
958,42.812000,0,2,2.753686,2.802781
958,42.812000,0,3,1.947952,1.969890
959,42.852000,0,1,1.933719,1.967127
959,42.852000,0,2,2.744961,2.799601
959,42.852000,0,3,1.944144,1.966201
960,42.892000,0,1,1.944419,1.965431
960,42.892000,0,2,2.730884,2.797383
960,42.892000,0,3,1.967818,1.963892
961,42.932000,0,1,1.955571,1.963299
961,42.932000,0,2,2.761385,2.794581
961,42.932000,0,3,1.964009,1.961150
962,42.972000,0,1,1.974062,1.960937
962,42.972000,0,2,2.773169,2.791455
962,42.972000,0,3,1.956517,1.958248
963,43.012000,0,1,1.988894,1.958243
963,43.012000,0,2,2.780743,2.787860
963,43.012000,0,3,1.994287,1.955056
964,43.052000,0,1,1.986487,1.955213
964,43.052000,0,2,2.773988,2.783786
964,43.052000,0,3,2.005135,1.951572
965,43.092000,0,1,2.019837,1.951659
965,43.092000,0,2,2.777571,2.778974
965,43.092000,0,3,1.988737,1.947590
966,43.132000,0,1,1.989389,1.947931
966,43.132000,0,2,2.783254,2.773898
966,43.132000,0,3,2.004157,1.943502
967,43.172000,0,1,1.971988,1.943630
967,43.172000,0,2,2.750910,2.768021
967,43.172000,0,3,1.995505,1.938873
968,43.212000,0,1,1.990853,1.938936
968,43.212000,0,2,2.749391,2.761590
968,43.212000,0,3,1.965007,1.933902
969,43.252000,0,1,2.000923,1.934373
969,43.252000,0,2,2.738541,2.755328
969,43.252000,0,3,1.951566,1.929131
970,43.292000,0,1,1.992242,1.928923
970,43.292000,0,2,2.769852,2.747842
970,43.292000,0,3,1.948863,1.923499
971,43.332000,0,1,1.999030,1.923377
971,43.332000,0,2,2.750182,2.740218
971,43.332000,0,3,1.939090,1.917823
972,43.372000,0,1,1.979143,1.917150
972,43.372000,0,2,2.720577,2.731656
972,43.372000,0,3,1.897198,1.911508
973,43.412000,0,1,1.947962,1.910868
973,43.412000,0,2,2.713090,2.723018
973,43.412000,0,3,1.879376,1.905190
974,43.452000,0,1,1.902250,1.904232
974,43.452000,0,2,2.733706,2.713895
974,43.452000,0,3,1.906689,1.898563
975,43.492000,0,1,1.901039,1.896868
975,43.492000,0,2,2.693486,2.703773
975,43.492000,0,3,1.911779,1.891263
976,43.532000,0,1,1.900298,1.889120
976,43.532000,0,2,2.726390,2.693127
976,43.532000,0,3,1.885023,1.883635
977,43.572000,0,1,1.914630,1.881823
977,43.572000,0,2,2.738751,2.683104
977,43.572000,0,3,1.953496,1.876498
978,43.612000,0,1,1.922598,1.873791
978,43.612000,0,2,2.739598,2.672080
978,43.612000,0,3,1.960918,1.868693
979,43.652000,0,1,1.934942,1.865428
979,43.652000,0,2,2.696744,2.660607
979,43.652000,0,3,1.902128,1.860617
980,43.692000,0,1,1.910524,1.856276
980,43.692000,0,2,2.734346,2.648061
980,43.692000,0,3,1.872404,1.851833
981,43.732000,0,1,1.918140,1.847260
981,43.732000,0,2,2.656514,2.635710
981,43.732000,0,3,1.848534,1.843229
982,43.772000,0,1,1.885388,1.837943
982,43.772000,0,2,2.631171,2.622954
982,43.772000,0,3,1.781138,1.834383
983,43.812000,0,1,1.895063,1.827823
983,43.812000,0,2,2.618961,2.609108
983,43.812000,0,3,1.787804,1.824819
984,43.852000,0,1,1.882179,1.817927
984,43.852000,0,2,2.614899,2.595578
984,43.852000,0,3,1.799673,1.815506
985,43.892000,0,1,1.876771,1.797924
985,43.892000,0,2,2.551583,2.568250
985,43.892000,0,3,1.797081,1.796780
986,43.932000,0,1,1.824034,1.786741
986,43.932000,0,2,2.565392,2.552989
986,43.932000,0,3,1.796486,1.786364
987,43.974000,0,1,1.822772,1.774743
987,43.974000,0,2,2.577527,2.536639
987,43.974000,0,3,1.789279,1.775233
988,44.012000,0,1,1.784890,1.764264
988,44.012000,0,2,2.558621,2.522384
988,44.012000,0,3,1.770000,1.765551
989,44.058000,0,1,1.795856,1.753021
989,44.058000,0,2,2.528648,2.507123
989,44.058000,0,3,1.773296,1.755208
990,44.092000,0,1,1.788364,1.739793
990,44.092000,0,2,2.515173,2.489211
990,44.092000,0,3,1.760474,1.743098
991,44.132000,0,1,1.783465,1.727592
991,44.132000,0,2,2.503697,2.472734
991,44.132000,0,3,1.749813,1.731983
992,44.172000,0,1,1.755360,1.715248
992,44.172000,0,2,2.482044,2.456104
992,44.172000,0,3,1.753342,1.720787
993,44.212000,0,1,1.743091,1.704034
993,44.212000,0,2,2.462490,2.441029
993,44.212000,0,3,1.758023,1.710654
994,44.252000,0,1,1.683229,1.692109
994,44.252000,0,2,2.497148,2.425029
994,44.252000,0,3,1.764433,1.699913
995,44.292000,0,1,1.666732,1.682011
995,44.292000,0,2,2.503999,2.411503
995,44.292000,0,3,1.759109,1.690845
996,44.332000,0,1,1.659452,1.669970
996,44.332000,0,2,2.479106,2.395402
996,44.332000,0,3,1.745247,1.680063
997,44.372000,0,1,1.671647,1.655990
997,44.372000,0,2,2.438438,2.376739
997,44.372000,0,3,1.708631,1.667579
998,44.412000,0,1,1.658517,1.643910
998,44.412000,0,2,2.411973,2.360637
998,44.412000,0,3,1.647569,1.656818
999,44.452000,0,1,1.660057,1.632484
999,44.452000,0,2,2.369222,2.345425
999,44.452000,0,3,1.622509,1.646656
1000,44.492000,0,1,1.637352,1.620466
1000,44.492000,0,2,2.305140,2.329441
1000,44.492000,0,3,1.622857,1.635983
1001,44.532000,0,1,1.638155,1.608516
1001,44.532000,0,2,2.313345,2.313561
1001,44.532000,0,3,1.609877,1.625381
1002,44.572000,0,1,1.624054,1.597277
1002,44.572000,0,2,2.314255,2.298636
1002,44.572000,0,3,1.610108,1.615420
1003,44.612000,0,1,1.599484,1.586138
1003,44.612000,0,2,2.329668,2.283850
1003,44.612000,0,3,1.637416,1.605555
1004,44.652000,0,1,1.598303,1.574510
1004,44.652000,0,2,2.281309,2.268414
1004,44.652000,0,3,1.633619,1.595260
1005,44.692000,0,1,1.601125,1.563034
1005,44.692000,0,2,2.291631,2.253176
1005,44.692000,0,3,1.597574,1.585104
1006,44.732000,0,1,1.586556,1.541195
1006,44.732000,0,2,2.218044,2.224142
1006,44.732000,0,3,1.619940,1.565770
1007,44.772000,0,1,1.592436,1.530276
1007,44.772000,0,2,2.195738,2.209594
1007,44.772000,0,3,1.646032,1.556092
1008,44.812000,0,1,1.591070,1.519575
1008,44.812000,0,2,2.138559,2.195310
1008,44.812000,0,3,1.608384,1.546595
1009,44.852000,0,1,1.551574,1.509653
1009,44.852000,0,2,2.145572,2.182034
1009,44.852000,0,3,1.590944,1.537776
1010,44.892000,0,1,1.547938,1.499423
1010,44.892000,0,2,2.149590,2.168307
1010,44.892000,0,3,1.604076,1.528661
1011,44.932000,0,1,1.540832,1.489454
1011,44.932000,0,2,2.204430,2.154891
1011,44.932000,0,3,1.576956,1.519756
1012,44.972000,0,1,1.534770,1.479762
1012,44.972000,0,2,2.189882,2.141802
1012,44.972000,0,3,1.550924,1.511071
1013,45.012000,0,1,1.532886,1.470359
1013,45.012000,0,2,2.197048,2.129060
1013,45.012000,0,3,1.548327,1.502616
1014,45.052000,0,1,1.511698,1.461730
1014,45.052000,0,2,2.200963,2.117324
1014,45.052000,0,3,1.528540,1.494826
1015,45.092000,0,1,1.473632,1.452926
1015,45.092000,0,2,2.156071,2.105307
1015,45.092000,0,3,1.501190,1.486848
1016,45.132000,0,1,1.452863,1.444446
1016,45.132000,0,2,2.089877,2.093688
1016,45.132000,0,3,1.504081,1.479129
1017,45.172000,0,1,1.413737,1.436722
1017,45.172000,0,2,2.089543,2.083064
1017,45.172000,0,3,1.476485,1.472067
1018,45.212000,0,1,1.412855,1.428502
1018,45.212000,0,2,2.079202,2.071714
1018,45.212000,0,3,1.443210,1.464514
1019,45.252000,0,1,1.410295,1.421059
1019,45.252000,0,2,2.066230,2.061392
1019,45.252000,0,3,1.439947,1.457635
1020,45.292000,0,1,1.406531,1.413619
1020,45.292000,0,2,2.057899,2.051030
1020,45.292000,0,3,1.447601,1.450717
1021,45.332000,0,1,1.407128,1.406935
1021,45.332000,0,2,2.071598,2.041680
1021,45.332000,0,3,1.426483,1.444459
1022,45.372000,0,1,1.415532,1.400633
1022,45.372000,0,2,2.057375,2.032821
1022,45.372000,0,3,1.399802,1.438518
1023,45.412000,0,1,1.412722,1.394118
1023,45.412000,0,2,2.024741,2.023617
1023,45.412000,0,3,1.403935,1.432327
1024,45.452000,0,1,1.396653,1.388636
1024,45.452000,0,2,1.979549,2.015830
1024,45.452000,0,3,1.377967,1.427073
1025,45.492000,0,1,1.390059,1.379101
1025,45.492000,0,2,1.989195,2.002171
1025,45.492000,0,3,1.347427,1.417814
1026,45.532000,0,1,1.377051,1.374803
1026,45.532000,0,2,1.956954,1.995948
1026,45.532000,0,3,1.327884,1.413573
1027,45.572000,0,1,1.374090,1.370536
1027,45.572000,0,2,1.931243,1.989708
1027,45.572000,0,3,1.334653,1.409302
1028,45.612000,0,1,1.333296,1.367123
1028,45.612000,0,2,1.961606,1.984652
1028,45.612000,0,3,1.344736,1.405819
1029,45.652000,0,1,1.372146,1.364142
1029,45.652000,0,2,1.955460,1.980164
1029,45.652000,0,3,1.348946,1.402705
1030,45.692000,0,1,1.359675,1.361358
1030,45.692000,0,2,1.921769,1.975870
1030,45.692000,0,3,1.374969,1.399695
1031,45.732000,0,1,1.395163,1.359302
1031,45.732000,0,2,1.946800,1.972593
1031,45.732000,0,3,1.390565,1.397363
1032,45.772000,0,1,1.390620,1.357687
1032,45.772000,0,2,1.975367,1.969891
1032,45.772000,0,3,1.390956,1.395403
1033,45.812000,0,1,1.432259,1.356511
1033,45.812000,0,2,1.939660,1.967763
1033,45.812000,0,3,1.412436,1.393813
1034,45.852000,0,1,1.409877,1.355772
1034,45.852000,0,2,1.977146,1.966207
1034,45.852000,0,3,1.405125,1.392594
1035,45.892000,0,1,1.428866,1.355460
1035,45.892000,0,2,2.007148,1.965185
1035,45.892000,0,3,1.397382,1.391710
1036,45.932000,0,1,1.407860,1.355602
1036,45.932000,0,2,2.003750,1.964797
1036,45.932000,0,3,1.380089,1.391250
1037,45.972000,0,1,1.398714,1.356207
1037,45.972000,0,2,1.971458,1.965002
1037,45.972000,0,3,1.402722,1.391164
1038,46.012000,0,1,1.371577,1.357272
1038,46.012000,0,2,1.977846,1.965834
1038,46.012000,0,3,1.388708,1.391490
1039,46.052000,0,1,1.377562,1.358619
1039,46.052000,0,2,1.987123,1.967114
1039,46.052000,0,3,1.384620,1.392136
1040,46.092000,0,1,1.360438,1.360540
1040,46.092000,0,2,1.968095,1.969121
1040,46.092000,0,3,1.420111,1.393244
1041,46.132000,0,1,1.335881,1.362772
1041,46.132000,0,2,1.967782,1.971591
1041,46.132000,0,3,1.416480,1.394678
1042,46.172000,0,1,1.327576,1.365246
1042,46.172000,0,2,1.952308,1.974429
1042,46.172000,0,3,1.394616,1.396375
1043,46.212000,0,1,1.334504,1.368064
1043,46.212000,0,2,1.970885,1.977743
1043,46.212000,0,3,1.412044,1.398399
1044,46.252000,0,1,1.303234,1.371405
1044,46.252000,0,2,1.919528,1.981749
1044,46.252000,0,3,1.431183,1.400886
1045,46.292000,0,1,1.333094,1.375116
1045,46.292000,0,2,1.922668,1.986266
1045,46.292000,0,3,1.384126,1.403727
1046,46.332000,0,1,1.319734,1.379192
1046,46.332000,0,2,1.903861,1.991284
1046,46.332000,0,3,1.409163,1.406913
1047,46.372000,0,1,1.361441,1.383384
1047,46.372000,0,2,1.929609,1.996494
1047,46.372000,0,3,1.401849,1.410244
1048,46.412000,0,1,1.379814,1.393263
1048,46.412000,0,2,1.910162,2.008909
1048,46.412000,0,3,1.357208,1.418237
1049,46.452000,0,1,1.417688,1.398705
1049,46.452000,0,3,1.379988,1.422708
1050,46.492000,0,1,1.441074,1.404155
1050,46.492000,0,2,1.956890,2.022792
1050,46.492000,0,3,1.372571,1.427229
1051,46.532000,0,1,1.453503,1.410208
1051,46.532000,0,2,1.971511,2.030588
1051,46.532000,0,3,1.405525,1.432300
1052,46.572000,0,1,1.424196,1.416559
1052,46.572000,0,2,1.999026,2.038825
1052,46.572000,0,3,1.411580,1.437675
1053,46.612000,0,1,1.411533,1.423197
1053,46.612000,0,2,2.014882,2.047497
1053,46.612000,0,3,1.440446,1.443352
1054,46.652000,0,1,1.399101,1.430115
1054,46.652000,0,2,2.048987,2.056595
1054,46.652000,0,3,1.434702,1.449328
1055,46.692000,0,1,1.363897,1.437303
1055,46.692000,0,2,2.043675,2.066112
1055,46.692000,0,3,1.489590,1.455600
1056,46.732000,0,1,1.375685,1.444755
1056,46.732000,0,2,2.064857,2.076038
1056,46.732000,0,3,1.448302,1.462166
1057,46.772000,0,1,1.380974,1.452874
1057,46.772000,0,2,2.065166,2.086918
1057,46.772000,0,3,1.465850,1.469390
1058,46.812000,0,1,1.392706,1.460414
1058,46.812000,0,2,2.109300,2.097079
1058,46.812000,0,3,1.508958,1.476163
1059,46.852000,0,1,1.436455,1.469045
1059,46.852000,0,2,2.133482,2.108767
1059,46.852000,0,3,1.485992,1.483986
1060,46.892000,0,1,1.452662,1.477935
1060,46.892000,0,2,2.131313,2.120864
1060,46.892000,0,3,1.433954,1.492117
1061,46.932000,0,1,1.506933,1.487076
1061,46.932000,0,2,2.112068,2.133361
1061,46.932000,0,3,1.447151,1.500551
1062,46.974000,0,1,1.508283,1.495512
1062,46.974000,0,2,2.118311,2.144942
1062,46.974000,0,3,1.461215,1.508393
1063,47.012000,0,1,1.501512,1.503654
1063,47.012000,0,2,2.085232,2.156168
1063,47.012000,0,3,1.426692,1.516016
1064,47.052000,0,1,1.500269,1.512949
1064,47.052000,0,2,2.095536,2.169041
1064,47.052000,0,3,1.462885,1.524778
1065,47.092000,0,1,1.531755,1.531606
1065,47.092000,0,2,2.137647,2.195074
1065,47.092000,0,3,1.490854,1.542556
1066,47.132000,0,1,1.504017,1.541461
1066,47.132000,0,2,2.194508,2.208921
1066,47.132000,0,3,1.500445,1.552040
1067,47.174000,0,1,1.546421,1.552031
1067,47.174000,0,2,2.236151,2.223834
1067,47.174000,0,3,1.523313,1.562275
1068,47.212000,0,1,1.574241,1.562803
1068,47.212000,0,2,2.263402,2.239082
1068,47.212000,0,3,1.534971,1.572760
1069,47.252000,0,1,1.566713,1.573227
1069,47.252000,0,2,2.270440,2.253867
1069,47.252000,0,3,1.539730,1.582946
1070,47.292000,0,1,1.544819,1.583837
1070,47.292000,0,2,2.275590,2.268935
1070,47.292000,0,3,1.579224,1.593341
1071,47.332000,0,1,1.580583,1.594634
1071,47.332000,0,2,2.275616,2.284276
1071,47.332000,0,3,1.582525,1.603939
1072,47.372000,0,1,1.553523,1.606201
1072,47.372000,0,2,2.234772,2.300711
1072,47.372000,0,3,1.584960,1.615303
1073,47.412000,0,1,1.553951,1.617379
1073,47.412000,0,2,2.271184,2.316586
1073,47.412000,0,3,1.588811,1.626289
1074,47.452000,0,1,1.597707,1.628735
1074,47.452000,0,2,2.259665,2.332706
1074,47.452000,0,3,1.611951,1.637454
1075,47.492000,0,1,1.650110,1.640264
1075,47.492000,0,2,2.277848,2.349061
1075,47.492000,0,3,1.602054,1.648791
1076,47.532000,0,1,1.650931,1.651339
1076,47.532000,0,2,2.288876,2.364764
1076,47.532000,0,3,1.624161,1.659687
1077,47.572000,0,1,1.699110,1.663178
1077,47.572000,0,2,2.340109,2.381543
1077,47.572000,0,3,1.610046,1.671344
1078,47.612000,0,1,1.716539,1.675148
1078,47.612000,0,2,2.317182,2.398502
1078,47.612000,0,3,1.600670,1.683144
1079,47.652000,0,1,1.745283,1.687211
1079,47.652000,0,2,2.350047,2.415593
1079,47.652000,0,3,1.596347,1.695054
1080,47.694000,0,1,1.734213,1.708238
1080,47.694000,0,2,2.387469,2.445393
1080,47.694000,0,3,1.610055,1.715872
1081,47.732000,0,1,1.733240,1.716493
1081,47.732000,0,2,2.396643,2.457097
1081,47.732000,0,3,1.622433,1.724067
1082,47.772000,0,1,1.742145,1.731597
1082,47.772000,0,2,2.428059,2.478518
1082,47.772000,0,3,1.680065,1.739094
1083,47.812000,0,1,1.765804,1.741515
1083,47.812000,0,2,2.468654,2.492589
1083,47.812000,0,3,1.711885,1.748984
1084,47.852000,0,1,1.738526,1.753076
1084,47.852000,0,2,2.476343,2.508994
1084,47.852000,0,3,1.743439,1.760535
1085,47.892000,0,1,1.719390,1.767256
1085,47.892000,0,2,2.452271,2.529118
1085,47.892000,0,3,1.756839,1.774733
1086,47.932000,0,1,1.723902,1.778078
1086,47.932000,0,2,2.481994,2.544476
1086,47.932000,0,3,1.777174,1.785592
1087,47.974000,0,1,1.724118,1.787413
1087,47.974000,0,2,2.480204,2.557724
1087,47.974000,0,3,1.760949,1.794981
1088,48.012000,0,1,1.721967,1.796902
1088,48.012000,0,2,2.494527,2.571191
1088,48.012000,0,3,1.768870,1.804550
1089,48.052000,0,1,1.757157,1.806442
1089,48.052000,0,2,2.532960,2.584731
1089,48.052000,0,3,1.780180,1.814205
1090,48.092000,0,1,1.788707,1.815459
1090,48.092000,0,2,2.548971,2.597533
1090,48.092000,0,3,1.807597,1.823372
1091,48.134000,0,1,1.805530,1.823495
1091,48.134000,0,2,2.573908,2.608943
1091,48.134000,0,3,1.823262,1.831582
1092,48.174000,0,1,1.810292,1.836119
1092,48.174000,0,2,2.569834,2.626865
1092,48.174000,0,3,1.839044,1.844575
1093,48.212000,0,1,1.823511,1.836119
1093,48.212000,0,2,2.612645,2.626865
1093,48.212000,0,3,1.869292,1.844575
1094,48.252000,0,1,1.803492,1.844792
1094,48.252000,0,2,2.600818,2.639168
1094,48.252000,0,3,1.861180,1.853588
1095,48.292000,0,1,1.824826,1.851869
1095,48.292000,0,2,2.608276,2.649193
1095,48.292000,0,3,1.876737,1.861014
1096,48.332000,0,1,1.836786,1.861112
1096,48.332000,0,2,2.608363,2.662248
1096,48.332000,0,3,1.857082,1.870853
1097,48.372000,0,1,1.840124,1.865566
1097,48.372000,0,2,2.647668,2.668510
1097,48.372000,0,3,1.853846,1.875680
1098,48.412000,0,1,1.859889,1.869281
1098,48.412000,0,2,2.633079,2.673700
1098,48.412000,0,3,1.850123,1.879776
1099,48.452000,0,1,1.855970,1.869774
1099,48.452000,0,2,2.649206,2.674385
1099,48.452000,0,3,1.831622,1.880327
1100,48.492000,0,1,1.852786,1.874572
1100,48.492000,0,2,2.671237,2.680948
1100,48.492000,0,3,1.798238,1.885844
1101,48.532000,0,1,1.874844,1.876072
1101,48.532000,0,2,2.643042,2.682889
1101,48.532000,0,3,1.808423,1.887732
1102,48.572000,0,1,1.918403,1.876747
1102,48.572000,0,2,2.652129,2.683628
1102,48.572000,0,3,1.797646,1.888765
1103,48.612000,0,1,1.897456,1.876714
1103,48.612000,0,2,2.655373,2.683335
1103,48.612000,0,3,1.810282,1.889061
1104,48.652000,0,1,1.936528,1.875927
1104,48.652000,0,2,2.635254,2.681897
1104,48.652000,0,3,1.838268,1.888618
1105,48.692000,0,1,1.913255,1.874634
1105,48.692000,0,2,2.652512,2.679743
1105,48.692000,0,3,1.869638,1.887600
1106,48.732000,0,1,1.894058,1.872661
1106,48.732000,0,2,2.688020,2.676560
1106,48.732000,0,3,1.852044,1.885896
1107,48.772000,0,1,1.860917,1.870074
1107,48.772000,0,2,2.675761,2.672456
1107,48.772000,0,3,1.868178,1.883553
1108,48.812000,0,1,1.883517,1.866703
1108,48.812000,0,2,2.660101,2.667158
1108,48.812000,0,3,1.863180,1.880408
1109,48.856000,0,1,1.856209,1.862897
1109,48.856000,0,2,2.713769,2.661215
1109,48.856000,0,3,1.826432,1.876790
1110,48.892000,0,1,1.864625,1.857778
1110,48.892000,0,2,2.724900,2.653257
1110,48.892000,0,3,1.801096,1.871851
1111,48.932000,0,1,1.869767,1.852761
1111,48.932000,0,2,2.690376,2.645485
1111,48.932000,0,3,1.826327,1.866956
1112,48.974000,0,1,1.875151,1.846288
1112,48.974000,0,2,2.679084,2.635482
1112,48.974000,0,3,1.834139,1.860582
1113,49.012000,0,1,1.845893,1.839810
1113,49.012000,0,2,2.673688,2.625495
1113,49.012000,0,3,1.819104,1.854155
1114,49.052000,0,1,1.839667,1.833157
1114,49.052000,0,2,2.604847,2.615256
1114,49.052000,0,3,1.872835,1.847515
1115,49.092000,0,1,1.866149,1.825267
1115,49.092000,0,2,2.558759,2.603130
1115,49.092000,0,3,1.858144,1.839602
1116,49.132000,0,1,1.851296,1.818079
1116,49.132000,0,2,2.585211,2.592094
1116,49.132000,0,3,1.844046,1.832364
1117,49.174000,0,1,1.843301,1.809658
1117,49.174000,0,2,2.577010,2.579176
1117,49.174000,0,3,1.836583,1.823860
1118,49.212000,0,1,1.869504,1.800805
1118,49.212000,0,2,2.540092,2.565604
1118,49.212000,0,3,1.833892,1.814900
1119,49.252000,0,1,1.872412,1.792490
1119,49.252000,0,2,2.554255,2.552864
1119,49.252000,0,3,1.793469,1.806472
1120,49.292000,0,1,1.829304,1.782403
1120,49.292000,0,2,2.522756,2.537418
1120,49.292000,0,3,1.782615,1.796236
1121,49.332000,0,1,1.830408,1.772943
1121,49.332000,0,2,2.486354,2.522942
1121,49.332000,0,3,1.794146,1.786629
1122,49.374000,0,1,1.830777,1.763193
1122,49.374000,0,2,2.506196,2.508033
1122,49.374000,0,3,1.791934,1.776718
1123,49.412000,0,1,1.774716,1.753181
1123,49.412000,0,2,2.511930,2.492731
1123,49.412000,0,3,1.764743,1.766524
1124,49.456000,0,1,1.778836,1.742940
1124,49.456000,0,2,2.486780,2.477080
1124,49.456000,0,3,1.773635,1.756073
1125,49.492000,0,2,2.507484,2.457729
1125,49.492000,0,3,1.760940,1.743111
1126,49.532000,0,1,1.774079,1.719656
1126,49.532000,0,2,2.522727,2.441463
1126,49.532000,0,3,1.729576,1.732177
1127,49.572000,0,1,1.743527,1.707765
1127,49.572000,0,2,2.486917,2.423245
1127,49.572000,0,3,1.729635,1.719885
1128,49.612000,0,1,1.692239,1.696906
1128,49.612000,0,2,2.474411,2.406590
1128,49.612000,0,3,1.743115,1.708608
1129,49.652000,0,1,1.692310,1.685980
1129,49.652000,0,2,2.451465,2.389813
1129,49.652000,0,3,1.729716,1.697211
1130,49.692000,0,1,1.672077,1.673280
1130,49.692000,0,2,2.440228,2.370288
1130,49.692000,0,3,1.754084,1.683904
1131,49.732000,0,1,1.669970,1.662876
1131,49.732000,0,2,2.399686,2.354275
1131,49.732000,0,3,1.725936,1.672958
1132,49.772000,0,1,1.694126,1.651332
1132,49.772000,0,2,2.379793,2.336486
1132,49.772000,0,3,1.706993,1.660766
1133,49.812000,0,1,1.704568,1.639834
1133,49.812000,0,2,2.367362,2.318748
1133,49.812000,0,3,1.681464,1.648577
1134,49.852000,0,1,1.698038,1.629550
1134,49.852000,0,2,2.376858,2.302864
1134,49.852000,0,3,1.636019,1.637634
1135,49.892000,0,1,1.658595,1.618788
1135,49.892000,0,2,2.362930,2.286220
1135,49.892000,0,3,1.586316,1.626139
1136,49.932000,0,1,1.640687,1.608145
1136,49.932000,0,2,2.370501,2.269741
1136,49.932000,0,3,1.606176,1.614725
1137,49.972000,0,1,1.598664,1.597101
1137,49.972000,0,2,2.343640,2.252614
1137,49.972000,0,3,1.555171,1.602830
1138,50.012000,0,1,1.591689,1.586246
1138,50.012000,0,2,2.329553,2.235755
1138,50.012000,0,3,1.560053,1.591087
1139,50.054000,0,1,1.591963,1.576133
1139,50.054000,0,2,2.295583,2.220027
1139,50.054000,0,3,1.573560,1.580098
1140,50.092000,0,1,1.622141,1.565721
1140,50.092000,0,2,2.246046,2.203813
1140,50.092000,0,3,1.586007,1.568735
1141,50.132000,0,1,1.596756,1.556073
1141,50.132000,0,2,2.218319,2.188769
1141,50.132000,0,3,1.573577,1.558158
1142,50.172000,0,1,1.576152,1.546681
1142,50.172000,0,2,2.178672,2.174107
1142,50.172000,0,3,1.592296,1.547817
1143,50.212000,0,1,1.567179,1.537564
1143,50.212000,0,2,2.152726,2.159858
1143,50.212000,0,3,1.563954,1.537734
1144,50.252000,0,1,1.525984,1.529198
1144,50.252000,0,2,2.139478,2.146766
1144,50.252000,0,3,1.557051,1.528439
1145,50.292000,0,1,1.491052,1.512470
1145,50.292000,0,2,2.164121,2.120536
1145,50.292000,0,3,1.544486,1.509728
1146,50.332000,0,1,1.494000,1.504614
1146,50.332000,0,2,2.145224,2.108193
1146,50.332000,0,3,1.529716,1.500877
1147,50.372000,0,1,1.496456,1.497889
1147,50.372000,0,2,2.169521,2.097613
1147,50.372000,0,3,1.493381,1.493262
1148,50.412000,0,1,1.522546,1.491093
1148,50.412000,0,2,2.152788,2.086906
1148,50.412000,0,3,1.493367,1.485530
1149,50.454000,0,1,1.505883,1.484294
1149,50.454000,0,2,2.168087,2.076176
1149,50.454000,0,3,1.500520,1.477751
1150,50.492000,0,1,1.512162,1.476274
1150,50.492000,0,2,2.144330,2.063490
1150,50.492000,0,3,1.465290,1.468509
1151,50.532000,0,1,1.497997,1.470089
1151,50.532000,0,2,2.121405,2.053676
1151,50.532000,0,3,1.437665,1.461326
1152,50.576000,0,1,1.505781,1.463816
1152,50.576000,0,2,2.095599,2.043694
1152,50.576000,0,3,1.467174,1.453987
1153,50.612000,0,1,1.465448,1.458599
1153,50.612000,0,2,2.113773,2.035367
1153,50.612000,0,3,1.484511,1.447841
1154,50.652000,0,1,1.476654,1.454074
1154,50.652000,0,2,2.115079,2.028123
1154,50.652000,0,3,1.439145,1.442479
1155,50.692000,0,1,1.434809,1.450176
1155,50.692000,0,2,2.103923,2.021864
1155,50.692000,0,3,1.490907,1.437833
1156,50.732000,0,1,1.455385,1.446474
1156,50.732000,0,2,2.093963,2.015896
1156,50.732000,0,3,1.509935,1.433395
1157,50.772000,0,1,1.442561,1.443198
1157,50.772000,0,2,2.087145,2.010589
1157,50.772000,0,3,1.500319,1.429436
1158,50.812000,0,1,1.469936,1.440349
1158,50.812000,0,2,2.063690,2.005946
1158,50.812000,0,3,1.470932,1.425960
1159,50.852000,0,1,1.458552,1.438043
1159,50.852000,0,2,2.045117,2.002162
1159,50.852000,0,3,1.467367,1.423112
1160,50.892000,0,1,1.471876,1.436023
1160,50.892000,0,2,2.045826,1.998819
1160,50.892000,0,3,1.433654,1.420576
1161,50.932000,0,1,1.436615,1.434427
1161,50.932000,0,2,2.041106,1.996145
1161,50.932000,0,3,1.424467,1.418520
1162,50.972000,0,1,1.438115,1.433304
1162,50.972000,0,2,2.083864,1.994225
1162,50.972000,0,3,1.414747,1.417013
1163,51.012000,0,1,1.389941,1.432557
1163,51.012000,0,2,2.077503,1.992900
1163,51.012000,0,3,1.417212,1.415933
1164,51.052000,0,1,1.395840,1.432173
1164,51.052000,0,2,2.043642,1.992144
1164,51.052000,0,3,1.454354,1.415254
1165,51.092000,0,1,1.384506,1.432204
1165,51.092000,0,2,2.035613,1.992040
1165,51.092000,0,3,1.448675,1.415046
1166,51.132000,0,1,1.437197,1.433438
1166,51.132000,0,2,2.019463,1.993682
1166,51.132000,0,3,1.438979,1.415974
1167,51.172000,0,1,1.408213,1.434666
1167,51.172000,0,2,1.995034,1.995451
1167,51.172000,0,3,1.398389,1.417124
1168,51.212000,0,1,1.421900,1.436291
1168,51.212000,0,2,1.997486,1.997831
1168,51.212000,0,3,1.418504,1.418723
1169,51.252000,0,1,1.432132,1.438307
1169,51.252000,0,2,2.016093,2.000807
1169,51.252000,0,3,1.403716,1.420760
1170,51.292000,0,1,1.424524,1.440708
1170,51.292000,0,2,2.037834,2.004365
1170,51.292000,0,3,1.419580,1.423227
1171,51.332000,0,1,1.426046,1.443488
1171,51.332000,0,2,2.046330,2.008489
1171,51.332000,0,3,1.447692,1.426112
1172,51.372000,0,1,1.444860,1.446816
1172,51.372000,0,2,2.051407,2.013428
1172,51.372000,0,3,1.447579,1.429593
1173,51.412000,0,1,1.455610,1.450550
1173,51.412000,0,2,2.025245,2.018963
1173,51.412000,0,3,1.415125,1.433517
1174,51.452000,0,1,1.447760,1.454248
1174,51.452000,0,2,2.009278,2.024445
1174,51.452000,0,3,1.407573,1.437420
1175,51.492000,0,1,1.488957,1.458724
1175,51.492000,0,2,1.970836,2.031079
1175,51.492000,0,3,1.419397,1.442158
1176,51.532000,0,1,1.458133,1.463326
1176,51.532000,0,2,1.986019,2.037900
1176,51.532000,0,3,1.404347,1.447042
1177,51.572000,0,1,1.467988,1.468525
1177,51.572000,0,2,1.972003,2.045617
1177,51.572000,0,3,1.446594,1.452578
1178,51.612000,0,1,1.474908,1.473792
1178,51.612000,0,2,2.010141,2.053446
1178,51.612000,0,3,1.478588,1.458203
1179,51.652000,0,1,1.479593,1.479371
1179,51.652000,0,2,2.024674,2.061750
1179,51.652000,0,3,1.491827,1.464181
1180,51.692000,0,1,1.467773,1.485251
1180,51.692000,0,2,2.024124,2.070521
1180,51.692000,0,3,1.443281,1.470505
1181,51.732000,0,1,1.473873,1.491758
1181,51.732000,0,2,2.046139,2.080246
1181,51.732000,0,3,1.473706,1.477531
1182,51.772000,0,1,1.473149,1.498231
1182,51.772000,0,2,2.072259,2.089944
1182,51.772000,0,3,1.473415,1.484553
1183,51.812000,0,2,2.079434,2.099534
1183,51.812000,0,3,1.464192,1.491510
1184,51.852000,0,1,1.481525,1.511626
1184,51.852000,0,2,2.088895,2.110073
1184,51.852000,0,3,1.466756,1.499170
1185,51.892000,0,1,1.509245,1.518898
1185,51.892000,0,2,2.117814,2.121029
1185,51.892000,0,3,1.514567,1.507148
1186,51.932000,0,1,1.505990,1.526431
1186,51.932000,0,2,2.115409,2.132389
1186,51.932000,0,3,1.524896,1.515436
1187,51.972000,0,1,1.514822,1.541819
1187,51.972000,0,2,2.102664,2.155619
1187,51.972000,0,3,1.544953,1.532429
1188,52.012000,0,1,1.526452,1.550512
1188,52.012000,0,2,2.148988,2.168752
1188,52.012000,0,3,1.573622,1.542065
1189,52.052000,0,1,1.537533,1.558547
1189,52.052000,0,2,2.163761,2.180898
1189,52.052000,0,3,1.570093,1.550996
1190,52.092000,0,1,1.571785,1.567231
1190,52.092000,0,2,2.164821,2.194039
1190,52.092000,0,3,1.560672,1.560680
1191,52.132000,0,1,1.590776,1.576112
1191,52.132000,0,2,2.181099,2.207493
1191,52.132000,0,3,1.556148,1.570616
1192,52.172000,0,1,1.607049,1.584697
1192,52.172000,0,2,2.198588,2.220517
1192,52.172000,0,3,1.548973,1.580253
1193,52.212000,0,1,1.620160,1.593930
1193,52.212000,0,2,2.213678,2.234547
1193,52.212000,0,3,1.532861,1.590652
1194,52.252000,0,1,1.605354,1.603333
1194,52.252000,0,2,2.243313,2.248860
1194,52.252000,0,3,1.539887,1.601276
1195,52.292000,0,1,1.579170,1.612899
1195,52.292000,0,2,2.270572,2.263448
1195,52.292000,0,3,1.566787,1.612117
1196,52.332000,0,1,1.567351,1.622625
1196,52.332000,0,2,2.271028,2.278307
1196,52.332000,0,3,1.562932,1.623172
1197,52.372000,0,1,1.559909,1.632507
1197,52.372000,0,2,2.302703,2.293432
1197,52.372000,0,3,1.581843,1.634434
1198,52.412000,0,1,1.589971,1.642012
1198,52.412000,0,2,2.268326,2.308002
1198,52.412000,0,3,1.600501,1.645291
1199,52.452000,0,1,1.630070,1.652194
1199,52.452000,0,2,2.253302,2.323627
1199,52.452000,0,3,1.630829,1.656943
1200,52.492000,0,1,1.635450,1.661972
1200,52.492000,0,2,2.262282,2.338650
1200,52.492000,0,3,1.671350,1.668154
1201,52.532000,0,1,1.658810,1.672375
1201,52.532000,0,2,2.266445,2.354653
1201,52.532000,0,3,1.695375,1.680104
1202,52.572000,0,1,1.684519,1.682764
1202,52.572000,0,2,2.275657,2.370661
1202,52.572000,0,3,1.686147,1.692063
1203,52.612000,0,1,1.672788,1.702804
1203,52.612000,0,2,2.309572,2.401592
1203,52.612000,0,3,1.673336,1.715214
1204,52.652000,0,1,1.677246,1.713021
1204,52.652000,0,3,1.662961,1.727056
1205,52.692000,0,1,1.702811,1.723772
1205,52.692000,0,2,2.344119,2.433913
1205,52.692000,0,3,1.611435,1.739538
1206,52.732000,0,1,1.710873,1.734025
1206,52.732000,0,2,2.369646,2.449654
1206,52.732000,0,3,1.608174,1.751445
1207,52.772000,0,1,1.694543,1.744350
1207,52.772000,0,2,2.394626,2.465444
1207,52.772000,0,3,1.634538,1.763418
1208,52.812000,0,1,1.699232,1.755314
1208,52.812000,0,2,2.396386,2.482143
1208,52.812000,0,3,1.684987,1.776096
1209,52.852000,0,1,1.676259,1.765822
1209,52.852000,0,2,2.411351,2.498080
1209,52.852000,0,3,1.717063,1.788195
1210,52.892000,0,1,1.659662,1.776405
1210,52.892000,0,2,2.436906,2.514066
1210,52.892000,0,3,1.768990,1.800316
1211,52.932000,0,1,1.685034,1.787033
1211,52.932000,0,2,2.465122,2.530065
1211,52.932000,0,3,1.768587,1.812421
1212,52.972000,0,1,1.723708,1.797110
1212,52.972000,0,2,2.518301,2.545193
1212,52.972000,0,3,1.807607,1.823836
1213,53.012000,0,1,1.737808,1.807160
1213,53.012000,0,2,2.554797,2.560248
1213,53.012000,0,3,1.807143,1.835163
1214,53.052000,0,1,1.777259,1.817700
1214,53.052000,0,2,2.581855,2.576012
1214,53.052000,0,3,1.812965,1.846986
1215,53.092000,0,1,1.812678,1.829766
1215,53.092000,0,2,2.604682,2.594036
1215,53.092000,0,3,1.838861,1.860465
1216,53.132000,0,1,1.818787,1.839494
1216,53.132000,0,2,2.611473,2.608553
1216,53.132000,0,3,1.879022,1.871296
1217,53.172000,0,1,1.843508,1.849595
1217,53.172000,0,2,2.602409,2.623613
1217,53.172000,0,3,1.861627,1.882515
1218,53.212000,0,1,1.839423,1.859501
1218,53.212000,0,2,2.624219,2.638371
1218,53.212000,0,3,1.874626,1.893495
1219,53.252000,0,1,1.818101,1.869195
1219,53.252000,0,2,2.637739,2.652801
1219,53.252000,0,3,1.883438,1.904223
1220,53.292000,0,1,1.831383,1.878662
1220,53.292000,0,2,2.637812,2.666882
1220,53.292000,0,3,1.869184,1.914689
1221,53.332000,0,1,1.846386,1.895939
1221,53.332000,0,2,2.638568,2.692547
1221,53.332000,0,3,1.834981,1.933767
1222,53.372000,0,1,1.827351,1.904691
1222,53.372000,0,2,2.681444,2.705534
1223,53.412000,0,1,1.867227,1.913176
1223,53.412000,0,2,2.710869,2.718121
1223,53.412000,0,3,1.875983,1.952773
1224,53.452000,0,1,1.860437,1.921387
1224,53.452000,0,2,2.717632,2.730297
1224,53.452000,0,3,1.881065,1.961813
1225,53.492000,0,1,1.886612,1.929313
1225,53.492000,0,2,2.735925,2.742051
1225,53.492000,0,3,1.883671,1.970532
1226,53.532000,0,1,1.924340,1.936551
1226,53.532000,0,2,2.759178,2.752791
1226,53.532000,0,3,1.894799,1.978491
1227,53.572000,0,1,1.953107,1.943518
1227,53.572000,0,2,2.785389,2.763140
1227,53.572000,0,3,1.920472,1.986151
1228,53.612000,0,1,1.924895,1.950932
1228,53.612000,0,2,2.779180,2.774173
1228,53.612000,0,3,1.921831,1.994308
1229,53.652000,0,1,1.979233,1.957303
1229,53.652000,0,2,2.786978,2.783677
1229,53.652000,0,3,1.922986,2.001327
1230,53.692000,0,1,1.971568,1.964043
1230,53.692000,0,2,2.816685,2.793761
1230,53.692000,0,3,1.956327,2.008766
1231,53.732000,0,1,1.947953,1.970423
1231,53.732000,0,2,2.848431,2.803340
1231,53.732000,0,3,2.004131,2.015825
1232,53.772000,0,1,1.915875,1.975857
1232,53.772000,0,2,2.807998,2.811528
1232,53.772000,0,3,2.038319,2.021854
1233,53.812000,0,1,1.953167,1.981554
1233,53.812000,0,2,2.851130,2.820147
1233,53.812000,0,3,2.035233,2.028194
1234,53.852000,0,1,1.938215,1.986377
1234,53.852000,0,2,2.869131,2.827472
1234,53.852000,0,3,2.034079,2.033577
1235,53.892000,0,1,1.930585,1.991159
1235,53.892000,0,2,2.887039,2.834765
1235,53.892000,0,3,2.036268,2.038929
1236,53.932000,0,1,1.948807,1.995630
1236,53.932000,0,2,2.837254,2.841609
1236,53.932000,0,3,2.005840,2.043946
1237,53.972000,0,1,2.001797,1.999793
1237,53.972000,0,2,2.846767,2.848012
1237,53.972000,0,3,2.007164,2.048633
1238,54.012000,0,1,1.993500,2.003655
1238,54.012000,0,2,2.801869,2.853982
1238,54.012000,0,3,2.042688,2.052995
1239,54.052000,0,1,2.005785,2.010497
1239,54.052000,0,2,2.775702,2.864650
1239,54.052000,0,3,2.061378,2.060770
1240,54.092000,0,1,2.028164,2.013486
1240,54.092000,0,2,2.752097,2.869368
1240,54.092000,0,3,2.072880,2.064199
1241,54.132000,0,1,2.047292,2.016061
1241,54.132000,0,2,2.806930,2.873470
1241,54.132000,0,3,2.079521,2.067175
1242,54.172000,0,1,2.017735,2.018635
1242,54.172000,0,2,2.802822,2.877619
1242,54.172000,0,3,2.080338,2.070177
1243,54.212000,0,1,2.038007,2.020808
1243,54.212000,0,3,2.054028,2.072738
1244,54.252000,0,1,2.030817,2.022629
1244,54.252000,0,2,2.804786,2.884194
1244,54.252000,0,3,2.061010,2.074911
1245,54.292000,0,1,2.039812,2.024225
1245,54.292000,0,2,2.831264,2.886894
1245,54.292000,0,3,2.081522,2.076843
1246,54.332000,0,1,2.028332,2.025813
1246,54.332000,0,2,2.863291,2.889644
1246,54.332000,0,3,2.092558,2.078799
1247,54.372000,0,1,2.046199,2.027063
1247,54.372000,0,2,2.877745,2.891874
1247,54.372000,0,3,2.112078,2.080371
1248,54.412000,0,1,2.045763,2.028069
1248,54.412000,0,2,2.899520,2.893733
1248,54.412000,0,3,2.091173,2.081665
1249,54.452000,0,1,2.078468,2.028774
1249,54.452000,0,2,2.930114,2.895101
1249,54.452000,0,3,2.085368,2.082598
1250,54.492000,0,1,2.033435,2.029348
1250,54.492000,0,2,2.925413,2.896293
1250,54.492000,0,3,2.070996,2.083386
1251,54.532000,0,1,2.041873,2.029695
1251,54.532000,0,2,2.913761,2.897121
1251,54.532000,0,3,2.068222,2.083901
1252,54.572000,0,1,2.047819,2.029855
1252,54.572000,0,2,2.929124,2.897649
1252,54.572000,0,3,2.070095,2.084190
1253,54.612000,0,1,2.033926,2.029859
1253,54.612000,0,2,2.892777,2.897943
1253,54.612000,0,3,2.119416,2.084293
1254,54.652000,0,1,2.030345,2.029702
1254,54.652000,0,2,2.879102,2.898017
1254,54.652000,0,3,2.135428,2.084213
1255,54.692000,0,1,2.061031,2.029389
1255,54.692000,0,2,2.900069,2.897866
1255,54.692000,0,3,2.119066,2.083950
1256,54.732000,0,1,2.020066,2.028902
1256,54.732000,0,2,2.872877,2.897484
1256,54.732000,0,3,2.106164,2.083491
1257,54.772000,0,1,1.986350,2.028300
1257,54.772000,0,2,2.833145,2.896928
1257,54.772000,0,3,2.090453,2.082897
1258,54.812000,0,1,1.984568,2.026781
1258,54.812000,0,2,2.867540,2.895364
1258,54.812000,0,3,2.095872,2.081341
1259,54.852000,0,1,1.966161,2.026734
1259,54.852000,0,2,2.879450,2.895313
1259,54.852000,0,3,2.095262,2.081292
1260,54.892000,0,1,1.949444,2.024812
1260,54.892000,0,2,2.881964,2.893191
1260,54.892000,0,3,2.104480,2.079269
1261,54.932000,0,1,1.990084,2.023695
1261,54.932000,0,2,2.909449,2.891919
1261,54.932000,0,3,2.117371,2.078076
1262,54.972000,0,1,2.008686,2.022567
1262,54.972000,0,2,2.909353,2.890610
1262,54.972000,0,3,2.106795,2.076860
1263,55.012000,0,1,2.004501,2.021310
1263,55.012000,0,2,2.909454,2.889128
1263,55.012000,0,3,2.131159,2.075495
1264,55.052000,0,1,1.989435,2.019993
1264,55.052000,0,2,2.903430,2.887549
1264,55.052000,0,3,2.108987,2.074057
1265,55.092000,0,1,1.980909,2.018621
1265,55.092000,0,2,2.887349,2.885882
1265,55.092000,0,3,2.104823,2.072554
1266,55.132000,0,1,1.965355,2.017201
1266,55.132000,0,2,2.876883,2.884133
1266,55.132000,0,3,2.071748,2.070995
1267,55.172000,0,1,1.969284,2.015739
1267,55.172000,0,2,2.852407,2.882311
1267,55.172000,0,3,2.072772,2.069385
1268,55.212000,0,1,1.998341,2.014239
1268,55.212000,0,2,2.832740,2.880423
1268,55.212000,0,3,2.021212,2.067731
1269,55.254000,0,1,1.990952,2.012706
1269,55.254000,0,2,2.804194,2.878477
1269,55.254000,0,3,2.056063,2.066039
1270,55.292000,0,1,2.018239,2.011227
1270,55.292000,0,2,2.786741,2.876587
1270,55.292000,0,3,2.044971,2.064404
1271,55.332000,0,1,2.026349,2.009728
1271,55.332000,0,2,2.766973,2.874660
1271,55.332000,0,3,2.046406,2.062743
1272,55.372000,0,1,2.025668,2.008132
1272,55.372000,0,2,2.796380,2.872596
1272,55.372000,0,3,2.059312,2.060966
1273,55.412000,0,1,2.025009,2.005021
1273,55.412000,0,2,2.836222,2.868526
1273,55.412000,0,3,2.066298,2.057449
1274,55.452000,0,1,2.057598,2.003443
1274,55.452000,0,2,2.865297,2.866429
1274,55.452000,0,3,2.046032,2.055620
1275,55.492000,0,1,2.014293,2.001893
1275,55.492000,0,2,2.877051,2.864340
1275,55.492000,0,3,2.035942,2.053779
1276,55.532000,0,1,1.993869,2.000377
1276,55.532000,0,2,2.899321,2.862263
1276,55.532000,0,3,2.035999,2.051932
1277,55.572000,0,1,1.979332,1.998978
1277,55.572000,0,2,2.912959,2.860312
1277,55.572000,0,3,2.032273,2.050180
1278,55.612000,0,1,1.944894,1.997616
1278,55.612000,0,2,2.912919,2.858378
1278,55.612000,0,3,2.016150,2.048430
1279,55.652000,0,1,1.939093,1.996221
1279,55.652000,0,2,2.907748,2.856358
1279,55.652000,0,3,2.047962,2.046585
1280,55.692000,0,1,1.948217,1.994869
1280,55.692000,0,2,2.912263,2.854362
1280,55.692000,0,3,2.062759,2.044746
1281,55.732000,0,1,1.945821,1.993627
1281,55.732000,0,2,2.914982,2.852493
1281,55.732000,0,3,2.058415,2.043012
1282,55.772000,0,1,1.923405,1.992356
1282,55.772000,0,3,2.020653,2.041195
1283,55.812000,0,1,1.937619,1.991127
1283,55.812000,0,2,2.874073,2.848633
1283,55.812000,0,3,2.044131,2.039396
1284,55.852000,0,1,1.933609,1.989942
1284,55.852000,0,2,2.870935,2.846754
1284,55.852000,0,3,2.001135,2.037618
1285,55.892000,0,1,1.966362,1.988860
1285,55.892000,0,2,2.853794,2.845010
1285,55.892000,0,3,2.020197,2.035957
1286,55.932000,0,1,1.955753,1.987761
1286,55.932000,0,2,2.861358,2.843212
1286,55.932000,0,3,2.044172,2.034231
1287,55.972000,0,1,1.988148,1.986706
1287,55.972000,0,2,2.838435,2.841460
1287,55.972000,0,3,2.052554,2.032534
1288,56.012000,0,1,1.990647,1.984730
1288,56.012000,0,2,2.835241,2.838103
1288,56.012000,0,3,2.041636,2.029242
1289,56.052000,0,1,1.985636,1.983809
1289,56.052000,0,2,2.809103,2.836505
1289,56.052000,0,3,2.048647,2.027654
1290,56.092000,0,1,1.979037,1.982889
1290,56.092000,0,2,2.836128,2.834885
1290,56.092000,0,3,2.005353,2.026028
1291,56.132000,0,1,1.992991,1.982060
1291,56.132000,0,2,2.812810,2.833409
1291,56.132000,0,3,1.977888,2.024531
1292,56.174000,0,1,1.999358,1.981233
1292,56.174000,0,2,2.811856,2.831923
1292,56.174000,0,3,1.978169,2.023008
1293,56.212000,0,1,2.003907,1.980489
1293,56.212000,0,2,2.813113,2.830579
1293,56.212000,0,3,1.988891,2.021615
1294,56.252000,0,1,1.996534,1.979823
1294,56.252000,0,2,2.793289,2.829366
1294,56.252000,0,3,1.982784,2.020345
1295,56.292000,0,1,1.963875,1.979125
1295,56.292000,0,2,2.789702,2.828086
1295,56.292000,0,3,2.018670,2.018992
1296,56.332000,0,1,1.952126,1.978503
1296,56.332000,0,2,2.793612,2.826934
1296,56.332000,0,3,2.068861,2.017765
1297,56.372000,0,1,1.941712,1.977919
1297,56.372000,0,2,2.810322,2.825841
1297,56.372000,0,3,2.107409,2.016595
1298,56.412000,0,1,1.952302,1.977429
1298,56.412000,0,2,2.829287,2.824912
1298,56.412000,0,3,2.091778,2.015595
1299,56.452000,0,1,1.972424,1.976916
1299,56.452000,0,2,2.860916,2.823923
1299,56.452000,0,3,2.103982,2.014530
1300,56.492000,0,1,1.992219,1.976372
1300,56.492000,0,2,2.860153,2.822841
1300,56.492000,0,3,2.076886,2.013363
1301,56.532000,0,1,2.039697,1.975945
1301,56.532000,0,2,2.848116,2.821956
1301,56.532000,0,3,2.013906,2.012410
1302,56.572000,0,1,2.066719,1.975559
1302,56.572000,0,2,2.834371,2.821115
1302,56.572000,0,3,1.968302,2.011503
1303,56.612000,0,1,2.051273,1.975217
1303,56.612000,0,2,2.839713,2.820314
1303,56.612000,0,3,1.958905,2.010637
1304,56.652000,0,1,2.038126,1.974916
1304,56.652000,0,2,2.811248,2.819551
1304,56.652000,0,3,1.972816,2.009806
1305,56.692000,0,1,2.041065,1.974643
1305,56.692000,0,2,2.771563,2.818782
1305,56.692000,0,3,2.017129,2.008964
1306,56.732000,0,1,2.042603,1.974432
1306,56.732000,0,2,2.789144,2.818118
1306,56.732000,0,3,2.031673,2.008231
1307,56.772000,0,1,2.031187,1.974243
1307,56.772000,0,2,2.785792,2.817441
1307,56.772000,0,3,2.044272,2.007479
1308,56.812000,0,1,2.030656,1.974069
1308,56.812000,0,2,2.778388,2.816721
1308,56.812000,0,3,2.042471,2.006674
1309,56.852000,0,1,2.027431,1.973946
1309,56.852000,0,2,2.753325,2.816127
1309,56.852000,0,3,2.006886,2.006002
1310,56.892000,0,1,2.018867,1.973834
1310,56.892000,0,2,2.777939,2.815494
1310,56.892000,0,3,1.941200,2.005274
1311,56.932000,0,1,1.962771,1.973687
1311,56.932000,0,2,2.782605,2.814405
1311,56.932000,0,3,1.971906,2.003980
1312,56.972000,0,1,1.928606,1.973638
1312,56.972000,0,2,2.752434,2.813892
1312,56.972000,0,3,1.972795,2.003340
1313,57.012000,0,1,1.926999,1.973602
1313,57.012000,0,2,2.779630,2.813365
1313,57.012000,0,3,1.946505,2.002653
1314,57.052000,0,1,1.940413,1.973584
1314,57.052000,0,2,2.847767,2.812900
1314,57.052000,0,3,1.954123,2.002018
1315,57.092000,0,1,1.959320,1.973582
1315,57.092000,0,2,2.833542,2.812495
1315,57.092000,0,3,2.009854,2.001435
1316,57.132000,0,1,1.989625,1.973592
1316,57.132000,0,2,2.836554,2.812144
1316,57.132000,0,3,1.995185,2.000901
1317,57.172000,0,1,2.003071,1.973618
1317,57.172000,0,2,2.846876,2.811792
1317,57.172000,0,3,1.996789,2.000333
1318,57.212000,0,1,1.982855,1.973661
1318,57.212000,0,2,2.838507,2.811497
1318,57.212000,0,3,2.018753,1.999819
1319,57.252000,0,1,1.977144,1.973722
1319,57.252000,0,2,2.823424,2.811241
1319,57.252000,0,3,1.999076,1.999330
1320,57.292000,0,1,1.953027,1.973811
1320,57.292000,0,2,2.819722,2.811014
1320,57.292000,0,3,1.972850,1.998841
1321,57.332000,0,1,1.920876,1.973913
1321,57.332000,0,2,2.828758,2.810847
1321,57.332000,0,3,1.972949,1.998422
1322,57.372000,0,1,1.919231,1.974060
1322,57.372000,0,2,2.849664,2.810694
1322,57.372000,0,3,1.986299,1.997958
1323,57.412000,0,1,1.920645,1.974217
1323,57.412000,0,2,2.817621,2.810592
1323,57.412000,0,3,2.015803,1.997562
1324,57.452000,0,1,1.902389,1.974391
1324,57.452000,0,2,2.785383,2.810520
1324,57.452000,0,3,2.039111,1.997187
1325,57.492000,0,1,1.912620,1.974558
1325,57.492000,0,2,2.797232,2.810479
1325,57.492000,0,3,2.024755,1.996868
1326,57.540000,0,1,1.952026,1.974774
1326,57.540000,0,2,2.749626,2.810455
1326,57.540000,0,3,2.027030,1.996497
1327,57.572000,0,1,1.949498,1.974987
1327,57.572000,0,2,2.781922,2.810456
1327,57.572000,0,3,2.013689,1.996166
1328,57.612000,0,1,1.969536,1.975182
1328,57.612000,0,2,2.804354,2.810475
1328,57.612000,0,3,2.004854,1.995888
1329,57.654000,0,1,1.968532,1.975382
1329,57.654000,0,2,2.821395,2.810512
1329,57.654000,0,3,1.996065,1.995632
1330,57.692000,0,1,1.975794,1.975624
1330,57.692000,0,2,2.814892,2.810578
1330,57.692000,0,3,1.971724,1.995365
1331,57.732000,0,1,1.990139,1.975854
1331,57.732000,0,2,2.859499,2.810661
1331,57.732000,0,3,1.992201,1.995158
1332,57.772000,0,1,2.014828,1.976080
1332,57.772000,0,2,2.826289,2.810761
1332,57.772000,0,3,2.007364,1.994993
1333,57.812000,0,1,2.005785,1.976329
1333,57.812000,0,2,2.796874,2.810890
1333,57.812000,0,3,2.007124,1.994856
1334,57.852000,0,1,2.018880,1.976587
1334,57.852000,0,2,2.781584,2.811043
1334,57.852000,0,3,2.018950,1.994757
1335,57.892000,0,1,2.025934,1.977113
1335,57.892000,0,2,2.785760,2.811411
1335,57.892000,0,3,2.051929,1.994673
1336,57.932000,0,1,2.015742,1.977391
1336,57.932000,0,2,2.754581,2.811634
1336,57.932000,0,3,2.021630,1.994689
1337,57.972000,0,1,2.003105,1.977639
1337,57.972000,0,2,2.768382,2.811852
1337,57.972000,0,3,2.002392,1.994740
1338,58.012000,0,1,2.010517,1.977885
1338,58.012000,0,2,2.773968,2.812085
1338,58.012000,0,3,2.004360,1.994826
1339,58.052000,0,1,2.033906,1.978145
1339,58.052000,0,2,2.805915,2.812351
1339,58.052000,0,3,1.959020,1.994954
1340,58.092000,0,1,2.032826,1.978419
1340,58.092000,0,2,2.831327,2.812654
1340,58.092000,0,3,1.966816,1.995129
1341,58.132000,0,1,1.992905,1.978679
1341,58.132000,0,2,2.860442,2.812966
1341,58.132000,0,3,1.985467,1.995334
1342,58.172000,0,1,1.965286,1.978940
1342,58.172000,0,2,2.850471,2.813302
1342,58.172000,0,3,1.982393,1.995576
1343,58.212000,0,1,1.965668,1.979201
1343,58.212000,0,2,2.844034,2.813661
1343,58.212000,0,3,1.962586,1.995856
1344,58.252000,0,1,1.939771,1.979461
1344,58.252000,0,2,2.854677,2.814043
1344,58.252000,0,3,2.011445,1.996173
1345,58.292000,0,1,1.949150,1.979704
1345,58.292000,0,2,2.833174,2.814422
1345,58.292000,0,3,2.006040,1.996507
1346,58.332000,0,1,1.971907,1.979942
1346,58.332000,0,2,2.836829,2.814817
1346,58.332000,0,3,2.000214,1.996874
1347,58.372000,0,1,2.006566,1.980186
1347,58.372000,0,2,2.831980,2.815248
1347,58.372000,0,3,2.020147,1.997295
1348,58.412000,0,1,2.016214,1.980422
1348,58.412000,0,2,2.829028,2.815691
1348,58.412000,0,3,2.031813,1.997746
1349,58.452000,0,1,2.033113,1.980647
1349,58.452000,0,2,2.801792,2.816145
1349,58.452000,0,3,2.012236,1.998225
1350,58.492000,0,1,2.008570,1.981039
1350,58.492000,0,2,2.804088,2.817012
1350,58.492000,0,3,2.000156,1.999171
1351,58.532000,0,1,2.005956,1.981252
1351,58.532000,0,2,2.777801,2.817528
1351,58.532000,0,3,1.987571,1.999742
1352,58.572000,0,1,1.987935,1.981451
1352,58.572000,0,2,2.804397,2.818034
1352,58.572000,0,3,2.005447,2.000302
1353,58.612000,0,1,1.991348,1.981626
1353,58.612000,0,2,2.830457,2.818502
1353,58.612000,0,3,1.994317,2.000814
1354,58.652000,0,1,1.970941,1.981820
1354,58.652000,0,2,2.835204,2.819041
1354,58.652000,0,3,2.006025,2.001396
1355,58.692000,0,1,1.961042,1.982013
1355,58.692000,0,2,2.834044,2.819597
1355,58.692000,0,3,2.037834,2.001987
1356,58.732000,0,1,1.978162,1.982218
1356,58.732000,0,2,2.844313,2.820199
1356,58.732000,0,3,2.042526,2.002619
1357,58.772000,0,1,1.977394,1.982403
1357,58.772000,0,2,2.801274,2.820754
1357,58.772000,0,3,2.024249,2.003197
1358,58.812000,0,1,1.980157,1.982592
1358,58.812000,0,2,2.763673,2.821319
1359,58.852000,0,1,1.991502,1.982797
1359,58.852000,0,2,2.782739,2.821924
1359,58.852000,0,3,1.996161,2.004411
1360,58.892000,0,1,2.014444,1.983008
1360,58.892000,0,2,2.761654,2.822536
1360,58.892000,0,3,1.983972,2.005050
1361,58.932000,0,1,1.990246,1.983216
1361,58.932000,0,2,2.758203,2.823119
1361,58.932000,0,3,1.974212,2.005664
1362,58.972000,0,1,2.045875,1.983442
1362,58.972000,0,2,2.777316,2.823735
1362,58.972000,0,3,1.973858,2.006323
1363,59.012000,0,1,2.034639,1.983673
1363,59.012000,0,2,2.840487,2.824349
1363,59.012000,0,3,1.984739,2.006993
1364,59.054000,0,1,2.060846,1.983920
1364,59.054000,0,2,2.812301,2.824991
1364,59.054000,0,3,2.025722,2.007709
1365,59.092000,0,1,2.076707,1.984337
1365,59.092000,0,2,2.829216,2.826074
1365,59.092000,0,3,2.030871,2.008957
1366,59.132000,0,1,2.086243,1.984562
1366,59.132000,0,2,2.822787,2.826676
1366,59.132000,0,3,2.026884,2.009670
1367,59.172000,0,1,2.069376,1.984770
1367,59.172000,0,2,2.812173,2.827248
1367,59.172000,0,3,2.005250,2.010356
1368,59.212000,0,1,2.049326,1.984973
1368,59.212000,0,2,2.785322,2.827823
1368,59.212000,0,3,1.977705,2.011051
1369,59.252000,0,1,1.999044,1.985184
1369,59.252000,0,2,2.781021,2.828436
1369,59.252000,0,3,1.936548,2.011794
1370,59.292000,0,1,1.971496,1.985396
1370,59.292000,0,2,2.813814,2.829060
1370,59.292000,0,3,1.944192,2.012546
1371,59.332000,0,1,1.964379,1.985614
1371,59.332000,0,2,2.830299,2.829693
1371,59.332000,0,3,1.928408,2.013304
1372,59.372000,0,1,1.956221,1.985830
1372,59.372000,0,2,2.851100,2.830302
1372,59.372000,0,3,1.952234,2.014027
1373,59.412000,0,1,1.978724,1.986058
1373,59.412000,0,2,2.848124,2.830915
1373,59.412000,0,3,1.993551,2.014751
1374,59.452000,0,1,2.026551,1.986314
1374,59.452000,0,2,2.899216,2.831563
1374,59.452000,0,3,2.021587,2.015512
1375,59.492000,0,1,2.048552,1.986845
1375,59.492000,0,2,2.864193,2.832770
1375,59.492000,0,3,2.066115,2.016922
1376,59.532000,0,1,2.061749,1.987146
1376,59.532000,0,2,2.871555,2.833388
1376,59.532000,0,3,2.090806,2.017640
1377,59.572000,0,1,2.036530,1.987459
1377,59.572000,0,2,2.861771,2.833989
1377,59.572000,0,3,2.096272,2.018335
1378,59.612000,0,1,2.033530,1.987782
1378,59.612000,0,2,2.837286,2.834571
1378,59.612000,0,3,2.045723,2.019005
1379,59.652000,0,1,1.986921,1.988096
1379,59.652000,0,2,2.786697,2.835106
1379,59.652000,0,3,2.021442,2.019613
1380,59.692000,0,1,1.962742,1.988437
1380,59.692000,0,2,2.789004,2.835657
1380,59.692000,0,3,1.982491,2.020229
1381,59.732000,0,1,1.946529,1.988787
1381,59.732000,0,2,2.775955,2.836196
1381,59.732000,0,3,1.945888,2.020819
1382,59.772000,0,1,1.972696,1.989148
1382,59.772000,0,2,2.786879,2.836727
1382,59.772000,0,3,1.933932,2.021384
1383,59.812000,0,1,1.944123,1.989519
1383,59.812000,0,2,2.833640,2.837251
1383,59.812000,0,3,1.965695,2.021926
1384,59.852000,0,1,1.958100,1.989878
1384,59.852000,0,2,2.826855,2.837740
1384,59.852000,0,3,1.992528,2.022417
1385,59.892000,0,1,1.971574,1.990264
1385,59.892000,0,2,2.831578,2.838248
1385,59.892000,0,3,1.997464,2.022912
1386,59.932000,0,1,2.015126,1.990652
1386,59.932000,0,2,2.812825,2.838742
1386,59.932000,0,3,2.044485,2.023384
1387,59.972000,0,1,1.994609,1.991039
1387,59.972000,0,2,2.827469,2.839219
1387,59.972000,0,3,2.072383,2.023830
1388,60.012000,0,1,2.008061,1.991404
1388,60.012000,0,2,2.792256,2.839653
1388,60.012000,0,3,2.049075,2.024232
1389,60.052000,0,1,2.002252,1.991783
1389,60.052000,0,2,2.824168,2.840093
1389,60.052000,0,3,2.073967,2.024636
1390,60.092000,0,1,1.989819,1.992175
1390,60.092000,0,2,2.847346,2.840536
1390,60.092000,0,3,2.072198,2.025041
1391,60.132000,0,1,1.969743,1.992880
1391,60.132000,0,2,2.882861,2.841314
1391,60.132000,0,3,2.047893,2.025741
1392,60.172000,0,1,1.951228,1.993250
1392,60.172000,0,2,2.852560,2.841712
1392,60.172000,0,3,2.027146,2.026092
1393,60.212000,0,1,1.987125,1.993599
1393,60.212000,0,2,2.846464,2.842073
1393,60.212000,0,3,2.041665,2.026408
1394,60.252000,0,1,2.021555,1.993930
1394,60.252000,0,2,2.824566,2.842396
1394,60.252000,0,3,2.002251,2.026691
1395,60.292000,0,1,2.022189,1.994264
1395,60.292000,0,2,2.802719,2.842699
1395,60.292000,0,3,2.024719,2.026959
1396,60.332000,0,1,1.996154,1.994621
1396,60.332000,0,2,2.818999,2.842994
1396,60.332000,0,3,2.024019,2.027226
1397,60.372000,0,1,2.021230,1.995021
1397,60.372000,0,2,2.873140,2.843288
1397,60.372000,0,3,2.018762,2.027501
1398,60.412000,0,1,1.993698,1.995389
1398,60.412000,0,2,2.925846,2.843522
1398,60.412000,0,3,2.006646,2.027731
1399,60.452000,0,1,1.958746,1.995740
1399,60.452000,0,2,2.930821,2.843716
1399,60.452000,0,3,2.031084,2.027933
1400,60.492000,0,1,1.958842,1.996131
1400,60.492000,0,2,2.930622,2.843899
1400,60.492000,0,3,2.016570,2.028139
1401,60.532000,0,1,1.970528,1.996500
1401,60.532000,0,2,2.928607,2.844041
1401,60.532000,0,3,2.031041,2.028319
1402,60.572000,0,1,1.948892,1.996844
1402,60.572000,0,2,2.862206,2.844151
1402,60.572000,0,3,2.041085,2.028479
1403,60.612000,0,1,1.948990,1.997184
1403,60.612000,0,2,2.836576,2.844237
1403,60.612000,0,3,2.085984,2.028632
1404,60.652000,0,1,1.955772,1.997535
1404,60.652000,0,2,2.881558,2.844307
1404,60.652000,0,3,2.083248,2.028789
1405,60.692000,0,1,1.982884,1.997879
1405,60.692000,0,2,2.904787,2.844357
1405,60.692000,0,3,2.103072,2.028947
1406,60.732000,0,1,1.994220,1.998217
1406,60.732000,0,2,2.861432,2.844392
1406,60.732000,0,3,2.095842,2.029107
1407,60.772000,0,1,2.023815,1.998852
1407,60.772000,0,2,2.856185,2.844417
1407,60.772000,0,3,2.097373,2.029422
1408,60.812000,0,1,1.997816,1.999208
1408,60.812000,0,2,2.858254,2.844409
1408,60.812000,0,3,2.097631,2.029601
1409,60.852000,0,1,2.025962,1.999534
1409,60.852000,0,2,2.818406,2.844388
1409,60.852000,0,3,2.092080,2.029763
1410,60.892000,0,1,2.026709,1.999870
1410,60.892000,0,2,2.797501,2.844352
1410,60.892000,0,3,2.060100,2.029922
1411,60.932000,0,1,2.042351,2.000155
1411,60.932000,0,2,2.795851,2.844341
1411,60.932000,0,3,2.034080,2.029956
1412,60.972000,0,1,2.031957,2.000515
1412,60.972000,0,2,2.835987,2.844327
1412,60.972000,0,3,2.035118,2.029961
1413,61.012000,0,1,2.064049,2.000849
1413,61.012000,0,2,2.818658,2.844278
1413,61.012000,0,3,2.002673,2.029973
1414,61.052000,0,1,2.066597,2.001167
1414,61.052000,0,2,2.828708,2.844241
1414,61.052000,0,3,2.008557,2.029991
1415,61.092000,0,1,2.061422,2.001502
1415,61.092000,0,2,2.820057,2.844218
1415,61.092000,0,3,1.995937,2.030017
1416,61.132000,0,1,2.040764,2.001836
1416,61.132000,0,2,2.839408,2.844210
1416,61.132000,0,3,1.983385,2.030050
1417,61.172000,0,1,2.055274,2.002150
1417,61.172000,0,2,2.831296,2.844209
1417,61.172000,0,3,1.985065,2.030089
1418,61.212000,0,1,2.057462,2.002461
1418,61.212000,0,2,2.811105,2.844212
1418,61.212000,0,3,1.983657,2.030137
1419,61.252000,0,1,2.037130,2.002786
1419,61.252000,0,2,2.811053,2.844216
1419,61.252000,0,3,1.975739,2.030198
1420,61.292000,0,1,2.015134,2.003109
1420,61.292000,0,2,2.848882,2.844218
1420,61.292000,0,3,1.984368,2.030271
1421,61.332000,0,1,2.004575,2.003716
1421,61.332000,0,2,2.844832,2.844215
1421,61.332000,0,3,2.041810,2.030450
1422,61.372000,0,1,1.988213,2.004052
1422,61.372000,0,2,2.843108,2.844207
1422,61.372000,0,3,2.046934,2.030576
1423,61.412000,0,1,1.999836,2.004370
1423,61.412000,0,2,2.872899,2.844195
1423,61.412000,0,3,2.045909,2.030713
1424,61.452000,0,1,2.010889,2.004640
1424,61.452000,0,2,2.850265,2.844180
1424,61.452000,0,3,2.059521,2.030857
1425,61.492000,0,1,2.035731,2.004659
1425,61.492000,0,2,2.837391,2.844161
1425,61.492000,0,3,2.083210,2.031012
1426,61.532000,0,1,2.040848,2.004658
1426,61.532000,0,2,2.851274,2.844138
1426,61.532000,0,3,2.035096,2.031178
1427,61.572000,0,1,2.038167,2.004660
1427,61.572000,0,2,2.856099,2.844112
1427,61.572000,0,3,2.007123,2.031363
1428,61.612000,0,1,2.001504,2.004660
1428,61.612000,0,2,2.863328,2.844076
1428,61.612000,0,3,2.026193,2.031557
1429,61.652000,0,1,1.990425,2.004660
1429,61.652000,0,3,1.983403,2.031749
1430,61.692000,0,1,1.967319,2.004660
1430,61.692000,0,2,2.873211,2.843943
1430,61.692000,0,3,1.976311,2.031958
1431,61.732000,0,1,1.987812,2.004660
1431,61.732000,0,2,2.879722,2.843821
1431,61.732000,0,3,2.009417,2.032173
1432,61.772000,0,1,2.016306,2.004660
1432,61.772000,0,2,2.849372,2.843660
1432,61.772000,0,3,2.041545,2.032384
1433,61.812000,0,1,2.039762,2.004660
1433,61.812000,0,2,2.846866,2.843446
1433,61.812000,0,3,2.008195,2.032601
1434,61.852000,0,1,2.068145,2.004660
1434,61.852000,0,2,2.816331,2.842768
1434,61.852000,0,3,2.036344,2.033066
1435,61.892000,0,1,2.073452,2.004660
1435,61.892000,0,2,2.831304,2.842242
1435,61.892000,0,3,2.035679,2.033325
1436,61.932000,0,1,2.043636,2.004660
1436,61.932000,0,2,2.810154,2.841672
1436,61.932000,0,3,2.026163,2.033560
1437,61.972000,0,1,2.022470,2.004660
1437,61.972000,0,2,2.836455,2.840972
1437,61.972000,0,3,2.041326,2.033808
1438,62.012000,0,1,1.994555,2.004660
1438,62.012000,0,2,2.806525,2.840181
1438,62.012000,0,3,2.061094,2.034055
1439,62.052000,0,1,1.961220,2.004660
1439,62.052000,0,2,2.842268,2.839308
1439,62.052000,0,3,2.091325,2.034301
1440,62.092000,0,1,1.979979,2.004660
1440,62.092000,0,2,2.833780,2.838365
1440,62.092000,0,3,2.066516,2.034546
1441,62.132000,0,1,2.008501,2.004660
1441,62.132000,0,2,2.822634,2.837415
1441,62.132000,0,3,2.071588,2.034776
1442,62.172000,0,1,2.028096,2.004660
1442,62.172000,0,2,2.822015,2.836360
1442,62.172000,0,3,2.018521,2.035019
1443,62.212000,0,1,2.073692,2.004660
1443,62.212000,0,2,2.844613,2.835258
1443,62.212000,0,3,2.006542,2.035261
1444,62.252000,0,1,2.074445,2.004660
1444,62.252000,0,2,2.834967,2.834176
1444,62.252000,0,3,1.983447,2.035492
1445,62.292000,0,1,2.052740,2.004660
1445,62.292000,0,2,2.849143,2.832998
1445,62.292000,0,3,1.978561,2.035736
1446,62.334000,0,1,2.047205,2.004660
1446,62.334000,0,2,2.853709,2.831789
1446,62.334000,0,3,1.953822,2.035979
1447,62.372000,0,1,2.037717,2.004660
1447,62.372000,0,2,2.872636,2.830554
1447,62.372000,0,3,1.984174,2.036222
1448,62.412000,0,1,2.027644,2.004661
1448,62.412000,0,2,2.872940,2.829838
1448,62.412000,0,3,1.996361,2.036274
1449,62.452000,0,1,2.031536,2.004661
1449,62.452000,0,2,2.892796,2.829838
1449,62.452000,0,3,1.993618,2.036274
1450,62.492000,0,1,2.067207,2.004661
1450,62.492000,0,2,2.850641,2.829838
1450,62.492000,0,3,2.015432,2.036274
1451,62.532000,0,1,2.041205,2.004661
1451,62.532000,0,2,2.870134,2.829838
1451,62.532000,0,3,2.039784,2.036274
1452,62.572000,0,1,2.050493,2.004661
1452,62.572000,0,2,2.849854,2.829838
1452,62.572000,0,3,2.025891,2.036274
1453,62.612000,0,1,2.032942,2.004661
1453,62.612000,0,2,2.877251,2.829838
1453,62.612000,0,3,1.996336,2.036274
1454,62.652000,0,1,2.020678,2.004661
1454,62.652000,0,2,2.844323,2.829838
1454,62.652000,0,3,2.007440,2.036273
1455,62.692000,0,1,2.000715,2.004661
1455,62.692000,0,2,2.855826,2.829838
1455,62.692000,0,3,2.024257,2.036273
1456,62.732000,0,1,2.024055,2.004661
1456,62.732000,0,2,2.831228,2.829838
1456,62.732000,0,3,2.030476,2.036273
1457,62.772000,0,1,1.987788,2.004661
1457,62.772000,0,2,2.834202,2.829838
1457,62.772000,0,3,2.027500,2.036273
1458,62.812000,0,1,2.013335,2.004661
1458,62.812000,0,2,2.796885,2.829838
1458,62.812000,0,3,2.070283,2.036273
1459,62.852000,0,1,1.999798,2.004661
1459,62.852000,0,2,2.763999,2.829838
1459,62.852000,0,3,2.050034,2.036273
1460,62.892000,0,1,1.996914,2.004661
1460,62.892000,0,2,2.763214,2.829838
1460,62.892000,0,3,2.010735,2.036273
1461,62.932000,0,1,2.008004,2.004661
1461,62.932000,0,2,2.770793,2.829838
1461,62.932000,0,3,1.996101,2.036273
1462,62.972000,0,1,2.002678,2.004661
1462,62.972000,0,2,2.755866,2.829838
1462,62.972000,0,3,2.013164,2.036273
1463,63.012000,0,1,1.977476,2.004661
1463,63.012000,0,2,2.769031,2.829838
1463,63.012000,0,3,1.998339,2.036272
1464,63.052000,0,1,1.992422,2.004661
1464,63.052000,0,2,2.821551,2.829838
1464,63.052000,0,3,2.016072,2.036272
1465,63.092000,0,1,1.962260,2.004661
1465,63.092000,0,2,2.839449,2.829838
1465,63.092000,0,3,2.029390,2.036272
1466,63.132000,0,1,1.951100,2.004661
1466,63.132000,0,2,2.828745,2.829838
1466,63.132000,0,3,2.036660,2.036272
1467,63.172000,0,1,1.981433,2.004661
1467,63.172000,0,2,2.866790,2.829838
1467,63.172000,0,3,2.037210,2.036272
1468,63.212000,0,1,1.980796,2.004661
1468,63.212000,0,2,2.856255,2.829843
1468,63.212000,0,3,2.021082,2.036278
1469,63.252000,0,1,1.998663,2.004661
1469,63.252000,0,2,2.826613,2.829843
1469,63.252000,0,3,2.001300,2.036278
1470,63.292000,0,1,2.023209,2.004661
1470,63.292000,0,2,2.810367,2.829843
1470,63.292000,0,3,2.002907,2.036278
1471,63.332000,0,1,2.004421,2.004661
1471,63.332000,0,2,2.834235,2.829843
1471,63.332000,0,3,1.974863,2.036278
1472,63.372000,0,1,1.997685,2.004661
1472,63.372000,0,2,2.800555,2.829843
1472,63.372000,0,3,1.977932,2.036278
1473,63.412000,0,1,1.994701,2.004661
1473,63.412000,0,2,2.795357,2.829843
1473,63.412000,0,3,1.990678,2.036278
1474,63.452000,0,1,1.984125,2.004661
1474,63.452000,0,2,2.803050,2.829843
1474,63.452000,0,3,2.016806,2.036278
1475,63.492000,0,1,1.970721,2.004661
1475,63.492000,0,2,2.840122,2.829843
1475,63.492000,0,3,2.023061,2.036277
1476,63.532000,0,1,1.948519,2.004661
1476,63.532000,0,2,2.832152,2.829843
1476,63.532000,0,3,2.050973,2.036277
1477,63.572000,0,1,1.953443,2.004661
1477,63.572000,0,2,2.846689,2.829843
1477,63.572000,0,3,2.042332,2.036277
1478,63.612000,0,1,1.955509,2.004661
1478,63.612000,0,2,2.839880,2.829843
1478,63.612000,0,3,2.062825,2.036277
1479,63.652000,0,1,1.957394,2.004661
1479,63.652000,0,2,2.854622,2.829843
1479,63.652000,0,3,2.039673,2.036277
1480,63.692000,0,1,1.998365,2.004661
1480,63.692000,0,2,2.841529,2.829843
1480,63.692000,0,3,2.020028,2.036277
1481,63.732000,0,1,2.043397,2.004661
1481,63.732000,0,2,2.824713,2.829843
1481,63.732000,0,3,2.004207,2.036277
1482,63.772000,0,1,2.048517,2.004661
1482,63.772000,0,2,2.814254,2.829843
1482,63.772000,0,3,2.013038,2.036277
1483,63.812000,0,1,2.076001,2.004661
1483,63.812000,0,2,2.815457,2.829843
1483,63.812000,0,3,1.989530,2.036276
1484,63.852000,0,1,2.080103,2.004661
1484,63.852000,0,2,2.817647,2.829843
1484,63.852000,0,3,2.001997,2.036276
1485,63.892000,0,1,2.080320,2.004661
1485,63.892000,0,2,2.818467,2.829843
1485,63.892000,0,3,2.015900,2.036276
1486,63.932000,0,1,2.059888,2.004661
1486,63.932000,0,2,2.837052,2.829843
1486,63.932000,0,3,2.001197,2.036276
1487,63.972000,0,1,2.056880,2.004661
1487,63.972000,0,2,2.833484,2.829843
1487,63.972000,0,3,1.991560,2.036276
1488,64.012000,0,1,2.028834,2.004661
1488,64.012000,0,2,2.870989,2.829843
1488,64.012000,0,3,2.028162,2.036276
1489,64.052000,0,1,2.026777,2.004661
1489,64.052000,0,2,2.882329,2.829844
1489,64.052000,0,3,2.032210,2.036276
1490,64.092000,0,1,1.983052,2.004661
1490,64.092000,0,2,2.878106,2.829844
1490,64.092000,0,3,2.048094,2.036276
1491,64.132000,0,1,2.000350,2.004661
1491,64.132000,0,2,2.855874,2.829844
1491,64.132000,0,3,2.085515,2.036275
1492,64.172000,0,1,1.972425,2.004661
1492,64.172000,0,2,2.850263,2.829844
1492,64.172000,0,3,2.079731,2.036275
1493,64.212000,0,1,1.967018,2.004661
1493,64.212000,0,2,2.822411,2.829844
1493,64.212000,0,3,2.061160,2.036275
1494,64.252000,0,1,1.956031,2.004661
1494,64.252000,0,2,2.821890,2.829844
1494,64.252000,0,3,2.086949,2.036275
1495,64.292000,0,1,1.984604,2.004661
1495,64.292000,0,2,2.811804,2.829844
1495,64.292000,0,3,2.060955,2.036275
1496,64.332000,0,1,1.951985,2.004661
1496,64.332000,0,2,2.825722,2.829844
1496,64.332000,0,3,2.077996,2.036275
1497,64.372000,0,1,1.952288,2.004661
1497,64.372000,0,2,2.847033,2.829844
1497,64.372000,0,3,2.087749,2.036275
1498,64.412000,0,1,1.974114,2.004661
1498,64.412000,0,2,2.831980,2.829844
1498,64.412000,0,3,2.059786,2.036275
1499,64.452000,0,1,2.005771,2.004661
1499,64.452000,0,2,2.819790,2.829844
1499,64.452000,0,3,2.019542,2.036274
1500,64.492000,0,1,1.984268,2.004661
1500,64.492000,0,2,2.837015,2.829844
1500,64.492000,0,3,2.063941,2.036274
1501,64.532000,0,1,2.014896,2.004661
1501,64.532000,0,2,2.832614,2.829844
1501,64.532000,0,3,2.043924,2.036274
1502,64.572000,0,1,2.064898,2.004661
1502,64.572000,0,2,2.823484,2.829844
1502,64.572000,0,3,2.043673,2.036274
1503,64.616000,0,1,2.082250,2.004661
1503,64.616000,0,2,2.870368,2.829844
1503,64.616000,0,3,2.060407,2.036274
1504,64.652000,0,1,2.068412,2.004661
1504,64.652000,0,2,2.854015,2.829844
1504,64.652000,0,3,2.067920,2.036274
1505,64.692000,0,1,2.078767,2.004661
1505,64.692000,0,2,2.850735,2.829844
1505,64.692000,0,3,2.045394,2.036274
1506,64.732000,0,1,2.082576,2.004661
1506,64.732000,0,2,2.851168,2.829839
1506,64.732000,0,3,2.039800,2.036274
1507,64.772000,0,1,2.071441,2.004661
1507,64.772000,0,2,2.841010,2.829839
1507,64.772000,0,3,2.062166,2.036274
1508,64.814000,0,1,2.065466,2.004661
1508,64.814000,0,2,2.819488,2.829839
1508,64.814000,0,3,2.073717,2.036273
1509,64.852000,0,1,2.066501,2.004661
1509,64.852000,0,2,2.837042,2.829839
1509,64.852000,0,3,2.116067,2.036273
1510,64.892000,0,1,2.060090,2.004661
1510,64.892000,0,2,2.813461,2.829839
1510,64.892000,0,3,2.099759,2.036273
1511,64.932000,0,1,2.050950,2.004661
1511,64.932000,0,2,2.822245,2.829839
1511,64.932000,0,3,2.081303,2.036273
1512,64.972000,0,1,1.995941,2.004661
1512,64.972000,0,2,2.832020,2.829839
1512,64.972000,0,3,2.071202,2.036273
1513,65.012000,0,1,1.988425,2.004661
1513,65.012000,0,2,2.827352,2.829839
1513,65.012000,0,3,2.053697,2.036273
1514,65.052000,0,1,1.989944,2.004661
1514,65.052000,0,2,2.799393,2.829839
1514,65.052000,0,3,2.021214,2.036273
1515,65.092000,0,1,2.010191,2.004661
1515,65.092000,0,2,2.800030,2.829839
1515,65.092000,0,3,2.025044,2.036272
1516,65.132000,0,1,2.007999,2.004661
1516,65.132000,0,2,2.799022,2.829839
1516,65.132000,0,3,2.038122,2.036272
1517,65.172000,0,1,2.069663,2.004661
1517,65.172000,0,2,2.766284,2.829839
1517,65.172000,0,3,2.042363,2.036272
1518,65.212000,0,1,2.067541,2.004661
1518,65.212000,0,2,2.788093,2.829839
1518,65.212000,0,3,2.060095,2.036272
1519,65.252000,0,1,2.072954,2.004661
1519,65.252000,0,2,2.819206,2.829839
1519,65.252000,0,3,2.077883,2.036272
1520,65.292000,0,1,2.053689,2.004661
1520,65.292000,0,2,2.824272,2.829839
1520,65.292000,0,3,2.078144,2.036271
1521,65.332000,0,1,2.069424,2.004661
1521,65.332000,0,2,2.813660,2.829839
1521,65.332000,0,3,2.093282,2.036271
1522,65.372000,0,1,2.021834,2.004661
1522,65.372000,0,2,2.848270,2.829839
1522,65.372000,0,3,2.084011,2.036271
1523,65.412000,0,1,2.034117,2.004661
1523,65.412000,0,2,2.835804,2.829839
1523,65.412000,0,3,2.080390,2.036271
1524,65.452000,0,1,2.012375,2.004661
1524,65.452000,0,2,2.859333,2.829839
1524,65.452000,0,3,2.064546,2.036271
1525,65.492000,0,1,2.009316,2.004661
1525,65.492000,0,2,2.862624,2.829839
1525,65.492000,0,3,2.037476,2.036271
1526,65.532000,0,1,1.986287,2.004661
1526,65.532000,0,2,2.860613,2.829839
1526,65.532000,0,3,2.041166,2.036271
1527,65.572000,0,1,2.006707,2.004661
1527,65.572000,0,2,2.847395,2.829839
1527,65.572000,0,3,2.038648,2.036270
1528,65.612000,0,1,2.006101,2.004661
1528,65.612000,0,2,2.836695,2.829839
1528,65.612000,0,3,2.000594,2.036270
1529,65.652000,0,1,2.023515,2.004661
1529,65.652000,0,2,2.827423,2.829839
1529,65.652000,0,3,2.004711,2.036270
1530,65.692000,0,1,2.042580,2.004661
1530,65.692000,0,2,2.812725,2.829839
1530,65.692000,0,3,2.041829,2.036270
1531,65.732000,0,1,2.047179,2.004661
1531,65.732000,0,2,2.825521,2.829839
1531,65.732000,0,3,2.041932,2.036270
1532,65.772000,0,1,2.053351,2.004661
1532,65.772000,0,2,2.836798,2.829839
1532,65.772000,0,3,2.068810,2.036270
1533,65.812000,0,1,2.020031,2.004661
1533,65.812000,0,2,2.813013,2.829839
1533,65.812000,0,3,2.140945,2.036269
1534,65.854000,0,1,1.992237,2.004661
1534,65.854000,0,2,2.776431,2.829839
1534,65.854000,0,3,2.142020,2.036269
1535,65.892000,0,1,1.980367,2.004661
1535,65.892000,0,2,2.795966,2.829839
1535,65.892000,0,3,2.159883,2.036269
1536,65.932000,0,1,1.987826,2.004661
1536,65.932000,0,2,2.782522,2.829839
1536,65.932000,0,3,2.149653,2.036269
1537,65.972000,0,1,2.000186,2.004661
1537,65.972000,0,2,2.788104,2.829839
1537,65.972000,0,3,2.134559,2.036269
1538,66.012000,0,1,1.992029,2.004661
1538,66.012000,0,2,2.796658,2.829839
1538,66.012000,0,3,2.098324,2.036269
1539,66.054000,0,1,2.032703,2.004661
1539,66.054000,0,2,2.824489,2.829839
1539,66.054000,0,3,2.078106,2.036268
1540,66.092000,0,1,2.031939,2.004661
1540,66.092000,0,2,2.828762,2.829839
1540,66.092000,0,3,2.022419,2.036268
1541,66.132000,0,1,2.052227,2.004661
1541,66.132000,0,2,2.836584,2.829839
1541,66.132000,0,3,2.007163,2.036268
1542,66.172000,0,1,2.031013,2.004661
1542,66.172000,0,2,2.832726,2.829839
1542,66.172000,0,3,2.008429,2.036268
1543,66.212000,0,1,2.036331,2.004661
1543,66.212000,0,2,2.855067,2.829839
1543,66.212000,0,3,2.007038,2.036268
1544,66.252000,0,1,2.029085,2.004661
1544,66.252000,0,2,2.828506,2.829839
1544,66.252000,0,3,2.024775,2.036268
1545,66.292000,0,1,2.059243,2.004661
1545,66.292000,0,2,2.825661,2.829839
1545,66.292000,0,3,2.087948,2.036268
1546,66.332000,0,1,2.037217,2.004661
1546,66.332000,0,2,2.838733,2.829839
1546,66.332000,0,3,2.113378,2.036267
1547,66.372000,0,1,2.062705,2.004661
1547,66.372000,0,2,2.824921,2.829839
1547,66.372000,0,3,2.096951,2.036267
1548,66.412000,0,1,2.102157,2.004661
1548,66.412000,0,2,2.814078,2.829839
1548,66.412000,0,3,2.092831,2.036267
1549,66.452000,0,1,2.074239,2.004661
1549,66.452000,0,2,2.840553,2.829839
1549,66.452000,0,3,2.094085,2.036267
1550,66.492000,0,1,2.047221,2.004661
1550,66.492000,0,2,2.867285,2.829839
1550,66.492000,0,3,2.044886,2.036267
1551,66.532000,0,1,2.033769,2.004661
1551,66.532000,0,2,2.852205,2.829839
1551,66.532000,0,3,2.018538,2.036267
1552,66.572000,0,1,1.993839,2.004661
1552,66.572000,0,2,2.877583,2.829839
1552,66.572000,0,3,2.024808,2.036267
1553,66.612000,0,1,1.954945,2.004661
1553,66.612000,0,2,2.887103,2.829839
1553,66.612000,0,3,2.018947,2.036267
1554,66.654000,0,1,1.930729,2.004661
1554,66.654000,0,2,2.880545,2.829839
1554,66.654000,0,3,2.005826,2.036267
1555,66.692000,0,1,1.906711,2.004661
1555,66.692000,0,2,2.855693,2.829839
1555,66.692000,0,3,2.008908,2.036267
1556,66.732000,0,1,1.922911,2.004661
1556,66.732000,0,2,2.857602,2.829839
1556,66.732000,0,3,2.024408,2.036267
1557,66.772000,0,1,1.950298,2.004661
1557,66.772000,0,2,2.855537,2.829839
1557,66.772000,0,3,2.043965,2.036267
1558,66.812000,0,1,1.942781,2.004661
1558,66.812000,0,2,2.850977,2.829839
1558,66.812000,0,3,2.084566,2.036266
1559,66.852000,0,1,1.958155,2.004661
1559,66.852000,0,2,2.863872,2.829839
1559,66.852000,0,3,2.077240,2.036266
1560,66.892000,0,1,1.992651,2.004661
1560,66.892000,0,2,2.850838,2.829839
1560,66.892000,0,3,2.081698,2.036266
1561,66.932000,0,1,1.987568,2.004661
1561,66.932000,0,2,2.823717,2.829839
1561,66.932000,0,3,2.074123,2.036266
1562,66.972000,0,1,1.985666,2.004661
1562,66.972000,0,2,2.790277,2.829839
1562,66.972000,0,3,2.042815,2.036266
1563,67.012000,0,1,2.011015,2.004661
1563,67.012000,0,2,2.800711,2.829839
1563,67.012000,0,3,1.998288,2.036266
1564,67.052000,0,1,2.011917,2.004661
1564,67.052000,0,2,2.796428,2.829839
1564,67.052000,0,3,1.971648,2.036266
1565,67.092000,0,1,2.006571,2.004661
1565,67.092000,0,2,2.799664,2.829839
1566,67.132000,0,1,1.984684,2.004661
1566,67.132000,0,2,2.833135,2.829839
1566,67.132000,0,3,2.006397,2.036266
1567,67.172000,0,1,1.971965,2.004661
1567,67.172000,0,2,2.850477,2.829839
1567,67.172000,0,3,2.012502,2.036266
1568,67.212000,0,1,1.941259,2.004661
1568,67.212000,0,2,2.860459,2.829839
1568,67.212000,0,3,2.031591,2.036266
1569,67.252000,0,1,1.978969,2.004661
1569,67.252000,0,2,2.840207,2.829839
1569,67.252000,0,3,2.047115,2.036266
1570,67.292000,0,1,1.986768,2.004661
1570,67.292000,0,2,2.868823,2.829839
1570,67.292000,0,3,2.059144,2.036265
1571,67.332000,0,1,2.016099,2.004661
1571,67.332000,0,2,2.875219,2.829839
1571,67.332000,0,3,2.023023,2.036265
1572,67.372000,0,1,2.056468,2.004661
1572,67.372000,0,2,2.879804,2.829839
1572,67.372000,0,3,1.998550,2.036265
