seq,timestamp,self_id,target_id,distance,gt_distance
0,37.966000,2,0,2.949331,2.828427
0,37.966000,2,1,1.953431,2.000000
0,37.966000,2,3,1.901270,2.000000
1,37.966000,2,0,2.923328,2.828427
1,37.966000,2,1,1.959934,2.000000
1,37.966000,2,3,1.982891,2.000000
2,38.006000,2,0,2.915486,2.828427
2,38.006000,2,1,1.934907,2.000000
2,38.006000,2,3,2.088157,2.000000
3,38.046000,2,0,2.790551,2.828427
3,38.046000,2,1,1.873934,2.000000
3,38.046000,2,3,1.984518,2.000000
4,38.086000,2,0,2.722023,2.828427
4,38.086000,2,1,1.823939,2.000000
4,38.086000,2,3,1.983003,2.000000
5,38.126000,2,0,2.875281,2.828427
5,38.126000,2,1,2.039731,2.000000
5,38.126000,2,3,1.939347,2.000000
6,38.170000,2,0,2.794095,2.828427
6,38.170000,2,1,2.111093,2.000000
6,38.170000,2,3,1.937263,2.000000
7,38.206000,2,0,2.753219,2.828427
7,38.206000,2,1,2.026087,2.000000
7,38.206000,2,3,2.074667,2.000000
8,38.246000,2,0,2.845104,2.828427
8,38.246000,2,1,1.927925,2.000000
8,38.246000,2,3,1.902202,2.000000
9,38.286000,2,0,2.863495,2.828427
9,38.286000,2,1,2.001893,2.000000
9,38.286000,2,3,2.003481,2.000000
10,38.326000,2,0,2.854373,2.828427
10,38.326000,2,1,1.955833,2.000000
10,38.326000,2,3,1.985590,2.000000
11,38.366000,2,0,2.737016,2.828427
11,38.366000,2,1,1.918553,2.000000
11,38.366000,2,3,2.021482,2.000000
12,38.406000,2,0,2.794623,2.828427
12,38.406000,2,1,2.033225,2.000000
12,38.406000,2,3,1.948628,2.000000
13,38.446000,2,0,2.796634,2.828427
13,38.446000,2,1,2.011955,2.000000
13,38.446000,2,3,2.149234,2.000000
14,38.486000,2,0,2.926181,2.828427
14,38.486000,2,1,2.061390,2.000000
14,38.486000,2,3,2.012136,2.000000
15,38.526000,2,0,2.684968,2.828427
15,38.526000,2,1,2.027368,2.000000
15,38.526000,2,3,1.980007,2.000000
16,38.566000,2,0,2.846411,2.828427
16,38.566000,2,1,1.789588,2.000000
16,38.566000,2,3,2.077315,2.000000
17,38.606000,2,0,2.816546,2.828427
17,38.606000,2,1,2.013074,2.000000
17,38.606000,2,3,2.244566,2.000000
18,38.646000,2,0,2.863867,2.828427
18,38.646000,2,1,1.965087,2.000000
18,38.646000,2,3,1.955638,2.000000
19,38.686000,2,0,2.954127,2.828427
19,38.686000,2,1,1.998053,2.000000
19,38.686000,2,3,2.070367,2.000000
20,38.726000,2,0,2.827948,2.828427
20,38.726000,2,1,1.908580,2.000000
20,38.726000,2,3,2.066974,2.000000
21,38.766000,2,0,2.902172,2.828427
21,38.766000,2,1,1.991264,2.000000
21,38.766000,2,3,1.948738,2.000000
22,38.806000,2,0,2.841948,2.828427
22,38.806000,2,1,1.933852,2.000000
22,38.806000,2,3,2.029876,2.000000
23,38.846000,2,0,2.919254,2.828427
23,38.846000,2,1,1.892920,2.000000
23,38.846000,2,3,1.997682,2.000000
24,38.886000,2,0,2.827543,2.828427
24,38.886000,2,1,1.954016,2.000000
24,38.886000,2,3,1.950278,2.000000
25,38.926000,2,0,2.816233,2.828427
25,38.926000,2,1,1.978028,2.000000
25,38.926000,2,3,2.032320,2.000000
26,38.966000,2,0,2.786701,2.828427
26,38.966000,2,1,2.120947,2.000000
26,38.966000,2,3,2.053529,2.000000
27,39.006000,2,0,2.744278,2.828427
27,39.006000,2,1,1.957240,2.000000
27,39.006000,2,3,1.993891,2.000000
28,39.046000,2,0,2.850997,2.828427
28,39.046000,2,1,1.897086,2.000000
28,39.046000,2,3,2.092511,2.000000
29,39.086000,2,0,2.871666,2.828427
29,39.086000,2,1,2.084285,2.000000
29,39.086000,2,3,2.121652,2.000000
30,39.126000,2,0,2.936914,2.828427
30,39.126000,2,1,1.884205,2.000000
30,39.126000,2,3,2.004051,2.000000
31,39.166000,2,0,2.868175,2.828427
31,39.166000,2,1,2.079788,2.000000
31,39.166000,2,3,1.938307,2.000000
32,39.206000,2,0,2.891345,2.828427
32,39.206000,2,1,1.966255,2.000000
32,39.206000,2,3,1.851462,2.000000
33,39.246000,2,0,2.833364,2.828427
33,39.246000,2,1,2.009803,2.000000
33,39.246000,2,3,2.100037,2.000000
34,39.286000,2,0,2.876330,2.828427
34,39.286000,2,1,1.841829,2.000000
34,39.286000,2,3,2.109163,2.000000
35,39.326000,2,0,2.859874,2.828427
35,39.326000,2,1,1.945347,2.000000
35,39.326000,2,3,2.061632,2.000000
36,39.366000,2,0,2.802934,2.828427
36,39.366000,2,1,2.041732,2.000000
36,39.366000,2,3,2.032703,2.000000
37,39.406000,2,0,2.764556,2.828427
37,39.406000,2,1,2.020712,2.000000
37,39.406000,2,3,1.992533,2.000000
38,39.446000,2,0,2.751309,2.828427
38,39.446000,2,1,2.011894,2.000000
38,39.446000,2,3,2.084481,2.000000
39,39.486000,2,0,2.857043,2.828427
39,39.486000,2,1,2.021085,2.000000
39,39.486000,2,3,1.996697,2.000000
40,39.526000,2,0,2.750494,2.828427
40,39.526000,2,1,1.992838,2.000000
40,39.526000,2,3,2.057244,2.000000
41,39.566000,2,0,2.906668,2.828427
41,39.566000,2,1,1.925979,2.000000
41,39.566000,2,3,1.912832,2.000000
42,39.606000,2,0,2.780068,2.828427
42,39.606000,2,1,2.032821,2.000000
42,39.606000,2,3,1.862817,2.000000
43,39.646000,2,0,2.825600,2.828427
43,39.646000,2,1,2.050163,2.000000
43,39.646000,2,3,2.050408,2.000000
44,39.686000,2,0,2.668932,2.828427
44,39.686000,2,1,2.080892,2.000000
44,39.686000,2,3,1.892615,2.000000
45,39.726000,2,0,2.948920,2.828427
45,39.726000,2,1,1.949992,2.000000
45,39.726000,2,3,2.210700,2.000000
46,39.766000,2,0,2.719383,2.828427
46,39.766000,2,1,1.938148,2.000000
46,39.766000,2,3,2.081411,2.000000
47,39.806000,2,0,2.785197,2.828427
47,39.806000,2,1,1.958932,2.000000
47,39.806000,2,3,1.973903,2.000000
48,39.846000,2,0,2.840605,2.828427
48,39.846000,2,1,1.924070,2.000000
48,39.846000,2,3,2.152162,2.000000
49,39.886000,2,0,2.891735,2.828427
49,39.886000,2,1,1.990480,2.000000
49,39.886000,2,3,1.918168,2.000000
50,39.926000,2,0,2.799088,2.828427
50,39.926000,2,1,1.963759,2.000000
50,39.926000,2,3,2.137944,2.000000
51,39.966000,2,0,2.802357,2.828427
51,39.966000,2,1,2.035588,2.000000
51,39.966000,2,3,1.974725,2.000000
52,40.006000,2,0,2.695625,2.828427
52,40.006000,2,1,2.132159,2.000000
52,40.006000,2,3,2.104333,2.000000
53,40.046000,2,0,2.919996,2.828427
53,40.046000,2,1,1.847300,2.000000
53,40.046000,2,3,1.994117,2.000000
54,40.086000,2,0,2.800626,2.828427
54,40.086000,2,1,1.953595,2.000000
54,40.086000,2,3,2.061638,2.000000
55,40.126000,2,0,2.752502,2.828427
55,40.126000,2,1,2.066027,2.000000
55,40.126000,2,3,2.082602,2.000000
56,40.166000,2,0,2.827786,2.828427
56,40.166000,2,1,1.910836,2.000000
56,40.166000,2,3,2.067171,2.000000
57,40.206000,2,0,2.805844,2.828427
57,40.206000,2,1,1.984926,2.000000
57,40.206000,2,3,1.914133,2.000000
58,40.246000,2,0,2.790210,2.828427
58,40.246000,2,1,1.846592,2.000000
58,40.246000,2,3,2.054553,2.000000
59,40.286000,2,0,2.999222,2.828427
59,40.286000,2,1,1.984584,2.000000
59,40.286000,2,3,1.977689,2.000000
60,40.326000,2,0,2.935182,2.828427
60,40.326000,2,1,2.101109,2.000000
60,40.326000,2,3,2.000724,2.000000
61,40.366000,2,0,2.915638,2.828427
61,40.366000,2,1,1.901605,2.000000
61,40.366000,2,3,2.000178,2.000000
62,40.406000,2,0,2.763242,2.828427
62,40.406000,2,1,2.157704,2.000000
62,40.406000,2,3,2.104902,2.000000
63,40.446000,2,0,3.011418,2.828427
63,40.446000,2,1,1.914952,2.000000
63,40.446000,2,3,2.108825,2.000000
64,40.486000,2,0,2.809054,2.828427
64,40.486000,2,1,2.042473,2.000000
64,40.486000,2,3,2.003086,2.000000
65,40.526000,2,0,2.882769,2.828427
65,40.526000,2,1,1.973444,2.000000
65,40.526000,2,3,2.066929,2.000000
66,40.566000,2,0,2.860523,2.828427
66,40.566000,2,1,1.985477,2.000000
66,40.566000,2,3,1.930258,2.000000
67,40.608000,2,0,2.886959,2.828427
67,40.608000,2,1,1.969043,2.000000
67,40.608000,2,3,1.907423,2.000000
68,40.646000,2,0,2.822486,2.828427
68,40.646000,2,1,1.989186,2.000000
68,40.646000,2,3,1.980780,2.000000
69,40.686000,2,0,2.787161,2.828427
69,40.686000,2,1,1.931241,2.000000
69,40.686000,2,3,2.022643,2.000000
70,40.726000,2,0,2.902110,2.828427
70,40.726000,2,1,2.085883,2.000000
70,40.726000,2,3,2.193831,2.000000
71,40.766000,2,0,2.914249,2.828427
71,40.766000,2,1,2.097532,2.000000
71,40.766000,2,3,2.064577,2.000000
72,40.806000,2,0,2.902034,2.828427
72,40.806000,2,1,1.950310,2.000000
72,40.806000,2,3,2.063073,2.000000
73,40.846000,2,0,2.824219,2.828427
73,40.846000,2,1,1.925979,2.000000
73,40.846000,2,3,1.996673,2.000000
74,40.886000,2,0,2.757568,2.828427
74,40.886000,2,1,1.933164,2.000000
74,40.886000,2,3,2.043353,2.000000
75,40.926000,2,0,2.780593,2.828427
75,40.926000,2,1,2.093042,2.000000
75,40.926000,2,3,1.999956,2.000000
76,40.966000,2,0,2.898910,2.828427
76,40.966000,2,1,1.953836,2.000000
76,40.966000,2,3,1.990904,2.000000
77,41.006000,2,0,2.868590,2.828427
77,41.006000,2,1,1.918766,2.000000
77,41.006000,2,3,2.033936,2.000000
78,41.046000,2,0,2.880494,2.828427
78,41.046000,2,1,1.947836,2.000000
78,41.046000,2,3,1.924332,2.000000
79,41.086000,2,0,2.851511,2.828427
79,41.086000,2,1,2.032022,2.000000
79,41.086000,2,3,2.017503,2.000000
80,41.126000,2,0,2.843318,2.828427
80,41.126000,2,1,2.010723,2.000000
80,41.126000,2,3,1.959646,2.000000
81,41.166000,2,0,2.860335,2.828427
81,41.166000,2,1,2.015830,2.000000
81,41.166000,2,3,2.042624,2.000000
82,41.206000,2,0,2.778296,2.828427
82,41.206000,2,1,1.842324,2.000000
82,41.206000,2,3,2.118347,2.000000
83,41.246000,2,0,2.843544,2.828427
83,41.246000,2,1,1.976581,2.000000
83,41.246000,2,3,2.034440,2.000000
84,41.286000,2,0,2.779425,2.828427
84,41.286000,2,1,1.931975,2.000000
84,41.286000,2,3,2.058322,2.000000
85,41.326000,2,0,2.943940,2.828427
85,41.326000,2,1,1.980239,2.000000
85,41.326000,2,3,1.957404,2.000000
86,41.366000,2,0,2.714300,2.828427
86,41.366000,2,1,2.053720,2.000000
86,41.366000,2,3,1.951933,2.000000
87,41.406000,2,0,2.839999,2.828427
87,41.406000,2,1,1.935338,2.000000
87,41.406000,2,3,2.011571,2.000000
88,41.446000,2,0,2.856422,2.828427
88,41.446000,2,1,2.059943,2.000000
88,41.446000,2,3,1.988558,2.000000
89,41.486000,2,0,2.766636,2.828427
89,41.486000,2,1,1.965216,2.000000
89,41.486000,2,3,2.002507,2.000000
90,41.526000,2,0,2.814835,2.828427
90,41.526000,2,1,2.039641,2.000000
90,41.526000,2,3,2.003586,2.000000
91,41.566000,2,0,2.839410,2.828427
91,41.566000,2,1,1.994857,2.000000
91,41.566000,2,3,1.946929,2.000000
92,41.606000,2,0,2.955993,2.828427
92,41.606000,2,1,1.824929,2.000000
92,41.606000,2,3,2.097610,2.000000
93,41.646000,2,0,2.873133,2.828427
93,41.646000,2,1,1.845926,2.000000
93,41.646000,2,3,2.012365,2.000000
94,41.686000,2,0,2.882216,2.828427
94,41.686000,2,1,1.997795,2.000000
94,41.686000,2,3,1.929281,2.000000
95,41.726000,2,0,2.693077,2.828427
95,41.726000,2,1,2.100244,2.000000
95,41.726000,2,3,2.045439,2.000000
96,41.766000,2,0,2.636542,2.828427
96,41.766000,2,1,1.896040,2.000000
96,41.766000,2,3,2.033944,2.000000
97,41.806000,2,0,2.907388,2.828427
97,41.806000,2,1,2.134536,2.000000
97,41.806000,2,3,1.971478,2.000000
98,41.846000,2,0,2.877429,2.828427
98,41.846000,2,1,2.063423,2.000000
98,41.846000,2,3,1.961772,2.000000
99,41.886000,2,0,2.740049,2.828427
99,41.886000,2,1,2.012216,2.000000
99,41.886000,2,3,1.903903,2.000000
100,41.926000,2,0,2.971357,2.828427
100,41.926000,2,1,2.072585,2.000000
100,41.926000,2,3,1.885220,2.000000
101,41.966000,2,0,2.738127,2.828427
101,41.966000,2,1,1.991681,2.000000
101,41.966000,2,3,1.963949,2.000000
102,42.006000,2,0,2.831800,2.828427
102,42.006000,2,1,2.058868,2.000000
102,42.006000,2,3,1.943455,2.000000
103,42.046000,2,0,2.921078,2.828427
103,42.046000,2,1,2.056558,2.000000
103,42.046000,2,3,1.916429,2.000000
104,42.086000,2,0,2.717358,2.828427
104,42.086000,2,1,2.017957,2.000000
104,42.086000,2,3,1.967286,2.000000
105,42.126000,2,0,2.667802,2.828427
105,42.126000,2,1,1.980514,2.000000
105,42.126000,2,3,1.917696,2.000000
106,42.166000,2,0,2.845771,2.828427
106,42.166000,2,1,2.055967,2.000000
106,42.166000,2,3,2.068627,2.000000
107,42.206000,2,0,2.806200,2.828427
107,42.206000,2,1,1.875901,2.000000
107,42.206000,2,3,1.947089,2.000000
108,42.246000,2,0,2.852662,2.828427
108,42.246000,2,1,1.915873,2.000000
108,42.246000,2,3,2.003460,2.000000
109,42.286000,2,0,2.879841,2.828427
109,42.286000,2,1,1.948010,2.000000
109,42.286000,2,3,2.083763,2.000000
110,42.326000,2,0,2.678161,2.828427
110,42.326000,2,1,2.065036,2.000000
110,42.326000,2,3,2.040000,2.000000
111,42.366000,2,0,2.942122,2.828427
111,42.366000,2,1,2.005780,2.000000
111,42.366000,2,3,2.120143,2.000000
112,42.406000,2,0,2.635517,2.828427
112,42.406000,2,1,1.902647,2.000000
112,42.406000,2,3,1.879572,2.000000
113,42.446000,2,0,2.951583,2.828427
113,42.446000,2,1,2.131001,2.000000
113,42.446000,2,3,2.039243,2.000000
114,42.486000,2,0,2.863542,2.828427
114,42.486000,2,1,1.948349,2.000000
114,42.486000,2,3,2.058814,2.000000
115,42.526000,2,0,2.917355,2.828427
115,42.526000,2,1,1.927399,2.000000
115,42.526000,2,3,2.142181,2.000000
116,42.566000,2,0,2.796001,2.828427
116,42.566000,2,1,2.053039,2.000000
116,42.566000,2,3,2.034674,2.000000
117,42.606000,2,0,2.808334,2.828427
117,42.606000,2,1,2.071051,2.000000
117,42.606000,2,3,2.140577,2.000000
118,42.646000,2,0,2.888796,2.828427
118,42.646000,2,1,2.066088,2.000000
118,42.646000,2,3,2.004260,2.000000
119,42.686000,2,0,2.799591,2.828427
119,42.686000,2,1,2.045349,2.000000
119,42.686000,2,3,2.055336,2.000000
120,42.726000,2,0,3.018659,2.828427
120,42.726000,2,1,2.003533,2.000000
120,42.726000,2,3,2.062175,2.000000
121,42.766000,2,0,2.930766,2.828427
121,42.766000,2,1,1.984662,2.000000
121,42.766000,2,3,1.967461,2.000000
122,42.806000,2,0,2.747602,2.828427
122,42.806000,2,1,2.039583,2.000000
122,42.806000,2,3,1.935225,2.000000
123,42.846000,2,0,2.720596,2.828427
123,42.846000,2,1,1.968808,2.000000
123,42.846000,2,3,1.997678,2.000000
124,42.886000,2,0,2.857918,2.828427
124,42.886000,2,1,1.941133,2.000000
124,42.886000,2,3,2.118153,2.000000
125,42.926000,2,0,2.792774,2.828427
125,42.926000,2,1,2.021452,2.000000
125,42.926000,2,3,2.050707,2.000000
126,42.966000,2,0,2.811010,2.828427
126,42.966000,2,1,2.110765,2.000000
126,42.966000,2,3,2.016855,2.000000
127,43.006000,2,0,2.815153,2.828427
127,43.006000,2,1,1.915318,2.000000
127,43.006000,2,3,1.946739,2.000000
128,43.046000,2,0,2.792462,2.828427
128,43.046000,2,1,1.961043,2.000000
128,43.046000,2,3,1.987572,2.000000
129,43.086000,2,0,2.705216,2.828427
129,43.086000,2,1,2.096272,2.000000
129,43.086000,2,3,1.904819,2.000000
130,43.126000,2,0,2.721421,2.828427
130,43.126000,2,1,2.174014,2.000000
130,43.126000,2,3,2.094684,2.000000
131,43.166000,2,0,2.987641,2.828427
131,43.166000,2,1,2.042277,2.000000
131,43.166000,2,3,2.073362,2.000000
132,43.206000,2,0,2.793342,2.828427
132,43.206000,2,1,2.006734,2.000000
132,43.206000,2,3,1.950437,2.000000
133,43.246000,2,0,2.805339,2.828427
133,43.246000,2,1,1.935232,2.000000
133,43.246000,2,3,1.968963,2.000000
134,43.286000,2,0,2.725127,2.828427
134,43.286000,2,1,1.867136,2.000000
134,43.286000,2,3,2.007934,2.000000
135,43.326000,2,0,2.654268,2.828427
135,43.326000,2,1,2.009673,2.000000
135,43.326000,2,3,2.002379,2.000000
136,43.366000,2,0,2.676532,2.828427
136,43.366000,2,1,1.927931,2.000000
136,43.366000,2,3,1.985908,2.000000
137,43.406000,2,0,2.823702,2.828427
137,43.406000,2,1,1.982635,2.000000
137,43.406000,2,3,2.103882,2.000000
138,43.446000,2,0,2.889017,2.828427
138,43.446000,2,1,2.106964,2.000000
138,43.446000,2,3,1.995770,2.000000
139,43.486000,2,0,2.693877,2.828427
139,43.486000,2,1,1.922630,2.000000
139,43.486000,2,3,1.913253,2.000000
140,43.526000,2,0,2.804664,2.828427
140,43.526000,2,1,1.905716,2.000000
140,43.526000,2,3,2.058348,2.000000
141,43.566000,2,0,2.850816,2.828427
141,43.566000,2,1,2.090216,2.000000
141,43.566000,2,3,2.034976,2.000000
142,43.606000,2,0,2.757139,2.828427
142,43.606000,2,1,2.029767,2.000000
142,43.606000,2,3,1.990847,2.000000
143,43.646000,2,0,2.758814,2.828427
143,43.646000,2,1,1.964778,2.000000
143,43.646000,2,3,2.116984,2.000000
144,43.686000,2,0,2.877766,2.828427
144,43.686000,2,1,2.040251,2.000000
144,43.686000,2,3,2.077709,2.000000
145,43.726000,2,0,2.788242,2.828427
145,43.726000,2,1,1.920273,2.000000
145,43.726000,2,3,2.114943,2.000000
146,43.766000,2,0,2.846862,2.828427
146,43.766000,2,1,2.062117,2.000000
146,43.766000,2,3,1.831535,2.000000
147,43.806000,2,0,2.823505,2.828427
147,43.806000,2,1,2.023007,2.000000
147,43.806000,2,3,1.874453,2.000000
148,43.846000,2,0,2.776789,2.828427
148,43.846000,2,1,2.050241,2.000000
148,43.846000,2,3,2.033317,2.000000
149,43.886000,2,0,2.655852,2.828427
149,43.886000,2,1,1.991123,2.000000
149,43.886000,2,3,2.017431,2.000000
150,43.926000,2,0,2.799609,2.828427
150,43.926000,2,1,1.997822,2.000000
150,43.926000,2,3,2.026449,2.000000
151,43.966000,2,0,2.841264,2.828427
151,43.966000,2,1,1.917481,2.000000
151,43.966000,2,3,2.015419,2.000000
152,44.006000,2,0,2.768885,2.828427
152,44.006000,2,1,1.974468,2.000000
152,44.006000,2,3,1.836489,2.000000
153,44.046000,2,0,2.837951,2.828427
153,44.046000,2,1,1.914676,2.000000
153,44.046000,2,3,2.141913,2.000000
154,44.086000,2,0,2.778656,2.828427
154,44.086000,2,1,2.024798,2.000000
154,44.086000,2,3,1.995358,2.000000
155,44.126000,2,0,2.855877,2.828427
155,44.126000,2,1,2.054198,2.000000
155,44.126000,2,3,1.971870,2.000000
156,44.166000,2,0,2.802677,2.828427
156,44.166000,2,1,2.055370,2.000000
156,44.166000,2,3,1.976280,2.000000
157,44.206000,2,0,2.858135,2.828427
157,44.206000,2,1,2.034035,2.000000
157,44.206000,2,3,2.048071,2.000000
158,44.246000,2,0,2.773309,2.828427
158,44.246000,2,1,2.005066,2.000000
158,44.246000,2,3,2.028105,2.000000
159,44.286000,2,0,2.879279,2.828427
159,44.286000,2,1,1.842926,2.000000
159,44.286000,2,3,2.044188,2.000000
160,44.326000,2,0,2.896627,2.828427
160,44.326000,2,1,2.008301,2.000000
160,44.326000,2,3,2.032735,2.000000
161,44.366000,2,0,2.783240,2.828427
161,44.366000,2,1,1.944857,2.000000
161,44.366000,2,3,2.036064,2.000000
162,44.406000,2,0,2.887644,2.828427
162,44.406000,2,1,1.995716,2.000000
162,44.406000,2,3,1.855727,2.000000
163,44.446000,2,0,2.913054,2.828427
163,44.446000,2,1,1.981651,2.000000
163,44.446000,2,3,2.001906,2.000000
164,44.486000,2,0,2.768323,2.828427
164,44.486000,2,1,2.072785,2.000000
164,44.486000,2,3,1.996804,2.000000
165,44.526000,2,0,2.784704,2.828427
165,44.526000,2,1,2.072835,2.000000
165,44.526000,2,3,1.936943,2.000000
166,44.566000,2,0,2.729364,2.828427
166,44.566000,2,1,1.905915,2.000000
166,44.566000,2,3,2.072480,2.000000
167,44.606000,2,0,2.805993,2.828427
167,44.606000,2,1,1.909799,2.000000
167,44.606000,2,3,1.850301,2.000000
168,44.646000,2,0,2.787524,2.828427
168,44.646000,2,1,1.977213,2.000000
168,44.646000,2,3,1.961534,2.000000
169,44.686000,2,0,2.996555,2.828427
169,44.686000,2,1,1.994041,2.000000
169,44.686000,2,3,2.016039,2.000000
170,44.726000,2,0,2.801989,2.828427
170,44.726000,2,1,2.017498,2.000000
170,44.726000,2,3,2.049832,2.000000
171,44.766000,2,0,2.737862,2.828427
171,44.766000,2,1,1.989066,2.000000
171,44.766000,2,3,2.042831,2.000000
172,44.806000,2,0,2.912495,2.828427
172,44.806000,2,1,1.877453,2.000000
172,44.806000,2,3,1.979744,2.000000
173,44.846000,2,0,2.851220,2.828427
173,44.846000,2,1,2.034438,2.000000
173,44.846000,2,3,2.130853,2.000000
174,44.886000,2,0,2.810514,2.828427
174,44.886000,2,1,1.949656,2.000000
174,44.886000,2,3,1.934021,2.000000
175,44.928000,2,0,2.836514,2.828427
175,44.928000,2,1,1.987233,2.000000
175,44.928000,2,3,2.053285,2.000000
176,44.966000,2,0,2.778448,2.828427
176,44.966000,2,1,1.919223,2.000000
176,44.966000,2,3,2.073298,2.000000
177,45.006000,2,0,2.710511,2.828427
177,45.006000,2,1,2.044447,2.000000
177,45.006000,2,3,2.075139,2.000000
178,45.046000,2,0,2.836691,2.828427
178,45.046000,2,1,2.057287,2.000000
178,45.046000,2,3,2.077529,2.000000
179,45.086000,2,0,2.819763,2.828427
179,45.086000,2,1,2.142276,2.000000
179,45.086000,2,3,1.951644,2.000000
180,45.126000,2,0,2.779937,2.828427
180,45.126000,2,1,2.065243,2.000000
180,45.126000,2,3,2.006321,2.000000
181,45.166000,2,0,2.760162,2.828427
181,45.166000,2,1,2.095634,2.000000
181,45.166000,2,3,2.012838,2.000000
182,45.206000,2,0,2.844271,2.828427
182,45.206000,2,1,1.933823,2.000000
182,45.206000,2,3,2.010769,2.000000
183,45.246000,2,0,2.942658,2.828427
183,45.246000,2,1,2.011385,2.000000
183,45.246000,2,3,1.999898,2.000000
184,45.286000,2,0,2.906574,2.828427
184,45.286000,2,1,2.077400,2.000000
184,45.286000,2,3,1.977274,2.000000
185,45.326000,2,0,2.879427,2.828421
185,45.326000,2,1,1.978824,2.000000
185,45.326000,2,3,2.026689,2.000000
186,45.366000,2,0,3.033298,2.828385
186,45.366000,2,1,1.868605,2.000000
186,45.366000,2,3,1.994668,2.000002
187,45.406000,2,0,2.898349,2.828316
187,45.406000,2,1,1.996770,2.000000
187,45.406000,2,3,1.913969,2.000012
188,45.446000,2,0,2.726044,2.828214
188,45.446000,2,1,1.905612,2.000000
188,45.446000,2,3,1.972574,2.000018
189,45.486000,2,0,2.745566,2.828015
189,45.486000,2,1,2.099699,2.000013
189,45.486000,2,3,1.943582,2.000027
190,45.526000,2,0,2.919816,2.827780
190,45.526000,2,1,1.890382,2.000058
190,45.526000,2,3,2.067054,2.000051
191,45.566000,2,0,2.778908,2.827495
191,45.566000,2,1,1.882412,2.000134
191,45.566000,2,3,1.971187,2.000105
192,45.606000,2,0,2.954985,2.827189
192,45.606000,2,1,1.984714,2.000239
192,45.606000,2,3,1.930801,2.000208
193,45.646000,2,0,2.737548,2.826830
193,45.646000,2,1,1.994058,2.000419
193,45.646000,2,3,1.913458,2.000390
194,45.686000,2,0,2.783943,2.826355
194,45.686000,2,1,2.021540,2.001041
194,45.686000,2,3,1.948771,2.000995
195,45.726000,2,0,2.795571,2.826342
195,45.726000,2,1,2.014402,2.001530
195,45.726000,2,3,1.960471,2.001453
196,45.766000,2,0,2.770904,2.826535
196,45.766000,2,1,1.910766,2.002151
196,45.766000,2,3,2.079233,2.002022
197,45.806000,2,0,3.014633,2.826955
197,45.806000,2,1,2.030052,2.002901
197,45.806000,2,3,1.979870,2.002701
198,45.846000,2,0,2.825449,2.827601
198,45.846000,2,1,2.034407,2.003773
198,45.846000,2,3,2.023559,2.003480
199,45.886000,2,0,2.896579,2.828408
199,45.886000,2,1,2.112332,2.004697
199,45.886000,2,3,1.888792,2.004301
200,45.926000,2,0,2.820760,2.829441
200,45.926000,2,1,2.018863,2.005755
200,45.926000,2,3,2.053782,2.005238
201,45.966000,2,0,2.591885,2.830627
201,45.966000,2,1,2.052006,2.006878
201,45.966000,2,3,1.929448,2.006231
202,46.006000,2,0,2.881116,2.831931
202,46.006000,2,1,2.106543,2.008046
202,46.006000,2,3,1.946886,2.007263
203,46.046000,2,0,2.827345,2.833246
203,46.046000,2,1,2.090744,2.009174
203,46.046000,2,3,2.153347,2.008261
204,46.086000,2,0,2.760591,2.834691
204,46.086000,2,1,2.004477,2.010375
204,46.086000,2,3,2.008785,2.009320
205,46.126000,2,0,2.898681,2.836171
205,46.126000,2,1,2.070493,2.011574
205,46.126000,2,3,2.141405,2.010371
206,46.166000,2,0,2.755413,2.837668
206,46.166000,2,1,2.246159,2.012761
206,46.166000,2,3,1.993909,2.011400
207,46.206000,2,0,2.796707,2.839010
207,46.206000,2,1,2.067827,2.013808
207,46.206000,2,3,2.062721,2.012292
208,46.246000,2,0,2.914515,2.841906
208,46.246000,2,1,1.924538,2.016013
208,46.246000,2,3,2.058558,2.014112
209,46.286000,2,0,2.810353,2.843368
209,46.286000,2,1,2.060849,2.017099
209,46.286000,2,3,1.883598,2.014971
210,46.326000,2,0,2.797161,2.844805
210,46.326000,2,1,1.845406,2.018147
210,46.326000,2,3,2.175544,2.015772
211,46.366000,2,0,2.892703,2.846214
211,46.366000,2,1,1.960079,2.019151
211,46.366000,2,3,2.029709,2.016513
212,46.406000,2,0,2.944224,2.847589
212,46.406000,2,1,1.964269,2.020104
212,46.406000,2,3,2.059515,2.017193
213,46.446000,2,0,2.683460,2.848928
213,46.446000,2,1,2.103673,2.021001
213,46.446000,2,3,1.969682,2.017811
214,46.486000,2,0,2.937475,2.850159
214,46.486000,2,1,1.919144,2.021795
214,46.486000,2,3,1.844051,2.018343
215,46.526000,2,0,2.844517,2.851419
215,46.526000,2,1,2.040482,2.022567
215,46.526000,2,3,2.055631,2.018852
216,46.566000,2,0,2.886441,2.852636
216,46.566000,2,1,2.177896,2.023268
216,46.566000,2,3,2.107190,2.019311
217,46.606000,2,0,2.839175,2.853807
217,46.606000,2,1,2.042732,2.023895
217,46.606000,2,3,1.916962,2.019729
218,46.646000,2,0,2.732972,2.854930
218,46.646000,2,1,1.993174,2.024444
218,46.646000,2,3,2.140046,2.020110
219,46.686000,2,0,2.861252,2.856000
219,46.686000,2,1,2.108710,2.024915
219,46.686000,2,3,1.966951,2.020460
220,46.726000,2,0,2.857643,2.857013
220,46.726000,2,1,2.129885,2.025309
220,46.726000,2,3,2.099257,2.020784
221,46.766000,2,0,2.861711,2.857870
221,46.766000,2,1,2.023586,2.025598
221,46.766000,2,3,2.033459,2.021054
222,46.806000,2,0,2.821181,2.858769
222,46.806000,2,1,1.969445,2.025855
222,46.806000,2,3,2.064283,2.021336
223,46.846000,2,0,3.011187,2.860337
223,46.846000,2,1,1.931668,2.026172
223,46.846000,2,3,2.179432,2.021829
224,46.886000,2,0,2.899059,2.861048
224,46.886000,2,1,1.924826,2.026248
224,46.886000,2,3,2.110972,2.022053
225,46.926000,2,0,2.846808,2.861694
225,46.926000,2,1,1.957390,2.026270
225,46.926000,2,3,2.151844,2.022254
226,46.966000,2,0,2.749091,2.862276
226,46.966000,2,1,1.900671,2.026242
226,46.966000,2,3,1.971034,2.022432
227,47.006000,2,0,2.898508,2.862794
227,47.006000,2,1,1.993829,2.026169
227,47.006000,2,3,2.057796,2.022586
228,47.046000,2,0,2.990379,2.863225
228,47.046000,2,1,1.893747,2.026062
228,47.046000,2,3,2.082719,2.022709
229,47.086000,2,0,2.975954,2.863618
229,47.086000,2,1,2.122930,2.025917
229,47.086000,2,3,2.014272,2.022815
230,47.126000,2,0,2.907429,2.863950
230,47.126000,2,1,1.981589,2.025742
230,47.126000,2,3,1.946646,2.022895
231,47.166000,2,0,2.810290,2.864223
231,47.166000,2,1,2.079244,2.025543
231,47.166000,2,3,2.023376,2.022951
232,47.206000,2,0,2.782343,2.864431
232,47.206000,2,1,2.067382,2.025336
232,47.206000,2,3,1.951074,2.022983
233,47.246000,2,0,2.810132,2.864596
233,47.246000,2,1,2.069789,2.025097
233,47.246000,2,3,2.099398,2.022995
234,47.286000,2,0,2.846135,2.864707
234,47.286000,2,1,2.061421,2.024836
234,47.286000,2,3,2.152660,2.022988
235,47.326000,2,0,2.941894,2.864763
235,47.326000,2,1,1.902228,2.024551
235,47.326000,2,3,1.987748,2.022961
236,47.366000,2,0,2.900060,2.864769
236,47.366000,2,1,2.122664,2.024242
236,47.366000,2,3,1.923666,2.022914
237,47.406000,2,0,2.875141,2.864725
237,47.406000,2,1,2.016429,2.023908
237,47.406000,2,3,2.108883,2.022847
238,47.446000,2,0,2.867878,2.864636
238,47.446000,2,1,1.863897,2.023548
238,47.446000,2,3,1.986915,2.022757
239,47.486000,2,0,2.752821,2.864502
239,47.486000,2,1,1.956514,2.023144
239,47.486000,2,3,2.098134,2.022638
240,47.528000,2,0,2.961397,2.864334
240,47.528000,2,1,1.913082,2.022715
240,47.528000,2,3,1.954945,2.022493
241,47.566000,2,0,3.000123,2.864131
241,47.566000,2,1,1.975053,2.022243
241,47.566000,2,3,2.049149,2.022310
242,47.606000,2,0,2.812238,2.863930
242,47.606000,2,1,2.013092,2.021801
242,47.606000,2,3,2.150911,2.022119
243,47.646000,2,0,2.845987,2.863499
243,47.646000,2,1,2.100784,2.020911
243,47.646000,2,3,2.043149,2.021675
244,47.686000,2,0,2.871188,2.863243
244,47.686000,2,1,2.047318,2.020420
244,47.686000,2,3,1.984680,2.021394
245,47.726000,2,0,2.878390,2.862983
245,47.726000,2,1,2.093353,2.019951
245,47.726000,2,3,2.057175,2.021103
246,47.766000,2,0,2.869882,2.862708
246,47.766000,2,1,1.994980,2.019478
246,47.766000,2,3,1.966909,2.020790
247,47.806000,2,0,2.803230,2.862434
247,47.806000,2,1,1.999135,2.019027
247,47.806000,2,3,1.941224,2.020474
248,47.846000,2,0,2.812390,2.862133
248,47.846000,2,1,1.999369,2.018550
248,47.846000,2,3,1.920302,2.020122
249,47.886000,2,0,3.077906,2.861822
249,47.886000,2,1,1.909278,2.018071
249,47.886000,2,3,2.143371,2.019751
250,47.926000,2,0,2.861837,2.861504
250,47.926000,2,1,1.952736,2.017593
250,47.926000,2,3,2.047137,2.019362
251,47.966000,2,0,2.870196,2.861216
251,47.966000,2,1,2.072568,2.017169
251,47.966000,2,3,1.959081,2.019000
252,48.006000,2,0,2.708483,2.860894
252,48.006000,2,1,1.903538,2.016702
252,48.006000,2,3,2.032734,2.018580
253,48.046000,2,0,2.964150,2.860557
253,48.046000,2,1,1.993200,2.016224
253,48.046000,2,3,2.013825,2.018126
254,48.086000,2,0,2.840362,2.860257
254,48.086000,2,1,2.014804,2.015806
254,48.086000,2,3,2.026424,2.017710
255,48.126000,2,0,2.779661,2.859944
255,48.126000,2,1,2.070536,2.015383
255,48.126000,2,3,1.886306,2.017265
256,48.166000,2,0,2.941284,2.859639
256,48.166000,2,1,2.042122,2.014977
256,48.166000,2,3,2.205429,2.016818
257,48.206000,2,0,3.060898,2.859356
257,48.206000,2,1,2.021041,2.014610
257,48.206000,2,3,2.050701,2.016392
258,48.246000,2,0,2.941328,2.858789
258,48.246000,2,1,2.156214,2.013913
258,48.246000,2,3,1.973327,2.015513
259,48.286000,2,0,2.834458,2.858506
259,48.286000,2,1,2.026294,2.013585
259,48.286000,2,3,2.070633,2.015060
260,48.326000,2,0,2.853244,2.858233
260,48.326000,2,1,2.110983,2.013279
260,48.326000,2,3,1.890577,2.014608
261,48.366000,2,0,2.905827,2.857971
261,48.366000,2,1,1.864012,2.012996
261,48.366000,2,3,1.998298,2.014160
262,48.406000,2,0,2.787600,2.857723
262,48.406000,2,1,1.915461,2.012736
262,48.406000,2,3,2.108929,2.013717
263,48.446000,2,0,3.053945,2.857504
263,48.446000,2,1,1.930329,2.012512
263,48.446000,2,3,2.007864,2.013306
264,48.486000,2,0,2.848947,2.857293
264,48.486000,2,1,1.999383,2.012298
264,48.486000,2,3,2.088445,2.012884
265,48.526000,2,0,2.794359,2.857103
265,48.526000,2,1,1.899829,2.012107
265,48.526000,2,3,2.062284,2.012478
266,48.566000,2,0,2.887976,2.856946
266,48.566000,2,1,2.154348,2.011945
266,48.566000,2,3,2.012462,2.012113
267,48.606000,2,0,2.907607,2.856806
267,48.606000,2,1,1.993320,2.011794
267,48.606000,2,3,1.794410,2.011752
268,48.646000,2,0,2.897319,2.856694
268,48.646000,2,1,2.044170,2.011659
268,48.646000,2,3,1.990611,2.011419
269,48.686000,2,0,2.855490,2.856609
269,48.686000,2,1,1.920451,2.011541
269,48.686000,2,3,1.886344,2.011115
270,48.726000,2,0,2.935693,2.856554
270,48.726000,2,1,2.123380,2.011443
270,48.726000,2,3,1.999399,2.010853
271,48.766000,2,0,2.640070,2.856521
271,48.766000,2,1,1.954868,2.011354
271,48.766000,2,3,2.023424,2.010602
272,48.806000,2,0,2.893288,2.856513
272,48.806000,2,1,1.905595,2.011280
272,48.806000,2,3,2.129830,2.010374
273,48.846000,2,0,2.821675,2.856566
273,48.846000,2,1,2.140614,2.011189
273,48.846000,2,3,2.039554,2.009991
274,48.886000,2,0,2.738234,2.856630
274,48.886000,2,1,1.824083,2.011174
274,48.886000,2,3,2.019854,2.009819
275,48.926000,2,0,2.934965,2.856718
275,48.926000,2,1,2.037650,2.011184
275,48.926000,2,3,2.043558,2.009657
276,48.966000,2,0,2.746557,2.856830
276,48.966000,2,1,2.101058,2.011220
276,48.966000,2,3,2.009399,2.009500
277,49.006000,2,0,2.948768,2.856955
277,49.006000,2,1,2.050007,2.011279
277,49.006000,2,3,1.960477,2.009350
278,49.046000,2,0,2.882766,2.857101
278,49.046000,2,1,2.221363,2.011368
278,49.046000,2,3,1.773352,2.009187
279,49.086000,2,0,2.931612,2.857259
279,49.086000,2,1,1.989865,2.011485
279,49.086000,2,3,1.944416,2.009016
280,49.126000,2,0,2.822853,2.857414
280,49.126000,2,1,2.068104,2.011622
280,49.126000,2,3,2.008920,2.008845
281,49.166000,2,0,2.729158,2.857551
281,49.166000,2,1,1.836075,2.011765
281,49.166000,2,3,2.015358,2.008685
282,49.206000,2,0,2.753120,2.857705
282,49.206000,2,1,1.993411,2.011961
282,49.206000,2,3,2.081394,2.008481
283,49.246000,2,0,3.029599,2.857838
283,49.246000,2,1,2.084928,2.012184
283,49.246000,2,3,2.070596,2.008262
284,49.286000,2,0,2.762052,2.857940
284,49.286000,2,1,1.929781,2.012434
284,49.286000,2,3,1.949910,2.008026
285,49.326000,2,0,2.901182,2.858003
285,49.326000,2,1,1.957539,2.012712
285,49.326000,2,3,1.907334,2.007771
286,49.366000,2,0,2.829208,2.857984
286,49.366000,2,1,2.182893,2.013335
286,49.366000,2,3,1.917066,2.007218
287,49.406000,2,0,2.992288,2.857893
287,49.406000,2,1,2.220605,2.013694
287,49.406000,2,3,2.058543,2.006902
288,49.446000,2,0,2.828676,2.857742
288,49.446000,2,1,2.005490,2.014074
288,49.446000,2,3,1.954267,2.006562
289,49.486000,2,0,2.715864,2.857529
289,49.486000,2,1,1.949477,2.014468
289,49.486000,2,3,1.807331,2.006198
290,49.526000,2,0,2.800571,2.857251
290,49.526000,2,1,1.947969,2.014870
290,49.526000,2,3,1.900484,2.005809
291,49.566000,2,0,2.711126,2.856928
291,49.566000,2,1,2.027168,2.015252
291,49.566000,2,3,1.999168,2.005418
292,49.606000,2,0,2.658226,2.856522
292,49.606000,2,1,1.978564,2.015652
292,49.606000,2,3,2.179054,2.004985
293,49.646000,2,0,2.700486,2.856054
293,49.646000,2,1,2.074437,2.016046
293,49.646000,2,3,2.053815,2.004532
294,49.686000,2,0,2.898286,2.855528
294,49.686000,2,1,2.111422,2.016433
294,49.686000,2,3,2.069974,2.004063
295,49.726000,2,0,2.804846,2.854947
295,49.726000,2,1,2.019018,2.016809
295,49.726000,2,3,2.040628,2.003580
296,49.766000,2,0,2.904354,2.854314
296,49.766000,2,1,2.016302,2.017174
296,49.766000,2,3,2.086136,2.003084
297,49.806000,2,0,2.991184,2.853668
297,49.806000,2,1,1.945967,2.017509
297,49.806000,2,3,2.151194,2.002604
298,49.846000,2,0,2.776020,2.852938
298,49.846000,2,1,2.070874,2.017850
298,49.846000,2,3,2.007624,2.002089
299,49.886000,2,0,2.885930,2.852158
299,49.886000,2,1,1.991692,2.018177
299,49.886000,2,3,1.995415,2.001566
300,49.926000,2,0,2.975065,2.851330
300,49.926000,2,1,2.044806,2.018491
300,49.926000,2,3,2.192519,2.001035
301,49.966000,2,0,2.980933,2.849638
301,49.966000,2,1,1.962729,2.019057
301,49.966000,2,3,1.955501,2.000017
302,50.006000,2,0,2.858105,2.848693
302,50.006000,2,1,2.210593,2.019346
302,50.006000,2,3,2.047153,1.999475
303,50.046000,2,0,2.882645,2.847722
303,50.046000,2,1,1.968985,2.019634
303,50.046000,2,3,2.070496,1.998927
304,50.086000,2,0,2.848665,2.846788
304,50.086000,2,1,1.903080,2.019912
304,50.086000,2,3,1.941682,1.998402
305,50.126000,2,0,3.033793,2.845794
305,50.126000,2,1,2.059598,2.020216
305,50.126000,2,3,2.160466,1.997840
306,50.166000,2,0,2.835524,2.844799
306,50.166000,2,1,2.042288,2.020534
306,50.166000,2,3,1.980058,1.997268
307,50.206000,2,0,3.018377,2.843808
307,50.206000,2,1,1.970111,2.020871
307,50.206000,2,3,1.919401,1.996683
308,50.246000,2,0,2.885837,2.842826
308,50.246000,2,1,1.926740,2.021227
308,50.246000,2,3,1.991272,1.996084
309,50.286000,2,0,2.833638,2.841955
309,50.286000,2,1,1.969330,2.021562
309,50.286000,2,3,2.042145,1.995535
310,50.326000,2,0,2.960630,2.840993
310,50.326000,2,1,1.915344,2.021952
310,50.326000,2,3,1.936011,1.994907
311,50.366000,2,0,2.853692,2.840041
311,50.366000,2,1,2.139249,2.022355
311,50.366000,2,3,1.987913,1.994262
312,50.406000,2,0,2.970752,2.839094
312,50.406000,2,1,2.163971,2.022762
312,50.406000,2,3,2.019743,1.993601
313,50.446000,2,0,2.741496,2.838199
313,50.446000,2,1,2.026705,2.023143
313,50.446000,2,3,1.953059,1.992960
314,50.486000,2,0,2.815160,2.837302
314,50.486000,2,1,1.985123,2.023512
314,50.486000,2,3,1.979949,1.992308
315,50.526000,2,0,2.862427,2.835391
315,50.526000,2,1,1.933903,2.024215
315,50.526000,2,3,2.232704,1.990900
316,50.566000,2,0,2.793936,2.834472
316,50.566000,2,1,2.044326,2.024503
316,50.566000,2,3,1.972957,1.990222
317,50.606000,2,0,2.799365,2.833489
317,50.606000,2,1,1.971909,2.024771
317,50.606000,2,3,2.124854,1.989501
318,50.646000,2,0,2.805356,2.832389
318,50.646000,2,1,1.850588,2.025025
318,50.646000,2,3,1.972741,1.988699
319,50.686000,2,0,2.773394,2.831330
319,50.686000,2,1,2.017804,2.025226
319,50.686000,2,3,1.975139,1.987933
320,50.726000,2,0,2.921120,2.830209
320,50.726000,2,1,1.955435,2.025399
320,50.726000,2,3,1.999540,1.987128
321,50.766000,2,0,2.843512,2.829188
321,50.766000,2,1,1.939464,2.025527
321,50.766000,2,3,2.025432,1.986399
322,50.806000,2,0,2.659127,2.828109
322,50.806000,2,1,1.918645,2.025638
322,50.806000,2,3,2.047467,1.985633
323,50.846000,2,0,2.795506,2.827190
323,50.846000,2,1,2.125623,2.025720
323,50.846000,2,3,1.944025,1.984983
324,50.886000,2,0,2.789873,2.826107
324,50.886000,2,1,2.014318,2.025805
324,50.886000,2,3,1.980118,1.984222
325,50.926000,2,0,2.866319,2.824971
325,50.926000,2,1,2.143271,2.025892
325,50.926000,2,3,1.867784,1.983429
326,50.966000,2,0,2.802101,2.823947
326,50.966000,2,1,1.990921,2.025971
326,50.966000,2,3,1.936180,1.982718
327,51.006000,2,0,2.751281,2.822982
327,51.006000,2,1,2.166420,2.026051
327,51.006000,2,3,2.034656,1.982051
328,51.046000,2,0,2.877427,2.821864
328,51.046000,2,1,2.010062,2.026152
328,51.046000,2,3,2.006275,1.981281
329,51.086000,2,0,2.872789,2.820863
329,51.086000,2,1,1.920416,2.026250
329,51.086000,2,3,2.001211,1.980593
330,51.126000,2,0,2.678483,2.819824
330,51.126000,2,1,1.957974,2.026361
330,51.126000,2,3,1.972638,1.979880
331,51.166000,2,0,2.908430,2.818857
331,51.166000,2,1,2.033153,2.026476
331,51.166000,2,3,2.120666,1.979214
332,51.206000,2,0,2.721043,2.817917
332,51.206000,2,1,2.124762,2.026604
332,51.206000,2,3,1.948870,1.978562
333,51.248000,2,0,2.796625,2.816966
333,51.248000,2,1,2.091049,2.026759
333,51.248000,2,3,1.871243,1.977893
334,51.286000,2,0,2.737417,2.815936
334,51.286000,2,1,2.076085,2.026973
334,51.286000,2,3,1.962612,1.977148
335,51.326000,2,0,2.906213,2.815105
335,51.326000,2,1,2.022844,2.027194
335,51.326000,2,3,1.949910,1.976520
336,51.366000,2,0,2.795266,2.814271
336,51.366000,2,1,1.964317,2.027479
336,51.366000,2,3,2.094701,1.975855
337,51.406000,2,0,2.804113,2.813556
337,51.406000,2,1,2.015295,2.027793
337,51.406000,2,3,1.939599,1.975245
338,51.446000,2,0,2.840832,2.813009
338,51.446000,2,1,2.013150,2.028096
338,51.446000,2,3,1.994387,1.974742
339,51.486000,2,0,2.875225,2.812470
339,51.486000,2,1,2.075157,2.028471
339,51.486000,2,3,2.043107,1.974206
340,51.526000,2,0,2.796496,2.812023
340,51.526000,2,1,2.036873,2.028862
340,51.526000,2,3,1.889882,1.973719
341,51.566000,2,0,2.792176,2.811618
341,51.566000,2,1,2.044928,2.029307
341,51.566000,2,3,1.925637,1.973230
342,51.606000,2,0,2.828827,2.811293
342,51.606000,2,1,2.029076,2.029757
342,51.606000,2,3,2.047822,1.972789
343,51.646000,2,0,2.741546,2.810997
343,51.646000,2,1,1.981276,2.030278
343,51.646000,2,3,1.987963,1.972331
344,51.686000,2,0,2.873031,2.810772
344,51.686000,2,1,2.020312,2.030792
344,51.686000,2,3,1.976132,1.971924
345,51.726000,2,0,2.913150,2.810597
345,51.726000,2,1,2.027470,2.031316
345,51.726000,2,3,2.026754,1.971546
346,51.766000,2,0,2.692576,2.810467
346,51.766000,2,1,2.002974,2.031846
346,51.766000,2,3,1.881714,1.971198
347,51.806000,2,0,2.708282,2.810386
347,51.806000,2,1,2.046065,2.032324
347,51.806000,2,3,1.855189,1.970909
348,51.846000,2,0,2.827392,2.810333
348,51.846000,2,1,1.918979,2.032879
348,51.846000,2,3,1.982876,1.970599
349,51.886000,2,0,2.863472,2.810321
349,51.886000,2,1,2.075011,2.033427
349,51.886000,2,3,2.007775,1.970315
350,51.926000,2,0,2.749162,2.810347
350,51.926000,2,1,2.225057,2.033939
350,51.926000,2,3,2.009163,1.970065
351,51.966000,2,0,2.835576,2.810411
351,51.966000,2,1,2.109534,2.034442
351,51.966000,2,3,2.080878,1.969834
352,52.006000,2,0,2.739913,2.810508
352,52.006000,2,1,2.120085,2.034909
352,52.006000,2,3,1.994142,1.969630
353,52.046000,2,0,2.703247,2.810658
353,52.046000,2,1,2.026691,2.035415
353,52.046000,2,3,1.808736,1.969421
354,52.086000,2,0,2.719513,2.810845
354,52.086000,2,1,2.102359,2.035889
354,52.086000,2,3,2.064942,1.969242
355,52.126000,2,0,2.882341,2.811053
355,52.126000,2,1,2.026978,2.036310
355,52.126000,2,3,2.018348,1.969099
356,52.166000,2,0,2.756356,2.811343
356,52.166000,2,1,2.005351,2.036798
356,52.166000,2,3,1.921895,1.968954
357,52.206000,2,0,2.708282,2.811649
357,52.206000,2,1,2.097221,2.037237
357,52.206000,2,3,1.904393,1.968845
358,52.246000,2,0,2.626708,2.812052
358,52.246000,2,1,2.048291,2.037743
358,52.246000,2,3,2.051569,1.968743
359,52.286000,2,0,2.710824,2.812437
359,52.286000,2,1,2.131214,2.038176
359,52.286000,2,3,1.974380,1.968674
360,52.326000,2,0,2.766868,2.812870
360,52.326000,2,1,1.928118,2.038625
360,52.326000,2,3,1.939897,1.968622
361,52.366000,2,0,2.861627,2.813304
361,52.366000,2,1,1.999015,2.039037
361,52.366000,2,3,1.978361,1.968589
362,52.406000,2,0,2.815337,2.813779
362,52.406000,2,1,2.105351,2.039449
362,52.406000,2,3,1.902508,1.968572
363,52.446000,2,0,2.793782,2.814220
363,52.446000,2,1,1.986114,2.039797
363,52.446000,2,3,2.041577,1.968570
364,52.486000,2,0,2.785873,2.814699
364,52.486000,2,1,2.114020,2.040133
364,52.486000,2,3,1.916432,1.968581
365,52.526000,2,0,2.871648,2.815218
365,52.526000,2,1,2.007977,2.040448
365,52.526000,2,3,1.839598,1.968607
366,52.566000,2,0,2.682096,2.815726
366,52.566000,2,1,1.920756,2.040707
366,52.566000,2,3,1.819729,1.968644
367,52.606000,2,0,2.790339,2.816221
367,52.606000,2,1,2.173405,2.040916
367,52.606000,2,3,1.925239,1.968689
368,52.646000,2,0,2.705755,2.816759
368,52.646000,2,1,1.963985,2.041096
368,52.646000,2,3,1.948005,1.968749
369,52.686000,2,0,2.766725,2.817311
369,52.686000,2,1,2.023671,2.041239
369,52.686000,2,3,1.983549,1.968819
370,52.728000,2,0,2.735647,2.818429
370,52.728000,2,1,2.054801,2.041418
370,52.728000,2,3,1.949773,1.968992
371,52.766000,2,0,2.797095,2.819020
371,52.766000,2,1,1.946087,2.041463
371,52.766000,2,3,2.045907,1.969101
372,52.806000,2,0,2.830632,2.819655
372,52.806000,2,1,2.150887,2.041483
372,52.806000,2,3,2.010872,1.969231
373,52.846000,2,0,2.749452,2.820269
373,52.846000,2,1,2.204353,2.041475
373,52.846000,2,3,1.913384,1.969369
374,52.886000,2,0,2.824531,2.820859
374,52.886000,2,1,2.172359,2.041446
374,52.886000,2,3,1.921972,1.969513
375,52.926000,2,0,2.664314,2.821490
375,52.926000,2,1,2.228124,2.041392
375,52.926000,2,3,1.805762,1.969678
376,52.966000,2,0,2.824828,2.822131
376,52.966000,2,1,2.168770,2.041313
376,52.966000,2,3,1.903671,1.969856
377,53.006000,2,0,2.703836,2.822782
377,53.006000,2,1,2.037066,2.041207
377,53.006000,2,3,1.889368,1.970044
378,53.046000,2,0,2.894589,2.823409
378,53.046000,2,1,1.929029,2.041082
378,53.046000,2,3,2.003349,1.970232
379,53.086000,2,0,2.905184,2.824081
379,53.086000,2,1,2.099875,2.040923
379,53.086000,2,3,1.929626,1.970438
380,53.126000,2,0,2.634534,2.824764
380,53.126000,2,1,2.012082,2.040737
380,53.126000,2,3,2.084996,1.970651
381,53.166000,2,0,2.879638,2.825457
381,53.166000,2,1,2.079798,2.040526
381,53.166000,2,3,2.039072,1.970869
382,53.206000,2,0,2.837519,2.826123
382,53.206000,2,1,1.975647,2.040302
382,53.206000,2,3,2.033723,1.971082
383,53.246000,2,0,2.832871,2.826835
383,53.246000,2,1,2.039427,2.040041
383,53.246000,2,3,1.877043,1.971312
384,53.286000,2,0,2.879300,2.827555
384,53.286000,2,1,1.999063,2.039754
384,53.286000,2,3,1.996821,1.971549
385,53.326000,2,0,2.828670,2.828894
385,53.326000,2,1,2.003886,2.039155
385,53.326000,2,3,1.964430,1.972009
386,53.366000,2,0,2.902233,2.829627
386,53.366000,2,1,2.084251,2.038790
386,53.366000,2,3,1.937448,1.972275
387,53.406000,2,0,2.864674,2.830362
387,53.406000,2,1,1.937830,2.038398
387,53.406000,2,3,1.875603,1.972554
388,53.446000,2,0,2.841447,2.831099
388,53.446000,2,1,2.018909,2.037979
388,53.446000,2,3,1.944226,1.972851
389,53.486000,2,0,2.786584,2.831798
389,53.486000,2,1,1.990097,2.037557
389,53.486000,2,3,2.025987,1.973151
390,53.526000,2,0,2.685059,2.832536
390,53.526000,2,1,2.053826,2.037088
390,53.526000,2,3,1.952669,1.973487
391,53.566000,2,0,2.837577,2.833270
391,53.566000,2,1,2.010734,2.036593
391,53.566000,2,3,1.912218,1.973845
392,53.606000,2,0,2.961657,2.833997
392,53.606000,2,1,2.010752,2.036073
392,53.606000,2,3,1.985863,1.974226
393,53.646000,2,0,2.840682,2.834715
393,53.646000,2,1,2.020206,2.035528
393,53.646000,2,3,2.070545,1.974628
394,53.686000,2,0,2.898217,2.835384
394,53.686000,2,1,1.976792,2.034987
394,53.686000,2,3,2.018397,1.975027
395,53.726000,2,0,2.953799,2.836076
395,53.726000,2,1,2.002961,2.034391
395,53.726000,2,3,2.039082,1.975466
396,53.766000,2,0,2.835257,2.836752
396,53.766000,2,1,2.162587,2.033768
396,53.766000,2,3,1.982960,1.975918
397,53.808000,2,0,2.835300,2.837376
397,53.808000,2,1,2.236480,2.033153
397,53.808000,2,3,1.864412,1.976357
398,53.846000,2,0,2.829084,2.838014
398,53.846000,2,1,2.084984,2.032480
398,53.846000,2,3,2.097159,1.976828
399,53.886000,2,0,2.811891,2.838633
399,53.886000,2,1,1.958085,2.031784
399,53.886000,2,3,1.945741,1.977306
400,53.926000,2,0,2.889186,2.839782
400,53.926000,2,1,2.034001,2.030372
400,53.926000,2,3,1.910573,1.978251
401,53.966000,2,0,2.876587,2.840315
401,53.966000,2,1,2.099115,2.029660
401,53.966000,2,3,1.986786,1.978716
402,54.006000,2,0,2.921944,2.840857
402,54.006000,2,1,1.916058,2.028889
402,54.006000,2,3,1.987465,1.979213
403,54.046000,2,0,2.954148,2.841378
403,54.046000,2,1,2.191029,2.028095
403,54.046000,2,3,2.105637,1.979717
404,54.086000,2,0,2.850594,2.841900
404,54.086000,2,1,1.989762,2.027230
404,54.086000,2,3,2.014745,1.980258
405,54.126000,2,0,2.839511,2.842392
405,54.126000,2,1,1.996761,2.026328
405,54.126000,2,3,2.022238,1.980813
406,54.166000,2,0,2.768781,2.842850
406,54.166000,2,1,2.032568,2.025384
406,54.166000,2,3,2.156034,1.981385
407,54.206000,2,0,2.866466,2.843293
407,54.206000,2,1,2.084382,2.024343
407,54.206000,2,3,1.837653,1.982005
408,54.246000,2,0,2.849088,2.843657
408,54.246000,2,1,2.065870,2.023354
408,54.246000,2,3,1.952838,1.982583
409,54.286000,2,0,2.815745,2.843987
409,54.286000,2,1,1.918785,2.022322
409,54.286000,2,3,2.078305,1.983177
410,54.326000,2,0,2.912978,2.844300
410,54.326000,2,1,1.966696,2.021196
410,54.326000,2,3,2.058299,1.983818
411,54.366000,2,0,2.843316,2.844570
411,54.366000,2,1,2.083162,2.020093
411,54.366000,2,3,1.918707,1.984441
412,54.406000,2,0,2.923421,2.844805
412,54.406000,2,1,1.944674,2.019024
412,54.406000,2,3,1.961115,1.985042
413,54.446000,2,0,2.711195,2.845035
413,54.446000,2,1,2.048048,2.017875
413,54.446000,2,3,1.894550,1.985687
414,54.486000,2,0,2.780476,2.845260
414,54.486000,2,1,2.038610,2.016645
414,54.486000,2,3,2.001519,1.986372
415,54.526000,2,0,2.809861,2.845469
415,54.526000,2,1,1.991109,2.015399
415,54.526000,2,3,2.092410,1.987065
416,54.566000,2,0,2.763490,2.845665
416,54.566000,2,1,2.008243,2.014138
416,54.566000,2,3,1.984918,1.987767
417,54.606000,2,0,2.949164,2.845841
417,54.606000,2,1,1.965095,2.012931
417,54.606000,2,3,2.009712,1.988443
418,54.648000,2,0,2.808234,2.846036
418,54.648000,2,1,2.028516,2.011529
418,54.648000,2,3,2.108673,1.989241
419,54.686000,2,0,2.850163,2.846219
419,54.686000,2,1,2.008219,2.010192
419,54.686000,2,3,1.839497,1.990023
420,54.726000,2,0,2.946784,2.846391
420,54.726000,2,1,1.971754,2.008996
420,54.726000,2,3,2.122452,1.990750
421,54.766000,2,0,2.803333,2.846596
421,54.766000,2,1,1.966389,2.007775
421,54.766000,2,3,1.964864,1.991551
422,54.806000,2,0,2.761427,2.846840
422,54.806000,2,1,2.031707,2.006681
422,54.806000,2,3,1.901858,1.992366
423,54.846000,2,0,2.736011,2.847213
423,54.846000,2,1,2.011657,2.005591
423,54.846000,2,3,2.014053,1.993360
424,54.886000,2,0,2.816270,2.847722
424,54.886000,2,1,1.912314,2.004717
424,54.886000,2,3,2.037180,1.994437
425,54.926000,2,0,2.848570,2.848446
425,54.926000,2,1,2.032838,2.004051
425,54.926000,2,3,1.998185,1.995683
426,54.966000,2,0,3.018001,2.849391
426,54.966000,2,1,2.058114,2.003654
426,54.966000,2,3,1.991770,1.997061
427,55.006000,2,0,2.927537,2.850570
427,55.006000,2,1,2.007331,2.003523
427,55.006000,2,3,2.055640,1.998574
428,55.046000,2,0,2.723394,2.852164
428,55.046000,2,1,1.963664,2.003675
428,55.046000,2,3,2.018629,2.000419
429,55.086000,2,0,2.904855,2.854165
429,55.086000,2,1,2.044171,2.004152
429,55.086000,2,3,2.067247,2.002550
430,55.126000,2,0,2.983077,2.856613
430,55.126000,2,1,1.989869,2.004979
430,55.126000,2,3,2.133323,2.004993
431,55.166000,2,0,2.911191,2.859543
431,55.166000,2,1,2.002675,2.006178
431,55.166000,2,3,1.970272,2.007770
432,55.206000,2,0,2.928044,2.862984
432,55.206000,2,1,1.993980,2.007765
432,55.206000,2,3,1.886892,2.010902
433,55.246000,2,0,2.896852,2.866962
433,55.246000,2,1,2.227275,2.009759
433,55.246000,2,3,1.963458,2.014407
434,55.286000,2,0,2.985029,2.871497
434,55.286000,2,1,2.009087,2.012173
434,55.286000,2,3,1.950614,2.018299
435,55.326000,2,0,2.869175,2.876606
435,55.326000,2,1,1.998896,2.015022
435,55.326000,2,3,1.997098,2.022590
436,55.366000,2,0,2.999548,2.888947
436,55.366000,2,1,2.044583,2.022280
436,55.366000,2,3,1.988325,2.032690
437,55.406000,2,0,2.973487,2.895885
437,55.406000,2,1,2.239721,2.026522
437,55.406000,2,3,1.990656,2.038250
438,55.446000,2,0,3.056468,2.903443
438,55.446000,2,1,1.969341,2.031236
438,55.446000,2,3,2.091553,2.044236
439,55.486000,2,0,2.953177,2.911631
439,55.486000,2,1,2.011810,2.036427
439,55.486000,2,3,2.115583,2.050653
440,55.526000,2,0,2.985233,2.920458
440,55.526000,2,1,2.036473,2.042100
440,55.526000,2,3,2.063485,2.057504
441,55.566000,2,0,2.862100,2.929418
441,55.566000,2,1,2.003425,2.047923
441,55.566000,2,3,1.998009,2.064401
442,55.606000,2,0,2.940796,2.939513
442,55.606000,2,1,2.148904,2.054546
442,55.606000,2,3,2.179504,2.072114
443,55.646000,2,0,2.999871,2.950855
443,55.646000,2,1,1.952160,2.062052
443,55.646000,2,3,1.936771,2.080720
444,55.686000,2,0,2.958237,2.962318
444,55.686000,2,1,1.993880,2.069691
444,55.686000,2,3,2.026174,2.089363
445,55.726000,2,0,3.010083,2.974453
445,55.726000,2,1,2.125405,2.077826
445,55.726000,2,3,2.128541,2.098468
446,55.766000,2,0,2.817973,2.987262
446,55.766000,2,1,2.161216,2.086457
446,55.766000,2,3,2.072718,2.108035
447,55.806000,2,0,3.051476,3.000741
447,55.806000,2,1,2.094365,2.095583
447,55.806000,2,3,2.169252,2.118066
448,55.846000,2,0,3.089185,3.014124
448,55.846000,2,1,1.967578,2.104686
448,55.846000,2,3,2.197823,2.127994
449,55.886000,2,0,3.148597,3.028098
449,55.886000,2,1,2.209762,2.114232
449,55.886000,2,3,2.228723,2.138334
450,55.926000,2,0,3.124537,3.043481
450,55.926000,2,1,2.166035,2.124788
450,55.926000,2,3,2.109210,2.149692
451,55.966000,2,0,3.130397,3.074381
451,55.966000,2,1,2.143173,2.146125
451,55.966000,2,3,2.132092,2.172440
452,56.006000,2,0,3.031966,3.092518
452,56.006000,2,1,2.136026,2.158722
452,56.006000,2,3,2.165427,2.185755
453,56.046000,2,0,3.174245,3.111333
453,56.046000,2,1,2.201385,2.171840
453,56.046000,2,3,2.168623,2.199541
454,56.086000,2,0,3.169209,3.129822
454,56.086000,2,1,2.281802,2.184773
454,56.086000,2,3,2.232387,2.213062
455,56.126000,2,0,3.151272,3.147880
455,56.126000,2,1,2.382683,2.197438
455,56.126000,2,3,2.229045,2.226243
456,56.166000,2,0,3.145554,3.166452
456,56.166000,2,1,2.152447,2.210494
456,56.166000,2,3,2.289675,2.239777
457,56.206000,2,0,3.280018,3.186603
457,56.206000,2,1,2.214638,2.224690
457,56.206000,2,3,2.289257,2.254437
458,56.246000,2,0,3.121738,3.207306
458,56.246000,2,1,2.130050,2.239303
458,56.246000,2,3,2.196403,2.269473
459,56.286000,2,0,3.221322,3.228553
459,56.286000,2,1,2.320135,2.254325
459,56.286000,2,3,2.281739,2.284879
460,56.326000,2,0,3.151228,3.250334
460,56.326000,2,1,2.219603,2.269748
460,56.326000,2,3,2.303786,2.300646
461,56.366000,2,0,3.371591,3.272636
461,56.366000,2,1,2.387549,2.285560
461,56.366000,2,3,2.291123,2.316765
462,56.408000,2,0,3.344424,3.295450
462,56.408000,2,1,2.311001,2.301750
462,56.408000,2,3,2.453205,2.333226
463,56.446000,2,0,3.287982,3.318763
463,56.446000,2,1,2.374147,2.318305
463,56.446000,2,3,2.357255,2.350022
464,56.486000,2,0,3.404151,3.345094
464,56.486000,2,1,2.316478,2.337011
464,56.486000,2,3,2.303282,2.368964
465,56.526000,2,0,3.510777,3.370702
465,56.526000,2,1,2.217230,2.355210
465,56.526000,2,3,2.407954,2.387361
466,56.566000,2,0,3.367497,3.395493
466,56.566000,2,1,2.455373,2.372833
466,56.566000,2,3,2.501682,2.405149
467,56.606000,2,0,3.376516,3.419380
467,56.606000,2,1,2.334933,2.389819
467,56.606000,2,3,2.504531,2.422268
468,56.646000,2,0,3.490965,3.446360
468,56.646000,2,1,2.387392,2.409015
468,56.646000,2,3,2.362359,2.441580
469,56.686000,2,0,3.501786,3.473784
469,56.686000,2,1,2.503351,2.428540
469,56.686000,2,3,2.505704,2.461186
470,56.728000,2,0,3.447935,3.501637
470,56.728000,2,1,2.498170,2.448388
470,56.728000,2,3,2.476708,2.481074
471,56.766000,2,0,3.510212,3.527060
471,56.766000,2,1,2.539893,2.466517
471,56.766000,2,3,2.561692,2.499207
472,56.806000,2,0,3.401542,3.554245
472,56.806000,2,1,2.517778,2.485916
472,56.806000,2,3,2.425377,2.518578
473,56.846000,2,0,3.592812,3.584689
473,56.846000,2,1,2.537561,2.507655
473,56.846000,2,3,2.575220,2.540253
474,56.886000,2,0,3.704377,3.615531
474,56.886000,2,1,2.506133,2.529690
474,56.886000,2,3,2.394120,2.562192
475,56.926000,2,0,3.671239,3.642268
475,56.926000,2,1,2.533213,2.548801
475,56.926000,2,3,2.535076,2.581200
476,56.966000,2,0,3.744106,3.672285
476,56.966000,2,1,2.528775,2.570268
476,56.966000,2,3,2.640449,2.602532
477,57.006000,2,0,3.731696,3.702609
477,57.006000,2,1,2.651870,2.591967
477,57.006000,2,3,2.590722,2.624076
478,57.046000,2,0,3.835223,3.759451
478,57.046000,2,1,2.491635,2.632669
478,57.046000,2,3,2.516094,2.664447
479,57.086000,2,0,3.763295,3.790550
479,57.086000,2,1,2.646673,2.654950
479,57.086000,2,3,2.694016,2.686528
480,57.126000,2,0,3.956709,3.820323
480,57.126000,2,1,2.809635,2.676285
480,57.126000,2,3,2.786548,2.707660
481,57.166000,2,0,3.786490,3.851888
481,57.166000,2,1,2.605422,2.698906
481,57.166000,2,3,2.590396,2.730055
482,57.206000,2,0,3.841616,3.880480
482,57.206000,2,1,2.825824,2.719399
482,57.206000,2,3,2.799763,2.750332
483,57.246000,2,0,3.677788,3.910837
483,57.246000,2,1,2.851639,2.741161
483,57.246000,2,3,2.824542,2.771849
484,57.286000,2,0,3.934127,3.941364
484,57.286000,2,1,2.905061,2.763050
484,57.286000,2,3,2.734031,2.793473
485,57.326000,2,0,3.989570,3.972050
485,57.326000,2,1,2.788481,2.785059
485,57.326000,2,3,2.760305,2.815195
486,57.366000,2,0,4.087330,3.999630
486,57.366000,2,1,2.830462,2.804846
486,57.366000,2,3,2.867956,2.834706
487,57.406000,2,0,4.115947,4.030586
487,57.406000,2,1,2.862266,2.827060
487,57.406000,2,3,2.871730,2.856591
488,57.446000,2,0,4.140276,4.061675
488,57.446000,2,1,2.914753,2.849374
488,57.446000,2,3,2.916234,2.878559
489,57.486000,2,0,4.116562,4.094537
489,57.486000,2,1,2.786388,2.872962
489,57.486000,2,3,2.907856,2.901770
490,57.526000,2,0,4.140260,4.124223
490,57.526000,2,1,2.803116,2.894273
490,57.526000,2,3,2.778848,2.922732
491,57.566000,2,0,4.072053,4.157326
491,57.566000,2,1,3.023737,2.918040
491,57.566000,2,3,2.914224,2.946104
492,57.606000,2,0,4.231679,4.190550
492,57.606000,2,1,2.898706,2.941897
492,57.606000,2,3,3.004076,2.969558
493,57.646000,2,0,4.229319,4.223887
493,57.646000,2,1,2.930449,2.965841
493,57.646000,2,3,2.964115,2.993092
494,57.686000,2,0,4.375412,4.253979
494,57.686000,2,1,3.100501,2.987459
494,57.686000,2,3,3.023891,3.014337
495,57.726000,2,0,4.395901,4.292537
495,57.726000,2,1,3.169182,3.015165
495,57.726000,2,3,3.104421,3.041562
496,57.766000,2,0,4.420233,4.324470
496,57.766000,2,1,3.121235,3.038116
496,57.766000,2,3,3.086228,3.064114
497,57.806000,2,0,4.298691,4.356470
497,57.806000,2,1,3.034470,3.061119
497,57.806000,2,3,3.063194,3.086718
498,57.848000,2,0,4.288869,4.390215
498,57.848000,2,1,3.068247,3.085382
498,57.848000,2,3,3.119241,3.110558
499,57.886000,2,0,4.479229,4.424013
499,57.886000,2,1,3.097446,3.109684
499,57.886000,2,3,3.145529,3.134439
500,57.926000,2,0,4.351486,4.456160
500,57.926000,2,1,3.024998,3.132801
500,57.926000,2,3,3.068265,3.157155
501,57.966000,2,0,4.535646,4.488336
501,57.966000,2,1,3.292798,3.155940
501,57.966000,2,3,3.192808,3.179892
502,58.006000,2,0,4.453377,4.520528
502,58.006000,2,1,3.240352,3.179094
502,58.006000,2,3,3.256956,3.202640
503,58.046000,2,0,4.649005,4.554414
503,58.046000,2,1,3.171190,3.203472
503,58.046000,2,3,3.079065,3.226587
504,58.086000,2,0,4.677748,4.617070
504,58.086000,2,1,3.243909,3.248572
504,58.086000,2,3,3.391150,3.270870
505,58.126000,2,0,4.565171,4.644144
505,58.126000,2,1,3.278850,3.268073
505,58.126000,2,3,3.242974,3.290009
506,58.166000,2,0,4.654456,4.681348
506,58.166000,2,1,3.244267,3.294881
506,58.166000,2,3,3.310974,3.316314
507,58.206000,2,0,4.825953,4.716832
507,58.206000,2,1,3.421390,3.320459
507,58.206000,2,3,3.384152,3.341409
508,58.248000,2,0,4.784123,4.748913
508,58.248000,2,1,3.245212,3.343590
508,58.248000,2,3,3.321983,3.364102
509,58.286000,2,0,4.719807,4.780970
509,58.286000,2,1,3.272411,3.366708
509,58.286000,2,3,3.375436,3.386784
510,58.326000,2,0,4.793622,4.794461
510,58.326000,2,1,3.454333,3.376437
510,58.326000,2,3,3.264286,3.396330
511,58.366000,2,0,4.861262,4.851733
511,58.366000,2,1,3.453232,3.417748
511,58.366000,2,3,3.357332,3.436867
512,58.406000,2,0,4.826080,4.882005
512,58.406000,2,1,3.392052,3.439587
512,58.406000,2,3,3.432805,3.458301
513,58.446000,2,0,4.906015,4.910560
513,58.446000,2,1,3.491201,3.460192
513,58.446000,2,3,3.356793,3.478528
514,58.486000,2,0,4.931518,4.942431
514,58.486000,2,1,3.509258,3.483194
514,58.486000,2,3,3.392285,3.501114
515,58.528000,2,0,5.137071,4.974249
515,58.528000,2,1,3.547876,3.506163
515,58.528000,2,3,3.513837,3.523675
516,58.566000,2,0,5.100002,4.994315
516,58.566000,2,1,3.591301,3.520652
516,58.566000,2,3,3.659081,3.537910
517,58.606000,2,0,5.024032,5.031035
517,58.606000,2,1,3.556485,3.547173
517,58.606000,2,3,3.682668,3.563976
518,58.646000,2,0,5.061008,5.084273
518,58.646000,2,1,3.590180,3.585642
518,58.646000,2,3,3.391866,3.601797
519,58.686000,2,0,5.082312,5.119092
519,58.686000,2,1,3.720352,3.610810
519,58.686000,2,3,3.612704,3.626550
520,58.726000,2,0,5.078454,5.127369
520,58.726000,2,1,3.585017,3.616793
520,58.726000,2,3,3.749461,3.632435
521,58.768000,2,0,5.074851,5.160429
521,58.768000,2,1,3.533993,3.640694
521,58.768000,2,3,3.626231,3.655945
522,58.806000,2,0,5.159916,5.196713
522,58.806000,2,1,3.710347,3.666925
522,58.806000,2,3,3.715853,3.681752
523,58.846000,2,0,5.163483,5.241144
523,58.846000,2,1,3.815100,3.699042
523,58.846000,2,3,3.633624,3.713349
524,58.886000,2,0,5.364495,5.272355
524,58.886000,2,1,3.631211,3.721598
524,58.886000,2,3,3.670237,3.735541
525,58.926000,2,0,5.297262,5.305169
525,58.926000,2,1,3.665495,3.745308
525,58.926000,2,3,3.778219,3.758867
526,58.966000,2,0,5.250107,5.336312
526,58.966000,2,1,3.746920,3.767808
526,58.966000,2,3,3.760091,3.781003
527,59.006000,2,0,5.373166,5.367431
527,59.006000,2,1,3.924660,3.790288
527,59.006000,2,3,3.923002,3.803117
528,59.046000,2,0,5.553938,5.400164
528,59.046000,2,1,3.781965,3.813935
528,59.046000,2,3,3.808846,3.826378
529,59.086000,2,0,5.324253,5.434503
529,59.086000,2,1,3.794037,3.838744
529,59.086000,2,3,3.845192,3.850782
530,59.126000,2,0,5.451823,5.473700
530,59.126000,2,1,3.955056,3.867065
530,59.126000,2,3,3.831098,3.878646
531,59.166000,2,0,5.461846,5.501433
531,59.166000,2,1,3.676278,3.887102
531,59.166000,2,3,3.884359,3.898363
532,59.206000,2,0,5.522210,5.532397
532,59.206000,2,1,3.755409,3.909472
532,59.206000,2,3,3.856475,3.920379
533,59.246000,2,0,5.606851,5.564958
533,59.246000,2,1,3.993551,3.932990
533,59.246000,2,3,4.021215,3.943528
534,59.286000,2,0,5.574655,5.595858
534,59.286000,2,1,3.968778,3.955300
534,59.286000,2,3,3.825918,3.965489
535,59.326000,2,0,5.545297,5.626724
535,59.326000,2,1,3.967490,3.977574
535,59.326000,2,3,4.072374,3.987414
536,59.366000,2,0,5.623460,5.659177
536,59.366000,2,1,3.991840,4.000982
536,59.366000,2,3,4.000097,4.010449
537,59.406000,2,0,5.733187,5.689975
537,59.406000,2,1,4.074524,4.023181
537,59.406000,2,3,4.012086,4.032289
538,59.446000,2,0,5.803305,5.723979
538,59.446000,2,1,4.196142,4.047675
538,59.446000,2,3,3.964874,4.056376
539,59.486000,2,0,5.726983,5.751479
539,59.486000,2,1,4.137430,4.067470
539,59.486000,2,3,3.993976,4.075834
540,59.526000,2,0,5.864056,5.783806
540,59.526000,2,1,4.142853,4.090723
540,59.526000,2,3,3.948570,4.098678
541,59.566000,2,0,5.804717,5.817722
541,59.566000,2,1,4.071892,4.115101
541,59.566000,2,3,4.145987,4.122615
542,59.606000,2,0,5.888005,5.849998
542,59.606000,2,1,4.189681,4.138286
542,59.606000,2,3,4.060068,4.145366
543,59.646000,2,0,5.821583,5.877413
543,59.646000,2,1,4.063202,4.157969
543,59.646000,2,3,4.058944,4.164673
544,59.686000,2,0,5.851774,5.911254
544,59.686000,2,1,4.198421,4.182258
544,59.686000,2,3,4.190660,4.188485
545,59.726000,2,0,5.969645,5.940231
545,59.726000,2,1,4.096636,4.203051
545,59.726000,2,3,4.181198,4.208862
546,59.766000,2,0,5.841160,5.970758
546,59.766000,2,1,4.193634,4.224951
546,59.766000,2,3,4.185306,4.230319
547,59.806000,2,0,5.946594,6.002760
547,59.806000,2,1,4.323221,4.247908
547,59.806000,2,3,4.294444,4.252807
548,59.846000,2,0,6.131442,6.034528
548,59.846000,2,1,4.238739,4.270697
548,59.846000,2,3,4.167786,4.275126
549,59.886000,2,0,6.066192,6.070607
549,59.886000,2,1,4.324387,4.296584
549,59.886000,2,3,4.295179,4.300471
550,59.926000,2,0,5.968987,6.101434
550,59.926000,2,1,4.201745,4.318711
550,59.926000,2,3,4.332059,4.322119
551,59.966000,2,0,6.083956,6.131615
551,59.966000,2,1,4.447614,4.340383
551,59.966000,2,3,4.245514,4.343305
552,60.006000,2,0,6.137625,6.159571
552,60.006000,2,1,4.224623,4.360467
552,60.006000,2,3,4.371716,4.362920
553,60.046000,2,0,6.252859,6.210262
553,60.046000,2,1,4.394637,4.396910
553,60.046000,2,3,4.307194,4.398460
554,60.086000,2,0,6.181871,6.235657
554,60.086000,2,1,4.548092,4.415181
554,60.086000,2,3,4.292244,4.416253
555,60.126000,2,0,6.251321,6.260033
555,60.126000,2,1,4.536527,4.432733
555,60.126000,2,3,4.304579,4.433324
556,60.166000,2,0,6.309001,6.283346
556,60.166000,2,1,4.273547,4.449534
556,60.166000,2,3,4.485994,4.449641
557,60.206000,2,0,6.279181,6.305560
557,60.206000,2,1,4.468685,4.465558
557,60.206000,2,3,4.398747,4.465179
558,60.246000,2,0,6.275104,6.326642
558,60.246000,2,1,4.621122,4.480784
558,60.246000,2,3,4.580723,4.479912
559,60.286000,2,0,6.262928,6.346563
559,60.286000,2,1,4.556505,4.495190
559,60.286000,2,3,4.381688,4.493817
560,60.326000,2,0,6.329216,6.364342
560,60.326000,2,1,4.378248,4.508065
560,60.326000,2,3,4.488872,4.506208
561,60.366000,2,0,6.344830,6.380139
561,60.366000,2,1,4.429486,4.519523
561,60.366000,2,3,4.349005,4.517200
562,60.406000,2,0,6.465005,6.397467
562,60.406000,2,1,4.539677,4.532112
562,60.406000,2,3,4.694667,4.529231
563,60.446000,2,0,6.518979,6.412650
563,60.446000,2,1,4.672798,4.543165
563,60.446000,2,3,4.500971,4.539749
564,60.486000,2,0,6.246286,6.426574
564,60.486000,2,1,4.475826,4.553323
564,60.486000,2,3,4.603301,4.549367
565,60.526000,2,0,6.541523,6.439855
565,60.526000,2,1,4.594258,4.563037
565,60.526000,2,3,4.526185,4.558513
566,60.566000,2,0,6.450949,6.450591
566,60.566000,2,1,4.732035,4.570916
566,60.566000,2,3,4.579654,4.565881
567,60.606000,2,0,6.430767,6.461159
567,60.606000,2,1,4.520536,4.578703
567,60.606000,2,3,4.551905,4.573102
568,60.646000,2,0,6.530837,6.469863
568,60.646000,2,1,4.549848,4.585153
568,60.646000,2,3,4.618952,4.579018
569,60.686000,2,0,6.636409,6.482780
569,60.686000,2,1,4.597967,4.594842
569,60.686000,2,3,4.610706,4.587704
570,60.726000,2,0,6.566887,6.487934
570,60.726000,2,1,4.601785,4.598792
570,60.726000,2,3,4.560247,4.591104
571,60.766000,2,0,6.570779,6.491496
571,60.766000,2,1,4.843871,4.601599
571,60.766000,2,3,4.622780,4.593395
572,60.806000,2,0,6.441881,6.493679
572,60.806000,2,1,4.651374,4.603411
572,60.806000,2,3,4.588746,4.594726
573,60.846000,2,0,6.539880,6.494710
573,60.846000,2,1,4.630229,4.604406
573,60.846000,2,3,4.581195,4.595248
574,60.886000,2,0,6.617470,6.494559
574,60.886000,2,1,4.479695,4.604576
574,60.886000,2,3,4.737302,4.594927
575,60.926000,2,0,6.345949,6.493151
575,60.926000,2,1,4.599053,4.603855
575,60.926000,2,3,4.612466,4.593717
576,60.966000,2,0,6.573695,6.490673
576,60.966000,2,1,4.611800,4.602363
576,60.966000,2,3,4.579374,4.591763
577,61.006000,2,0,6.372406,6.486866
577,61.006000,2,1,4.627477,4.599948
577,61.006000,2,3,4.686633,4.588857
578,61.046000,2,0,6.415660,6.481856
578,61.046000,2,1,4.526502,4.596686
578,61.046000,2,3,4.517548,4.585101
579,61.086000,2,0,6.561955,6.475662
579,61.086000,2,1,4.366812,4.592592
579,61.086000,2,3,4.426864,4.580509
580,61.126000,2,0,6.499794,6.468304
580,61.126000,2,1,4.559946,4.587677
580,61.126000,2,3,4.600055,4.575097
581,61.166000,2,0,6.453165,6.459322
581,61.166000,2,1,4.633538,4.581633
581,61.166000,2,3,4.648776,4.568534
582,61.206000,2,0,6.417061,6.449094
582,61.206000,2,1,4.593159,4.574713
582,61.206000,2,3,4.428354,4.561101
583,61.246000,2,0,6.425304,6.437040
583,61.246000,2,1,4.585379,4.566522
583,61.246000,2,3,4.519652,4.552382
584,61.286000,2,0,6.338166,6.424335
584,61.286000,2,1,4.680948,4.557857
584,61.286000,2,3,4.496415,4.543227
585,61.326000,2,0,6.344022,6.410460
585,61.326000,2,1,4.522276,4.548371
585,61.326000,2,3,4.482474,4.533260
586,61.366000,2,0,6.346377,6.396999
586,61.366000,2,1,4.567319,4.539150
586,61.366000,2,3,4.506005,4.523612
587,61.406000,2,0,6.465071,6.381817
587,61.406000,2,1,4.722965,4.528736
587,61.406000,2,3,4.526963,4.512750
588,61.446000,2,0,6.305088,6.365666
588,61.446000,2,1,4.654440,4.517643
588,61.446000,2,3,4.494699,4.501211
589,61.486000,2,0,6.359806,6.348576
589,61.486000,2,1,4.456327,4.505895
589,61.486000,2,3,4.456986,4.489013
590,61.526000,2,0,6.411519,6.312717
590,61.526000,2,1,4.559270,4.481204
590,61.526000,2,3,4.404109,4.463451
591,61.566000,2,0,6.370873,6.293038
591,61.566000,2,1,4.431149,4.467629
591,61.566000,2,3,4.343763,4.449438
592,61.606000,2,0,6.202900,6.271435
592,61.606000,2,1,4.448488,4.452705
592,61.606000,2,3,4.478959,4.434068
593,61.646000,2,0,6.120610,6.252380
593,61.646000,2,1,4.471011,4.439521
593,61.646000,2,3,4.458013,4.420522
594,61.686000,2,0,6.184737,6.231533
594,61.686000,2,1,4.236645,4.425078
594,61.686000,2,3,4.349156,4.405714
595,61.726000,2,0,6.291666,6.208806
595,61.726000,2,1,4.462578,4.409311
595,61.726000,2,3,4.297504,4.389583
596,61.766000,2,0,6.058844,6.185365
596,61.766000,2,1,4.425397,4.393028
596,61.766000,2,3,4.305341,4.372957
597,61.806000,2,0,6.177959,6.161240
597,61.806000,2,1,4.467359,4.376250
597,61.806000,2,3,4.298379,4.355856
598,61.846000,2,0,6.098505,6.137782
598,61.846000,2,1,4.388535,4.359920
598,61.846000,2,3,4.320402,4.339234
599,61.886000,2,0,6.078207,6.096082
599,61.886000,2,1,4.350917,4.330851
599,61.886000,2,3,4.270759,4.309694
600,61.928000,2,0,6.063035,6.069751
600,61.928000,2,1,4.345256,4.312470
600,61.928000,2,3,4.191417,4.291042
601,61.966000,2,0,6.059445,6.040001
601,61.966000,2,1,4.337677,4.291678
601,61.966000,2,3,4.368223,4.269967
602,62.006000,2,0,5.993027,6.038567
602,62.006000,2,1,4.143217,4.290676
602,62.006000,2,3,4.177361,4.268952
603,62.046000,2,0,5.944188,5.984538
603,62.046000,2,1,4.275217,4.252863
603,62.046000,2,3,4.274176,4.230685
604,62.088000,2,0,5.975248,5.953045
604,62.088000,2,1,4.120177,4.230804
604,62.088000,2,3,4.128762,4.208387
605,62.126000,2,0,5.851507,5.927140
605,62.126000,2,1,4.301793,4.212651
605,62.126000,2,3,4.070225,4.190050
606,62.166000,2,0,5.940095,5.899330
606,62.166000,2,1,4.189675,4.193157
606,62.166000,2,3,4.103159,4.170369
607,62.206000,2,0,5.979310,5.869570
607,62.206000,2,1,4.193967,4.172291
607,62.206000,2,3,4.208098,4.149315
608,62.246000,2,0,5.889667,5.837824
608,62.246000,2,1,4.160298,4.150020
608,62.246000,2,3,4.116204,4.126858
609,62.286000,2,0,5.681581,5.805669
609,62.286000,2,1,4.118971,4.127451
609,62.286000,2,3,4.030562,4.104117
610,62.326000,2,0,5.718529,5.774765
610,62.326000,2,1,4.044310,4.105745
610,62.326000,2,3,4.220905,4.082265
611,62.366000,2,0,5.750589,5.743535
611,62.366000,2,1,4.038946,4.083794
611,62.366000,2,3,4.175370,4.060187
612,62.406000,2,0,5.726112,5.712002
612,62.406000,2,1,4.074752,4.061614
612,62.406000,2,3,4.011186,4.037899
613,62.446000,2,0,5.609940,5.680188
613,62.446000,2,1,4.206995,4.039219
613,62.446000,2,3,4.151291,4.015419
614,62.486000,2,0,5.636958,5.649812
614,62.486000,2,1,4.071959,4.017817
614,62.486000,2,3,3.780661,3.993956
615,62.526000,2,0,5.509688,5.617520
615,62.526000,2,1,3.888391,3.995046
615,62.526000,2,3,3.952232,3.971142
616,62.566000,2,0,5.594077,5.585018
616,62.566000,2,1,3.957373,3.972105
616,62.566000,2,3,3.799721,3.948179
617,62.606000,2,0,5.623725,5.552328
617,62.606000,2,1,3.985910,3.949008
617,62.606000,2,3,4.033455,3.925083
618,62.646000,2,0,5.454263,5.491678
618,62.646000,2,1,3.812356,3.906094
618,62.646000,2,3,3.848338,3.882225
619,62.686000,2,0,5.359896,5.456804
619,62.686000,2,1,3.913406,3.881383
619,62.686000,2,3,3.759511,3.857577
620,62.726000,2,0,5.286554,5.423546
620,62.726000,2,1,3.876530,3.857797
620,62.726000,2,3,3.878274,3.834071
621,62.766000,2,0,5.403543,5.388416
621,62.766000,2,1,3.921720,3.832861
621,62.766000,2,3,3.803825,3.809242
622,62.806000,2,0,5.298532,5.354936
622,62.806000,2,1,3.877784,3.809078
622,62.806000,2,3,3.761147,3.785582
623,62.846000,2,0,5.316573,5.321365
623,62.846000,2,1,3.723698,3.785212
623,62.846000,2,3,3.726556,3.761862
624,62.886000,2,0,5.174593,5.287712
624,62.886000,2,1,3.892341,3.761271
624,62.886000,2,3,3.758634,3.738091
625,62.926000,2,0,5.207248,5.255766
625,62.926000,2,1,3.631985,3.738526
625,62.926000,2,3,3.757256,3.715531
626,62.966000,2,0,5.280001,5.225547
626,62.966000,2,1,3.639330,3.716995
626,62.966000,2,3,3.563298,3.694193
627,63.006000,2,0,5.129783,5.191730
627,63.006000,2,1,3.735694,3.692881
627,63.006000,2,3,3.748121,3.670315
628,63.046000,2,0,5.197151,5.156100
628,63.046000,2,1,3.571821,3.667449
628,63.046000,2,3,3.589766,3.645153
629,63.086000,2,0,5.023072,5.122229
629,63.086000,2,1,3.770434,3.643250
629,63.086000,2,3,3.757166,3.621224
630,63.126000,2,0,5.087954,5.088344
630,63.126000,2,1,3.625575,3.619022
630,63.126000,2,3,3.656142,3.597273
631,63.166000,2,0,4.899592,5.054456
631,63.166000,2,1,3.687797,3.594775
631,63.166000,2,3,3.528119,3.573304
632,63.206000,2,0,4.998727,5.020575
632,63.206000,2,1,3.440721,3.570520
632,63.206000,2,3,3.509676,3.549323
633,63.246000,2,0,4.930290,4.979584
633,63.246000,2,1,3.637525,3.541159
633,63.246000,2,3,3.539220,3.520287
634,63.286000,2,0,5.022497,4.924404
634,63.286000,2,1,3.531100,3.501606
634,63.286000,2,3,3.534121,3.481161
635,63.326000,2,0,4.991981,4.892414
635,63.326000,2,1,3.539039,3.478659
635,63.326000,2,3,3.435796,3.458459
636,63.366000,2,0,4.876621,4.858695
636,63.366000,2,1,3.589807,3.454457
636,63.366000,2,3,3.446503,3.434515
637,63.406000,2,0,4.866751,4.826799
637,63.406000,2,1,3.446593,3.431549
637,63.406000,2,3,3.537423,3.411856
638,63.446000,2,0,4.776420,4.793188
638,63.446000,2,1,3.393750,3.407393
638,63.446000,2,3,3.255600,3.387971
639,63.486000,2,0,4.577044,4.757873
639,63.486000,2,1,3.304477,3.381996
639,63.486000,2,3,3.431364,3.362872
640,63.526000,2,0,4.696018,4.726148
640,63.526000,2,1,3.380664,3.359167
640,63.526000,2,3,3.330768,3.340328
641,63.566000,2,0,4.656818,4.689212
641,63.566000,2,1,3.317833,3.332568
641,63.566000,2,3,3.317584,3.314087
642,63.606000,2,0,4.645510,4.655868
642,63.606000,2,1,3.293581,3.308540
642,63.606000,2,3,3.207485,3.290407
643,63.650000,2,0,4.574365,4.620853
643,63.650000,2,1,3.360803,3.283290
643,63.650000,2,3,3.267429,3.265548
644,63.686000,2,0,4.558171,4.582435
644,63.686000,2,1,3.144057,3.255568
644,63.686000,2,3,3.181973,3.238279
645,63.726000,2,0,4.520462,4.545858
645,63.726000,2,1,3.111778,3.229156
645,63.726000,2,3,3.236983,3.212322
646,63.766000,2,0,4.479431,4.507633
646,63.766000,2,1,3.166218,3.201540
646,63.766000,2,3,3.079859,3.185198
647,63.806000,2,0,4.511511,4.472969
647,63.806000,2,1,3.098864,3.176486
647,63.806000,2,3,3.191811,3.160603
648,63.846000,2,0,4.525382,4.440118
648,63.846000,2,1,3.224041,3.152733
648,63.846000,2,3,3.172688,3.137298
649,63.886000,2,0,4.400820,4.407346
649,63.886000,2,1,3.015557,3.129030
649,63.886000,2,3,3.022179,3.114053
650,63.926000,2,0,4.212786,4.372936
650,63.926000,2,1,3.058050,3.104136
650,63.926000,2,3,3.201008,3.089650
651,63.966000,2,0,4.344142,4.340330
651,63.966000,2,1,3.190604,3.080538
651,63.966000,2,3,3.053959,3.066525
652,64.006000,2,0,4.183390,4.309514
652,64.006000,2,1,3.139161,3.058228
652,64.006000,2,3,2.920190,3.044667
653,64.048000,2,0,4.309326,4.275362
653,64.048000,2,1,2.981525,3.033492
653,64.048000,2,3,2.987010,3.020438
654,64.086000,2,0,4.234881,4.239605
654,64.086000,2,1,3.089232,3.007582
654,64.086000,2,3,3.143665,2.995064
655,64.126000,2,0,4.249572,4.203956
655,64.126000,2,1,2.932720,2.981737
655,64.126000,2,3,3.082686,2.969759
656,64.166000,2,0,4.128132,4.166726
656,64.166000,2,1,2.872589,2.954734
656,64.166000,2,3,2.948884,2.943327
657,64.206000,2,0,4.154821,4.134675
657,64.206000,2,1,2.887264,2.931480
657,64.206000,2,3,2.976053,2.920568
658,64.246000,2,0,3.970419,4.102721
658,64.246000,2,1,2.843179,2.908294
658,64.246000,2,3,2.954273,2.897873
659,64.286000,2,0,4.106928,4.072540
659,64.286000,2,1,2.904346,2.886393
659,64.286000,2,3,2.867690,2.876432
660,64.326000,2,0,4.091943,4.037436
660,64.326000,2,1,2.833633,2.860919
660,64.326000,2,3,2.952037,2.851486
661,64.366000,2,0,4.032633,4.005774
661,64.366000,2,1,2.796371,2.837943
661,64.366000,2,3,2.851287,2.828978
662,64.406000,2,0,3.948558,3.974206
662,64.406000,2,1,2.865842,2.815034
662,64.406000,2,3,2.805862,2.806531
663,64.446000,2,0,4.148172,3.944386
663,64.446000,2,1,2.778545,2.793391
663,64.446000,2,3,2.617375,2.785322
664,64.486000,2,0,3.840735,3.911349
664,64.486000,2,1,2.777682,2.769410
664,64.486000,2,3,2.780041,2.761823
665,64.526000,2,0,3.986191,3.880058
665,64.526000,2,1,2.710605,2.746694
665,64.526000,2,3,2.764552,2.739566
666,64.566000,2,0,3.850461,3.847222
666,64.566000,2,1,2.888018,2.722853
666,64.566000,2,3,2.696200,2.716211
667,64.606000,2,0,3.709743,3.817759
667,64.606000,2,1,2.809534,2.701459
667,64.606000,2,3,2.690262,2.695258
668,64.648000,2,0,3.678330,3.785170
668,64.648000,2,1,2.686031,2.677796
668,64.648000,2,3,2.587974,2.672087
669,64.686000,2,0,3.818893,3.751403
669,64.686000,2,1,2.655860,2.653285
669,64.686000,2,3,2.620590,2.648077
670,64.726000,2,0,3.760193,3.698365
670,64.726000,2,1,2.546538,2.614797
670,64.726000,2,3,2.630780,2.610362
671,64.766000,2,0,3.743786,3.695312
671,64.766000,2,1,2.714650,2.612581
671,64.766000,2,3,2.652172,2.608191
672,64.806000,2,0,3.837024,3.665139
672,64.806000,2,1,2.506630,2.590675
672,64.806000,2,3,2.528960,2.586749
673,64.846000,2,0,3.550544,3.609238
673,64.846000,2,1,2.581326,2.550024
673,64.846000,2,3,2.546880,2.547083
674,64.886000,2,0,3.532320,3.580322
674,64.886000,2,1,2.576584,2.528958
674,64.886000,2,3,2.615737,2.526591
675,64.926000,2,0,3.599853,3.553065
675,64.926000,2,1,2.563926,2.509083
675,64.926000,2,3,2.477116,2.507280
676,64.966000,2,0,3.379729,3.525978
676,64.966000,2,1,2.370550,2.489322
676,64.966000,2,3,2.461130,2.488084
677,65.006000,2,0,3.444182,3.500475
677,65.006000,2,1,2.516420,2.470715
677,65.006000,2,3,2.597825,2.469998
678,65.046000,2,0,3.455120,3.476553
678,65.046000,2,1,2.522989,2.453266
678,65.046000,2,3,2.352004,2.453014
679,65.086000,2,0,3.359845,3.450050
679,65.086000,2,1,2.553331,2.433944
679,65.086000,2,3,2.503979,2.434172
680,65.126000,2,0,3.476745,3.423847
680,65.126000,2,1,2.489115,2.414856
680,65.126000,2,3,2.548739,2.415516
681,65.166000,2,0,3.461853,3.398004
681,65.166000,2,1,2.416091,2.396047
681,65.166000,2,3,2.357206,2.397090
682,65.206000,2,0,3.463588,3.373905
682,65.206000,2,1,2.456190,2.378524
682,65.206000,2,3,2.347739,2.379887
683,65.246000,2,0,3.362565,3.350222
683,65.246000,2,1,2.379802,2.361322
683,65.246000,2,3,2.306760,2.362966
684,65.286000,2,0,3.261064,3.324437
684,65.286000,2,1,2.305189,2.342613
684,65.286000,2,3,2.184938,2.344533
685,65.326000,2,0,3.405705,3.300492
685,65.326000,2,1,2.228389,2.325257
685,65.326000,2,3,2.402655,2.327409
686,65.366000,2,0,3.315326,3.257859
686,65.366000,2,1,2.342291,2.294396
686,65.366000,2,3,2.292121,2.296926
687,65.406000,2,0,3.207547,3.235534
687,65.406000,2,1,2.367870,2.278255
687,65.406000,2,3,2.226025,2.280974
688,65.446000,2,0,3.299615,3.213792
688,65.446000,2,1,2.304309,2.262548
688,65.446000,2,3,2.226996,2.265450
689,65.488000,2,0,3.210194,3.192637
689,65.488000,2,1,2.224711,2.247276
689,65.488000,2,3,2.310205,2.250359
690,65.526000,2,0,3.157372,3.171004
690,65.526000,2,1,2.381785,2.231671
690,65.526000,2,3,2.322153,2.234944
691,65.566000,2,0,3.136275,3.150024
691,65.566000,2,1,2.205602,2.216545
691,65.566000,2,3,2.069228,2.220011
692,65.606000,2,0,3.080883,3.129699
692,65.606000,2,1,2.110616,2.201897
692,65.606000,2,3,2.293217,2.205560
693,65.646000,2,0,2.997104,3.111002
693,65.646000,2,1,2.112437,2.188427
693,65.646000,2,3,2.253061,2.192281
694,65.686000,2,0,2.879607,3.091972
694,65.686000,2,1,2.257577,2.174719
694,65.686000,2,3,2.153162,2.178776
695,65.726000,2,0,2.980774,3.074514
695,65.726000,2,1,2.279715,2.162150
695,65.726000,2,3,2.262943,2.166398
696,65.766000,2,0,3.061534,3.057660
696,65.766000,2,1,2.195034,2.150022
696,65.766000,2,3,2.259177,2.154457
697,65.806000,2,0,3.056515,3.042247
697,65.806000,2,1,2.158921,2.138939
697,65.806000,2,3,2.214641,2.143547
698,65.846000,2,0,3.031576,3.025747
698,65.846000,2,1,2.335213,2.127086
698,65.846000,2,3,2.167438,2.131881
699,65.886000,2,0,2.937279,3.010677
699,65.886000,2,1,2.140130,2.116275
699,65.886000,2,3,2.145684,2.121243
700,65.926000,2,0,2.925468,2.996190
700,65.926000,2,1,2.138867,2.105900
700,65.926000,2,3,2.163733,2.111035
701,65.966000,2,0,2.925064,2.982999
701,65.966000,2,1,2.166833,2.096471
701,65.966000,2,3,2.211796,2.101758
702,66.006000,2,0,2.863210,2.970321
702,66.006000,2,1,2.163564,2.087427
702,66.006000,2,3,2.102429,2.092861
703,66.046000,2,0,2.830867,2.957492
703,66.046000,2,1,1.876474,2.078295
703,66.046000,2,3,2.113146,2.083878
704,66.086000,2,0,2.926434,2.945225
704,66.086000,2,1,1.937139,2.069583
704,66.086000,2,3,2.019591,2.075313
705,66.128000,2,0,2.868164,2.934119
705,66.128000,2,1,2.034749,2.061710
705,66.128000,2,3,2.194849,2.067580
706,66.166000,2,0,3.039024,2.921788
706,66.166000,2,1,1.975039,2.052981
706,66.166000,2,3,2.141099,2.059021
707,66.206000,2,0,2.997273,2.910660
707,66.206000,2,1,2.131722,2.045117
707,66.206000,2,3,2.109798,2.051326
708,66.246000,2,0,2.984661,2.891613
708,66.246000,2,1,1.888088,2.031688
708,66.246000,2,3,1.920441,2.038228
709,66.286000,2,0,2.900102,2.882585
709,66.286000,2,1,2.059460,2.025340
709,66.286000,2,3,2.008050,2.032059
710,66.326000,2,0,2.902742,2.873616
710,66.326000,2,1,2.024935,2.019048
710,66.326000,2,3,2.097741,2.025960
711,66.366000,2,0,2.822847,2.865178
711,66.366000,2,1,2.012167,2.013144
711,66.366000,2,3,1.983895,2.020255
712,66.406000,2,0,2.889360,2.857259
712,66.406000,2,1,1.955730,2.007613
712,66.406000,2,3,2.158557,2.014932
713,66.446000,2,0,2.847379,2.850202
713,66.446000,2,1,1.975364,2.002694
713,66.446000,2,3,2.022533,2.010214
714,66.486000,2,0,2.825175,2.843252
714,66.486000,2,1,2.201163,1.997857
714,66.486000,2,3,1.924113,2.005592
715,66.526000,2,0,2.897643,2.836779
715,66.526000,2,1,1.903720,1.993359
715,66.526000,2,3,1.951087,2.001309
716,66.566000,2,0,2.797125,2.831350
716,66.566000,2,1,1.911601,1.989592
716,66.566000,2,3,2.010479,1.997731
717,66.606000,2,0,2.727387,2.826014
717,66.606000,2,1,2.068080,1.985895
717,66.606000,2,3,1.968842,1.994227
718,66.650000,2,0,2.902643,2.821324
718,66.650000,2,1,1.995213,1.982652
718,66.650000,2,3,1.936344,1.991156
719,66.686000,2,0,2.818609,2.816290
719,66.686000,2,1,2.027070,1.979178
719,66.686000,2,3,1.919603,1.987868
720,66.726000,2,0,2.668039,2.811918
720,66.726000,2,1,2.026970,1.976168
720,66.726000,2,3,1.985891,1.985018
721,66.766000,2,0,2.821639,2.807940
721,66.766000,2,1,2.036448,1.973435
721,66.766000,2,3,2.016162,1.982431
722,66.806000,2,0,2.865540,2.804338
722,66.806000,2,1,2.035401,1.970965
722,66.806000,2,3,1.954675,1.980096
723,66.846000,2,0,2.677481,2.801246
723,66.846000,2,1,1.892694,1.968853
723,66.846000,2,3,1.958665,1.978102
724,66.886000,2,0,2.811189,2.798463
724,66.886000,2,1,1.996497,1.966958
724,66.886000,2,3,2.013539,1.976320
725,66.926000,2,0,2.844821,2.796098
725,66.926000,2,1,1.979186,1.965355
725,66.926000,2,3,1.964871,1.974821
726,66.966000,2,0,2.899460,2.793879
726,66.966000,2,1,1.855451,1.963857
726,66.966000,2,3,2.105159,1.973430
727,67.008000,2,0,2.880641,2.790923
727,67.008000,2,1,2.026335,1.961876
727,67.008000,2,3,1.893627,1.971617
728,67.046000,2,0,2.828779,2.789381
728,67.046000,2,1,2.039477,1.960853
728,67.046000,2,3,1.984941,1.970699
729,67.086000,2,0,2.757134,2.788082
729,67.086000,2,1,1.862878,1.960001
729,67.086000,2,3,1.855887,1.969950
730,67.126000,2,0,2.782291,2.787115
730,67.126000,2,1,1.975857,1.959376
730,67.126000,2,3,1.992322,1.969415
731,67.166000,2,0,2.829284,2.786366
731,67.166000,2,1,1.794872,1.958899
731,67.166000,2,3,1.963824,1.969022
732,67.206000,2,0,2.931106,2.785670
732,67.206000,2,1,2.061868,1.958463
732,67.206000,2,3,2.046001,1.968685
733,67.246000,2,0,2.873434,2.785195
733,67.246000,2,1,1.976369,1.958171
733,67.246000,2,3,1.972701,1.968487
734,67.286000,2,0,2.825624,2.784930
734,67.286000,2,1,1.956107,1.958011
734,67.286000,2,3,1.973408,1.968406
735,67.326000,2,0,2.755500,2.784757
735,67.326000,2,1,1.981006,1.957917
735,67.326000,2,3,1.910771,1.968501
736,67.366000,2,0,2.846102,2.784920
736,67.366000,2,1,2.022162,1.958025
736,67.366000,2,3,1.935723,1.968697
737,67.406000,2,0,2.871363,2.785224
737,67.406000,2,1,1.921344,1.958219
737,67.406000,2,3,2.017005,1.968965
738,67.446000,2,0,2.857011,2.785697
738,67.446000,2,1,2.009320,1.958514
738,67.446000,2,3,1.926951,1.969330
739,67.486000,2,0,2.786967,2.786173
739,67.486000,2,1,2.027113,1.958811
739,67.486000,2,3,2.085450,1.969673
740,67.526000,2,0,2.898797,2.786901
740,67.526000,2,1,1.882014,1.959261
740,67.526000,2,3,2.053427,1.970175
741,67.566000,2,0,2.745765,2.787760
741,67.566000,2,1,1.902744,1.959792
741,67.566000,2,3,1.947283,1.970746
742,67.606000,2,0,2.720090,2.788739
742,67.606000,2,1,1.827150,1.960401
742,67.606000,2,3,1.916812,1.971382
743,67.646000,2,0,2.952783,2.789826
743,67.646000,2,1,1.776361,1.961083
743,67.646000,2,3,1.988188,1.972078
744,67.688000,2,0,2.827965,2.791140
744,67.688000,2,1,1.945214,1.961919
744,67.688000,2,3,2.103324,1.972907
745,67.728000,2,0,2.704402,2.792558
745,67.728000,2,1,1.820961,1.962835
745,67.728000,2,3,2.084944,1.973793
746,67.766000,2,0,2.801253,2.793990
746,67.766000,2,1,1.962060,1.963776
746,67.766000,2,3,1.980620,1.974681
747,67.806000,2,0,2.772063,2.795412
747,67.806000,2,1,1.979416,1.964724
747,67.806000,2,3,2.003409,1.975556
748,67.846000,2,0,2.774608,2.796963
748,67.846000,2,1,1.938730,1.965772
748,67.846000,2,3,2.029558,1.976505
749,67.888000,2,0,2.706548,2.798561
749,67.888000,2,1,1.972325,1.966863
749,67.888000,2,3,2.059562,1.977475
750,67.926000,2,0,2.659097,2.800116
750,67.926000,2,1,1.879862,1.967931
750,67.926000,2,3,1.943589,1.978412
751,67.966000,2,0,2.767576,2.801702
751,67.966000,2,1,1.949685,1.969022
751,67.966000,2,3,2.009666,1.979359
752,68.006000,2,0,2.799222,2.803315
752,68.006000,2,1,2.072310,1.970130
752,68.006000,2,3,2.016935,1.980316
753,68.046000,2,0,2.830897,2.806434
753,68.046000,2,1,1.944033,1.972249
753,68.046000,2,3,1.939507,1.982146
754,68.086000,2,0,3.077696,2.808018
754,68.086000,2,1,1.929969,1.973312
754,68.086000,2,3,1.934958,1.983069
755,68.126000,2,0,2.750832,2.809704
755,68.126000,2,1,1.940250,1.974431
755,68.126000,2,3,2.064134,1.984047
756,68.166000,2,0,2.775001,2.811309
756,68.166000,2,1,1.929157,1.975485
756,68.166000,2,3,2.039592,1.984975
757,68.206000,2,0,2.912920,2.813098
757,68.206000,2,1,1.937081,1.976646
757,68.206000,2,3,2.035895,1.986007
758,68.246000,2,0,2.665975,2.814798
758,68.246000,2,1,2.086708,1.977735
758,68.246000,2,3,1.981587,1.986983
759,68.286000,2,0,3.004854,2.816673
759,68.286000,2,1,2.051124,1.978920
759,68.286000,2,3,1.945235,1.988054
760,68.326000,2,0,2.812474,2.818361
760,68.326000,2,1,1.927968,1.979975
760,68.326000,2,3,2.138225,1.989010
761,68.366000,2,0,2.840515,2.820035
761,68.366000,2,1,1.920411,1.981012
761,68.366000,2,3,2.024936,1.989950
762,68.406000,2,0,2.902182,2.821693
762,68.406000,2,1,1.858443,1.982032
762,68.406000,2,3,2.035943,1.990869
763,68.446000,2,0,2.726866,2.823246
763,68.446000,2,1,1.907679,1.982985
763,68.446000,2,3,2.138301,1.991718
764,68.486000,2,0,2.826548,2.824863
764,68.486000,2,1,1.825415,1.983976
764,68.486000,2,3,1.883754,1.992589
765,68.526000,2,0,2.873653,2.826624
765,68.526000,2,1,1.989493,1.985056
765,68.526000,2,3,2.100767,1.993519
766,68.566000,2,0,2.711514,2.828189
766,68.566000,2,1,2.085872,1.986017
766,68.566000,2,3,1.908700,1.994333
767,68.606000,2,0,2.719365,2.829724
767,68.606000,2,1,2.030758,1.986962
767,68.606000,2,3,2.003307,1.995120
768,68.648000,2,0,2.771818,2.831226
768,68.648000,2,1,1.955479,1.987888
768,68.648000,2,3,1.991180,1.995881
769,68.686000,2,0,2.894668,2.832843
769,68.686000,2,1,2.082914,1.988884
769,68.686000,2,3,1.862300,1.996696
770,68.726000,2,0,2.660365,2.834339
770,68.726000,2,1,2.121245,1.989801
770,68.726000,2,3,1.952950,1.997448
771,68.766000,2,0,2.821016,2.836489
771,68.766000,2,1,2.006335,1.991112
771,68.766000,2,3,1.911558,1.998527
772,68.806000,2,0,2.754424,2.837785
772,68.806000,2,1,2.098274,1.991898
772,68.806000,2,3,1.953469,1.999177
773,68.850000,2,0,2.851560,2.839025
773,68.850000,2,1,2.020423,1.992650
773,68.850000,2,3,1.993423,1.999800
774,68.886000,2,0,2.759861,2.840206
774,68.886000,2,1,2.031834,1.993367
774,68.886000,2,3,2.104394,2.000391
775,68.926000,2,0,2.861129,2.841385
775,68.926000,2,1,2.160464,1.994086
775,68.926000,2,3,2.098086,2.000979
776,68.966000,2,0,2.706991,2.842553
776,68.966000,2,1,1.892715,1.994801
776,68.966000,2,3,2.005136,2.001553
777,69.006000,2,0,2.773973,2.843549
777,69.006000,2,1,1.935244,1.995411
777,69.006000,2,3,2.029190,2.002032
778,69.046000,2,0,2.874489,2.844485
778,69.046000,2,1,2.148249,1.995985
778,69.046000,2,3,2.020207,2.002469
779,69.086000,2,0,2.769054,2.845364
779,69.086000,2,1,2.044042,1.996520
779,69.086000,2,3,1.966236,2.002863
780,69.126000,2,0,2.872148,2.846183
780,69.126000,2,1,2.073487,1.997017
780,69.126000,2,3,1.892928,2.003213
781,69.166000,2,0,2.788574,2.847022
781,69.166000,2,1,1.920422,1.997524
781,69.166000,2,3,1.972705,2.003552
782,69.206000,2,0,2.933384,2.847723
782,69.206000,2,1,2.004556,1.997945
782,69.206000,2,3,2.053679,2.003819
783,69.246000,2,0,2.953684,2.848437
783,69.246000,2,1,1.989071,1.998373
783,69.246000,2,3,2.085694,2.004077
784,69.286000,2,0,2.779570,2.849031
784,69.286000,2,1,2.024893,1.998725
784,69.286000,2,3,2.228533,2.004280
785,69.326000,2,0,2.873944,2.849574
785,69.326000,2,1,1.963444,1.999046
785,69.326000,2,3,2.033718,2.004455
786,69.366000,2,0,2.715138,2.850043
786,69.366000,2,1,2.044246,1.999321
786,69.366000,2,3,1.941964,2.004597
787,69.406000,2,0,2.912650,2.850488
787,69.406000,2,1,2.023134,1.999580
787,69.406000,2,3,1.957747,2.004723
788,69.446000,2,0,2.833663,2.850900
788,69.446000,2,1,1.866070,1.999817
788,69.446000,2,3,1.938220,2.004828
789,69.486000,2,0,2.787482,2.851239
789,69.486000,2,1,1.992301,2.000010
789,69.486000,2,3,2.102440,2.004901
790,69.526000,2,0,2.810832,2.851527
790,69.526000,2,1,1.863175,2.000173
790,69.526000,2,3,2.019156,2.004949
791,69.566000,2,0,2.924730,2.851743
791,69.566000,2,1,2.103595,2.000294
791,69.566000,2,3,1.985261,2.004969
792,69.606000,2,0,2.953972,2.851949
792,69.606000,2,1,1.901294,2.000409
792,69.606000,2,3,1.993554,2.004963
793,69.646000,2,0,2.883967,2.852113
793,69.646000,2,1,2.038175,2.000505
793,69.646000,2,3,2.084699,2.004920
794,69.686000,2,0,3.018917,2.852227
794,69.686000,2,1,2.019029,2.000580
794,69.686000,2,3,1.811083,2.004839
795,69.726000,2,0,2.828426,2.852298
795,69.726000,2,1,1.950662,2.000643
795,69.726000,2,3,1.967179,2.004714
796,69.766000,2,0,2.545069,2.852322
796,69.766000,2,1,1.932680,2.000688
796,69.766000,2,3,2.064453,2.004574
797,69.806000,2,0,2.835859,2.852314
797,69.806000,2,1,1.889583,2.000727
797,69.806000,2,3,2.015571,2.004397
798,69.846000,2,0,2.849962,2.852274
798,69.846000,2,1,1.886509,2.000754
798,69.846000,2,3,1.988924,2.004203
799,69.886000,2,0,2.914220,2.852199
799,69.886000,2,1,1.915687,2.000765
799,69.886000,2,3,2.080815,2.003987
800,69.928000,2,0,2.888059,2.852085
800,69.928000,2,1,1.985043,2.000753
800,69.928000,2,3,1.885879,2.003750
801,69.966000,2,0,2.822336,2.851922
801,69.966000,2,1,2.034718,2.000710
801,69.966000,2,3,2.071712,2.003481
802,70.006000,2,0,2.852411,2.851729
802,70.006000,2,1,1.942064,2.000642
802,70.006000,2,3,2.101946,2.003208
803,70.046000,2,0,2.880967,2.851487
803,70.046000,2,1,1.955449,2.000542
803,70.046000,2,3,1.894269,2.002901
804,70.086000,2,0,2.716863,2.851181
804,70.086000,2,1,2.102093,2.000397
804,70.086000,2,3,2.234607,2.002544
805,70.126000,2,0,2.728434,2.850613
805,70.126000,2,1,2.084594,2.000091
805,70.126000,2,3,1.927137,2.001914
806,70.166000,2,0,2.731230,2.850276
806,70.166000,2,1,1.801696,1.999889
806,70.166000,2,3,2.061222,2.001543
807,70.206000,2,0,2.749199,2.849948
807,70.206000,2,1,1.979950,1.999679
807,70.206000,2,3,2.011786,2.001178
808,70.246000,2,0,2.766190,2.849616
808,70.246000,2,1,2.130430,1.999453
808,70.246000,2,3,1.941114,2.000802
809,70.286000,2,0,2.801492,2.849299
809,70.286000,2,1,2.073288,1.999221
809,70.286000,2,3,1.981005,2.000436
810,70.326000,2,0,2.717694,2.848962
810,70.326000,2,1,1.963445,1.998958
810,70.326000,2,3,1.938228,2.000040
811,70.366000,2,0,2.754588,2.848621
811,70.366000,2,1,2.055526,1.998677
811,70.366000,2,3,2.138374,1.999634
812,70.406000,2,0,2.906685,2.848275
812,70.406000,2,1,2.098173,1.998380
812,70.406000,2,3,2.026325,1.999221
813,70.446000,2,0,2.876270,2.847945
813,70.446000,2,1,1.950725,1.998084
813,70.446000,2,3,1.981532,1.998825
814,70.486000,2,0,2.812430,2.847609
814,70.486000,2,1,1.925642,1.997775
814,70.486000,2,3,2.069849,1.998424
815,70.526000,2,0,2.824328,2.847249
815,70.526000,2,1,2.223173,1.997436
815,70.526000,2,3,2.061664,1.997998
816,70.566000,2,0,2.818099,2.846880
816,70.566000,2,1,1.984312,1.997086
816,70.566000,2,3,1.946445,1.997567
817,70.606000,2,0,2.823269,2.846521
817,70.606000,2,1,1.992615,1.996747
817,70.606000,2,3,2.021886,1.997155
818,70.646000,2,0,2.857432,2.846131
818,70.646000,2,1,2.104792,1.996386
818,70.646000,2,3,1.970473,1.996714
819,70.686000,2,0,2.796138,2.845728
819,70.686000,2,1,2.199461,1.996024
819,70.686000,2,3,2.012538,1.996267
820,70.726000,2,0,3.007720,2.845287
820,70.726000,2,1,2.044882,1.995646
820,70.726000,2,3,1.890146,1.995787
821,70.766000,2,0,3.029892,2.844428
821,70.766000,2,1,2.130166,1.994955
821,70.766000,2,3,2.077563,1.994872
822,70.806000,2,0,2.872089,2.843940
822,70.806000,2,1,2.076952,1.994582
822,70.806000,2,3,1.927688,1.994362
823,70.846000,2,0,2.868153,2.843940
823,70.846000,2,1,2.011399,1.994582
823,70.846000,2,3,2.017430,1.994362
824,70.886000,2,0,2.904285,2.843387
824,70.886000,2,1,2.066673,1.994168
824,70.886000,2,3,2.012853,1.993788
825,70.926000,2,0,2.858424,2.842842
825,70.926000,2,1,2.006042,1.993766
825,70.926000,2,3,2.065829,1.993229
826,70.966000,2,0,2.847205,2.842337
826,70.966000,2,1,2.057711,1.993393
826,70.966000,2,3,2.018172,1.992715
827,71.006000,2,0,2.911752,2.841290
827,71.006000,2,1,2.044604,1.992618
827,71.006000,2,3,2.095272,1.991664
828,71.046000,2,0,2.943833,2.840720
828,71.046000,2,1,2.023498,1.992193
828,71.046000,2,3,1.873049,1.991098
829,71.086000,2,0,2.925083,2.840161
829,71.086000,2,1,1.943401,1.991775
829,71.086000,2,3,1.824575,1.990552
830,71.130000,2,0,2.857887,2.839523
830,71.130000,2,1,1.818239,1.991296
830,71.130000,2,3,1.849337,1.989938
831,71.166000,2,0,2.773250,2.839523
831,71.166000,2,1,2.051151,1.991296
831,71.166000,2,3,1.959696,1.989938
832,71.206000,2,0,2.710525,2.838765
832,71.206000,2,1,1.837303,1.990729
832,71.206000,2,3,2.062166,1.989223
833,71.246000,2,0,2.753819,2.838080
833,71.246000,2,1,1.963080,1.990222
833,71.246000,2,3,2.018737,1.988586
834,71.286000,2,0,2.754556,2.837445
834,71.286000,2,1,1.907933,1.989760
834,71.286000,2,3,2.018239,1.988001
835,71.326000,2,0,2.900445,2.836257
835,71.326000,2,1,2.028580,1.988910
835,71.326000,2,3,1.979709,1.986905
836,71.366000,2,0,2.947040,2.835541
836,71.366000,2,1,1.925258,1.988407
836,71.366000,2,3,2.098294,1.986242
837,71.406000,2,0,2.947431,2.835507
837,71.406000,2,1,2.010634,1.988384
837,71.406000,2,3,1.959225,1.986210
838,71.446000,2,0,2.884176,2.834182
838,71.446000,2,1,1.880636,1.987471
838,71.446000,2,3,1.748106,1.984983
839,71.486000,2,0,2.673557,2.833538
839,71.486000,2,1,1.962956,1.987032
839,71.486000,2,3,2.056327,1.984396
840,71.526000,2,0,2.925006,2.832859
840,71.526000,2,1,2.118105,1.986573
840,71.526000,2,3,2.002009,1.983790
841,71.566000,2,0,2.855503,2.832212
841,71.566000,2,1,2.023473,1.986141
841,71.566000,2,3,2.017733,1.983231
842,71.606000,2,0,2.938572,2.831596
842,71.606000,2,1,2.030458,1.985734
842,71.606000,2,3,2.092140,1.982718
843,71.646000,2,0,2.648245,2.831011
843,71.646000,2,1,1.897295,1.985355
843,71.646000,2,3,1.983136,1.982249
844,71.686000,2,0,2.905346,2.830320
844,71.686000,2,1,2.101568,1.984918
844,71.686000,2,3,1.977963,1.981717
845,71.728000,2,0,2.783982,2.829523
845,71.728000,2,1,2.099061,1.984431
845,71.728000,2,3,2.023327,1.981134
846,71.766000,2,0,2.840484,2.828793
846,71.766000,2,1,2.085739,1.984006
846,71.766000,2,3,2.048188,1.980628
847,71.806000,2,0,2.815089,2.828026
847,71.806000,2,1,1.951779,1.983583
847,71.806000,2,3,1.805176,1.980120
848,71.846000,2,0,3.007609,2.828026
848,71.846000,2,1,2.018869,1.983583
848,71.846000,2,3,1.968301,1.980120
849,71.886000,2,0,2.810632,2.826621
849,71.886000,2,1,1.963139,1.982875
849,71.886000,2,3,2.065298,1.979247
850,71.926000,2,0,2.862666,2.825946
850,71.926000,2,1,1.898055,1.982565
850,71.926000,2,3,1.999909,1.978851
851,71.966000,2,0,2.823815,2.825229
851,71.966000,2,1,1.960210,1.982255
851,71.966000,2,3,1.922602,1.978449
852,72.006000,2,0,2.751734,2.824544
852,72.006000,2,1,1.973359,1.981974
852,72.006000,2,3,1.923832,1.978081
853,72.046000,2,0,2.870386,2.823858
853,72.046000,2,1,1.942656,1.981706
853,72.046000,2,3,2.151226,1.977729
854,72.086000,2,0,2.721494,2.823245
854,72.086000,2,1,1.924363,1.981478
854,72.086000,2,3,2.014898,1.977429
855,72.126000,2,0,2.866671,2.822563
855,72.126000,2,1,1.871206,1.981238
855,72.126000,2,3,2.010812,1.977111
856,72.166000,2,0,2.791380,2.821885
856,72.166000,2,1,1.960028,1.981017
856,72.166000,2,3,2.152112,1.976811
857,72.206000,2,0,2.856349,2.821211
857,72.206000,2,1,2.003687,1.980818
857,72.206000,2,3,2.025204,1.976528
858,72.246000,2,0,2.695290,2.820504
858,72.246000,2,1,1.884368,1.980635
858,72.246000,2,3,1.937450,1.976248
859,72.286000,2,0,2.755796,2.819833
859,72.286000,2,1,2.037125,1.980488
859,72.286000,2,3,1.806520,1.975998
860,72.326000,2,0,2.920639,2.819161
860,72.326000,2,1,2.063066,1.980369
860,72.326000,2,3,2.065113,1.975764
861,72.366000,2,0,2.802520,2.818523
861,72.366000,2,1,1.976691,1.980279
861,72.366000,2,3,1.993153,1.975554
862,72.406000,2,0,2.968168,2.817847
862,72.406000,2,1,1.991396,1.980205
862,72.406000,2,3,1.967098,1.975343
863,72.446000,2,0,2.831852,2.817168
863,72.446000,2,1,2.058107,1.980150
863,72.446000,2,3,1.937589,1.975138
864,72.486000,2,0,2.668294,2.815880
864,72.486000,2,1,2.041678,1.980082
864,72.486000,2,3,2.130597,1.974758
865,72.526000,2,0,2.797399,2.815167
865,72.526000,2,1,1.918298,1.980059
865,72.526000,2,3,1.926280,1.974552
866,72.566000,2,0,2.818989,2.814494
866,72.566000,2,1,1.973427,1.980047
866,72.566000,2,3,2.093253,1.974361
867,72.606000,2,0,2.753666,2.813865
867,72.606000,2,1,2.010878,1.980044
867,72.606000,2,3,1.956094,1.974187
868,72.646000,2,0,2.896345,2.813212
868,72.646000,2,1,1.928799,1.980053
868,72.646000,2,3,1.992324,1.974012
869,72.686000,2,0,2.839030,2.812573
869,72.686000,2,1,2.139225,1.980075
869,72.686000,2,3,2.067796,1.973848
870,72.726000,2,0,2.767926,2.811950
870,72.726000,2,1,1.951495,1.980111
870,72.726000,2,3,2.086902,1.973700
871,72.766000,2,0,2.803125,2.811376
871,72.766000,2,1,1.916803,1.980159
871,72.766000,2,3,2.046448,1.973575
872,72.806000,2,0,2.948103,2.810788
872,72.806000,2,1,1.985430,1.980224
872,72.806000,2,3,1.931071,1.973462
873,72.846000,2,0,2.682747,2.810190
873,72.846000,2,1,2.002701,1.980308
873,72.846000,2,3,1.931122,1.973365
874,72.886000,2,0,2.780320,2.809642
874,72.886000,2,1,2.030769,1.980408
874,72.886000,2,3,1.982573,1.973296
875,72.926000,2,0,2.775839,2.809167
875,72.926000,2,1,2.072868,1.980512
875,72.926000,2,3,1.869975,1.973252
876,72.966000,2,0,2.706265,2.808653
876,72.966000,2,1,2.077204,1.980646
876,72.966000,2,3,1.936423,1.973223
877,73.006000,2,0,2.708422,2.808130
877,73.006000,2,1,1.877525,1.980804
877,73.006000,2,3,1.821793,1.973214
878,73.046000,2,0,2.803507,2.807648
878,73.046000,2,1,1.931842,1.980969
878,73.046000,2,3,1.866065,1.973225
879,73.086000,2,0,2.854403,2.807201
879,73.086000,2,1,2.064706,1.981135
879,73.086000,2,3,2.058479,1.973250
880,73.126000,2,0,2.791738,2.806309
880,73.126000,2,1,2.098466,1.981500
880,73.126000,2,3,1.947091,1.973346
881,73.166000,2,0,2.682809,2.805838
881,73.166000,2,1,1.858040,1.981708
881,73.166000,2,3,2.005636,1.973416
882,73.206000,2,0,2.872886,2.805397
882,73.206000,2,1,2.030813,1.981914
882,73.206000,2,3,1.885040,1.973490
883,73.246000,2,0,3.065754,2.804963
883,73.246000,2,1,1.996292,1.982127
883,73.246000,2,3,1.922992,1.973567
884,73.286000,2,0,2.720066,2.804534
884,73.286000,2,1,1.875300,1.982348
884,73.286000,2,3,2.108177,1.973645
885,73.326000,2,0,2.774430,2.804113
885,73.326000,2,1,2.038930,1.982578
885,73.326000,2,3,1.945719,1.973720
886,73.366000,2,0,2.802552,2.803720
886,73.366000,2,1,1.966480,1.982803
886,73.366000,2,3,1.907344,1.973789
887,73.408000,2,0,2.631277,2.803313
887,73.408000,2,1,2.144860,1.983047
887,73.408000,2,3,1.888437,1.973857
888,73.446000,2,0,2.773122,2.802897
888,73.446000,2,1,1.940460,1.983310
888,73.446000,2,3,2.007768,1.973926
889,73.486000,2,0,2.744181,2.802514
889,73.486000,2,1,1.943124,1.983567
889,73.486000,2,3,1.977999,1.973989
890,73.526000,2,0,2.836726,2.802185
890,73.526000,2,1,2.032427,1.983803
890,73.526000,2,3,1.899499,1.974045
891,73.566000,2,0,2.744266,2.801852
891,73.566000,2,1,1.928324,1.984060
891,73.566000,2,3,1.980761,1.974104
892,73.606000,2,0,2.781325,2.801522
892,73.606000,2,1,1.930757,1.984342
892,73.606000,2,3,2.036857,1.974169
893,73.646000,2,0,2.791102,2.801197
893,73.646000,2,1,2.067879,1.984648
893,73.646000,2,3,1.938892,1.974244
894,73.686000,2,0,2.904626,2.800926
894,73.686000,2,1,1.956258,1.984931
894,73.686000,2,3,1.994662,1.974320
895,73.726000,2,0,2.829828,2.800661
895,73.726000,2,1,1.990837,1.985236
895,73.726000,2,3,1.966961,1.974410
896,73.766000,2,0,2.912794,2.800216
896,73.766000,2,1,2.012205,1.985830
896,73.766000,2,3,2.000205,1.974618
897,73.806000,2,0,2.760881,2.800011
897,73.806000,2,1,1.968072,1.986150
897,73.806000,2,3,2.035247,1.974749
898,73.846000,2,0,2.661555,2.799807
898,73.846000,2,1,1.906906,1.986508
898,73.846000,2,3,1.734939,1.974913
899,73.886000,2,0,2.795396,2.799646
899,73.886000,2,1,2.044760,1.986835
899,73.886000,2,3,1.928284,1.975079
900,73.926000,2,0,2.906788,2.799499
900,73.926000,2,1,1.940628,1.987183
900,73.926000,2,3,1.956485,1.975268
901,73.966000,2,0,2.875196,2.799388
901,73.966000,2,1,1.953102,1.987502
901,73.966000,2,3,1.974786,1.975450
902,74.006000,2,0,2.835451,2.799280
902,74.006000,2,1,2.089409,1.987900
902,74.006000,2,3,1.790383,1.975682
903,74.046000,2,0,2.797704,2.799212
903,74.046000,2,1,1.923081,1.988255
903,74.046000,2,3,2.066904,1.975888
904,74.086000,2,0,2.730098,2.799171
904,74.086000,2,1,1.882040,1.988562
904,74.086000,2,3,1.987022,1.976064
905,74.126000,2,0,2.821620,2.799141
905,74.126000,2,1,1.942667,1.988936
905,74.126000,2,3,1.954106,1.976275
906,74.166000,2,0,2.812663,2.799132
906,74.166000,2,1,2.045910,1.989320
906,74.166000,2,3,1.980001,1.976489
907,74.206000,2,0,2.810678,2.799142
907,74.206000,2,1,2.006056,1.989713
907,74.206000,2,3,2.014945,1.976705
908,74.248000,2,0,2.779238,2.799172
908,74.248000,2,1,1.964218,1.990112
908,74.248000,2,3,1.975757,1.976922
909,74.286000,2,0,2.911060,2.799224
909,74.286000,2,1,1.954966,1.990515
909,74.286000,2,3,1.978406,1.977143
910,74.326000,2,0,2.911160,2.799299
910,74.326000,2,1,1.899371,1.990921
910,74.326000,2,3,2.009417,1.977368
911,74.366000,2,0,2.787522,2.799391
911,74.366000,2,1,1.990538,1.991309
911,74.366000,2,3,1.989063,1.977586
912,74.406000,2,0,2.846859,2.799510
912,74.406000,2,1,1.906890,1.991721
912,74.406000,2,3,1.766188,1.977822
913,74.446000,2,0,2.973385,2.799794
913,74.446000,2,1,2.064789,1.992518
913,74.446000,2,3,1.927008,1.978288
914,74.486000,2,0,3.009372,2.799977
914,74.486000,2,1,2.060458,1.992971
914,74.486000,2,3,1.949475,1.978552
915,74.526000,2,0,2.948270,2.800166
915,74.526000,2,1,2.118556,1.993412
915,74.526000,2,3,2.065187,1.978806
916,74.566000,2,0,2.668554,2.800367
916,74.566000,2,1,2.164433,1.993862
916,74.566000,2,3,2.088505,1.979060
917,74.606000,2,0,2.804486,2.800569
917,74.606000,2,1,1.840355,1.994299
917,74.606000,2,3,1.867169,1.979302
918,74.646000,2,0,2.764986,2.800770
918,74.646000,2,1,1.868299,1.994720
918,74.646000,2,3,1.963083,1.979532
919,74.686000,2,0,2.690714,2.801008
919,74.686000,2,1,1.968298,1.995203
919,74.686000,2,3,2.123741,1.979788
920,74.726000,2,0,2.858361,2.801258
920,74.726000,2,1,2.133946,1.995697
920,74.726000,2,3,1.974388,1.980046
921,74.766000,2,0,2.655443,2.801565
921,74.766000,2,1,2.161466,1.996283
921,74.766000,2,3,2.007227,1.980345
922,74.806000,2,0,2.920201,2.801828
922,74.806000,2,1,2.029746,1.996773
922,74.806000,2,3,1.993636,1.980591
923,74.846000,2,0,2.869998,2.802115
923,74.846000,2,1,2.076431,1.997299
923,74.846000,2,3,2.014113,1.980852
924,74.886000,2,0,2.875599,2.802409
924,74.886000,2,1,1.985982,1.997833
924,74.886000,2,3,2.037298,1.981116
925,74.926000,2,0,2.868920,2.802676
925,74.926000,2,1,1.956122,1.998319
925,74.926000,2,3,1.956931,1.981353
926,74.966000,2,0,2.701529,2.802940
926,74.966000,2,1,1.824897,1.998806
926,74.966000,2,3,1.900129,1.981589
927,75.006000,2,0,2.834408,2.803451
927,75.006000,2,1,2.106848,1.999855
927,75.006000,2,3,1.955952,1.982055
928,75.046000,2,0,2.782797,2.803655
928,75.046000,2,1,2.002320,2.000420
928,75.046000,2,3,1.985617,1.982231
929,75.086000,2,0,2.860473,2.803763
929,75.086000,2,1,2.077637,2.000928
929,75.086000,2,3,1.863394,1.982303
930,75.126000,2,0,2.811790,2.803769
930,75.126000,2,1,1.996357,2.001453
930,75.126000,2,3,2.044184,1.982254
931,75.166000,2,0,2.673490,2.803621
931,75.166000,2,1,1.954597,2.001943
931,75.166000,2,3,1.881470,1.982040
932,75.206000,2,0,2.809172,2.803270
932,75.206000,2,1,1.899125,2.002367
932,75.206000,2,3,1.953004,1.981625
933,75.246000,2,0,2.734515,2.802742
933,75.246000,2,1,2.130041,2.002658
933,75.246000,2,3,2.044654,1.981059
934,75.286000,2,0,2.824148,2.801869
934,75.286000,2,1,2.097620,2.002846
934,75.286000,2,3,2.024284,1.980185
935,75.326000,2,0,2.800619,2.800655
935,75.326000,2,1,1.857665,2.002851
935,75.326000,2,3,1.974697,1.979033
936,75.366000,2,0,2.791224,2.799065
936,75.366000,2,1,1.982497,2.002639
936,75.366000,2,3,1.938304,1.977588
937,75.406000,2,0,2.825215,2.797186
937,75.406000,2,1,2.166719,2.002209
937,75.406000,2,3,1.996519,1.975936
938,75.446000,2,0,2.810983,2.794923
938,75.446000,2,1,2.248397,2.001532
938,75.446000,2,3,2.012197,1.974002
939,75.486000,2,0,2.775753,2.792098
939,75.486000,2,1,1.907632,2.000531
939,75.486000,2,3,1.851576,1.971646
940,75.526000,2,0,2.830492,2.788809
940,75.526000,2,1,1.994706,1.999218
940,75.526000,2,3,2.065313,1.968963
941,75.566000,2,0,2.835121,2.781032
941,75.566000,2,1,1.940931,1.995716
941,75.566000,2,3,1.957078,1.962786
942,75.606000,2,0,2.835268,2.776315
942,75.606000,2,1,1.956831,1.993412
942,75.606000,2,3,1.822560,1.959117
943,75.646000,2,0,2.663805,2.771100
943,75.646000,2,1,1.979456,1.990753
943,75.646000,2,3,2.038249,1.955104
944,75.686000,2,0,2.604128,2.765695
944,75.686000,2,1,1.944367,1.987900
944,75.686000,2,3,1.774903,1.950982
945,75.726000,2,0,2.778035,2.759498
945,75.726000,2,1,1.949020,1.984532
945,75.726000,2,3,1.929847,1.946290
946,75.766000,2,0,2.848946,2.752430
946,75.766000,2,1,1.877120,1.980583
946,75.766000,2,3,2.030876,1.940970
947,75.806000,2,0,2.709369,2.745198
947,75.806000,2,1,2.127842,1.976445
947,75.806000,2,3,1.930656,1.935555
948,75.846000,2,0,2.736684,2.737885
948,75.846000,2,1,1.979603,1.972176
948,75.846000,2,3,2.087288,1.930100
949,75.886000,2,0,2.705719,2.730127
949,75.886000,2,1,1.854707,1.967567
949,75.886000,2,3,1.717408,1.924329
950,75.926000,2,0,2.641303,2.721457
950,75.926000,2,1,1.918163,1.962334
950,75.926000,2,3,1.999371,1.917898
951,75.966000,2,0,2.648045,2.712299
951,75.966000,2,1,1.965081,1.956723
951,75.966000,2,3,2.034992,1.911123
952,76.006000,2,0,2.658429,2.703179
952,76.006000,2,1,1.957918,1.951061
952,76.006000,2,3,1.874703,1.904394
953,76.046000,2,0,2.732675,2.693091
953,76.046000,2,1,1.976971,1.944724
953,76.046000,2,3,2.003435,1.896974
954,76.086000,2,0,2.602449,2.683104
954,76.086000,2,1,1.995875,1.938384
954,76.086000,2,3,1.967721,1.889652
955,76.126000,2,0,2.540045,2.661296
955,76.126000,2,1,2.113936,1.924360
955,76.126000,2,3,1.807652,1.873749
956,76.166000,2,0,2.665901,2.650088
956,76.166000,2,1,1.876005,1.917069
956,76.166000,2,3,1.796467,1.865619
957,76.206000,2,0,2.682480,2.637852
957,76.206000,2,1,1.973917,1.909054
957,76.206000,2,3,1.759045,1.856772
958,76.246000,2,0,2.641339,2.625215
958,76.246000,2,1,1.935634,1.900719
958,76.246000,2,3,2.034653,1.847668
959,76.286000,2,0,2.600356,2.612889
959,76.286000,2,1,1.900795,1.892539
959,76.286000,2,3,1.831489,1.838815
960,76.326000,2,0,2.689530,2.599522
960,76.326000,2,1,1.947380,1.883617
960,76.326000,2,3,1.801104,1.829243
961,76.366000,2,0,2.531365,2.585807
961,76.366000,2,1,1.884612,1.874415
961,76.366000,2,3,1.770099,1.819446
962,76.406000,2,0,2.456983,2.571767
962,76.406000,2,1,1.891903,1.864948
962,76.406000,2,3,1.740008,1.809437
963,76.446000,2,0,2.521902,2.558946
963,76.446000,2,1,1.843212,1.856266
963,76.446000,2,3,1.657251,1.800312
964,76.486000,2,0,2.629016,2.544347
964,76.486000,2,1,1.775669,1.846341
964,76.486000,2,3,1.835185,1.789936
965,76.526000,2,0,2.471937,2.529488
965,76.526000,2,1,1.788119,1.836200
965,76.526000,2,3,1.821140,1.779385
966,76.566000,2,0,2.363352,2.515192
966,76.566000,2,1,1.898017,1.826408
966,76.566000,2,3,1.625220,1.769238
967,76.606000,2,0,2.535183,2.495022
967,76.606000,2,1,1.811722,1.812538
967,76.606000,2,3,1.851368,1.754921
968,76.646000,2,0,2.413630,2.470407
968,76.646000,2,1,1.961499,1.795523
968,76.646000,2,3,1.591008,1.737439
969,76.686000,2,0,2.617388,2.453795
969,76.686000,2,1,1.899848,1.783980
969,76.686000,2,3,1.796215,1.725625
970,76.728000,2,0,2.478176,2.437056
970,76.728000,2,1,1.671051,1.772298
970,76.728000,2,3,1.802564,1.713706
971,76.766000,2,0,2.506676,2.420222
971,76.766000,2,1,1.788757,1.760493
971,76.766000,2,3,1.835759,1.701703
972,76.806000,2,0,2.305333,2.404169
972,76.806000,2,1,1.878690,1.749180
972,76.806000,2,3,1.497997,1.690243
973,76.846000,2,0,2.546524,2.388080
973,76.846000,2,1,1.832282,1.737787
973,76.846000,2,3,1.781504,1.678743
974,76.886000,2,0,2.229754,2.372828
974,76.886000,2,1,1.643519,1.726935
974,76.886000,2,3,1.589021,1.667828
975,76.926000,2,0,2.305933,2.355897
975,76.926000,2,1,1.708072,1.714830
975,76.926000,2,3,1.588365,1.655697
976,76.966000,2,0,2.357368,2.339853
976,76.966000,2,1,1.624593,1.703304
976,76.966000,2,3,1.691194,1.644189
977,77.006000,2,0,2.222826,2.323877
977,77.006000,2,1,1.794315,1.691770
977,77.006000,2,3,1.665573,1.632717
978,77.046000,2,0,2.267393,2.309663
978,77.046000,2,1,1.709279,1.681461
978,77.046000,2,3,1.733644,1.622498
979,77.086000,2,0,2.334227,2.294717
979,77.086000,2,1,1.623457,1.670573
979,77.086000,2,3,1.691355,1.611741
980,77.126000,2,0,2.355686,2.279080
980,77.126000,2,1,1.660473,1.659129
980,77.126000,2,3,1.664484,1.600472
981,77.166000,2,0,2.252630,2.263612
981,77.166000,2,1,1.641063,1.647758
981,77.166000,2,3,1.580499,1.589309
982,77.206000,2,0,2.385470,2.249137
982,77.206000,2,1,1.617093,1.637071
982,77.206000,2,3,1.597094,1.578848
983,77.246000,2,0,2.271481,2.234067
983,77.246000,2,1,1.624040,1.625898
983,77.246000,2,3,1.486992,1.567943
984,77.286000,2,0,2.106599,2.205423
984,77.286000,2,1,1.639933,1.604527
984,77.286000,2,3,1.552198,1.547171
985,77.326000,2,0,2.153650,2.190371
985,77.326000,2,1,1.637779,1.593221
985,77.326000,2,3,1.600287,1.536233
986,77.366000,2,0,2.224992,2.177110
986,77.366000,2,1,1.658528,1.583216
986,77.366000,2,3,1.420376,1.526585
987,77.406000,2,0,2.097964,2.163427
987,77.406000,2,1,1.456333,1.572841
987,77.406000,2,3,1.531107,1.516617
988,77.446000,2,0,2.377756,2.150092
988,77.446000,2,1,1.551030,1.562673
988,77.446000,2,3,1.489682,1.506887
989,77.486000,2,0,2.103366,2.137127
989,77.486000,2,1,1.515127,1.552725
989,77.486000,2,3,1.573898,1.497412
990,77.526000,2,0,2.102060,2.123906
990,77.526000,2,1,1.487678,1.542507
990,77.526000,2,3,1.397984,1.487729
991,77.566000,2,0,2.060847,2.111144
991,77.566000,2,1,1.532813,1.532562
991,77.566000,2,3,1.380845,1.478365
992,77.606000,2,0,1.994050,2.101280
992,77.606000,2,1,1.616402,1.524812
992,77.606000,2,3,1.550241,1.471114
993,77.646000,2,0,2.140262,2.089399
993,77.646000,2,1,1.547618,1.515397
993,77.646000,2,3,1.483797,1.462366
994,77.686000,2,0,1.976173,2.078587
994,77.686000,2,1,1.600978,1.506743
994,77.686000,2,3,1.558157,1.454394
995,77.726000,2,0,1.944605,2.068254
995,77.726000,2,1,1.466022,1.498387
995,77.726000,2,3,1.594217,1.446766
996,77.766000,2,0,1.944502,2.058413
996,77.766000,2,1,1.510283,1.490341
996,77.766000,2,3,1.611377,1.439494
997,77.806000,2,0,2.031169,2.049557
997,77.806000,2,1,1.428771,1.483015
997,77.806000,2,3,1.391159,1.432944
998,77.848000,2,0,2.131483,2.040713
998,77.848000,2,1,1.442121,1.475607
998,77.848000,2,3,1.343901,1.426396
999,77.886000,2,0,1.977173,2.032399
999,77.886000,2,1,1.456429,1.468542
999,77.886000,2,3,1.450642,1.420236
1000,77.926000,2,0,2.077782,2.018138
1000,77.926000,2,1,1.641449,1.456122
1000,77.926000,2,3,1.394562,1.409646
1001,77.966000,2,0,1.929170,2.011414
1001,77.966000,2,1,1.583537,1.450085
1001,77.966000,2,3,1.444956,1.404640
1002,78.006000,2,0,2.049748,2.005250
1002,78.006000,2,1,1.598504,1.444408
1002,78.006000,2,3,1.426658,1.400043
1003,78.046000,2,0,2.057208,1.999650
1003,78.046000,2,1,1.444207,1.439091
1003,78.046000,2,3,1.470436,1.395857
1004,78.086000,2,0,1.838335,1.994866
1004,78.086000,2,1,1.469899,1.434390
1004,78.086000,2,3,1.380907,1.392274
1005,78.126000,2,0,1.955259,1.990594
1005,78.126000,2,1,1.356071,1.430019
1005,78.126000,2,3,1.428215,1.389065
1006,78.166000,2,0,1.959450,1.986645
1006,78.166000,2,1,1.404378,1.425767
1006,78.166000,2,3,1.416723,1.386089
1007,78.206000,2,0,1.914222,1.983277
1007,78.206000,2,1,1.382655,1.421893
1007,78.206000,2,3,1.389517,1.383538
1008,78.246000,2,0,2.003601,1.980499
1008,78.246000,2,1,1.400576,1.418401
1008,78.246000,2,3,1.447673,1.381418
1009,78.286000,2,0,1.960392,1.978520
1009,78.286000,2,1,1.368088,1.415605
1009,78.286000,2,3,1.223111,1.379889
1010,78.326000,2,0,1.796038,1.976875
1010,78.326000,2,1,1.391332,1.412852
1010,78.326000,2,3,1.443384,1.378594
1011,78.366000,2,0,1.916504,1.975833
1011,78.366000,2,1,1.391774,1.410499
1011,78.366000,2,3,1.360664,1.377737
1012,78.406000,2,0,1.971188,1.975391
1012,78.406000,2,1,1.429216,1.408552
1012,78.406000,2,3,1.397808,1.377317
1013,78.446000,2,0,2.052543,1.976193
1013,78.446000,2,1,1.379647,1.405995
1013,78.446000,2,3,1.166138,1.377722
1014,78.486000,2,0,1.952007,1.977471
1014,78.486000,2,1,1.293633,1.405249
1014,78.486000,2,3,1.206659,1.378564
1015,78.526000,2,0,1.990617,1.979446
1015,78.526000,2,1,1.479398,1.404917
1015,78.526000,2,3,1.314547,1.379912
1016,78.566000,2,0,1.921376,1.981768
1016,78.566000,2,1,1.302448,1.405012
1016,78.566000,2,3,1.484782,1.381526
1017,78.606000,2,0,2.089971,1.984771
1017,78.606000,2,1,1.338451,1.405515
1017,78.606000,2,3,1.269250,1.383632
1018,78.646000,2,0,2.053396,1.988330
1018,78.646000,2,1,1.272511,1.406425
1018,78.646000,2,3,1.542278,1.386144
1019,78.686000,2,0,2.023139,1.992207
1019,78.686000,2,1,1.341939,1.407657
1019,78.686000,2,3,1.424285,1.388891
1020,78.726000,2,0,2.013919,1.996825
1020,78.726000,2,1,1.360510,1.409342
1020,78.726000,2,3,1.427899,1.392170
1021,78.766000,2,0,1.817007,2.001974
1021,78.766000,2,1,1.327499,1.411416
1021,78.766000,2,3,1.383472,1.395834
1022,78.806000,2,0,2.106167,2.007650
1022,78.806000,2,1,1.467026,1.413872
1022,78.806000,2,3,1.451267,1.399874
1023,78.846000,2,0,2.030043,2.013167
1023,78.846000,2,1,1.377677,1.416390
1023,78.846000,2,3,1.492616,1.403803
1024,78.886000,2,0,2.126423,2.019456
1024,78.886000,2,1,1.494115,1.419381
1024,78.886000,2,3,1.377950,1.408282
1025,78.926000,2,0,1.946952,2.026584
1025,78.926000,2,1,1.433058,1.422897
1025,78.926000,2,3,1.336824,1.413360
1026,78.966000,2,0,2.086386,2.041440
1026,78.966000,2,1,1.464583,1.430556
1026,78.966000,2,3,1.510665,1.423947
1027,79.006000,2,0,2.050324,2.050436
1027,79.006000,2,1,1.477349,1.435367
1027,79.006000,2,3,1.412709,1.430357
1028,79.046000,2,0,2.036071,2.059946
1028,79.046000,2,1,1.395341,1.440569
1028,79.046000,2,3,1.480606,1.437132
1029,79.086000,2,0,2.103040,2.069446
1029,79.086000,2,1,1.551186,1.445867
1029,79.086000,2,3,1.606130,1.443897
1030,79.126000,2,0,1.870966,2.078854
1030,79.126000,2,1,1.373443,1.451201
1030,79.126000,2,3,1.473477,1.450594
1031,79.166000,2,0,2.020664,2.088648
1031,79.166000,2,1,1.512424,1.456834
1031,79.166000,2,3,1.568134,1.457564
1032,79.206000,2,0,2.118685,2.099396
1032,79.206000,2,1,1.575999,1.463095
1032,79.206000,2,3,1.484069,1.465214
1033,79.246000,2,0,2.155587,2.110551
1033,79.246000,2,1,1.393982,1.469667
1033,79.246000,2,3,1.384186,1.473157
1034,79.286000,2,0,2.055292,2.122104
1034,79.286000,2,1,1.423950,1.476541
1034,79.286000,2,3,1.550512,1.481387
1035,79.326000,2,0,2.240478,2.134041
1035,79.326000,2,1,1.530055,1.483703
1035,79.326000,2,3,1.528526,1.489898
1036,79.366000,2,0,2.069779,2.146351
1036,79.366000,2,1,1.526199,1.491145
1036,79.366000,2,3,1.425187,1.498683
1037,79.406000,2,0,2.212114,2.159022
1037,79.406000,2,1,1.638511,1.498854
1037,79.406000,2,3,1.546327,1.507735
1038,79.446000,2,0,2.150740,2.172043
1038,79.446000,2,1,1.603410,1.506822
1038,79.446000,2,3,1.535751,1.517048
1039,79.486000,2,0,2.151884,2.184692
1039,79.486000,2,1,1.534732,1.514600
1039,79.486000,2,3,1.531089,1.526103
1040,79.526000,2,0,2.238610,2.198364
1040,79.526000,2,1,1.488176,1.523046
1040,79.526000,2,3,1.522839,1.535898
1041,79.566000,2,0,2.203903,2.212354
1041,79.566000,2,1,1.453468,1.531724
1041,79.566000,2,3,1.529253,1.545925
1042,79.606000,2,0,2.367327,2.239693
1042,79.606000,2,1,1.696312,1.548775
1042,79.606000,2,3,1.626300,1.565517
1043,79.646000,2,0,2.179504,2.254539
1043,79.646000,2,1,1.638748,1.558082
1043,79.646000,2,3,1.613038,1.576148
1044,79.686000,2,0,2.396804,2.270463
1044,79.686000,2,1,1.309862,1.568097
1044,79.686000,2,3,1.638702,1.587541
1045,79.726000,2,0,2.306106,2.284228
1045,79.726000,2,1,1.589938,1.576780
1045,79.726000,2,3,1.653821,1.597379
1046,79.766000,2,0,2.351099,2.300685
1046,79.766000,2,1,1.488677,1.587189
1046,79.766000,2,3,1.599665,1.609125
1047,79.806000,2,0,2.314481,2.316574
1047,79.806000,2,1,1.528914,1.597263
1047,79.806000,2,3,1.645520,1.620448
1048,79.846000,2,0,2.261087,2.333560
1048,79.846000,2,1,1.658372,1.608059
1048,79.846000,2,3,1.517230,1.632533
1049,79.886000,2,0,2.428607,2.349070
1049,79.886000,2,1,1.560751,1.617940
1049,79.886000,2,3,1.733785,1.643549
1050,79.926000,2,0,2.431775,2.365666
1050,79.926000,2,1,1.682214,1.628536
1050,79.926000,2,3,1.654264,1.655316
1051,79.966000,2,0,2.314471,2.382484
1051,79.966000,2,1,1.698738,1.639303
1051,79.966000,2,3,1.652845,1.667219
1052,80.006000,2,0,2.519718,2.399509
1052,80.006000,2,1,1.569379,1.650236
1052,80.006000,2,3,1.715383,1.679248
1053,80.046000,2,0,2.374993,2.415804
1053,80.046000,2,1,1.651247,1.660734
1053,80.046000,2,3,1.686969,1.690742
1054,80.086000,2,0,2.601014,2.432220
1054,80.086000,2,1,1.634968,1.671342
1054,80.086000,2,3,1.714282,1.702305
1055,80.126000,2,0,2.463866,2.449620
1055,80.126000,2,1,1.770171,1.682624
1055,80.126000,2,3,1.711574,1.714545
1056,80.166000,2,0,2.608301,2.467018
1056,80.166000,2,1,1.729443,1.693943
1056,80.166000,2,3,1.821920,1.726771
1057,80.208000,2,0,2.593887,2.500559
1057,80.208000,2,1,1.725879,1.715874
1057,80.208000,2,3,1.711973,1.750314
1058,80.246000,2,0,2.486554,2.500559
1058,80.246000,2,1,1.627132,1.715874
1058,80.246000,2,3,1.777277,1.750314
1059,80.286000,2,0,2.512305,2.533945
1059,80.286000,2,1,1.669395,1.737837
1059,80.286000,2,3,1.759654,1.773721
1060,80.326000,2,0,2.659081,2.549181
1060,80.326000,2,1,1.689985,1.747899
1060,80.326000,2,3,1.682715,1.784401
1061,80.366000,2,0,2.578480,2.564758
1061,80.366000,2,1,1.725106,1.758209
1061,80.366000,2,3,1.798382,1.795321
1062,80.406000,2,0,2.542747,2.578971
1062,80.406000,2,1,1.624229,1.767637
1062,80.406000,2,3,1.800732,1.805289
1063,80.446000,2,0,2.678977,2.593338
1063,80.446000,2,1,1.861295,1.777185
1063,80.446000,2,3,1.852601,1.815371
1064,80.486000,2,0,2.663465,2.605592
1064,80.486000,2,1,1.644531,1.785346
1064,80.486000,2,3,1.716812,1.823977
1065,80.526000,2,0,2.728868,2.619894
1065,80.526000,2,1,1.711603,1.794894
1065,80.526000,2,3,1.913684,1.834027
1066,80.566000,2,0,2.645882,2.631993
1066,80.566000,2,1,1.681598,1.802992
1066,80.566000,2,3,1.837583,1.842536
1067,80.606000,2,0,2.583022,2.643256
1067,80.606000,2,1,1.695796,1.810553
1067,80.606000,2,3,1.729731,1.850461
1068,80.646000,2,0,2.748795,2.653127
1068,80.646000,2,1,1.870785,1.817203
1068,80.646000,2,3,1.867445,1.857410
1069,80.686000,2,0,2.715817,2.662677
1069,80.686000,2,1,1.827941,1.823663
1069,80.686000,2,3,1.928215,1.864134
1070,80.726000,2,0,2.618955,2.671311
1070,80.726000,2,1,1.847755,1.829533
1070,80.726000,2,3,1.872091,1.870211
1071,80.766000,2,0,2.555499,2.679011
1071,80.766000,2,1,1.874879,1.834802
1071,80.766000,2,3,1.933054,1.875625
1072,80.806000,2,0,2.798697,2.690982
1072,80.806000,2,1,1.910121,1.843097
1072,80.806000,2,3,1.939802,1.884016
1073,80.846000,2,0,2.638336,2.696128
1073,80.846000,2,1,1.908617,1.846731
1073,80.846000,2,3,1.970391,1.887604
1074,80.886000,2,0,2.494536,2.700189
1074,80.886000,2,1,1.616323,1.849657
1074,80.886000,2,3,1.865861,1.890418
1075,80.926000,2,0,2.639754,2.702915
1075,80.926000,2,1,1.854815,1.851679
1075,80.926000,2,3,1.848054,1.892286
1076,80.966000,2,0,2.679383,2.704837
1076,80.966000,2,1,1.808997,1.853183
1076,80.966000,2,3,2.034556,1.893576
1077,81.006000,2,0,2.716247,2.705785
1077,81.006000,2,1,1.891140,1.854038
1077,81.006000,2,3,1.947139,1.894169
1078,81.046000,2,0,2.572472,2.705766
1078,81.046000,2,1,1.799605,1.854247
1078,81.046000,2,3,1.927861,1.894072
1079,81.086000,2,0,2.653443,2.704935
1079,81.086000,2,1,1.898622,1.853889
1079,81.086000,2,3,1.906684,1.893406
1080,81.126000,2,0,2.635021,2.703109
1080,81.126000,2,1,1.816612,1.852883
1080,81.126000,2,3,1.888979,1.892021
1081,81.166000,2,0,2.673497,2.700344
1081,81.166000,2,1,1.804510,1.851243
1081,81.166000,2,3,1.810093,1.889970
1082,81.206000,2,0,2.612520,2.696873
1082,81.206000,2,1,1.855208,1.849111
1082,81.206000,2,3,1.754251,1.887422
1083,81.246000,2,0,2.663847,2.692325
1083,81.246000,2,1,1.869903,1.846259
1083,81.246000,2,3,1.841476,1.884105
1084,81.286000,2,0,2.636835,2.686889
1084,81.286000,2,1,1.824033,1.842803
1084,81.286000,2,3,1.750222,1.880157
1085,81.326000,2,0,2.761873,2.680589
1085,81.326000,2,1,1.824778,1.838757
1085,81.326000,2,3,1.967234,1.875593
1086,81.366000,2,0,2.601191,2.673853
1086,81.366000,2,1,1.852766,1.834399
1086,81.366000,2,3,1.966361,1.870718
1087,81.406000,2,0,2.848469,2.657774
1087,81.406000,2,1,1.922796,1.823920
1087,81.406000,2,3,2.023684,1.859083
1088,81.446000,2,0,2.747127,2.647899
1088,81.446000,2,1,1.674050,1.817453
1088,81.446000,2,3,1.746286,1.851935
1089,81.486000,2,0,2.598964,2.638341
1089,81.486000,2,1,1.817834,1.811180
1089,81.486000,2,3,1.735299,1.845016
1090,81.526000,2,0,2.581093,2.627596
1090,81.526000,2,1,1.791798,1.804116
1090,81.526000,2,3,1.753114,1.837238
1091,81.566000,2,0,2.626448,2.616208
1091,81.566000,2,1,1.690757,1.796619
1091,81.566000,2,3,1.770919,1.829001
1092,81.606000,2,0,2.684647,2.604211
1092,81.606000,2,1,1.707493,1.788710
1092,81.606000,2,3,1.652108,1.820330
1093,81.646000,2,0,2.677791,2.591641
1093,81.646000,2,1,1.823319,1.780411
1093,81.646000,2,3,1.683322,1.811251
1094,81.686000,2,0,2.515129,2.579237
1094,81.686000,2,1,1.835102,1.772207
1094,81.686000,2,3,1.795562,1.802297
1095,81.726000,2,0,2.656782,2.565660
1095,81.726000,2,1,1.674107,1.763210
1095,81.726000,2,3,1.885442,1.792502
1096,81.766000,2,0,2.721437,2.551628
1096,81.766000,2,1,1.733577,1.753890
1096,81.766000,2,3,1.743734,1.782381
1097,81.806000,2,0,2.504171,2.537954
1097,81.806000,2,1,1.611889,1.744790
1097,81.806000,2,3,1.861641,1.772519
1098,81.846000,2,0,2.658177,2.523161
1098,81.846000,2,1,1.693223,1.734930
1098,81.846000,2,3,1.949127,1.761849
1099,81.886000,2,0,2.493776,2.508041
1099,81.886000,2,1,1.793827,1.724840
1099,81.886000,2,3,1.711370,1.750941
1100,81.926000,2,0,2.551072,2.492636
1100,81.926000,2,1,1.680124,1.714554
1100,81.926000,2,3,1.794347,1.739822
1101,81.966000,2,0,2.545230,2.477815
1101,81.966000,2,1,1.716685,1.704655
1101,81.966000,2,3,1.857453,1.729119
1102,82.006000,2,0,2.495364,2.446804
1102,82.006000,2,1,1.630291,1.683945
1102,82.006000,2,3,1.656870,1.706713
1103,82.046000,2,0,2.365459,2.429815
1103,82.046000,2,1,1.623608,1.672604
1103,82.046000,2,3,1.701305,1.694434
1104,82.086000,2,0,2.466324,2.414437
1104,82.086000,2,1,1.711466,1.662340
1104,82.086000,2,3,1.719869,1.683320
1105,82.126000,2,0,2.266314,2.398151
1105,82.126000,2,1,1.728765,1.651473
1105,82.126000,2,3,1.575255,1.671548
1106,82.166000,2,0,2.401176,2.381850
1106,82.166000,2,1,1.614828,1.640597
1106,82.166000,2,3,1.673539,1.659765
1107,82.206000,2,0,2.341377,2.365572
1107,82.206000,2,1,1.662524,1.629741
1107,82.206000,2,3,1.681314,1.647999
1108,82.246000,2,0,2.444110,2.351060
1108,82.246000,2,1,1.619722,1.620067
1108,82.246000,2,3,1.606320,1.637510
1109,82.286000,2,0,2.353897,2.334934
1109,82.286000,2,1,1.554473,1.609325
1109,82.286000,2,3,1.610896,1.625857
1110,82.326000,2,0,2.395424,2.318945
1110,82.326000,2,1,1.682796,1.598685
1110,82.326000,2,3,1.652169,1.614307
1111,82.368000,2,0,2.279014,2.303132
1111,82.368000,2,1,1.540362,1.588175
1111,82.368000,2,3,1.577596,1.602889
1112,82.406000,2,0,2.258439,2.291614
1112,82.406000,2,1,1.512544,1.580530
1112,82.406000,2,3,1.620039,1.594577
1113,82.446000,2,0,2.311795,2.261833
1113,82.446000,2,1,1.503376,1.560805
1113,82.446000,2,3,1.717313,1.573111
1114,82.486000,2,0,2.236003,2.246195
1114,82.486000,2,1,1.600555,1.550476
1114,82.486000,2,3,1.536294,1.561861
1115,82.526000,2,0,2.150552,2.232435
1115,82.526000,2,1,1.538943,1.541408
1115,82.526000,2,3,1.445406,1.551974
1116,82.566000,2,0,2.119559,2.218258
1116,82.566000,2,1,1.440294,1.532090
1116,82.566000,2,3,1.564203,1.541803
1117,82.606000,2,0,2.208754,2.205181
1117,82.606000,2,1,1.451924,1.523522
1117,82.606000,2,3,1.586972,1.532435
1118,82.646000,2,0,2.181766,2.191776
1118,82.646000,2,1,1.601225,1.514771
1118,82.646000,2,3,1.458321,1.522844
1119,82.686000,2,0,2.139022,2.180150
1119,82.686000,2,1,1.437514,1.507213
1119,82.686000,2,3,1.390476,1.514536
1120,82.726000,2,0,2.137662,2.167590
1120,82.726000,2,1,1.350511,1.499084
1120,82.726000,2,3,1.623248,1.505570
1121,82.766000,2,0,2.174914,2.155510
1121,82.766000,2,1,1.482860,1.491309
1121,82.766000,2,3,1.557376,1.496955
1122,82.806000,2,0,2.253238,2.143933
1122,82.806000,2,1,1.428062,1.483901
1122,82.806000,2,3,1.415353,1.488710
1123,82.846000,2,0,2.129901,2.134016
1123,82.846000,2,1,1.488226,1.477596
1123,82.846000,2,3,1.629192,1.481658
1124,82.886000,2,0,2.136804,2.123985
1124,82.886000,2,1,1.459786,1.471264
1124,82.886000,2,3,1.589668,1.474539
1125,82.926000,2,0,2.075048,2.104934
1125,82.926000,2,1,1.597622,1.459392
1125,82.926000,2,3,1.511536,1.461068
1126,82.966000,2,0,2.228905,2.095546
1126,82.966000,2,1,1.513801,1.453635
1126,82.966000,2,3,1.633185,1.454462
1127,83.006000,2,0,2.108342,2.087238
1127,83.006000,2,1,1.522468,1.448606
1127,83.006000,2,3,1.671037,1.448639
1128,83.046000,2,0,2.116400,2.079538
1128,83.046000,2,1,1.324813,1.444014
1128,83.046000,2,3,1.383728,1.443268
1129,83.086000,2,0,2.106036,2.072458
1129,83.086000,2,1,1.395141,1.439866
1129,83.086000,2,3,1.455713,1.438357
1130,83.126000,2,0,2.013102,2.066331
1130,83.126000,2,1,1.624011,1.436353
1130,83.126000,2,3,1.504881,1.434136
1131,83.166000,2,0,2.066571,2.060485
1131,83.166000,2,1,1.376472,1.433091
1131,83.166000,2,3,1.478871,1.430141
1132,83.206000,2,0,2.148670,2.055283
1132,83.206000,2,1,1.601948,1.430294
1132,83.206000,2,3,1.380094,1.426622
1133,83.246000,2,0,1.997166,2.050729
1133,83.246000,2,1,1.610357,1.427964
1133,83.246000,2,3,1.339684,1.423583
1134,83.286000,2,0,2.217216,2.047206
1134,83.286000,2,1,1.383083,1.426279
1134,83.286000,2,3,1.546911,1.421271
1135,83.326000,2,0,2.110017,2.043884
1135,83.326000,2,1,1.509802,1.424841
1135,83.326000,2,3,1.508693,1.419143
1136,83.366000,2,0,2.113836,2.041211
1136,83.366000,2,1,1.510457,1.423873
1136,83.366000,2,3,1.534739,1.417495
1137,83.406000,2,0,2.084960,2.039183
1137,83.406000,2,1,1.395929,1.423369
1137,83.406000,2,3,1.441628,1.416329
1138,83.446000,2,0,2.068224,2.037799
1138,83.446000,2,1,1.414876,1.423323
1138,83.446000,2,3,1.316703,1.415642
1139,83.486000,2,0,2.029923,2.037053
1139,83.486000,2,1,1.451540,1.423727
1139,83.486000,2,3,1.222475,1.415432
1140,83.526000,2,0,2.040667,2.037369
1140,83.526000,2,1,1.463344,1.425710
1140,83.526000,2,3,1.371996,1.416324
1141,83.566000,2,0,1.888388,2.038509
1141,83.566000,2,1,1.425760,1.427491
1141,83.566000,2,3,1.311947,1.417537
1142,83.606000,2,0,2.154794,2.040332
1142,83.606000,2,1,1.388887,1.429756
1142,83.606000,2,3,1.268659,1.419253
1143,83.646000,2,0,2.102946,2.042688
1143,83.646000,2,1,1.499305,1.432356
1143,83.646000,2,3,1.357345,1.421340
1144,83.686000,2,0,2.074313,2.045309
1144,83.686000,2,1,1.372620,1.435051
1144,83.686000,2,3,1.414681,1.423578
1145,83.726000,2,0,2.077220,2.048802
1145,83.726000,2,1,1.412952,1.438471
1145,83.726000,2,3,1.452388,1.426487
1146,83.766000,2,0,2.113154,2.052880
1146,83.766000,2,1,1.297582,1.442313
1146,83.766000,2,3,1.600134,1.429816
1147,83.806000,2,0,2.041145,2.057271
1147,83.806000,2,1,1.553591,1.446337
1147,83.806000,2,3,1.434956,1.433348
1148,83.846000,2,0,2.027390,2.062160
1148,83.846000,2,1,1.514364,1.450724
1148,83.846000,2,3,1.546559,1.437239
1149,83.886000,2,0,2.116601,2.067846
1149,83.886000,2,1,1.451056,1.455739
1149,83.886000,2,3,1.402180,1.441724
1150,83.926000,2,0,2.091617,2.074056
1150,83.926000,2,1,1.412329,1.461137
1150,83.926000,2,3,1.521503,1.446587
1151,83.966000,2,0,2.201579,2.080773
1151,83.966000,2,1,1.422717,1.466906
1151,83.966000,2,3,1.424959,1.451817
1152,84.006000,2,0,2.073186,2.087592
1152,84.006000,2,1,1.620593,1.472703
1152,84.006000,2,3,1.468316,1.457103
1153,84.046000,2,0,2.074998,2.095255
1153,84.046000,2,1,1.499688,1.479162
1153,84.046000,2,3,1.346669,1.463022
1154,84.086000,2,0,2.019272,2.103385
1154,84.086000,2,1,1.429467,1.485957
1154,84.086000,2,3,1.377102,1.469281
1155,84.126000,2,0,2.086216,2.120504
1155,84.126000,2,1,1.419967,1.500116
1155,84.126000,2,3,1.435908,1.482407
1156,84.166000,2,0,2.245867,2.129930
1156,84.166000,2,1,1.403957,1.507838
1156,84.166000,2,3,1.444932,1.489611
1157,84.206000,2,0,2.222224,2.139771
1157,84.206000,2,1,1.531078,1.515852
1157,84.206000,2,3,1.500274,1.497116
1158,84.246000,2,0,2.083155,2.150013
1158,84.246000,2,1,1.660877,1.524145
1158,84.246000,2,3,1.556294,1.504912
1159,84.286000,2,0,2.152274,2.160074
1159,84.286000,2,1,1.473278,1.532252
1159,84.286000,2,3,1.481190,1.512556
1160,84.326000,2,0,2.224339,2.171063
1160,84.326000,2,1,1.548163,1.541064
1160,84.326000,2,3,1.506311,1.520887
1161,84.370000,2,0,2.118740,2.182416
1161,84.370000,2,1,1.556746,1.550130
1161,84.370000,2,3,1.613893,1.529477
1162,84.406000,2,0,2.161169,2.195376
1162,84.406000,2,1,1.589497,1.560440
1162,84.406000,2,3,1.484796,1.539258
1163,84.446000,2,0,2.143901,2.206176
1163,84.446000,2,1,1.599515,1.569004
1163,84.446000,2,3,1.557538,1.547389
1164,84.486000,2,0,2.215183,2.218563
1164,84.486000,2,1,1.520846,1.578800
1164,84.486000,2,3,1.599652,1.556693
1165,84.526000,2,0,2.157469,2.231274
1165,84.526000,2,1,1.586933,1.588828
1165,84.526000,2,3,1.536380,1.566215
1166,84.566000,2,0,2.187609,2.244298
1166,84.566000,2,1,1.649364,1.599080
1166,84.566000,2,3,1.552747,1.575946
1167,84.606000,2,0,2.231691,2.256914
1167,84.606000,2,1,1.632241,1.608993
1167,84.606000,2,3,1.628409,1.585349
1168,84.646000,2,0,2.323696,2.270511
1168,84.646000,2,1,1.520649,1.619662
1168,84.646000,2,3,1.490106,1.595459
1169,84.686000,2,0,2.278585,2.284384
1169,84.686000,2,1,1.762576,1.630535
1169,84.686000,2,3,1.683773,1.605751
1170,84.726000,2,0,2.311878,2.311389
1170,84.726000,2,1,1.661821,1.651668
1170,84.726000,2,3,1.561474,1.625728
1171,84.766000,2,0,2.383573,2.326004
1171,84.766000,2,1,1.633421,1.663086
1171,84.766000,2,3,1.696099,1.636512
1172,84.806000,2,0,2.364742,2.341643
1172,84.806000,2,1,1.680923,1.675289
1172,84.806000,2,3,1.581841,1.648039
1173,84.846000,2,0,2.381079,2.356737
1173,84.846000,2,1,1.640496,1.687048
1173,84.846000,2,3,1.440660,1.659149
1174,84.886000,2,0,2.528816,2.371242
1174,84.886000,2,1,1.770348,1.698330
1174,84.886000,2,3,1.585380,1.669816
1175,84.926000,2,0,2.489523,2.386745
1175,84.926000,2,1,1.773347,1.710364
1175,84.926000,2,3,1.749688,1.681210
1176,84.966000,2,0,2.405375,2.402347
1176,84.966000,2,1,1.746044,1.722437
1176,84.966000,2,3,1.645219,1.692670
1177,85.006000,2,0,2.511947,2.417949
1177,85.006000,2,1,1.735557,1.734464
1177,85.006000,2,3,1.860782,1.704107
1178,85.046000,2,0,2.350200,2.431881
1178,85.046000,2,1,1.724987,1.745158
1178,85.046000,2,3,1.701949,1.714290
1179,85.086000,2,0,2.521047,2.446610
1179,85.086000,2,1,1.657859,1.756412
1179,85.086000,2,3,1.759459,1.725023
1180,85.126000,2,0,2.596599,2.462155
1180,85.126000,2,1,1.846558,1.768227
1180,85.126000,2,3,1.761996,1.736314
1181,85.166000,2,0,2.261826,2.477726
1181,85.166000,2,1,1.766434,1.779989
1181,85.166000,2,3,1.726711,1.747597
1182,85.206000,2,0,2.574099,2.493351
1182,85.206000,2,1,1.843000,1.791711
1182,85.206000,2,3,1.677556,1.758902
1183,85.246000,2,0,2.460748,2.509045
1183,85.246000,2,1,1.777165,1.803407
1183,85.246000,2,3,1.882503,1.770250
1184,85.286000,2,0,2.654217,2.524811
1184,85.286000,2,1,1.655618,1.815087
1184,85.286000,2,3,1.677640,1.781649
1185,85.326000,2,0,2.471267,2.555635
1185,85.326000,2,1,1.807609,1.837764
1185,85.326000,2,3,1.737696,1.803963
1186,85.366000,2,0,2.609354,2.571450
1186,85.366000,2,1,1.776855,1.849341
1186,85.366000,2,3,1.887894,1.815434
1187,85.406000,2,0,2.616138,2.587189
1187,85.406000,2,1,1.809454,1.860842
1187,85.406000,2,3,1.743355,1.826871
1188,85.446000,2,0,2.617946,2.602801
1188,85.446000,2,1,1.929959,1.872241
1188,85.446000,2,3,1.844784,1.838235
1189,85.486000,2,0,2.618120,2.618234
1189,85.486000,2,1,1.968297,1.883509
1189,85.486000,2,3,1.876011,1.849490
1190,85.526000,2,0,2.642678,2.633442
1190,85.526000,2,1,1.773290,1.894618
1190,85.526000,2,3,1.915674,1.860603
1191,85.566000,2,0,2.481662,2.648390
1191,85.566000,2,1,1.864251,1.905544
1191,85.566000,2,3,1.715099,1.871544
1192,85.606000,2,0,2.581128,2.663049
1192,85.606000,2,1,1.797025,1.916263
1192,85.606000,2,3,1.737552,1.882291
1193,85.646000,2,0,2.715430,2.677400
1193,85.646000,2,1,1.752461,1.926757
1193,85.646000,2,3,1.987298,1.892826
1194,85.686000,2,0,2.677612,2.690699
1194,85.686000,2,1,2.044858,1.936478
1194,85.686000,2,3,1.883831,1.902596
1195,85.726000,2,0,2.592356,2.704408
1195,85.726000,2,1,1.920697,1.946491
1195,85.726000,2,3,1.832992,1.912677
1196,85.766000,2,0,2.687085,2.717766
1196,85.766000,2,1,1.881837,1.956241
1196,85.766000,2,3,2.115669,1.922510
1197,85.806000,2,0,2.770219,2.730763
1197,85.806000,2,1,1.929580,1.965718
1197,85.806000,2,3,1.931123,1.932086
1198,85.846000,2,0,2.789895,2.744042
1198,85.846000,2,1,1.967744,1.975395
1198,85.846000,2,3,1.927839,1.941884
1199,85.886000,2,0,2.790367,2.756264
1199,85.886000,2,1,2.066856,1.984299
1199,85.886000,2,3,1.974672,1.950915
1200,85.926000,2,0,2.543412,2.768092
1200,85.926000,2,1,1.979464,1.992913
1200,85.926000,2,3,2.025248,1.959671
1201,85.966000,2,0,2.749420,2.779517
1201,85.966000,2,1,2.081704,2.001231
1201,85.966000,2,3,1.791370,1.968145
1202,86.006000,2,0,2.924093,2.790532
1202,86.006000,2,1,1.953444,2.009247
1202,86.006000,2,3,2.060552,1.976328
1203,86.046000,2,0,2.817439,2.810776
1203,86.046000,2,1,2.026375,2.023968
1203,86.046000,2,3,1.973920,1.991397
1204,86.086000,2,0,2.828585,2.821044
1204,86.086000,2,1,1.989243,2.031424
1204,86.086000,2,3,1.958552,1.999050
1205,86.126000,2,0,2.814797,2.830353
1205,86.126000,2,1,1.963479,2.038177
1205,86.126000,2,3,2.071871,2.005994
1206,86.166000,2,0,2.772682,2.839226
1206,86.166000,2,1,1.972001,2.044604
1206,86.166000,2,3,1.996250,2.012617
1207,86.206000,2,0,2.837966,2.847660
1207,86.206000,2,1,2.054614,2.050705
1207,86.206000,2,3,2.022573,2.018915
1208,86.246000,2,0,2.841794,2.855654
1208,86.246000,2,1,2.002806,2.056480
1208,86.246000,2,3,2.084804,2.024887
1209,86.286000,2,0,2.887732,2.862822
1209,86.286000,2,1,2.102745,2.061652
1209,86.286000,2,3,2.015168,2.030243
1210,86.326000,2,0,2.974842,2.869964
1210,86.326000,2,1,2.096328,2.066800
1210,86.326000,2,3,2.075628,2.035579
1211,86.366000,2,0,3.032213,2.877016
1211,86.366000,2,1,2.060595,2.071878
1211,86.366000,2,3,2.029466,2.040847
1212,86.406000,2,0,2.939543,2.883280
1212,86.406000,2,1,1.993805,2.076382
1212,86.406000,2,3,1.930313,2.045522
1213,86.446000,2,0,2.864653,2.888832
1213,86.446000,2,1,2.049763,2.080368
1213,86.446000,2,3,2.119565,2.049660
1214,86.488000,2,0,2.902177,2.894296
1214,86.488000,2,1,2.115414,2.084283
1214,86.488000,2,3,2.106024,2.053727
1215,86.526000,2,0,2.917791,2.899618
1215,86.526000,2,1,2.112731,2.088085
1215,86.526000,2,3,2.003913,2.057682
1216,86.566000,2,0,2.878988,2.904277
1216,86.566000,2,1,2.148232,2.091400
1216,86.566000,2,3,2.052192,2.061138
1217,86.608000,2,0,2.855085,2.908126
1217,86.608000,2,1,2.072666,2.094126
1217,86.608000,2,3,2.117103,2.063988
1218,86.648000,2,0,2.827553,2.913447
1218,86.648000,2,1,2.052401,2.097863
1218,86.648000,2,3,2.012084,2.067921
1219,86.686000,2,0,2.981380,2.916741
1219,86.686000,2,1,2.153993,2.100149
1219,86.686000,2,3,2.093040,2.070350
1220,86.726000,2,0,2.944969,2.920195
1220,86.726000,2,1,2.023201,2.102512
1220,86.726000,2,3,2.095304,2.072892
1221,86.766000,2,0,2.842631,2.922971
1221,86.766000,2,1,2.155027,2.104372
1221,86.766000,2,3,2.031526,2.074930
1222,86.806000,2,0,3.097194,2.925905
1222,86.806000,2,1,1.944052,2.106281
1222,86.806000,2,3,2.046309,2.077078
1223,86.848000,2,0,3.021931,2.928594
1223,86.848000,2,1,2.077931,2.107949
1223,86.848000,2,3,2.048757,2.079033
1224,86.888000,2,0,2.978007,2.930224
1224,86.888000,2,1,2.214348,2.108898
1224,86.888000,2,3,1.962618,2.080206
1225,86.928000,2,0,2.986100,2.931749
1225,86.928000,2,1,2.074535,2.109715
1225,86.928000,2,3,2.260009,2.081288
1226,86.968000,2,0,2.904786,2.933092
1226,86.968000,2,1,2.208266,2.110339
1226,86.968000,2,3,2.175551,2.082219
1227,87.006000,2,0,2.838927,2.934099
1227,87.006000,2,1,2.060141,2.110686
1227,87.006000,2,3,2.209633,2.082891
1228,87.052000,2,0,2.826932,2.934706
1228,87.052000,2,1,1.922150,2.110772
1228,87.052000,2,3,2.271407,2.083270
1229,87.088000,2,0,2.832852,2.934870
1229,87.088000,2,1,2.106956,2.110755
1229,87.088000,2,3,1.955552,2.083364
1230,87.126000,2,0,2.864369,2.935185
1230,87.126000,2,1,2.053760,2.110525
1230,87.126000,2,3,2.143186,2.083507
1231,87.166000,2,0,2.915154,2.935173
1231,87.166000,2,1,2.125609,2.110039
1231,87.166000,2,3,1.920371,2.083404
1232,87.208000,2,0,3.083178,2.934792
1232,87.208000,2,1,2.123771,2.109208
1232,87.208000,2,3,2.028878,2.083006
1233,87.246000,2,0,3.125854,2.934223
1233,87.246000,2,1,2.200571,2.108337
1233,87.246000,2,3,2.004945,2.082478
1234,87.288000,2,0,2.958265,2.933441
1234,87.288000,2,1,2.046096,2.107303
1234,87.288000,2,3,1.916044,2.081775
1235,87.328000,2,0,2.860489,2.933441
1235,87.328000,2,1,2.204576,2.107303
1235,87.328000,2,3,2.146893,2.081775
1236,87.366000,2,0,2.826259,2.932151
1236,87.366000,2,1,2.229086,2.105753
1236,87.366000,2,3,1.995815,2.080634
1237,87.406000,2,0,2.888878,2.931069
1237,87.406000,2,1,2.157704,2.104524
1237,87.406000,2,3,2.042467,2.079681
1238,87.446000,2,0,2.975702,2.929307
1238,87.446000,2,1,2.144466,2.102599
1238,87.446000,2,3,2.037714,2.078133
1239,87.486000,2,0,2.865690,2.927846
1239,87.486000,2,1,2.086187,2.101049
1239,87.486000,2,3,2.030316,2.076852
1240,87.526000,2,0,2.828321,2.926348
1240,87.526000,2,1,2.091915,2.099487
1240,87.526000,2,3,2.169934,2.075538
1241,87.566000,2,0,2.862879,2.924752
1241,87.566000,2,1,2.232482,2.097847
1241,87.566000,2,3,2.146604,2.074139
1242,87.606000,2,0,2.988464,2.923068
1242,87.606000,2,1,2.177595,2.096135
1242,87.606000,2,3,2.019451,2.072663
1243,87.646000,2,0,2.972184,2.921021
1243,87.646000,2,1,2.118702,2.094071
1243,87.646000,2,3,2.148932,2.070869
1244,87.686000,2,0,2.942585,2.919176
1244,87.686000,2,1,2.063568,2.092224
1244,87.686000,2,3,2.044251,2.069254
1245,87.726000,2,0,2.796476,2.917269
1245,87.726000,2,1,2.160230,2.090322
1245,87.726000,2,3,2.033558,2.067585
1246,87.766000,2,0,2.987458,2.915410
1246,87.766000,2,1,2.034247,2.088473
1246,87.766000,2,3,2.062889,2.065959
1247,87.806000,2,0,2.861019,2.913288
1247,87.806000,2,1,2.035659,2.086371
1247,87.806000,2,3,1.980750,2.064108
1248,87.846000,2,0,2.835793,2.911223
1248,87.846000,2,1,1.994380,2.084331
1248,87.846000,2,3,2.041295,2.062313
1249,87.886000,2,0,3.052729,2.909225
1249,87.886000,2,1,2.202279,2.082365
1249,87.886000,2,3,1.979993,2.060587
1250,87.926000,2,0,2.856686,2.905124
1250,87.926000,2,1,2.073386,2.078348
1250,87.926000,2,3,2.064948,2.057088
1251,87.966000,2,0,3.087517,2.902794
1251,87.966000,2,1,2.056201,2.076079
1251,87.966000,2,3,2.037799,2.055128
1252,88.006000,2,0,2.781130,2.900433
1252,88.006000,2,1,2.065432,2.073791
1252,88.006000,2,3,2.118007,2.053161
1253,88.046000,2,0,2.930288,2.898168
1253,88.046000,2,1,2.187859,2.071606
1253,88.046000,2,3,2.075110,2.051290
1254,88.086000,2,0,2.983951,2.895887
1254,88.086000,2,1,2.071091,2.069415
1254,88.086000,2,3,2.027624,2.049417
1255,88.126000,2,0,2.940344,2.893597
1255,88.126000,2,1,2.042234,2.067224
1255,88.126000,2,3,2.086447,2.047547
1256,88.166000,2,0,2.968492,2.891305
1256,88.166000,2,1,2.048841,2.065038
1256,88.166000,2,3,2.032442,2.045682
1257,88.206000,2,0,2.814480,2.889019
1257,88.206000,2,1,2.080243,2.062865
1257,88.206000,2,3,2.003661,2.043828
1258,88.246000,2,0,3.071615,2.886866
1258,88.246000,2,1,1.975390,2.060824
1258,88.246000,2,3,2.054938,2.042084
1259,88.286000,2,0,2.900010,2.884616
1259,88.286000,2,1,2.100932,2.058696
1259,88.286000,2,3,2.011758,2.040261
1260,88.326000,2,0,2.877219,2.882394
1260,88.326000,2,1,1.958918,2.056600
1260,88.326000,2,3,2.010110,2.038461
1261,88.366000,2,0,2.856780,2.880207
1261,88.366000,2,1,2.172975,2.054543
1261,88.366000,2,3,2.108354,2.036685
1262,88.406000,2,0,3.017440,2.878059
1262,88.406000,2,1,2.042107,2.052530
1262,88.406000,2,3,2.026328,2.034936
1263,88.446000,2,0,2.793505,2.876063
1263,88.446000,2,1,2.230835,2.050666
1263,88.446000,2,3,1.961413,2.033309
1264,88.486000,2,0,2.774154,2.874001
1264,88.486000,2,1,2.128497,2.048745
1264,88.486000,2,3,2.038553,2.031625
1265,88.526000,2,0,2.805113,2.871986
1265,88.526000,2,1,2.032773,2.046874
1265,88.526000,2,3,1.963537,2.029979
1266,88.566000,2,0,2.894145,2.868404
1266,88.566000,2,1,2.086315,2.043560
1266,88.566000,2,3,2.040695,2.027057
1267,88.606000,2,0,2.824440,2.866432
1267,88.606000,2,1,2.014074,2.041742
1267,88.606000,2,3,1.960837,2.025454
1268,88.646000,2,0,2.898735,2.864607
1268,88.646000,2,1,1.917058,2.040066
1268,88.646000,2,3,1.894903,2.023977
1269,88.686000,2,0,2.816660,2.862828
1269,88.686000,2,1,1.925476,2.038437
1269,88.686000,2,3,1.951121,2.022543
1270,88.726000,2,0,2.813532,2.861272
1270,88.726000,2,1,2.114260,2.037021
1270,88.726000,2,3,2.041824,2.021299
1271,88.766000,2,0,2.843183,2.859572
1271,88.766000,2,1,1.931500,2.035483
1271,88.766000,2,3,2.009079,2.019950
1272,88.806000,2,0,2.809190,2.857913
1272,88.806000,2,1,1.986005,2.033993
1272,88.806000,2,3,1.965407,2.018646
1273,88.846000,2,0,2.810257,2.856379
1273,88.846000,2,1,2.164561,2.032624
1273,88.846000,2,3,2.164905,2.017453
1274,88.886000,2,0,2.854431,2.854802
1274,88.886000,2,1,2.072798,2.031227
1274,88.886000,2,3,1.955679,2.016237
1275,88.926000,2,0,2.877740,2.853268
1275,88.926000,2,1,1.980911,2.029877
1275,88.926000,2,3,1.916159,2.015063
1276,88.966000,2,0,2.809105,2.851931
1276,88.966000,2,1,1.995695,2.028712
1276,88.966000,2,3,1.921072,2.014048
1277,89.006000,2,0,2.940015,2.850479
1277,89.006000,2,1,2.080158,2.027459
1277,89.006000,2,3,1.948999,2.012950
1278,89.046000,2,0,2.882521,2.849069
1278,89.046000,2,1,1.967191,2.026259
1278,89.046000,2,3,2.132707,2.011889
1279,89.086000,2,0,2.857665,2.847701
1279,89.086000,2,1,1.997713,2.025117
1279,89.086000,2,3,2.073309,2.010863
1280,89.126000,2,0,2.743946,2.845151
1280,89.126000,2,1,1.918255,2.023065
1280,89.126000,2,3,1.975512,2.008956
1281,89.166000,2,0,2.770575,2.843899
1281,89.166000,2,1,1.947790,2.022104
1281,89.166000,2,3,2.022929,2.008017
1282,89.206000,2,0,2.832478,2.842684
1282,89.206000,2,1,2.022568,2.021209
1282,89.206000,2,3,2.094701,2.007102
1283,89.246000,2,0,2.756026,2.841565
1283,89.246000,2,1,2.143319,2.020424
1283,89.246000,2,3,1.959268,2.006252
1284,89.286000,2,0,2.787943,2.840418
1284,89.286000,2,1,1.942443,2.019659
1284,89.286000,2,3,2.094599,2.005371
1285,89.326000,2,0,3.042319,2.839303
1285,89.326000,2,1,1.991146,2.018960
1285,89.326000,2,3,1.879335,2.004502
1286,89.366000,2,0,2.806338,2.838224
1286,89.366000,2,1,2.121389,2.018329
1286,89.366000,2,3,1.982598,2.003646
1287,89.406000,2,0,2.730856,2.837235
1287,89.406000,2,1,1.897733,2.017793
1287,89.406000,2,3,2.053777,2.002847
1288,89.446000,2,0,2.845930,2.836229
1288,89.446000,2,1,1.955827,2.017292
1288,89.446000,2,3,1.900619,2.002018
1289,89.486000,2,0,2.815478,2.835265
1289,89.486000,2,1,2.122070,2.016858
1289,89.486000,2,3,2.049233,2.001207
1290,89.526000,2,0,2.938283,2.834343
1290,89.526000,2,1,2.075011,2.016489
1290,89.526000,2,3,2.074742,2.000415
1291,89.566000,2,0,2.859350,2.833463
1291,89.566000,2,1,2.121541,2.016183
1291,89.566000,2,3,2.097586,1.999645
1292,89.606000,2,0,2.796018,2.832670
1292,89.606000,2,1,1.978189,2.015948
1292,89.606000,2,3,2.077190,1.998939
1293,89.646000,2,0,2.584167,2.831873
1293,89.646000,2,1,1.962682,2.015757
1293,89.646000,2,3,1.930743,1.998220
1294,89.686000,2,0,2.838405,2.830478
1294,89.686000,2,1,2.093810,2.015548
1294,89.686000,2,3,2.037137,1.996934
1295,89.726000,2,0,2.775079,2.829801
1295,89.726000,2,1,2.110696,2.015514
1295,89.726000,2,3,1.976061,1.996299
1296,89.766000,2,0,2.994902,2.829164
1296,89.766000,2,1,2.084727,2.015527
1296,89.766000,2,3,1.976581,1.995695
1297,89.806000,2,0,2.834683,2.828567
1297,89.806000,2,1,2.044286,2.015582
1297,89.806000,2,3,2.126156,1.995119
1298,89.846000,2,0,2.749733,2.828009
1298,89.846000,2,1,2.104940,2.015672
1298,89.846000,2,3,1.860739,1.994569
1299,89.886000,2,0,2.854904,2.827540
1299,89.886000,2,1,2.039238,2.015777
1299,89.886000,2,3,1.977889,1.994098
1300,89.926000,2,0,2.918863,2.827045
1300,89.926000,2,1,2.027102,2.015913
1300,89.926000,2,3,1.950300,1.993590
1301,89.966000,2,0,2.818444,2.826580
1301,89.966000,2,1,1.995043,2.016062
1301,89.966000,2,3,2.024246,1.993098
1302,90.006000,2,0,2.835264,2.826140
1302,90.006000,2,1,2.062024,2.016218
1302,90.006000,2,3,2.132895,1.992618
1303,90.046000,2,0,2.827943,2.825724
1303,90.046000,2,1,2.007037,2.016375
1303,90.046000,2,3,1.928608,1.992148
1304,90.086000,2,0,2.719050,2.825329
1304,90.086000,2,1,1.962033,2.016530
1304,90.086000,2,3,1.897831,1.991684
1305,90.126000,2,0,2.964891,2.824957
1305,90.126000,2,1,2.019934,2.016681
1305,90.126000,2,3,1.983414,1.991225
1306,90.166000,2,0,2.625746,2.824610
1306,90.166000,2,1,2.136133,2.016828
1306,90.166000,2,3,2.093960,1.990770
1307,90.206000,2,0,2.799195,2.824059
1307,90.206000,2,1,2.044043,2.017096
1307,90.206000,2,3,2.024479,1.989972
1308,90.246000,2,0,2.642053,2.823783
1308,90.246000,2,1,2.105272,2.017268
1308,90.246000,2,3,2.137984,1.989518
1309,90.286000,2,0,2.808586,2.823556
1309,90.286000,2,1,2.013322,2.017445
1309,90.286000,2,3,2.011209,1.989103
1310,90.326000,2,0,2.830130,2.823366
1310,90.326000,2,1,2.013296,2.017637
1310,90.326000,2,3,1.920377,1.988708
1311,90.366000,2,0,2.837027,2.823211
1311,90.366000,2,1,2.081147,2.017843
1311,90.366000,2,3,2.005675,1.988338
1312,90.406000,2,0,2.899688,2.823090
1312,90.406000,2,1,2.198870,2.018060
1312,90.406000,2,3,2.105944,1.987997
1313,90.446000,2,0,2.793014,2.823001
1313,90.446000,2,1,2.025473,2.018286
1313,90.446000,2,3,2.059326,1.987688
1314,90.486000,2,0,2.832999,2.822946
1314,90.486000,2,1,1.979925,2.018493
1314,90.486000,2,3,1.998554,1.987439
1315,90.526000,2,0,2.811639,2.822909
1315,90.526000,2,1,1.965980,2.018731
1315,90.526000,2,3,1.917841,1.987192
1316,90.566000,2,0,2.883345,2.822897
1316,90.566000,2,1,1.979586,2.018976
1316,90.566000,2,3,2.071654,1.986977
1317,90.606000,2,0,2.826544,2.822908
1317,90.606000,2,1,2.038988,2.019215
1317,90.606000,2,3,1.996579,1.986799
1318,90.654000,2,0,2.687016,2.822994
1318,90.654000,2,1,1.966740,2.019718
1318,90.654000,2,3,1.964675,1.986500
1319,90.686000,2,0,2.904391,2.823001
1319,90.686000,2,1,1.995170,2.019747
1319,90.686000,2,3,1.873008,1.986485
1320,90.726000,2,0,2.803492,2.823075
1320,90.726000,2,1,2.189888,2.020011
1320,90.726000,2,3,1.893707,1.986354
1321,90.766000,2,0,2.893303,2.823193
1321,90.766000,2,1,2.103777,2.020360
1321,90.766000,2,3,2.048131,1.986192
1322,90.806000,2,0,2.836292,2.823303
1322,90.806000,2,1,2.075922,2.020641
1322,90.806000,2,3,1.935022,1.986062
1323,90.848000,2,0,2.881017,2.823449
1323,90.848000,2,1,2.034187,2.020977
1323,90.848000,2,3,1.951531,1.985903
1324,90.886000,2,0,2.910593,2.823596
1324,90.886000,2,1,1.876181,2.021286
1324,90.886000,2,3,1.988151,1.985749
1325,90.926000,2,0,2.819161,2.823758
1325,90.926000,2,1,1.945970,2.021599
1325,90.926000,2,3,2.026126,1.985583
1326,90.966000,2,0,2.843758,2.823957
1326,90.966000,2,1,2.132483,2.021949
1326,90.966000,2,3,1.986646,1.985389
1327,91.008000,2,0,2.814156,2.824167
1327,91.008000,2,1,1.985601,2.022287
1327,91.008000,2,3,1.950809,1.985195
1328,91.050000,2,0,2.956041,2.824376
1328,91.050000,2,1,2.011875,2.022598
1328,91.050000,2,3,1.987559,1.985015
1329,91.086000,2,0,2.741427,2.824659
1329,91.086000,2,1,2.118782,2.022987
1329,91.086000,2,3,1.718566,1.984795
1330,91.128000,2,0,2.887032,2.824929
1330,91.128000,2,1,2.098233,2.023334
1330,91.128000,2,3,2.011153,1.984608
1331,91.166000,2,0,2.891013,2.825323
1331,91.166000,2,1,2.033367,2.023806
1331,91.166000,2,3,2.086681,1.984373
1332,91.206000,2,0,2.870668,2.825653
1332,91.206000,2,1,2.082428,2.024175
1332,91.206000,2,3,2.038076,1.984207
1333,91.250000,2,0,2.810567,2.826046
1333,91.250000,2,1,1.965740,2.024591
1333,91.250000,2,3,2.122465,1.984037
1334,91.286000,2,0,2.900859,2.826466
1334,91.286000,2,1,2.052800,2.025010
1334,91.286000,2,3,2.071966,1.983882
1335,91.326000,2,0,2.827296,2.826869
1335,91.326000,2,1,2.083354,2.025388
1335,91.326000,2,3,2.043363,1.983756
1336,91.366000,2,0,3.010414,2.827315
1336,91.366000,2,1,1.993105,2.025783
1336,91.366000,2,3,2.060967,1.983640
1337,91.406000,2,0,2.755042,2.827711
1337,91.406000,2,1,2.119681,2.026115
1337,91.406000,2,3,1.941450,1.983556
1338,91.450000,2,0,2.784835,2.828197
1338,91.450000,2,1,2.010334,2.026501
1338,91.450000,2,3,2.039349,1.983475
1339,91.486000,2,0,2.877554,2.828708
1339,91.486000,2,1,2.074641,2.026885
1339,91.486000,2,3,1.911010,1.983415
1340,91.526000,2,0,2.857558,2.829189
1340,91.526000,2,1,1.942682,2.027230
1340,91.526000,2,3,2.019887,1.983380
1341,91.566000,2,0,2.773667,2.829745
1341,91.566000,2,1,1.948615,2.027611
1341,91.566000,2,3,1.919194,1.983366
1342,91.606000,2,0,2.775886,2.830323
1342,91.606000,2,1,1.912600,2.027988
1342,91.606000,2,3,2.044479,1.983377
1343,91.646000,2,0,2.732567,2.830919
1343,91.646000,2,1,2.091841,2.028356
1343,91.646000,2,3,1.967875,1.983415
1344,91.686000,2,0,2.854001,2.832025
1344,91.686000,2,1,2.050235,2.028979
1344,91.686000,2,3,2.138549,1.983546
1345,91.726000,2,0,2.801877,2.832648
1345,91.726000,2,1,2.043576,2.029293
1345,91.726000,2,3,2.013441,1.983649
1346,91.766000,2,0,2.859731,2.833056
1346,91.766000,2,1,2.017045,2.029483
1346,91.766000,2,3,1.858318,1.983727
1347,91.806000,2,0,2.835312,2.833622
1347,91.806000,2,1,2.058729,2.029730
1347,91.806000,2,3,2.004426,1.983845
1348,91.846000,2,0,2.691656,2.834193
1348,91.846000,2,1,2.031887,2.029960
1348,91.846000,2,3,1.981448,1.983977
1349,91.886000,2,0,2.923608,2.834802
1349,91.886000,2,1,2.058661,2.030190
1349,91.886000,2,3,2.110967,1.984130
1350,91.926000,2,0,2.842196,2.835423
1350,91.926000,2,1,2.029610,2.030413
1350,91.926000,2,3,1.880850,1.984297
1351,91.966000,2,0,2.915393,2.836058
1351,91.966000,2,1,2.134924,2.030635
1351,91.966000,2,3,1.917592,1.984479
1352,92.006000,2,0,2.870466,2.836640
1352,92.006000,2,1,2.046544,2.030836
1352,92.006000,2,3,2.083972,1.984655
1353,92.046000,2,0,2.857234,2.837944
1353,92.046000,2,1,1.791386,2.031287
1353,92.046000,2,3,1.903340,1.985093
1354,92.086000,2,0,2.701327,2.838665
1354,92.086000,2,1,2.168090,2.031537
1354,92.086000,2,3,1.967585,1.985362
1355,92.126000,2,0,2.701741,2.839243
1355,92.126000,2,1,2.014348,2.031737
1355,92.126000,2,3,2.058321,1.985595
1356,92.166000,2,0,2.830382,2.839855
1356,92.166000,2,1,2.152593,2.031947
1356,92.166000,2,3,1.919392,1.985859
1357,92.206000,2,0,2.792450,2.840529
1357,92.206000,2,1,1.814026,2.032180
1357,92.206000,2,3,1.973357,1.986171
1358,92.254000,2,0,2.770229,2.841223
1358,92.254000,2,1,2.077509,2.032420
1358,92.254000,2,3,2.060058,1.986513
1359,92.286000,2,0,2.906237,2.841963
1359,92.286000,2,1,2.039072,2.032678
1359,92.286000,2,3,1.932263,1.986902
1360,92.326000,2,0,2.915638,2.842645
1360,92.326000,2,1,2.027773,2.032918
1360,92.326000,2,3,2.045747,1.987280
1361,92.366000,2,0,2.735678,2.843303
1361,92.366000,2,1,1.894070,2.033155
1361,92.366000,2,3,2.026693,1.987658
1362,92.406000,2,0,2.751823,2.843851
1362,92.406000,2,1,2.016561,2.033357
1362,92.406000,2,3,1.977992,1.987980
1363,92.448000,2,0,2.882842,2.844445
1363,92.448000,2,1,2.072416,2.033582
1363,92.448000,2,3,2.028620,1.988333
1364,92.486000,2,0,2.778811,2.845024
1364,92.486000,2,1,2.043120,2.033809
1364,92.486000,2,3,1.895302,1.988679
1365,92.526000,2,0,2.835343,2.845649
1365,92.526000,2,1,1.898910,2.034064
1365,92.526000,2,3,1.959994,1.989053
1366,92.566000,2,0,2.738471,2.846233
1366,92.566000,2,1,2.086934,2.034313
1366,92.566000,2,3,2.083987,1.989407
1367,92.606000,2,0,2.836211,2.846828
1367,92.606000,2,1,2.149039,2.034582
1367,92.606000,2,3,1.948719,1.989776
1368,92.648000,2,0,2.775814,2.847352
1368,92.648000,2,1,2.232672,2.034835
1368,92.648000,2,3,1.985422,1.990116
1369,92.688000,2,0,2.984531,2.847857
1369,92.688000,2,1,2.054356,2.035098
1369,92.688000,2,3,2.038806,1.990462
1370,92.726000,2,0,2.717467,2.848291
1370,92.726000,2,1,2.069671,2.035344
1370,92.726000,2,3,1.974730,1.990781
1371,92.766000,2,0,2.897455,2.848727
1371,92.766000,2,1,1.999299,2.035612
1371,92.766000,2,3,1.969817,1.991124
1372,92.808000,2,0,2.861983,2.849098
1372,92.808000,2,1,2.017994,2.035860
1372,92.808000,2,3,1.952554,1.991438
1373,92.846000,2,0,2.682418,2.849307
1373,92.846000,2,1,2.185488,2.036009
1373,92.846000,2,3,2.279763,1.991625
1374,92.886000,2,0,2.960333,2.850021
1374,92.886000,2,1,1.876705,2.036574
1374,92.886000,2,3,1.914128,1.992329
1375,92.926000,2,0,2.831829,2.850039
1375,92.926000,2,1,2.187458,2.036590
1375,92.926000,2,3,2.070448,1.992348
1376,92.966000,2,0,2.844269,2.850418
1376,92.966000,2,1,2.110674,2.036929
1376,92.966000,2,3,2.027441,1.992772
1377,93.006000,2,0,2.926797,2.850737
1377,93.006000,2,1,1.952279,2.037237
1377,93.006000,2,3,1.935815,1.993159
1378,93.048000,2,0,2.888579,2.851082
1378,93.048000,2,1,1.964975,2.037591
1378,93.048000,2,3,1.982719,1.993606
1379,93.086000,2,0,2.908114,2.851354
1379,93.086000,2,1,2.124528,2.037884
1379,93.086000,2,3,1.797653,1.993980
1380,93.126000,2,0,2.876375,2.851622
1380,93.126000,2,1,2.118245,2.038177
1380,93.126000,2,3,2.067573,1.994361
1381,93.166000,2,0,3.000530,2.851926
1381,93.166000,2,1,1.980748,2.038631
1381,93.166000,2,3,2.031693,1.994630
1382,93.206000,2,0,2.710761,2.852213
1382,93.206000,2,1,1.920965,2.039147
1382,93.206000,2,3,2.005498,1.994717
1383,93.248000,2,0,2.970990,2.852526
1383,93.248000,2,1,2.026773,2.039703
1383,93.248000,2,3,1.982207,1.994816
1384,93.286000,2,0,2.746252,2.852869
1384,93.286000,2,1,2.229723,2.040288
1384,93.286000,2,3,2.075748,1.994932
1385,93.326000,2,0,2.722604,2.853192
1385,93.326000,2,1,2.024727,2.040816
1385,93.326000,2,3,2.060704,1.995047
1386,93.366000,2,0,2.848876,2.853545
1386,93.366000,2,1,2.223375,2.041370
1386,93.366000,2,3,1.974449,1.995178
1387,93.406000,2,0,2.646529,2.853911
1387,93.406000,2,1,1.947134,2.041919
1387,93.406000,2,3,1.954793,1.995319
1388,93.446000,2,0,2.814321,2.854348
1388,93.446000,2,1,1.951134,2.042541
1388,93.446000,2,3,1.965860,1.995492
1389,93.486000,2,0,2.899523,2.854723
1389,93.486000,2,1,2.142674,2.043046
1389,93.486000,2,3,1.849823,1.995640
1390,93.526000,2,0,2.807418,2.855111
1390,93.526000,2,1,2.165027,2.043540
1390,93.526000,2,3,1.995549,1.995792
1391,93.566000,2,0,2.780462,2.855511
1391,93.566000,2,1,2.088980,2.044021
1391,93.566000,2,3,1.972940,1.995945
1392,93.606000,2,0,2.808935,2.855943
1392,93.606000,2,1,2.137683,2.044512
1392,93.606000,2,3,1.903079,1.996108
1393,93.646000,2,0,2.882845,2.856628
1393,93.646000,2,1,2.119378,2.045237
1393,93.646000,2,3,1.960442,1.996366
1394,93.686000,2,0,2.847723,2.857207
1394,93.686000,2,1,2.086837,2.045811
1394,93.686000,2,3,1.950663,1.996593
1395,93.726000,2,0,2.901919,2.857207
1395,93.726000,2,1,1.978340,2.045811
1395,93.726000,2,3,2.021080,1.996593
1396,93.766000,2,0,2.871544,2.857717
1396,93.766000,2,1,1.906125,2.046295
1396,93.766000,2,3,2.015690,1.996804
1397,93.806000,2,0,2.849162,2.858241
1397,93.806000,2,1,2.097308,2.047029
1397,93.806000,2,3,1.958911,1.997162
1398,93.846000,2,0,2.821069,2.858239
1398,93.846000,2,1,2.125621,2.047367
1398,93.846000,2,3,2.123794,1.997340
1399,93.886000,2,0,2.880990,2.858235
1399,93.886000,2,1,1.967834,2.047708
1399,93.886000,2,3,1.945217,1.997526
1400,93.926000,2,0,2.841355,2.858235
1400,93.926000,2,1,2.056177,2.047708
1400,93.926000,2,3,2.037226,1.997526
1401,93.966000,2,0,2.972150,2.858220
1401,93.966000,2,1,2.134907,2.048393
1401,93.966000,2,3,1.970820,1.997919
1402,94.006000,2,0,2.948056,2.858213
1402,94.006000,2,1,2.048350,2.048628
1402,94.006000,2,3,1.871778,1.998057
1403,94.048000,2,0,2.906927,2.858204
1403,94.048000,2,1,2.109679,2.048903
1403,94.048000,2,3,2.048942,1.998217
1404,94.086000,2,0,2.842196,2.858196
1404,94.086000,2,1,2.087376,2.049119
1404,94.086000,2,3,2.186119,1.998342
1405,94.126000,2,0,2.955422,2.858186
1405,94.126000,2,1,2.100286,2.049332
1405,94.126000,2,3,1.916267,1.998462
1406,94.166000,2,0,2.885633,2.858177
1406,94.166000,2,1,1.937979,2.049537
1406,94.166000,2,3,1.942768,1.998576
1407,94.206000,2,0,2.828897,2.858170
1407,94.206000,2,1,2.064982,2.049723
1407,94.206000,2,3,2.025303,1.998679
1408,94.248000,2,0,2.778723,2.858166
1408,94.248000,2,1,1.995856,2.049881
1408,94.248000,2,3,1.975439,1.998765
1409,94.286000,2,0,2.874707,2.858168
1409,94.286000,2,1,1.907878,2.050132
1409,94.286000,2,3,2.139088,1.998899
1410,94.326000,2,0,2.914486,2.858172
1410,94.326000,2,1,1.967115,2.050232
1410,94.326000,2,3,1.861238,1.998949
1411,94.366000,2,0,2.832965,2.858172
1411,94.366000,2,1,2.058725,2.050232
1411,94.366000,2,3,1.955723,1.998949
1412,94.406000,2,0,2.903369,2.858189
1412,94.406000,2,1,2.131985,2.050453
1412,94.406000,2,3,2.053280,1.999053
1413,94.446000,2,0,3.048335,2.858201
1413,94.446000,2,1,2.109586,2.050529
1413,94.446000,2,3,2.088854,1.999088
1414,94.486000,2,0,2.734322,2.858217
1414,94.486000,2,1,2.012326,2.050600
1414,94.486000,2,3,1.991380,1.999122
1415,94.526000,2,0,2.930322,2.858231
1415,94.526000,2,1,2.174871,2.050646
1415,94.526000,2,3,1.893765,1.999146
1416,94.566000,2,0,2.799653,2.858253
1416,94.566000,2,1,1.922536,2.050699
1416,94.566000,2,3,1.954712,1.999178
1417,94.606000,2,0,2.765086,2.858277
1417,94.606000,2,1,2.129978,2.050740
1417,94.606000,2,3,1.936944,1.999208
1418,94.646000,2,0,2.920129,2.858302
1418,94.646000,2,1,2.114992,2.050765
1418,94.646000,2,3,1.927987,1.999237
1419,94.686000,2,0,2.900968,2.858355
1419,94.686000,2,1,2.036859,2.050779
1419,94.686000,2,3,2.056813,1.999287
1420,94.726000,2,0,2.849031,2.858356
1420,94.726000,2,1,1.933115,2.050779
1420,94.726000,2,3,2.020821,1.999288
1421,94.766000,2,0,2.758328,2.858393
1421,94.766000,2,1,2.168615,2.050758
1421,94.766000,2,3,2.106408,1.999317
1422,94.806000,2,0,2.896860,2.858411
1422,94.806000,2,1,1.996206,2.050726
1422,94.806000,2,3,1.904881,1.999377
1423,94.850000,2,0,2.844840,2.858406
1423,94.850000,2,1,2.077734,2.050720
1423,94.850000,2,3,2.087130,1.999377
1424,94.886000,2,0,2.918061,2.858406
1424,94.886000,2,1,1.969536,2.050719
1424,94.886000,2,3,2.107296,1.999377
1425,94.926000,2,0,2.789164,2.858406
1425,94.926000,2,1,2.131484,2.050719
1425,94.926000,2,3,1.971284,1.999377
1426,94.966000,2,0,2.896429,2.858406
1426,94.966000,2,1,1.989615,2.050719
1426,94.966000,2,3,1.861076,1.999377
1427,95.006000,2,0,2.938257,2.858406
1427,95.006000,2,1,1.936391,2.050719
1427,95.006000,2,3,2.009541,1.999377
1428,95.046000,2,0,2.814836,2.858406
1428,95.046000,2,1,2.044056,2.050718
1428,95.046000,2,3,1.966575,1.999377
1429,95.086000,2,0,2.745472,2.858406
1429,95.086000,2,1,2.093127,2.050718
1429,95.086000,2,3,2.026034,1.999377
1430,95.126000,2,0,2.884391,2.858406
1430,95.126000,2,1,2.101708,2.050718
1430,95.126000,2,3,2.004860,1.999377
1431,95.166000,2,0,3.003743,2.858406
1431,95.166000,2,1,1.923662,2.050718
1431,95.166000,2,3,2.014833,1.999377
1432,95.206000,2,0,2.950989,2.858406
1432,95.206000,2,1,1.868838,2.050717
1432,95.206000,2,3,2.065573,1.999377
1433,95.246000,2,0,2.830085,2.858406
1433,95.246000,2,1,2.154400,2.050717
1433,95.246000,2,3,1.914373,1.999377
1434,95.286000,2,0,2.811046,2.858407
1434,95.286000,2,1,2.063746,2.050717
1434,95.286000,2,3,1.965771,1.999377
1435,95.326000,2,0,2.777567,2.858407
1435,95.326000,2,1,2.133412,2.050716
1435,95.326000,2,3,2.062993,1.999377
1436,95.366000,2,0,2.927180,2.858407
1436,95.366000,2,1,2.007784,2.050716
1436,95.366000,2,3,1.946674,1.999376
1437,95.406000,2,0,2.833521,2.858407
1437,95.406000,2,1,2.113851,2.050716
1437,95.406000,2,3,1.819184,1.999376
1438,95.446000,2,0,2.911950,2.858407
1438,95.446000,2,1,2.087920,2.050716
1438,95.446000,2,3,1.996638,1.999376
1439,95.486000,2,0,2.870484,2.858407
1439,95.486000,2,1,2.140618,2.050722
1439,95.486000,2,3,1.942521,1.999376
1440,95.526000,2,0,2.917011,2.858407
1440,95.526000,2,1,2.021949,2.050722
1440,95.526000,2,3,2.113412,1.999376
1441,95.566000,2,0,2.861269,2.858407
1441,95.566000,2,1,2.052574,2.050722
1441,95.566000,2,3,1.961131,1.999376
1442,95.606000,2,0,2.902778,2.858407
1442,95.606000,2,1,1.968479,2.050722
1442,95.606000,2,3,2.029424,1.999376
1443,95.646000,2,0,2.945494,2.858407
1443,95.646000,2,1,2.142629,2.050721
1443,95.646000,2,3,1.943605,1.999376
1444,95.688000,2,0,2.876449,2.858407
1444,95.688000,2,1,2.047188,2.050721
1444,95.688000,2,3,1.969066,1.999376
1445,95.726000,2,0,2.897960,2.858407
1445,95.726000,2,1,2.049169,2.050721
1445,95.726000,2,3,2.003397,1.999376
1446,95.766000,2,0,2.841639,2.858407
1446,95.766000,2,1,2.087672,2.050721
1446,95.766000,2,3,1.907292,1.999376
1447,95.806000,2,0,2.929808,2.858407
1447,95.806000,2,1,1.816115,2.050721
1447,95.806000,2,3,2.100004,1.999376
1448,95.846000,2,0,2.909511,2.858407
1448,95.846000,2,1,2.022192,2.050720
1448,95.846000,2,3,1.922825,1.999376
1449,95.886000,2,0,2.903262,2.858407
1449,95.886000,2,1,2.050986,2.050720
1449,95.886000,2,3,2.017719,1.999376
1450,95.928000,2,0,2.907175,2.858407
1450,95.928000,2,1,1.946797,2.050720
1450,95.928000,2,3,2.117028,1.999376
1451,95.966000,2,0,2.926955,2.858407
1451,95.966000,2,1,2.006073,2.050720
1451,95.966000,2,3,2.057279,1.999376
1452,96.006000,2,0,2.866513,2.858407
1452,96.006000,2,1,2.067629,2.050720
1452,96.006000,2,3,2.034553,1.999376
1453,96.048000,2,0,2.902990,2.858407
1453,96.048000,2,1,2.067110,2.050720
1453,96.048000,2,3,1.825932,1.999376
1454,96.086000,2,0,2.882034,2.858407
1454,96.086000,2,1,2.104704,2.050719
1454,96.086000,2,3,1.973883,1.999376
1455,96.126000,2,0,2.799825,2.858407
1455,96.126000,2,1,2.110555,2.050719
1455,96.126000,2,3,2.053259,1.999376
1456,96.166000,2,0,2.741810,2.858407
1456,96.166000,2,1,2.237157,2.050719
1456,96.166000,2,3,1.960443,1.999376
1457,96.206000,2,0,2.876563,2.858407
1457,96.206000,2,1,2.103835,2.050719
1457,96.206000,2,3,2.018017,1.999376
1458,96.246000,2,0,2.906012,2.858407
1458,96.246000,2,1,1.995269,2.050719
1458,96.246000,2,3,1.975677,1.999376
1459,96.286000,2,0,2.886769,2.858407
1459,96.286000,2,1,2.005907,2.050718
1459,96.286000,2,3,2.056409,1.999376
1460,96.326000,2,0,2.863695,2.858407
1460,96.326000,2,1,1.942298,2.050718
1460,96.326000,2,3,1.912231,1.999375
1461,96.366000,2,0,2.733785,2.858407
1461,96.366000,2,1,2.027661,2.050718
1461,96.366000,2,3,1.982799,1.999375
1462,96.406000,2,0,2.848498,2.858407
1462,96.406000,2,1,1.999549,2.050718
1462,96.406000,2,3,1.924994,1.999375
1463,96.446000,2,0,2.838578,2.858407
1463,96.446000,2,1,2.053923,2.050718
1463,96.446000,2,3,1.943292,1.999375
1464,96.486000,2,0,2.847070,2.858407
1464,96.486000,2,1,2.112803,2.050718
1464,96.486000,2,3,2.108548,1.999375
1465,96.526000,2,0,2.918252,2.858407
1465,96.526000,2,1,1.992771,2.050717
1465,96.526000,2,3,2.025130,1.999375
1466,96.566000,2,0,2.940783,2.858407
1466,96.566000,2,1,2.110441,2.050717
1466,96.566000,2,3,2.107431,1.999375
1467,96.606000,2,0,2.756206,2.858407
1467,96.606000,2,1,2.122299,2.050717
1467,96.606000,2,3,1.839503,1.999375
1468,96.646000,2,0,2.931041,2.858407
1468,96.646000,2,1,2.148608,2.050717
1468,96.646000,2,3,2.080948,1.999375
1469,96.686000,2,0,2.943820,2.858407
1469,96.686000,2,1,2.071242,2.050717
1469,96.686000,2,3,1.930188,1.999375
1470,96.726000,2,0,3.011806,2.858407
1470,96.726000,2,1,1.887540,2.050717
1470,96.726000,2,3,2.097555,1.999375
1471,96.766000,2,0,2.915411,2.858407
1471,96.766000,2,1,1.996187,2.050716
1471,96.766000,2,3,2.091865,1.999375
1472,96.806000,2,0,2.806018,2.858407
1472,96.806000,2,1,2.139766,2.050716
1472,96.806000,2,3,2.087007,1.999375
1473,96.846000,2,0,2.793352,2.858407
1473,96.846000,2,1,2.204301,2.050716
1473,96.846000,2,3,1.968308,1.999375
1474,96.886000,2,0,2.714342,2.858407
1474,96.886000,2,1,2.166818,2.050716
1474,96.886000,2,3,2.184837,1.999375
1475,96.926000,2,0,2.955224,2.858407
1475,96.926000,2,1,1.970792,2.050716
1475,96.926000,2,3,1.946347,1.999375
1476,96.966000,2,0,2.931924,2.858407
1476,96.966000,2,1,1.920794,2.050715
1476,96.966000,2,3,2.209127,1.999375
1477,97.006000,2,0,2.833912,2.858407
1477,97.006000,2,1,2.058946,2.050715
1477,97.006000,2,3,2.013343,1.999375
1478,97.046000,2,0,2.821129,2.858407
1478,97.046000,2,1,2.052447,2.050715
1478,97.046000,2,3,1.952956,1.999375
1479,97.086000,2,0,2.960587,2.858407
1479,97.086000,2,1,1.976864,2.050715
1479,97.086000,2,3,1.895724,1.999375
1480,97.126000,2,0,2.836963,2.858407
1480,97.126000,2,1,1.979392,2.050715
1480,97.126000,2,3,2.006885,1.999375
1481,97.166000,2,0,2.889369,2.858407
1481,97.166000,2,1,2.129625,2.050715
1481,97.166000,2,3,1.884942,1.999375
1482,97.208000,2,0,2.941900,2.858407
1482,97.208000,2,1,2.206704,2.050714
1482,97.208000,2,3,2.040693,1.999375
1483,97.246000,2,0,2.794011,2.858407
1483,97.246000,2,1,2.097611,2.050714
1483,97.246000,2,3,1.971370,1.999375
1484,97.288000,2,0,2.865121,2.858407
1484,97.288000,2,1,1.900499,2.050714
1484,97.288000,2,3,1.840765,1.999375
1485,97.326000,2,0,2.821087,2.858407
1485,97.326000,2,1,1.971902,2.050714
1485,97.326000,2,3,2.010142,1.999374
1486,97.368000,2,0,2.820189,2.858407
1486,97.368000,2,1,2.122774,2.050714
1486,97.368000,2,3,2.165441,1.999374
1487,97.406000,2,0,2.806523,2.858407
1487,97.406000,2,1,2.103216,2.050713
1487,97.406000,2,3,1.951061,1.999374
1488,97.446000,2,0,2.911027,2.858408
1488,97.446000,2,1,2.002953,2.050713
1488,97.446000,2,3,1.876820,1.999374
1489,97.486000,2,0,2.814565,2.858408
1489,97.486000,2,1,2.116426,2.050713
1489,97.486000,2,3,2.054892,1.999374
1490,97.526000,2,0,2.879310,2.858408
1490,97.526000,2,1,2.114582,2.050713
1490,97.526000,2,3,1.909413,1.999374
1491,97.566000,2,0,2.874408,2.858408
1491,97.566000,2,1,2.042132,2.050713
1491,97.566000,2,3,2.019568,1.999374
1492,97.610000,2,0,2.899018,2.858408
1492,97.610000,2,1,2.052842,2.050713
1492,97.610000,2,3,1.921050,1.999374
1493,97.646000,2,0,2.855117,2.858408
1493,97.646000,2,1,1.916323,2.050712
1493,97.646000,2,3,1.953855,1.999374
1494,97.686000,2,0,2.895405,2.858408
1494,97.686000,2,1,2.177194,2.050712
1494,97.686000,2,3,1.995353,1.999374
1495,97.726000,2,0,2.924477,2.858408
1495,97.726000,2,1,2.021356,2.050712
1495,97.726000,2,3,1.877039,1.999374
1496,97.766000,2,0,2.807841,2.858408
1496,97.766000,2,1,2.221351,2.050712
1496,97.766000,2,3,2.036344,1.999374
1497,97.806000,2,0,2.808687,2.858408
1497,97.806000,2,1,1.884851,2.050712
1497,97.806000,2,3,2.040994,1.999374
1498,97.846000,2,0,2.972277,2.858408
1498,97.846000,2,1,2.079360,2.050711
1498,97.846000,2,3,1.977871,1.999374
1499,97.888000,2,0,2.821233,2.858408
1499,97.888000,2,1,1.963079,2.050711
1499,97.888000,2,3,1.973364,1.999373
1500,97.926000,2,0,2.853971,2.858408
1500,97.926000,2,1,2.024043,2.050711
1500,97.926000,2,3,1.888493,1.999373
1501,97.966000,2,0,2.895202,2.858408
1501,97.966000,2,1,1.860979,2.050711
1501,97.966000,2,3,1.999304,1.999373
1502,98.012000,2,0,2.840430,2.858408
1502,98.012000,2,1,2.163645,2.050711
1502,98.012000,2,3,1.997345,1.999373
1503,98.046000,2,0,2.890353,2.858408
1503,98.046000,2,1,2.105154,2.050711
1503,98.046000,2,3,1.966062,1.999373
1504,98.088000,2,0,2.770447,2.858408
1504,98.088000,2,1,2.033397,2.050710
1504,98.088000,2,3,2.106583,1.999373
1505,98.130000,2,0,2.813405,2.858408
1505,98.130000,2,1,2.006428,2.050710
1505,98.130000,2,3,1.941051,1.999373
1506,98.166000,2,0,2.799290,2.858408
1506,98.166000,2,1,2.034159,2.050710
1506,98.166000,2,3,1.984278,1.999373
1507,98.206000,2,0,2.782486,2.858408
1507,98.206000,2,1,2.071391,2.050710
1507,98.206000,2,3,1.895983,1.999373
1508,98.246000,2,0,2.760922,2.858408
1508,98.246000,2,1,2.010250,2.050710
1508,98.246000,2,3,1.884697,1.999373
1509,98.286000,2,0,2.841326,2.858408
1509,98.286000,2,1,2.005001,2.050710
1509,98.286000,2,3,1.930832,1.999373
1510,98.326000,2,0,2.810261,2.858408
1510,98.326000,2,1,1.920147,2.050709
1510,98.326000,2,3,2.095989,1.999373
1511,98.366000,2,0,2.857151,2.858408
1511,98.366000,2,1,2.092231,2.050709
1511,98.366000,2,3,1.964821,1.999373
1512,98.406000,2,0,2.983836,2.858408
1512,98.406000,2,1,2.035115,2.050709
1512,98.406000,2,3,2.068543,1.999373
1513,98.446000,2,0,2.809167,2.858408
1513,98.446000,2,1,2.109989,2.050709
1513,98.446000,2,3,1.919518,1.999372
1514,98.488000,2,0,2.836140,2.858408
1514,98.488000,2,1,2.041656,2.050709
1514,98.488000,2,3,1.928037,1.999372
1515,98.528000,2,0,2.843734,2.858408
1515,98.528000,2,1,2.099441,2.050708
1515,98.528000,2,3,2.166861,1.999372
1516,98.568000,2,0,2.875913,2.858408
1516,98.568000,2,1,1.961484,2.050708
1516,98.568000,2,3,2.060377,1.999372
1517,98.606000,2,0,2.953493,2.858408
1517,98.606000,2,1,2.074897,2.050708
1517,98.606000,2,3,2.038794,1.999372
1518,98.646000,2,0,2.903995,2.858408
1518,98.646000,2,1,1.997840,2.050708
1518,98.646000,2,3,1.966553,1.999372
1519,98.686000,2,0,2.711367,2.858408
1519,98.686000,2,1,2.144492,2.050708
1519,98.686000,2,3,1.799830,1.999372
1520,98.726000,2,0,2.806089,2.858408
1520,98.726000,2,1,2.094452,2.050708
1520,98.726000,2,3,1.996667,1.999372
1521,98.766000,2,0,2.813777,2.858408
1521,98.766000,2,1,1.977328,2.050707
1521,98.766000,2,3,2.055451,1.999372
1522,98.806000,2,0,2.764820,2.858408
1522,98.806000,2,1,2.089859,2.050707
1522,98.806000,2,3,2.037312,1.999372
1523,98.846000,2,0,2.832490,2.858408
1523,98.846000,2,1,1.971327,2.050707
1523,98.846000,2,3,1.758654,1.999372
1524,98.886000,2,0,2.792779,2.858408
1524,98.886000,2,1,1.950825,2.050707
1524,98.886000,2,3,2.031240,1.999372
1525,98.928000,2,0,2.804559,2.858408
1525,98.928000,2,1,2.125056,2.050707
1525,98.928000,2,3,2.114119,1.999372
1526,98.966000,2,0,2.889235,2.858408
1526,98.966000,2,1,2.035551,2.050707
1526,98.966000,2,3,2.122059,1.999371
1527,99.006000,2,0,2.844826,2.858408
1527,99.006000,2,1,2.077377,2.050706
1527,99.006000,2,3,1.914157,1.999371
1528,99.046000,2,0,2.948442,2.858408
1528,99.046000,2,1,2.103920,2.050706
1528,99.046000,2,3,1.860348,1.999371
1529,99.086000,2,0,2.827631,2.858408
1529,99.086000,2,1,2.059660,2.050706
1529,99.086000,2,3,2.150246,1.999371
1530,99.126000,2,0,2.703938,2.858408
1530,99.126000,2,1,2.047534,2.050706
1530,99.126000,2,3,1.877766,1.999371
1531,99.166000,2,0,2.805721,2.858408
1531,99.166000,2,1,2.075288,2.050706
1531,99.166000,2,3,2.085434,1.999371
1532,99.206000,2,0,2.789071,2.858408
1532,99.206000,2,1,2.169813,2.050706
1532,99.206000,2,3,2.006335,1.999371
1533,99.246000,2,0,2.850378,2.858408
1533,99.246000,2,1,1.985419,2.050705
1533,99.246000,2,3,1.992483,1.999371
1534,99.286000,2,0,2.709810,2.858408
1534,99.286000,2,1,1.975315,2.050705
1534,99.286000,2,3,2.192015,1.999371
1535,99.326000,2,0,2.900024,2.858408
1535,99.326000,2,1,2.016653,2.050705
1535,99.326000,2,3,2.012007,1.999371
1536,99.366000,2,0,2.754479,2.858408
1536,99.366000,2,1,2.072678,2.050705
1536,99.366000,2,3,2.029159,1.999371
1537,99.406000,2,0,2.881936,2.858408
1537,99.406000,2,1,2.152062,2.050705
1537,99.406000,2,3,1.929025,1.999371
1538,99.446000,2,0,2.945563,2.858408
1538,99.446000,2,1,2.108468,2.050704
1538,99.446000,2,3,2.017968,1.999371
1539,99.486000,2,0,2.949543,2.858408
1539,99.486000,2,1,2.001575,2.050704
1539,99.486000,2,3,2.042244,1.999370
1540,99.526000,2,0,2.724886,2.858408
1540,99.526000,2,1,2.242035,2.050704
1540,99.526000,2,3,1.902640,1.999370
1541,99.566000,2,0,2.813798,2.858408
1541,99.566000,2,1,1.970537,2.050704
1541,99.566000,2,3,1.945885,1.999370
1542,99.606000,2,0,2.846547,2.858408
1542,99.606000,2,1,2.053208,2.050704
1542,99.606000,2,3,2.037304,1.999370
1543,99.646000,2,0,2.871973,2.858409
1543,99.646000,2,1,2.151688,2.050704
1543,99.646000,2,3,2.083663,1.999370
1544,99.686000,2,0,2.861029,2.858409
1544,99.686000,2,1,1.912191,2.050703
1544,99.686000,2,3,1.940281,1.999370
1545,99.726000,2,0,2.944741,2.858409
1545,99.726000,2,1,1.954301,2.050703
1545,99.726000,2,3,2.069589,1.999370
