stamp,flow_imu_dt,flow_gt_dt,flow_x,flow_y,gyro_x,gyro_y,tof_raw,tof_noise,tof_meas,pz_meas,vx_body_raw,vy_body_raw,vx_noise_std,vy_noise_std,vx_noise,vy_noise,vx_body_meas,vy_body_meas,gt_vx_body,gt_vy_body,est_vx_body,est_vy_body,meas_minus_gt_vx,meas_minus_gt_vy,meas_minus_est_vx,meas_minus_est_vy,velocity_update_accepted,velocity_nis,attitude_update_enabled,recovery_update,dtheta_x,dtheta_y,dtheta_z,height_update_accepted
16.734000000,0.000000000,0.022000000,-0.000010524,0.000000000,0.000000000,0.000000000,0.200000003,0.000000000,0.000000000,0.004208357,-0.000000000,0.000000000,0.020000000,0.020000000,0.011855027,-0.012273145,0.011855027,-0.012273145,-0.013008439,0.003635939,-0.012686169,0.000278354,0.024863467,-0.015909084,0.024541197,-0.012551499,1,0.000379829,0,0,0.000000000,0.000000000,0.000000000,1
16.834000000,0.000000000,0.022000000,-0.000010524,0.000000000,0.000000000,0.000000000,0.200000003,0.000000000,0.000000000,0.004208357,-0.000000000,0.000000000,0.020000000,0.020000000,0.046796264,0.000750017,0.046796264,0.000750017,-0.012910482,0.004426307,0.011850120,-0.012270635,0.059706746,-0.003676290,0.034946144,0.013020652,1,1.738636774,0,0,0.000000000,0.000000000,0.000000000,1
16.932000000,0.000000000,0.018000000,-0.000010524,0.000000000,-0.000027910,-0.000262177,0.200000003,0.000000000,0.000000000,0.004208357,0.000000000,-0.000000000,0.020000000,0.020000000,0.038341537,0.028857481,0.038341537,0.028857481,-0.011839102,0.005372749,0.029035923,-0.005552755,0.050180639,0.023484732,0.009305613,0.034410236,1,1.844182865,0,0,0.000000000,0.000000000,0.000000000,1
17.032000000,0.000000000,0.020000000,-0.000010524,0.000000000,0.000504722,0.000004139,0.200000003,0.000000000,0.000000000,0.004208357,-0.000000000,0.000000000,0.020000000,0.020000000,-0.024406749,0.026034514,-0.024406749,0.026034514,-0.011388776,0.004006945,0.032565339,0.006804640,-0.013017972,0.022027569,-0.056972088,0.019229874,1,0.934849188,0,0,0.000000000,0.000000000,0.000000000,1
17.134000000,0.000000000,0.024000000,-0.000010524,0.000000000,-0.000560543,0.000536772,0.200000003,0.000000000,0.000000000,0.004208357,0.000000000,0.000000000,0.020000000,0.020000000,0.014048990,0.006117924,0.014048990,0.006117924,-0.012630479,0.003247709,-0.021152989,0.024825852,0.026679469,0.002870215,0.035201979,-0.018707928,1,0.389595767,0,0,0.000000000,0.000000000,0.000000000,1
17.234000000,0.000000000,0.022000000,-0.000010524,0.000000000,-0.000289874,0.000289695,0.200000003,0.000000000,0.000000000,0.004208357,0.000000000,0.000000000,0.020000000,0.020000000,0.010965689,0.037420909,0.010965689,0.037420909,-0.011604937,0.004046466,0.009617151,0.009147230,0.022570626,0.033374443,0.001348538,0.028273679,1,0.207073362,0,0,0.000000000,0.000000000,0.000000000,1
17.334000000,0.000000000,0.022000000,-0.000010524,0.000000000,-0.000289874,0.000023378,0.200000003,0.000000000,0.000000000,0.004208357,0.000000000,0.000000000,0.020000000,0.020000000,0.008025563,-0.023630027,0.008025563,-0.023630027,-0.011331280,0.003635165,0.008432252,0.035809029,0.019356843,-0.027265192,-0.000406689,-0.059439056,1,0.911252997,0,0,-0.000000000,-0.000000000,-0.000000000,1
17.432000000,0.000000000,0.022000000,-0.000010524,0.000000000,-0.000023558,-0.000242938,0.200000003,0.000000000,0.000000000,0.004208357,0.000000000,-0.000000000,0.020000000,0.020000000,0.013109829,-0.016032872,0.013109829,-0.016032872,-0.010621879,0.002496383,0.006988809,-0.018314742,0.023731708,-0.018529255,0.006121021,0.002281869,1,0.011306627,0,0,0.000000000,0.000000000,0.000000000,1
17.534000000,0.000000000,0.020000000,-0.000010524,0.000000000,-0.000289874,-0.000775570,0.200000003,0.000000000,0.000000000,0.004208357,0.000000000,-0.000000000,0.020000000,0.020000000,0.031761023,-0.036411416,0.031761023,-0.036411416,-0.010851860,0.002836560,0.010833358,-0.015593630,0.042612883,-0.039247976,0.020927665,-0.020817786,1,0.217155563,0,0,0.000000000,0.000000000,0.000000000,1
17.634000000,0.000000000,0.022000000,-0.000010524,0.000000000,0.000242758,0.000023378,0.200000003,0.000000000,0.000000000,0.004208357,-0.000000000,0.000000000,0.020000000,0.020000000,-0.023907378,-0.002759872,-0.023907378,-0.002759872,-0.010468910,0.002843655,0.027348303,-0.033960478,-0.013438468,-0.005603527,-0.051255681,0.031200605,1,0.927733636,0,0,0.000000000,0.000000000,0.000000000,1
17.734000000,0.000000000,0.022000000,-0.000010524,0.000000000,-0.000023558,0.000822327,0.200000003,0.000000000,0.000000000,0.004208357,0.000000000,0.000000000,0.020000000,0.020000000,0.016381968,0.022897078,0.016381968,0.022897078,-0.009674444,0.003109409,-0.019395733,-0.005635937,0.026056412,0.019787669,0.035777702,0.028533014,1,0.538909402,0,0,0.000000000,0.000000000,0.000000000,1
17.830000000,0.000000000,0.018000000,-0.000010524,0.000000000,-0.000023558,0.000023378,0.200000003,0.000000000,0.000000000,0.004208357,0.000000000,0.000000000,0.020000000,0.020000000,0.003153883,-0.024762810,0.003153883,-0.024762810,-0.010258340,0.002636351,0.010443212,0.018773297,0.013412223,-0.027399161,-0.007289330,-0.043536107,1,0.532462927,0,0,-0.000000000,-0.000000000,-0.000000000,1
17.932000000,0.000000000,0.020000000,-0.000010524,0.000000000,0.000242758,0.000023378,0.200000003,0.000000000,0.000000000,0.004208357,-0.000000000,0.000000000,0.020000000,0.020000000,0.039855687,-0.008004511,0.039855687,-0.008004511,-0.009398527,0.001794340,0.004829040,-0.020470928,0.049254213,-0.009798851,0.035026647,0.012466416,1,0.343973551,0,0,0.000000000,0.000000000,0.000000000,1
18.032000000,0.000000000,0.018000000,-0.000010524,0.000000000,-0.000023558,-0.000509254,0.200000003,0.000000000,0.000000000,0.004208357,0.000000000,-0.000000000,0.020000000,0.020000000,0.008745701,0.008713579,0.008745701,0.008713579,-0.009163917,0.001353029,0.035308781,-0.009479381,0.017909618,0.007360550,-0.026563080,0.018192960,1,0.267171627,0,0,0.000000000,0.000000000,0.000000000,1
18.134000000,0.000000000,0.020000000,-0.000010524,0.000000000,-0.000556190,0.001088643,0.200000003,0.000000000,0.000000000,0.004208357,0.000000000,0.000000000,0.020000000,0.020000000,0.027585011,0.024693921,0.027585011,0.024693921,-0.009061896,0.001062545,0.009245671,0.005423212,0.036646906,0.023631376,0.018339340,0.019270708,1,0.177040575,0,0,0.000000000,0.000000000,0.000000000,1
18.234000000,0.000000000,0.020000000,-0.000010524,0.000000000,-0.000021477,0.000560019,0.200000003,0.000000000,0.000000000,0.004208357,0.000000000,0.000000000,0.020000000,0.020000000,0.007722819,0.003979967,0.007722819,0.003979967,-0.007810680,-0.000412528,0.025860299,0.022713295,0.015533498,0.004392496,-0.018137481,-0.018733327,1,0.175056815,0,0,-0.000000000,-0.000000000,-0.000000000,1
18.334000000,0.000000000,0.022000000,-0.000010524,0.000000000,0.000244839,0.000027387,0.200000003,0.000000000,0.000000000,0.004208357,-0.000000000,0.000000000,0.020000000,0.020000000,0.029806491,-0.029347769,0.029806491,-0.029347769,-0.008259310,-0.001088951,0.007651718,0.004730322,0.038065800,-0.028258817,0.022154772,-0.034078091,1,0.424647008,0,0,0.000000000,0.000000000,0.000000000,1
18.434000000,0.000000000,0.020000000,-0.000010524,0.000000000,-0.000021477,-0.000505246,0.200000003,0.000000000,0.000000000,0.004208357,0.000000000,-0.000000000,0.020000000,0.020000000,0.013387473,0.001462886,0.013387473,0.001462886,-0.007544926,-0.001010863,0.027167637,-0.025344223,0.020932399,0.002473749,-0.013780164,0.026807108,1,0.233873709,0,0,0.000000000,0.000000000,0.000000000,1
18.534000000,0.000000000,0.020000000,-0.000010524,0.000000000,-0.000287794,0.000027387,0.200000003,0.000000000,0.000000000,0.004208357,0.000000000,0.000000000,0.020000000,0.020000000,-0.025491239,-0.017460891,-0.025491239,-0.017460891,-0.007752827,0.000521153,0.012708763,-0.000363882,-0.017738412,-0.017982044,-0.038200002,-0.017097009,1,0.450716840,0,0,-0.000000000,-0.000000000,-0.000000000,1
18.632000000,0.000000000,0.020000000,-0.000010524,0.000000000,0.000511155,-0.000238930,0.200000003,0.000000000,0.000000000,0.004208357,-0.000000000,-0.000000000,0.020000000,0.020000000,0.008231391,0.008990712,0.008231391,0.008990712,-0.008227925,0.000359366,-0.022650996,-0.016673133,0.016459316,0.008631345,0.030882388,0.025663844,1,0.427355202,0,0,0.000000000,0.000000000,0.000000000,1
18.734000000,0.000000000,0.020000000,-0.000010524,0.000000000,0.000511155,0.000027386,0.200000003,0.000000000,0.000000000,0.004208357,-0.000000000,0.000000000,0.020000000,0.020000000,-0.004643320,0.003987981,-0.004643320,0.003987981,-0.009559129,-0.000062687,0.002863037,0.007076117,0.004915809,0.004050668,-0.007506357,-0.003088137,1,0.016422986,0,0,-0.000000000,-0.000000000,-0.000000000,1
18.832000000,0.000000000,0.020000000,-0.000010524,0.000000000,-0.000021477,0.000027386,0.200000003,0.000000000,0.000000000,0.004208357,0.000000000,0.000000000,0.020000000,0.020000000,0.014226933,0.016995901,0.014226933,0.016995901,-0.010545239,0.000390391,-0.006131441,0.003591021,0.024772172,0.016605510,0.020358373,0.013404880,1,0.157406345,0,0,0.000000000,0.000000000,0.000000000,1
18.932000000,0.000000000,0.020000000,-0.000010524,0.000000000,-0.000287794,0.000560019,0.200000003,0.000000000,0.000000000,0.004208357,0.000000000,0.000000000,0.020000000,0.020000000,0.002329386,-0.022789092,0.002329386,-0.022789092,-0.011351297,0.001853885,0.009277993,0.016579335,0.013680684,-0.024642977,-0.006948607,-0.039368428,1,0.410996807,0,0,-0.000000000,-0.000000000,-0.000000000,1
19.034000000,0.000000000,0.020000000,-0.000010524,0.000000000,-0.000287794,0.000027386,0.200000003,0.000000000,0.000000000,0.004208357,0.000000000,0.000000000,0.020000000,0.020000000,0.028256294,-0.001722352,0.028256294,-0.001722352,-0.012814252,0.002852572,0.000015766,-0.019489206,0.041070546,-0.004574925,0.028240527,0.017766854,1,0.278257155,0,0,0.000000000,0.000000000,0.000000000,1
19.134000000,0.000000000,0.020000000,-0.000010524,0.000000000,0.000244839,-0.001037878,0.200000003,0.000000000,0.000000000,0.004208357,-0.000000000,-0.000000000,0.020000000,0.020000000,-0.017278153,-0.027359589,-0.017278153,-0.027359589,-0.012916877,0.004023154,0.024906478,-0.005319378,-0.004361276,-0.031382744,-0.042184631,-0.022040212,1,0.583262746,0,0,-0.000000000,-0.000000000,-0.000000000,1
19.234000000,0.000000000,0.022000000,-0.000010524,0.000000000,-0.000028475,0.000037973,0.200000003,0.000000000,0.000000000,0.004208357,0.000000000,0.000000000,0.020000000,0.020000000,0.013321819,0.011941768,0.013321819,0.011941768,-0.011616057,0.002634922,-0.014008867,-0.026313742,0.024937877,0.009306846,0.027330686,0.038255510,1,0.568890572,0,0,0.000000000,0.000000000,0.000000000,1
19.332000000,0.000000000,0.018000000,-0.000010524,0.000000000,-0.000028475,0.000037973,0.200000003,0.000000000,0.000000000,0.004208357,0.000000000,0.000000000,0.020000000,0.020000000,-0.005854645,0.018870838,-0.005854645,0.018870838,-0.011029735,0.002723981,0.008655359,0.008641346,0.005175090,0.016146858,-0.014510004,0.010229493,1,0.083684344,0,0,0.000000000,0.000000000,0.000000000,1
19.432000000,0.000000000,0.020000000,-0.000010524,0.000000000,-0.000028475,0.000037973,0.200000003,0.000000000,0.000000000,0.004208357,0.000000000,0.000000000,0.020000000,0.020000000,0.043755854,-0.031760873,0.043755854,-0.031760873,-0.010219647,0.002646212,-0.005954700,0.018029105,0.053975501,-0.034407086,0.049710554,-0.049789979,1,1.271241791,0,0,0.000000000,0.000000000,0.000000000,1
19.532000000,0.000000000,0.020000000,-0.000010523,-0.000000008,-0.000294791,-0.001293608,0.200000003,0.000000000,0.000000000,0.004208357,0.000000000,-0.000000000,0.020000000,0.020000000,-0.039986737,-0.005218828,-0.039986737,-0.005218828,-0.010208154,0.003302322,0.036396373,-0.025750376,-0.029778583,-0.008521150,-0.076383109,0.020531547,1,1.612484041,0,0,0.000000000,0.000000000,0.000000000,1
19.634000000,0.000000000,0.026000000,-0.000010523,-0.000000010,-0.000028475,0.000037973,0.200000003,0.000000000,0.000000000,0.004208357,0.000000000,0.000000000,0.020000000,0.020000000,0.005226180,0.005214073,0.005226180,0.005214073,-0.009856818,0.002958504,-0.031262468,-0.005967707,0.015082998,0.002255569,0.036488649,0.011181780,1,0.363593746,0,0,0.000000000,0.000000000,0.000000000,1
19.730000000,0.000000000,0.020000000,-0.000010523,-0.000000010,0.000237841,-0.000494659,0.200000003,0.000000000,0.000000000,0.004208357,-0.000000000,-0.000000000,0.020000000,0.020000000,0.003047775,0.002093872,0.003047775,0.002093872,-0.008881353,0.004370034,-0.000518944,0.006641597,0.011929128,-0.002276162,0.003566719,-0.004547725,1,0.009156961,0,0,0.000000000,0.000000000,0.000000000,1
19.834000000,0.000000000,0.026000000,-0.000010523,-0.000000010,0.000504157,0.000037973,0.200000003,0.000000000,0.000000000,0.004208357,-0.000000000,0.000000000,0.020000000,0.020000000,0.023457974,-0.026519986,0.023457974,-0.026519986,-0.009493938,0.005717144,-0.000252350,0.002937374,0.032951912,-0.032237129,0.023710324,-0.029457360,1,0.345469711,0,0,0.000000000,0.000000000,0.000000000,1
19.932000000,0.000000000,0.020000000,-0.000010523,-0.000000010,0.000504157,-0.000494660,0.200000003,0.000000000,0.000000000,0.004208357,-0.000000000,-0.000000000,0.020000000,0.020000000,0.038629325,-0.030706418,0.038629325,-0.030706418,-0.009873542,0.006234068,0.020115272,-0.021240043,0.048502867,-0.036940487,0.018514053,-0.009466375,1,0.115052568,0,0,0.000000000,0.000000000,0.000000000,1
20.034000000,0.000000000,0.020000000,-0.000011117,-0.000000017,0.000237841,0.000304289,0.200000003,0.000000000,0.000000000,0.004208357,-0.000000000,0.000000000,0.020000000,0.020000000,0.017331606,0.004150753,0.017331606,0.004150753,-0.009330520,0.007662386,0.035185284,-0.027560188,0.026662126,-0.003511634,-0.017853678,0.031710940,1,0.331159750,0,0,0.000000000,0.000000000,0.000000000,1
20.134000000,0.000000000,0.020000000,-0.000012587,-0.000000002,-0.000294791,0.000037973,0.200000003,0.000000000,0.000000000,0.004208357,0.000000000,0.000000000,0.020000000,0.020000000,-0.009107006,-0.003241141,-0.009107006,-0.003241141,-0.007767043,0.008182558,0.017384352,0.002914570,-0.001339963,-0.011423699,-0.026491358,-0.006155711,1,0.190700304,0,0,-0.000000000,-0.000000000,-0.000000000,1
20.234000000,0.000000000,0.020000000,-0.000012390,0.000000001,0.000510157,0.000843192,0.200000003,0.000000000,0.000000000,0.004208357,-0.000000000,0.000000000,0.020000000,0.020000000,0.009651758,-0.019684704,0.009651758,-0.019684704,-0.008724743,0.008300880,-0.008147319,-0.005009929,0.018376501,-0.027985584,0.017799077,-0.014674775,1,0.136905655,0,0,0.000000000,0.000000000,0.000000000,1
20.332000000,0.000000000,0.020000000,-0.000011106,0.000000006,-0.000288792,-0.000222072,0.200000003,0.000000000,0.000000000,0.004208357,0.000000000,-0.000000000,0.020000000,0.020000000,0.020072634,0.032080504,0.020072634,0.032080504,-0.006848828,0.007435706,0.007715374,-0.018592094,0.026921462,0.024644797,0.012357260,0.050672598,1,0.721271756,0,0,0.000000000,0.000000000,0.000000000,1
20.432000000,0.000000000,0.020000000,-0.000012350,-0.000000003,-0.000022475,0.000576876,0.200000003,0.000000000,0.000000000,0.004208357,0.000000000,0.000000000,0.020000000,0.020000000,-0.011320496,-0.028517164,-0.011320496,-0.028517164,-0.007521459,0.007360368,0.015820295,0.025467155,-0.003799036,-0.035877532,-0.027140791,-0.053984319,1,0.939987120,0,0,-0.000000000,-0.000000000,-0.000000000,1
20.534000000,0.000000000,0.022000000,-0.000012650,0.000000001,0.000243841,-0.000222073,0.200000003,0.000000000,0.000000000,0.004208357,-0.000000000,-0.000000000,0.020000000,0.020000000,0.010027466,-0.012670648,0.010027466,-0.012670648,-0.008021114,0.006946169,-0.009792427,-0.021370086,0.018048580,-0.019616817,0.019819893,0.008699438,1,0.117071743,0,0,0.000000000,0.000000000,0.000000000,1
20.632000000,0.000000000,0.018000000,-0.000010954,-0.000000002,-0.000022475,0.000576876,0.200000003,0.000000000,0.000000000,0.004208357,0.000000000,0.000000000,0.020000000,0.020000000,-0.040843310,0.019717436,-0.040843310,0.019717436,-0.007081216,0.005162430,0.005700146,-0.013609400,-0.033762094,0.014555006,-0.046543457,0.033326836,1,0.872655552,0,0,0.000000000,0.000000000,0.000000000,1
20.734000000,0.000000000,0.020000000,-0.000012343,-0.000000003,-0.000022475,-0.000488389,0.200000003,0.000000000,0.000000000,0.004208357,0.000000000,-0.000000000,0.020000000,0.020000000,-0.021508405,-0.034977702,-0.021508405,-0.034977702,-0.006242469,0.004525371,-0.036216933,0.017288556,-0.015265936,-0.039503074,0.014708528,-0.052266258,1,0.737720810,0,0,0.000000000,0.000000000,0.000000000,1
20.834000000,0.000000000,0.020000000,-0.000012647,0.000000001,-0.000022475,0.000576876,0.200000003,0.000000000,0.000000000,0.004208357,0.000000000,0.000000000,0.020000000,0.020000000,-0.025325401,-0.021191083,-0.025325401,-0.021191083,-0.004971587,0.004161494,-0.024268683,-0.028472510,-0.020353815,-0.025352577,-0.001056718,0.007281427,1,0.013988806,0,0,0.000000000,0.000000000,0.000000000,1
20.934000000,0.000000000,0.022000000,-0.000010979,-0.000000001,0.000243841,-0.000488389,0.200000003,0.000000000,0.000000000,0.004208357,-0.000000000,-0.000000000,0.020000000,0.020000000,-0.037886611,-0.018140792,-0.037886611,-0.018140792,-0.007084333,0.004166194,-0.029660339,-0.021896438,-0.030802278,-0.022306986,-0.008226272,0.003755646,1,0.021047583,0,0,0.000000000,0.000000000,0.000000000,1
21.032000000,0.000000000,0.020000000,-0.000012325,-0.000000003,-0.000022476,0.000310560,0.200000003,0.000000000,0.000000000,0.004208357,0.000000000,0.000000000,0.020000000,0.020000000,0.002778651,-0.002104385,0.002778651,-0.002104385,-0.007530540,0.004486446,-0.038068346,-0.018198562,0.010309191,-0.006590831,0.040846997,0.016094177,1,0.511158048,0,0,0.000000000,0.000000000,0.000000000,1
21.132000000,0.000000000,0.018000000,-0.000012541,0.000000002,-0.000022475,-0.000488389,0.200000003,0.000000000,0.000000000,0.004208357,0.000000000,-0.000000000,0.020000000,0.020000000,-0.014066389,0.025047843,-0.014066389,0.025047843,-0.008137408,0.004496935,-0.004119946,-0.001646999,-0.005928980,0.020550908,-0.009946443,0.026694842,1,0.209249105,0,0,0.000000000,0.000000000,0.000000000,1
21.234000000,0.000000000,0.020000000,-0.000010710,-0.000000003,-0.000547655,0.000583434,0.200000003,0.000000000,0.000000000,0.004208357,0.000000000,0.000000000,0.020000000,0.020000000,-0.003811737,-0.006115695,-0.003811737,-0.006115695,-0.008195393,0.004444847,-0.015323104,0.022367718,0.004383656,-0.010560542,0.011511367,-0.028483412,1,0.236462207,0,0,0.000000000,0.000000000,0.000000000,1
21.334000000,0.000000000,0.022000000,-0.000012429,-0.000000001,-0.000281338,0.000050802,0.200000003,0.000000000,0.000000000,0.004208357,0.000000000,0.000000000,0.020000000,0.020000000,0.028417252,-0.012255845,0.028417252,-0.012255845,-0.008767568,0.002981403,-0.005035125,-0.003751989,0.037184821,-0.015237248,0.033452377,-0.008503856,1,0.307172896,0,0,0.000000000,0.000000000,0.000000000,1
21.434000000,0.000000000,0.020000000,-0.000010774,-0.000000006,0.001316558,0.000317118,0.200000003,0.000000000,0.000000000,0.004208357,-0.000000000,0.000000000,0.020000000,0.020000000,0.020170379,-0.004950095,0.020170379,-0.004950095,-0.008523246,0.003925512,0.022503001,-0.008428158,0.028693625,-0.008875606,-0.002332622,0.003478063,1,0.004511599,0,0,0.000000000,0.000000000,0.000000000,1
21.534000000,0.000000000,0.020000000,-0.000012096,0.000000004,-0.000015022,0.000849750,0.200000003,0.000000000,0.000000000,0.004208357,0.000000000,0.000000000,0.020000000,0.020000000,-0.000188966,-0.010214796,-0.000188966,-0.010214796,-0.008975128,0.004005072,0.019597885,-0.005354226,0.008786162,-0.014219868,-0.019786851,-0.004860570,1,0.106798500,0,0,-0.000000000,-0.000000000,-0.000000000,1
21.634000000,0.000000000,0.020000000,-0.000011977,-0.000000004,0.000251294,0.000050802,0.200000003,0.000000000,0.000000000,0.004208357,-0.000000000,0.000000000,0.020000000,0.020000000,-0.024763474,-0.003346439,-0.024763474,-0.003346439,-0.008355517,0.005290232,0.000241188,-0.007241758,-0.016407958,-0.008636671,-0.025004662,0.003895319,1,0.164774757,0,0,0.000000000,0.000000000,0.000000000,1
21.734000000,0.000000000,0.022000000,-0.000011615,0.000000010,0.000251294,0.000050802,0.200000003,0.000000000,0.000000000,0.004208357,-0.000000000,0.000000000,0.020000000,0.020000000,0.037066703,0.009874041,0.037066703,0.009874041,-0.009058016,0.004550351,-0.024859911,-0.005782344,0.046124719,0.005323690,0.061926614,0.015656385,1,1.048854930,0,0,0.000000000,0.000000000,0.000000000,1
21.834000000,0.000000000,0.020000000,-0.000011751,0.000000001,-0.000813971,-0.000481830,0.200000003,0.000000000,0.000000000,0.004208357,0.000000000,-0.000000000,0.020000000,0.020000000,-0.015729435,-0.007035545,-0.015729435,-0.007035545,-0.007820781,0.004211924,0.029082795,0.009060307,-0.007908654,-0.011247469,-0.044812230,-0.016095852,1,0.582755591,0,0,-0.000000000,-0.000000000,-0.000000000,1
21.932000000,0.000000000,0.020000000,-0.000011508,-0.000000001,-0.000281338,0.000583434,0.200000003,0.000000000,0.000000000,0.004208357,0.000000000,0.000000000,0.020000000,0.020000000,0.008249296,-0.042232210,0.008249296,-0.042232210,-0.007051254,0.003956190,-0.011032139,-0.005892276,0.015300550,-0.046188400,0.019281435,-0.036339934,1,0.448274779,0,0,0.000000000,0.000000000,0.000000000,1
22.034000000,0.000000000,0.020000000,-0.000011214,-0.000000003,-0.000547655,-0.000481830,0.200000003,0.000000000,0.000000000,0.004208357,0.000000000,-0.000000000,0.020000000,0.020000000,-0.001987761,0.016545450,-0.001987761,0.016545450,-0.006404671,0.003941705,0.006646794,-0.036687159,0.004416910,0.012603745,-0.008634555,0.053232609,1,0.729087867,0,0,0.000000000,0.000000000,0.000000000,1
22.132000000,0.000000000,0.018000000,-0.000010859,0.000000003,-0.000015022,0.000050802,0.200000003,0.000000000,0.000000000,0.004208357,0.000000000,0.000000000,0.020000000,0.020000000,0.023715796,0.022416556,0.023715796,0.022416556,-0.006455246,0.004194240,-0.001905663,0.011888114,0.030171042,0.018222317,0.025621459,0.010528443,1,0.203422215,0,0,0.000000000,0.000000000,0.000000000,1
22.234000000,0.000000000,0.020000000,-0.000009922,-0.000000005,-0.000278964,-0.000741039,0.200000003,0.000000000,0.000000000,0.004208357,0.000000000,-0.000000000,0.020000000,0.020000000,0.002368684,0.015848197,0.002368684,0.015848197,-0.005909781,0.004203141,0.021057083,0.020902557,0.008278465,0.011645056,-0.018688399,-0.005054360,1,0.093637727,0,0,-0.000000000,-0.000000000,-0.000000000,1
22.332000000,0.000000000,0.020000000,-0.000009383,-0.000000025,-0.000012648,-0.001007355,0.200000003,0.000000000,0.000000000,0.004208357,0.000000000,-0.000000000,0.020000000,0.020000000,-0.001503437,0.008095489,-0.001503437,0.008095489,-0.006244935,0.004312682,0.001095879,0.015296466,0.004741498,0.003782807,-0.002599315,-0.007200976,1,0.015537920,0,0,-0.000000000,-0.000000000,-0.000000000,1
22.432000000,0.000000000,0.020000000,-0.000009316,0.000000002,-0.000012648,0.000057910,0.200000003,0.000000000,0.000000000,0.004208357,0.000000000,0.000000000,0.020000000,0.020000000,0.014209343,0.003044423,0.014209343,0.003044423,-0.005473027,0.002412099,-0.001282851,0.007198338,0.019682369,0.000632324,0.015492194,-0.004153915,1,0.066203112,0,0,0.000000000,0.000000000,0.000000000,1
22.532000000,0.000000000,0.020000000,-0.000008448,0.000000001,-0.000012648,-0.000474723,0.200000003,0.000000000,0.000000000,0.004208357,0.000000000,-0.000000000,0.020000000,0.020000000,0.017234513,0.022574377,0.017234513,0.022574377,-0.005697005,0.000933837,0.010170068,0.003466576,0.022931518,0.021640539,0.007064446,0.019107800,1,0.106688119,0,0,0.000000000,0.000000000,0.000000000,1
22.632000000,0.000000000,0.018000000,-0.000007853,-0.000000010,-0.000278964,-0.000208407,0.200000003,0.000000000,0.000000000,0.004208357,0.000000000,-0.000000000,0.020000000,0.020000000,-0.014051953,0.019725024,-0.014051953,0.019725024,-0.005929536,0.001052296,0.015089893,0.021061168,-0.008122416,0.018672728,-0.029141846,-0.001336143,1,0.218823616,0,0,-0.000000000,-0.000000000,-0.000000000,1
22.730000000,0.000000000,0.018000000,-0.000007151,-0.000000021,-0.000012648,-0.000474723,0.200000003,0.000000000,0.000000000,0.004208357,0.000000000,-0.000000000,0.020000000,0.020000000,0.020119733,-0.049960340,0.020119733,-0.049960340,-0.005407470,0.000127154,-0.011717286,0.019683693,0.025527204,-0.050087494,0.031837020,-0.069644033,1,1.553579869,0,0,0.000000000,0.000000000,0.000000000,1
22.832000000,0.000000000,0.020000000,-0.000006420,0.000000241,-0.000278964,-0.000741039,0.200000003,0.000000000,0.000000000,0.004208357,0.000000000,-0.000000000,0.020000000,0.020000000,0.023224831,-0.045082865,0.023224831,-0.045082865,-0.004594391,0.000012979,0.015881135,-0.042234180,0.027819222,-0.045095844,0.007343696,-0.002848685,1,0.015456943,0,0,0.000000000,0.000000000,0.000000000,1
22.930000000,0.000000000,0.024000000,-0.000006125,-0.000000035,0.000253668,0.000590542,0.200000003,0.000000000,0.000000000,0.004208357,-0.000000000,0.000000000,0.020000000,0.020000000,0.005058868,0.020423529,0.005058868,0.020423529,-0.004074688,0.000193841,0.020752956,-0.044655202,0.009133556,0.020229688,-0.015694088,0.065078731,1,1.193189438,0,0,0.000000000,0.000000000,0.000000000,1
23.034000000,0.000000000,0.028000000,-0.000005827,-0.000000040,0.000519984,0.000057909,0.200000003,0.000000000,0.000000000,0.004208357,-0.000000000,0.000000000,0.020000000,0.020000000,0.016308773,0.023178554,0.016308773,0.023178554,-0.003277697,0.000027959,0.004328165,0.013698911,0.019586470,0.023150594,0.011980608,0.009479643,1,0.056561033,0,0,0.000000000,0.000000000,0.000000000,1
23.132000000,0.000000000,0.020000000,-0.000005423,-0.000000028,-0.000811597,-0.000474723,0.200000003,0.000000000,0.000000000,0.004208357,0.000000000,-0.000000000,0.020000000,0.020000000,0.015202097,-0.014443711,0.015202097,-0.014443711,-0.001959042,-0.000197042,0.015097631,0.022817766,0.017161139,-0.014246669,0.000104466,-0.037261477,1,0.369357696,0,0,0.000000000,0.000000000,0.000000000,1
23.234000000,0.000000000,0.028000000,-0.000004937,0.000000172,-0.000277574,0.001397929,0.200000003,0.000000000,0.000000000,0.004208357,0.000000000,0.000000000,0.020000000,0.020000000,0.016198479,0.019443888,0.016198479,0.019443888,-0.002837200,0.000218264,0.011854164,-0.008583743,0.019035679,0.019225624,0.004344315,0.028027631,1,0.200301815,0,0,0.000000000,0.000000000,0.000000000,1
23.332000000,0.000000000,0.018000000,-0.000004578,-0.000000033,-0.000543890,-0.000466284,0.200000003,0.000000000,0.000000000,0.004208357,0.000000000,-0.000000000,0.020000000,0.020000000,0.021566199,0.016147963,0.021566199,0.016147963,-0.002129094,0.000364174,0.012795482,0.016806039,0.023695294,0.015783789,0.008770717,-0.000658076,1,0.020512310,0,0,0.000000000,0.000000000,0.000000000,1
23.432000000,0.000000000,0.018000000,-0.000004077,0.000000068,-0.000277574,0.000332664,0.200000003,0.000000000,0.000000000,0.004208357,0.000000000,0.000000000,0.020000000,0.020000000,0.005151809,-0.024868027,0.005151809,-0.024868027,-0.002257651,0.001027154,0.020052988,0.016927233,0.007409460,-0.025895180,-0.014901179,-0.041795260,1,0.505673053,0,0,-0.000000000,-0.000000000,-0.000000000,1
23.532000000,0.000000000,0.020000000,-0.000003682,0.000000050,-0.000277574,0.000332664,0.200000003,0.000000000,0.000000000,0.004208357,0.000000000,0.000000000,0.020000000,0.020000000,-0.000190062,-0.003881239,-0.000190062,-0.003881239,-0.001959460,0.000698698,0.005018587,-0.021795322,0.001769398,-0.004579937,-0.005208649,0.017914083,1,0.089475843,0,0,0.000000000,0.000000000,0.000000000,1
23.632000000,0.000000000,0.018000000,-0.000003022,-0.000000009,-0.000011258,0.000066348,0.200000003,0.000000000,0.000000000,0.004208357,0.000000000,0.000000000,0.020000000,0.020000000,-0.019672186,-0.000039841,-0.019672186,-0.000039841,-0.001181020,0.000410388,0.000175843,-0.004886439,-0.018491167,-0.000450229,-0.019848029,0.004846598,1,0.107474373,0,0,0.000000000,0.000000000,0.000000000,1
23.732000000,0.000000000,0.018000000,-0.004856230,-0.001470926,-0.001342837,0.008055833,0.200000003,0.000000000,0.000000000,0.004208357,-0.000000000,0.000000000,0.020000000,0.020000000,-0.001463843,0.019556122,-0.001463843,0.019556122,-0.001025056,0.001122059,-0.020208861,0.000702696,-0.000438787,0.018434063,0.018745018,0.018853426,1,0.176458713,0,0,0.000000000,0.000000000,0.000000000,1
23.832000000,0.000000000,0.020000000,-0.001044822,0.001564428,0.002651907,0.003528459,0.200000003,0.000000000,0.000000000,0.004208357,-0.000000000,0.000000000,0.020000000,0.020000000,0.013266388,-0.002583416,0.013266388,-0.002583416,-0.000910030,0.002733249,-0.003545320,0.019353117,0.014176419,-0.005316665,0.016811709,-0.021936533,1,0.179750093,0,0,0.000000000,0.000000000,0.000000000,1
23.932000000,0.000000000,0.020000000,0.015319493,0.004616468,0.003983483,-0.004993656,0.200000003,0.000000000,0.000000000,0.004208357,0.000000000,-0.000000000,0.020000000,0.020000000,0.028131371,0.018480134,0.028131371,0.018480134,-0.000118088,0.004098498,0.010298362,0.000031536,0.028249459,0.014381636,0.017833009,0.018448598,1,0.151175292,0,0,0.000000000,0.000000000,0.000000000,1
24.032000000,0.000000000,0.020000000,0.026040704,-0.001380352,-0.000011258,-0.006591555,0.200000003,0.000000000,0.000000000,0.004208357,0.000000000,-0.000000000,0.020000000,0.020000000,-0.005621996,0.024982315,-0.005621996,0.024982315,0.000295503,0.003231926,0.024817499,0.017217633,-0.005917499,0.021750389,-0.030439495,0.007764683,1,0.324725404,1,0,-0.000647402,-0.002536683,-0.000000715,1
24.134000000,0.000000000,0.022000000,0.032965506,-0.007087669,-0.001609157,-0.010852613,0.200000003,0.000000000,0.000000000,0.004208357,0.000000000,-0.000000000,0.020000000,0.020000000,0.004430591,-0.007212597,0.004430591,-0.007212597,0.002733451,0.003706688,-0.009299279,0.027563278,0.001697140,-0.010919285,0.013729870,-0.034775875,1,0.471101180,1,0,0.002435095,0.000961331,-0.000006771,1
24.234000000,0.000000000,0.020000000,0.031541780,-0.010601740,-0.000808778,-0.008719116,0.200000003,0.000000000,0.000000000,0.004208357,0.000000000,-0.000000000,0.020000000,0.020000000,-0.009947000,-0.004483743,-0.009947000,-0.004483743,0.003729887,0.003100383,0.002282469,-0.012982477,-0.013676887,-0.007584126,-0.012229469,0.008498734,1,0.087946875,1,0,-0.001494191,-0.002149703,0.000007935,1
24.334000000,0.000000000,0.020000000,0.025747617,-0.013521531,-0.002406675,-0.002327529,0.200000003,0.000000000,0.000000000,0.004208357,0.000000000,-0.000000000,0.020000000,0.020000000,0.009026037,-0.038373249,0.009026037,-0.038373249,0.002466699,0.002435478,-0.018689343,-0.004726323,0.006559338,-0.040808728,0.027715380,-0.033646927,1,0.853756057,1,0,0.002020668,0.001664530,-0.000011486,1
24.434000000,0.000000000,0.020000000,0.010982775,-0.015084225,-0.003205623,-0.002327528,0.200000003,0.000000000,0.000000000,0.004208357,0.000000000,-0.000000000,0.020000000,0.020000000,-0.016538124,-0.012843486,-0.016538124,-0.012843486,0.001805136,0.002140366,0.004932473,-0.042795466,-0.018343260,-0.014983853,-0.021470597,0.029951979,1,0.690134158,1,0,-0.002127975,-0.001524952,0.000011669,1
24.534000000,0.000000000,0.020000000,-0.001286282,-0.015350978,-0.002672991,0.000601950,0.200000003,0.000000000,0.000000000,0.004208357,0.000000000,-0.000000000,0.020000000,0.020000000,0.011597443,0.000402670,0.011597443,0.000402670,0.000508594,0.001832677,-0.023316823,-0.008747797,0.011088849,-0.001430007,0.034914266,0.009150467,1,0.693136743,1,0,-0.000663557,0.002532498,0.000006262,1
24.632000000,0.000000000,0.020000000,-0.009796436,-0.011251402,-0.002406675,-0.000463314,0.238320172,-0.017226703,0.221093469,0.225301826,-0.001633828,-0.002590047,0.020000667,0.020001677,0.011381078,-0.004606841,0.009747251,-0.007196888,-0.000979500,0.001548608,0.009841802,0.001077115,0.010726750,-0.008745496,-0.000094551,-0.008274003,1,0.039646193,1,0,0.002617809,-0.000029821,-0.000008901,1
24.734000000,0.000000000,0.022000000,-0.015144325,-0.008151012,-0.001607727,0.000069318,0.286011368,-0.068779519,0.217231849,0.221440206,-0.002940580,-0.001755601,0.020002162,0.020000771,-0.035704514,-0.010143584,-0.038645094,-0.011899186,-0.002938014,0.000858116,0.004626690,-0.008517776,-0.035707081,-0.012757302,-0.043271784,-0.003381410,1,1.168876186,1,0,0.000204035,-0.002610031,0.000001302,1
24.834000000,0.000000000,0.020000000,-0.020498799,-0.005786520,0.000256487,0.002466163,0.368548632,-0.020391211,0.348157421,0.352365778,-0.007226107,-0.001156007,0.020013050,0.020000334,-0.013488224,-0.001436018,-0.020714331,-0.002592025,-0.004484682,0.002659195,-0.044603782,-0.010217017,-0.016229649,-0.005251220,0.023889451,0.007624992,1,0.479675420,1,0,-0.000796098,0.002494016,0.000002587,1
24.934000000,0.000000000,0.020000000,-0.021855844,0.003135213,0.004783860,0.004863008,0.463712305,0.005313526,0.469025830,0.473234187,-0.012494709,0.003751372,0.020038991,0.020003518,-0.007106415,0.001433720,-0.019601124,0.005185092,-0.007229553,0.003723735,-0.028104589,-0.004133613,-0.012371571,0.001461357,0.008503465,0.009318705,1,0.127118417,1,0,-0.001934881,0.001763548,0.000005168,1
25.034000000,0.000000000,0.020000000,-0.023240049,0.004524736,0.002387014,0.001134583,0.491922975,0.105808589,0.597731563,0.601939920,-0.015318105,0.003382753,0.020058575,0.020002861,0.004678303,0.018128815,-0.010639802,0.021511568,-0.007709980,0.005482421,-0.022335735,0.006224914,-0.002929822,0.016029147,0.011695933,0.015286654,1,0.320401213,1,0,-0.002080696,0.001588893,0.000003876,1
25.136000000,0.000000000,0.024000000,-0.016011339,0.002513377,0.000256486,-0.001528579,0.585106015,-0.084099395,0.501006621,0.505214978,-0.008150288,0.000493390,0.020016600,0.020000061,-0.012684796,-0.020960118,-0.020835084,-0.020466728,-0.008319243,0.006650647,-0.014245379,0.021801737,-0.012515841,-0.027117375,-0.006589705,-0.042268466,1,1.772360342,1,0,0.002586740,-0.000403321,0.000000135,1
25.232000000,0.000000000,0.020000000,-0.017914562,0.003261111,-0.000005395,0.000071954,0.615343630,-0.016540363,0.598803267,0.603011624,-0.010724068,0.001995851,0.020028731,0.020000996,-0.043015569,0.021271777,-0.053739637,0.023267628,-0.010136497,0.006690048,-0.021564553,-0.008591612,-0.043603139,0.016577580,-0.032175084,0.031859240,1,2.218069285,1,0,-0.001843347,-0.001859022,-0.000000980,1
25.332000000,0.000000000,0.022000000,-0.020810414,-0.002101658,-0.002668557,0.003800380,0.708253384,-0.056563543,0.651689840,0.655898197,-0.011822864,0.001107040,0.020034915,0.020000306,0.001683980,-0.065018637,-0.010138885,-0.063911596,-0.012214095,0.005929782,-0.046112838,0.013250256,0.002075210,-0.069841379,0.035973954,-0.077161853,1,8.188719823,1,0,0.002373456,0.001104807,-0.000000798,1
25.432000000,0.000000000,0.020000000,-0.021955222,-0.002703405,-0.003467504,0.003800381,0.836955249,0.008091249,0.845046498,0.849254855,-0.015622981,0.000926996,0.020060927,0.020000215,-0.005165633,0.024177723,-0.020788615,0.025104719,-0.013080056,0.005369177,-0.024147769,-0.038520827,-0.007708558,0.019735542,0.003359154,0.063625546,1,4.748367256,1,0,-0.002614358,0.000137932,-0.000000302,1
25.534000000,0.000000000,0.022000000,-0.015119013,-0.000930961,-0.000271711,-0.001259626,0.906401515,0.046618340,0.953019855,0.957228212,-0.014149774,-0.002087673,0.020049992,0.020001090,-0.021674657,0.030779895,-0.035824430,0.028692222,-0.012694788,0.004446428,-0.022562477,0.005238098,-0.023129642,0.024245794,-0.013261954,0.023454124,1,0.867648700,1,0,-0.002280204,-0.001286289,-0.000004757,1
25.634000000,0.000000000,0.020000000,-0.011910671,0.000901210,-0.000005395,-0.000726994,0.984863758,0.027574514,1.012438272,1.016646629,-0.012053357,0.000176383,0.020036288,0.020000008,0.039072183,-0.019844640,0.027018825,-0.019668257,-0.012450396,0.004020346,-0.032845979,0.022139033,0.039469221,-0.023688604,0.059864805,-0.041807290,1,6.572634180,1,0,0.001500942,0.002144986,0.000009845,1
25.732000000,0.000000000,0.020000000,-0.010558944,-0.000414788,-0.005065401,-0.000194361,1.000927091,0.044029313,1.044956404,1.049164761,-0.005740512,-0.000636534,0.020008237,0.020000101,0.009875026,-0.035483587,0.004134513,-0.036120121,-0.013177611,0.002123480,0.001646497,-0.000025986,0.017312124,-0.038243601,0.002488016,-0.036094135,1,1.695315894,1,0,0.002611820,0.000179658,0.000003203,1
25.834000000,0.000000000,0.020000000,-0.014332276,-0.002055303,-0.002934872,0.002468799,1.054110289,0.056017607,1.110127896,1.114336253,-0.012652576,0.000459034,0.020039982,0.020000053,-0.006872469,0.018688649,-0.019525046,0.019147683,-0.014456408,0.002554643,0.001491134,-0.016912721,-0.005068637,0.016593040,-0.021016179,0.036060404,1,2.310522339,1,0,-0.002263351,-0.001315714,-0.000005357,1
25.934000000,0.000000000,0.022000000,-0.016874605,0.001843378,0.001326186,0.003534064,1.098771811,0.033159319,1.131931129,1.136139486,-0.020602042,0.006086894,0.020105831,0.020009260,0.006564568,-0.017113884,-0.014037474,-0.011026990,-0.014047689,0.002364118,-0.010723774,0.005670072,0.000010215,-0.013391108,-0.003313700,-0.016697062,1,0.398491160,1,0,0.002030162,-0.000402137,-0.000000903,1
26.034000000,0.000000000,0.020000000,-0.011201849,0.001789722,-0.002135925,-0.001259626,1.214992762,0.021883763,1.236876525,1.241084882,-0.011213430,0.000655663,0.020031411,0.020000107,0.027992579,-0.022360870,0.016779149,-0.021705207,-0.013648065,0.001210099,-0.013191321,-0.001213925,0.030427214,-0.022915305,0.029970470,-0.020491282,1,1.874623216,1,0,0.001478587,0.002160475,0.000004509,1
26.130000000,0.000000000,0.016000000,-0.009439624,0.000372233,-0.000005395,-0.001259626,1.280034661,-0.021763752,1.258270910,1.262479267,-0.011870815,-0.001116581,0.020035198,0.020000312,0.002571794,-0.016532931,-0.009299021,-0.017649512,-0.014113669,0.002962965,-0.000138046,-0.008189225,0.004814648,-0.020612477,-0.009160975,-0.009460286,1,0.258864229,1,0,0.000869388,-0.000842842,0.000001026,1
26.232000000,0.000000000,0.020000000,-0.012171760,0.008392891,0.005858809,0.002472860,1.391876936,0.047721867,1.439598803,1.443807160,-0.025956786,0.015642322,0.020167735,0.020061077,-0.005812477,0.015473505,-0.031769264,0.031115827,-0.014357238,0.004022781,-0.002769631,-0.010875060,-0.017412026,0.027093045,-0.028999633,0.041990886,1,3.993913342,1,0,-0.002159549,-0.001479944,-0.000002336,1
26.332000000,0.000000000,0.020000000,-0.013333715,0.005291845,0.001864073,0.005136024,1.449540138,0.010296565,1.459836704,1.464045061,-0.022186289,0.015222987,0.020122682,0.020057851,-0.015902165,0.015471878,-0.038088454,0.030694865,-0.015800727,0.004793016,-0.015924795,0.008532411,-0.022287727,0.025901849,-0.022163659,0.022162454,1,1.562640969,1,0,-0.001494476,-0.001487622,-0.000002801,1
26.432000000,0.000000000,0.020000000,-0.015190958,0.005104621,0.001331457,0.007000250,1.474659085,-0.054542668,1.420116417,1.424324774,-0.023463753,0.017190326,0.020137167,0.020073741,0.021100970,-0.027361293,-0.002362782,-0.010170966,-0.016833624,0.006325907,-0.027019432,0.020450407,0.014470842,-0.016496873,0.024656649,-0.030621373,1,2.537940462,1,0,0.001791786,0.001434515,0.000003287,1
26.530000000,0.000000000,0.022000000,-0.013651875,0.004973913,0.000532507,0.004603407,1.597085953,0.003053333,1.600139286,1.604347643,-0.022696987,0.015325046,0.020128376,0.020058628,-0.012877191,-0.014785773,-0.035574178,0.000539273,-0.017254236,0.006181035,-0.020058668,0.011416576,-0.018319942,-0.005641763,-0.015515510,-0.010877303,1,0.606583641,1,0,0.000572507,-0.000818035,-0.000000238,1
26.634000000,0.000000000,0.020000000,-0.008086173,0.005076956,-0.000266440,0.000342348,1.673407078,-0.056782909,1.616624169,1.620832526,-0.012641569,0.008760978,0.020039912,0.020019179,-0.017718322,0.021762708,-0.030359891,0.030523685,-0.016353078,0.006146419,-0.025528351,0.007723786,-0.014006813,0.024377266,-0.004831539,0.022799899,1,0.944631369,1,0,-0.001050519,-0.000220684,-0.000000934,1
26.734000000,0.000000000,0.020000000,-0.005891688,0.002553753,-0.002663286,0.000342348,1.750210404,0.031043070,1.781253474,1.785461831,-0.005750603,0.005158689,0.020008266,0.020006652,0.008537064,-0.013029643,0.002786462,-0.007870954,-0.014490587,0.005114029,-0.028324768,0.016038431,0.017277049,-0.012984983,0.031111229,-0.023909385,1,2.742911506,1,0,0.000984269,0.001281566,0.000002944,1
26.832000000,0.000000000,0.022000000,-0.004666728,0.005381701,0.001066752,0.001140415,1.825849771,0.068788476,1.894638248,1.898846605,-0.010862870,0.012357050,0.020029479,0.020038138,0.003535639,0.043616460,-0.007327231,0.055973510,-0.013645105,0.006017633,-0.019180967,0.009320332,0.006317874,0.049955878,0.011853736,0.046653178,1,4.217789365,1,0,-0.001637242,0.000413292,-0.000003015,1
26.932000000,0.000000000,0.020000000,-0.004874225,0.007122054,0.001066752,0.000874098,1.854583025,-0.007087947,1.847495078,1.851703435,-0.010975926,0.014772851,0.020030095,0.020054485,0.009410332,-0.006509166,-0.001565595,0.008263685,-0.010842241,0.006281082,-0.013869368,0.022713425,0.009276646,0.001982603,0.012303773,-0.014449741,1,0.667090895,1,0,0.000427126,0.000369931,0.000001994,1
27.032000000,0.000000000,0.020000000,0.000046346,0.004636692,0.002932011,-0.000987437,1.920632720,0.048364415,1.968997135,1.973205492,-0.005681865,0.007185373,0.020008069,0.020012903,0.019980863,-0.017448843,0.014298998,-0.010263470,-0.008397357,0.006332076,-0.010069734,0.021385058,0.022696355,-0.016595546,0.024368732,-0.031648528,1,3.006103882,1,0,0.000880318,0.000696367,0.000003881,1
27.134000000,0.000000000,0.024000000,0.003359253,0.005061583,0.000268849,-0.006846392,2.010693550,0.045374392,2.056067942,2.060276299,0.006354081,-0.003669689,0.020010091,0.020003366,-0.033494746,-0.005181483,-0.027140664,-0.008851171,-0.004450332,0.006161745,-0.000004797,0.013944589,-0.022690332,-0.015012916,-0.027135867,-0.022795760,1,2.395532896,1,0,0.000599578,-0.000686278,0.000001335,1
27.234000000,0.000000000,0.020000000,0.008635803,0.003026138,-0.001062724,-0.006047437,2.026553392,-0.022790081,2.003763311,2.007971668,0.019433551,-0.006053969,0.020094194,0.020009161,0.022898014,-0.025616807,0.042331566,-0.031670776,-0.002127620,0.007237057,-0.005726673,0.009000938,0.044459186,-0.038907833,0.048058238,-0.040671714,1,7.620194127,1,0,0.000921028,0.001140105,0.000002282,1
27.334000000,0.000000000,0.020000000,0.007829408,0.005902338,-0.000263774,-0.004183225,2.149686098,-0.063964206,2.085721892,2.089930249,0.016880126,0.003585591,0.020071108,0.020003214,0.030231819,-0.009934013,0.047111945,-0.006348422,-0.000067771,0.006608042,0.007021264,-0.002675881,0.047179716,-0.012956464,0.040090680,-0.003672541,1,3.139634509,1,0,0.000063194,0.000961585,-0.000000456,1
27.434000000,0.000000000,0.022000000,0.003848097,0.003501302,-0.002394299,-0.001253740,2.128952980,-0.050563054,2.078389926,2.082598283,0.012974134,0.004671310,0.020042038,0.020005455,-0.014848521,-0.008444556,-0.001874387,-0.003773246,0.001141384,0.004724938,0.017344936,-0.005641395,-0.003015771,-0.008498184,-0.019219323,0.001868149,1,0.729328590,1,0,-0.000033882,-0.000462071,0.000000185,1
27.534000000,0.000000000,0.022000000,0.003927711,0.002332168,-0.000264146,-0.000987739,2.205271721,-0.074118692,2.131153029,2.135361386,0.008933488,0.002865184,0.020019942,0.020002052,0.007972906,0.011935400,0.016906395,0.014800584,0.003081982,0.004694120,0.013980039,-0.008665511,0.013824413,0.010106464,0.002926356,0.023466095,1,1.104600845,1,0,-0.000594228,0.000061164,-0.000001720,1
27.632000000,0.000000000,0.020000000,0.005256606,0.003724822,0.000268486,-0.003384584,2.294507265,0.087464138,2.381971403,2.386179760,0.011881559,0.000810438,0.020035262,0.020000164,0.009376974,0.009253810,0.021258533,0.010064248,0.003894025,0.004385726,0.015572253,-0.005893342,0.017364509,0.005678522,0.005686281,0.015957591,1,0.569948352,1,0,-0.000418612,0.000140546,-0.000001124,1
27.734000000,0.000000000,0.022000000,0.003059598,0.005946528,0.002132699,-0.000188790,2.328888893,-0.040092190,2.288796704,2.293005061,0.002121484,0.013178290,0.020001125,0.020043370,0.009964040,0.020315730,0.012085524,0.033494020,0.003900758,0.004544044,0.018344312,-0.003398267,0.008184766,0.028949976,-0.006258787,0.036892287,1,2.783316582,1,0,-0.000839471,-0.000159364,-0.000002355,1
27.832000000,0.000000000,0.020000000,0.001570652,0.006506903,0.003730415,-0.001520582,2.357965708,0.081058651,2.439024358,2.443232716,-0.005267714,0.012161759,0.020006936,0.020036943,0.010390240,-0.003584475,0.005122526,0.008577285,0.004384816,0.005907077,0.018512756,0.005714763,0.000737710,0.002670208,-0.013390230,0.002862521,1,0.374868388,1,0,-0.000062431,-0.000315777,-0.000000479,1
27.932000000,0.000000000,0.020000000,-0.000168482,0.010516287,0.004795679,0.000609948,2.456033707,0.001995566,2.458029272,2.462237629,-0.012202055,0.027348613,0.020037188,0.020186121,0.010773001,-0.046554504,-0.001429053,-0.019205891,0.003505688,0.006463709,0.015570607,0.006786536,-0.004934742,-0.025669600,-0.016999660,-0.025992427,1,1.912978110,1,0,0.000569508,-0.000363547,0.000001135,1
28.034000000,0.000000000,0.022000000,-0.001888453,0.006949647,0.001333565,0.001941515,2.490593910,0.022174153,2.512768063,2.516976420,-0.008096184,0.022341428,0.020016380,0.020124398,-0.005096586,-0.002712604,-0.013192770,0.019628824,0.003202444,0.006272057,0.012878590,-0.001641482,-0.016395214,0.013356766,-0.026071360,0.021270306,1,2.260075243,1,0,-0.000448952,-0.000571791,-0.000000820,1
28.134000000,0.000000000,0.022000000,-0.001265820,0.004762319,0.000268300,0.004604677,2.530219078,0.022315944,2.552535022,2.556743379,-0.003915897,0.023909585,0.020003833,0.020142410,0.005627131,0.010679326,0.001711234,0.034588911,0.001389609,0.005798283,0.007018815,0.003229956,0.000321625,0.028790628,-0.005307581,0.031358955,1,2.007885292,1,0,-0.000658012,-0.000124840,-0.000001275,1
28.232000000,0.000000000,0.024000000,-0.004138281,0.004462406,0.003996664,0.003273000,2.544022560,-0.063164906,2.480857654,2.485066011,-0.020181641,0.019190442,0.020101567,0.020091857,-0.009126374,0.006570016,-0.029308015,0.025760457,0.001022625,0.006898975,0.005148470,0.009824323,-0.030330640,0.018861482,-0.034456485,0.015936135,1,2.875479091,1,0,-0.000318046,-0.000720686,-0.000001136,1
28.332000000,0.000000000,0.022000000,-0.001719979,0.006891879,0.001067185,0.000609839,2.583837032,-0.043453824,2.540383209,2.544591566,-0.007080466,0.019057239,0.020012529,0.020090589,0.012167209,0.014675666,0.005086743,0.033732904,0.000857341,0.005072901,-0.001570091,0.013743967,0.004229402,0.028660003,0.006656834,0.019988937,1,0.885866438,1,0,-0.000459381,0.000143433,-0.000000617,1
28.432000000,0.000000000,0.022000000,-0.000899586,-0.000479671,-0.003460189,0.000609839,2.609497309,-0.013767312,2.595729996,2.599938353,0.006646632,0.000337879,0.020011041,0.020000029,-0.046008932,-0.018145086,-0.039362300,-0.017807207,0.001571739,0.003550132,-0.002087062,0.019536349,-0.040934039,-0.021357339,-0.037275239,-0.037343556,1,5.591936856,1,0,0.000908357,-0.000867947,0.000000350,1
28.534000000,0.000000000,0.020000000,0.000353948,-0.001067608,-0.001862292,0.002740367,2.651240826,0.030507130,2.681747956,2.685956313,0.005943396,0.004485918,0.020008829,0.020005030,-0.034558947,0.013275731,-0.028615551,0.017761648,-0.000297913,0.002828691,-0.011445906,0.011730715,-0.028317638,0.014932958,-0.017169645,0.006030933,1,0.664834914,1,0,-0.000135569,-0.000412276,-0.000000447,1
28.630000000,0.000000000,0.016000000,-0.002703922,-0.001861402,-0.001862292,0.002740367,2.681153059,-0.083309943,2.597843116,2.602051473,-0.002186422,0.002283414,0.020001195,0.020001303,0.011936135,0.036701834,0.009749713,0.038985248,-0.000030494,0.001764751,-0.015960955,0.014290578,0.009780207,0.037220497,0.025710669,0.024694669,1,2.558112089,1,0,-0.000566021,0.000565969,0.000000224,1
28.734000000,0.000000000,0.022000000,-0.001191248,-0.000994829,-0.003726506,0.000876155,2.676360846,-0.048307141,2.628053705,2.632262062,0.006662795,-0.000311882,0.020011095,0.020000024,0.001388424,-0.007851587,0.008051218,-0.008163469,0.000313411,-0.000342367,-0.011195874,0.019988960,0.007737807,-0.007821102,0.019247092,-0.028152429,1,2.336544096,1,0,0.000660229,0.000468316,0.000001907,1
28.832000000,0.000000000,0.020000000,0.001414465,-0.003084531,-0.001862292,-0.002053323,2.721688747,-0.055518617,2.666170130,2.670378487,0.008736391,-0.013698391,0.020019072,0.020046857,-0.005058317,-0.025178071,0.003678075,-0.038876462,0.001642358,-0.001108170,-0.005555837,0.014676403,0.002035717,-0.037768292,0.009233912,-0.053552865,1,5.921102253,1,0,0.001285900,0.000239611,0.000002837,1
28.932000000,0.000000000,0.020000000,0.005671505,-0.001127978,-0.001595977,-0.004716484,2.725695133,-0.021439402,2.704255731,2.708464088,0.019653131,-0.015804920,0.020096329,0.020062352,-0.028437904,-0.035073003,-0.008784773,-0.050877923,0.002714161,-0.001489160,-0.001982343,0.005065201,-0.011498934,-0.049388763,-0.006802430,-0.055943124,1,6.362710311,1,0,0.001335593,-0.000151548,0.000002383,1
29.032000000,0.000000000,0.020000000,0.005092132,-0.000626977,-0.000264395,0.000077207,2.748540640,-0.016209994,2.732330646,2.736539003,0.014635804,-0.001502155,0.020053480,0.020000564,0.000506036,-0.003132409,0.015141840,-0.004634564,0.003437628,-0.000333671,-0.005775678,-0.007400961,0.011704212,-0.004300893,0.020917518,0.002766397,1,0.879706710,0,0,0.000000000,0.000000000,0.000000000,1
29.132000000,0.000000000,0.022000000,0.002640616,0.004404759,0.001599817,0.000609839,2.780992985,0.025358985,2.806351970,2.810560327,0.002920847,0.014072728,0.020002133,0.020049449,0.002008068,-0.012851008,0.004928915,0.001221719,0.001871457,-0.000276996,-0.002496902,-0.008533093,0.003057458,0.001498715,0.007425818,0.009754813,1,0.298638296,0,0,0.000000000,0.000000000,0.000000000,1
29.232000000,0.000000000,0.020000000,-0.001761913,0.007449350,0.006926141,0.004338190,2.808144331,0.034422973,2.842567304,2.846775661,-0.024696376,0.033506877,0.020151901,0.020278735,-0.012989892,-0.006799176,-0.037686268,0.026707701,0.001350804,0.001723061,-0.002954699,-0.007028747,-0.039037073,0.024984639,-0.034731569,0.033736447,1,4.573173844,0,0,0.000000000,0.000000000,0.000000000,1
29.334000000,0.000000000,0.024000000,0.000639463,0.006277445,0.005061928,0.000343446,2.776110172,0.052855660,2.828965832,2.833174189,-0.012511001,0.018730276,0.020039093,0.020087514,-0.010820587,0.018414019,-0.023331587,0.037144294,0.002111101,0.002391625,-0.009881116,-0.001224501,-0.025442688,0.034752669,-0.013450471,0.038368796,1,3.215099529,0,0,0.000000000,0.000000000,0.000000000,1
29.436000000,0.000000000,0.024000000,0.005186573,0.002782427,0.003464031,-0.001787083,2.820972204,-0.007927758,2.813044446,2.817252803,0.004845589,0.002799946,0.020005869,0.020001960,-0.008189085,0.012967555,-0.003343496,0.015767501,0.002451989,0.002133175,-0.013672541,0.004522547,-0.005795484,0.013634326,0.010329045,0.011244954,1,0.448896693,0,0,0.000000000,0.000000000,0.000000000,1
29.532000000,0.000000000,0.018000000,0.004412145,0.000936778,-0.002394924,-0.001787082,2.784891605,-0.024375924,2.760515681,2.764724039,0.018791020,-0.002347279,0.020088082,0.020001377,-0.004489474,-0.004719618,0.014301547,-0.007066897,0.003038712,-0.000021361,-0.010350708,0.001869044,0.011262835,-0.007045536,0.024652255,-0.008935941,1,1.301633453,0,0,0.000000000,0.000000000,0.000000000,1
29.630000000,0.000000000,0.016000000,0.004484861,-0.007662613,-0.004259137,0.000077130,2.839531183,-0.060959811,2.778571372,2.782779729,0.024295823,-0.021076805,0.020147031,0.020110751,0.031707558,-0.025233657,0.056003381,-0.046310462,0.004146315,-0.000891132,-0.004533518,-0.003723080,0.051857066,-0.045419330,0.060536899,-0.042587383,1,10.198897030,0,0,0.000000000,0.000000000,0.000000000,1
29.734000000,0.000000000,0.020000000,0.004372340,-0.005480441,-0.001595975,-0.001520767,2.814487696,0.013509315,2.827997011,2.832205368,0.016878376,-0.019799394,0.020071094,0.020097765,-0.015527066,-0.012626657,0.001351310,-0.032426051,0.005055776,-0.001493917,0.011379982,-0.016705587,-0.003704466,-0.030932133,-0.010028672,-0.015720464,1,0.640250918,0,0,-0.000000000,-0.000000000,-0.000000000,1
29.832000000,0.000000000,0.018000000,0.007120522,-0.004263132,-0.002928099,-0.002053471,2.815340519,-0.041101248,2.774239271,2.778447628,0.027877279,-0.017523769,0.020193351,0.020076624,0.013103958,0.001199091,0.040981237,-0.016324678,0.005436727,-0.003812887,0.007314070,-0.024074105,0.035544511,-0.012511791,0.033667167,0.007749427,1,2.172153309,0,0,0.000000000,0.000000000,0.000000000,1
29.932000000,0.000000000,0.022000000,0.005834829,-0.007266897,-0.003993363,-0.001787155,2.878317833,-0.101321597,2.776996236,2.781204593,0.027292852,-0.025143069,0.020185366,0.020157424,0.025461777,0.009248627,0.052754629,-0.015894442,0.004686621,-0.005595104,0.015116244,-0.023878454,0.048068008,-0.010299338,0.037638384,0.007984012,1,2.685043590,0,0,0.000000000,0.000000000,0.000000000,1
30.032000000,0.000000000,0.020000000,0.004081516,-0.007377222,-0.005058627,-0.001254522,2.866500616,0.028758468,2.895259084,2.899467441,0.026463081,-0.024991134,0.020174314,0.020155534,0.021588108,0.011673651,0.048051190,-0.013317483,0.004392942,-0.007478151,0.024634200,-0.026072389,0.043658248,-0.005839333,0.023416990,0.012754905,1,1.290411727,0,0,0.000000000,0.000000000,0.000000000,1
30.132000000,0.000000000,0.022000000,0.005478112,-0.007173986,-0.004525994,-0.001787155,2.844223976,-0.055022566,2.789201410,2.793409767,0.027903467,-0.024994427,0.020193713,0.020155575,0.016210432,0.007524240,0.044113898,-0.017470187,0.004575735,-0.008476125,0.031201995,-0.023354822,0.039538164,-0.008994062,0.012911903,0.005884635,1,0.365611805,0,0,0.000000000,0.000000000,0.000000000,1
30.232000000,0.000000000,0.022000000,0.006353047,-0.005889320,-0.001862832,-0.003651368,2.877010345,0.061670936,2.938681281,2.942889639,0.024143850,-0.028037043,0.020145204,0.020195563,-0.011809122,0.008401733,0.012334728,-0.019635310,0.005772151,-0.007865992,0.035244376,-0.022486215,0.006562577,-0.011769317,-0.022909648,0.002850905,1,0.973580986,0,0,0.000000000,0.000000000,0.000000000,1
30.332000000,0.000000000,0.022000000,0.006213278,0.000566984,0.001332961,-0.000988207,2.874760628,0.010432977,2.885193605,2.889401962,0.014080660,-0.001215311,0.020049505,0.020000369,0.004500222,-0.002911085,0.018580882,-0.004126396,0.005297152,-0.006182362,0.028963747,-0.021341370,0.013283730,0.002055966,-0.010382865,0.017214974,1,0.748771171,0,0,0.000000000,0.000000000,0.000000000,1
30.436000000,0.000000000,0.026000000,0.003253244,0.001418672,0.000267697,0.000876007,2.874257326,0.025380390,2.899637716,2.903846073,0.008657004,0.006653735,0.020018727,0.020011065,-0.019975265,-0.018549366,-0.011318261,-0.011895631,0.003760305,-0.005899329,0.024148676,-0.018382208,-0.015078566,-0.005996303,-0.035466937,0.006486576,1,2.413146592,0,0,0.000000000,0.000000000,0.000000000,1
30.528000000,0.000000000,0.016000000,-0.000393569,0.002321126,0.001865593,0.003006536,2.909592152,0.041917766,2.951509917,2.955718274,-0.006667942,0.015724646,0.020011112,0.020061721,-0.041104765,-0.009861889,-0.047772706,0.005862758,0.003306859,-0.003808195,0.015873429,-0.016643575,-0.051079565,0.009670953,-0.063646135,0.022506333,1,8.558540633,0,0,0.000000000,0.000000000,0.000000000,1
30.632000000,0.000000000,0.020000000,0.002735650,0.000993915,0.001866183,0.001142622,2.879552841,-0.035808787,2.843744054,2.847952411,0.002472540,0.006075765,0.020001528,0.020009227,-0.010838058,-0.005193294,-0.008365518,0.000882471,0.002871316,-0.001684024,-0.000284526,-0.010489616,-0.011236834,0.002566495,-0.008080992,0.011372088,1,0.366248865,0,0,0.000000000,0.000000000,0.000000000,1
30.732000000,0.000000000,0.022000000,0.003420278,0.007337356,0.009323034,-0.000455275,2.916841984,-0.036712159,2.880129824,2.884338181,-0.017000704,0.019821284,0.020072126,0.020097981,0.006420005,0.000771380,-0.010580699,0.020592665,0.004275006,0.001444734,-0.000536400,-0.006162029,-0.014855705,0.019147930,-0.010044299,0.026754694,1,1.533461784,0,0,0.000000000,0.000000000,0.000000000,1
30.832000000,0.000000000,0.022000000,0.005296688,0.008949842,0.005061976,-0.002053172,2.908581257,0.000808373,2.909389629,2.913597987,0.000682869,0.020065100,0.020000117,0.020100400,0.006090883,-0.030108733,0.006773752,-0.010043633,0.004063352,0.001767758,-0.004237132,-0.001779844,0.002710401,-0.011811391,0.011010884,-0.008263789,1,0.358718999,0,0,0.000000000,0.000000000,0.000000000,1
30.932000000,0.000000000,0.018000000,0.004917556,0.003428421,-0.000264346,-0.000987908,2.962612391,-0.050980276,2.911632115,2.915840472,0.015087793,0.007105878,0.020056830,0.020012619,-0.007228880,-0.006701825,0.007858913,0.000404052,0.003664050,-0.000232683,-0.001682733,-0.006622563,0.004194862,0.000636735,0.009541646,0.007026616,1,0.266596203,0,0,0.000000000,0.000000000,0.000000000,1
31.034000000,0.000000000,0.020000000,0.003730523,-0.005667864,-0.004791720,0.000343673,2.913152933,-0.018480788,2.894672145,2.898880502,0.024669098,-0.015411787,0.020151567,0.020059293,-0.015427284,-0.013560414,0.009241814,-0.028972201,0.003580803,-0.001240979,-0.000341842,-0.006904096,0.005661011,-0.027731222,0.009583656,-0.022068105,1,1.098169037,0,0,0.000000000,0.000000000,0.000000000,1
31.134000000,0.000000000,0.020000000,0.002550215,-0.005480579,-0.000530662,0.000876305,2.884962559,-0.010342291,2.874620268,2.878828625,0.008856351,-0.013235539,0.020019599,0.020043747,0.045325641,-0.009553226,0.054181992,-0.022788765,0.002835622,-0.002097770,0.000778769,-0.012404269,0.051346370,-0.020690995,0.053403223,-0.010384497,1,5.651827160,0,0,0.000000000,0.000000000,0.000000000,1
31.232000000,0.000000000,0.020000000,0.001478778,-0.002150653,0.000268286,0.001675254,2.914659500,0.006910975,2.921570475,2.925778832,0.003536539,-0.001388913,0.020003127,0.020000482,0.004804117,0.029600959,0.008340655,0.028212046,0.002441336,-0.001450726,0.012943822,-0.015048119,0.005899319,0.029662772,-0.004603166,0.043260165,1,3.633840320,0,0,0.000000000,0.000000000,0.000000000,1
31.332000000,0.000000000,0.020000000,0.001046422,-0.003664646,-0.003992772,0.000077358,2.866039991,-0.001488696,2.864551295,2.868759652,0.014435031,-0.010275970,0.020052025,0.020026381,0.021268354,-0.029163077,0.035703385,-0.039439047,0.002510575,-0.004000315,0.011579771,-0.007241246,0.033192810,-0.035438732,0.024123615,-0.032197801,1,3.104747588,0,0,0.000000000,0.000000000,0.000000000,1
31.432000000,0.000000000,0.020000000,0.006018599,-0.010688899,-0.006655932,-0.004450019,2.934787750,-0.017326510,2.917461240,2.921669597,0.036977454,-0.044167205,0.020338961,0.020481880,-0.022003399,0.025513644,0.014974055,-0.018653561,0.003485189,-0.005060110,0.016606487,-0.015627646,0.011488866,-0.013593451,-0.001632432,-0.003025915,1,0.021989339,0,0,-0.000000000,-0.000000000,-0.000000000,1
31.532000000,0.000000000,0.020000000,0.007335021,-0.008095299,-0.005590670,-0.003118436,2.959977627,0.074545842,3.034523468,3.038731825,0.039223312,-0.034028344,0.020380988,0.020287417,0.000468353,-0.036573083,0.039691665,-0.070601427,0.003175336,-0.005018165,0.016328916,-0.014521891,0.036516329,-0.065583262,0.023362749,-0.056079536,1,6.933400496,0,0,0.000000000,0.000000000,0.000000000,1
31.634000000,0.000000000,0.022000000,0.005385168,-0.005697612,-0.001862475,-0.003917201,2.943625450,-0.016215091,2.927410359,2.931618716,0.021216826,-0.028146503,0.020112224,0.020197085,0.021586216,-0.000873367,0.042803042,-0.029019870,0.004107694,-0.005497727,0.023022637,-0.028462387,0.038695348,-0.023522142,0.019780405,-0.000557483,1,0.744883724,0,0,0.000000000,0.000000000,0.000000000,1
31.734000000,0.000000000,0.022000000,0.005147155,-0.006222169,-0.003726688,-0.002319304,2.933532000,0.044361164,2.977893164,2.982101521,0.026425356,-0.025435593,0.020173820,0.020161094,0.004319315,-0.038651284,0.030744671,-0.064086877,0.003495779,-0.005680052,0.026619876,-0.028972092,0.027248891,-0.058406824,0.004124794,-0.035114785,1,2.370556293,0,0,0.000000000,0.000000000,0.000000000,1
31.832000000,0.000000000,0.018000000,-0.000473567,-0.006935540,-0.003993005,0.003007018,2.931839943,0.037282877,2.969122820,2.973331177,0.010449642,-0.011664264,0.020027280,0.020033985,0.004973922,-0.018496588,0.015423564,-0.030160852,0.002755678,-0.004956268,0.027605418,-0.034913451,0.012667886,-0.025204584,-0.012181854,0.004752599,1,0.327941426,0,0,0.000000000,0.000000000,0.000000000,1
31.934000000,0.000000000,0.020000000,0.001896852,-0.005345222,-0.002395106,-0.001520355,2.952206135,-0.009304367,2.942901768,2.947110125,0.012630813,-0.020204720,0.020039845,0.020101799,-0.030234902,-0.006985547,-0.017604089,-0.027190267,0.002581616,-0.004333593,0.025991569,-0.033737041,-0.020185705,-0.022856674,-0.043595658,0.006546774,1,3.719763334,0,0,0.000000000,0.000000000,0.000000000,1
32.032000000,0.000000000,0.020000000,0.004610693,-0.005140806,-0.003194055,-0.003650885,2.940296173,-0.023151171,2.917145002,2.921353360,0.022767581,-0.025646638,0.020129174,0.020163767,0.013665014,-0.022340658,0.036432594,-0.047987295,0.002218192,-0.003694972,0.015323928,-0.031061626,0.034214403,-0.044292323,0.021108666,-0.016925669,1,1.391890653,0,0,0.000000000,0.000000000,0.000000000,1
32.132000000,0.000000000,0.020000000,0.003293658,-0.002415999,-0.000530894,-0.002052988,2.947005272,0.011244378,2.958249649,2.962458007,0.011313980,-0.013220380,0.020031976,0.020043647,-0.010642432,-0.005408164,0.000671547,-0.018628544,0.002021813,-0.002250967,0.018380583,-0.032094133,-0.001350265,-0.016377577,-0.017709035,0.013465588,1,0.947591220,0,0,0.000000000,0.000000000,0.000000000,1
32.234000000,0.000000000,0.020000000,0.001905005,0.000142283,0.000534371,0.000876490,2.951900721,-0.050145592,2.901755128,2.905963485,0.003977243,0.002956230,0.020003954,0.020002185,-0.014963352,-0.012346203,-0.010986108,-0.009389973,0.000692744,-0.000974561,0.012997806,-0.028042757,-0.011678853,-0.008415412,-0.023983914,0.018652784,1,1.768707351,0,0,0.000000000,0.000000000,0.000000000,1
32.334000000,0.000000000,0.022000000,-0.002199874,0.001070656,-0.001862475,0.001941754,2.972033262,0.015003508,2.987036770,2.991245127,-0.001007823,0.008998179,0.020000254,0.020020232,-0.001965113,-0.039982808,-0.002972936,-0.030984629,-0.001171902,0.000020734,0.006060013,-0.021736971,-0.001801034,-0.031005364,-0.009032950,-0.009247658,1,0.319802977,0,0,-0.000000000,-0.000000000,-0.000000000,1
32.432000000,0.000000000,0.020000000,-0.003446085,0.001927780,0.000001738,0.005137547,2.945849895,-0.007180459,2.938669437,2.942877794,-0.010132011,0.020762661,0.020025648,0.020107483,-0.007525897,-0.015448361,-0.017657908,0.005314300,-0.001834674,0.000826061,0.004162805,-0.023405492,-0.015823235,0.004488239,-0.021820713,0.028719792,1,2.480204867,0,0,0.000000000,0.000000000,0.000000000,1
32.530000000,0.000000000,0.016000000,-0.024393866,-0.012254731,-0.035151996,0.044552334,2.962151289,-0.045270938,2.916880351,2.921088708,0.031380178,0.094208243,0.020244682,0.022107735,0.047046864,-0.022324086,0.078427042,0.071884157,-0.002291857,0.002466921,0.000109120,-0.015131732,0.080718899,0.069417236,0.078317922,0.087015888,1,23.967246121,0,0,0.000000000,0.000000000,0.000000000,1
32.632000000,0.000000000,0.022000000,-0.062991802,-0.050940851,-0.065778255,0.069586091,2.934227228,0.100730271,3.034957499,3.039165856,0.008456767,0.056587511,0.020017871,0.020785126,0.000066826,-0.038054760,0.008523593,0.018532750,0.002083170,0.006920269,0.023239580,0.006559030,0.006440422,0.011612481,-0.014715987,0.011973721,1,0.669089213,0,0,0.000000000,0.000000000,0.000000000,1
32.732000000,0.000000000,0.022000000,-0.072040931,-0.063927195,-0.068974011,0.073048234,2.985980034,-0.033944087,2.952035946,2.956244303,-0.009053659,0.026925635,0.020020482,0.020180434,0.008462856,-0.011925393,-0.000590803,0.015000242,0.012836032,0.018414173,0.031974415,0.021472244,-0.013426835,-0.003413931,-0.032565218,-0.006472001,1,2.097208792,0,0,-0.000000000,-0.000000000,-0.000000000,1
32.832000000,0.000000000,0.020000000,-0.055065674,-0.049769283,-0.054060727,0.053606912,2.926809311,0.068320734,2.995130045,2.999338402,-0.003009946,0.011494200,0.020002265,0.020033002,-0.014752443,-0.010940341,-0.017762389,0.000553859,0.028458026,0.034864051,0.044429977,0.039169957,-0.046220416,-0.034310192,-0.062192367,-0.038616098,1,10.203049430,0,0,-0.000000000,-0.000000000,-0.000000000,1
32.932000000,0.000000000,0.022000000,-0.029448478,-0.024304206,-0.040212281,0.040024798,2.989795685,0.076005956,3.065801641,3.070009998,0.032999685,0.048196218,0.020270417,0.020572524,0.048398499,0.007061201,0.081398184,0.055257420,0.050752084,0.057573102,0.052115790,0.051670789,0.030646100,-0.002315683,0.029282394,0.003586630,1,1.610028002,0,0,0.000000000,0.000000000,0.000000000,1
33.032000000,0.000000000,0.020000000,-0.012323634,-0.007879063,-0.034885958,0.033899523,2.899548531,-0.021594124,2.877954407,2.882162764,0.064933339,0.074885699,0.021027681,0.021355999,-0.004780427,0.002111371,0.060152912,0.076997070,0.073200110,0.079851125,0.084339538,0.075728964,-0.013047198,-0.002854055,-0.024186626,0.001268106,1,1.013088419,0,0,0.000000000,0.000000000,0.000000000,1
33.132000000,0.000000000,0.022000000,0.001406489,0.006586436,-0.028228058,0.032301638,2.953289986,0.066631257,3.019921243,3.024129600,0.089493996,0.117438923,0.021910996,0.023193081,-0.005713937,0.029301375,0.083780059,0.146740297,0.100297329,0.108950047,0.107501255,0.103882633,-0.016517270,0.037790250,-0.023721196,0.042857664,1,3.519225426,0,0,0.000000000,0.000000000,0.000000000,1
33.232000000,0.000000000,0.020000000,0.014345158,0.019301436,-0.027961748,0.027507940,2.951290846,-0.017944073,2.933346773,2.937555130,0.124100826,0.137308134,0.023537420,0.024259745,0.013642379,0.031490320,0.137743206,0.168798454,0.127752065,0.136958844,0.129633093,0.143401662,0.009991140,0.031839610,0.008110112,0.025396793,1,0.979699132,0,0,0.000000000,0.000000000,0.000000000,1
33.332000000,0.000000000,0.022000000,0.025649915,0.031258425,-0.027695430,0.029372150,2.972122431,0.053047636,3.025170066,3.029378423,0.161378744,0.183417801,0.025698852,0.027137076,-0.011755402,0.028817432,0.149623342,0.212235234,0.159054575,0.169531919,0.164718191,0.181322411,-0.009431234,0.042703314,-0.015094850,0.030912823,1,1.295820493,0,0,0.000000000,0.000000000,0.000000000,1
33.432000000,0.000000000,0.020000000,0.032062530,0.037317529,-0.022901738,0.028040573,2.972888231,0.083407435,3.056295666,3.060504024,0.167987055,0.199753684,0.026118892,0.028266859,-0.032634441,-0.011968020,0.135352614,0.187785664,0.188382467,0.200904507,0.192566179,0.219644150,-0.053029853,-0.013118843,-0.057213565,-0.031858487,1,4.973379683,0,0,-0.000000000,-0.000000000,-0.000000000,1
33.532000000,0.000000000,0.022000000,0.044937308,0.052123075,-0.021835817,0.026707670,2.947787762,-0.023873645,2.923914117,2.928122474,0.195238884,0.230494328,0.027949637,0.030516821,-0.008134084,-0.015802883,0.187104800,0.214691445,0.221666998,0.236119784,0.216331304,0.250432403,-0.034562198,-0.021428338,-0.029226504,-0.035740958,1,2.079497812,0,0,-0.000000000,-0.000000000,-0.000000000,1
33.632000000,0.000000000,0.022000000,0.057010029,0.062917328,-0.024498982,0.025109772,2.983304024,0.024777835,3.008081859,3.012290216,0.245185779,0.264792721,0.031641123,0.033183608,0.064797593,-0.012914914,0.309983372,0.251877807,0.254718878,0.269648952,0.248244855,0.280616755,0.055264494,-0.017771145,0.061738517,-0.028738948,1,3.650354163,0,0,0.000000000,0.000000000,0.000000000,1
33.732000000,0.000000000,0.020000000,0.075283066,0.078543653,-0.021569498,0.018185563,2.946961164,-0.031775968,2.915185196,2.919393553,0.282343161,0.281983581,0.034600240,0.034570904,0.028329286,-0.077573309,0.310672447,0.204410273,0.292912944,0.306828523,0.298432446,0.310217379,0.017759503,-0.102418251,0.012240000,-0.105807106,1,7.781416511,0,0,0.000000000,0.000000000,0.000000000,1
33.832000000,0.000000000,0.022000000,0.092365421,0.092586091,-0.020770542,0.015256087,2.969653845,-0.087406549,2.882247296,2.886455653,0.326085824,0.310827825,0.038253361,0.036961323,-0.026089429,0.015475128,0.299996394,0.326302953,0.328381354,0.339401818,0.341954012,0.325182414,-0.028384959,-0.013098865,-0.041957617,0.001120539,1,1.018893491,0,0,0.000000000,0.000000000,0.000000000,1
33.932000000,0.000000000,0.022000000,0.109114765,0.105975223,-0.021303179,0.017652929,2.951381207,0.114183631,3.065564838,3.069773195,0.399804662,0.378990114,0.044703889,0.042852480,0.015346663,0.017019357,0.415151325,0.396009471,0.366833457,0.377300010,0.374590699,0.365186096,0.048317868,0.018709461,0.040560626,0.030823375,1,1.200301614,0,0,0.000000000,0.000000000,0.000000000,1
34.032000000,0.000000000,0.022000000,0.118807603,0.119230146,-0.021835811,0.020316087,2.925180435,0.065616680,2.990797115,2.995005472,0.420635918,0.417354470,0.046576236,0.046280099,0.006770633,-0.017398327,0.427406551,0.399956142,0.400978148,0.410917057,0.415555632,0.405572599,0.026428403,-0.010960915,0.011850919,-0.005616457,1,0.067018056,0,0,0.000000000,0.000000000,0.000000000,1
34.134000000,0.000000000,0.024000000,0.130276276,0.139303729,-0.001595780,0.008864499,2.970607042,-0.069098804,2.901508238,2.905716596,0.382627858,0.429911334,0.043174538,0.047415583,-0.069624009,0.011937954,0.313003849,0.441849288,0.439486454,0.450166192,0.457281052,0.443442962,-0.126482605,-0.008316904,-0.144277203,-0.001593674,1,9.299707960,0,0,-0.000000000,-0.000000000,-0.000000000,1
34.232000000,0.000000000,0.022000000,0.183740595,0.194490081,0.036754090,-0.031351849,2.947834015,-0.021839119,2.925994896,2.930203253,0.430081762,0.477341634,0.047431036,0.051754713,-0.016321944,0.065589889,0.413759818,0.542931522,0.475762102,0.484677669,0.472705715,0.486564598,-0.062002283,0.058253853,-0.058945897,0.056366924,1,2.261077994,0,0,0.000000000,0.000000000,0.000000000,1
34.332000000,0.000000000,0.022000000,0.229918738,0.235374050,0.056195170,-0.053722408,2.940359116,-0.010349358,2.930009757,2.934218114,0.509011751,0.532241084,0.054689392,0.056857767,-0.031968874,-0.008195509,0.477042877,0.524045575,0.508216641,0.518263103,0.498193773,0.530327854,-0.031173765,0.005782472,-0.021150896,-0.006282279,1,0.144016867,0,0,-0.000000000,-0.000000000,-0.000000000,1
34.432000000,0.000000000,0.020000000,0.240338142,0.243919991,0.050336216,-0.050260291,2.949033737,0.023223858,2.972257595,2.976465952,0.564734670,0.575606516,0.059910370,0.060936267,-0.017789128,-0.018472426,0.546945541,0.557134090,0.539463885,0.548777733,0.525416248,0.558959556,0.007481656,0.008356357,0.021529293,-0.001825466,1,0.114945634,0,0,0.000000000,0.000000000,0.000000000,1
34.532000000,0.000000000,0.020000000,0.234932227,0.237089850,0.031694088,-0.031085532,2.926182032,0.118060853,3.044242884,3.048451241,0.618706257,0.627127180,0.065022875,0.065824653,0.124360939,0.036322137,0.743067197,0.663449317,0.562470819,0.571632940,0.550022035,0.580648440,0.180596378,0.091816377,0.193045162,0.082800876,1,9.464782525,0,0,0.000000000,0.000000000,0.000000000,1
34.632000000,0.000000000,0.020000000,0.227547716,0.230910113,0.021839781,-0.019899873,2.957456112,-0.018160267,2.939295845,2.943504202,0.604636480,0.620221522,0.063685577,0.065167073,-0.067120955,0.043092155,0.537515526,0.663313678,0.580936344,0.587938612,0.588065974,0.602880856,-0.043420818,0.075375065,-0.050550449,0.060432822,1,1.299323286,0,0,0.000000000,0.000000000,0.000000000,1
34.734000000,0.000000000,0.020000000,0.224716818,0.228591819,0.017845038,-0.014307230,2.942418098,0.032952362,2.975370460,2.979578817,0.615520183,0.637576035,0.064719788,0.066820895,0.052703562,-0.004526161,0.668223744,0.633049874,0.597426821,0.603020097,0.599464541,0.626364085,0.070796924,0.030029777,0.068759203,0.006685789,1,1.011781242,0,0,0.000000000,0.000000000,0.000000000,1
34.834000000,0.000000000,0.020000000,0.228141452,0.230592371,0.016779771,-0.014040917,2.978605986,0.003359713,2.981965698,2.986174055,0.630273284,0.645749007,0.066124459,0.067601167,-0.014635813,-0.011201534,0.615637471,0.634547474,0.611096540,0.615564738,0.622475924,0.638571488,0.004540931,0.018982736,-0.006838453,-0.004024014,1,0.012774313,0,0,-0.000000000,-0.000000000,-0.000000000,1
34.934000000,0.000000000,0.020000000,0.232753469,0.235575090,0.015714508,-0.012975651,2.933282375,0.010090745,2.943373121,2.947581478,0.638826646,0.655193206,0.066940233,0.068503879,-0.065301824,0.082582696,0.573524822,0.737775903,0.623431681,0.626163759,0.634028033,0.650348520,-0.049906859,0.111612144,-0.060503211,0.087427383,1,2.147398736,0,0,0.000000000,0.000000000,0.000000000,1
35.032000000,0.000000000,0.018000000,0.232417136,0.235912444,0.014382929,-0.009513540,2.934593439,0.092356649,3.026950088,3.031158445,0.659978665,0.685298181,0.068961717,0.071388626,-0.029056936,0.029503793,0.630921728,0.714801974,0.633016868,0.635188557,0.636042060,0.670116993,-0.002095139,0.079613417,-0.005120332,0.044684982,1,0.354250499,0,0,0.000000000,0.000000000,0.000000000,1
35.134000000,0.000000000,0.022000000,0.232327765,0.238695200,0.017578725,-0.006584065,2.948323488,-0.010182840,2.938140648,2.942349005,0.630962885,0.681975160,0.066190193,0.071069692,0.058162354,-0.050214083,0.689125239,0.631761077,0.640687135,0.642814152,0.644786065,0.683119235,0.048438104,-0.011053074,0.044339174,-0.051358157,1,0.852341966,0,0,0.000000000,0.000000000,0.000000000,1
35.232000000,0.000000000,0.020000000,0.258415149,0.263299202,0.053531401,-0.050792549,2.937053442,0.059816136,2.996869578,3.001077935,0.614009873,0.636854724,0.064576166,0.066752074,-0.094966330,0.009211375,0.519043543,0.646066099,0.650378323,0.647518248,0.661432051,0.681980979,-0.131334781,-0.001452149,-0.142388508,-0.035914880,1,4.495876101,0,0,-0.000000000,-0.000000000,-0.000000000,1
35.334000000,0.000000000,0.020000000,0.301908129,0.294740867,0.076434597,-0.079288356,2.937334776,-0.005930495,2.931404281,2.935612638,0.660954074,0.631578413,0.069055071,0.066248871,-0.049494783,0.010442345,0.611459291,0.642020758,0.653671365,0.648412426,0.646180117,0.680390039,-0.042212073,-0.006391668,-0.034720826,-0.038369282,1,0.517025358,0,0,-0.000000000,-0.000000000,-0.000000000,1
35.434000000,0.000000000,0.020000000,0.308548709,0.297906271,0.069510356,-0.075293630,2.931977272,0.014361040,2.946338312,2.950546669,0.704287859,0.655892153,0.073213482,0.068570731,-0.086104736,0.022930550,0.618183123,0.678822703,0.649096285,0.642964770,0.638311042,0.669227397,-0.030913162,0.035857933,-0.020127919,0.009595306,1,0.084799573,0,0,0.000000000,0.000000000,0.000000000,1
35.532000000,0.000000000,0.018000000,0.288976195,0.281004647,0.058058776,-0.057716765,2.954925060,-0.059460684,2.895464376,2.899672733,0.668613161,0.646522110,0.069788506,0.067675020,0.023702077,-0.068259546,0.692315238,0.578262564,0.638275437,0.630892969,0.626351730,0.657527420,0.054039801,-0.052630405,0.065963508,-0.079264856,1,1.993443298,0,0,0.000000000,0.000000000,0.000000000,1
35.632000000,0.000000000,0.018000000,0.269212993,0.259923050,0.046336558,-0.047332149,2.956290245,-0.011014999,2.945275246,2.949483603,0.656432447,0.626138719,0.068622413,0.065730487,0.040774412,0.022448557,0.697206859,0.648587276,0.622090597,0.612289101,0.619007098,0.631527619,0.075116262,0.036298176,0.078199761,0.017059657,1,1.197531924,0,0,0.000000000,0.000000000,0.000000000,1
35.732000000,0.000000000,0.020000000,0.254690253,0.245759819,0.038879707,-0.037478458,2.915562630,-0.038436825,2.877125805,2.881334162,0.620914090,0.599251678,0.065232991,0.063174566,-0.056248954,-0.057448929,0.564665136,0.541802749,0.602424303,0.590981067,0.608318166,0.613424040,-0.037759167,-0.049178318,-0.043653030,-0.071621291,1,1.487407370,0,0,-0.000000000,-0.000000000,-0.000000000,1
35.832000000,0.000000000,0.020000000,0.240628805,0.228620457,0.033287074,-0.037744775,2.974896908,0.032327717,3.007224625,3.011432982,0.623523157,0.574006049,0.065481381,0.060785109,-0.162605597,-0.050948777,0.460917560,0.523057272,0.577897550,0.563509371,0.580413613,0.578616292,-0.116979990,-0.040452099,-0.119496054,-0.055559021,1,3.585450357,0,0,-0.000000000,-0.000000000,-0.000000000,1
35.934000000,0.000000000,0.020000000,0.232649143,0.219671647,0.033020746,-0.034282669,2.959747314,-0.070995773,2.888751542,2.892959899,0.576676840,0.535542694,0.061037380,0.057166946,0.024432765,0.014512764,0.601109606,0.550055458,0.554148777,0.538289061,0.539391766,0.543848312,0.046960829,0.011766397,0.061717840,0.006207146,1,0.875385268,0,0,0.000000000,0.000000000,0.000000000,1
36.034000000,0.000000000,0.020000000,0.223486326,0.212189240,0.032218438,-0.030288003,2.898210764,-0.005243199,2.892967565,2.897175922,0.553331797,0.526234377,0.058836730,0.056295881,-0.133560380,-0.055104791,0.419771417,0.471129587,0.524138516,0.509147615,0.521897803,0.517671615,-0.104367098,-0.038018028,-0.102126385,-0.046542028,1,3.094404253,0,0,-0.000000000,-0.000000000,-0.000000000,1
36.132000000,0.000000000,0.020000000,0.208113074,0.201275214,0.027691079,-0.027092159,2.966550589,-0.053364497,2.913186092,2.917394449,0.525602845,0.507427654,0.056236852,0.054541986,0.006808378,0.004133581,0.532411223,0.511561235,0.494657405,0.478455199,0.476014474,0.478897111,0.037753819,0.033106037,0.056396749,0.032664124,1,1.131144526,0,0,0.000000000,0.000000000,0.000000000,1
36.234000000,0.000000000,0.022000000,0.194061834,0.180340139,0.019168958,-0.022831110,2.925627947,-0.011088749,2.914539198,2.918747555,0.509732143,0.459066239,0.054756448,0.050074126,0.024826608,-0.024804653,0.534558750,0.434261585,0.459492335,0.441916152,0.453831479,0.451829531,0.075066416,-0.007654566,0.080727272,-0.017567946,1,1.874583135,0,0,0.000000000,0.000000000,0.000000000,1
36.332000000,0.000000000,0.020000000,0.178434277,0.162786822,0.020234220,-0.026026903,2.975893259,0.032927913,3.008821172,3.013029529,0.475995682,0.411486141,0.051630600,0.045751595,-0.037598069,0.035231957,0.438397613,0.446718098,0.429177066,0.409294941,0.437447126,0.415907082,0.009220547,0.037423157,0.000950487,0.030811016,1,0.352521031,0,0,0.000000000,0.000000000,0.000000000,1
36.432000000,0.000000000,0.020000000,0.170918755,0.152653423,0.020763014,-0.026288487,2.934589148,0.016972073,2.951561221,2.955769578,0.443193863,0.372973846,0.048623122,0.042321329,0.036382407,-0.011810516,0.479576270,0.361163330,0.394400178,0.373084941,0.405845409,0.391450218,0.085176092,-0.011921611,0.073730860,-0.030286888,1,2.181311250,0,0,0.000000000,0.000000000,0.000000000,1
36.532000000,0.000000000,0.020000000,0.155226811,0.139500382,0.022627218,-0.022560066,2.938357592,0.051873115,2.990230707,2.994439064,0.396503376,0.349678524,0.044408887,0.040283380,-0.015732078,-0.037334570,0.380771298,0.312343954,0.359708200,0.339128266,0.386602205,0.349058906,0.021063097,-0.026784312,-0.005830907,-0.036714952,1,0.643260287,0,0,-0.000000000,-0.000000000,-0.000000000,1
36.632000000,0.000000000,0.024000000,0.140548290,0.128345215,0.021295635,-0.021494808,2.926797628,-0.046018534,2.880779095,2.884987452,0.343540555,0.307812419,0.039751744,0.036708103,-0.066153031,0.021152101,0.277387524,0.328964520,0.324662692,0.301848654,0.353112051,0.307016973,-0.047275168,0.027115866,-0.075724527,0.021947547,1,2.903708555,0,0,0.000000000,0.000000000,0.000000000,1
36.732000000,0.000000000,0.024000000,0.131318041,0.114236797,0.022094587,-0.029750606,2.947875500,0.007681433,2.955556933,2.959765290,0.322816138,0.249703748,0.037975026,0.031992493,0.013825123,-0.021882078,0.336641260,0.227821670,0.290215687,0.267144419,0.296883272,0.280606351,0.046425574,-0.039322749,0.039757988,-0.052784681,1,2.634055154,0,0,0.000000000,0.000000000,0.000000000,1
36.832000000,0.000000000,0.020000000,0.114004593,0.098327363,0.019964062,-0.024424279,2.994894981,0.002993307,2.997888288,3.002096645,0.281923008,0.221553189,0.034565963,0.029847247,0.030053909,-0.046297242,0.311976917,0.175255947,0.252321475,0.228513683,0.273820823,0.228567098,0.059655443,-0.053257735,0.038156095,-0.053311150,1,3.007072668,0,0,0.000000000,0.000000000,0.000000000,1
36.932000000,0.000000000,0.020000000,0.095842424,0.079356886,0.014637738,-0.018565321,2.961786032,0.061457839,3.023243870,3.027452228,0.245501568,0.183787726,0.031665600,0.027162093,0.034192941,-0.021362929,0.279694509,0.162424796,0.216664739,0.192211602,0.250016655,0.174971760,0.063029769,-0.029786806,0.029677854,-0.012546964,1,0.745134589,0,0,0.000000000,0.000000000,0.000000000,1
37.032000000,0.000000000,0.020000000,0.081155655,0.064305782,0.013302241,-0.018026538,2.974875689,-0.060650699,2.914224989,2.918433347,0.197740114,0.134868129,0.028124927,0.024122482,0.030374698,0.003971299,0.228114811,0.138839428,0.176594760,0.152198862,0.219425029,0.132224774,0.051520051,-0.013359435,0.008689782,0.006614654,1,0.117655316,0,0,0.000000000,0.000000000,0.000000000,1
37.132000000,0.000000000,0.024000000,0.063145847,0.055013269,0.021291718,-0.017227596,2.897015810,-0.008652575,2.888363235,2.892571592,0.120889927,0.109138750,0.023369719,0.022784044,-0.070072915,-0.006328725,0.050817011,0.102810026,0.138315208,0.117468793,0.183601596,0.097253507,-0.087498197,-0.014658767,-0.132784585,0.005556519,1,20.089567532,0,0,0.000000000,0.000000000,0.000000000,1
37.232000000,0.000000000,0.020000000,0.057890268,0.051210066,0.018355578,-0.017761169,2.961819649,-0.103677304,2.858142344,2.862350702,0.112995771,0.095601708,0.022971296,0.022167473,0.003285981,0.012717440,0.116281752,0.108319149,0.097642265,0.078843662,0.095972360,0.065987260,0.018639487,0.029475486,0.020309392,0.042331889,1,3.032011957,0,0,0.000000000,0.000000000,0.000000000,1
37.332000000,0.000000000,0.020000000,0.042288510,0.033809194,0.018355574,-0.019092754,2.905913115,-0.095760407,2.810152708,2.814361065,0.067255205,0.041355446,0.021100536,0.020423093,-0.016872298,0.030557854,0.050382906,0.071913301,0.055710311,0.038845163,0.063505648,0.041897170,-0.005327405,0.033068138,-0.013122741,0.030016131,1,1.598409634,0,0,0.000000000,0.000000000,0.000000000,1
37.432000000,0.000000000,0.020000000,0.030404561,0.016283413,0.012496621,-0.020424338,2.939663887,-0.025776230,2.913887657,2.918096014,0.052181725,-0.012066191,0.020669526,0.020036365,0.034999958,0.000595985,0.087181683,-0.011470206,0.017665696,0.001149546,0.019727592,0.014357894,0.069515987,-0.012619751,0.067454091,-0.025828099,1,7.906220480,0,0,0.000000000,0.000000000,0.000000000,1
37.532000000,0.000000000,0.024000000,0.011696106,-0.004240124,0.008232754,-0.015360918,2.957290888,0.019240473,2.976531361,2.980739718,0.010308778,-0.058343115,0.020026550,0.020833607,-0.029924172,-0.024371487,-0.019615394,-0.082714602,-0.020423342,-0.036927462,0.003863144,-0.034236943,0.000807948,-0.045787140,-0.023478538,-0.048477659,1,4.755931044,0,0,-0.000000000,-0.000000000,-0.000000000,1
37.632000000,0.000000000,0.020000000,-0.005440667,-0.021390391,0.008232356,-0.015094198,2.946948767,0.063455254,3.010404020,3.014612377,-0.041161324,-0.109833354,0.020419171,0.022817398,0.046661673,0.025284115,0.005500349,-0.084549239,-0.063304422,-0.077329015,-0.043503882,-0.084028318,0.068804771,-0.007220223,0.049004231,-0.000520920,1,3.917594773,0,0,0.000000000,0.000000000,0.000000000,1
37.732000000,0.000000000,0.020000000,-0.018335844,-0.030017653,0.017553424,-0.022284733,2.942634344,-0.038814629,2.903819715,2.908028072,-0.104215966,-0.151876699,0.022552376,0.025113051,0.013418920,-0.032941290,-0.090797046,-0.184817989,-0.102725983,-0.112512368,-0.066063690,-0.120835093,0.011928937,-0.072305621,-0.024733356,-0.063982897,1,5.850343378,0,0,-0.000000000,-0.000000000,-0.000000000,1
37.832000000,0.000000000,0.020000000,-0.030481657,-0.039569474,0.013558675,-0.020154202,2.965719223,0.026362925,2.992082148,2.996290505,-0.131772291,-0.178698145,0.023950770,0.026820333,-0.036592141,0.041907932,-0.168364432,-0.136790214,-0.145262299,-0.153673086,-0.110916906,-0.172746747,-0.023102132,0.016882873,-0.057447526,0.035956533,1,5.432681740,0,0,0.000000000,0.000000000,0.000000000,1
37.932000000,0.000000000,0.022000000,-0.046895302,-0.062391395,0.002905386,-0.017488087,2.950033188,-0.096950680,2.853082508,2.857290865,-0.142085473,-0.227902751,0.024533300,0.030321554,0.047710080,0.001456137,-0.094375392,-0.226446614,-0.185985151,-0.189238759,-0.166454343,-0.199980593,0.091609759,-0.037207855,0.072078951,-0.026466021,1,6.781189204,0,0,0.000000000,0.000000000,0.000000000,1
38.032000000,0.000000000,0.020000000,-0.095999853,-0.116040563,-0.047162056,0.033910926,2.959248543,0.020086982,2.979335525,2.983543882,-0.145504185,-0.244691744,0.024732866,0.031602856,-0.009948310,0.007234333,-0.155452495,-0.237457411,-0.228681682,-0.229131311,-0.186691114,-0.243108702,0.073229187,-0.008326101,0.031238619,0.005651291,1,1.192528000,0,0,0.000000000,0.000000000,0.000000000,1
38.132000000,0.000000000,0.020000000,-0.175247882,-0.183396131,-0.095098943,0.092234179,2.933488369,0.078486874,3.011975243,3.016183600,-0.241406622,-0.274577541,0.031349188,0.033969520,0.007249285,0.056162997,-0.234157337,-0.218414544,-0.265749826,-0.261837908,-0.213827415,-0.271648491,0.031592489,0.043423364,-0.020329922,0.053233947,1,2.238651230,0,0,0.000000000,0.000000000,0.000000000,1
38.232000000,0.000000000,0.020000000,-0.222133508,-0.214156068,-0.103354320,0.113538988,2.969155073,-0.022281968,2.946873105,2.951081462,-0.350027196,-0.296505767,0.040313650,0.035765300,-0.028292063,0.041588102,-0.378319259,-0.254917664,-0.298593633,-0.288929404,-0.245655372,-0.279488763,-0.079725625,0.034011740,-0.132663887,0.024571099,1,9.669359714,0,0,0.000000000,0.000000000,0.000000000,1
38.334000000,0.000000000,0.024000000,-0.218650666,-0.208856413,-0.089239582,0.098092631,2.909009695,-0.096094814,2.812914881,2.817123238,-0.364022364,-0.311569091,0.041534598,0.037023681,-0.053158964,0.052620215,-0.417181327,-0.258948876,-0.316657763,-0.303864983,-0.277599689,-0.280838132,-0.100523565,0.044916107,-0.139581639,0.021889256,1,9.914287957,0,0,0.000000000,0.000000000,0.000000000,1
38.434000000,0.000000000,0.020000000,-0.203393758,-0.198425582,-0.079385839,0.079716854,2.955305338,0.073843333,3.029148670,3.033357028,-0.375638421,-0.359586386,0.042556342,0.041146369,-0.046844765,0.004898226,-0.422483186,-0.354688160,-0.323959427,-0.309540898,-0.300531832,-0.277835191,-0.098523759,-0.045147262,-0.121951354,-0.076852969,1,9.872393891,0,0,-0.000000000,-0.000000000,-0.000000000,1
38.534000000,0.000000000,0.020000000,-0.194935898,-0.190329416,-0.066336378,0.066667341,2.958665609,0.089664054,3.048329663,3.052538020,-0.392013731,-0.376962771,0.044008495,0.042673286,0.058136563,0.043796680,-0.333877168,-0.333166091,-0.323888268,-0.306799947,-0.317156632,-0.282937358,-0.009988900,-0.026366145,-0.016720536,-0.050228733,1,1.278332913,0,0,-0.000000000,-0.000000000,-0.000000000,1
38.634000000,0.000000000,0.020000000,-0.182809326,-0.177339418,-0.053020570,0.057878908,2.969459534,-0.014241315,2.955218218,2.959426575,-0.383554095,-0.353031876,0.043256646,0.040574808,0.004741211,0.034590119,-0.378812884,-0.318441756,-0.317748746,-0.297469604,-0.309630651,-0.277156674,-0.061064138,-0.020972152,-0.069182233,-0.041285082,1,2.950579641,0,0,-0.000000000,-0.000000000,-0.000000000,1
38.734000000,0.000000000,0.020000000,-0.171526729,-0.160100082,-0.044232126,0.052818913,2.937986374,-0.017041012,2.920945362,2.925153719,-0.371820580,-0.313362432,0.042219728,0.037174724,-0.034030571,-0.062428565,-0.405851150,-0.375790997,-0.307568519,-0.283790708,-0.304955453,-0.264096259,-0.098282632,-0.092000289,-0.100895697,-0.111694738,1,11.619535856,0,0,-0.000000000,-0.000000000,-0.000000000,1
38.832000000,0.000000000,0.018000000,-0.162179940,-0.148309807,-0.042355634,0.048552006,2.917633533,-0.043180415,2.874453118,2.878661475,-0.344429349,-0.286749120,0.039828580,0.034960700,0.014871785,-0.010600881,-0.329557565,-0.297350001,-0.289981026,-0.264632389,-0.304417589,-0.266023098,-0.039576539,-0.032717612,-0.025139976,-0.031326903,1,0.921793324,0,0,-0.000000000,-0.000000000,-0.000000000,1
38.932000000,0.000000000,0.022000000,-0.149955982,-0.135830926,-0.032768004,0.043225262,2.926583767,0.028884477,2.955468244,2.959676601,-0.346345349,-0.273693098,0.039994387,0.033898070,0.001339034,-0.052295695,-0.345006315,-0.325988793,-0.270296208,-0.242543139,-0.286078993,-0.245418170,-0.074710107,-0.083445653,-0.058927322,-0.080570623,1,5.974896170,0,0,-0.000000000,-0.000000000,-0.000000000,1
39.032000000,0.000000000,0.018000000,-0.141984685,-0.114655713,-0.035164848,0.059736870,2.912195206,-0.039274572,2.872920634,2.877128991,-0.306884913,-0.157777477,0.036630363,0.025474248,0.008475123,-0.027147117,-0.298409790,-0.184924595,-0.245831223,-0.217533949,-0.271631983,-0.235840683,-0.052578567,0.032609355,-0.026777807,0.050916089,1,3.026491613,0,0,0.000000000,0.000000000,0.000000000,1
39.128000000,0.000000000,0.016000000,-0.172555250,-0.137186358,-0.045817487,0.063198984,2.948689461,0.045286957,2.993976418,2.998184775,-0.379449873,-0.221516455,0.042893147,0.029844520,-0.086459856,0.000168339,-0.465909729,-0.221348117,-0.219050228,-0.192049039,-0.248337094,-0.186767471,-0.246859501,-0.029299078,-0.217572635,-0.034580646,1,22.076900174,0,0,-0.000000000,-0.000000000,-0.000000000,1
39.234000000,0.000000000,0.020000000,-0.095224796,-0.077265727,0.011440479,-0.006309536,2.944355965,-0.063886586,2.880469378,2.884677735,-0.307246059,-0.240735984,0.036660625,0.031297574,-0.018865736,-0.006257983,-0.326111795,-0.246993968,-0.185268347,-0.160846309,-0.249973458,-0.160117058,-0.140843448,-0.086147659,-0.076138337,-0.086876910,1,9.195844815,0,0,-0.000000000,-0.000000000,-0.000000000,1
39.330000000,0.000000000,0.020000000,-0.024094705,-0.020850958,0.038604725,-0.045990642,2.946152449,-0.037909442,2.908243006,2.912451364,-0.182345180,-0.194391616,0.027064694,0.027890518,0.026849600,0.021840057,-0.155495580,-0.172551559,-0.152548341,-0.133755829,-0.234608355,-0.149344574,-0.002947239,-0.038795731,0.079112775,-0.023206986,1,5.863768735,0,0,0.000000000,0.000000000,0.000000000,1
39.432000000,0.000000000,0.020000000,0.002830084,-0.007947413,0.034343645,-0.050518025,2.977266073,-0.118541699,2.858724375,2.862932732,-0.090088584,-0.167136572,0.021935349,0.026064273,-0.025652702,0.038154965,-0.115741286,-0.128981607,-0.123006489,-0.107708809,-0.174626245,-0.128479243,0.007265203,-0.021272798,0.058884959,-0.000502365,1,4.174087735,0,0,0.000000000,0.000000000,0.000000000,1
39.534000000,0.000000000,0.020000000,-0.006296447,-0.012990867,0.021574572,-0.029756056,2.970914364,0.022175443,2.993089807,2.997298164,-0.083420462,-0.127945381,0.021670019,0.023742372,0.002302200,-0.002027075,-0.081118262,-0.129972456,-0.102325053,-0.087586816,-0.125008856,-0.106241171,0.021206792,-0.042385640,0.043890594,-0.023731285,1,3.259299696,0,0,0.000000000,0.000000000,0.000000000,1
39.630000000,0.000000000,0.020000000,-0.021928635,-0.018191395,0.012786143,-0.011380238,2.913948774,0.108315732,3.022264507,3.026472864,-0.104917239,-0.089373296,0.022584868,0.021906069,-0.013176230,0.001457460,-0.118093469,-0.087915835,-0.083794003,-0.068382636,-0.089207777,-0.092997315,-0.034299466,-0.019533200,-0.028885692,0.005081480,1,1.168371851,0,0,0.000000000,0.000000000,0.000000000,1
39.732000000,0.000000000,0.020000000,-0.020705110,-0.010325287,0.015182987,-0.010048655,2.940260172,-0.044502734,2.895757438,2.899965795,-0.103923223,-0.058997993,0.022538863,0.020852041,-0.025950475,0.010935882,-0.129873698,-0.048062111,-0.067177402,-0.053509356,-0.078173510,-0.071611219,-0.062696296,0.005447244,-0.051700188,0.023549108,1,4.541018223,0,0,0.000000000,0.000000000,0.000000000,1
39.832000000,0.000000000,0.022000000,-0.011943459,-0.006944841,0.011720876,-0.011912872,2.957563400,-0.093587920,2.863975480,2.868183837,-0.067774075,-0.054008028,0.021117132,0.020716387,-0.013628414,-0.012649523,-0.081402488,-0.066657551,-0.052335172,-0.039024431,-0.076817640,-0.044952602,-0.029067317,-0.027633120,-0.004584848,-0.021704948,1,0.775332834,0,0,-0.000000000,-0.000000000,-0.000000000,1
39.928000000,0.000000000,0.018000000,-0.010321818,-0.006761274,0.010131796,-0.010322223,2.964912176,0.025632891,2.990545067,2.994753424,-0.061167454,-0.051088968,0.020914458,0.020642210,-0.038014884,0.047121604,-0.099182337,-0.003967364,-0.040727224,-0.027942764,-0.062900591,-0.038072039,-0.058455113,0.023975400,-0.036281747,0.034104675,1,4.001994216,0,0,0.000000000,0.000000000,0.000000000,1
40.032000000,0.000000000,0.020000000,-0.007354045,-0.003951228,0.012528643,-0.012452756,2.946292639,0.097200548,3.043493187,3.047701544,-0.060512827,-0.049925412,0.020895407,0.020613720,-0.005543213,-0.041423302,-0.066056040,-0.091348715,-0.029561099,-0.018283751,-0.060035441,-0.014867763,-0.036494941,-0.073064964,-0.006020600,-0.076480952,1,9.587727035,0,0,-0.000000000,-0.000000000,-0.000000000,1
40.132000000,0.000000000,0.020000000,0.022505800,0.032550640,0.074313998,-0.064384408,2.943487167,0.025911258,2.969398426,2.973606783,-0.153839184,-0.094527143,0.025232220,0.022121343,0.047044669,-0.016020973,-0.106794514,-0.110548116,-0.021378301,-0.009893705,-0.049788175,-0.027042526,-0.085416213,-0.100654410,-0.057006339,-0.083505590,1,14.101766909,0,0,-0.000000000,-0.000000000,-0.000000000,1
40.232000000,0.000000000,0.020000000,0.071687861,0.080611055,0.091624521,-0.091282338,2.927830219,-0.053270067,2.874560152,2.878768509,-0.057309127,-0.030675244,0.020804888,0.020233875,-0.012488129,0.012545430,-0.069797256,-0.018129814,-0.016860365,-0.008147613,-0.056907350,-0.044531086,-0.052936892,-0.009982201,-0.012889906,0.026401272,1,1.452079600,0,0,0.000000000,0.000000000,0.000000000,1
40.330000000,0.000000000,0.020000000,0.076712969,0.073448862,0.071120173,-0.079035662,2.948618650,-0.052907471,2.895711180,2.899919537,0.016195122,-0.016177759,0.020065463,0.020065323,-0.014822913,0.006286215,0.001372209,-0.009891544,-0.021050765,-0.014073547,-0.063009861,-0.039726808,0.022422974,0.004182002,0.064382069,0.029835264,1,8.308111560,0,0,0.000000000,0.000000000,0.000000000,1
40.432000000,0.000000000,0.022000000,0.054203417,0.048154401,0.053276986,-0.058795657,2.938327789,-0.008551815,2.929775974,2.933984331,0.002714236,-0.031176497,0.020001842,0.020241535,0.027000601,0.008244425,0.029714837,-0.022932072,-0.033595255,-0.028155818,-0.051647073,-0.040351560,0.063310092,0.005223746,0.081361911,0.017419488,1,11.702618170,0,0,0.000000000,0.000000000,0.000000000,1
40.532000000,0.000000000,0.020000000,0.027622159,0.025841694,0.041559074,-0.042550366,2.963557720,-0.060433663,2.903124058,2.907332415,-0.040460594,-0.048507349,0.020405161,0.020579835,0.001721091,-0.016347572,-0.038739502,-0.064854921,-0.049934280,-0.044420698,-0.041425739,-0.048106005,0.011194778,-0.020434223,0.002686236,-0.016748916,1,0.483256330,0,0,0.000000000,0.000000000,0.000000000,1
40.632000000,0.000000000,0.024000000,0.011438662,0.014597275,0.038629614,-0.036960863,2.954703569,-0.011844746,2.942858823,2.947067180,-0.080019133,-0.065812882,0.021541370,0.021055008,-0.026402998,0.016671003,-0.106422131,-0.049141879,-0.071481076,-0.066628465,-0.060772449,-0.072676977,-0.034941056,0.017486586,-0.045649683,0.023535098,1,4.188433542,0,0,0.000000000,0.000000000,0.000000000,1
40.732000000,0.000000000,0.026000000,-0.002005414,0.001051805,0.035433821,-0.031101903,2.966837168,0.031627317,2.998464485,3.002672842,-0.112260218,-0.090104153,0.022935204,0.021935988,-0.006424624,0.003789602,-0.118684842,-0.086314551,-0.094411627,-0.089199967,-0.095497984,-0.090475832,-0.024273215,0.002885416,-0.023186859,0.004161280,1,0.778176034,0,0,0.000000000,0.000000000,0.000000000,1
40.832000000,0.000000000,0.020000000,-0.014836897,-0.009948658,0.036232773,-0.031368218,2.942330837,0.039226553,2.981557391,2.985765748,-0.152267151,-0.123188637,0.025136683,0.023489453,-0.007257461,0.010008989,-0.159524613,-0.113179648,-0.121973964,-0.116532260,-0.125007935,-0.110443564,-0.037550648,0.003352612,-0.034516678,-0.002736083,1,1.426926554,0,0,-0.000000000,-0.000000000,-0.000000000,1
40.932000000,0.000000000,0.020000000,-0.021934131,-0.019261202,0.037564341,-0.033498749,2.955163479,0.033666053,2.988829532,2.993037889,-0.177830790,-0.157690499,0.026762621,0.025468862,0.017572892,0.037329134,-0.160257898,-0.120361364,-0.148356684,-0.142617435,-0.158952826,-0.137343373,-0.011901214,0.022256070,-0.001305073,0.016982009,1,0.335089954,0,0,0.000000000,0.000000000,0.000000000,1
41.032000000,0.000000000,0.020000000,-0.037245190,-0.041322492,0.024518289,-0.027107911,2.992717266,0.031461130,3.024178396,3.028386753,-0.186783779,-0.206945746,0.027365705,0.028779601,0.022534435,0.024425289,-0.164249344,-0.182520456,-0.179716269,-0.175906212,-0.186904118,-0.160693617,0.015466925,-0.006614244,0.022654774,-0.021826840,1,0.962854947,0,0,0.000000000,0.000000000,0.000000000,1
41.128000000,0.000000000,0.018000000,-0.052770130,-0.053696500,0.026915247,-0.024711242,2.945783854,-0.077630787,2.868153066,2.872361423,-0.228549856,-0.224885406,0.030370222,0.030095423,0.002809600,-0.002644232,-0.225740256,-0.227529638,-0.210730424,-0.206854994,-0.208735349,-0.192457298,-0.015009832,-0.020674644,-0.017004907,-0.035072339,1,1.291025712,0,0,-0.000000000,-0.000000000,-0.000000000,1
41.232000000,0.000000000,0.020000000,-0.059859294,-0.059994264,0.025051031,-0.023113346,2.996513128,-0.028783106,2.967730022,2.971938379,-0.251990922,-0.246640950,0.032171327,0.031754017,-0.036895924,0.025931892,-0.288886847,-0.220709058,-0.245488563,-0.240923171,-0.244841686,-0.232491924,-0.043398284,0.020214114,-0.044045160,0.011782867,1,1.556970052,0,0,0.000000000,0.000000000,0.000000000,1
41.332000000,0.000000000,0.022000000,-0.072862581,-0.073271374,0.023186946,-0.023646066,3.007581949,0.007213440,3.014795389,3.019003746,-0.289569673,-0.292186250,0.035192413,0.035408022,0.000112712,-0.060545697,-0.289456961,-0.352731947,-0.277671175,-0.274132800,-0.286371311,-0.261219975,-0.011785786,-0.078599147,-0.003085650,-0.091511973,1,5.304529374,0,0,-0.000000000,-0.000000000,-0.000000000,1
41.434000000,0.000000000,0.018000000,-0.084661332,-0.085918036,0.023719573,-0.025510287,2.982360125,0.026716937,3.009077062,3.013285419,-0.326126497,-0.335296410,0.038256828,0.039041476,0.013549111,0.055924246,-0.312577387,-0.279372164,-0.313628047,-0.312364156,-0.319534873,-0.312691646,0.001050660,0.032991993,0.006957487,0.033319482,1,0.615194554,0,0,0.000000000,0.000000000,0.000000000,1
41.532000000,0.000000000,0.020000000,-0.097437914,-0.103260758,0.017061677,-0.024977652,2.972418308,0.011245045,2.983663353,2.987871710,-0.341628233,-0.382620244,0.039586595,0.043173864,0.004006340,0.034728917,-0.337621893,-0.347891327,-0.346347092,-0.348814916,-0.349659510,-0.339883164,0.008725199,0.000923588,0.012037617,-0.008008163,1,0.101591358,0,0,0.000000000,0.000000000,0.000000000,1
41.634000000,0.000000000,0.020000000,-0.111317459,-0.121632663,0.016529040,-0.024445022,2.991174698,-0.046997842,2.944176856,2.948385213,-0.376402705,-0.430078537,0.042623819,0.047430744,-0.064378788,-0.002911307,-0.440781493,-0.432989844,-0.384512937,-0.388734850,-0.382364027,-0.378546463,-0.056268556,-0.044254994,-0.058417466,-0.054443381,1,2.623550272,0,0,-0.000000000,-0.000000000,-0.000000000,1
41.734000000,0.000000000,0.022000000,-0.130560446,-0.137998839,0.010139868,-0.014855661,2.952044725,0.130052167,3.082096893,3.086305250,-0.433652000,-0.471112381,0.047755006,0.051180746,0.024240128,-0.029941145,-0.409411872,-0.501053526,-0.420990327,-0.425513726,-0.427903549,-0.420285692,0.011578456,-0.075539799,0.018491677,-0.080767834,1,2.207562570,0,0,0.000000000,0.000000000,0.000000000,1
41.834000000,0.000000000,0.020000000,-0.167343192,-0.170520919,-0.022084383,0.018167544,2.959883690,0.028117208,2.988000898,2.992209255,-0.434033452,-0.455232020,0.047789647,0.049722851,-0.071361200,0.064734784,-0.505394652,-0.390497236,-0.461415362,-0.465189616,-0.461012283,-0.466958458,-0.043979290,0.074692380,-0.044382368,0.076461223,1,2.615980291,0,0,0.000000000,0.000000000,0.000000000,1
41.932000000,0.000000000,0.018000000,-0.219620012,-0.219129151,-0.049248636,0.049859148,2.980703592,-0.068614325,2.912089268,2.916297625,-0.496136656,-0.492929361,0.053493138,0.053195804,-0.113683697,0.002200569,-0.609820354,-0.490728793,-0.496594645,-0.499910360,-0.500361923,-0.482234526,-0.113225708,0.009181567,-0.109458431,-0.008494267,1,3.536478818,0,0,-0.000000000,-0.000000000,-0.000000000,1
42.034000000,0.000000000,0.020000000,-0.243367968,-0.242146198,-0.051645469,0.052788649,2.964762926,0.018771055,2.983533981,2.987742339,-0.572010590,-0.564954682,0.060596709,0.059931110,0.049284974,0.040357288,-0.522725615,-0.524597394,-0.528867254,-0.531687986,-0.544746212,-0.507131070,0.006141639,0.007090593,0.022020596,-0.017466323,1,0.185956879,0,0,0.000000000,0.000000000,0.000000000,1
42.134000000,0.000000000,0.020000000,-0.244670709,-0.240294639,-0.038595978,0.041603364,2.952102900,-0.095255299,2.856847600,2.861055957,-0.588724099,-0.567630692,0.062176850,0.060183436,0.065106065,-0.100226644,-0.523618035,-0.667857335,-0.553709871,-0.556635261,-0.559571393,-0.527877141,0.030091837,-0.111222075,0.035953359,-0.139980195,1,4.866040116,0,0,0.000000000,0.000000000,0.000000000,1
42.234000000,0.000000000,0.020000000,-0.235960228,-0.236826949,-0.030073866,0.026423341,2.974623203,0.024659428,2.999282632,3.003490989,-0.617511388,-0.631059888,0.064909192,0.066199440,-0.008352294,0.018372850,-0.625863683,-0.612687038,-0.574559364,-0.578743619,-0.569638959,-0.564941959,-0.051304318,-0.033943418,-0.056224723,-0.047745079,1,1.089903793,0,0,-0.000000000,-0.000000000,-0.000000000,1
42.334000000,0.000000000,0.020000000,-0.228673076,-0.234747055,-0.024214910,0.014439114,2.972332954,-0.072054702,2.900278253,2.904486610,-0.592985573,-0.638954328,0.062580499,0.066952418,-0.053963812,-0.046955015,-0.646949384,-0.685909344,-0.588881494,-0.595248889,-0.588181006,-0.583731483,-0.058067890,-0.090660454,-0.058768379,-0.102177861,1,2.727715414,0,0,-0.000000000,-0.000000000,-0.000000000,1
42.434000000,0.000000000,0.020000000,-0.228950485,-0.234917827,-0.019154903,0.009379113,2.957316875,0.067107317,3.024424193,3.028632550,-0.634510836,-0.682124743,0.066528490,0.071084046,0.010241422,-0.065464029,-0.624269413,-0.747588772,-0.603502523,-0.610665514,-0.607163682,-0.608488763,-0.020766890,-0.136923258,-0.017105731,-0.139100008,1,3.375838772,0,0,-0.000000000,-0.000000000,-0.000000000,1
42.534000000,0.000000000,0.020000000,-0.233681568,-0.238089840,-0.019402664,0.014428549,2.927303076,-0.015318168,2.911984908,2.916193265,-0.623976934,-0.651298303,0.065524592,0.068131452,0.033279063,-0.076138349,-0.590697871,-0.727436652,-0.616608938,-0.621525274,-0.618686820,-0.630053991,0.025911067,-0.105911378,0.027988949,-0.097382662,1,1.911673802,0,0,0.000000000,0.000000000,0.000000000,1
42.634000000,0.000000000,0.020000000,-0.251002269,-0.249050683,-0.051360574,0.053044412,2.967242241,-0.029241680,2.938000561,2.942208918,-0.586547414,-0.575866533,0.061970789,0.060960829,-0.055078018,0.017500866,-0.641625433,-0.558365668,-0.628134006,-0.633029035,-0.621920744,-0.647483875,-0.013491427,0.074663367,-0.019704688,0.089118207,1,1.848164681,0,0,0.000000000,0.000000000,0.000000000,1
42.734000000,0.000000000,0.018000000,-0.291958362,-0.289313280,-0.077459589,0.079942316,2.987531900,-0.039028409,2.948503491,2.952711848,-0.632450381,-0.617331020,0.066332005,0.064892032,-0.088012537,0.024681534,-0.720462918,-0.592649485,-0.636463244,-0.639402841,-0.626705415,-0.629458784,-0.083999674,0.046753356,-0.093757503,0.036809298,1,1.989904956,0,0,0.000000000,0.000000000,0.000000000,1
42.830000000,0.000000000,0.022000000,-0.313142243,-0.306098435,-0.077992208,0.083404437,2.953464031,-0.008351348,2.945112683,2.949321040,-0.692543349,-0.655858920,0.072084415,0.068567552,-0.115308658,0.083473426,-0.807852007,-0.572385494,-0.636670846,-0.637883558,-0.636461755,-0.615372702,-0.171181162,0.065498064,-0.171390252,0.042987208,1,5.288799807,0,0,0.000000000,0.000000000,0.000000000,1
42.932000000,0.000000000,0.024000000,-0.302743883,-0.292484935,-0.060415339,0.063697040,2.928585052,-0.031119316,2.897465737,2.901674094,-0.702138654,-0.662905087,0.073006759,0.069241834,-0.120356697,-0.141098052,-0.822495352,-0.804003139,-0.627629376,-0.628688214,-0.645458492,-0.597967551,-0.194865975,-0.175314925,-0.177036859,-0.206035588,1,12.446482488,0,0,-0.000000000,-0.000000000,-0.000000000,1
43.032000000,0.000000000,0.024000000,-0.274036044,-0.267285227,-0.047090795,0.045852616,2.968407154,-0.055696793,2.912710361,2.916918718,-0.661025778,-0.644969058,0.069061934,0.067526668,-0.091548391,-0.012701063,-0.752574169,-0.657670121,-0.612428093,-0.612146997,-0.652155563,-0.610044681,-0.140146076,-0.045523124,-0.100418606,-0.047625440,1,2.181246400,0,0,-0.000000000,-0.000000000,-0.000000000,1
43.132000000,0.000000000,0.020000000,-0.258336596,-0.253911506,-0.042030789,0.038129449,2.940730333,-0.033557709,2.907172624,2.911380981,-0.628838320,-0.627315690,0.065987698,0.065842613,-0.044224689,0.062123539,-0.673063009,-0.565192151,-0.593728489,-0.595303295,-0.643861783,-0.593361019,-0.079334520,0.030111144,-0.029201226,0.028168868,1,0.323615707,0,0,0.000000000,0.000000000,0.000000000,1
43.232000000,0.000000000,0.018000000,-0.243025026,-0.238068276,-0.035106573,0.036531538,2.958580732,0.070311449,3.028892181,3.033100538,-0.629762576,-0.610433052,0.066075782,0.064236167,-0.039803193,0.049659383,-0.669565769,-0.560773669,-0.571350571,-0.569465609,-0.623060337,-0.558924921,-0.098215198,0.008691941,-0.046505431,-0.001848748,1,0.413296077,0,0,-0.000000000,-0.000000000,-0.000000000,1
43.334000000,0.000000000,0.026000000,-0.238663177,-0.224473958,-0.032443404,0.039727334,2.939464569,0.036846506,2.976311075,2.980519432,-0.613774193,-0.549863423,0.064553757,0.058510664,-0.038967724,-0.018045731,-0.652741916,-0.567909154,-0.548290996,-0.545043525,-0.603124758,-0.527609846,-0.104450921,-0.022865629,-0.049617158,-0.040299308,1,0.852004132,0,0,-0.000000000,-0.000000000,-0.000000000,1
43.432000000,0.000000000,0.024000000,-0.227255639,-0.209531389,-0.028981298,0.034667328,2.935023785,0.018740980,2.953764764,2.957973121,-0.585655762,-0.516507301,0.061886402,0.055387705,0.038321026,0.061307563,-0.547334736,-0.455199738,-0.519454876,-0.513779045,-0.580766749,-0.501870955,-0.027879861,0.058579307,0.033432013,0.046671217,1,0.785793385,0,0,0.000000000,0.000000000,0.000000000,1
43.532000000,0.000000000,0.024000000,-0.209446585,-0.195827317,-0.029247614,0.032004174,2.953886509,-0.071773334,2.882113175,2.886321532,-0.519353828,-0.472156840,0.055653248,0.051276903,-0.012658178,-0.008373521,-0.532012006,-0.480530361,-0.491035835,-0.483898864,-0.539077631,-0.455528496,-0.040976171,0.003368502,0.007065624,-0.025001865,1,0.196400223,0,0,0.000000000,0.000000000,0.000000000,1
43.632000000,0.000000000,0.020000000,-0.193480295,-0.180881417,-0.022057083,0.024280995,2.936429977,0.001614239,2.938044217,2.942252574,-0.503648977,-0.460098963,0.054190617,0.050168821,-0.014448727,0.042185651,-0.518097704,-0.417913312,-0.458900499,-0.449081455,-0.502955539,-0.423127032,-0.059197205,0.031168143,-0.015142166,0.005213720,1,0.069308750,0,0,0.000000000,0.000000000,0.000000000,1
43.734000000,0.000000000,0.026000000,-0.178641962,-0.162210853,-0.019393919,0.025612582,2.959007978,0.095426371,3.054434350,3.058642707,-0.486412693,-0.417230452,0.052592519,0.046268915,0.061539797,0.088249917,-0.424872896,-0.328980535,-0.426615364,-0.416878591,-0.470196720,-0.384777093,0.001742468,0.087898056,0.045323824,0.055796557,1,1.654722742,0,0,0.000000000,0.000000000,0.000000000,1
43.832000000,0.000000000,0.024000000,-0.172216159,-0.158563973,-0.020991813,0.020552577,2.940784693,0.032914782,2.973699474,2.977907832,-0.449695756,-0.410404413,0.049216488,0.045654330,0.099365141,0.077384818,-0.350330615,-0.333019596,-0.391322600,-0.381312293,-0.422343921,-0.333606506,0.040991985,0.048292697,0.072013306,0.000586910,1,1.619826089,0,0,0.000000000,0.000000000,0.000000000,1
43.930000000,0.000000000,0.022000000,-0.157838437,-0.147005695,-0.020192862,0.021884156,2.910621881,-0.058498983,2.852122898,2.856331255,-0.392582096,-0.356862006,0.044059131,0.040908494,-0.018364417,-0.007954736,-0.410946513,-0.364816742,-0.357925472,-0.348566000,-0.367242143,-0.294418238,-0.053021042,-0.016250741,-0.043704370,-0.070398504,1,2.860134863,0,0,-0.000000000,-0.000000000,-0.000000000,1
44.034000000,0.000000000,0.024000000,-0.145707790,-0.133071157,-0.020711366,0.024530144,2.942404032,0.086530911,3.028934943,3.033143300,-0.378606036,-0.328763667,0.042818516,0.038481885,0.028413501,-0.014885502,-0.350192535,-0.343649169,-0.321160475,-0.310289917,-0.337314286,-0.270315466,-0.029032060,-0.033359252,-0.012878249,-0.073333702,1,2.654028779,0,0,-0.000000000,-0.000000000,-0.000000000,1
44.132000000,0.000000000,0.018000000,-0.134367317,-0.117544739,-0.018847160,0.022399615,2.897560358,-0.074122992,2.823437366,2.827645723,-0.326163927,-0.268636295,0.038260019,0.033491112,-0.016118260,0.006574936,-0.342282186,-0.262061360,-0.285587134,-0.274246759,-0.301061955,-0.250593389,-0.056695053,0.012185399,-0.041220232,-0.011467971,1,0.893482138,0,0,-0.000000000,-0.000000000,-0.000000000,1
44.236000000,0.000000000,0.024000000,-0.120209011,-0.101709470,-0.016183995,0.021866981,2.940819502,0.009389803,2.950209305,2.954417662,-0.306895570,-0.235552053,0.036631256,0.030900610,0.035292378,-0.017202874,-0.271603192,-0.252754928,-0.247201754,-0.235690515,-0.268468079,-0.213133848,-0.024401438,-0.017064413,-0.003135113,-0.039621079,1,1.091351445,0,0,-0.000000000,-0.000000000,-0.000000000,1
44.334000000,0.000000000,0.020000000,-0.101720099,-0.090078030,-0.020707624,0.018131927,2.940256119,0.014325476,2.954581595,2.958789952,-0.239357968,-0.212570632,0.031191704,0.029186688,-0.035839329,0.047100209,-0.275197298,-0.165470423,-0.210033811,-0.201752637,-0.227617982,-0.187798647,-0.065163487,0.036282214,-0.047579316,0.022328224,1,1.883046241,0,0,0.000000000,0.000000000,0.000000000,1
44.434000000,0.000000000,0.022000000,-0.086544261,-0.079061075,-0.019376051,0.021061396,2.970012426,-0.021233642,2.948778785,2.952987142,-0.198064193,-0.171028222,0.028147722,0.026315519,-0.063066878,0.028559917,-0.261131070,-0.142468305,-0.170814988,-0.161648748,-0.203446430,-0.140480447,-0.090316082,0.019180443,-0.057684641,-0.001987858,1,2.683876793,0,0,-0.000000000,-0.000000000,-0.000000000,1
44.532000000,0.000000000,0.018000000,-0.074124129,-0.059994188,-0.015913650,0.020528710,2.945718050,-0.051497836,2.894220214,2.898428571,-0.168473945,-0.114221787,0.026150233,0.023031851,-0.069193872,-0.017441624,-0.237667817,-0.131663411,-0.133510374,-0.123666016,-0.183321020,-0.098042284,-0.104157443,-0.007997395,-0.054346797,-0.033621127,1,4.097722627,0,0,-0.000000000,-0.000000000,-0.000000000,1
44.632000000,0.000000000,0.018000000,-0.056254633,-0.039448178,-0.009522063,0.019729756,2.968048096,0.011840180,2.979888275,2.984096632,-0.139257837,-0.058758695,0.024370627,0.020845283,0.009104902,0.017081665,-0.130152935,-0.041677030,-0.093330657,-0.081151807,-0.159352349,-0.067567074,-0.036822278,0.039474777,0.029199414,0.025890044,1,1.849503947,0,0,0.000000000,0.000000000,0.000000000,1
44.734000000,0.000000000,0.022000000,-0.042758139,-0.023525703,-0.008723116,0.019197123,2.964202404,0.020050834,2.984253238,2.988461595,-0.101569128,-0.012917579,0.022431292,0.020041673,-0.005576135,0.000376861,-0.107145263,-0.012540718,-0.055411430,-0.042459907,-0.103868885,-0.013252079,-0.051733833,0.029919190,-0.003276378,0.000711362,1,0.013740997,0,0,0.000000000,0.000000000,0.000000000,1
44.832000000,0.000000000,0.020000000,-0.030257750,-0.014661170,-0.015913650,0.023191869,2.939018488,0.016673228,2.955691716,2.959900073,-0.042396737,0.025214117,0.020444433,0.020158311,0.021858104,-0.035246274,-0.020538634,-0.010032156,-0.015437608,-0.002392211,-0.062733707,0.026974610,-0.005101026,-0.007639945,0.042195074,-0.037006766,1,4.581626168,0,0,0.000000000,0.000000000,0.000000000,1
44.934000000,0.000000000,0.022000000,-0.014871044,-0.004144342,-0.015913658,0.017599227,2.904356003,0.083761847,2.988117850,2.992326207,0.003115452,0.040204782,0.020002426,0.020400104,-0.016929004,-0.011312555,-0.013813551,0.028892227,0.022154499,0.033559642,-0.001165055,0.054405104,-0.035968050,-0.004667415,-0.012648497,-0.025512877,1,1.259070702,0,0,-0.000000000,-0.000000000,-0.000000000,1
45.034000000,0.000000000,0.020000000,-0.007241355,0.004155248,-0.017245235,0.021593971,2.974660158,0.047732859,3.022393017,3.026601374,0.030235656,0.077824260,0.020227258,0.021460805,0.006632214,-0.021011342,0.036867870,0.056812918,0.064015945,0.072522198,0.039430686,0.085550494,-0.027148076,-0.015709281,-0.002562816,-0.028737576,1,1.196713090,0,0,-0.000000000,-0.000000000,-0.000000000,1
45.134000000,0.000000000,0.020000000,0.007357766,0.014408628,-0.014582657,0.016253563,2.951191425,-0.013713755,2.937477671,2.941686028,0.064449502,0.090069501,0.021012791,0.021934565,-0.001161093,-0.012025972,0.063288410,0.078043528,0.104977560,0.109486525,0.085538972,0.117757325,-0.041689151,-0.031442996,-0.022250562,-0.039713796,1,2.940813506,0,0,-0.000000000,-0.000000000,-0.000000000,1
45.234000000,0.000000000,0.022000000,0.028643359,0.033408202,-0.014316342,0.018650407,2.946510553,0.056474683,3.002985237,3.007193594,0.129007346,0.156331234,0.023799768,0.025384928,-0.025421177,-0.020834644,0.103586169,0.135496590,0.147922553,0.148977260,0.124850869,0.146200733,-0.044336384,-0.013480670,-0.021264699,-0.010704143,1,0.696431056,0,0,-0.000000000,-0.000000000,-0.000000000,1
45.334000000,0.000000000,0.020000000,0.041908486,0.045853801,-0.010854234,0.016519880,2.945890427,-0.087173651,2.858716775,2.862925132,0.150833673,0.178308689,0.025050109,0.026794400,-0.012090947,0.000117139,0.138742726,0.178425828,0.188201153,0.184783457,0.165718843,0.185509031,-0.049458427,-0.006357629,-0.026976118,-0.007083203,1,0.873914337,0,0,-0.000000000,-0.000000000,-0.000000000,1
45.432000000,0.000000000,0.020000000,0.070184335,0.080416185,0.031756349,-0.021563327,2.935959339,-0.007549969,2.928409371,2.932617728,0.112532874,0.172345261,0.022948562,0.026401305,-0.002708227,-0.030460517,0.109824647,0.141884744,0.231280032,0.223941493,0.201631394,0.225300523,-0.121455385,-0.082056749,-0.091806747,-0.083415779,1,17.673816027,0,0,-0.000000000,-0.000000000,-0.000000000,1
45.532000000,0.000000000,0.020000000,0.144808455,0.151049776,0.086351164,-0.085745536,2.980183363,-0.041436629,2.938746734,2.942955091,0.171791173,0.191912621,0.026365168,0.027718307,0.023097947,0.014478081,0.194889120,0.206390703,0.270702230,0.257564588,0.212474887,0.238761122,-0.075813111,-0.051173885,-0.017585767,-0.032370419,1,1.298291812,0,0,-0.000000000,-0.000000000,-0.000000000,1
45.632000000,0.000000000,0.020000000,0.209274773,0.200019397,0.104194365,-0.112909749,2.963000774,-0.051585955,2.911414820,2.915623177,0.305932657,0.253612320,0.036550621,0.032298484,-0.023668259,-0.010180208,0.282264398,0.243432112,0.303512853,0.284702654,0.240442798,0.257595413,-0.021248455,-0.041270542,0.041821600,-0.014163301,1,1.220922461,0,0,0.000000000,0.000000000,0.000000000,1
45.732000000,0.000000000,0.020000000,0.223187622,0.206038553,0.093541697,-0.108116083,2.971451044,-0.007053603,2.964397441,2.968605799,0.384322050,0.290281120,0.043324755,0.035250976,0.013800791,0.004050232,0.398122841,0.294331351,0.324105292,0.301233865,0.267413861,0.272397783,0.074017549,-0.006902514,0.130708980,0.021933568,1,8.015136350,0,0,0.000000000,0.000000000,0.000000000,1
45.834000000,0.000000000,0.020000000,0.204695192,0.188642217,0.067442738,-0.074293911,2.952226639,-0.036210183,2.916016455,2.920224812,0.400230415,0.333441541,0.044741970,0.038882292,0.087353297,0.006226205,0.487583712,0.339667747,0.332729844,0.306680241,0.296034934,0.285329526,0.154853868,0.032987505,0.191548778,0.054338221,1,16.798131820,0,0,0.000000000,0.000000000,0.000000000,1
45.932000000,0.000000000,0.018000000,0.179563076,0.168336323,0.055458501,-0.059113886,2.967669487,0.046538151,3.014207638,3.018415995,0.374076958,0.329219102,0.042418577,0.038520802,0.036150024,-0.021893637,0.410226982,0.307325465,0.333499737,0.305058872,0.328213834,0.298042427,0.076727245,0.002266592,0.082013148,0.009283038,1,3.047900631,0,0,0.000000000,0.000000000,0.000000000,1
46.030000000,0.000000000,0.018000000,0.171563015,0.165423754,0.057589013,-0.054053903,2.976271868,0.030730279,3.007002147,3.011210504,0.342720068,0.334889384,0.039680857,0.039006525,-0.070709891,-0.013382140,0.272010177,0.321507243,0.328398408,0.299892415,0.339817497,0.298283575,-0.056388231,0.021614828,-0.067807320,0.023223669,1,2.595122419,0,0,0.000000000,0.000000000,0.000000000,1
46.134000000,0.000000000,0.026000000,0.165040891,0.161697318,0.057594076,-0.053525511,2.967680454,0.105163342,3.072843796,3.077052153,0.330167281,0.332395065,0.038601870,0.038792587,-0.030321059,0.006206495,0.299846221,0.338601561,0.318114041,0.290300613,0.314310577,0.290542438,-0.018267819,0.048300947,-0.014464355,0.048059123,1,1.332022746,0,0,0.000000000,0.000000000,0.000000000,1
46.232000000,0.000000000,0.024000000,0.156727888,0.146566711,0.040816158,-0.046334974,2.959928513,-0.003113854,2.956814658,2.961023015,0.342729503,0.296366668,0.039681672,0.035753769,0.008582438,-0.060441546,0.351311940,0.235925123,0.303610728,0.272878809,0.300614893,0.286476691,0.047701213,-0.036953686,0.050697047,-0.050551568,1,2.852870675,0,0,0.000000000,0.000000000,0.000000000,1
46.332000000,0.000000000,0.024000000,0.148463591,0.133520870,0.033625610,-0.043139193,2.929697275,-0.055302686,2.874394589,2.878602946,0.330089671,0.259792602,0.038595232,0.032786003,0.003271495,0.006325714,0.333361166,0.266118316,0.285810774,0.253520345,0.292845779,0.254368373,0.047550392,0.012597971,0.040515387,0.011749943,1,0.915967664,0,0,0.000000000,0.000000000,0.000000000,1
46.432000000,0.000000000,0.024000000,0.139821992,0.119638540,0.028565619,-0.045003396,2.972819805,-0.073230448,2.899589357,2.903797714,0.322597796,0.216411270,0.037956467,0.029467582,0.026747138,0.036257149,0.349344934,0.252668419,0.263143808,0.229625646,0.282172780,0.237838845,0.086201126,0.023042773,0.067172155,0.014829574,1,2.506183054,0,0,0.000000000,0.000000000,0.000000000,1
46.530000000,0.000000000,0.022000000,0.173930634,0.140914299,0.062121451,-0.087880298,2.942748308,-0.015746131,2.927002177,2.931210535,0.327265722,0.155230636,0.038353990,0.025317297,-0.028264625,0.046847149,0.299001098,0.202077785,0.238817296,0.206189470,0.274550603,0.220985797,0.060183802,-0.004111685,0.024450495,-0.018908012,1,0.677703477,0,0,0.000000000,0.000000000,0.000000000,1
46.632000000,0.000000000,0.024000000,0.129991121,0.103707327,0.002999273,-0.007452815,2.955032587,-0.037136778,2.917895809,2.922104166,0.370548982,0.280860636,0.042107784,0.034479370,-0.037181699,0.017427356,0.333367283,0.298287992,0.201167444,0.175552344,0.245607737,0.184702888,0.132199839,0.122735648,0.087759546,0.113585104,1,11.820174304,0,0,0.000000000,0.000000000,0.000000000,1
46.730000000,0.000000000,0.018000000,0.037888553,0.036879508,-0.035882886,0.047940951,2.977593422,-0.051505523,2.926087899,2.930296256,0.215861716,0.248192117,0.029427246,0.031874649,0.006094886,0.056323173,0.221956603,0.304515290,0.167624304,0.146938124,0.233000678,0.185236606,0.054332299,0.157577165,-0.011044075,0.119278684,1,10.432798588,0,0,0.000000000,0.000000000,0.000000000,1
46.834000000,0.000000000,0.024000000,-0.005308604,0.004155601,-0.041751992,0.056469303,2.951309681,0.058469921,3.009779602,3.013987959,0.109686565,0.182467597,0.022810336,0.027072943,0.029494351,-0.038836296,0.139180916,0.143631300,0.136666869,0.119314824,0.202714921,0.190591322,0.002514047,0.024316476,-0.063534005,-0.046960022,1,6.188596552,0,0,-0.000000000,-0.000000000,-0.000000000,1
46.930000000,0.000000000,0.022000000,-0.000632029,0.004125370,-0.026838297,0.030902952,2.986519575,-0.051527859,2.934991716,2.939200073,0.076915180,0.102807834,0.021428006,0.022487652,0.001018557,-0.031028958,0.077933737,0.071778876,0.114996014,0.098513450,0.153511556,0.156431015,-0.037062276,-0.026734575,-0.075577819,-0.084652139,1,15.651321165,0,0,-0.000000000,-0.000000000,-0.000000000,1
47.032000000,0.000000000,0.020000000,0.017319779,0.013832348,-0.014055059,0.013592346,2.924435854,-0.052705994,2.871729860,2.875938217,0.090100060,0.078756311,0.021935820,0.021494780,0.014209271,0.005445591,0.104309332,0.084201902,0.095398662,0.080485590,0.104588391,0.107407032,0.008910670,0.003716312,-0.000279060,-0.023205131,1,0.719094538,0,0,-0.000000000,-0.000000000,-0.000000000,1
47.134000000,0.000000000,0.020000000,0.018663419,0.015672830,-0.010060317,0.009597604,2.972525120,0.011531800,2.984056920,2.988265277,0.085713263,0.075408415,0.021759311,0.021374384,0.009182063,-0.014774622,0.094895325,0.060633793,0.078092289,0.066679817,0.087475854,0.084376478,0.016803037,-0.006046024,0.007419471,-0.023742685,1,0.880788986,0,0,0.000000000,0.000000000,0.000000000,1
47.232000000,0.000000000,0.024000000,0.013197988,0.011781451,-0.009793998,0.012793403,2.965953588,-0.013411985,2.952541603,2.956749960,0.067884795,0.072558279,0.021120688,0.021275503,-0.000164705,-0.008629765,0.067720091,0.063928515,0.063296983,0.051772601,0.076767899,0.063677719,0.004423108,0.012155914,-0.009047808,0.000250795,1,0.120859513,0,0,0.000000000,0.000000000,0.000000000,1
47.332000000,0.000000000,0.020000000,0.009688982,0.005985090,-0.009261369,0.010662870,2.944955111,-0.035543626,2.909411484,2.913619841,0.055134368,0.048435764,0.020746035,0.020578149,0.015599749,-0.017460635,0.070734117,0.030975129,0.050213715,0.042234543,0.061271168,0.055370974,0.020520402,-0.011259414,0.009462949,-0.024395846,1,1.074431676,0,0,0.000000000,0.000000000,0.000000000,1
47.432000000,0.000000000,0.020000000,0.003804712,0.004648450,-0.009527685,0.010396553,2.956551313,0.036179107,2.992730420,2.996938777,0.039900270,0.045025639,0.020394125,0.020500563,0.003843841,0.011642593,0.043744111,0.056668232,0.038873122,0.031320775,0.054179042,0.039367406,0.004870989,0.025347458,-0.010434930,0.017300827,1,0.659669364,0,0,0.000000000,0.000000000,0.000000000,1
47.532000000,0.000000000,0.024000000,-0.014735488,-0.024436245,-0.045746688,0.033299729,2.905961275,0.116118188,3.022079463,3.026287820,0.093718311,0.026786152,0.022086902,0.020178577,0.004227804,-0.001060738,0.097946115,0.025725414,0.029199674,0.021672317,0.041123323,0.036934685,0.068746442,0.004053097,0.056822792,-0.011209270,1,4.859112971,0,0,0.000000000,0.000000000,0.000000000,1
47.632000000,0.000000000,0.020000000,-0.028055676,-0.064242551,-0.110999048,0.035169788,2.915800095,-0.045775810,2.870024285,2.874232642,0.238049491,-0.083439536,0.031091407,0.021670754,-0.008658612,0.039237043,0.229390879,-0.044202492,0.021552794,0.015197941,0.052419423,0.031317407,0.207838085,-0.059400433,0.176971455,-0.075519899,1,35.532573651,0,0,0.000000000,0.000000000,0.000000000,1
47.734000000,0.000000000,0.022000000,-0.019296939,-0.108906883,-0.113129571,0.012000299,2.948647976,0.101601951,3.050249927,3.054458284,0.286212980,-0.295589300,0.034916740,0.035689359,0.015975127,-0.009037524,0.302188107,-0.304626824,0.017950448,0.017365716,0.081117705,0.018005027,0.284237659,-0.321992540,0.221070402,-0.322631851,0,104.680117152,0,0,0.000000000,0.000000000,0.000000000,1
47.832000000,0.000000000,0.024000000,0.002210183,-0.096641159,-0.093954809,-0.003446076,2.907869101,0.069782009,2.977651110,2.981859467,0.286345794,-0.298024865,0.034927627,0.035891339,0.072484050,0.068125284,0.358829844,-0.229899581,0.015867773,0.031133069,0.079986916,0.034647113,0.342962071,-0.261032650,0.278842928,-0.264546694,0,95.645570295,0,0,0.000000000,0.000000000,0.000000000,1
47.932000000,0.000000000,0.024000000,0.012108115,-0.064704581,-0.064125910,-0.005042266,2.944560528,0.028586382,2.973146910,2.977355267,0.226654956,-0.207367622,0.030227879,0.028809952,0.014479884,0.036810911,0.241134840,-0.170556711,0.013730625,0.052838461,0.078735144,0.058388498,0.227404215,-0.223395172,0.162399696,-0.228945209,0,63.449924186,0,0,0.000000000,0.000000000,0.000000000,1
48.032000000,0.000000000,0.024000000,0.010875809,-0.034340227,-0.053206947,-0.002112794,2.969535351,0.008689875,2.978225226,2.982433583,0.190852880,-0.108565308,0.027645040,0.022756631,0.003685395,-0.001670221,0.194538275,-0.110235529,0.010977754,0.082384502,0.075681320,0.088666691,0.183560521,-0.192620031,0.118856955,-0.198902220,0,49.261015218,0,0,0.000000000,0.000000000,0.000000000,1
48.134000000,0.000000000,0.020000000,0.005610967,-0.012516140,-0.048146937,0.003479845,2.927998066,0.024159692,2.952157758,2.956366115,0.158701812,-0.026676568,0.025531601,0.020177125,0.011453227,0.011484208,0.170155039,-0.015192361,0.007346522,0.113743022,0.071620863,0.124425660,0.162808517,-0.128935383,0.098534176,-0.139618021,1,25.602979850,0,0,0.000000000,0.000000000,0.000000000,1
48.234000000,0.000000000,0.022000000,0.000017247,0.003452468,-0.048146937,0.003746166,2.939555645,0.036212217,2.975767862,2.979976219,0.143325431,0.021421465,0.024605320,0.020114393,0.005186364,-0.025120601,0.148511795,-0.003699136,0.004736914,0.152112271,0.118863517,0.077498500,0.143774881,-0.155811407,0.029648278,-0.081197636,1,9.794815580,0,0,0.000000000,0.000000000,0.000000000,1
48.332000000,0.000000000,0.020000000,0.001753491,0.021090357,-0.042021677,0.000816688,2.944175959,0.018420640,2.962596599,2.966804956,0.129688163,0.064901739,0.023836740,0.021026706,0.035347263,-0.021927813,0.165035426,0.042973925,0.003815252,0.190461128,0.126452657,0.080266897,0.161220174,-0.147487202,0.038582769,-0.037292972,1,3.710234414,0,0,0.000000000,0.000000000,0.000000000,1
48.430000000,0.000000000,0.018000000,0.002731212,0.037155618,-0.038293242,0.000550372,2.963333845,0.017522005,2.980855850,2.985064208,0.122287984,0.112396122,0.023442344,0.022941859,-0.003743135,-0.044656818,0.118544850,0.067739304,0.000989068,0.234298908,0.140004665,0.111009863,0.117555782,-0.166559604,-0.021459816,-0.043270559,1,2.937279080,0,0,-0.000000000,-0.000000000,-0.000000000,1
48.532000000,0.000000000,0.022000000,0.003801780,0.055464141,-0.039358508,0.000284060,2.935715199,-0.000454223,2.935260975,2.939469332,0.126686709,0.163635519,0.023674780,0.025841165,0.020625500,0.004310677,0.147312209,0.167946196,-0.001393543,0.276821375,0.129289419,0.145701355,0.148705753,-0.108875179,0.018022790,0.022244841,1,0.893453448,0,0,0.000000000,0.000000000,0.000000000,1
48.632000000,0.000000000,0.020000000,-0.000044509,0.076884896,-0.032700602,0.004012482,2.960776806,-0.043984649,2.916792157,2.921000514,0.095251037,0.235960839,0.022152372,0.030931783,0.008419916,-0.059128677,0.103670953,0.176832163,-0.004759319,0.325516702,0.131905949,0.202361197,0.108430272,-0.148684539,-0.028234996,-0.025529034,1,1.487478153,0,0,-0.000000000,-0.000000000,-0.000000000,1
48.734000000,0.000000000,0.022000000,-0.002237654,0.096323792,-0.033765867,0.004811436,2.947172403,0.082144731,3.029317134,3.033525491,0.095508956,0.306370682,0.022163475,0.036587292,0.033082242,0.041779862,0.128591198,0.348150544,-0.007788014,0.371661294,0.119588536,0.248329819,0.136379213,-0.023510750,0.009002663,0.099820724,1,6.146336023,0,0,0.000000000,0.000000000,0.000000000,1
48.834000000,0.000000000,0.022000000,0.003301188,0.111776243,-0.033499550,-0.002112790,2.945578337,0.021982580,2.967560917,2.971769274,0.109208433,0.325432978,0.022787383,0.038197725,0.048165655,0.014109149,0.157374088,0.339542128,-0.007868724,0.422630181,0.125101871,0.318409041,0.165242812,-0.083088054,0.032272217,0.021133087,1,1.489204959,0,0,0.000000000,0.000000000,0.000000000,1
48.932000000,0.000000000,0.024000000,0.005717371,0.124424812,-0.032697562,-0.002643885,2.930264473,-0.023706859,2.906557614,2.910765971,0.111655217,0.353963283,0.022905652,0.040655874,0.030872966,-0.024259112,0.142528184,0.329704171,-0.008228885,0.469759793,0.136593733,0.375128828,0.150757069,-0.140055622,0.005934451,-0.045424657,1,1.066734781,0,0,0.000000000,0.000000000,0.000000000,1
49.032000000,0.000000000,0.024000000,0.006036972,0.141085099,-0.029235458,-0.002643882,2.950204611,-0.005504370,2.944700241,2.948908598,0.103866732,0.407667884,0.022536259,0.045408491,-0.030162392,-0.005834803,0.073704340,0.401833082,-0.010148871,0.522835675,0.138586963,0.419530891,0.083853212,-0.121002594,-0.064882622,-0.017697809,1,5.261100919,0,0,-0.000000000,-0.000000000,-0.000000000,1
49.134000000,0.000000000,0.026000000,0.002317297,0.165213741,-0.028170194,0.000019279,2.941093922,-0.081238363,2.859855559,2.864063916,0.087189822,0.472542572,0.021817897,0.051312424,-0.013799928,0.013216228,0.073389893,0.485758800,-0.011475195,0.572998580,0.111023535,0.470888628,0.084865088,-0.087239779,-0.037633642,0.014870172,1,1.891141682,0,0,0.000000000,0.000000000,0.000000000,1
49.234000000,0.000000000,0.024000000,0.000595801,0.188975201,-0.004201740,0.000818227,2.929323912,0.068149397,2.997473308,3.001681666,0.014380501,0.568900735,0.020051633,0.060303238,-0.068177537,-0.089142299,-0.053797036,0.479758435,-0.012849619,0.627516586,0.095519744,0.527474704,-0.040947417,-0.147758151,-0.149316780,-0.047716269,1,31.890375944,0,0,-0.000000000,-0.000000000,-0.000000000,1
49.297647410,-0.032000000,-0.008000000,0.000229144,0.254420778,0.045604046,0.001356098,2.960231304,0.036333371,2.996564675,3.000773033,-0.135968829,0.766451952,0.024184194,0.079211653,-0.011100874,-0.093386931,-0.147069703,0.673065020,-0.013049335,0.676749740,0.031421316,0.563647750,-0.134020368,-0.003684720,-0.178491019,0.109417271,0,39.112746085,0,0,0.000000000,0.000000000,0.000000000,1
49.401651408,-0.028000000,-0.008000000,-0.000112675,0.316583910,0.073567241,0.001622435,2.968374252,0.105720309,3.074094562,3.078302919,-0.226499029,0.978196393,0.030216189,0.099843286,-0.000326355,0.110620603,-0.226825384,1.088816996,-0.014026794,0.725940036,0.030299725,0.609972398,-0.212798590,0.362876960,-0.257125109,0.478844598,0,72.094093857,0,0,0.000000000,0.000000000,0.000000000,1
49.505655414,-0.024000000,0.000000000,-0.001695892,0.337271414,0.061849333,0.001356095,2.963967323,-0.002274961,2.961692362,2.965900719,-0.188201410,1.002910506,0.027462660,0.102265805,-0.007540664,0.043419100,-0.195742074,1.046329606,-0.014869413,0.764842194,0.030187852,0.650507632,-0.180872661,0.281487412,-0.225929925,0.395821973,0,52.441487210,0,0,0.000000000,0.000000000,0.000000000,1
49.605659429,-0.024000000,-0.004000000,-0.002908593,0.332564868,0.049598787,0.002953989,2.964786768,0.115123775,3.079910543,3.084118900,-0.161718033,1.033368064,0.025720171,0.105254432,0.006928135,-0.109274155,-0.154789898,0.924093909,-0.015471800,0.799970623,0.030222396,0.681927676,-0.139318098,0.124123286,-0.185012294,0.242166233,1,28.616232309,0,0,0.000000000,0.000000000,0.000000000,1
49.709669454,-0.020000000,0.004000000,-0.001040691,0.326560345,0.030157713,0.000290841,2.934397936,0.034187146,2.968585082,2.972793439,-0.092615118,0.970285554,0.022040318,0.099068363,-0.018935559,0.045953987,-0.111550677,1.016239541,-0.015914289,0.822545635,-0.072101649,0.710001979,-0.095636388,0.193693907,-0.039449028,0.306237563,1,10.234651256,0,0,0.000000000,0.000000000,0.000000000,1
49.813667487,-0.016000000,0.004000000,-0.001491695,0.320754909,0.019505071,0.002155057,2.970949411,0.026016942,2.996966354,3.001174711,-0.062926599,0.967750306,0.020966582,0.098820072,0.009910606,0.128018067,-0.053015993,1.095768373,-0.017335396,0.844468370,-0.092424541,0.766369566,-0.035680597,0.251300003,0.039408548,0.329398808,1,11.486843946,0,0,0.000000000,0.000000000,0.000000000,1
49.921671529,-0.008000000,0.016000000,-0.002851299,0.324579421,0.021102967,0.000557158,2.976132631,0.022858011,2.998990642,3.003198999,-0.071838619,0.975081558,0.021251068,0.099538136,0.031590278,-0.204621786,-0.040248341,0.770459772,-0.018081424,0.862796887,-0.076355048,0.829769124,-0.022166917,-0.092337116,0.036106707,-0.059309352,1,2.161538189,0,0,0.000000000,0.000000000,0.000000000,1
50.025669581,-0.004000000,0.016000000,-0.001984726,0.330587742,0.021369280,0.001356106,2.941029310,0.024164902,2.965194212,2.969402569,-0.069249163,0.984277974,0.021164935,0.100439192,0.023298631,-0.145231782,-0.045950532,0.839046192,-0.019538344,0.880115119,-0.063627255,0.841880265,-0.026412188,-0.041068927,0.017676722,-0.002834073,1,0.452813897,0,0,0.000000000,0.000000000,0.000000000,1
50.129667640,0.000000000,0.024000000,-0.002962366,0.333466675,0.017640859,0.002687686,2.949381113,0.102982910,3.052364023,3.056572380,-0.062888544,1.026065477,0.020965440,0.104537570,0.007245367,0.183588428,-0.055643177,1.209653904,-0.019734549,0.893883750,-0.058514707,0.858503421,-0.035908628,0.315770154,0.002871530,0.351150483,1,9.866919856,0,0,0.000000000,0.000000000,0.000000000,1
50.181671709,-0.048000000,-0.028000000,-0.001219591,0.335664524,0.017640859,0.001089790,2.947982788,0.056199691,3.004182480,3.008390837,-0.056660232,1.011671410,0.020787107,0.103125120,-0.008967212,0.101707362,-0.065627444,1.113378771,-0.020029090,0.906837414,-0.056030976,0.916022835,-0.045598354,0.206541357,-0.009596468,0.197355936,1,3.347491587,0,0,0.000000000,0.000000000,0.000000000,1
50.285675787,-0.044000000,-0.020000000,0.000683576,0.335329499,0.010715817,0.000295049,2.938960075,0.074480474,3.013440550,3.017648907,-0.030231561,1.011384621,0.020227196,0.103096986,0.019293320,0.029634243,-0.010938241,1.041018864,-0.019792408,0.915991889,-0.060298822,0.953508496,0.008854167,0.125026976,0.049360581,0.087510369,1,4.352457399,0,0,0.000000000,0.000000000,0.000000000,1
50.385673873,-0.044000000,-0.024000000,0.000986000,0.337565604,0.012580032,-0.000503900,2.941971064,-0.044296538,2.897674526,2.901882883,-0.033595730,0.976695116,0.020280205,0.099696206,-0.008719161,0.003687694,-0.042314891,0.980382810,-0.018820293,0.926708983,-0.041206098,0.977745311,-0.023494598,0.053673827,-0.001108792,0.002637499,1,0.002568122,0,0,0.000000000,0.000000000,0.000000000,1
50.489665967,-0.040000000,-0.016000000,0.003926808,0.337230257,0.015243193,-0.000503898,2.969434500,-0.080271363,2.889163136,2.893371493,-0.032694884,0.972857382,0.020265477,0.099320264,-0.007180399,0.102808281,-0.039875282,1.075665663,-0.018900301,0.935982420,-0.040587882,0.988071463,-0.020974981,0.139683243,0.000712600,0.087594201,1,0.666560667,0,0,0.000000000,0.000000000,0.000000000,1
50.593655071,-0.036000000,-0.016000000,0.004055007,0.342743256,0.013903717,-0.001300315,2.938808441,0.033463801,2.972272243,2.976480600,-0.029273047,1.014861377,0.020213093,0.103438079,-0.001560054,-0.044679783,-0.030833101,0.970181594,-0.018093232,0.944289513,-0.041742229,1.010683992,-0.012739869,0.025892082,0.010909128,-0.040502398,1,0.326426281,0,0,0.000000000,0.000000000,0.000000000,1
50.701653183,-0.028000000,-0.012000000,0.004697802,0.336351410,0.001919492,-0.000235053,2.965354681,-0.013706671,2.951648010,2.955856367,0.008200594,0.992097178,0.020016805,0.101205573,-0.010236642,-0.016575857,-0.002036048,0.975521321,-0.017453628,0.947597833,-0.038777007,1.009924656,0.015417580,0.027923489,0.036740960,-0.034403335,1,2.273079556,0,0,0.000000000,0.000000000,0.000000000,1
50.805651304,-0.024000000,-0.004000000,0.002126387,0.328861858,0.000050182,0.000033690,2.973651886,0.035628940,3.009280826,3.013489183,0.006247882,0.989739066,0.020009757,0.100974423,0.001445073,-0.084283800,0.007692954,0.905455265,-0.016985229,0.950820536,-0.024306170,1.012762649,0.024678184,-0.045365271,0.031999124,-0.107307384,1,2.660918094,0,0,0.000000000,0.000000000,0.000000000,1
50.909643434,-0.020000000,0.004000000,0.003538538,0.334592429,0.005110472,-0.000765244,2.936481237,0.064373001,3.000854238,3.005062595,-0.004717146,1.001766720,0.020005562,0.102153637,0.020692066,0.060731652,0.015974921,1.062498372,-0.015877824,0.955501053,-0.013441291,1.004205689,0.031852745,0.106997319,0.029416212,0.058292683,1,1.646222103,0,0,0.000000000,0.000000000,0.000000000,1
51.013647573,-0.016000000,0.004000000,0.005507491,0.338925586,0.004311525,-0.001564193,2.952509880,0.038725129,2.991235009,2.995443366,0.003577417,1.009127210,0.020003199,0.102875543,-0.001591793,-0.027091933,0.001985624,0.982035278,-0.015241381,0.958068490,-0.003215991,1.018078372,0.017227006,0.023966788,0.005201615,-0.036043094,1,0.152169781,0,0,0.000000000,0.000000000,0.000000000,1
51.113651721,-0.016000000,0.008000000,0.004416946,0.339514755,0.003512576,0.000033704,2.953702450,0.082753885,3.036456335,3.040664692,0.002746083,1.031024069,0.020001885,0.105024313,0.033416293,-0.012626814,0.036162376,1.018397256,-0.014447661,0.960840041,-0.000916100,1.016846085,0.050610037,0.057557214,0.037078476,0.001551171,1,2.207384785,0,0,0.000000000,0.000000000,0.000000000,1
51.217649877,-0.012000000,0.008000000,0.001733517,0.332979772,0.000582870,0.001631680,2.968545675,0.003759229,2.972304904,2.976513261,0.003420073,0.994567259,0.020002924,0.101447722,-0.011257675,0.088755486,-0.007837602,1.083322745,-0.014285284,0.962997898,0.011652796,1.022011460,0.006447682,0.120324847,-0.019490399,0.061311285,1,0.940353940,0,0,0.000000000,0.000000000,0.000000000,1
51.321654042,-0.008000000,0.016000000,0.002677064,0.338513189,0.008306039,0.001365364,2.935624838,-0.060633973,2.874990865,2.879199222,-0.016183255,0.977147735,0.020065368,0.099740548,0.017923693,-0.147876700,0.001740438,0.829271035,-0.013649974,0.962580836,0.005698303,1.031130572,0.015390413,-0.133309801,-0.003957865,-0.201859537,1,3.522894448,0,0,-0.000000000,-0.000000000,-0.000000000,1
51.425662397,-0.004000000,0.016004182,0.006183478,0.385535451,0.063433476,-0.001564114,2.952145100,0.018308786,2.970453886,2.974662243,-0.170058478,1.140569151,0.026252597,0.115797150,-0.049185482,-0.119781869,-0.219243960,1.020787282,-0.012947664,0.961007014,0.003416855,1.002439388,-0.206296297,0.059780268,-0.222660815,0.018347893,0,54.382543664,0,0,0.000000000,0.000000000,0.000000000,1
51.529662397,-0.004000000,0.024000000,0.007250960,0.423623428,0.097255640,-0.001031473,2.984607458,-0.042717643,2.941889815,2.946098172,-0.264783850,1.243218969,0.033182900,0.125920348,0.001799378,0.104646274,-0.262984472,1.347865242,-0.013608580,0.958283417,0.002114894,1.001479782,-0.249375892,0.389581825,-0.265099365,0.346385460,0,55.977029178,0,0,0.000000000,0.000000000,0.000000000,1
51.581666587,-0.052000000,-0.028000000,0.007008903,0.428781880,0.095391423,0.000300108,2.924130440,-0.102098806,2.822031634,2.826239991,-0.249418267,1.210882944,0.031970216,0.122728868,-0.013589047,0.063990342,-0.263007314,1.274873285,-0.013568696,0.945384524,0.000343930,0.988733159,-0.249438618,0.329488762,-0.263351244,0.286140126,0,51.081167864,0,0,0.000000000,0.000000000,0.000000000,1
51.689670786,-0.040000000,-0.024000000,0.006329914,0.412131624,0.078347191,-0.000232533,2.964970827,0.044788416,3.009759243,3.013967600,-0.216754667,1.239717095,0.029492810,0.125574618,0.018323649,0.037413818,-0.198431019,1.277130914,-0.013022098,0.924580236,0.000198324,0.969187123,-0.185408921,0.352550678,-0.198629342,0.307943791,1,31.300457909,0,0,0.000000000,0.000000000,0.000000000,1
51.793674994,-0.036000000,-0.016000000,0.007209912,0.386375647,0.066629268,-0.001564108,2.950391293,0.039286383,2.989677676,2.993886033,-0.177644724,1.150462469,0.026750261,0.116771739,0.007094286,0.329070372,-0.170550438,1.479532841,-0.012326736,0.898568200,-0.087002921,0.966769414,-0.158223702,0.580964641,-0.083547518,0.512763427,1,22.378874747,0,0,0.000000000,0.000000000,0.000000000,1
51.897679209,-0.032000000,-0.008000000,0.009910652,0.362778978,0.054112419,-0.005026229,2.946107626,-0.036671970,2.909435656,2.913644013,-0.128602197,1.040858605,0.023777831,0.105989935,0.001782964,-0.020871050,-0.126819233,1.019987555,-0.011110454,0.868078648,-0.121357174,1.008097663,-0.115708780,0.151908906,-0.005462059,0.011889891,1,0.041297888,0,0,0.000000000,0.000000000,0.000000000,1
52.001677433,-0.028000000,-0.008000000,0.011010383,0.339368788,0.050908200,-0.002888704,2.973206282,0.018675207,2.991881489,2.996089846,-0.119369541,1.006708536,0.023291433,0.102638301,0.045710455,-0.053032924,-0.073659086,0.953675612,-0.011260704,0.829125236,-0.125232960,0.973529434,-0.062398382,0.124550376,0.051573874,-0.019853822,1,3.024793965,0,0,0.000000000,0.000000000,0.000000000,1
52.105672665,-0.024000000,0.000000000,0.008024542,0.317961945,0.041853454,0.000040766,2.943634510,-0.091429487,2.852205023,2.856413380,-0.096486993,0.907008927,0.022205797,0.092879771,0.039875243,0.110172409,-0.056611750,1.017181336,-0.012959292,0.789052457,-0.108205854,0.931876713,-0.043652458,0.228128879,0.051594103,0.085304624,1,3.908580165,0,0,0.000000000,0.000000000,0.000000000,1
52.209672154,-0.020000000,-0.000001752,0.003582858,0.296271854,0.036527123,0.004301825,2.939172029,-0.170803469,2.768368560,2.772576917,-0.091201869,0.832098722,0.021981306,0.085579687,0.009823326,-0.078973035,-0.081378542,0.753125687,-0.013736937,0.742974852,-0.089820410,0.908948802,-0.067641605,0.010150835,0.008441868,-0.155823115,1,2.714540564,0,0,0.000000000,0.000000000,0.000000000,1
52.313664411,-0.016000000,0.007992257,0.004806113,0.270906352,0.033863965,-0.001290808,3.002206802,0.024458748,3.026665551,3.030873908,-0.087948401,0.816036078,0.021848323,0.084018741,-0.032096617,0.054911801,-0.120045018,0.870947879,-0.012821578,0.700653283,-0.089618706,0.832594839,-0.107223440,0.170294596,-0.030426312,0.038353040,1,1.373832249,0,0,0.000000000,0.000000000,0.000000000,1
52.417668676,-0.012000000,0.008004265,0.009478940,0.264624044,0.035461862,-0.005019237,2.913315296,0.005100478,2.918415774,2.922624131,-0.075828970,0.757634765,0.021389257,0.078358818,0.021469938,-0.027462276,-0.054359032,0.730172489,-0.012842009,0.652003179,-0.103200866,0.795672319,-0.041517023,0.078169310,0.048841834,-0.065499831,1,3.753474747,0,0,0.000000000,0.000000000,0.000000000,1
52.521678949,-0.008000000,0.016010273,0.009147014,0.238422591,0.031196095,-0.004214985,2.966418505,0.083116810,3.049535315,3.053743672,-0.067239452,0.714224366,0.021100034,0.074169835,-0.005205967,0.179123330,-0.072445419,0.893347696,-0.013047288,0.604761237,-0.087853629,0.737918702,-0.059398130,0.288586459,0.015408210,0.155428994,1,3.744133314,0,0,0.000000000,0.000000000,0.000000000,1
52.625677230,-0.004000000,0.015998281,0.003783373,0.217895489,0.031462405,0.000578709,2.951342344,-0.067767409,2.883574935,2.887783292,-0.079814561,0.629986723,0.021533779,0.066097146,-0.022839005,-0.014173401,-0.102653567,0.615813321,-0.015602572,0.551227345,-0.084130123,0.720661605,-0.087050995,0.064585976,-0.018523443,-0.104848283,1,2.341353915,0,0,-0.000000000,-0.000000000,-0.000000000,1
52.725675520,-0.008000000,0.019998290,0.002274458,0.195318905,0.025869774,0.001111343,2.942446709,-0.041283859,2.901162849,2.905371206,-0.068453852,0.569876138,0.021139047,0.060395266,-0.015708927,-0.060249520,-0.084162779,0.509626618,-0.016122663,0.501451105,-0.096367124,0.642392849,-0.068040116,0.008175513,0.012204345,-0.132766231,1,3.818711193,0,0,0.000000000,0.000000000,0.000000000,1
52.781673817,-0.048000000,-0.028001703,0.003428292,0.186923282,0.029598193,0.000578709,2.933365107,0.072167731,3.005532837,3.009741194,-0.078654497,0.563543392,0.021491052,0.059798090,0.031316512,0.075681625,-0.047337985,0.639225017,-0.017728366,0.445880079,-0.093524306,0.558761321,-0.029609620,0.193344937,0.046186321,0.080463695,1,4.150221139,0,0,0.000000000,0.000000000,0.000000000,1
52.885672122,-0.044000000,-0.020001695,0.004191888,0.167643025,0.024538189,-0.003682359,2.940145493,-0.027711418,2.912434075,2.916642432,-0.059257261,0.477524630,0.020859392,0.051771592,0.010042120,-0.055306422,-0.049215141,0.422218208,-0.018333604,0.395128122,-0.077595327,0.528626866,-0.030881537,0.027090087,0.028380186,-0.106408657,1,4.215054761,0,0,0.000000000,0.000000000,0.000000000,1
52.989672122,-0.040000000,-0.020000000,0.004949313,0.147133582,0.028532933,-0.000220242,2.927592993,0.185165652,3.112758644,3.116967001,-0.073410119,0.457305769,0.021304705,0.049912781,-0.018064201,0.080416143,-0.091474320,0.537721912,-0.019632940,0.338466680,-0.070313590,0.446457682,-0.071841380,0.199255231,-0.021160730,0.091264230,1,3.088066072,0,0,0.000000000,0.000000000,0.000000000,1
53.093667436,-0.036000000,-0.012000000,0.003538701,0.126229151,0.025862604,-0.001811217,2.945008516,-0.064606644,2.880401873,2.884610230,-0.064301812,0.358373651,0.021008266,0.041040428,-0.002008188,0.032084366,-0.066310000,0.390458016,-0.020125398,0.287372736,-0.082230133,0.416223811,-0.046184602,0.103085281,0.015920133,-0.025765794,1,0.614613539,0,0,0.000000000,0.000000000,0.000000000,1
53.197671757,-0.032000000,-0.012000000,0.005446884,0.106964762,0.027194180,-0.003941746,2.958770037,-0.041881808,2.916888229,2.921096586,-0.063434430,0.300506622,0.020981880,0.036097677,0.009336309,0.014167777,-0.054098121,0.314674399,-0.021407584,0.229273601,-0.077181311,0.353300098,-0.032690537,0.085400798,0.023083190,-0.038625699,1,1.490293191,0,0,0.000000000,0.000000000,0.000000000,1
53.301670087,-0.028000000,-0.004000000,0.004182191,0.082394028,0.019204697,-0.002876491,2.936076880,0.056509336,2.992586215,2.996794572,-0.044956142,0.237963084,0.020499038,0.031084792,-0.014618655,0.015116331,-0.059574797,0.253079415,-0.021639909,0.176263749,-0.071269020,0.285923529,-0.037934889,0.076815666,0.011694222,-0.032844114,1,0.902805544,0,0,0.000000000,0.000000000,0.000000000,1
53.401674424,-0.028000000,-0.008000000,0.002081018,0.063203342,0.024531022,0.001118258,2.976244688,-0.058313739,2.917930949,2.922139306,-0.065507559,0.187685989,0.021045484,0.027427364,0.018627308,0.014244447,-0.046880251,0.201930435,-0.024172431,0.117589578,-0.071037175,0.219665097,-0.022707820,0.084340857,0.024156924,-0.017734662,1,1.059350031,0,0,0.000000000,0.000000000,0.000000000,1
53.505672770,-0.024000000,0.000000000,0.000222343,0.039677897,0.016807850,-0.000745958,2.956841230,-0.044553700,2.912287531,2.916495888,-0.048301767,0.113380999,0.020575000,0.022990270,0.031085071,-0.003273653,-0.017216696,0.110107346,-0.024850160,0.063642421,-0.063989500,0.159039954,0.007633464,0.046464925,0.046772804,-0.048932609,1,5.733211735,0,0,0.000000000,0.000000000,0.000000000,1
53.609675484,-0.020000000,0.000004361,0.001901042,0.019903181,0.022400495,-0.003142800,2.932990313,-0.095235732,2.837754581,2.841962938,-0.058172416,0.047561846,0.020828833,0.020557755,-0.008458037,0.027330532,-0.066630453,0.074892378,-0.026054300,0.004741643,-0.049781700,0.084765137,-0.040576152,0.070150735,-0.016848753,-0.009872759,1,0.510878396,0,0,-0.000000000,-0.000000000,-0.000000000,1
53.717685853,-0.012000000,0.012010369,0.000605871,0.004433374,0.023732070,-0.001811219,2.994934797,0.001112681,2.996047478,3.000255836,-0.069287190,0.007856099,0.021166179,0.020015424,0.000900796,-0.061092078,-0.068386394,-0.053235979,-0.028359341,-0.048950007,-0.060490501,0.025080039,-0.040027053,-0.004285972,-0.007895893,-0.078316018,1,9.263894317,0,0,-0.000000000,-0.000000000,-0.000000000,1
53.821685853,-0.008000000,0.012000000,-0.001873435,-0.018315095,0.022668241,-0.002339998,2.956537485,-0.023227386,2.933310099,2.937518456,-0.071988346,-0.060587793,0.021256134,0.020897579,0.007846726,0.011572821,-0.064141619,-0.049014972,-0.029921588,-0.106906691,-0.068543628,-0.061944560,-0.034220032,0.057891719,0.004402009,0.012929589,1,0.268377360,0,0,0.000000000,0.000000000,0.000000000,1
53.921681230,-0.008000000,0.016000000,-0.000021682,-0.037736201,0.024266137,-0.002872625,2.972994328,0.105137553,3.078131881,3.082340238,-0.074761110,-0.124999324,0.021351633,0.023584917,-0.019169311,0.005309782,-0.093930421,-0.119689542,-0.031014936,-0.161535588,-0.071602918,-0.113603855,-0.062915485,0.041846047,-0.022327503,-0.006085687,1,0.690100201,0,0,-0.000000000,-0.000000000,-0.000000000,1
54.029685614,0.000000000,0.020000000,-0.001978520,-0.059729899,0.023467192,-0.001008413,2.953937531,-0.015527280,2.938410250,2.942618607,-0.074769943,-0.178474077,0.021351942,0.026805409,-0.000070675,0.021364116,-0.074840618,-0.157109961,-0.033060986,-0.219990227,-0.085359220,-0.170949535,-0.041779632,0.062880266,0.010518602,0.013839574,1,0.333070035,0,0,0.000000000,0.000000000,0.000000000,1
54.081690007,-0.048000000,-0.024000000,-0.002752888,-0.067604173,0.023733504,-0.002073677,2.977560043,0.045462413,3.023022456,3.027230814,-0.080068958,-0.210637705,0.021543221,0.029046212,-0.037519022,0.033860544,-0.117587980,-0.176777161,-0.035773975,-0.274115010,-0.086781229,-0.223269470,-0.081814005,0.097337849,-0.030806751,0.046492309,1,3.157789237,0,0,0.000000000,0.000000000,0.000000000,1
54.181688406,-0.048000000,-0.028000000,-0.005311877,-0.090993099,0.025597721,-0.000475785,2.964506149,-0.016307802,2.948198347,2.952406704,-0.091127626,-0.269668412,0.021978227,0.033573956,-0.003110446,-0.016210455,-0.094238072,-0.285878867,-0.038348937,-0.331928330,-0.103578622,-0.264676128,-0.055889135,0.046049463,0.009340551,-0.021202739,1,0.422529733,0,0,0.000000000,0.000000000,0.000000000,1
54.289686814,-0.044000000,-0.016000000,-0.004552107,-0.111891969,0.004825060,-0.006867371,2.952404737,-0.033404157,2.919000580,2.923208937,-0.027371954,-0.346658583,0.020186437,0.040021516,-0.006468661,-0.038059335,-0.033840615,-0.384717918,-0.038466030,-0.386249236,-0.103088234,-0.325342506,0.004625415,0.001531318,0.069247619,-0.059375412,1,8.430296369,0,0,0.000000000,0.000000000,0.000000000,1
54.393685229,-0.036000000,-0.016000000,-0.001493254,-0.186273416,-0.084657155,-0.002340003,2.899900436,0.029255696,2.929156132,2.933364489,0.243600052,-0.552478154,0.031518405,0.058756456,0.014793832,-0.000705973,0.258393883,-0.553184126,-0.040824177,-0.445985566,-0.078338405,-0.387511100,0.299218060,-0.107198560,0.336732288,-0.165673026,0,95.300964967,0,0,0.000000000,0.000000000,0.000000000,1
54.497689651,-0.032000000,-0.008000000,-0.010113350,-0.301774878,-0.152837738,0.003262863,2.982066870,-0.003855930,2.978210940,2.982419297,0.425063333,-0.889031748,0.046976466,0.091125049,-0.035866110,0.011836862,0.389197223,-0.877194886,-0.042385136,-0.495143450,-0.081428909,-0.433941144,0.431582359,-0.382051435,0.470626132,-0.443253742,0,105.418905352,0,0,0.000000000,0.000000000,0.000000000,1
54.601685081,-0.028000000,-0.008000000,-0.015694965,-0.342016108,-0.150973499,0.009388078,2.971899271,0.009616723,2.981515994,2.985724351,0.403335113,-0.991735792,0.045019908,0.101170148,0.046005184,-0.006476913,0.449340297,-0.998212706,-0.045071524,-0.530570310,-0.088938908,-0.461540783,0.494411821,-0.467642395,0.538279205,-0.536671923,0,nan,0,0,0.000000000,0.000000000,0.000000000,1
54.705683519,-0.024000000,0.000000000,-0.020591934,-0.332705390,-0.121412359,0.003801585,2.956368446,-0.019449135,2.936919311,2.941127668,0.296101454,-0.965963936,0.035731789,0.098645138,0.004007665,-0.116096257,0.300109119,-1.082060193,-0.045863180,-0.550583071,-0.093240250,-0.475251837,0.345972299,-0.531477121,0.393349369,-0.606808356,0,108.026016486,0,0,0.000000000,0.000000000,0.000000000,1
54.809680417,-0.020000000,0.000004453,-0.015905655,-0.303792660,-0.094780728,0.001937391,2.937510252,0.088839198,3.026349450,3.030557808,0.238703534,-0.913519525,0.031141512,0.093515663,-0.061760328,0.099697727,0.176943205,-0.813821798,-0.045935390,-0.556215168,-0.094553006,-0.476355834,0.222878596,-0.257606630,0.271496212,-0.337465964,0,48.253474651,0,0,0.000000000,0.000000000,0.000000000,1
54.913684877,-0.016000000,0.008004460,-0.013402725,-0.282327465,-0.081731260,0.000339480,2.971919775,-0.036851521,2.935068254,2.939276612,0.200548914,-0.827653985,0.028323112,0.085147585,-0.034398992,-0.041842169,0.166149922,-0.869496154,-0.045352942,-0.551951945,-0.096855678,-0.466634038,0.211502864,-0.317544209,0.263005600,-0.402862116,0,52.810543041,0,0,0.000000000,0.000000000,0.000000000,1
55.017683345,-0.012000000,0.007998468,-0.013937762,-0.274374042,-0.078801766,0.000073156,2.951448917,0.068519172,3.019968089,3.024176446,0.195887223,-0.828379923,0.027994965,0.085218149,0.025317392,-0.113935408,0.221204615,-0.942315331,-0.044843090,-0.539756621,-0.100950354,-0.451883972,0.266047705,-0.402558710,0.322154969,-0.490431358,0,73.257373960,0,0,0.000000000,0.000000000,0.000000000,1
55.121687820,-0.008000000,0.016004475,-0.015947946,-0.261912122,-0.069480702,0.002203693,2.973504305,0.107965945,3.081470250,3.085678607,0.164959594,-0.800283798,0.025925213,0.082489645,0.032655726,-0.010498066,0.197615320,-0.810781864,-0.044623342,-0.520511282,-0.104470766,-0.426647219,0.242238661,-0.290270582,0.302086086,-0.384134645,0,55.124212930,0,0,0.000000000,0.000000000,0.000000000,1
55.225687820,-0.004000000,0.016000000,-0.017168394,-0.243074153,-0.058561750,0.002203710,2.964352369,-0.014075602,2.950276767,2.954485124,0.122121855,-0.710634472,0.023433682,0.073824207,0.022395420,-0.069126271,0.144517274,-0.779760743,-0.044003980,-0.494734133,-0.107341700,-0.396305165,0.188521254,-0.285026610,0.251858975,-0.383455578,0,44.365705874,0,0,0.000000000,0.000000000,0.000000000,1
55.329678793,0.000000000,0.023998490,-0.018043215,-0.228594272,-0.057496481,0.004866865,2.922800779,-0.008236710,2.914564070,2.918772427,0.114989070,-0.652067861,0.023069999,0.068205021,0.010414990,0.045051084,0.125404060,-0.607016777,-0.042767235,-0.467983288,-0.109779362,-0.362607626,0.168171295,-0.139033489,0.235183421,-0.244409150,1,27.900330377,0,0,0.000000000,0.000000000,0.000000000,1
55.381683290,-0.048000000,-0.027995503,-0.016560940,-0.216138961,-0.032462761,0.000073164,2.963255405,-0.022335248,2.940920157,2.945128514,0.046765984,-0.635432258,0.020539488,0.066616376,0.009869745,0.026953032,0.056635729,-0.608479226,-0.040464339,-0.432722911,0.080936261,-0.403481157,0.097100068,-0.175756315,-0.024300532,-0.204998070,1,6.720645187,0,0,-0.000000000,-0.000000000,-0.000000000,1
55.485683290,-0.048000000,-0.028000000,-0.015893795,-0.192832238,-0.184795618,0.028036365,2.936381817,0.044200216,2.980582033,2.984790390,0.503425738,-0.491187616,0.054169869,0.053034449,0.030306816,-0.005135257,0.533732554,-0.496322873,-0.038656912,-0.394875815,0.066063746,-0.432539183,0.572389466,-0.101447058,0.467668808,-0.063783690,0,68.394797740,0,0,0.000000000,0.000000000,0.000000000,1
55.589687795,-0.044000000,-0.020000000,-0.032535134,-0.317512546,-0.112357594,0.006997399,2.970789909,-0.030345835,2.940444075,2.944652432,0.234713480,-0.913052422,0.030836734,0.093470034,0.008380961,-0.029116835,0.243094441,-0.942169257,-0.037033912,-0.346785595,0.065311343,-0.376956329,0.280128353,-0.595383663,0.177783098,-0.565212928,0,53.075580574,0,0,0.000000000,0.000000000,0.000000000,1
55.689692307,-0.040000000,-0.016000000,-0.014288256,-0.165395869,0.023746228,-0.001252209,2.916643620,0.007147448,2.923791067,2.927999424,-0.111204884,-0.487244160,0.022883734,0.052669429,0.016798861,-0.019937830,-0.094406023,-0.507181990,-0.034794701,-0.291295678,0.065162582,-0.318195627,-0.059611322,-0.215886312,-0.159568605,-0.188986363,1,27.454445728,0,0,-0.000000000,-0.000000000,-0.000000000,1
55.793696826,-0.036000000,-0.016000000,-0.006034208,-0.022522785,0.090058953,-0.002051136,2.963993073,-0.006882778,2.957110294,2.961318652,-0.284158074,-0.072667795,0.034748498,0.021279241,0.000268204,-0.040034116,-0.283889871,-0.112701911,-0.034017651,-0.231776417,-0.024098163,-0.355971445,-0.249872219,0.119074506,-0.259791707,0.243269534,0,73.422861981,0,0,0.000000000,0.000000000,0.000000000,1
55.897701353,-0.032000000,-0.008000000,-0.007831898,0.017368365,0.079672620,-0.002583784,2.974220753,0.040271703,3.014492455,3.018700812,-0.263781710,0.044568007,0.033102989,0.020490561,-0.001052071,0.021495750,-0.264833780,0.066063757,-0.032019997,-0.186853655,-0.024472424,-0.307906640,-0.232813783,0.252917412,-0.240361356,0.373970397,0,101.236859257,0,0,0.000000000,0.000000000,0.000000000,1
56.001698427,-0.028000000,-0.008001459,-0.009181341,-0.000108913,0.046649415,0.000079377,2.933206797,0.065293606,2.998500403,3.002708760,-0.167408543,-0.000088564,0.026081722,0.020000002,-0.006733997,-0.015233852,-0.174142540,-0.015322415,-0.030088949,-0.147825360,-0.024960520,-0.269646191,-0.144053592,0.132502944,-0.149182020,0.254323776,0,42.916940161,0,0,0.000000000,0.000000000,0.000000000,1
56.105690975,-0.024000000,0.000000000,-0.009399129,-0.017444660,0.022947283,-0.001252203,3.001188755,-0.028861153,2.972327602,2.976535959,-0.096144135,-0.055573204,0.022190920,0.020757741,0.021128102,0.013907191,-0.075016033,-0.041666012,-0.027757444,-0.117448214,-0.024896643,-0.234422755,-0.047258588,0.075782202,-0.050119390,0.192756743,1,15.121677285,0,0,0.000000000,0.000000000,0.000000000,1
56.209677530,-0.020000000,0.000000000,-0.005662223,-0.018280869,0.018419908,-0.005779575,2.983861208,-0.097698925,2.886162283,2.890370640,-0.069504939,-0.069442347,0.021173317,0.021171263,-0.009760481,0.021667447,-0.079265420,-0.047774900,-0.025249937,-0.087136114,-0.058339700,-0.038399343,-0.054015483,0.039361214,-0.020925721,-0.009375557,1,0.575945746,0,0,-0.000000000,-0.000000000,-0.000000000,1
56.313676092,-0.016000000,0.008000000,-0.007002117,-0.003040335,0.026148090,-0.000448835,2.951375246,-0.085043549,2.866331697,2.870540054,-0.095019489,-0.010001117,0.022142426,0.020024990,0.015908629,-0.023285007,-0.079110860,-0.033286124,-0.023234210,-0.061530030,-0.069222685,-0.015001750,-0.055876650,0.028243906,-0.009888175,-0.018284374,1,0.586361094,0,0,-0.000000000,-0.000000000,-0.000000000,1
56.417674661,-0.012000000,0.008000000,-0.008011960,0.009290858,0.027479675,0.000083802,2.971495390,-0.034849574,2.936645816,2.940854173,-0.104226362,0.027530058,0.022552857,0.020188587,0.011279909,-0.004210933,-0.092946453,0.023319125,-0.021542499,-0.038896594,-0.073931587,0.001372357,-0.071403954,0.062215720,-0.019014866,0.021946769,1,1.209493097,0,0,0.000000000,0.000000000,0.000000000,1
56.525679238,-0.004000000,0.020000000,-0.015885933,0.054913833,0.095123954,0.011269053,2.944858074,-0.021672833,2.923185242,2.927393599,-0.324502464,0.193464833,0.038118480,0.027826003,-0.044158427,-0.017626496,-0.368660891,0.175838337,-0.020802838,-0.021229065,-0.082092612,0.029623290,-0.347858053,0.197067403,-0.286568279,0.146215047,0,69.475253049,0,0,0.000000000,0.000000000,0.000000000,1
56.629677821,0.000000000,0.020000000,-0.023981865,0.138616109,0.150527731,0.012332004,2.918267965,0.112516069,3.030784035,3.034992392,-0.528900897,0.457491129,0.056545217,0.049929764,-0.008407850,-0.014339045,-0.537308747,0.443152084,-0.019427738,-0.010162454,-0.080854127,0.039544406,-0.517881008,0.453314538,-0.456454620,0.403607678,0,115.779650333,0,0,0.000000000,0.000000000,0.000000000,1
56.729676412,0.000000000,0.024000000,-0.011668072,0.114098890,0.114841372,0.001945670,2.950526237,0.004852358,2.955378596,2.959586953,-0.373883301,0.342955609,0.042401500,0.039701203,-0.003176854,0.032632789,-0.377060155,0.375588398,-0.016640869,-0.015221638,-0.081537503,0.033999077,-0.360419286,0.390810036,-0.295522652,0.341589320,0,93.625148165,0,0,0.000000000,0.000000000,0.000000000,1
56.781675010,-0.048000000,-0.028000000,-0.006739217,0.088957022,0.077823445,-0.003646986,2.935888529,0.031736958,2.967625487,2.971833844,-0.250950313,0.253168236,0.032089883,0.032263626,0.015325885,0.028330909,-0.235624428,0.281499145,-0.014766047,-0.031858360,-0.081712832,0.018810314,-0.220858382,0.313357505,-0.153911597,0.262688831,0,52.444179214,0,0,0.000000000,0.000000000,0.000000000,1
56.885678228,-0.044000000,-0.020001387,-0.000857500,0.050477401,0.057316914,-0.005777405,2.931740761,-0.043293148,2.888447613,2.892655970,-0.168033748,0.129113598,0.026121895,0.023805529,0.034558738,0.000546737,-0.133475010,0.129660335,-0.012975257,-0.053853381,-0.081724153,-0.002851804,-0.120499753,0.183513715,-0.051750857,0.132512139,1,12.550613390,0,0,0.000000000,0.000000000,0.000000000,1
56.989682847,-0.040000000,-0.019995381,-0.001078489,0.029619049,0.058382176,-0.003913186,2.930219889,-0.044380848,2.885839040,2.890047397,-0.171593908,0.074182983,0.026352319,0.021331459,0.028242441,-0.034951625,-0.143351467,0.039231357,-0.011245710,-0.082226738,-0.106301565,0.056790118,-0.132105757,0.121458095,-0.037049902,-0.017558761,1,1.405470334,0,0,-0.000000000,-0.000000000,-0.000000000,1
57.093682847,-0.036000000,-0.012000000,-0.001130639,0.016130573,0.050925337,-0.004179514,2.903598547,-0.015157977,2.888440570,2.892648927,-0.150360594,0.034519925,0.025021652,0.020295720,0.027829481,0.027052747,-0.122531113,0.061572672,-0.008620349,-0.114114540,-0.124178988,0.013056919,-0.113910763,0.175687212,0.001647875,0.048515753,1,3.106295251,0,0,0.000000000,0.000000000,0.000000000,1
57.201686107,-0.028000000,-0.007995366,-0.001337986,0.000687236,0.051457558,0.000080791,2.975418806,0.013149514,2.988568320,2.992776677,-0.157783090,0.002295300,0.025474596,0.020001317,-0.014106907,0.036644588,-0.171889997,0.038939888,-0.007902283,-0.150660364,-0.123892288,0.001298209,-0.163987713,0.189600252,-0.047997708,0.037641679,1,4.429875022,0,0,0.000000000,0.000000000,0.000000000,1
57.301693747,-0.028000000,-0.004000000,-0.002072832,-0.015206877,0.045066193,-0.001517027,2.967297316,-0.082554785,2.884742530,2.888950888,-0.135983950,-0.048244158,0.024185044,0.020573648,0.029394185,-0.010290940,-0.106589765,-0.058535097,-0.005467491,-0.188477275,-0.141338928,-0.023895707,-0.101122274,0.129942178,0.034749163,-0.034639390,1,3.088022351,0,0,0.000000000,0.000000000,0.000000000,1
57.405698394,-0.028000000,-0.004000000,-0.000585608,-0.038075252,0.042136718,-0.002582292,2.926358700,0.107069828,3.033428528,3.037636885,-0.129595121,-0.123331752,0.023831680,0.023496962,0.013286608,-0.003845799,-0.116308513,-0.127177551,-0.004247131,-0.233835916,-0.130740571,-0.083680588,-0.112061382,0.106658365,0.014432058,-0.043496963,1,2.541308855,0,0,0.000000000,0.000000000,0.000000000,1
57.509697048,-0.020000000,0.004000000,-0.001793578,-0.059089319,0.033880912,-0.002315982,2.959988356,-0.023313507,2.936674849,2.940883206,-0.104764378,-0.180327401,0.022577771,0.026929161,-0.012234269,0.045242176,-0.116998647,-0.135085226,-0.004267466,-0.277984453,-0.128631065,-0.141028924,-0.112731182,0.142899227,0.011632418,0.005943698,1,0.191822623,0,0,0.000000000,0.000000000,0.000000000,1
57.613698708,-0.016000000,0.004000000,-0.006586777,-0.078318802,0.032016702,0.003010347,2.985105991,-0.038285819,2.946820172,2.951028529,-0.113757511,-0.221920473,0.023008862,0.029874520,0.006035018,0.048843407,-0.107722494,-0.173077066,-0.004192680,-0.326555802,-0.125992140,-0.187693302,-0.103529814,0.153478736,0.018269646,0.014616236,1,0.553300583,0,0,0.000000000,0.000000000,0.000000000,1
57.717697375,-0.012000000,0.012000000,-0.005757552,-0.098637278,0.031218853,0.001147662,2.951994419,-0.040883133,2.911111287,2.915319644,-0.107642430,-0.283803123,0.022712748,0.034719478,-0.037810492,-0.024729013,-0.145452921,-0.308532136,-0.002569364,-0.373040816,-0.120048607,-0.232273397,-0.142883557,0.064508680,-0.025404314,-0.076258738,1,4.358272189,0,0,-0.000000000,-0.000000000,-0.000000000,1
57.821699049,-0.008000000,0.012000000,-0.002342615,-0.109302301,0.034947280,-0.001515507,2.962240934,-0.056981642,2.905259293,2.909467650,-0.108336812,-0.321954468,0.022745739,0.037901805,0.016332458,-0.069276701,-0.092004354,-0.391231168,-0.002193243,-0.424235621,-0.134035826,-0.301694432,-0.089811112,0.033004453,0.042031472,-0.089536737,1,6.409153391,0,0,0.000000000,0.000000000,0.000000000,1
57.925697730,-0.008000000,0.020000000,-0.004662584,-0.132127164,0.032017801,0.000881335,2.950140238,-0.057238987,2.892901251,2.897109608,-0.106112730,-0.379681223,0.022640652,0.042913615,-0.010880135,-0.025579782,-0.116992865,-0.405261005,-0.002071641,-0.472540869,-0.121987176,-0.375729866,-0.114921224,0.067279865,0.004994311,-0.029531138,1,0.401373715,0,0,0.000000000,0.000000000,0.000000000,1
58.029690418,0.000000000,0.020000000,-0.007782686,-0.153439657,0.027490428,0.002212913,2.964692116,0.064634098,3.029326213,3.033534570,-0.106853768,-0.458115139,0.022675477,0.049986946,0.011614079,-0.006204493,-0.095239690,-0.464319632,-0.002353372,-0.526969854,-0.123238567,-0.433549132,-0.092886318,0.062650222,0.027998878,-0.030770500,1,1.242001420,0,0,0.000000000,0.000000000,0.000000000,1
58.081681813,-0.048000000,-0.024007299,-0.007609470,-0.163856589,0.025892531,-0.000450244,2.982421875,-0.046765367,2.935656508,2.939864865,-0.098350369,-0.482348424,0.022287394,0.052216856,-0.021806149,-0.062274299,-0.120156518,-0.544622723,-0.000597445,-0.576878575,-0.113903483,-0.493159028,-0.119559073,0.032255852,-0.006253035,-0.051463695,1,0.822874379,0,0,-0.000000000,-0.000000000,-0.000000000,1
58.185680520,-0.044000000,-0.024000000,-0.002877136,-0.187420770,0.000590472,-0.004445713,2.994204283,0.030485796,3.024690079,3.028898436,-0.010488439,-0.580336647,0.020027483,0.061383273,-0.012235995,0.084743695,-0.022724435,-0.495592952,0.000346408,-0.632064215,-0.119113583,-0.557156232,-0.023070842,0.136471262,0.096389148,0.061563279,1,13.360033754,0,0,0.000000000,0.000000000,0.000000000,1
58.289691234,-0.040000000,-0.016000000,-0.002661058,-0.253084080,-0.050808545,0.000081662,2.954980373,0.076821440,3.031801813,3.036010170,0.145973639,-0.767053189,0.024760514,0.079269830,0.015584243,-0.081584335,0.161557882,-0.848637524,0.000783334,-0.681978015,-0.076500432,-0.596407041,0.160774548,-0.166659509,0.238058314,-0.252230482,0,70.882275721,0,0,0.000000000,0.000000000,0.000000000,1
58.393695955,-0.040000000,-0.016000000,-0.003698052,-0.311723266,-0.074776985,0.000081675,3.005890846,0.034750270,3.040641116,3.044849473,0.216125526,-0.947590234,0.029446603,0.096846644,0.007735293,-0.075960829,0.223860818,-1.023551063,0.001350098,-0.732653055,-0.079416916,-0.643219029,0.222510720,-0.290898008,0.303277735,-0.380332034,0,81.922233304,0,0,0.000000000,0.000000000,0.000000000,1
58.497711417,-0.032000000,-0.007983266,-0.004824197,-0.335267637,-0.064923063,0.000082764,2.962560177,0.062101692,3.024661869,3.028870226,0.181778747,-1.013820907,0.027026563,0.103335997,0.018316925,-0.017047863,0.200095672,-1.030868769,0.001612098,-0.770632030,-0.081875549,-0.679937872,0.198483574,-0.260236739,0.281971221,-0.350930897,0,65.965515212,0,0,0.000000000,0.000000000,0.000000000,1
58.601710158,-0.028000000,-0.008000000,-0.004881932,-0.327411645,-0.042552512,-0.000183552,2.962590218,0.020710622,2.983300839,2.987509196,0.112382674,-0.977315028,0.022941200,0.099756938,0.014686370,-0.049789847,0.127069043,-1.027104874,0.003530604,-0.802541493,-0.082896127,-0.707506301,0.123538439,-0.224563381,0.209965170,-0.319598573,0,38.881366616,0,0,0.000000000,0.000000000,0.000000000,1
58.705708905,-0.024000000,0.000000000,-0.002169580,-0.320413580,-0.029236710,-0.000982500,2.933938265,-0.052753359,2.881184906,2.885393263,0.077985406,-0.926001535,0.021466654,0.094735360,0.021204091,-0.085950750,0.099189497,-1.011952285,0.003729755,-0.827268919,-0.083970283,-0.731964746,0.095459742,-0.184683366,0.183159780,-0.279987539,1,27.121279744,0,0,0.000000000,0.000000000,0.000000000,1
58.809701658,-0.020000000,0.000000000,-0.002001989,-0.318621930,-0.022845123,-0.002580399,2.950900316,0.013940298,2.964840614,2.969048971,0.061796571,-0.952313712,0.020932944,0.097308859,0.013102026,0.024965962,0.074898597,-0.927347750,0.004755560,-0.848481732,0.047085690,-0.796887145,0.070143037,-0.078866018,0.027812907,-0.130460605,1,2.365783596,0,0,0.000000000,0.000000000,0.000000000,1
58.917706418,-0.012000000,0.012000000,-0.002739770,-0.319087341,-0.020714590,-0.001515127,2.958235502,-0.057302468,2.900933034,2.905141391,0.052143750,-0.930046288,0.020668568,0.095130757,-0.027786995,-0.057092919,0.024356755,-0.987139207,0.006139779,-0.866935938,0.059196415,-0.839454272,0.018216977,-0.120203269,-0.034839660,-0.147684935,1,3.553800787,0,0,-0.000000000,-0.000000000,-0.000000000,1
59.017702184,-0.012000000,0.008000000,-0.003972896,-0.326108581,-0.019649327,-0.000449864,2.941594124,0.062753653,3.004347777,3.008556134,0.047097449,-0.981095141,0.020547061,0.100127303,-0.005216893,0.178362937,0.041880556,-0.802732203,0.005936494,-0.882428893,0.042213582,-0.883783296,0.035944062,0.079696690,-0.000333027,0.081051093,1,0.540982268,0,0,0.000000000,0.000000000,0.000000000,1
59.121700956,-0.008000000,0.016000000,-0.005343013,-0.324271333,-0.019915646,0.001148029,2.915533781,0.041931960,2.957465741,2.961674099,0.043098064,-0.955626100,0.020459092,0.097633050,-0.024230024,-0.010937712,0.018868039,-0.966563812,0.005974552,-0.895350959,0.039750962,-0.880501819,0.012893487,-0.071212854,-0.020882923,-0.086061993,1,1.277886887,0,0,-0.000000000,-0.000000000,-0.000000000,1
59.225699735,-0.004000000,0.016000000,-0.005569733,-0.323562954,-0.009531160,-0.000450240,2.972398520,0.045433776,3.017832295,3.022040652,0.011954921,-0.977817481,0.020035698,0.099806163,-0.001261391,-0.016673932,0.010693530,-0.994491413,0.006604321,-0.905460103,0.028638106,-0.907450464,0.004089209,-0.089031310,-0.017944576,-0.087040950,1,1.117286732,0,0,-0.000000000,-0.000000000,-0.000000000,1
59.329698520,0.000000000,0.024000000,-0.003952064,-0.322774769,-0.007666947,-0.000716556,2.967190742,0.096507818,3.063698561,3.067906918,0.011381282,-0.991079907,0.020032357,0.101105855,0.031936512,-0.069480409,0.043317794,-1.060560315,0.007467311,-0.912887853,0.022048617,-0.930184377,0.035850483,-0.147672462,0.021269177,-0.130375938,1,2.116680105,0,0,0.000000000,0.000000000,0.000000000,1
59.381697312,-0.048000000,-0.028000000,-0.002229353,-0.324128805,-0.006601683,-0.003113400,2.942616224,-0.070455616,2.872160608,2.876368965,0.012558036,-0.939892169,0.020039387,0.096093563,-0.001100616,-0.073776029,0.011457420,-1.013668198,0.008816389,-0.921755893,0.027188218,-0.958929377,0.002641031,-0.091912305,-0.015730798,-0.054738821,1,0.644231900,0,0,-0.000000000,-0.000000000,-0.000000000,1
59.489702110,-0.040000000,-0.016000000,-0.001654722,-0.329367566,-0.012194322,-0.000716555,2.982662916,0.035861617,3.018524533,3.022732890,0.031814042,-0.996367015,0.020251453,0.101624172,-0.000612100,-0.090504362,0.031201942,-1.086871378,0.008571997,-0.930794199,0.017395995,-0.978620373,0.022629945,-0.156077179,0.013805947,-0.108251005,1,1.256728338,0,0,0.000000000,0.000000000,0.000000000,1
59.593700914,-0.036000000,-0.016000000,-0.005062695,-0.337278041,-0.014058536,0.000348710,2.939586401,-0.055190333,2.884396067,2.888604425,0.025947569,-0.971837636,0.020167617,0.099220381,-0.037155100,-0.001351457,-0.011207531,-0.973189093,0.008204726,-0.939619605,0.018202667,-1.002503404,-0.019412257,-0.033569488,-0.029410197,0.029314311,1,1.411838660,0,0,0.000000000,0.000000000,0.000000000,1
59.693705724,-0.036000000,-0.012000000,-0.007273141,-0.338209148,-0.010330108,0.002479240,2.926941872,0.081882083,3.008823955,3.013032312,0.009197876,-1.010152190,0.020021139,0.102976087,-0.024028088,0.113210084,-0.014830212,-0.896942106,0.008630100,-0.947015453,0.003606187,-1.005923756,-0.023460312,0.050073348,-0.018436398,0.108981650,1,1.487700193,0,0,0.000000000,0.000000000,0.000000000,1
59.797704541,-0.032000000,-0.012000000,-0.006386737,-0.333965684,-0.006061822,0.000349503,2.946830511,0.085712271,3.032542782,3.036751139,-0.000985320,-1.011705344,0.020000243,0.103128449,-0.007690540,-0.032391222,-0.008675859,-1.044096566,0.009678431,-0.951305099,-0.004019742,-0.991487616,-0.018354290,-0.092791467,-0.004656118,-0.052608950,1,0.251196790,0,0,-0.000000000,-0.000000000,-0.000000000,1
59.901715364,-0.028000000,-0.004000000,-0.003111452,-0.329128144,-0.001001815,-0.001514710,2.947489262,-0.013432546,2.934056716,2.938265073,-0.006189793,-0.970124887,0.020009576,0.099052627,0.056971930,0.068032562,0.050782137,-0.902092326,0.009806684,-0.955523563,-0.009775856,-1.003271717,0.040975453,0.053431237,0.060557993,0.101179392,1,6.542554127,0,0,0.000000000,0.000000000,0.000000000,1
60.009714193,-0.020000000,0.000000000,-0.002918488,-0.329004744,-0.002067079,-0.001248395,2.970985651,-0.071528502,2.899457149,2.903665506,-0.002468623,-0.957554824,0.020001523,0.097821840,0.008416172,0.105075884,0.005947549,-0.852478940,0.009939456,-0.958421105,0.009355608,-0.986678347,-0.003991906,0.105942165,-0.003408059,0.134199407,1,1.581104867,0,0,0.000000000,0.000000000,0.000000000,1
60.113719028,-0.016000000,0.008000000,-0.004460909,-0.326783611,0.000862399,-0.002313658,2.956915379,-0.011185234,2.945730145,2.949938502,-0.015681029,-0.969431748,0.020061379,0.098984742,-0.021898560,0.061504706,-0.037579589,-0.907927042,0.011499816,-0.959135849,0.007293715,-0.964883711,-0.049079406,0.051208808,-0.044873305,0.056956670,1,3.430557111,0,0,0.000000000,0.000000000,0.000000000,1
60.217711869,-0.012000000,0.008000000,-0.002913354,-0.326343418,-0.002333396,-0.003911556,2.937519073,0.040602803,2.978121877,2.982330234,-0.001727188,-0.983539562,0.020000746,0.100366831,0.019750130,0.000653834,0.018022942,-0.982885728,0.012273173,-0.961634551,-0.011463145,-0.960708547,0.005749770,-0.021251177,0.029486088,-0.022177181,1,1.402830293,0,0,0.000000000,0.000000000,0.000000000,1
60.317710716,-0.012000000,0.012000000,-0.003817247,-0.364165037,-0.046009246,-0.000715761,3.007215500,-0.007670416,2.999545084,3.003753441,0.126556803,-1.094476404,0.023667831,0.111259993,-0.010159570,-0.064267288,0.116397233,-1.158743692,0.013554789,-0.963786873,-0.002476912,-0.967579424,0.102842444,-0.194956819,0.118874145,-0.191164268,1,20.319864268,0,0,0.000000000,0.000000000,0.000000000,1
60.421709569,-0.008000000,0.012000000,-0.002844432,-0.411274843,-0.087820888,-0.002313659,2.962952375,0.034777882,2.997730257,3.001938614,0.254736492,-1.239826765,0.032386831,0.125585445,-0.024695810,0.105344084,0.230040682,-1.134482681,0.014360502,-0.962537123,0.029565618,-0.988630158,0.215680180,-0.171945559,0.200475064,-0.145852524,1,31.843095483,0,0,0.000000000,0.000000000,0.000000000,1
60.525714429,-0.004000000,0.020000000,-0.008444443,-0.416111846,-0.092614561,0.002213724,2.934017181,0.056818480,2.990835661,2.995044018,0.251738992,-1.237901264,0.032151597,0.125395356,-0.014063955,-0.112175979,0.237675037,-1.350077243,0.012729994,-0.952973711,0.065706027,-0.991054131,0.224945043,-0.397103532,0.171969010,-0.359023112,1,29.154796243,0,0,0.000000000,0.000000000,0.000000000,1
60.629713294,0.000000000,0.020000000,-0.012003503,-0.401522785,-0.080630332,0.002746355,2.954512119,-0.061480075,2.893032045,2.897240402,0.198539615,-1.153672992,0.028181196,0.117088060,-0.043798971,0.093593958,0.154740645,-1.060079034,0.011992529,-0.933879610,0.103196540,-1.010703581,0.142748115,-0.126199424,0.051544105,-0.049375452,1,2.438633387,0,0,0.000000000,0.000000000,0.000000000,1
60.681706165,-0.048000000,-0.024000000,-0.011501024,-0.385988826,-0.065982968,0.001414761,2.973282814,0.050488008,3.023770822,3.027979179,0.164740910,-1.162863836,0.025911304,0.117993741,-0.003071794,0.151293231,0.161669116,-1.011570605,0.011861114,-0.909473577,0.115718463,-0.990515818,0.149808002,-0.102097028,0.045950653,-0.021054788,1,2.041185462,0,0,0.000000000,0.000000000,0.000000000,1
60.785711042,-0.044000000,-0.024000000,-0.009827883,-0.363031187,-0.055334017,-0.000715649,2.922041893,0.018434038,2.940475931,2.944684288,0.133809690,-1.069588817,0.024063465,0.108812694,-0.047074362,0.023930432,0.086735328,-1.045658384,0.012386324,-0.877177987,0.127550812,-0.960028170,0.074349004,-0.168480397,-0.040815484,-0.085630214,1,2.256291088,0,0,-0.000000000,-0.000000000,-0.000000000,1
60.889709926,-0.040000000,-0.016000000,-0.007772009,-0.341497541,-0.050274011,0.003811726,2.968926430,0.094715663,3.063642093,3.067850450,0.130210922,-1.034548475,0.023865222,0.105370325,-0.037799171,-0.074011156,0.092411751,-1.108559631,0.010726656,-0.843906001,0.109746472,-0.942076594,0.081685095,-0.264653630,-0.017334721,-0.166483037,1,2.374877868,0,0,-0.000000000,-0.000000000,-0.000000000,1
60.993708815,-0.036000000,-0.016000000,-0.010083742,-0.321785991,-0.044681381,0.000882253,2.972405910,-0.005588345,2.966817566,2.971025923,0.102644885,-0.952062846,0.022480207,0.097284308,0.004922538,-0.043645336,0.107567423,-0.995708181,0.010098985,-0.805213233,0.098567244,-0.935536727,0.097468437,-0.190494949,0.009000178,-0.060171455,1,0.410113274,0,0,0.000000000,0.000000000,0.000000000,1
61.101701710,-0.028000000,-0.004000000,-0.011216852,-0.310241495,-0.046543993,0.003273896,2.927401781,0.005355665,2.932757446,2.936965803,0.103605935,-0.900261512,0.022524251,0.092220973,-0.009012287,0.174918175,0.094593648,-0.725343337,0.009375086,-0.765677881,0.098201050,-0.905148702,0.085218562,0.040334544,-0.003607402,0.179805365,1,3.050442217,0,0,0.000000000,0.000000000,0.000000000,1
61.205694611,-0.024000000,-0.004000000,-0.012072495,-0.286118611,-0.032430634,0.003002574,2.921400070,0.044243760,2.965643831,2.969852188,0.060374989,-0.839621327,0.020891419,0.086311295,-0.002374147,0.055086913,0.058000842,-0.784534414,0.008190226,-0.717352532,0.096088144,-0.825775153,0.049810616,-0.067181883,-0.038087302,0.041240738,1,2.125422676,0,0,0.000000000,0.000000000,0.000000000,1
61.309699518,-0.020000000,-0.004000000,-0.011339095,-0.260846080,-0.032696947,0.003535206,2.924289942,-0.007271809,2.917018132,2.921226489,0.062301242,-0.750580485,0.020947898,0.077676963,-0.019240612,-0.111091501,0.043060630,-0.861671986,0.008294224,-0.667552412,0.078651299,-0.770643751,0.034766406,-0.194119575,-0.035590669,-0.091028235,1,2.717199991,0,0,-0.000000000,-0.000000000,-0.000000000,1
61.413692432,-0.016000000,0.004000000,-0.008935745,-0.236574489,-0.027370634,0.000872123,2.932640553,-0.017888067,2.914752485,2.918960842,0.053733137,-0.687014057,0.020709237,0.071553359,-0.026304561,0.096287779,0.027428575,-0.590726278,0.006969330,-0.621297388,0.061734229,-0.748377255,0.020459245,0.030571110,-0.034305654,0.157650978,1,5.306063478,0,0,0.000000000,0.000000000,0.000000000,1
61.517685351,-0.012000000,0.012000000,-0.010576598,-0.225156796,-0.031099059,0.001404752,2.914404869,0.064777959,2.979182828,2.983391185,0.061140161,-0.666598247,0.020913660,0.069595490,0.006215959,-0.057479685,0.067356120,-0.724077932,0.006596525,-0.574154843,0.044975269,-0.661540992,0.060759596,-0.149923089,0.022380851,-0.062536940,1,1.309908224,0,0,0.000000000,0.000000000,0.000000000,1
61.621690276,-0.008000000,0.012000000,-0.011742774,-0.203848602,-0.029234845,0.004600552,2.933528662,-0.073852423,2.859676239,2.863884596,0.050021659,-0.569784912,0.020616054,0.060386658,-0.011232679,-0.120257595,0.038788981,-0.690042507,0.004937399,-0.519247425,0.051281485,-0.626465423,0.033851581,-0.170795082,-0.012492505,-0.063577083,1,0.999087625,0,0,-0.000000000,-0.000000000,-0.000000000,1
61.725689207,-0.004000000,0.020000000,-0.010068653,-0.179837601,-0.024174836,0.001937383,2.956870794,0.005987972,2.962858766,2.967067123,0.041794628,-0.527093220,0.020432031,0.056376171,0.000889905,-0.029801518,0.042684532,-0.556894738,0.006105783,-0.468318671,0.044703393,-0.593744669,0.036578749,-0.088576067,-0.002018861,0.036849930,1,0.312377619,0,0,0.000000000,0.000000000,0.000000000,1
61.829688145,0.000000000,0.020000000,-0.004711605,-0.161774904,-0.023375891,-0.002589985,2.954560280,0.058910834,3.013471113,3.017679471,0.056244287,-0.495308845,0.020775808,0.053416369,0.009527563,0.052003749,0.065771850,-0.443305097,0.006384821,-0.413457352,0.043357812,-0.533042288,0.059387029,-0.029847745,0.022414038,0.089737192,1,2.681856859,0,0,0.000000000,0.000000000,0.000000000,1
61.881693088,-0.048000000,-0.024000000,-0.004836574,-0.149778520,-0.029767478,0.000605804,2.956408024,-0.033292913,2.923115111,2.927323468,0.072875903,-0.436049020,0.021286356,0.047972778,0.033513526,0.011333082,0.106389429,-0.424715937,0.005357280,-0.364445854,0.051690131,-0.457560470,0.101032149,-0.060270084,0.054699298,0.032844533,1,4.264289159,0,0,0.000000000,0.000000000,0.000000000,1
61.985698037,-0.044000000,-0.024000000,-0.007964266,-0.137096746,-0.028435897,0.004866868,2.952729702,0.027204686,2.979934388,2.984142746,0.061004117,-0.394036360,0.020909687,0.044188760,-0.008338132,0.050971008,0.052665986,-0.343065352,0.005172329,-0.308435338,0.072132864,-0.396613988,0.047493657,-0.034630013,-0.019466878,0.053548637,1,1.535697602,0,0,0.000000000,0.000000000,0.000000000,1
62.085690992,-0.044000000,-0.020000000,-0.008570059,-0.112143524,-0.024707468,0.000339493,2.964302778,0.007943934,2.972246713,2.976455070,0.047964362,-0.332309165,0.020567105,0.038785227,-0.000621157,-0.074151414,0.047343205,-0.406460578,0.006573764,-0.255120218,0.063226738,-0.326620230,0.040769441,-0.151340360,-0.015883533,-0.079840349,1,3.075784719,0,0,-0.000000000,-0.000000000,-0.000000000,1
62.193689953,-0.036000000,-0.016000000,-0.004292188,-0.091456387,-0.029767893,-0.000466542,2.923933983,0.009433495,2.933367478,2.937575835,0.074729606,-0.269643733,0.021350530,0.033571974,0.003415562,-0.038790126,0.078145168,-0.308433858,0.007330438,-0.199879442,0.055204727,-0.304556683,0.070814729,-0.108554416,0.022940441,-0.003877175,1,0.704550435,0,0,0.000000000,0.000000000,0.000000000,1
62.297688920,-0.032000000,-0.008000000,-0.003980754,-0.076950716,-0.028702628,0.002462935,2.924445152,0.073747251,2.998192403,3.002400760,0.074120934,-0.223328699,0.021329302,0.029979277,0.018680633,0.010525057,0.092801567,-0.212803642,0.007428411,-0.145867215,0.062050781,-0.251134175,0.085373155,-0.066936427,0.030750786,0.038330533,1,2.181264875,0,0,0.000000000,0.000000000,0.000000000,1
62.401696893,-0.028000000,-0.008000000,-0.004735060,-0.045506413,-0.016984720,0.000332406,2.995829582,-0.044388470,2.951441112,2.955649469,0.036154149,-0.133328423,0.020324154,0.024036736,-0.023089825,-0.008087544,0.013064325,-0.141415967,0.008460994,-0.086385816,0.074854779,-0.180795459,0.004603330,-0.055030151,-0.061790454,0.039379492,1,6.774640336,0,0,0.000000000,0.000000000,0.000000000,1
62.501701872,-0.028000000,-0.004000000,-0.004050986,-0.022694374,-0.018316297,0.000066090,2.944335461,-0.048753681,2.895581780,2.899790137,0.041306374,-0.065522049,0.020422100,0.021045935,-0.022631903,0.008763989,0.018674471,-0.056758060,0.010067317,-0.033052703,0.047706065,-0.108440205,0.008607154,-0.023705357,-0.029031594,0.051682145,1,4.443362089,0,0,0.000000000,0.000000000,0.000000000,1
62.605706856,-0.024000000,-0.004000000,-0.002724307,-0.008970783,-0.028436312,0.001131354,2.922211647,0.113147502,3.035359149,3.039567506,0.078045170,-0.023795483,0.021468826,0.020141059,0.025283623,-0.005331462,0.103328793,-0.029126946,0.010017233,0.023361238,0.032609635,-0.031674513,0.093311560,-0.052488184,0.070719158,0.002547567,1,6.542940625,0,0,0.000000000,0.000000000,0.000000000,1
62.709711846,-0.020000000,0.004000000,-0.006050601,0.009517746,-0.025240518,0.003261886,2.998399019,0.067881947,3.066280967,3.070489324,0.058841679,0.039185943,0.020847624,0.020380269,-0.016797250,0.013157603,0.042044429,0.052343546,0.010565775,0.077005711,0.059044993,0.022817145,0.031478654,-0.024662165,-0.017000565,0.029526401,1,1.656974972,0,0,0.000000000,0.000000000,0.000000000,1
62.813685844,-0.016000000,0.003993002,-0.003219284,0.034465947,-0.022311043,0.000332412,2.964779139,0.077959429,3.042738568,3.046946925,0.058091232,0.105882308,0.020826567,0.022629861,-0.018401843,0.003031013,0.039689389,0.108913321,0.011008937,0.135571179,0.051023286,0.088654426,0.028680452,-0.026657859,-0.011333897,0.020258894,1,0.701226303,0,0,0.000000000,0.000000000,0.000000000,1
62.917690851,-0.016000000,0.012005007,-0.003934735,0.051332096,-0.026039464,0.001397666,2.973707199,-0.002570161,2.971137038,2.975345395,0.065676181,0.156667348,0.021050739,0.025405641,0.009272306,0.022293073,0.074948486,0.178960421,0.012889594,0.189566877,0.045848400,0.153231248,0.062058893,-0.010606456,0.029100086,0.025729173,1,1.767688714,0,0,0.000000000,0.000000000,0.000000000,1
63.021680864,-0.008000000,0.011990013,-0.004113791,0.072527793,-0.024175251,0.004327151,2.970441580,0.036910081,3.007351661,3.011560018,0.060331864,0.231129844,0.020890173,0.030564850,-0.013678340,-0.023154937,0.046653524,0.207974907,0.012407329,0.247179603,0.055415373,0.212451357,0.034246195,-0.039204696,-0.008761849,-0.004476450,1,0.117284702,0,0,-0.000000000,-0.000000000,-0.000000000,1
63.129673883,0.000000000,0.023993019,-0.005706276,0.099262527,-0.016715668,0.003258548,2.946724892,0.013947115,2.960672007,2.964880364,0.032595199,0.303531279,0.020263871,0.036349861,-0.020598091,0.023493831,0.011997108,0.327025109,0.014917945,0.302040935,0.051994652,0.265416663,-0.002920837,0.024984174,-0.039997544,0.061608446,1,4.503442039,0,0,0.000000000,0.000000000,0.000000000,1
63.181660908,-0.048000000,-0.028012975,-0.003288008,0.110790071,0.000861193,0.003258547,2.979134083,-0.008853932,2.970280151,2.974488508,-0.012324290,0.338756345,0.020037936,0.039339022,0.015065689,-0.047636618,0.002741399,0.291119727,0.017082585,0.361266457,0.035304849,0.335179700,-0.014341186,-0.070146729,-0.032563450,-0.044059973,1,2.417974865,0,0,-0.000000000,-0.000000000,-0.000000000,1
63.285659938,-0.044000000,-0.020000970,-0.001842071,0.185008017,0.088212892,0.002725946,2.957812548,0.124004506,3.081817053,3.086025410,-0.277532921,0.578561729,0.034208847,0.061215494,0.007680266,0.088296829,-0.269852655,0.666858558,0.017431313,0.414723796,0.020276425,0.375916815,-0.287283968,0.252134762,-0.290129080,0.290941743,0,77.614259670,0,0,0.000000000,0.000000000,0.000000000,1
63.389670975,-0.040000000,-0.019988963,-0.001304972,0.287027456,0.153453007,0.000321840,2.982771397,0.007534259,2.990305655,2.994514012,-0.462773662,0.859262227,0.050414230,0.088223102,0.031950548,0.006482324,-0.430823113,0.865744551,0.018383672,0.466081001,0.019219596,0.417920204,-0.449206785,0.399663551,-0.450042709,0.447824347,0,91.241108386,0,0,0.000000000,0.000000000,0.000000000,1
63.493676018,-0.036000000,-0.011994957,0.002037398,0.343416137,0.148126721,-0.000210806,2.943358421,-0.065848029,2.877510393,2.881718750,-0.420373546,0.987576907,0.046552542,0.100762500,-0.060985713,-0.062974408,-0.481359259,0.924602499,0.020654939,0.499971803,0.020808569,0.444165955,-0.502014198,0.424630696,-0.502167829,0.480436544,0,110.261129684,0,0,0.000000000,0.000000000,0.000000000,1
63.597681066,-0.032000000,-0.011994952,0.008316939,0.330900272,0.125756130,-0.001808699,2.955368757,-0.042340151,2.913028607,2.917236964,-0.342103722,0.958653166,0.039627636,0.097929357,-0.060517299,0.089905510,-0.402621021,1.048558677,0.021173081,0.519183925,0.018043413,0.455522612,-0.423794102,0.529374752,-0.420664434,0.593036064,0,105.489668566,0,0,0.000000000,0.000000000,0.000000000,1
63.701686120,-0.028000000,-0.003994946,0.007062573,0.296829250,0.092466637,-0.003939196,2.981534958,-0.025177369,2.956357589,2.960565946,-0.252484955,0.865887734,0.032210038,0.088868530,0.001445395,0.075814662,-0.251039560,0.941702396,0.023864814,0.523340476,0.018989218,0.453981467,-0.274904374,0.418361920,-0.270028778,0.487720929,0,59.670600296,0,0,0.000000000,0.000000000,0.000000000,1
63.805673180,-0.024000000,-0.004012940,0.011793163,0.278640001,0.078618184,-0.005270800,2.953766108,0.052151050,3.005917157,3.010125514,-0.200870476,0.821725172,0.028345890,0.084571405,-0.016215013,-0.283827409,-0.217085489,0.537897763,0.025818680,0.518798127,0.019367003,0.445713709,-0.242904169,0.019099636,-0.236452492,0.092184054,1,26.560313738,0,0,0.000000000,0.000000000,0.000000000,1
63.909672245,-0.020000000,0.004000000,0.011467173,0.271316206,0.078085564,-0.001009742,2.907948494,-0.029276600,2.878671894,2.882880251,-0.191772489,0.778123621,0.027708607,0.080341544,0.014348589,0.000048366,-0.177423900,0.778171987,0.026200645,0.509109364,-0.132338074,0.436136395,-0.203624545,0.269062622,-0.045085826,0.342035591,1,15.170559325,0,0,0.000000000,0.000000000,0.000000000,1
64.013677317,-0.016000000,0.004000000,0.007856686,0.249927881,0.063704476,0.000321854,2.947797775,-0.010320779,2.937476996,2.941685353,-0.164051598,0.735102840,0.025867533,0.076182425,-0.010631458,0.119614628,-0.174683056,0.854717467,0.026174983,0.488027758,-0.154056201,0.495409759,-0.200858038,0.366689709,-0.020626855,0.359307709,1,17.004149615,0,0,0.000000000,0.000000000,0.000000000,1
64.117676393,-0.012000000,0.012000000,0.007485571,0.232528770,0.055981319,-0.000477085,2.939234018,0.041035732,2.980269750,2.984478107,-0.144530413,0.691576616,0.024675705,0.071991542,-0.006000415,-0.110233951,-0.150530828,0.581342664,0.027650870,0.463403326,-0.161511426,0.557972694,-0.178181697,0.117939339,0.010980598,0.023369971,1,0.197863422,0,0,0.000000000,0.000000000,0.000000000,1
64.221669476,-0.008000000,0.012000000,0.011744040,0.220074748,0.052252889,-0.002607624,2.955888748,0.028720569,2.984609317,2.988817675,-0.120903086,0.649054405,0.023370399,0.067916980,0.010838160,0.032249794,-0.110064926,0.681304199,0.028131683,0.432296795,-0.159619316,0.529296532,-0.138196609,0.249007405,0.049554390,0.152007667,1,6.372460747,0,0,0.000000000,0.000000000,0.000000000,1
64.325662564,-0.004000000,0.020000000,0.028863663,0.298241440,0.199259385,-0.025777198,2.931281328,0.030292013,2.961573342,2.965781699,-0.504639428,0.806922834,0.054282682,0.083133896,0.110215645,-0.026321965,-0.394423783,0.780600869,0.028799265,0.398750602,-0.140915307,0.528253467,-0.423223048,0.381850267,-0.253508476,0.252347402,1,27.304765387,0,0,0.000000000,0.000000000,0.000000000,1
64.429661659,0.000000000,0.020000000,0.023635984,0.269015785,0.104702614,-0.009541066,2.951986551,-0.035056305,2.916930246,2.921138603,-0.236465705,0.756869656,0.030970313,0.078284844,-0.028825286,0.013425355,-0.265290991,0.770295011,0.028088010,0.349615283,-0.171194045,0.517573169,-0.293379001,0.420679728,-0.094096946,0.252721841,1,14.650239480,0,0,0.000000000,0.000000000,0.000000000,1
64.481666758,-0.048000000,-0.024000000,0.012814023,0.179685509,-0.034048088,0.006704240,2.939831018,-0.037440078,2.902390941,2.906599298,0.136012165,0.540975919,0.024186630,0.057676247,-0.002186276,-0.078294712,0.133825888,0.462681208,0.024193078,0.295494320,-0.209075914,0.506242383,0.109632810,0.167186888,0.342901803,-0.043561176,0,107.558059292,0,0,0.000000000,0.000000000,0.000000000,1
64.585659864,-0.044000000,-0.024000000,-0.004149746,0.034691894,-0.096632361,0.011764240,2.946698904,-0.063389271,2.883309633,2.887517990,0.266656015,0.133947416,0.033332481,0.024071126,-0.029328848,-0.019493403,0.237327167,0.114454012,0.021170003,0.239971984,-0.215117828,0.447157725,0.216157164,-0.125517971,0.452444995,-0.332703712,0,155.826980500,0,0,0.000000000,0.000000000,0.000000000,1
64.689664975,-0.040000000,-0.016000000,-0.004771354,-0.002475559,-0.066804960,0.005372642,2.922829151,0.038835133,2.961664285,2.965872642,0.183722718,0.008580185,0.027157694,0.020018396,-0.001031040,0.033354110,0.182691678,0.041934295,0.019708168,0.198744951,-0.217905625,0.403362734,0.162983510,-0.156810656,0.400597303,-0.361428438,0,139.619627024,0,0,0.000000000,0.000000000,0.000000000,1
64.793670092,-0.036000000,-0.016000000,0.003161015,0.025530968,-0.029797005,0.000043071,2.959136963,-0.071951802,2.887185161,2.891393518,0.095155904,0.073836987,0.022148283,0.021319451,-0.034989554,0.031038844,0.060166350,0.104875831,0.018889550,0.164348049,-0.220970795,0.366433617,0.041276800,-0.059472218,0.281137144,-0.261557786,0,63.770935859,0,0,0.000000000,0.000000000,0.000000000,1
64.897675215,-0.032000000,-0.008000000,0.009432204,0.041644017,-0.011687508,-0.002353770,2.961153030,0.045471629,3.006624660,3.010833017,0.063499048,0.118131027,0.020983834,0.023228203,-0.043296514,-0.002702537,0.020202534,0.115428490,0.018930433,0.136228769,-0.221496467,0.333232075,0.001272101,-0.020800279,0.241699001,-0.217803585,0,39.068378148,0,0,0.000000000,0.000000000,0.000000000,1
65.001674343,-0.028000000,-0.008000000,0.012449900,0.034188359,-0.019676989,-0.006881147,2.940861225,-0.021116770,2.919744455,2.923952812,0.093802306,0.079730081,0.022090467,0.021530649,-0.002050918,0.024579210,0.091751388,0.104309291,0.019602044,0.106501789,-0.223598192,0.301476087,0.072149345,-0.002192498,0.315349580,-0.197166796,0,45.709441475,0,0,0.000000000,0.000000000,0.000000000,1
65.105679477,-0.028000000,0.000000000,0.011690644,0.015565570,-0.028998056,-0.003685355,2.946691513,0.040872769,2.987564283,2.991772640,0.121560107,0.035492908,0.023404457,0.020312495,-0.030009785,0.023208340,0.091550322,0.058701248,0.020667917,0.080224526,-0.226532383,0.271490109,0.070882405,-0.021523278,0.318082705,-0.212788861,0,40.321749659,0,0,0.000000000,0.000000000,0.000000000,1
65.209678616,-0.020000000,0.000000000,0.010363384,0.003868563,-0.026601208,-0.001288512,2.946209192,0.033607152,2.979816345,2.984024702,0.110147696,0.007688081,0.022832546,0.020014771,0.012626369,0.039466866,0.122774064,0.047154946,0.019599393,0.056605632,-0.231005093,0.245504510,0.103174672,-0.009450685,0.353779158,-0.198349563,0,40.382874258,0,0,0.000000000,0.000000000,0.000000000,1
65.313677761,-0.016000000,0.008000000,0.011295727,-0.023012860,-0.076402336,-0.015935890,2.961310387,0.033786918,2.995097305,2.999305662,0.262664234,-0.116655297,0.033014012,0.023153500,0.016044728,0.046239033,0.278708962,-0.070416264,0.019187312,0.037703232,-0.235567209,0.224537497,0.259521650,-0.108119496,0.514276171,-0.294953761,0,67.959985822,0,0,0.000000000,0.000000000,0.000000000,1
65.417670911,-0.012000000,0.008000000,0.057663003,-0.054689017,-0.064151794,-0.063872807,2.964652777,-0.012515165,2.952137612,2.956345969,0.359614043,-0.350010818,0.041148786,0.040312228,0.050173948,-0.021862256,0.409787991,-0.371873074,0.015852791,0.024818158,-0.242219178,0.208791982,0.393935200,-0.396691232,0.652007169,-0.580665057,1,111.645082717,0,1,0.000000000,0.000000000,0.000000000,1
65.521676067,-0.008000000,0.016000000,0.095493518,-0.014127982,-0.021541204,-0.098227590,2.936725140,0.052636375,2.989361514,2.993569871,0.349859096,-0.335871424,0.040299055,0.039090870,0.028859835,-0.039756353,0.378718931,-0.375627777,0.010130754,0.017972009,-0.183348738,0.128863968,0.368588178,-0.393599787,0.562067669,-0.504491745,1,93.124496291,0,1,0.000000000,0.000000000,0.000000000,1
65.625669228,-0.004000000,0.016000000,0.097228760,0.020607968,0.006421991,-0.091303371,2.977874517,0.034443790,3.012318307,3.016526664,0.273538893,-0.212957057,0.033885620,0.029214843,0.004482760,0.053254868,0.278021654,-0.159702189,-0.007978758,0.015437648,-0.133573213,0.052312216,0.286000412,-0.175139837,0.411594867,-0.212014405,0,44.270717688,0,0,0.000000000,0.000000000,0.000000000,1
65.729668394,0.000000000,0.024000000,0.065225181,0.032575114,0.013346224,-0.071063332,2.954875231,-0.023897968,2.930977262,2.935185620,0.152056043,-0.112808093,0.025123901,0.022962070,0.024926645,-0.007341358,0.176982689,-0.120149452,-0.032446256,0.013075556,-0.163136132,0.042289148,0.209428944,-0.133225007,0.340118821,-0.162438600,1,28.760965698,0,0,0.000000000,0.000000000,0.000000000,1
65.781673567,-0.048000000,-0.028000000,0.050621774,0.028994481,0.002676281,-0.056950107,2.929114819,-0.068363230,2.860751588,2.864959945,0.137160147,-0.079974103,0.024251372,0.021539698,-0.010994165,-0.025973087,0.126165981,-0.105947190,-0.064569344,0.007521140,0.096789042,-0.117832873,0.190735325,-0.113468330,0.029376940,0.011885683,1,0.829979981,0,0,0.000000000,0.000000000,0.000000000,1
65.885672744,-0.044000000,-0.020000000,0.024497247,0.015659196,-0.004514278,-0.043634299,2.940540314,0.005475838,2.946016152,2.950224509,0.085468423,-0.082415105,0.021749678,0.021631516,-0.027776888,-0.015913667,0.057691534,-0.098328772,-0.098951103,0.001880537,0.071954634,-0.119876708,0.156642638,-0.100209310,-0.014263100,0.021547936,1,0.785985846,0,0,0.000000000,0.000000000,0.000000000,1
65.989665927,-0.040000000,-0.020000000,0.003693933,0.009445208,-0.002117426,-0.045498509,2.954933167,-0.006924159,2.948009007,2.952217364,0.017131937,-0.106285455,0.020073242,0.022648752,-0.004240429,-0.025904804,0.012891508,-0.132190259,-0.139167984,-0.002483321,0.020982204,-0.119284525,0.152059492,-0.129706938,-0.008090696,-0.012905734,1,0.288593692,0,0,-0.000000000,-0.000000000,-0.000000000,1
66.093671115,-0.036000000,-0.012000000,-0.012704901,0.012986684,0.004540479,-0.038574290,2.973856926,0.088061059,3.061917985,3.066126342,-0.052803940,-0.078347148,0.020685322,0.021479822,0.022855015,-0.000459976,-0.029948925,-0.078807125,-0.179936979,-0.005322898,-0.029983188,-0.132871945,0.149988053,-0.073484227,0.000034263,0.054064820,1,3.553947604,0,0,0.000000000,0.000000000,0.000000000,1
66.197676309,-0.032000000,-0.012000000,-0.033141147,0.018683079,0.007463065,-0.038040884,2.960897684,0.019594137,2.980491821,2.984700179,-0.121020524,-0.057695780,0.023376477,0.020815572,0.034928839,0.020829464,-0.086091685,-0.036866317,-0.227633661,-0.008587451,-0.077976581,-0.120412421,0.141541976,-0.028278865,-0.008115104,0.083546104,1,8.845933580,0,0,0.000000000,0.000000000,0.000000000,1
66.301678508,-0.028000000,-0.012000000,-0.051847869,0.017634409,0.005066216,-0.029785080,2.954498768,-0.075882525,2.878616243,2.882824600,-0.163833812,-0.034977117,0.025853727,0.020303546,-0.006730798,0.039228606,-0.170564610,0.004251489,-0.274373110,-0.012097203,-0.128674926,-0.092356964,0.103808500,0.016348692,-0.041889684,0.096608453,1,13.981429349,0,0,0.000000000,0.000000000,0.000000000,1
66.405677713,-0.024000000,-0.004000000,-0.099922172,0.011572580,-0.002124324,0.023478150,2.984273434,-0.029659033,2.954614401,2.958822758,-0.288954931,0.103561392,0.035141849,0.022522203,0.021180796,-0.002205296,-0.267774135,0.101356095,-0.320148452,-0.017179945,-0.192535244,-0.056587204,0.052374317,0.118536040,-0.075238891,0.157943300,1,32.678637422,0,0,0.000000000,0.000000000,0.000000000,1
66.509688922,-0.020000000,0.004000000,-0.172212720,0.005796555,-0.001597594,0.063696384,2.973614454,0.010083218,2.983697672,2.987906029,-0.509063955,0.207345922,0.054694251,0.028808390,-0.029803068,-0.043248150,-0.538867023,0.164097771,-0.360976796,-0.020535134,-0.253842233,-0.001732256,-0.177890227,0.184632906,-0.285024789,0.165830027,0,46.974688128,0,0,0.000000000,0.000000000,0.000000000,1
66.609682137,-0.020000000,0.000000000,-0.201576765,0.002568016,-0.004793375,0.065294281,2.983130455,0.036807916,3.019938371,3.024146728,-0.594273711,0.204939955,0.062702571,0.028635709,-0.050459629,0.000430824,-0.644733340,0.205370779,-0.399403256,-0.025291252,-0.292831002,-0.012810110,-0.245330085,0.230662031,-0.351902338,0.218180889,0,60.688870845,0,0,0.000000000,0.000000000,0.000000000,1
66.717681357,-0.012000000,0.012000000,-0.200145914,-0.000758318,-0.005059683,0.048516367,2.944117546,-0.025619022,2.918498524,2.922706881,-0.569358876,0.139381794,0.060346460,0.024377712,0.053747203,-0.008648138,-0.515611672,0.130733656,-0.427637583,-0.031010941,-0.324352708,-0.025706811,-0.087974089,0.161744598,-0.191258964,0.156440467,1,24.275127914,0,0,0.000000000,0.000000000,0.000000000,1
66.821686583,-0.008000000,0.012000000,-0.191205754,-0.003163898,-0.005326007,0.030673187,2.922658205,0.019484027,2.942142232,2.946350589,-0.546884653,0.080936241,0.058230819,0.021575605,0.003496236,-0.021642686,-0.543388417,0.059293555,-0.452481199,-0.034146378,-0.384286966,0.061899757,-0.090907219,0.093439933,-0.159101451,-0.002606202,1,5.943953481,0,0,-0.000000000,-0.000000000,-0.000000000,1
66.925685813,-0.004000000,0.020000000,-0.183959080,0.004617150,0.001060923,0.021086479,2.956712723,0.015930397,2.972643119,2.976851476,-0.549998438,0.076407716,0.058523353,0.021409843,-0.152657952,-0.006644323,-0.702656390,0.069763393,-0.471035469,-0.035468423,-0.440815511,0.050801161,-0.231620921,0.105231815,-0.261840879,0.018962232,1,16.255372984,0,0,0.000000000,0.000000000,0.000000000,1
67.029685049,0.000000000,0.020000000,-0.186778838,0.003691800,0.001859875,0.020021215,2.985073805,0.079232782,3.064306587,3.068514944,-0.578046852,0.072663950,0.061166834,0.021279109,0.068727018,-0.019544335,-0.509319833,0.053119615,-0.488732970,-0.037495600,-0.515705821,0.050391547,-0.020586863,0.090615215,0.006385988,0.002728068,1,0.017934205,0,0,0.000000000,0.000000000,0.000000000,1
67.081690289,-0.048000000,-0.024000000,-0.186685526,0.003225132,0.004256723,0.016026473,2.945773602,-0.016067641,2.929705961,2.933914318,-0.559404645,0.056401540,0.059408211,0.020780071,-0.001163132,-0.032387460,-0.560567777,0.024014080,-0.501681966,-0.038228361,-0.530594002,0.042874820,-0.058885812,0.062242441,-0.029973775,-0.018860739,1,0.662412442,0,0,-0.000000000,-0.000000000,-0.000000000,1
67.181689535,-0.052000000,-0.028000000,-0.188693888,0.004826146,0.002126192,0.013363308,2.946177721,0.050009554,2.996187275,3.000395632,-0.571732694,0.054499012,0.060570477,0.020729241,-0.036717542,0.008524477,-0.608450237,0.063023488,-0.513165443,-0.040445507,-0.553590569,0.025598412,-0.095284794,0.103468995,-0.054859667,0.037425076,1,2.519950711,0,0,0.000000000,0.000000000,0.000000000,1
67.285694786,-0.044000000,-0.020000000,-0.187983342,0.001244520,0.000256847,0.011500805,2.985502005,0.038006328,3.023508332,3.027716689,-0.569145781,0.038535595,0.060326356,0.020367865,-0.013228370,-0.001573026,-0.582374151,0.036962569,-0.523168028,-0.041454520,-0.578405862,0.033427571,-0.059206124,0.078417090,-0.003968289,0.003534999,1,0.020684573,0,0,0.000000000,0.000000000,0.000000000,1
67.389700042,-0.040000000,-0.020000000,-0.193267380,-0.000242872,-0.000542098,0.010968172,2.981200695,-0.005141743,2.976058952,2.980267309,-0.573561801,0.031919124,0.060743159,0.020253106,-0.096803235,0.004310122,-0.670365037,0.036229246,-0.532237987,-0.044966376,-0.592041339,0.025741431,-0.138127050,0.081195622,-0.078323698,0.010487815,1,1.475787160,0,0,0.000000000,0.000000000,0.000000000,1
67.493705303,-0.040000000,-0.012000000,-0.192070487,-0.004124400,-0.002139993,0.010435539,2.984942198,0.036810493,3.021752690,3.025961047,-0.573922982,0.019070704,0.060777265,0.020090717,-0.010235668,-0.022195262,-0.584158650,-0.003124559,-0.540103198,-0.047573990,-0.619961706,0.020045986,-0.044055452,0.044449431,0.035803057,-0.023170545,1,1.026538796,0,0,0.000000000,0.000000000,0.000000000,1
67.597710568,-0.032000000,-0.012000000,-0.196953071,-0.002772270,0.000518439,0.011766075,2.952867270,-0.055318007,2.897549263,2.901757620,-0.572183430,0.026059993,0.060613025,0.020169066,0.000163059,-0.003589307,-0.572020372,0.022470686,-0.547627212,-0.049981543,-0.621506933,0.000911495,-0.024393160,0.072452229,0.049486562,0.021559191,1,1.169297939,0,0,0.000000000,0.000000000,0.000000000,1
67.701721839,-0.028000000,-0.004000000,-0.197525494,-0.003575164,-0.000014191,0.008836598,2.940020561,-0.011993460,2.928027101,2.932235458,-0.578318449,0.015405622,0.061192502,0.020059246,-0.128017814,0.002999140,-0.706336263,0.018404762,-0.551652817,-0.051601967,-0.618740766,0.000782329,-0.154683446,0.070006729,-0.087595497,0.017622433,1,2.080004478,0,0,0.000000000,0.000000000,0.000000000,1
67.805727114,-0.024000000,-0.004000000,-0.189813105,-0.003967870,0.000518440,0.000847113,2.989505053,-0.009045244,2.980459809,2.984668166,-0.567275519,-0.009301290,0.060149939,0.020021617,0.058629399,-0.037904549,-0.508646121,-0.047205839,-0.554137399,-0.053690049,-0.642805079,-0.000878430,0.045491278,0.006484210,0.134158958,-0.046327409,1,7.019337854,0,0,0.000000000,0.000000000,0.000000000,1
67.909726394,-0.020000000,0.004000000,-0.192117394,-0.000445834,0.006643712,0.001646060,2.926924944,0.000531434,2.927456378,2.931664735,-0.581864465,0.003513609,0.061527738,0.020003086,0.033511338,-0.029377916,-0.548353127,-0.025864307,-0.557541388,-0.052707084,-0.622295677,-0.029064332,0.009188261,0.026842777,0.073942550,0.003200025,1,1.161411327,0,0,0.000000000,0.000000000,0.000000000,1
68.013731678,-0.016000000,0.004000000,-0.194119290,0.001079220,0.006377397,0.004575539,2.929117918,-0.054629693,2.874488225,2.878696582,-0.576325363,0.016254538,0.061004174,0.020065944,-0.086335288,0.008028413,-0.662660651,0.024282951,-0.561530649,-0.053273470,-0.614107000,-0.034963320,-0.101130003,0.077556421,-0.048553651,0.059246271,1,5.487567560,0,0,0.000000000,0.000000000,0.000000000,1
68.121736967,-0.008000000,0.016000000,-0.196358870,-0.002605478,0.003706189,0.004309328,2.967568398,0.038722336,3.006290734,3.010499091,-0.601453733,0.005122270,0.063383483,0.020006558,0.082470386,0.014246116,-0.518983347,0.019368385,-0.565371395,-0.054093266,-0.630981748,-0.017881152,0.046388048,0.073461652,0.111998401,0.037249537,1,4.432676180,0,0,0.000000000,0.000000000,0.000000000,1
68.225742260,-0.004000000,0.016000000,-0.193498581,-0.005971918,0.002108292,0.002977747,2.988793373,0.058033398,3.046826771,3.051035128,-0.595980258,-0.009122719,0.062864335,0.020020795,-0.019464526,0.025392134,-0.615444783,0.016269414,-0.566123759,-0.056184285,-0.614442168,-0.010414199,-0.049321025,0.072453700,-0.001002615,0.026683613,1,1.007131400,0,0,0.000000000,0.000000000,0.000000000,1
68.325741558,-0.004000000,0.020000000,-0.212945707,-0.009073508,-0.000563259,0.027747961,2.913846731,0.007977868,2.921824600,2.926032957,-0.620544259,0.054563475,0.065197790,0.020730936,-0.046541201,0.008746281,-0.667085460,0.063309756,-0.567001292,-0.058004074,-0.618578165,-0.010039535,-0.100084169,0.121313830,-0.048507295,0.073349291,1,7.791068170,0,0,0.000000000,0.000000000,0.000000000,1
68.429746860,0.000000000,0.020000000,-0.237696947,-0.015187846,-0.005090638,0.047721677,2.928008795,0.003455221,2.931464015,2.935672372,-0.681877027,0.095371753,0.071060276,0.022157566,-0.015750633,-0.006867131,-0.697627660,0.088504622,-0.566158978,-0.060657839,-0.629123689,0.010088779,-0.131468683,0.149162461,-0.068503971,0.078415843,1,8.452066618,0,0,0.000000000,0.000000000,0.000000000,1
68.481746167,-0.048000000,-0.024000000,-0.248627540,-0.018560600,-0.009085350,0.060504701,2.932477236,-0.044290817,2.888186419,2.892394776,-0.691842501,0.121142384,0.072017085,0.023382788,0.028602972,-0.027033059,-0.663239530,0.094109325,-0.561010660,-0.063679539,-0.637382336,0.028035038,-0.102228870,0.157788864,-0.025857193,0.066074287,1,5.084004391,0,0,0.000000000,0.000000000,0.000000000,1
68.589745478,-0.040000000,-0.020000000,-0.243605383,-0.021967059,-0.007753773,0.054912064,2.978976727,-0.000690159,2.978286567,2.982494924,-0.702433682,0.098119668,0.073035134,0.022277224,-0.056539700,-0.012096033,-0.758973383,0.086023635,-0.551519566,-0.064558778,-0.635872547,0.046980754,-0.207453816,0.150582413,-0.123100836,0.039042881,1,4.184069402,0,0,0.000000000,0.000000000,0.000000000,1
68.693750794,-0.036000000,-0.012000000,-0.229989572,-0.017314490,-0.000296922,0.034938354,2.970702887,0.019940567,2.990643454,2.994851811,-0.686928821,0.052706694,0.071545175,0.020682842,-0.000360800,0.011231378,-0.687289621,0.063938071,-0.537837227,-0.063621840,-0.646168140,0.055022087,-0.149452394,0.127559911,-0.041121481,0.008915984,1,0.375462801,0,0,0.000000000,0.000000000,0.000000000,1
68.797756113,-0.032000000,-0.012000000,-0.203138056,-0.011933247,-0.001628501,0.025350967,2.937428474,0.053891281,2.991319755,2.995528112,-0.602779514,0.040136693,0.063509302,0.020398763,-0.062318831,0.015629944,-0.665098345,0.055766638,-0.519136498,-0.063235213,-0.638679051,0.051667886,-0.145961848,0.119001851,-0.026419294,0.004098751,1,0.157960641,0,0,0.000000000,0.000000000,0.000000000,1
68.897761437,-0.032000000,-0.008000000,-0.191225939,-0.015251059,-0.002693767,0.014964638,2.931882143,0.030053684,2.961935827,2.966144185,-0.558420195,-0.000848359,0.059315522,0.020000180,0.045910046,-0.004092861,-0.512510148,-0.004941219,-0.498839672,-0.062910047,-0.629845263,0.045511106,-0.013670476,0.057968828,0.117335114,-0.050452325,1,6.577424168,0,0,0.000000000,0.000000000,0.000000000,1
69.001754765,-0.032000000,-0.008000000,-0.182467208,-0.017914045,-0.005090618,0.019758325,2.954266548,0.011579770,2.965846318,2.970054675,-0.526071709,0.005469853,0.056280675,0.020007478,-0.048757474,-0.006062238,-0.574829183,-0.000592385,-0.477235595,-0.062502595,-0.584413165,0.016088891,-0.097593588,0.061910210,0.009583982,-0.016681276,1,0.409812792,0,0,0.000000000,0.000000000,0.000000000,1
69.109760098,-0.020000000,0.004000000,-0.170393453,-0.016248512,-0.002427447,0.020024646,2.981558800,0.009905388,2.991464188,2.995672545,-0.502464291,0.011296170,0.054080529,0.020031875,0.014752362,0.019617916,-0.487711929,0.030914086,-0.455380362,-0.061423394,-0.565965441,0.001302629,-0.032331567,0.092337480,0.078253513,0.029611457,1,2.757735809,0,0,0.000000000,0.000000000,0.000000000,1
69.213759434,-0.016000000,0.004000000,-0.161076090,-0.013827472,-0.001362188,0.014432006,2.929197788,-0.018159442,2.911038346,2.915246703,-0.464933294,0.001759822,0.050612545,0.020000774,-0.093534858,0.032728279,-0.558468151,0.034488101,-0.432190000,-0.059541857,-0.529336132,0.007323953,-0.126278152,0.094029958,-0.029132019,0.027164148,1,1.295830818,0,0,0.000000000,0.000000000,0.000000000,1
69.317758775,-0.012000000,0.012000000,-0.153864017,-0.011605471,-0.001095870,0.014165690,2.938329697,-0.001140416,2.937189281,2.941397638,-0.448708966,0.007519847,0.049126341,0.020014132,0.060974676,-0.026382583,-0.387734290,-0.018862736,-0.410960483,-0.058336846,-0.519065439,0.014065595,0.023226193,0.039474110,0.131331148,-0.032928331,1,6.856157138,0,0,0.000000000,0.000000000,0.000000000,1
69.421758120,-0.008000000,0.012000000,-0.140782705,-0.012898468,-0.001628501,0.008573052,2.959566116,-0.047644457,2.911921659,2.916130016,-0.405206141,-0.012595275,0.045187611,0.020039621,0.022682134,-0.011906207,-0.382524007,-0.024501482,-0.385140078,-0.056145488,-0.465690373,-0.006237370,0.002616070,0.031644006,0.083166366,-0.018264112,1,2.918345129,0,0,0.000000000,0.000000000,0.000000000,1
69.525757469,-0.004000000,0.020000000,-0.123657268,-0.013392499,-0.002438496,0.003783961,2.980640650,-0.015847113,2.964793537,2.969001894,-0.359388632,-0.028487331,0.041129088,0.020201863,-0.038503579,0.007136117,-0.397892211,-0.021351215,-0.362573035,-0.056111813,-0.422248595,-0.020974810,-0.035319176,0.034760598,0.024356384,-0.000376405,1,0.243159470,0,0,0.000000000,0.000000000,0.000000000,1
69.629756822,0.000000000,0.020000000,-0.115092629,-0.014790025,-0.003503761,0.003517644,2.954348326,-0.048654804,2.905693522,2.909901879,-0.324243051,-0.032754083,0.038096398,0.020266433,-0.059180567,0.007920869,-0.383423618,-0.024833214,-0.338528058,-0.055062730,-0.397897604,-0.028990219,-0.044895560,0.030229517,0.014473986,0.004157005,1,0.120424873,0,0,0.000000000,0.000000000,0.000000000,1
69.681756179,-0.048000000,-0.024000000,-0.108504086,-0.013699677,-0.000041652,0.000854483,2.958855391,-0.063631080,2.895224310,2.899432667,-0.314023076,-0.037189716,0.037230430,0.020342830,0.049008691,-0.006015580,-0.265014385,-0.043205296,-0.316387760,-0.052820526,-0.375768348,-0.033926585,0.051373374,0.009615230,0.110753962,-0.009278711,1,6.281382056,0,0,0.000000000,0.000000000,0.000000000,1
69.785755540,-0.044000000,-0.024000000,-0.101950897,-0.009079917,0.000224665,0.005914491,2.914913893,-0.065773801,2.849140092,2.853348449,-0.291112490,-0.009018743,0.035319468,0.020020324,-0.091654020,0.012535016,-0.382766510,0.003516273,-0.293696843,-0.050976776,-0.324021224,-0.044219553,-0.089069667,0.054493049,-0.058745286,0.047735826,1,5.149220711,0,0,0.000000000,0.000000000,0.000000000,1
69.889754906,-0.040000000,-0.016000000,-0.095299651,-0.008012543,-0.005900610,0.019496612,2.961025238,0.005446683,2.966471921,2.970680278,-0.265199744,0.034067169,0.033216096,0.020288068,0.001275660,0.005714835,-0.263924084,0.039782004,-0.272390858,-0.049491969,-0.324315976,-0.029584153,0.008466774,0.089273973,0.060391892,0.069366157,1,8.712411457,0,0,0.000000000,0.000000000,0.000000000,1
69.993760275,-0.036000000,-0.016000000,-0.120486348,-0.020297450,-0.016819542,0.061308250,2.981820583,-0.033776172,2.948044412,2.952252769,-0.305614346,0.120901659,0.036523982,0.023370325,0.058070894,0.004264898,-0.247543453,0.125166557,-0.248878969,-0.045028639,-0.285614711,-0.004322900,0.001335517,0.170195196,0.038071258,0.129489457,1,20.098970388,0,0,0.000000000,0.000000000,0.000000000,1
70.097765649,-0.032000000,-0.008000000,-0.139442281,-0.026843045,-0.017096322,0.061044842,2.911593199,0.042232269,2.953825468,2.958033825,-0.361388611,0.101026139,0.041303962,0.022406758,-0.031834283,-0.022590729,-0.393222893,0.078435410,-0.222661357,-0.041182364,-0.251173187,0.040312629,-0.170561537,0.119617774,-0.142049707,0.038122781,1,10.945403839,0,0,0.000000000,0.000000000,0.000000000,1
70.201771026,-0.032000000,-0.008000000,-0.094448431,-0.014698586,-0.000584730,-0.001273143,2.918947935,0.026801082,2.945749017,2.949957374,-0.276498907,-0.047048705,0.034125012,0.020545944,0.023805457,0.022291613,-0.252693450,-0.024757092,-0.190506669,-0.035353131,-0.256793621,0.054059594,-0.062186781,0.010596039,0.004100171,-0.078816686,1,7.859651311,0,0,0.000000000,0.000000000,0.000000000,1
70.305770408,-0.028000000,-0.008000000,-0.016921115,0.003769021,0.008736319,-0.050807767,2.947265387,0.038440978,2.985706365,2.989914722,-0.076605563,-0.140443881,0.021416912,0.024438593,-0.010029687,-0.001808653,-0.086635250,-0.142252534,-0.157002226,-0.029542349,-0.233118723,0.015992619,0.070366977,-0.112710185,0.146483473,-0.158245153,0,49.500276741,0,0,0.000000000,0.000000000,0.000000000,1
70.409769793,-0.020000000,0.000000000,0.030840398,0.014671492,0.022052132,-0.085162535,2.954757214,0.005781287,2.960538501,2.964746858,0.026018000,-0.208691449,0.020168524,0.028905384,-0.001826653,-0.031472451,0.024191348,-0.240163900,-0.131520124,-0.024955284,-0.215171900,0.013642039,0.155711472,-0.215208616,0.239363248,-0.253805939,0,100.527249458,0,0,0.000000000,0.000000000,0.000000000,1
70.513775183,-0.016000000,0.008000000,0.061095325,0.024863935,0.019122660,-0.077972017,2.970807076,-0.035146717,2.935660358,2.939868715,0.123217488,-0.155907291,0.023490966,0.025358841,0.033288982,-0.051895034,0.156506470,-0.207802325,-0.114196549,-0.023759005,-0.205702143,0.005369405,0.270703019,-0.184043320,0.362208614,-0.213171731,0,122.074778335,0,0,0.000000000,0.000000000,0.000000000,1
70.617780576,-0.012000000,0.008000000,0.017960022,0.010128697,0.005274201,-0.026572995,2.998780489,0.036212664,3.034993153,3.039201510,0.038501380,-0.049908331,0.020367218,0.020613307,-0.022388754,0.017581350,0.016112626,-0.032326981,-0.103447599,-0.023299944,-0.202978020,-0.001296714,0.119560226,-0.009027037,0.219090646,-0.031030267,1,29.888651326,0,0,0.000000000,0.000000000,0.000000000,1
70.721785973,-0.008000000,0.016000000,-0.024864804,-0.000098052,-0.000320240,0.003790319,2.937047005,0.008288466,2.945335471,2.949543828,-0.072291974,0.010874965,0.021266436,0.020029544,0.018464185,-0.023709755,-0.053827789,-0.012834790,-0.096671959,-0.024207672,-0.037591741,-0.028976668,0.042844170,0.011372882,-0.016236048,0.016141878,1,0.618593638,0,0,0.000000000,0.000000000,0.000000000,1
70.825785374,-0.004000000,0.016000000,-0.033948900,-0.005158428,-0.005113930,0.010448222,2.943125963,-0.034846221,2.908279742,2.912488100,-0.083860157,0.015384200,0.021686984,0.020059081,-0.008354450,-0.006552129,-0.092214606,0.008832071,-0.088640859,-0.024035182,-0.045118367,-0.025723140,-0.003573747,0.032867253,-0.047096240,0.034555211,1,4.532580587,0,0,0.000000000,0.000000000,0.000000000,1
70.929778778,0.000000000,0.024000000,-0.020232871,0.002566318,0.002870997,-0.000198249,2.935133457,0.021388564,2.956522021,2.960730378,-0.068307095,0.007001250,0.021134299,0.020012251,-0.012616153,0.002103808,-0.080923248,0.009105057,-0.081337917,-0.022000471,-0.063818045,-0.017279952,0.000414669,0.031105528,-0.017105203,0.026385009,1,1.411335322,0,0,0.000000000,0.000000000,0.000000000,1
71.029775186,-0.004000000,0.020000000,-0.011717691,0.004561157,0.003669946,-0.006057204,2.967540026,-0.059259837,2.908280188,2.912488545,-0.044751561,-0.004350924,0.020494561,0.020004732,0.009996400,-0.020920116,-0.034755162,-0.025271040,-0.073238505,-0.021470989,-0.067825974,-0.013572093,0.038483343,-0.003800051,0.033070812,-0.011698947,1,1.781989754,0,0,0.000000000,0.000000000,0.000000000,1
71.081780598,-0.052000000,-0.032000000,-0.006923298,0.002313317,-0.000058480,-0.009519313,2.920471191,0.017421288,2.937892479,2.942100836,-0.020168096,-0.021170440,0.020101431,0.020111735,0.023286913,0.032119885,0.003118817,0.010949445,-0.066658294,-0.021694914,-0.054890156,-0.025593523,0.069777111,0.032644360,0.058008973,0.036542968,1,6.752276862,0,0,0.000000000,0.000000000,0.000000000,1
71.185780014,-0.044000000,-0.024000000,-0.004402731,-0.000758405,-0.000591110,-0.009252996,2.941581726,-0.033189033,2.908392693,2.912601050,-0.011085691,-0.029117086,0.020030700,0.020210840,0.002789807,0.006898599,-0.008295883,-0.022218487,-0.058793634,-0.020949245,-0.031967913,-0.015225435,0.050497751,-0.001269242,0.023672029,-0.006993052,1,0.928843103,0,0,0.000000000,0.000000000,0.000000000,1
71.289785434,-0.044000000,-0.016000000,-0.002068586,0.000134243,-0.003520590,-0.001263513,2.937869072,0.010482640,2.948351712,2.952560069,0.004281018,-0.003329485,0.020004581,0.020002771,0.005366957,0.010866584,0.009647975,0.007537099,-0.053660668,-0.020810745,-0.027622401,-0.026431246,0.063308643,0.028347844,0.037270376,0.033968344,1,3.636299677,0,0,0.000000000,0.000000000,0.000000000,1
71.393793857,-0.036000000,-0.016000000,-0.027905791,-0.016592454,-0.020298503,0.047738660,2.936293840,-0.018398454,2.917895387,2.922103744,-0.022197271,0.090881371,0.020122803,0.021968028,0.022635636,-0.024501012,0.000438365,0.066380358,-0.049347266,-0.022092139,-0.016603426,-0.018687244,0.049785631,0.088472498,0.017041791,0.085067603,1,9.585525728,0,0,0.000000000,0.000000000,0.000000000,1
71.501793284,-0.028000000,-0.004000000,-0.085050634,-0.016942384,-0.010711110,0.093012393,2.938209534,0.070987802,3.009197335,3.013405692,-0.223702297,0.228909667,0.030007119,0.030397308,-0.005182037,0.047354129,-0.228884334,0.276263795,-0.043285368,-0.019785412,-0.006443664,0.009112060,-0.185598967,0.296049207,-0.222440671,0.267151736,0,100.958064435,0,0,0.000000000,0.000000000,0.000000000,1
71.605798714,-0.024000000,-0.004000000,-0.105072816,-0.001227610,0.002072049,0.099936627,2.948975801,0.066937907,3.015913709,3.020122066,-0.323139666,0.297697876,0.038002532,0.035864192,0.028886153,-0.026860171,-0.294253514,0.270837705,-0.027305321,-0.015835951,0.000767651,0.003932093,-0.266948193,0.286673656,-0.295021164,0.266905612,0,87.365911796,0,0,0.000000000,0.000000000,0.000000000,1
71.709798148,-0.024000000,0.004000000,-0.084589853,0.011040583,0.008197306,0.077832386,2.928054333,-0.064856762,2.863197571,2.867405928,-0.265667969,0.254460868,0.033253491,0.032365156,0.041332476,-0.006543265,-0.224335493,0.247917603,-0.003427097,-0.013004659,0.018915873,-0.003431581,-0.220908395,0.260922262,-0.243251366,0.251349184,0,69.773502013,0,0,0.000000000,0.000000000,0.000000000,1
71.809803585,-0.020000000,0.000000000,-0.047626511,0.010114389,0.003403624,0.059190243,2.919256687,0.067298996,2.986555683,2.990764040,-0.152404340,0.206982145,0.025144996,0.028782218,0.005064265,-0.022146636,-0.147340074,0.184835509,0.029022108,-0.010711821,0.043131897,-0.009061698,-0.176362183,0.195547330,-0.190471971,0.193897207,0,44.923754436,0,0,0.000000000,0.000000000,0.000000000,1
71.913803026,-0.016000000,0.008000000,-0.023064555,0.006598321,0.001266670,0.044291377,2.994398594,-0.002324729,2.992073865,2.996282222,-0.072800823,0.152265735,0.021283787,0.025136598,-0.001010269,-0.006157749,-0.073811091,0.146107986,0.064804937,-0.009608586,0.074482311,-0.015976421,-0.138616028,0.155716572,-0.148293403,0.162084407,1,26.766995220,0,0,0.000000000,0.000000000,0.000000000,1
72.017796471,-0.012000000,0.008000000,0.000539151,0.005157919,0.001000379,0.041095458,2.939564943,0.091125911,3.030690854,3.034899211,-0.001397837,0.140179687,0.020000488,0.024423420,0.021927129,-0.003532536,0.020529292,0.136647151,0.105147978,-0.007150119,0.000440457,0.091860595,-0.084618686,0.143797270,0.020088835,0.044786556,1,2.064174033,0,0,0.000000000,0.000000000,0.000000000,1
72.121789370,-0.012000000,0.015999452,0.010823492,0.009117110,0.003929856,0.045889147,2.946979523,-0.047461847,2.899517676,2.903726033,0.019988218,0.159491612,0.020099634,0.025580769,0.025777910,-0.016943020,0.045766128,0.142548592,0.142158167,-0.004949046,0.046883019,0.107555547,-0.096392039,0.147497638,-0.001116890,0.034993045,1,1.090992109,0,0,0.000000000,0.000000000,0.000000000,1
72.225794825,-0.004000000,0.016000000,0.026647172,0.007430939,0.001533010,0.039763868,2.949803591,-0.018303978,2.931499612,2.935707969,0.073622154,0.138351559,0.021312020,0.024318954,-0.018171391,0.003645982,0.055450763,0.141997541,0.188034956,-0.003341105,0.083772936,0.114305619,-0.132584193,0.145338646,-0.028322173,0.027691922,1,1.903546491,0,0,0.000000000,0.000000000,0.000000000,1
72.329794283,0.000000000,0.023999458,0.052323520,0.004409551,-0.001929103,0.034171239,2.969388247,-0.067798724,2.901589523,2.905797880,0.157418842,0.111945615,0.025452051,0.022919821,0.008428186,0.005187771,0.165847028,0.117133385,0.233432124,-0.003373069,0.114206070,0.118585402,-0.067585096,0.120506454,0.051640958,-0.001452017,1,2.922016121,0,0,0.000000000,0.000000000,0.000000000,1
72.385794283,-0.044000000,-0.024000000,0.062848549,0.002997691,0.000201423,0.034171239,2.944823265,-0.011538646,2.933284619,2.937492976,0.183761850,0.109027050,0.027160342,0.022778696,0.019225423,0.019891290,0.202987273,0.128918340,0.282453398,-0.000484425,0.170654548,0.114568720,-0.079466125,0.129402766,0.032332724,0.014349620,1,1.208588273,0,0,0.000000000,0.000000000,0.000000000,1
72.489802745,-0.040000000,-0.016000000,0.079205251,0.010006263,0.006060375,0.030975441,2.970995903,-0.004392657,2.966603246,2.970811603,0.216991825,0.121576455,0.029510244,0.023405306,-0.023932285,0.043542645,0.193059540,0.165119100,0.329913104,0.002507695,0.223210948,0.116977936,-0.136853564,0.162611404,-0.030151408,0.048141164,1,3.255349045,0,0,0.000000000,0.000000000,0.000000000,1
72.593796210,-0.040000000,-0.016000000,0.099154941,0.014413752,0.006585463,0.033373211,2.958965540,-0.044458427,2.914507113,2.918715470,0.269794402,0.139275441,0.033584076,0.024371633,-0.049003493,0.031259824,0.220790909,0.170535265,0.381665543,0.005322875,0.262102454,0.129282546,-0.160874634,0.165212391,-0.041311545,0.041252720,1,2.866808874,0,0,0.000000000,0.000000000,0.000000000,1
72.697795679,-0.032000000,-0.008000000,0.120267424,0.010902520,0.000193877,0.028046889,2.942917585,0.038190318,2.981107904,2.985316261,0.357952200,0.116112391,0.041003631,0.023126195,-0.012155221,0.023093906,0.345796979,0.139206298,0.432061560,0.004395923,0.297461627,0.139264065,-0.086264581,0.134810374,0.048335352,-0.000057767,1,1.109644990,0,0,0.000000000,0.000000000,0.000000000,1
72.801801151,-0.032000000,-0.008000000,0.141824470,0.004768607,-0.001137707,0.029644787,2.972369432,-0.033712892,2.938656540,2.942864897,0.420116736,0.101129145,0.046529353,0.022411404,0.011318223,-0.010914874,0.431434959,0.090214271,0.485387609,0.004581660,0.354695774,0.130154856,-0.053952650,0.085632611,0.076739185,-0.039940584,1,3.996105931,0,0,0.000000000,0.000000000,0.000000000,1
72.905806626,-0.028000000,0.000000000,0.160017105,0.004704888,-0.000072436,0.028046889,2.967106342,-0.025988619,2.941117723,2.945326080,0.470842186,0.096326833,0.051155876,0.022198842,0.109063963,-0.020019539,0.579906149,0.076307295,0.535821458,0.004534510,0.415116485,0.104230143,0.044084691,0.071772785,0.164789664,-0.027922849,1,9.434323392,0,0,0.000000000,0.000000000,0.000000000,1
73.005806105,-0.028000000,-0.004000000,0.178386457,0.007601141,0.003389667,0.024052149,2.986214638,0.000968441,2.987183079,2.991391436,0.522747451,0.094554173,0.055970072,0.022122498,-0.012786138,-0.032848643,0.509961312,0.061705530,0.590772027,0.004002329,0.493431864,0.084964858,-0.080810715,0.057703201,0.016529449,-0.023259328,1,0.685608243,0,0,0.000000000,0.000000000,0.000000000,1
73.109805587,-0.024000000,0.004000000,0.228302714,0.009951415,0.002324409,-0.027613182,2.968590021,-0.052355662,2.916234359,2.920442716,0.659005700,-0.051505852,0.068868608,0.020652567,-0.055091572,-0.050761963,0.603914128,-0.102267815,0.642707096,0.004232811,0.545676114,0.067527016,-0.038792968,-0.106500626,0.058238014,-0.169794832,1,35.581189536,0,0,0.000000000,0.000000000,0.000000000,1
73.213811073,-0.016000000,0.004000000,0.306326430,0.011118367,0.004188634,-0.068093248,2.953713655,-0.066327130,2.887386525,2.891594883,0.872388602,-0.164508502,0.089502060,0.025896534,-0.022350473,-0.006874146,0.850038129,-0.171382648,0.695632435,0.004664820,0.590205785,-0.022638908,0.154405694,-0.176047469,0.259832344,-0.148743741,1,29.267768715,0,0,0.000000000,0.000000000,0.000000000,1
73.317816561,-0.016000000,0.004000000,0.340313758,0.007103104,0.000992815,-0.077414297,2.972475529,0.004255112,2.976730641,2.980938998,1.010067050,-0.209297482,0.102967735,0.028949169,-0.112623835,-0.000635055,0.897443214,-0.209932537,0.743535103,0.002991918,0.651025944,-0.086039990,0.153908112,-0.212924455,0.246417271,-0.123892547,1,17.561264220,0,0,0.000000000,0.000000000,0.000000000,1
73.421822053,-0.012000000,0.012000000,0.344031849,0.004218673,-0.000072431,-0.059837434,2.993645191,0.021085480,3.014730672,3.018939029,1.037381726,-0.167675585,0.105648514,0.026098870,0.008361416,-0.004442840,1.045743142,-0.172118425,0.777942027,0.002584717,0.696240701,-0.135579985,0.267801115,-0.174703142,0.349502441,-0.036538440,1,11.100403132,0,0,0.000000000,0.000000000,0.000000000,1
73.525821548,-0.008000000,0.012000000,0.326686503,0.004856127,0.001259151,-0.036934253,2.977184772,0.010604964,2.987789736,2.991998093,0.972308502,-0.095842694,0.099266501,0.022177877,0.208654086,-0.029799539,1.180962589,-0.125642233,0.806827581,0.001325752,0.750477771,-0.159047717,0.374135008,-0.126967985,0.430484818,0.033405485,1,17.523219530,0,0,0.000000000,0.000000000,0.000000000,1
73.633821046,0.000000000,0.024000000,0.318186608,0.005381079,0.003115558,-0.024676472,3.011305809,0.007127559,3.018433368,3.022641725,0.951020971,-0.058241858,0.097182349,0.020830774,0.094325409,0.028353525,1.045346380,-0.029888334,0.829438459,0.000213393,0.821394484,-0.152288667,0.215907921,-0.030101727,0.223951896,0.122400334,1,22.735253432,0,0,0.000000000,0.000000000,0.000000000,1
73.685820547,-0.044000000,-0.020000000,0.315801563,0.006056330,0.005246068,-0.019883094,2.984583139,-0.039714520,2.944868619,2.949076977,0.914545132,-0.040718004,0.093615853,0.020410281,0.021021452,0.027184672,0.935566584,-0.013533332,0.848342293,0.000087642,0.868298550,-0.103875784,0.087224291,-0.013620973,0.067268034,0.090342452,1,11.296463724,0,0,0.000000000,0.000000000,0.000000000,1
73.789826052,-0.044000000,-0.020000000,0.327004550,0.005577316,0.003381857,-0.021480992,2.951393127,0.001166989,2.952560116,2.956768473,0.955515454,-0.046956559,0.097622220,0.020543836,0.048529614,0.000088185,1.004045068,-0.046868374,0.867101207,-0.001232027,0.889454625,-0.072582006,0.136943861,-0.045636347,0.114590443,0.025713632,1,2.037766436,0,0,0.000000000,0.000000000,0.000000000,1
73.889825559,-0.044000000,-0.016000000,0.333458902,0.005978104,0.007909233,-0.018551508,2.923480511,0.024744083,2.948224594,2.952432951,0.959793540,-0.037069220,0.098040993,0.020340631,-0.061296603,0.008656533,0.898496937,-0.028412687,0.881293084,-0.001351171,0.913482149,-0.070216577,0.017203853,-0.027061516,-0.014985212,0.041803890,1,2.411921271,0,0,0.000000000,0.000000000,0.000000000,1
73.993831069,-0.040000000,-0.016000000,0.333961386,0.006891724,0.003648170,-0.026274681,2.928314447,0.030372578,2.958687025,2.962895382,0.977293428,-0.057348103,0.099754822,0.020805962,-0.035975458,-0.009073085,0.941317969,-0.066421188,0.894867997,-0.004216919,0.918250312,-0.062710728,0.046449972,-0.062204269,0.023067658,-0.003710460,1,0.064078376,0,0,0.000000000,0.000000000,0.000000000,1
74.101842583,-0.028000000,-0.004000000,0.368687682,-0.000338813,-0.001148984,-0.073676020,2.967035055,-0.044928150,2.922106905,2.926315262,1.080702277,-0.216279254,0.109905296,0.029457888,-0.144638318,-0.035839779,0.936063960,-0.252119032,0.904203598,-0.007056505,0.922116564,-0.074637768,0.031860362,-0.245062528,0.013947396,-0.177481265,1,26.703223503,0,0,0.000000000,0.000000000,0.000000000,1
74.205842099,-0.024000000,-0.004000000,0.413706849,-0.008125763,-0.006208965,-0.108030796,2.986417532,0.008348953,2.994766485,2.998974842,1.257549805,-0.347861769,0.127335443,0.040125779,-0.073449456,-0.033780137,1.184100349,-0.381641906,0.908248922,-0.010087571,0.915311956,-0.132193260,0.275851428,-0.371554335,0.268788393,-0.249448646,1,35.138635462,0,0,0.000000000,0.000000000,0.000000000,1
74.309847618,-0.020000000,0.004000000,0.424504065,-0.007533155,-0.003281313,-0.104032531,2.986179829,-0.090536745,2.895643084,2.899851441,1.238713770,-0.323054409,0.125475568,0.037995283,-0.037758633,-0.022720648,1.200955138,-0.345775058,0.901897083,-0.011870964,0.923005335,-0.192925070,0.299058054,-0.333904093,0.277949803,-0.152849988,1,16.322117461,0,0,0.000000000,0.000000000,0.000000000,1
74.409846665,-0.020000000,-0.000006475,0.407410857,-0.009679457,-0.003813992,-0.085124403,2.930001497,0.038059850,2.968061347,2.972269704,1.220540579,-0.281383674,0.123681822,0.034521989,-0.136639858,0.002903454,1.083900721,-0.278480220,0.884024197,-0.014501944,0.927167622,-0.242447086,0.199876524,-0.263978276,0.156733099,-0.036033134,1,2.138714277,0,0,0.000000000,0.000000000,0.000000000,1
74.513858193,-0.020000000,0.008011528,0.369782309,-0.009301154,-0.003814029,-0.065416686,3.007137299,-0.004023926,3.003113372,3.007321729,1.121952157,-0.224386145,0.113963882,0.030058134,-0.088689282,-0.007310455,1.033262876,-0.231696599,0.861150344,-0.016551043,0.913606851,-0.262740534,0.172112532,-0.215145556,0.119656025,0.031043935,1,1.558081338,0,0,0.000000000,0.000000000,0.000000000,1
74.617857723,-0.012000000,0.007999530,0.350280737,-0.010728459,-0.002748800,-0.053432666,2.957542658,0.039572648,2.997115306,3.001323663,1.058070226,-0.192298289,0.107680667,0.027745023,0.013404622,-0.011556993,1.071474847,-0.203855281,0.829170228,-0.017894075,0.892492811,-0.259331141,0.242304620,-0.185961206,0.178982036,0.055475860,1,4.589055343,0,0,0.000000000,0.000000000,0.000000000,1
74.725863256,-0.008000000,0.012005533,0.326673787,-0.005671930,0.001512268,-0.045709498,2.939902544,0.046205239,2.986107784,2.990316141,0.970967344,-0.153430483,0.099135139,0.025207323,-0.027501487,-0.039908945,0.943465856,-0.193339428,0.794050241,-0.017706555,0.876511697,-0.244286211,0.149415615,-0.175632873,0.066954160,0.050946783,1,2.588706900,0,0,0.000000000,0.000000000,0.000000000,1
74.829862791,0.000000000,0.019999535,0.312999177,-0.002547490,0.002577532,-0.044910550,2.912428141,-0.043519849,2.868908292,2.873116649,0.890571232,-0.136152765,0.091275250,0.024194540,-0.106171279,-0.008084557,0.784399953,-0.144237323,0.757297872,-0.017269039,0.844194831,-0.229014841,0.027102081,-0.126968283,-0.059794878,0.084777518,1,7.165038428,0,0,0.000000000,0.000000000,0.000000000,1
74.881862329,-0.048000000,-0.032000462,0.308248179,-0.002628218,0.001505625,-0.041702587,2.951906443,-0.041195533,2.910710909,2.914919266,0.892838899,-0.129034159,0.091496519,0.023801221,0.222602405,0.013389122,1.115441303,-0.115645037,0.715816565,-0.017283345,0.781825639,-0.199523312,0.399624738,-0.098361692,0.333615665,0.083878275,1,17.601819081,0,0,0.000000000,0.000000000,0.000000000,1
74.985861870,-0.044000000,-0.024000459,0.288936113,-0.003562496,-0.001690166,-0.041702587,2.928328991,-0.026755064,2.901573926,2.905782284,0.843273632,-0.131339984,0.086666627,0.023927012,0.089784716,0.020240002,0.933058348,-0.111099983,0.674587598,-0.017794482,0.796418533,-0.171169076,0.258470750,-0.093305500,0.136639815,0.060069094,1,5.538801403,0,0,0.000000000,0.000000000,0.000000000,1
75.089867414,-0.040000000,-0.023994456,0.269800998,-0.009182539,-0.004087014,-0.035310995,2.958018541,-0.029769860,2.928248681,2.932457038,0.802012208,-0.130288133,0.082657340,0.023869436,-0.003074169,0.008199549,0.798938039,-0.122088584,0.627488344,-0.019370394,0.772401227,-0.154251504,0.171449696,-0.102718190,0.026536812,0.032162920,1,1.105651885,0,0,0.000000000,0.000000000,0.000000000,1
75.193866960,-0.036000000,-0.016000454,0.247981990,-0.011218701,-0.003820698,-0.034512043,2.962627172,0.009201522,2.971828694,2.976037051,0.748314454,-0.135903936,0.077458022,0.024180546,-0.042231737,-0.018319088,0.706082717,-0.154223024,0.581905191,-0.019483884,0.722979755,-0.148446572,0.124177526,-0.134739140,-0.016897038,-0.005776452,1,0.069077227,0,0,-0.000000000,-0.000000000,-0.000000000,1
75.297854508,-0.036000000,-0.008012452,0.226104811,-0.008673186,0.001239309,-0.031316251,2.982167959,-0.028957367,2.953210592,2.957418949,0.664075183,-0.118097228,0.069353864,0.023226484,-0.058912300,0.007107646,0.605162883,-0.110989582,0.535160393,-0.018165499,0.659019461,-0.157795926,0.070002490,-0.092824082,-0.053856578,0.046806344,1,2.628534132,0,0,0.000000000,0.000000000,0.000000000,1
75.401854059,-0.028000000,-0.008000449,0.204220235,-0.003306883,0.004696671,-0.028649105,2.959044695,0.016233550,2.975278245,2.979486602,0.593638118,-0.095077954,0.062642335,0.022144936,0.095872439,-0.028640252,0.689510557,-0.123718207,0.482235604,-0.018060372,0.588849259,-0.143497620,0.207274953,-0.105657835,0.100661298,0.019779413,1,2.287643479,0,0,0.000000000,0.000000000,0.000000000,1
75.505856613,-0.028000000,0.000002554,0.182236384,-0.005724850,-0.000363337,-0.029714370,2.984287500,-0.069380404,2.914907096,2.919115453,0.532261222,-0.103302034,0.056859653,0.022510289,-0.027217199,-0.015461980,0.505044023,-0.118764014,0.433151931,-0.017419304,0.554352920,-0.142984084,0.071892092,-0.101344710,-0.049308898,0.024220070,1,1.155654730,0,0,0.000000000,0.000000000,0.000000000,1
75.609859170,-0.020000000,0.000002557,0.164901963,-0.010023408,-0.001694916,-0.025186995,2.999553680,-0.102326936,2.897226744,2.901435101,0.482668932,-0.102012523,0.052246464,0.022451404,0.040114517,0.014240032,0.522783449,-0.087772490,0.378688595,-0.017159944,0.480916162,-0.138695358,0.144094854,-0.070612546,0.041867287,0.050922867,1,3.235645388,0,0,0.000000000,0.000000000,0.000000000,1
75.713858729,-0.016000000,0.007999559,0.148405858,-0.008621777,-0.000363338,-0.030779634,2.944439888,-0.027118584,2.917321304,2.921529662,0.434007544,-0.114946575,0.047787294,0.023067881,-0.082167683,-0.028725350,0.351839862,-0.143671925,0.329730541,-0.016216161,0.432452557,-0.122072406,0.022109320,-0.127455763,-0.080612695,-0.021599518,1,2.440965760,0,0,-0.000000000,-0.000000000,-0.000000000,1
75.817864290,-0.012000000,0.008005561,0.132675560,-0.007240946,0.000701935,-0.031578578,2.946021557,-0.011901283,2.934120274,2.938328631,0.387226488,-0.113901152,0.043582606,0.023015967,0.014330730,-0.026993861,0.401557219,-0.140895013,0.274156166,-0.015915757,0.344753791,-0.139576796,0.127401053,-0.124979255,0.056803427,-0.001318216,1,1.150417120,0,0,0.000000000,0.000000000,0.000000000,1
75.921863855,-0.008000000,0.015999565,0.106725107,-0.011927454,-0.005157025,-0.027051205,2.962684631,-0.000287686,2.962396945,2.966605302,0.331439286,-0.115470259,0.038710722,0.023094021,-0.050985890,0.025554824,0.280453396,-0.089915435,0.223418093,-0.017912499,0.300348335,-0.148152309,0.057035303,-0.072002937,-0.019894939,0.058236874,1,3.629880207,0,0,0.000000000,0.000000000,0.000000000,1
76.025863421,-0.004000000,0.015999566,0.085976584,-0.015773112,-0.007553871,-0.027051205,2.928510904,0.047937189,2.976448093,2.980656450,0.278388543,-0.127464356,0.034278299,0.023716484,-0.011767342,-0.013638420,0.266621201,-0.141102776,0.165741416,-0.018377032,0.227565640,-0.130125206,0.100879785,-0.122725744,0.039055560,-0.010977571,1,0.932923220,0,0,0.000000000,0.000000000,0.000000000,1
76.129862991,0.000000000,0.023999570,0.061132811,-0.011966994,-0.003559127,-0.021192251,2.982497215,-0.003292023,2.979205192,2.983413549,0.192730556,-0.098788193,0.027775001,0.022306749,-0.011450215,-0.015615167,0.181280341,-0.114403360,0.112427773,-0.018613068,0.179527275,-0.140596527,0.068852568,-0.095790291,0.001753066,0.026193167,1,0.715611994,0,0,0.000000000,0.000000000,0.000000000,1
76.181856562,-0.048000000,-0.028006429,0.049835805,-0.010948932,-0.001961232,-0.022523832,2.951497316,0.017448786,2.968946102,2.973154459,0.153782611,-0.099378830,0.025228772,0.022332969,-0.022952358,-0.009707447,0.130830253,-0.109086277,0.054815049,-0.017752183,0.116265404,-0.135001317,0.076015205,-0.091334094,0.014564850,0.025915041,1,0.897478537,0,0,0.000000000,0.000000000,0.000000000,1
76.285862137,-0.044000000,-0.019994425,0.030348581,-0.009070330,0.000701928,-0.021724885,2.963575125,-0.034762709,2.928812415,2.933020772,0.086829486,-0.090193408,0.021803523,0.021939656,-0.001593199,-0.020152488,0.085236287,-0.110345896,0.000348214,-0.015648021,0.056198455,-0.127610965,0.084888073,-0.094697875,0.029037832,0.017265069,1,1.272020977,0,0,0.000000000,0.000000000,0.000000000,1
76.389855714,-0.040000000,-0.020006423,0.008867661,-0.004935136,-0.000365206,-0.024900656,2.915540218,-0.034324573,2.881215645,2.885424003,0.026601882,-0.085963351,0.020176139,0.021769175,0.000755669,-0.001882263,0.027357551,-0.087845614,-0.056571473,-0.014587416,0.006255118,-0.125946123,0.083929024,-0.073258198,0.021102433,0.038100509,1,2.184069295,0,0,0.000000000,0.000000000,0.000000000,1
76.493831293,-0.036000000,-0.012024421,-0.008317573,-0.009178236,-0.003294689,-0.025166972,2.960984468,0.050572724,3.011557192,3.015765549,-0.015126702,-0.103432557,0.020057123,0.022516282,-0.024306723,0.004416484,-0.039433425,-0.099016073,-0.110535532,-0.012565863,-0.048385579,-0.113090058,0.071102107,-0.086450209,0.008952154,0.014073985,1,0.323568651,0,0,0.000000000,0.000000000,0.000000000,1
76.597830875,-0.032000000,-0.012000418,-0.030289608,-0.010021237,-0.003561002,-0.023036441,2.921117783,0.028284319,2.949402102,2.953610459,-0.078833408,-0.097500384,0.021497606,0.022250017,0.008465412,-0.022363232,-0.070367996,-0.119863616,-0.167958417,-0.010981780,-0.108692997,-0.110905048,0.097590421,-0.108881836,0.038325001,-0.008958569,1,2.045604554,0,0,0.000000000,0.000000000,0.000000000,1
76.701830460,-0.028000000,-0.004000000,-0.054263340,-0.009793484,-0.004093664,-0.019574784,2.925396442,0.029973738,2.955370181,2.959578538,-0.148269963,-0.086794102,0.024896582,0.021802114,-0.012219904,-0.000220433,-0.160489867,-0.087014535,-0.223031451,-0.007499313,-0.159603280,-0.119086677,0.062541584,-0.079515222,-0.000886587,0.032072143,1,1.120858351,0,0,0.000000000,0.000000000,0.000000000,1
76.801830048,-0.028000000,-0.008000412,-0.077627877,-0.010263805,-0.007556744,-0.016375490,2.920668364,-0.020199683,2.900468681,2.904677038,-0.203239125,-0.077266439,0.028514232,0.021440640,-0.007954978,-0.002369746,-0.211194103,-0.079636186,-0.281299796,-0.005306383,-0.223563757,-0.109498653,0.070105693,-0.074329802,0.012369654,0.029862468,1,1.125306848,0,0,0.000000000,0.000000000,0.000000000,1
76.905829639,-0.024000000,-0.000000409,-0.128585245,-0.015467739,-0.008355726,0.044077870,2.969141006,0.009031484,2.978172491,2.982380848,-0.358064245,0.085205904,0.041013413,0.021739376,-0.035405067,-0.043920430,-0.393469312,0.041285474,-0.334419904,-0.002269590,-0.283230492,-0.098480308,-0.059049408,0.043555064,-0.110238820,0.139765782,1,27.794778427,0,0,0.000000000,0.000000000,0.000000000,1
77.009829232,-0.020000000,0.000000000,-0.231347871,-0.005921700,-0.001964114,0.117847443,2.934459209,0.057572378,2.992031587,2.996239944,-0.686323446,0.334885358,0.071487053,0.039006179,0.122552341,0.008115693,-0.563771105,0.343001051,-0.387524219,0.001054036,-0.360932259,-0.037328704,-0.176246887,0.341947015,-0.202838846,0.380329754,0,82.119634043,0,0,0.000000000,0.000000000,0.000000000,1
77.113828828,-0.020000000,0.000000000,-0.306143963,0.000140267,0.001497976,0.155664340,2.927894831,0.065931373,2.993826203,2.998034560,-0.921026496,0.466451915,0.094249128,0.050752083,-0.144624378,0.032463750,-1.065650874,0.498915664,-0.431131078,0.003478692,-0.409680331,-0.041918674,-0.634519796,0.495436973,-0.655970544,0.540834338,0,nan,0,0,0.000000000,0.000000000,0.000000000,1
77.217828427,-0.012000000,0.008000000,-0.311107231,0.003039179,0.003894796,0.139685377,2.894278526,0.068077345,2.962355871,2.966564228,-0.933148107,0.422800929,0.095434029,0.046771853,-0.113585717,0.046077344,-1.046733824,0.468878273,-0.455170943,0.006018315,-0.436079182,-0.047418432,-0.591562881,0.462859958,-0.610654642,0.516296705,0,nan,0,0,0.000000000,0.000000000,0.000000000,1
77.325834029,-0.004000000,0.020000000,-0.285379410,-0.000064554,-0.001426832,0.107728966,2.945559502,-0.049808359,2.895751143,2.899959500,-0.822256001,0.311769342,0.084622983,0.037040535,-0.039642452,-0.032954516,-0.861898452,0.278814826,-0.464228331,0.006329447,-0.449243195,-0.051847010,-0.397670121,0.272485379,-0.412655257,0.330661836,0,59.545047653,0,0,0.000000000,0.000000000,0.000000000,1
77.429839633,0.000000000,0.020000000,-0.259001811,0.002892022,0.000970012,0.087488391,2.944731474,0.021869630,2.966601103,2.970809461,-0.771232696,0.268122633,0.079674329,0.033449925,0.076425016,0.005416921,-0.694807681,0.273539554,-0.462343245,0.009266411,-0.452985792,-0.056411098,-0.232464436,0.264273143,-0.241821888,0.329950652,0,44.142496722,0,0,0.000000000,0.000000000,0.000000000,1
77.529845240,0.000000000,0.024000000,-0.239136933,0.005727106,0.000703702,0.075237840,2.948964119,0.020704721,2.969668840,2.973877197,-0.712247262,0.240439079,0.073979468,0.031274742,0.053712158,-0.058506168,-0.658535104,0.181932911,-0.452907795,0.011306511,-0.448823057,-0.062269778,-0.205627309,0.170626400,-0.209712046,0.244202689,1,23.908076978,0,0,0.000000000,0.000000000,0.000000000,1
77.585844849,-0.044000000,-0.024000000,-0.235846839,0.005780076,0.000970005,0.073906280,2.921163797,0.024493175,2.945656973,2.949865330,-0.697581189,0.234728671,0.072568555,0.030837890,0.010036156,-0.031181692,-0.687545032,0.203546979,-0.435481472,0.013163923,-0.496718409,0.105282205,-0.252063561,0.190383056,-0.190826623,0.098264773,1,10.331880556,0,0,0.000000000,0.000000000,0.000000000,1
77.685844461,-0.044000000,-0.020000000,-0.225132116,0.008871979,0.004964753,0.066715725,2.950541496,-0.052509135,2.898032362,2.902240719,-0.666828174,0.219055612,0.069617513,0.029662326,0.052725938,-0.024986217,-0.614102236,0.194069395,-0.411885218,0.014298566,-0.529608203,0.145500992,-0.202217018,0.179770829,-0.084494033,0.048568403,1,2.665181787,0,0,0.000000000,0.000000000,0.000000000,1
77.789844076,-0.040000000,-0.020000385,-0.204697090,0.007648813,0.003366866,0.054997828,2.961029291,-0.063490650,2.897538641,2.901746998,-0.602873354,0.181521062,0.063518208,0.027009238,0.003858421,-0.012127456,-0.599014933,0.169393607,-0.380797064,0.016633968,-0.529203728,0.159412624,-0.218217869,0.152759639,-0.069811205,0.009980982,1,0.942621049,0,0,0.000000000,0.000000000,0.000000000,1
77.893849693,-0.040000000,-0.012000000,-0.185529003,0.013897142,0.012421611,0.050470445,2.937244654,0.036982750,2.974227404,2.978435761,-0.588750140,0.191443841,0.062179315,0.027685871,-0.061339644,0.005068776,-0.650089784,0.196512618,-0.348245521,0.017612057,-0.520226489,0.156052179,-0.301844263,0.178900560,-0.129863294,0.040460439,1,4.523034976,0,0,0.000000000,0.000000000,0.000000000,1
78.001855313,-0.032000000,-0.008000000,-0.170045120,0.022153762,0.018546874,0.047540966,2.915317535,-0.013653921,2.901663614,2.905871971,-0.547230527,0.202230657,0.058263303,0.028442440,0.011620592,0.057451518,-0.535609935,0.259682176,-0.309013077,0.018525081,-0.521679296,0.166897060,-0.226596858,0.241157094,-0.013930639,0.092785115,1,6.752806844,0,0,0.000000000,0.000000000,0.000000000,1
78.105860935,-0.024000000,0.000000000,-0.147788087,0.023710521,0.016948985,0.035290431,2.962201118,0.050159523,3.012360641,3.016568999,-0.496247471,0.177732147,0.053503416,0.026756068,0.018967225,0.009953269,-0.477280246,0.187685416,-0.269532159,0.018863207,-0.490993398,0.193342081,-0.207748087,0.168822209,0.013713152,-0.005656666,1,0.073975226,0,0,0.000000000,0.000000000,0.000000000,1
78.209860559,-0.020000000,0.000000000,-0.095005102,0.014677282,0.002567910,-0.019837013,2.941552401,0.034084597,2.975636997,2.979845354,-0.290341865,-0.015353484,0.035255978,0.020058846,-0.007047124,0.070095382,-0.297388989,0.054741897,-0.224781574,0.014448101,-0.451432647,0.179010866,-0.072607414,0.040293796,0.154043658,-0.124268968,1,28.306369312,0,0,0.000000000,0.000000000,0.000000000,1
78.313854186,-0.020000000,0.008000000,-0.032614737,-0.009881301,-0.019536333,-0.044338092,2.957897186,-0.015935841,2.941961345,2.946169702,-0.038476160,-0.159511359,0.020366741,0.025582000,0.002942902,-0.023472677,-0.035533258,-0.182984036,-0.188649842,0.009659538,-0.348604962,0.099435632,0.153116584,-0.192643575,0.313071704,-0.282419669,0,163.402258855,0,0,0.000000000,0.000000000,0.000000000,1
78.413859816,-0.016000000,0.004000000,-0.022699197,-0.018167004,-0.016603524,-0.038758375,2.904275417,0.002129464,2.906404882,2.910613239,-0.017716493,-0.165448198,0.020078315,0.025956330,-0.034844503,-0.054463721,-0.052560997,-0.219911919,-0.153776028,0.006934597,-0.323221211,0.090626772,0.101215032,-0.226846516,0.270660215,-0.310538691,0,130.990902579,0,0,0.000000000,0.000000000,0.000000000,1
78.521865447,-0.012000000,0.016000000,-0.019486022,-0.006744452,-0.005418245,-0.028105812,2.987554789,-0.072922125,2.914632664,2.918841021,-0.041002403,-0.101575719,0.020415973,0.022431591,0.005772594,-0.017487577,-0.035229809,-0.119063296,-0.126338222,0.005097014,-0.301026992,0.083767567,0.091108413,-0.124160310,0.265797182,-0.202830863,0,71.829911809,0,0,0.000000000,0.000000000,0.000000000,1
78.621877081,-0.012000000,0.012000000,-0.018596953,0.002846369,0.002572293,-0.022785984,2.942691326,0.038401618,2.981092945,2.985301302,-0.063107490,-0.059441845,0.020972018,0.020864643,0.024585530,-0.025542017,-0.038521960,-0.084983862,-0.100335457,0.005230647,-0.284083833,0.077847603,0.061813497,-0.090214509,0.245561873,-0.162831464,0,45.044138327,0,0,0.000000000,0.000000000,0.000000000,1
78.725882717,-0.004000000,0.020000000,-0.019421835,0.004540461,0.002838611,-0.014530183,2.929553986,0.024355063,2.953909048,2.958117405,-0.065755333,-0.029508730,0.021053210,0.020216519,0.015131522,0.023723106,-0.050623810,-0.005785624,-0.081349988,0.005082076,-0.270842914,0.072447558,0.030726178,-0.010867700,0.220219104,-0.078233182,1,22.394397331,0,0,0.000000000,0.000000000,0.000000000,1
78.777882356,-0.052000000,-0.032000000,-0.018537226,0.003150266,-0.001955082,-0.012932285,2.915587902,0.105213120,3.020801022,3.025009379,-0.050091358,-0.029549531,0.020617746,0.020217115,0.003279584,0.010983923,-0.046811774,-0.018565608,-0.062200734,0.004770516,-0.076159433,0.004956804,0.015388960,-0.023336124,0.029347659,-0.023522412,1,1.594606042,0,0,0.000000000,0.000000000,0.000000000,1
78.885887996,-0.044000000,-0.020000000,-0.010482999,-0.000764437,-0.004884560,-0.017992295,2.949186563,-0.043985635,2.905200928,2.909409285,-0.016264591,-0.054492077,0.020066025,0.020729058,0.012136179,-0.001390232,-0.004128412,-0.055882309,-0.044734577,0.003667468,-0.048448964,-0.015832162,0.040606165,-0.059549777,0.044320551,-0.040050147,1,4.814313230,0,0,0.000000000,0.000000000,0.000000000,1
78.989893639,-0.040000000,-0.020000000,-0.001279785,-0.001762885,-0.002487711,-0.018524922,2.956820011,0.011752386,2.968572397,2.972780755,0.003585815,-0.060225826,0.020003214,0.020887113,0.032241711,-0.008402650,0.035827526,-0.068628476,-0.027648335,0.002465191,-0.018906482,-0.040311878,0.063475862,-0.071093666,0.054734008,-0.028316598,1,5.446093739,0,0,0.000000000,0.000000000,0.000000000,1
79.089887283,-0.040000000,-0.016000000,0.003290960,-0.001483070,-0.000889816,-0.017459663,2.913529396,-0.011065159,2.902464237,2.906672594,0.012134553,-0.054980605,0.020036778,0.020741954,0.019452582,-0.032462761,0.031587135,-0.087443366,-0.014552896,0.001516862,0.010937646,-0.059438890,0.046140031,-0.088960228,0.020649489,-0.028004476,1,1.688456482,0,0,0.000000000,0.000000000,0.000000000,1
79.193886930,-0.040000000,-0.016000000,0.003872456,-0.000511024,0.000175451,-0.027047038,2.943297625,0.017516808,2.960814432,2.965022789,0.010946147,-0.081594309,0.020029932,0.021600378,-0.013515496,-0.007736385,-0.002569348,-0.089330694,-0.002789257,0.001108687,0.025183349,-0.078157654,0.000219909,-0.090439381,-0.027752697,-0.011173040,1,1.246322884,0,0,-0.000000000,-0.000000000,-0.000000000,1
79.301892579,-0.032000000,-0.004000000,0.023112187,0.034832510,0.124811426,0.058174137,2.956123352,-0.025970219,2.930153133,2.934361490,-0.297994344,0.272523718,0.035888805,0.033803724,-0.026276337,0.028905160,-0.324270681,0.301428877,0.005411186,0.000514067,0.014707939,-0.089731815,-0.329681867,0.300914810,-0.338978620,0.391160693,0,177.102318654,0,0,0.000000000,0.000000000,0.000000000,1
79.405889230,-0.024000000,-0.004000000,-0.101138793,0.137298744,0.108566143,0.092262559,2.975890636,0.090698742,3.066589379,3.070797736,-0.643078928,0.703970253,0.067346159,0.073182929,-0.096022672,0.104966032,-0.739101600,0.808936284,0.016332298,-0.006308214,0.019637665,-0.107006707,-0.755433898,0.815244498,-0.758739265,0.915942991,0,nan,0,0,0.000000000,0.000000000,0.000000000,1
79.509888882,-0.024000000,0.004000000,-0.054122589,0.043246653,0.006300721,0.024884604,2.935858011,0.047931508,2.983789519,2.987997876,-0.180290440,0.203289331,0.026926686,0.028517811,0.007124129,0.002662223,-0.173166311,0.205951554,0.034072751,-0.023890907,0.033189865,-0.132711130,-0.207239062,0.229842461,-0.206356176,0.338662684,0,101.074685330,0,0,0.000000000,0.000000000,0.000000000,1
79.609888537,-0.020000000,0.000000000,0.021605826,-0.045173954,-0.046963394,-0.029719813,2.922863245,-0.034865400,2.887997846,2.892206203,0.198027760,-0.216293036,0.028145158,0.029458900,0.011480723,-0.034517938,0.209508483,-0.250810975,0.057456391,-0.045846058,0.048071575,-0.158563997,0.152052092,-0.204964917,0.161436908,-0.092246978,1,18.845837535,0,0,0.000000000,0.000000000,0.000000000,1
79.713888194,-0.016000000,0.000000000,0.061497177,-0.070992168,-0.049626548,-0.048894580,2.931024075,0.057670515,2.988694589,2.992902946,0.332114876,-0.358304875,0.038768581,0.041034423,-0.001823711,0.016529098,0.330291165,-0.341775778,0.077665682,-0.061880400,0.152341487,-0.230044542,0.252625484,-0.279895378,0.177949678,-0.111731236,1,20.218199327,0,0,0.000000000,0.000000000,0.000000000,1
79.817887853,-0.012000000,0.008000000,0.066249855,-0.060667942,-0.032316003,-0.040905096,2.944028854,-0.115531070,2.828497784,2.832706141,0.278793312,-0.287299112,0.034311180,0.035005825,0.001331557,-0.002097396,0.280124868,-0.289396508,0.090009513,-0.071235714,0.213096274,-0.275612141,0.190115355,-0.218160794,0.067028594,-0.013784368,1,2.595487340,0,0,0.000000000,0.000000000,0.000000000,1
79.921887514,-0.008000000,0.016000000,0.044877798,-0.043877817,-0.017403224,-0.015615113,2.895213127,-0.069576747,2.825636380,2.829844737,0.175983522,-0.168105387,0.026640233,0.026126504,-0.019224419,-0.045771938,0.156759103,-0.213877325,0.095719234,-0.077360030,0.240341216,-0.293772733,0.061039868,-0.136517295,-0.083582113,0.079895408,1,10.022762400,1,0,-0.001869575,-0.001832613,0.000010444,1
80.025881177,-0.004000000,0.016000000,0.032620764,-0.039775659,-0.013142164,-0.005228787,2.885852814,-0.054518434,2.831334380,2.835542737,0.129570152,-0.127422635,0.023830322,0.023714242,-0.022325276,-0.030745566,0.107244876,-0.158168202,0.103769536,-0.082650358,0.204782032,-0.266469464,0.003475340,-0.075517843,-0.097537156,0.108301263,1,20.279906699,1,0,-0.001985463,-0.001706393,0.000007423,1
80.129880842,0.000000000,0.024000000,0.038433292,-0.042313061,-0.015006383,-0.011087738,2.858139992,0.035461456,2.893601448,2.897809805,0.154633120,-0.154520628,0.025280704,0.025273825,0.013832086,0.007031285,0.168465205,-0.147489343,0.109246840,-0.086221788,0.161114169,-0.226049426,0.059218365,-0.061267555,0.007351037,0.078560083,1,5.968505102,1,0,-0.002599201,0.000312989,-0.000009173,1
80.181886509,-0.052000000,-0.028000000,0.041821443,-0.044591300,-0.019001087,-0.014550060,2.840893984,0.017555259,2.858449243,2.862657600,0.173858116,-0.169052574,0.026500310,0.026187549,0.004578295,0.008322193,0.178436410,-0.160730381,0.112317549,-0.088667083,0.161727789,-0.201187844,0.066118862,-0.072063298,0.016708622,0.040457463,1,1.777597823,1,0,-0.002416806,0.001006427,-0.000006702,1
80.285892179,-0.044000000,-0.020000000,0.045201119,-0.047367966,-0.016604243,-0.014816375,2.803871870,0.041288072,2.845159942,2.849368299,0.175846139,-0.176924395,0.026631159,0.026702480,0.004807774,0.001019978,0.180653913,-0.175904417,0.115738704,-0.088779391,0.167627279,-0.188271690,0.064915209,-0.087125026,0.013026634,0.012367273,1,0.298391311,1,0,-0.000872873,0.000880193,0.000000163,1
80.393897850,-0.036000000,-0.016000000,0.048648588,-0.045195607,-0.013940215,-0.016418051,2.740495682,0.107698453,2.848194135,2.852402492,0.178265063,-0.175487659,0.026791497,0.026607502,0.030659195,-0.031334255,0.208924258,-0.206821915,0.116069201,-0.087731210,0.168504462,-0.180335329,0.092855057,-0.119090705,0.040419796,-0.026486586,1,2.218207738,1,0,0.001443135,0.002184299,0.000009710,1
80.497897523,-0.032000000,-0.008000000,0.046566133,-0.041102377,-0.009679157,-0.012423308,2.746440411,0.043339598,2.789780009,2.793988366,0.156911987,-0.149324885,0.025420734,0.024959552,-0.019809418,0.005420291,0.137102569,-0.143904594,0.116045066,-0.084429387,0.180763748,-0.185167485,0.021057503,-0.059475207,-0.043661179,0.041262891,1,3.770570400,1,0,-0.001837385,-0.001864890,-0.000009714,1
80.601903198,-0.028000000,-0.008000000,0.047659013,-0.037020813,-0.009680353,-0.015088385,2.690762997,0.025198744,2.715961741,2.720170098,0.155731526,-0.141526589,0.025348039,0.024500975,0.006519307,0.032814526,0.162250833,-0.108712063,0.114525522,-0.080668194,0.162509374,-0.164383132,0.047725310,-0.028043869,-0.000258541,0.055671069,1,3.447395261,1,0,-0.002617329,0.000058762,0.000005396,1
80.701902875,-0.032000000,-0.012000000,0.044309503,-0.034302722,-0.005685614,-0.010827326,2.638873100,-0.107576184,2.531296917,2.535505274,0.126552485,-0.114237551,0.023667601,0.023032633,0.019312563,0.020439587,0.145865048,-0.093797964,0.111714873,-0.075637118,0.157181743,-0.136980559,0.034150176,-0.018160846,-0.011316694,0.043182595,1,2.485415806,1,0,-0.001990362,-0.000464604,0.000001678,1
80.805908553,-0.028000000,-0.004000000,0.040345606,-0.029427013,-0.003821333,-0.009229258,2.631889105,-0.055864391,2.576024713,2.580233070,0.113775126,-0.099579508,0.023009733,0.022341906,0.006355737,-0.022845302,0.120130863,-0.122424810,0.108531523,-0.070148106,0.145723258,-0.110016450,0.011599340,-0.052276704,-0.025592395,-0.012408360,1,1.047128360,1,0,0.000538735,-0.001039084,-0.000015613,1
80.913908234,-0.020000000,0.000000000,0.037489119,-0.023268427,-0.000625538,-0.008696627,2.609793663,-0.090390760,2.519402903,2.523611261,0.096026178,-0.080532850,0.022185812,0.021560506,0.011510111,-0.021143529,0.107536289,-0.101676379,0.103837585,-0.065335096,0.128970603,-0.104434407,0.003698703,-0.036341283,-0.021434314,0.002758027,1,0.658899785,1,0,-0.000098194,-0.000779194,-0.000008909,1
81.013913916,-0.020000000,0.004000000,0.035661152,-0.027114454,-0.007017242,-0.008436326,2.557236195,-0.045672208,2.511563987,2.515772344,0.107189516,-0.089288058,0.022691318,0.021902593,0.012630734,-0.050946238,0.119820251,-0.140234297,0.097412500,-0.061093968,0.110838375,-0.093659580,0.022407751,-0.079140328,0.008981875,-0.046574716,1,3.386468099,1,0,0.001456954,0.000287329,-0.000008289,1
81.121910600,-0.008000000,0.016000000,0.027240126,-0.024950199,-0.005153028,-0.001245791,2.504688978,-0.027537990,2.477150989,2.481359346,0.080242734,-0.064891422,0.021549686,0.021026387,-0.007660633,-0.013221499,0.072582101,-0.078112921,0.091302971,-0.056384946,0.103338917,-0.097582735,-0.018720870,-0.021727974,-0.030756816,0.019469815,1,2.113491187,1,0,-0.000567316,-0.000883182,-0.000005940,1
81.225913285,-0.008000000,0.016000000,0.021173077,-0.019546330,-0.001957280,-0.000979612,2.430076122,-0.040395488,2.389680634,2.393888991,0.055274165,-0.049050446,0.020749755,0.020592704,-0.016805626,-0.022582737,0.038468539,-0.071633183,0.085236329,-0.049902408,0.082642355,-0.080756854,-0.046767790,-0.021730775,-0.044173816,0.009123671,1,3.453792934,1,0,-0.000264825,-0.001149908,-0.000012592,1
81.329924973,0.000000000,0.024000000,0.019400284,-0.009626833,0.002836411,-0.000180664,2.399760008,0.037651022,2.437411029,2.441619386,0.040372967,-0.023904901,0.020403425,0.020142354,-0.043516090,0.016290470,-0.003143123,-0.007614431,0.080679112,-0.044454772,0.060080664,-0.068131921,-0.083822235,0.036840341,-0.063223787,0.060517490,1,13.976270479,1,0,-0.001457018,-0.001535115,-0.000005288,1
81.433930662,0.000000000,0.024000000,0.022345670,-0.010409870,-0.000359383,-0.004441723,2.346958637,-0.082472181,2.264486456,2.268694813,0.051415286,-0.033631233,0.020650310,0.020280794,0.003911545,-0.001207707,0.055326831,-0.034838940,0.075502344,-0.039614067,0.032217819,-0.040820125,-0.020175513,0.004775127,0.023109012,0.005981185,1,1.018119249,1,0,-0.000077962,0.000429671,0.000007251,1
81.485936353,-0.048000000,-0.028000000,0.019079350,-0.008273277,0.003635359,0.000884601,2.342994928,-0.043250023,2.299744906,2.303953263,0.035517238,-0.016992070,0.020312921,0.020072053,0.006906265,-0.030540742,0.042423502,-0.047532812,0.069297162,-0.033298238,0.024021485,-0.025423992,-0.026873659,-0.014234574,0.018402018,-0.022108820,1,1.580569381,1,0,0.000427732,0.000370756,0.000000266,1
81.589942045,-0.040000000,-0.020000000,0.007732832,-0.001794293,0.006032205,0.005944607,2.287293434,-0.017153838,2.270139596,2.274347953,0.003860661,0.009421792,0.020003726,0.020022180,0.008808961,-0.033922355,0.012669622,-0.024500562,0.063486124,-0.028898585,0.015246962,-0.018764444,-0.050816502,0.004398023,-0.002577339,-0.005736118,1,0.076593547,1,0,0.000083088,-0.000029785,-0.000001335,1
81.689941738,-0.040000000,-0.016000000,0.003316175,0.000363770,0.004164573,0.005138377,2.245730639,-0.013374986,2.232355652,2.236564009,-0.001893926,0.012282750,0.020000897,0.020037681,0.024136923,0.013355746,0.022242997,0.025638496,0.058977571,-0.024449207,0.004263148,-0.009114462,-0.036734574,0.050087704,0.017979849,0.034752959,1,3.001378891,1,0,-0.000435496,0.000186036,0.000007055,1
81.793959129,-0.036000000,-0.015994304,0.006544576,-0.000350854,-0.000362801,-0.001253210,2.255035162,0.105616870,2.360652032,2.364860389,0.016305915,-0.003786636,0.020066361,0.020003584,-0.018721647,0.023136059,-0.002415732,0.019349422,0.055258665,-0.022507907,-0.001267632,0.007584260,-0.057674397,0.041857329,-0.001148100,0.011765162,1,0.280172480,1,0,-0.000145791,-0.000034796,0.000001039,1
81.897958827,-0.032000000,-0.008000302,0.006267983,-0.003360975,-0.000097856,0.003267088,2.166044235,-0.007849721,2.158194515,2.162402872,0.013738718,-0.000202626,0.020047133,0.020000010,-0.001375765,0.038779530,0.012362952,0.038576903,0.051231005,-0.019293098,-0.010938991,0.019358144,-0.038868053,0.057870001,0.023301943,0.019218759,1,1.826365959,1,0,-0.000139893,0.000181471,0.000003909,1
82.001958827,-0.032000000,-0.008000000,-0.000465783,0.001499946,0.002298990,0.002201823,2.130017757,0.015770866,2.145788624,2.149996981,-0.005932618,0.007943215,0.020008797,0.020015767,-0.036171152,0.004565141,-0.042103770,0.012508356,0.049198753,-0.016703702,-0.014869737,0.034024366,-0.091302523,0.029212058,-0.027234033,-0.021516010,1,2.432227985,1,0,0.000156173,-0.000211379,-0.000004403,1
82.109964226,-0.020000000,0.004005700,-0.000822108,0.003301075,0.003364254,0.004864984,2.091226339,-0.002139050,2.089087289,2.093295646,-0.008745675,0.017059611,0.020019113,0.020072626,0.001995205,0.002147521,-0.006750470,0.019207133,0.045165384,-0.014356818,-0.030101734,0.039186081,-0.051915854,0.033563950,0.023351264,-0.019978948,1,1.936907499,1,0,0.000188130,0.000207560,0.000000941,1
82.213964226,-0.016000000,0.004000000,-0.002412265,0.004229075,0.001766357,0.003533404,2.062084436,-0.003961558,2.058122879,2.062331236,-0.008600118,0.015976136,0.020018482,0.020063708,-0.018204242,0.010348310,-0.026804360,0.026324446,0.041323047,-0.012423368,-0.036066964,0.045490831,-0.068127407,0.038747814,0.009262604,-0.019166385,1,0.932704851,1,0,0.000160916,0.000091507,-0.000000288,1
82.317933630,-0.016000000,0.011975703,-0.006669664,0.005849848,0.002029681,0.005922170,1.995161533,0.057961191,2.053122724,2.057331081,-0.017860822,0.024169396,0.020079594,0.020145511,-0.020944980,-0.015367662,-0.038805802,0.008801734,0.038098469,-0.011216710,-0.043951157,0.050877508,-0.076904271,0.020018444,0.005145355,-0.042075774,1,3.673845617,1,0,0.000331452,0.000073852,-0.000001892,1
82.421933630,-0.008000000,0.012000000,-0.010639899,0.008788572,0.002828630,0.008851648,1.951598406,0.035349183,1.986947589,1.991155946,-0.026761262,0.035050192,0.020178247,0.020304806,-0.020578966,0.026367595,-0.047340228,0.061417788,0.035851627,-0.009459980,-0.049567433,0.051008042,-0.083191854,0.070877767,0.002227205,0.010409746,1,0.229378996,1,0,-0.000075975,0.000012603,0.000000735,1
82.525927334,-0.008000000,0.012000000,-0.007423958,0.008413186,0.000698068,0.002726348,1.903836489,0.016985614,1.920822103,1.925030460,-0.015600968,0.021397065,0.020060755,0.020114133,0.029558900,0.055058820,0.013957932,0.076455885,0.033881571,-0.008503136,-0.057575898,0.062476750,-0.019923639,0.084959021,0.071533830,0.013979134,1,10.976671100,1,0,-0.000084320,0.000526958,0.000006866,1
82.629933040,-0.004000000,0.020000000,-0.006352686,0.009525351,0.003627546,0.001927401,1.834901810,-0.070592981,1.764308829,1.768517186,-0.017608211,0.020206192,0.020077363,0.020101813,0.022458256,-0.003826897,0.004850045,0.016379295,0.032750073,-0.006134022,-0.051116070,0.073844441,-0.027900028,0.022513316,0.055966114,-0.057465146,1,13.369702693,1,0,0.000500383,0.000428148,0.000001889,1
82.733926747,0.000000000,0.020000000,-0.007408522,0.010155769,0.002294021,0.003252977,1.825615168,-0.023666690,1.801948477,1.806156834,-0.017483482,0.024161870,0.020076273,0.020145420,0.030505889,0.014260559,0.013022407,0.038422429,0.031604658,-0.005553759,-0.045970731,0.071088848,-0.018582252,0.043976187,0.058993137,-0.032666419,1,9.459505438,1,0,0.000352014,0.000579828,0.000004351,1
82.785920456,-0.044000000,-0.024000000,-0.006894298,0.009062543,0.002825680,0.001117876,1.803747773,0.002490053,1.806237826,1.810446183,-0.017556592,0.018388258,0.020076911,0.020084354,-0.034275598,-0.006356372,-0.051832190,0.012031886,0.031063652,-0.005720059,-0.041988330,0.070340988,-0.082895842,0.017751944,-0.009843860,-0.058309103,1,7.267500836,1,0,0.000667815,-0.000148169,-0.000004621,1
82.889920166,-0.044000000,-0.024000000,-0.008148591,0.008019788,0.002026732,0.006444199,1.719243765,-0.020529096,1.698714669,1.702923026,-0.017284971,0.024570187,0.020074554,0.020150358,-0.020311657,-0.005365207,-0.037596628,0.019204980,0.029622249,-0.004387576,-0.047111796,0.068026946,-0.067218877,0.023592557,0.009515168,-0.048821965,1,5.125467125,1,0,0.000554430,0.000046119,-0.000001861,1
82.993925878,-0.036000000,-0.016000000,-0.009204553,0.009459389,0.004157249,0.004846266,1.689513087,0.014244217,1.703757304,1.707965661,-0.022765268,0.024373364,0.020129147,0.020147968,0.011049652,-0.003894481,-0.011715616,0.020478883,0.029767039,-0.005383214,-0.048120240,0.064307069,-0.041482655,0.025862098,0.036404624,-0.043828185,1,6.761017313,1,0,0.000510002,0.000357018,0.000001309,1
83.093931591,-0.040000000,-0.012000000,-0.004661807,0.006970070,-0.000370127,-0.001279003,1.618435144,0.005399464,1.623834608,1.628042965,-0.006968978,0.009241351,0.020012138,0.020021339,-0.021042846,-0.009969716,-0.028011824,-0.000728365,0.030453935,-0.006014931,-0.044685862,0.060600294,-0.058465759,0.005286566,0.016674038,-0.061328659,1,8.461519571,1,0,0.000763441,0.000092468,-0.000001506,1
83.197937306,-0.036000000,-0.012000000,0.001189090,0.004914367,-0.003567125,-0.002615527,1.570663452,0.035235410,1.605898862,1.610107219,0.007638000,0.003691705,0.020014579,0.020003407,-0.010475611,0.025093437,-0.002837611,0.028785142,0.031291969,-0.007040025,-0.044544364,0.051980488,-0.034129580,0.035825167,0.041706753,-0.023195347,1,4.799890959,1,0,0.000239051,0.000484095,0.000002880,1
83.301937022,-0.028000000,-0.012000000,0.002010031,0.003658632,-0.001436595,0.000047634,1.549046755,0.072169822,1.621216577,1.625424934,0.005587727,0.006008659,0.020007804,0.020009024,0.003482119,-0.043197142,0.009069846,-0.037188483,0.030159750,-0.007150008,-0.040001319,0.049153313,-0.021089904,-0.030038475,0.049071166,-0.086341796,1,20.795886871,1,0,0.001047197,0.000468133,0.000000671,1
83.405942740,-0.028000000,-0.004000000,-0.003376034,0.005364284,-0.001436596,0.004042376,1.473389506,0.039248653,1.512638159,1.516846516,-0.002933667,0.014228873,0.020002151,0.020050551,-0.006526440,0.002900957,-0.009460108,0.017129830,0.029621204,-0.007569671,-0.035684190,0.035628755,-0.039081312,0.024699501,0.026224083,-0.018498925,1,2.172737122,1,0,0.000171698,0.000286173,0.000001488,1
83.509948459,-0.020000000,0.004000000,-0.003570833,0.005621378,0.000960234,0.002178132,1.471300483,0.047260012,1.518560495,1.522768852,-0.006880699,0.011844028,0.020011833,0.020035040,0.042149216,0.026125523,0.035268516,0.037969550,0.029193529,-0.007170856,-0.033406216,0.034918325,0.006074987,0.045140406,0.068674733,0.003051225,1,9.897191323,1,0,-0.000178539,0.000845966,0.000005360,1
83.613959901,-0.016000000,0.003999721,0.000169019,0.007070265,0.001492867,0.000047603,1.422528863,-0.035318744,1.387210119,1.391418476,-0.001836455,0.009873978,0.020000843,0.020024359,-0.018376072,0.024277652,-0.020212526,0.034151630,0.029797985,-0.006950848,-0.020651040,0.037827966,-0.050010511,0.041102477,0.000438514,-0.003676336,1,0.028676964,1,0,0.000044068,-0.000001112,-0.000000012,1
83.717947624,-0.016000000,0.012000000,0.003894332,0.008016445,0.000693918,-0.003414507,1.385758400,0.003405369,1.389163769,1.393372126,0.004445900,0.006392845,0.020004941,0.020010215,0.009496661,0.001753928,0.013942561,0.008146773,0.031323892,-0.007795398,-0.017017476,0.037800070,-0.017381331,0.015942170,0.030960037,-0.029653298,1,3.883263542,1,0,0.000342537,0.000346992,0.000001985,1
83.825947348,-0.008000000,0.016000000,0.006016222,0.005011872,-0.001438237,-0.001022539,1.285195589,0.018320658,1.303516247,1.307724604,0.009717009,0.005200159,0.020023591,0.020006759,0.011341588,-0.006846880,0.021058597,-0.001646720,0.031418742,-0.008274045,-0.011220239,0.032753678,-0.010360145,0.006627325,0.032278836,-0.034400398,1,4.699430350,1,0,0.000404289,0.000362528,0.000001974,1
83.929944074,-0.004000000,0.016000000,0.003841335,0.003682876,-0.003036135,-0.000223591,1.276684284,-0.044420936,1.232263348,1.236471706,0.008474854,0.004262750,0.020017948,0.020004542,-0.004364231,0.004787388,0.004110623,0.009050138,0.031041537,-0.008880262,-0.005042146,0.026107442,-0.026930915,0.017930400,0.009152769,-0.017057304,1,0.789414692,1,0,0.000220301,0.000101040,0.000000598,1
84.033943800,0.000000000,0.024000000,0.003273590,0.005649102,-0.000639289,0.000575358,1.226923227,-0.002566444,1.224356783,1.228565141,0.004790761,0.007620959,0.020005737,0.020014514,-0.013467684,0.026236187,-0.008676923,0.033857146,0.030065408,-0.008838043,-0.003263228,0.023293158,-0.038742331,0.042695189,-0.005413696,0.010563988,1,0.296782990,1,0,-0.000144177,-0.000066210,-0.000000403,1
84.081943528,-0.052000000,-0.032000000,0.001352775,0.006212109,0.002290187,0.007233261,1.202318311,0.062513030,1.264831340,1.269039697,-0.001185669,0.017006125,0.020000351,0.020072172,0.002091799,-0.011050185,0.000906131,0.005955940,0.028062549,-0.007964304,-0.002174755,0.026125583,-0.027156418,0.013920244,0.003080885,-0.020169644,1,0.866533603,1,0,0.000281039,0.000025046,0.000000374,1
84.185949258,-0.044000000,-0.024000000,-0.002200101,0.010255154,0.001489376,0.005362003,1.166068912,0.003555236,1.169624148,1.173832505,-0.004315302,0.018266205,0.020004655,0.020083240,-0.024741842,0.001822078,-0.029057143,0.020088283,0.028062102,-0.008114215,-0.000799448,0.022909749,-0.057119245,0.028202498,-0.028257695,-0.002821466,1,1.689779868,1,0,0.000058690,-0.000364394,-0.000001568,1
84.293948988,-0.036000000,-0.012000000,0.001413712,0.010941987,0.003353589,0.001100946,1.083645225,-0.029132123,1.054513102,1.058721459,-0.002045625,0.012699430,0.020001046,0.020040278,0.012054234,-0.015828198,0.010008609,-0.003128768,0.028817592,-0.008452916,-0.004750269,0.020337870,-0.018808983,0.005324148,0.014758878,-0.023466639,1,1.622407254,1,0,0.000282653,0.000170513,0.000001181,1
84.397960720,-0.032000000,-0.012000000,0.008565886,0.007382520,-0.000909239,-0.003164857,1.020363212,-0.066174654,0.954188558,0.958396915,0.009041056,0.004024446,0.020020425,0.020004049,0.007899111,-0.018015984,0.016940167,-0.013991539,0.029580633,-0.009287919,0.002025465,0.014814091,-0.012640466,-0.004703620,0.014914701,-0.028805630,1,2.221409996,1,0,0.000373496,0.000184478,0.000001411,1
84.501954453,-0.032000000,-0.004000000,0.013001239,0.004977747,-0.002240818,-0.002632223,0.995985329,-0.059628551,0.936356778,0.940565135,0.014272002,0.002196247,0.020050858,0.020001206,0.038128299,-0.017187723,0.052400302,-0.014991475,0.030598988,-0.009402668,0.009368873,0.009283162,0.021801314,-0.005588807,0.043031428,-0.024274638,1,5.149732540,1,0,0.000339917,0.000616987,0.000002813,1
84.601954187,-0.028000000,-0.008000000,0.012449925,0.004918018,-0.000110286,0.000030940,0.976008475,0.004103681,0.980112156,0.984320513,0.012310416,0.004850534,0.020037851,0.020005881,0.022886544,-0.012268565,0.035196959,-0.007418031,0.030468465,-0.009114663,0.019747155,0.005923528,0.004728494,0.001696632,0.015449804,-0.013341559,1,0.881313903,1,0,0.000193404,0.000227698,0.000001241,1
84.709959923,-0.020000000,0.004000000,0.013682838,0.008506346,0.000422346,-0.001300640,0.930330098,0.030385580,0.960715678,0.964924035,0.012739563,0.006922634,0.020040533,0.020011977,0.013435473,0.033217854,0.026175036,0.040140488,0.031271106,-0.009725203,0.025637703,0.000937863,-0.005096070,0.049865691,0.000537332,0.039202625,1,3.214483111,1,0,-0.000516698,0.000003900,-0.000001518,1
84.813953660,-0.020000000,0.004000000,0.016755986,0.005745346,0.000422346,-0.001034325,0.925492942,-0.017027271,0.908465671,0.912674028,0.014838552,0.004279801,0.020054970,0.020004579,0.048396207,0.012166555,0.063234759,0.016446357,0.030978047,-0.008680678,0.030069084,0.006884129,0.032256712,0.025127034,0.033165675,0.009562227,1,2.487380522,1,0,-0.000105540,0.000410976,0.000001102,1
84.917953397,-0.016000000,0.004000000,0.017115269,0.016308500,0.008141593,0.000025605,0.795769572,0.060556835,0.856326407,0.860534764,0.007684395,0.013987326,0.020014757,0.020048852,-0.010455184,0.000060477,-0.002770789,0.014047803,0.029721692,-0.006601478,0.039797181,0.008588691,-0.032492481,0.020649281,-0.042567970,0.005459112,1,3.889309732,1,0,-0.000071463,-0.000488648,-0.000001637,1
85.021953136,-0.012000000,0.012000000,0.013112536,0.013825506,0.003081597,0.005351939,0.810179412,-0.050952240,0.759227172,0.763435529,0.007615762,0.014560038,0.020014495,0.020052929,-0.012333214,-0.008741512,-0.004717453,0.005818526,0.028866504,-0.008118138,0.036025287,0.005882839,-0.033583957,0.013936664,-0.040742739,-0.000064313,1,3.501081661,1,0,-0.000012926,-0.000440243,-0.000000973,1
85.125952877,-0.008000000,0.012000000,0.016967057,0.004914089,-0.002244726,0.001889831,0.729025841,0.045018704,0.774044545,0.778252902,0.014870776,0.005266537,0.020055209,0.020006933,-0.003657135,-0.003728357,0.011213642,0.001538180,0.029231881,-0.010026456,0.032961988,0.002208585,-0.018018239,0.011564636,-0.021748347,-0.000670405,1,0.994986140,1,0,-0.000002255,-0.000237796,-0.000000477,1
85.229952618,0.000000000,0.020000000,0.024900058,0.000028712,-0.004375264,-0.000240712,0.697541535,-0.003414182,0.694127353,0.698335710,0.020320801,-0.000147155,0.020102969,0.020000005,0.051126358,-0.004848963,0.071447159,-0.004996118,0.028710877,-0.010497434,0.031915722,-0.001657788,0.042736282,0.005501316,0.039531437,-0.003338330,1,3.303436756,1,0,0.000051651,0.000398428,0.000001042,1
85.329958361,0.000000000,0.016000000,0.029119589,0.006052053,0.004146854,-0.000773346,0.658714831,-0.039623789,0.619091042,0.623299399,0.015460397,0.003268001,0.020059667,0.020002670,-0.020947540,0.002085099,-0.005487144,0.005353099,0.029205299,-0.010810986,0.043586911,-0.005868902,-0.034692443,0.016164085,-0.049074055,0.011222002,1,5.348721663,1,0,-0.000139778,-0.000491522,-0.000001492,1
85.381964105,-0.052000000,-0.028000000,0.031598532,0.006252873,0.005212117,-0.003436507,0.616557419,0.006855933,0.623413352,0.627621709,0.016449644,0.001755761,0.020067534,0.020000771,-0.016365557,0.021307804,0.000084087,0.023063564,0.030033749,-0.010611044,0.041188660,-0.005494509,-0.029949662,0.033674608,-0.041104572,0.028558074,1,5.304851750,1,0,-0.000311173,-0.000429576,-0.000001647,1
85.489969850,-0.044000000,-0.016000000,0.038460412,0.006065318,0.008674228,-0.002104927,0.560948431,-0.014945937,0.546002495,0.550210852,0.016263331,0.002162384,0.020066015,0.020001169,0.001962124,0.015437102,0.018225455,0.017599486,0.029347553,-0.009296367,0.037991603,-0.003483452,-0.011122097,0.026895853,-0.019766148,0.021082938,1,1.771576010,1,0,-0.000213269,-0.000195467,-0.000000751,1
85.589963595,-0.040000000,-0.020000000,0.040364425,0.002784347,0.005206835,-0.000243952,0.488799006,0.007979838,0.496778844,0.500987201,0.017465547,0.001262015,0.020076116,0.020000398,-0.009854253,0.025182519,0.007611294,0.026444533,0.027574340,-0.011046985,0.036510843,-0.002997960,-0.019963046,0.037491518,-0.028899550,0.029442493,1,3.614225219,1,0,-0.000301323,-0.000282725,-0.000000859,1
85.693963342,-0.036000000,-0.012000000,0.039873501,-0.009985354,0.000944165,0.006142688,0.487875968,0.085409569,0.573285538,0.577493895,0.022317625,-0.002202945,0.020124134,0.020001213,-0.016254740,0.010610297,0.006062885,0.008407352,0.024992132,-0.013269888,0.034113631,-0.004066767,-0.018929247,0.021677240,-0.028050747,0.012474119,1,1.987537611,1,0,-0.000141646,-0.000272280,-0.000000546,1
85.797963091,-0.032000000,-0.012000000,0.040821704,-0.024039789,-0.006779003,0.005343739,0.448539436,-0.020005424,0.428534012,0.432742369,0.020398522,-0.008011893,0.020103756,0.020016041,-0.017639670,0.012463175,0.002758852,0.004451281,0.025837572,-0.015844931,0.033951430,-0.007294265,-0.023078720,0.020296212,-0.031192578,0.011745547,1,2.343885756,1,0,-0.000116567,-0.000246434,-0.000000656,1
85.905962840,-0.028000000,0.000000000,0.055431518,-0.032629880,-0.006779003,-0.001314164,0.393783718,0.074317923,0.468101641,0.472309998,0.029120847,-0.015889263,0.020210894,0.020063018,0.026265685,-0.024415576,0.055386532,-0.040304839,0.026138380,-0.018006898,0.030888017,-0.010003232,0.029248152,-0.022297941,0.024498515,-0.030301607,1,3.200564890,1,0,0.000270779,0.000186945,0.000001145,1
86.009968590,-0.020000000,0.000000000,0.068699435,-0.036996006,-0.003050578,-0.002379428,0.365028381,0.005886051,0.370914433,0.375122790,0.026613115,-0.014604917,0.020176288,0.020053255,0.031420910,-0.008570473,0.058034025,-0.023175390,0.025977767,-0.017825935,0.036335240,-0.015138062,0.032056258,-0.005349455,0.021698785,-0.008037328,1,1.124240829,1,0,0.000070121,0.000146502,0.000000525,1
86.113968341,-0.016000000,0.008000000,0.087320034,-0.039410589,0.005734627,-0.000517734,0.283170074,0.001736760,0.284906835,0.289115192,0.023244240,-0.011375852,0.020134621,0.020032326,-0.035131850,0.012212318,-0.011887610,0.000836465,0.025144616,-0.016374201,0.042441355,-0.018185697,-0.037032226,0.017210666,-0.054328964,0.019022162,1,6.984241592,1,0,-0.000163786,-0.000369938,-0.000001171,1
86.217974094,-0.016000000,0.008000000,0.095305212,-0.042528035,0.004669374,-0.000517725,0.277607143,-0.023466111,0.254141032,0.258349389,0.023034285,-0.010939694,0.020132208,0.020029897,0.002401934,0.003619114,0.025436219,-0.007320579,0.024997467,-0.016452556,0.037423149,-0.016585016,0.000438752,0.009131977,-0.011986929,0.009264437,1,0.485402265,1,0,-0.000078819,-0.000089511,-0.000000316,1
86.317973847,-0.016000000,0.004000000,0.130537736,-0.073002598,0.000408316,-0.002115622,0.200000003,0.000000000,0.000000000,0.004208357,0.000000000,-0.000000000,0.020000000,0.020000000,-0.055710562,0.016676336,-0.055710562,0.016676336,0.025043458,-0.017725931,0.039134630,-0.020380115,-0.080754020,0.034402267,-0.094845192,0.037056451,1,22.090578333,1,0,-0.000358000,-0.000766379,-0.000001742,1
86.421979601,-0.008000000,0.012000000,0.112273390,-0.075964257,-0.006515904,-0.003713518,0.212499112,0.000000000,0.000000000,0.004208357,0.000000000,-0.000000000,0.020000000,0.020000000,0.023694468,0.003645453,0.023694468,0.003645453,0.023858147,-0.018985914,0.025518686,-0.017965140,-0.000163680,0.022631367,-0.001824219,0.021610593,1,1.002968573,1,0,-0.000258570,-0.000015875,-0.000000331,1
86.525985357,-0.004000000,0.020000000,0.131244422,-0.095021284,-0.004918007,-0.003713518,0.200000003,0.000000000,0.000000000,0.004208357,0.000000000,-0.000000000,0.020000000,0.020000000,0.020189295,-0.012748766,0.020189295,-0.012748766,0.023032057,-0.018708553,0.026365463,-0.014941599,-0.002842762,0.005959787,-0.006176168,0.002192833,1,0.091658064,1,0,-0.000034239,-0.000084746,-0.000000263,1
86.581991113,-0.048000000,-0.028000000,0.128798017,-0.093833678,-0.000656948,-0.000251408,0.200000003,0.000000000,0.000000000,0.004208357,0.000000000,-0.000000000,0.020000000,0.020000000,0.003853798,-0.007276977,0.003853798,-0.007276977,0.021115578,-0.017839434,0.023933781,-0.014570052,-0.017261781,0.010562458,-0.020079983,0.007293075,1,0.974397444,1,0,-0.000119809,-0.000295817,-0.000000953,1
86.681990870,-0.052000000,-0.032000000,0.123379976,-0.092509794,-0.000124316,-0.001849305,0.200000003,0.000000000,0.000000000,0.004208357,0.000000000,-0.000000000,0.020000000,0.020000000,-0.004071002,0.024644898,-0.004071002,0.024644898,0.021065576,-0.016803043,0.022412346,-0.013809128,-0.025136578,0.041447941,-0.026483348,0.038454026,1,4.652121701,1,0,-0.000593806,-0.000386260,-0.000001444,1
86.789990627,-0.044000000,-0.020000000,0.124323227,-0.092444897,0.002006212,-0.005045099,0.200000003,0.000000000,0.000000000,0.004208357,0.000000000,-0.000000000,0.020000000,0.020000000,-0.031406507,0.002939623,-0.031406507,0.002939623,0.019557126,-0.016435092,0.015321889,-0.005533479,-0.050963633,0.019374715,-0.046728395,0.008473103,1,4.813232175,1,0,-0.000135052,-0.000684854,-0.000002241,1
86.893984386,-0.040000000,-0.020000000,0.117093575,-0.096788943,0.000408316,-0.002115622,0.200000003,0.000000000,0.000000000,0.004208357,0.000000000,-0.000000000,0.020000000,0.020000000,-0.019030573,-0.006039898,-0.019030573,-0.006039898,0.017331201,-0.016465291,0.006754475,-0.003328465,-0.036361774,0.010425393,-0.025785047,-0.002711433,1,1.432262896,1,0,0.000034846,-0.000360372,-0.000001248,1
86.997984145,-0.036000000,-0.012000000,0.107689143,-0.103319520,-0.002254845,-0.003979835,0.200000003,0.000000000,0.000000000,0.004208357,0.000000000,-0.000000000,0.020000000,0.020000000,-0.012000582,0.012823627,-0.012000582,0.012823627,0.015952370,-0.016465705,0.000267912,-0.004373232,-0.027952952,0.029289332,-0.012268494,0.017196859,1,0.952574050,0,0,0.000000000,0.000000000,0.000000000,1
87.101989905,-0.032000000,-0.012000000,0.101876848,-0.108574060,-0.000923265,-0.002648253,0.200000003,0.000000000,0.000000000,0.004208357,0.000000000,-0.000000000,0.020000000,0.020000000,0.013577694,0.018767120,0.013577694,0.018767120,0.015229196,-0.015123953,-0.002497826,0.001144976,-0.001651501,0.033891072,0.016075520,0.017622144,1,1.205362209,0,0,0.000000000,0.000000000,0.000000000,1
87.205989666,-0.028000000,-0.004000000,0.093767169,-0.105545569,-0.001989602,-0.005043307,0.200000003,0.000000000,0.000000000,0.004208357,0.000000000,-0.000000000,0.020000000,0.020000000,-0.002213398,0.001548765,-0.002213398,0.001548765,0.014346629,-0.014964550,-0.001721878,0.005364829,-0.016560026,0.016513315,-0.000491519,-0.003816064,1,0.031427560,0,0,-0.000000000,-0.000000000,-0.000000000,1
87.309983428,-0.024000000,-0.004000000,0.080090768,-0.105703456,-0.001723286,-0.001048566,0.200000003,0.000000000,0.000000000,0.004208357,0.000000000,-0.000000000,0.020000000,0.020000000,-0.023891312,-0.011257245,-0.023891312,-0.011257245,0.012287770,-0.014856432,-0.004281749,0.007115607,-0.036179082,0.003599187,-0.019609564,-0.018372851,1,1.525178756,0,0,-0.000000000,-0.000000000,-0.000000000,1
87.409992191,-0.024000000,0.000000000,0.064653233,-0.102757942,-0.001456969,0.000549331,0.200000003,0.000000000,0.000000000,0.004208357,0.000000000,-0.000000000,0.020000000,0.020000000,0.049417974,0.019621745,0.049417974,0.019621745,0.010055452,-0.013444632,-0.009071811,0.005739717,0.039362522,0.033066377,0.058489785,0.013882028,1,7.653918062,0,0,0.000000000,0.000000000,0.000000000,1
87.513985719,-0.020000000,0.007999764,0.049335730,-0.097757062,0.001472508,0.001348279,0.200000003,0.000000000,0.000000000,0.004208357,0.000000000,-0.000000000,0.020000000,0.020000000,0.035127743,-0.025055092,0.035127743,-0.025055092,0.009244585,-0.012956935,-0.000412884,0.008261602,0.025883158,-0.012098156,0.035540627,-0.033316693,1,5.063008128,0,0,0.000000000,0.000000000,0.000000000,1
87.617985250,-0.012000000,0.007999766,0.037040111,-0.093514261,0.002271456,-0.000249618,0.200000003,0.000000000,0.000000000,0.004208357,0.000000000,-0.000000000,0.020000000,0.020000000,-0.014668925,0.032738219,-0.014668925,0.032738219,0.007728282,-0.012266825,0.004209350,0.004545180,-0.022397207,0.045005043,-0.018878275,0.028193039,1,2.455112388,0,0,0.000000000,0.000000000,0.000000000,1
87.721985017,-0.012000000,0.007999767,0.023676042,-0.090075164,0.002537773,0.002679860,0.200000003,0.000000000,0.000000000,0.004208357,0.000000000,-0.000000000,0.020000000,0.020000000,0.018021502,-0.002113446,0.018021502,-0.002113446,0.004847366,-0.012269703,0.000201984,0.008996075,0.013174136,0.010156257,0.017819517,-0.011109521,1,0.938119456,0,0,0.000000000,0.000000000,0.000000000,1
87.825984785,-0.004000000,0.015999768,0.010791370,-0.092338574,0.000407244,0.002946176,0.200000003,0.000000000,0.000000000,0.004208357,0.000000000,-0.000000000,0.020000000,0.020000000,-0.021246807,-0.014347033,-0.021246807,-0.014347033,0.003925319,-0.010978612,0.003338738,0.007126763,-0.025172127,-0.003368421,-0.024585545,-0.021473796,1,2.254560389,0,0,-0.000000000,-0.000000000,-0.000000000,1
87.881984785,-0.048000000,-0.024000000,0.008319658,-0.091559101,-0.000924337,0.000016699,0.200000003,0.000000000,0.000000000,0.004208357,0.000000000,-0.000000000,0.020000000,0.020000000,-0.012759202,0.003922449,-0.012759202,0.003922449,0.003528408,-0.010494396,-0.000138628,0.005788661,-0.016287610,0.014416844,-0.012620574,-0.001866212,1,0.344560133,0,0,-0.000000000,-0.000000000,-0.000000000,1
87.981984553,-0.048000000,-0.028000000,0.006210311,-0.090758898,0.000407244,-0.000249617,0.200000003,0.000000000,0.000000000,0.004208357,0.000000000,-0.000000000,0.020000000,0.020000000,0.003757953,-0.001312293,0.003757953,-0.001312293,0.002465116,-0.009299851,-0.001368941,0.005929867,0.001292837,0.007987558,0.005126894,-0.007242160,1,0.167415516,0,0,0.000000000,0.000000000,0.000000000,1
88.085990323,-0.048000000,-0.020000000,-0.002150864,-0.087301936,0.001472508,-0.000515933,0.200000003,0.000000000,0.000000000,0.004208357,-0.000000000,-0.000000000,0.020000000,0.020000000,0.023240839,0.003781493,0.023240839,0.003781493,0.001727008,-0.008885925,-0.001481124,0.005116119,0.021513830,0.012667418,0.024721962,-0.001334626,1,1.296509106,0,0,0.000000000,0.000000000,0.000000000,1
88.189990093,-0.044000000,-0.020000000,-0.011936057,-0.088034171,-0.002788229,-0.001050728,0.200000003,0.000000000,0.000000000,0.004208357,-0.000000000,-0.000000000,0.020000000,0.020000000,0.021298815,-0.007096009,0.021298815,-0.007096009,0.000869284,-0.008956728,0.002644720,0.004431914,0.020429531,0.001860719,0.018654094,-0.011527923,1,1.019022166,0,0,0.000000000,0.000000000,0.000000000,1
88.293989864,-0.040000000,-0.012000000,-0.021836443,-0.089548483,-0.007315604,-0.000251781,0.200000003,0.000000000,0.000000000,0.004208357,-0.000000000,-0.000000000,0.020000000,0.020000000,-0.050897202,-0.006747633,-0.050897202,-0.006747633,-0.000132966,-0.009925156,0.006189621,0.003158488,-0.050764236,0.003177524,-0.057086823,-0.009906121,1,7.089267762,0,0,-0.000000000,-0.000000000,-0.000000000,1
88.397995635,-0.036000000,-0.012000000,-0.031411384,-0.090169864,-0.006782971,0.001079800,0.200000003,0.000000000,0.000000000,0.004208357,-0.000000000,-0.000000000,0.020000000,0.020000000,-0.007687006,-0.026658613,-0.007687006,-0.026658613,-0.000735805,-0.010051263,-0.002334060,0.002276580,-0.006951201,-0.016607351,-0.005352946,-0.028935194,1,1.831390376,0,0,-0.000000000,-0.000000000,-0.000000000,1
88.502001181,-0.032000000,-0.012000227,-0.040697288,-0.076585619,-0.002788229,0.002677696,0.200000003,0.000000000,0.000000000,0.004208357,-0.000000000,-0.000000000,0.020000000,0.020000000,0.019153237,-0.004228420,0.019153237,-0.004228420,-0.002984251,-0.009084969,-0.006384217,-0.000020517,0.022137488,0.004856550,0.025537454,-0.004207903,1,1.411395295,0,0,0.000000000,0.000000000,0.000000000,1
88.610000955,-0.024000000,-0.000000226,-0.050511834,-0.060282460,-0.000125068,0.005340857,0.200000003,0.000000000,0.000000000,0.004208357,-0.000000000,-0.000000000,0.020000000,0.020000000,-0.013939214,-0.006586103,-0.013939214,-0.006586103,-0.005414208,-0.007818452,-0.003592277,0.001317526,-0.008525006,0.001232349,-0.010346937,-0.007903629,1,0.355140276,0,0,-0.000000000,-0.000000000,-0.000000000,1
88.710000729,-0.024000000,-0.004000000,-0.055161547,-0.044962154,0.003603358,0.002677696,0.200000003,0.000000000,0.000000000,0.004208357,-0.000000000,-0.000000000,0.020000000,0.020000000,-0.014969642,-0.010760379,-0.014969642,-0.010760379,-0.005354726,-0.005466130,-0.003157294,0.002536205,-0.009614916,-0.005294250,-0.011812348,-0.013296585,1,0.661866794,0,0,-0.000000000,-0.000000000,-0.000000000,1
88.814006504,-0.016000000,0.004000000,-0.051653317,-0.037214459,0.000141248,0.001612432,0.200000003,0.000000000,0.000000000,0.004208357,-0.000000000,-0.000000000,0.020000000,0.020000000,0.019765395,-0.028546228,0.019765395,-0.028546228,-0.005963792,-0.003264096,-0.004710568,0.002538094,0.025729188,-0.025282132,0.024475963,-0.031084322,1,3.291716376,0,0,0.000000000,0.000000000,0.000000000,1
88.922006280,-0.008000000,0.008000000,-0.053992213,-0.027083138,0.002271778,0.003476644,0.200000003,0.000000000,0.000000000,0.004208357,-0.000000000,-0.000000000,0.020000000,0.020000000,0.008518562,-0.010496085,0.008518562,-0.010496085,-0.007828429,-0.001979979,0.000896046,0.000612026,0.016346992,-0.008516106,0.007622517,-0.011108111,1,0.380470746,0,0,0.000000000,0.000000000,0.000000000,1
89.026012056,-0.008000000,0.016000000,-0.054421118,-0.020807553,0.001206513,0.002944013,0.200000003,0.000000000,0.000000000,0.004208357,-0.000000000,-0.000000000,0.020000000,0.020000000,-0.020260872,-0.017540864,-0.020260872,-0.017540864,-0.007502454,-0.000263975,0.003952459,0.000681191,-0.012758418,-0.017276889,-0.024213331,-0.018222054,1,1.901585801,0,0,-0.000000000,-0.000000000,-0.000000000,1
89.130005833,-0.004000000,0.024000000,-0.050561332,-0.015007793,-0.000924016,0.001346115,0.200000003,0.000000000,0.000000000,0.004208357,-0.000000000,-0.000000000,0.020000000,0.020000000,-0.023111229,-0.010682909,-0.023111229,-0.010682909,-0.007447195,0.000100536,0.003367998,-0.001849548,-0.015664034,-0.010783445,-0.026479227,-0.008833362,1,1.608521132,0,0,-0.000000000,-0.000000000,-0.000000000,1
89.182005611,-0.048000000,-0.028000000,-0.048544643,-0.013232496,0.001472160,0.000277389,0.200000003,0.000000000,0.000000000,0.004208357,-0.000000000,-0.000000000,0.020000000,0.020000000,-0.000534760,0.043706437,-0.000534760,0.043706437,-0.005520968,0.002723465,0.003099164,-0.001428330,0.004986207,0.040982972,-0.003633925,0.045134767,1,4.256636723,1,0,-0.000955427,-0.000090342,-0.000001285,1
89.282005167,-0.048000000,-0.032000222,0.000005608,0.000028895,-0.000658369,-0.000255244,0.200000003,0.000000000,0.000000000,0.004208357,0.000000000,-0.000000000,0.020000000,0.020000000,0.034917698,-0.029197844,0.034917698,-0.029197844,-0.000275914,0.215098638,0.006996427,0.009358826,0.035193612,-0.244296482,0.027921271,-0.038556670,1,4.675875556,1,0,0.000749505,0.000592745,0.000003700,1
89.385998727,-0.044000000,-0.024006220,0.000006205,0.000029977,-0.000088954,-0.001055445,0.200000003,0.000000000,0.000000000,0.004208357,0.000000000,-0.000000000,0.020000000,0.020000000,-0.007824412,0.001388678,-0.007824412,0.001388678,0.000799036,0.212627937,0.014242139,0.004996429,-0.008623448,-0.211239259,-0.022066552,-0.003607751,1,1.024414254,1,0,0.000084797,-0.000416471,-0.000001646,1
89.489992507,-0.044000000,-0.024000000,0.000006207,0.000029971,0.000177363,0.000276136,0.200000003,0.000000000,0.000000000,0.004208357,-0.000000000,0.000000000,0.020000000,0.020000000,-0.014052415,-0.004107248,-0.014052415,-0.004107248,0.000424971,0.203888648,0.012743450,0.007003370,-0.014477386,-0.207995895,-0.026795865,-0.011110617,1,1.720918812,1,0,0.000198797,-0.000436333,-0.000001578,1
89.593992289,-0.036000000,-0.016000000,0.000006207,0.000029965,0.000177363,-0.000256497,0.200000003,0.000000000,0.000000000,0.004208357,-0.000000000,-0.000000000,0.020000000,0.020000000,-0.003883414,-0.018845480,-0.003883414,-0.018845480,0.001119635,0.199461936,0.011139418,0.008194079,-0.005003049,-0.218307416,-0.015022831,-0.027039559,1,1.970519022,1,0,0.000348822,-0.000202712,-0.000000533,1
89.697985854,-0.036000000,-0.016000217,0.000006207,0.000029963,-0.000621586,-0.000522813,0.200000003,0.000000000,0.000000000,0.004208357,0.000000000,-0.000000000,0.020000000,0.020000000,0.008478786,-0.016760020,0.008478786,-0.016760020,0.001355280,0.196639425,0.012774866,0.006159163,0.007123506,-0.213399445,-0.004296080,-0.022919183,1,1.120824260,1,0,0.000219466,-0.000051330,-0.000000056,1
89.801985637,-0.028000000,-0.008000000,0.000031106,0.000031447,-0.000059091,0.000808763,0.200000003,0.000000000,0.000000000,0.004208357,0.000000000,0.000000000,0.020000000,0.020000000,0.027300932,0.022262499,0.027300932,0.022262499,0.000684149,0.189241470,0.014587347,0.002660150,0.026616782,-0.166978971,0.012713584,0.019602349,1,1.127349426,1,0,-0.000142586,0.000099085,0.000000236,1
89.905973207,-0.024000000,-0.000006215,0.000031145,0.000031418,0.000473541,-0.000522818,0.200000003,0.000000000,0.000000000,0.004208357,-0.000000000,-0.000000000,0.020000000,0.020000000,0.010710184,-0.010573292,0.010710184,-0.010573292,0.001276902,0.174124209,0.021313488,0.007705519,0.009433282,-0.184697501,-0.010603304,-0.018278811,1,0.924614297,1,0,0.000083686,-0.000056475,-0.000000128,1
90.009966993,-0.020000000,0.000000000,0.000031130,0.000031438,-0.000591724,-0.000256502,0.200000003,0.000000000,0.000000000,0.004208357,0.000000000,-0.000000000,0.020000000,0.020000000,-0.005779728,0.009919341,-0.005779728,0.009919341,0.002641715,0.162602781,0.021855380,0.006811630,-0.008421444,-0.152683441,-0.027635108,0.003107711,1,1.596386059,1,0,0.000039528,-0.000052193,-0.000000135,0
90.113966780,-0.020000000,0.007999787,0.000031128,0.000031436,-0.000325408,-0.000256502,0.200000003,0.000000000,0.000000000,0.004208357,0.000000000,-0.000000000,0.020000000,0.020000000,0.008908537,0.021087171,0.008908537,0.021087171,0.003819996,0.154346067,0.017920332,0.007350785,0.005088541,-0.133258896,-0.009011795,0.013736386,1,0.560525371,1,0,-0.000044407,-0.000031869,-0.000000122,0
90.217966568,-0.012000000,0.007999788,0.000031128,0.000031436,-0.000038180,0.000542116,0.200000003,0.000000000,0.000000000,0.004208357,0.000000000,0.000000000,0.020000000,0.020000000,-0.023719809,-0.009860445,-0.023719809,-0.009860445,0.003771776,0.139987223,0.018109519,0.008423133,-0.027491584,-0.149847667,-0.041829327,-0.018283578,1,4.342248749,1,0,0.000147518,-0.000272062,-0.000000718,0
90.321966357,-0.012000000,0.015999789,0.000031144,0.000031418,0.000760769,-0.000256833,0.200000003,0.000000000,0.000000000,0.004208357,-0.000000000,-0.000000000,0.020000000,0.020000000,0.006594522,0.022522385,0.006594522,0.022522385,0.003842980,0.117883635,0.011923303,0.004192013,0.002751542,-0.095361250,-0.005328781,0.018330372,1,0.762621526,1,0,-0.000142093,-0.000036199,-0.000000164,0
90.425966147,-0.008000000,0.015999790,0.000022860,0.000022842,-0.000038180,-0.000789465,0.200000003,0.000000000,0.000000000,0.004208357,0.000000000,-0.000000000,0.020000000,0.020000000,-0.005589336,0.016705043,-0.005589336,0.016705043,0.003157168,0.100158597,0.013331602,0.007510954,-0.008746504,-0.083453554,-0.018920938,0.009194089,1,0.927760617,1,0,-0.000078504,-0.000178329,-0.000000538,0
90.529959938,-0.004000000,0.024000000,0.000000490,0.000027968,-0.000304496,0.000009484,0.200000003,0.000000000,0.000000000,0.004208357,0.000000000,0.000000000,0.020000000,0.020000000,0.043166115,-0.000859356,0.043166115,-0.000859356,0.003062106,0.083283631,0.010231408,0.001242762,0.040104009,-0.084142986,0.032934707,-0.002102117,1,2.289791752,1,0,0.000030092,0.000348026,0.000000985,0
90.581947730,-0.052000000,-0.028000000,0.000000491,0.000027962,-0.000030401,0.001341859,0.200000003,0.000000000,0.000000000,0.004208357,0.000000000,0.000000000,0.020000000,0.020000000,0.002183326,-0.014776838,0.002183326,-0.014776838,0.003687663,0.068343333,0.017867986,0.000340510,-0.001504336,-0.083120171,-0.015684660,-0.015117348,1,1.000939333,1,0,0.000171364,-0.000184889,-0.000000374,0
90.685947523,-0.048000000,-0.020000000,0.000000490,0.000027968,0.000235915,0.000809226,0.200000003,0.000000000,0.000000000,0.004208357,-0.000000000,0.000000000,0.020000000,0.020000000,-0.010903797,0.004551892,-0.010903797,0.004551892,0.004815379,0.050183802,0.016980794,-0.003988363,-0.015719176,-0.045631910,-0.027884592,0.008540254,1,1.797601993,1,0,-0.000122085,-0.000346037,-0.000000916,0
90.789953317,-0.040000000,-0.020000000,0.000000489,0.000027962,-0.000030401,-0.000256038,0.200000003,0.000000000,0.000000000,0.004208357,0.000000000,-0.000000000,0.020000000,0.020000000,0.003412862,0.022818233,0.003412862,0.022818233,0.006675814,0.035329372,0.014274300,-0.004214361,-0.003262952,-0.012511140,-0.010861438,0.027032594,1,1.801406150,1,0,-0.000363688,-0.000139346,-0.000000442,0
90.893964908,-0.036000000,-0.011994204,0.000000490,0.000027961,-0.000563034,-0.001054987,0.200000003,0.000000000,0.000000000,0.004208357,0.000000000,-0.000000000,0.020000000,0.020000000,-0.005865644,-0.006286765,-0.005865644,-0.006286765,0.008435023,0.022055581,0.014227477,-0.002838256,-0.014300667,-0.028342347,-0.020093121,-0.003448509,1,0.882644935,1,0,0.000031790,-0.000273849,-0.000000772,0
90.997964705,-0.032000000,-0.012000000,0.000000490,0.000027956,-0.000027922,0.000009801,0.200000003,0.000000000,0.000000000,0.004208357,0.000000000,0.000000000,0.020000000,0.020000000,-0.034160029,-0.039670448,-0.034160029,-0.039670448,0.008433035,0.009954480,0.011562631,-0.005488848,-0.042593064,-0.049624927,-0.045722660,-0.034181599,1,6.938573630,1,0,0.000451446,-0.000645997,-0.000001829,0
91.101964503,-0.028000000,-0.004000000,0.000001205,0.000028213,0.000238395,0.000009801,0.200000003,0.000000000,0.000000000,0.004208357,-0.000000000,0.000000000,0.020000000,0.020000000,0.035882040,0.015464550,0.035882040,0.015464550,0.009224426,-0.005291358,0.004032116,-0.013708816,0.026657614,0.020755908,0.031849924,0.029173366,1,3.979194126,1,0,-0.000403213,0.000461537,0.000001300,0
91.205958302,-0.024000000,-0.004000000,0.000000488,0.000027962,-0.000826870,0.000542433,0.200000003,0.000000000,0.000000000,0.004208357,0.000000000,0.000000000,0.020000000,0.020000000,-0.007794481,0.015746933,-0.007794481,0.015746933,0.009227774,-0.018819016,0.010133770,-0.010916109,-0.017022255,0.034565949,-0.017928250,0.026663042,1,2.202584036,1,0,-0.000420416,-0.000258822,-0.000000576,0
91.309964101,-0.024000000,0.004000000,0.000001204,0.000028212,-0.000560554,0.000276117,0.200000003,0.000000000,0.000000000,0.004208357,0.000000000,0.000000000,0.020000000,0.020000000,-0.010908166,-0.031097121,-0.010908166,-0.031097121,0.009704027,-0.027948564,0.008737116,-0.008208245,-0.020612193,-0.003148557,-0.019645282,-0.022888876,1,1.944741912,1,0,0.000334241,-0.000297338,-0.000001012,0
91.413960902,-0.020000000,0.004000000,0.000001204,0.000028214,-0.000028692,-0.000789404,0.200000003,0.000000000,0.000000000,0.004208357,0.000000000,-0.000000000,0.020000000,0.020000000,-0.016817644,0.031640684,-0.016817644,0.031640684,0.008214775,-0.036515711,0.007362406,-0.013904055,-0.025032419,0.068156394,-0.024180049,0.045544739,1,5.685329149,1,0,-0.000727689,-0.000357424,-0.000000363,0
91.517966704,-0.012000000,0.004000000,0.000000489,0.000027961,0.000237624,0.000275861,0.200000003,0.000000000,0.000000000,0.004208357,-0.000000000,0.000000000,0.020000000,0.020000000,-0.030225890,0.014740369,-0.030225890,0.014740369,0.007388130,-0.042372671,0.004778506,-0.011837013,-0.037614021,0.057113039,-0.035004396,0.026577382,1,4.130340112,1,0,-0.000445939,-0.000519103,-0.000001166,0
91.621978506,-0.008000000,0.012000000,0.000001205,0.000028219,-0.000028692,-0.000523088,0.200000003,0.000000000,0.000000000,0.004208357,0.000000000,-0.000000000,0.020000000,0.020000000,-0.019613334,0.005980403,-0.019613334,0.005980403,0.006485828,-0.047243199,-0.001216258,-0.008875133,-0.026099162,0.053223602,-0.018397076,0.014855536,1,1.196589845,1,0,-0.000246979,-0.000273401,-0.000000586,0
91.725987310,-0.008000000,0.020000000,0.000001202,0.000028215,0.000237624,0.000009544,0.200000003,0.000000000,0.000000000,0.004208357,-0.000000000,0.000000000,0.020000000,0.020000000,0.015211580,0.026168547,0.015211580,0.026168547,0.007285111,-0.052170723,-0.001909848,-0.005763000,0.007926469,0.078339270,0.017121429,0.031931547,1,2.816365449,1,0,-0.000482517,0.000264150,0.000001835,0
91.829990114,0.000000000,0.020000000,0.000001203,0.000028221,0.000769728,0.000275710,0.200000003,0.000000000,0.000000000,0.004208357,-0.000000000,0.000000000,0.020000000,0.020000000,0.019700772,-0.025587890,0.019700772,-0.025587890,0.006818665,-0.055056005,-0.000147411,-0.001253993,0.012882107,0.029468114,0.019848182,-0.024333897,1,2.116465865,1,0,0.000389171,0.000295445,0.000000640,0
91.881995919,-0.052000000,-0.024000000,0.000000491,0.000027960,-0.000029220,0.000009394,0.200000003,0.000000000,0.000000000,0.004208357,0.000000000,0.000000000,0.020000000,0.020000000,-0.007063821,0.005098327,-0.007063821,0.005098327,0.004657385,-0.058111201,0.003057552,-0.007522306,-0.011721206,0.063209529,-0.010121374,0.012620633,1,0.561311662,1,0,-0.000201861,-0.000148193,-0.000000318,0
