stamp,flow_imu_dt,flow_gt_dt,flow_x,flow_y,gyro_x,gyro_y,tof_raw,tof_noise,tof_meas,pz_meas,vx_body_raw,vy_body_raw,vx_noise_std,vy_noise_std,vx_noise,vy_noise,vx_body_meas,vy_body_meas,gt_vx_body,gt_vy_body,est_vx_body,est_vy_body,meas_minus_gt_vx,meas_minus_gt_vy,meas_minus_est_vx,meas_minus_est_vy,velocity_update_accepted,velocity_nis,attitude_update_enabled,recovery_update,dtheta_x,dtheta_y,dtheta_z,height_update_accepted
16.536000000,0.000000000,0.024000000,-0.000010523,0.000000000,0.000000000,0.000000000,0.200000003,0.000000000,0.000000000,0.000774121,-0.000000000,0.000000000,0.020000000,0.020000000,0.001933602,-0.021583463,0.001933602,-0.021583463,-0.010622944,0.003473055,-0.011336129,0.003530510,0.012556545,-0.025056517,0.013269730,-0.025113973,1,0.000403318,0,0,0.000000000,0.000000000,0.000000000,1
16.634000000,0.000000000,0.024000000,-0.000010523,0.000000000,0.000000000,0.000000000,0.200000003,0.000000000,0.000000000,0.000774121,-0.000000000,0.000000000,0.020000000,0.020000000,-0.018731118,0.017114600,-0.018731118,0.017114600,-0.010668031,0.003460586,0.001930948,-0.021578441,-0.008063087,0.013654014,-0.020662067,0.038693041,1,2.405331017,0,0,0.000000000,0.000000000,0.000000000,1
16.734000000,0.000000000,0.024000000,-0.000010523,0.000000000,0.000000000,0.000000000,0.200000003,0.000000000,0.000000000,0.000774121,-0.000000000,0.000000000,0.020000000,0.020000000,0.004161293,-0.005041110,0.004161293,-0.005041110,-0.011315569,0.001997087,-0.008399052,-0.002233855,0.015476862,-0.007038198,0.012560345,-0.002807255,1,0.276080765,0,0,0.000000000,0.000000000,0.000000000,1
16.836000000,0.000000000,0.024000000,-0.000010523,0.000000000,0.001972676,-0.000231465,0.200000003,0.000000000,0.000000000,0.000774121,-0.000000000,-0.000000000,0.020000000,0.020000000,0.001482522,0.023482616,0.001482522,0.023482616,-0.011730545,0.003599976,-0.003523260,-0.001694793,0.013213066,0.019882639,0.005005781,0.025177408,1,0.415161854,0,0,0.000000000,0.000000000,0.000000000,1
16.936000000,0.002000000,0.024000000,-0.000010524,0.000000000,0.000412067,-0.001505321,0.200000003,0.000000000,0.000000000,0.000774121,-0.000000000,-0.000000000,0.020000000,0.020000000,0.001742153,-0.018482567,0.001742153,-0.018482567,-0.011724680,0.004658114,0.001367721,0.018597748,0.013466833,-0.023140681,0.000374432,-0.037080315,1,0.340270062,0,0,0.000000000,0.000000000,0.000000000,1
17.034000000,0.000000000,0.024000000,-0.000010524,0.000000000,-0.000095683,0.000469366,0.200000003,0.000000000,0.000000000,0.000774121,0.000000000,0.000000000,0.020000000,0.020000000,-0.006207956,0.025559288,-0.006207956,0.025559288,-0.011746847,0.005354397,0.000689893,-0.013863671,0.005538891,0.020204891,-0.006897849,0.039422959,1,0.410823585,0,0,0.000000000,0.000000000,0.000000000,1
17.136000000,0.000000000,0.026000000,-0.000010524,0.000000000,0.001027495,-0.001308689,0.200000003,0.000000000,0.000000000,0.000774121,-0.000000000,-0.000000000,0.020000000,0.020000000,0.015590777,-0.003083516,0.015590777,-0.003083516,-0.010539201,0.006121550,-0.006181186,0.023724627,0.026129979,-0.009205066,0.021771963,-0.026808143,1,0.299586590,0,0,0.000000000,0.000000000,0.000000000,1
17.234000000,0.000000000,0.024000000,-0.000010524,0.000000000,0.000038288,-0.000232341,0.200000003,0.000000000,0.000000000,0.000774121,-0.000000000,-0.000000000,0.020000000,0.020000000,-0.001390626,-0.013443440,-0.001390626,-0.013443440,-0.010432551,0.004900128,0.012765210,-0.000955620,0.009041925,-0.018343568,-0.014155837,-0.012487820,1,0.094479263,0,0,-0.000000000,-0.000000000,-0.000000000,1
17.334000000,0.000000000,0.026000000,-0.000010524,0.000000000,-0.000636205,0.000146327,0.200000003,0.000000000,0.000000000,0.000774121,0.000000000,0.000000000,0.020000000,0.020000000,0.029899246,-0.013540356,0.029899246,-0.013540356,-0.011622434,0.004017689,-0.002706939,-0.010438666,0.041521679,-0.017558045,0.032606184,-0.003101690,1,0.275245886,0,0,0.000000000,0.000000000,0.000000000,1
17.436000000,0.000000000,0.026000000,-0.000010524,0.000000000,-0.000382557,0.001497051,0.200000003,0.000000000,0.000000000,0.000774121,0.000000000,0.000000000,0.020000000,0.020000000,0.000173748,0.021993890,0.000173748,0.021993890,-0.011305112,0.005355075,0.024982236,-0.011306385,0.011478860,0.016638814,-0.024808489,0.033300275,1,0.430659130,0,0,0.000000000,0.000000000,0.000000000,1
17.536000000,0.000000000,0.026000000,-0.000010524,0.000000000,-0.000433371,-0.000170411,0.200000003,0.000000000,0.000000000,0.000774121,0.000000000,-0.000000000,0.020000000,0.020000000,0.009982691,0.014056904,0.009982691,0.014056904,-0.012444627,0.005487689,0.000012287,0.020591428,0.022427318,0.008569215,0.009970404,-0.006534524,1,0.036625724,0,0,0.000000000,0.000000000,0.000000000,1
17.636000000,0.000000000,0.026000000,-0.000010524,0.000000000,0.000543443,-0.001279610,0.200000003,0.000000000,0.000000000,0.000774121,-0.000000000,-0.000000000,0.020000000,0.020000000,-0.044651779,-0.000547146,-0.044651779,-0.000547146,-0.012601396,0.004911646,0.008413056,0.014583933,-0.032050383,-0.005458792,-0.053064835,-0.015131079,1,0.781463614,0,0,-0.000000000,-0.000000000,-0.000000000,1
17.736000000,0.000000000,0.024000000,-0.000010524,0.000000000,-0.000069593,0.000265805,0.200000003,0.000000000,0.000000000,0.000774121,0.000000000,0.000000000,0.020000000,0.020000000,-0.040080760,-0.018714192,-0.040080760,-0.018714192,-0.013565098,0.005677978,-0.039187012,0.003621360,-0.026515662,-0.024392170,-0.000893748,-0.022335552,1,0.128474432,0,0,-0.000000000,-0.000000000,-0.000000000,1
17.830000000,0.000000000,0.022000000,-0.000010524,0.000000000,0.000094619,0.001760911,0.200000003,0.000000000,0.000000000,0.000774121,-0.000000000,0.000000000,0.020000000,0.020000000,-0.028101320,0.015925705,-0.028101320,0.015925705,-0.013573533,0.006096244,-0.039612932,-0.014798605,-0.014527787,0.009829462,0.011511612,0.030724310,1,0.301892155,0,0,0.000000000,0.000000000,0.000000000,1
17.934000000,0.000000000,0.024000000,-0.000010524,0.000000000,-0.000255640,0.000965794,0.200000003,0.000000000,0.000000000,0.000774121,0.000000000,0.000000000,0.020000000,0.020000000,-0.001743337,0.026587907,-0.001743337,0.026587907,-0.012914571,0.006661173,-0.029373522,0.015501853,0.011171234,0.019926734,0.027630185,0.011086054,1,0.215129076,0,0,0.000000000,0.000000000,0.000000000,1
18.034000000,0.000000000,0.022000000,-0.000010524,0.000000000,-0.000067779,0.000130775,0.200000003,0.000000000,0.000000000,0.000774121,0.000000000,0.000000000,0.020000000,0.020000000,0.028251582,-0.013182744,0.028251582,-0.013182744,-0.013591382,0.006401334,-0.006458878,0.028157446,0.041842964,-0.019584078,0.034710460,-0.041340190,1,0.751401691,0,0,0.000000000,0.000000000,0.000000000,1
18.138000000,0.000000000,0.026000000,-0.000010524,0.000000000,-0.000600402,0.000623512,0.200000003,0.000000000,0.000000000,0.000774121,0.000000000,0.000000000,0.020000000,0.020000000,0.041987766,-0.002169216,0.041987766,-0.002169216,-0.012913246,0.005652114,0.027285764,-0.008960291,0.054901012,-0.007821330,0.014702002,0.006791075,1,0.063596873,0,0,0.000000000,0.000000000,0.000000000,1
18.236000000,0.000000000,0.024000000,-0.000010524,0.000000000,-0.000069828,-0.000719539,0.200000003,0.000000000,0.000000000,0.000774121,0.000000000,-0.000000000,0.020000000,0.020000000,-0.011691309,-0.000335793,-0.011691309,-0.000335793,-0.012736767,0.005194015,0.040244728,-0.002681852,0.001045458,-0.005529808,-0.051936038,0.002346059,1,0.716050350,0,0,0.000000000,0.000000000,0.000000000,1
18.336000000,0.000000000,0.024000000,-0.000010524,0.000000000,-0.000170337,0.001319688,0.200000003,0.000000000,0.000000000,0.000774121,0.000000000,0.000000000,0.020000000,0.020000000,-0.020144615,-0.026217890,-0.020144615,-0.026217890,-0.012400109,0.004275038,-0.007911136,-0.001187770,-0.007744506,-0.030492928,-0.012233479,-0.025030120,1,0.199312999,0,0,-0.000000000,-0.000000000,-0.000000000,1
18.436000000,0.000000000,0.026000000,-0.000010524,0.000000000,0.000237608,0.000716861,0.200000003,0.000000000,0.000000000,0.000774121,-0.000000000,0.000000000,0.020000000,0.020000000,-0.012283713,-0.021325615,-0.012283713,-0.021325615,-0.011177768,0.002453761,-0.017728796,-0.022849834,-0.001105945,-0.023779377,0.005445084,0.001524219,1,0.008228467,0,0,0.000000000,0.000000000,0.000000000,1
18.536000000,0.000000000,0.024000000,-0.000010524,0.000000000,0.000831766,0.000638295,0.200000003,0.000000000,0.000000000,0.000774121,-0.000000000,0.000000000,0.020000000,0.020000000,-0.011846443,-0.025496061,-0.011846443,-0.025496061,-0.011583452,0.001503727,-0.013461049,-0.021511372,-0.000262991,-0.026999788,0.001614607,-0.003984690,1,0.004748858,0,0,0.000000000,0.000000000,0.000000000,1
18.634000000,0.000000000,0.026000000,-0.000010524,0.000000000,-0.000614993,-0.000432238,0.200000003,0.000000000,0.000000000,0.000774121,0.000000000,-0.000000000,0.020000000,0.020000000,0.011929595,0.002438229,0.011929595,0.002438229,-0.010800841,0.001494614,-0.012528106,-0.022551141,0.022730437,0.000943615,0.024457701,0.024989370,1,0.324082927,0,0,0.000000000,0.000000000,0.000000000,1
18.736000000,0.000000000,0.026000000,-0.000010524,0.000000000,-0.000000051,-0.000677803,0.200000003,0.000000000,0.000000000,0.000774121,-0.000000000,-0.000000000,0.020000000,0.020000000,-0.018185367,-0.037513886,-0.018185367,-0.037513886,-0.010901769,0.002856252,0.007803999,0.001575803,-0.007283598,-0.040370138,-0.025989367,-0.039089689,1,0.549888582,0,0,-0.000000000,-0.000000000,-0.000000000,1
18.834000000,0.000000000,0.024000000,-0.000010524,0.000000000,-0.000751104,0.000792465,0.200000003,0.000000000,0.000000000,0.000774121,0.000000000,0.000000000,0.020000000,0.020000000,0.026858842,-0.042026145,0.026858842,-0.042026145,-0.011221613,0.002646940,-0.018044396,-0.034095808,0.038080456,-0.044673084,0.044903239,-0.007930336,1,0.551254298,0,0,0.000000000,0.000000000,0.000000000,1
18.934000000,0.000000000,0.022000000,-0.000010524,0.000000000,0.000571004,-0.000338352,0.200000003,0.000000000,0.000000000,0.000774121,-0.000000000,-0.000000000,0.020000000,0.020000000,0.013096848,-0.027151777,0.013096848,-0.027151777,-0.012637585,0.002366485,0.018371665,-0.040080665,0.025734434,-0.029518262,-0.005274816,0.012928887,1,0.049920427,0,0,0.000000000,0.000000000,0.000000000,1
19.036000000,0.000000000,0.024000000,-0.000010524,0.000000000,0.000578909,-0.000003438,0.200000003,0.000000000,0.000000000,0.000774121,-0.000000000,-0.000000000,0.020000000,0.020000000,0.012608601,0.005172979,0.012608601,0.005172979,-0.013508877,0.002858402,0.012917960,-0.028267081,0.026117478,0.002314577,-0.000309359,0.033440060,1,0.279437429,0,0,0.000000000,0.000000000,0.000000000,1
19.136000000,0.000000000,0.024000000,-0.000010524,0.000000000,-0.001546543,0.000691854,0.200000003,0.000000000,0.000000000,0.000774121,0.000000000,0.000000000,0.020000000,0.020000000,0.003677516,-0.036411524,0.003677516,-0.036411524,-0.014312923,0.004302907,0.010148562,0.003535514,0.017990439,-0.040714431,-0.006471046,-0.039947038,1,0.422201703,0,0,-0.000000000,-0.000000000,-0.000000000,1
19.236000000,0.000000000,0.026000000,-0.000010524,0.000000000,-0.001591020,0.000528161,0.200000003,0.000000000,0.000000000,0.000774121,0.000000000,0.000000000,0.020000000,0.020000000,-0.002959825,-0.002096372,-0.002959825,-0.002096372,-0.015787778,0.005213766,0.002434919,-0.032648926,0.012827953,-0.007310138,-0.005394744,0.030552555,1,0.247242996,0,0,0.000000000,0.000000000,0.000000000,1
19.336000000,0.000000000,0.026000000,-0.000010524,0.000000000,0.000633912,-0.001658056,0.200000003,0.000000000,0.000000000,0.000774121,-0.000000000,-0.000000000,0.020000000,0.020000000,0.021581075,-0.008159234,0.021581075,-0.008159234,-0.015785615,0.006645268,-0.002029536,-0.005706019,0.037366690,-0.014804502,0.023610611,-0.002453215,1,0.144731946,0,0,0.000000000,0.000000000,0.000000000,1
19.434000000,0.000000000,0.024000000,-0.000010524,0.000000000,0.000528797,0.000044318,0.200000003,0.000000000,0.000000000,0.000774121,-0.000000000,0.000000000,0.020000000,0.020000000,-0.021168081,-0.010527433,-0.021168081,-0.010527433,-0.014231375,0.005195253,0.018929679,-0.007539374,-0.006936706,-0.015722686,-0.040097760,-0.002988059,1,0.428215553,0,0,-0.000000000,-0.000000000,-0.000000000,1
19.534000000,0.000000000,0.024000000,-0.000011940,0.000000007,-0.000558473,-0.000239291,0.200000003,0.000000000,0.000000000,0.000774121,0.000000000,-0.000000000,0.020000000,0.020000000,0.019527284,0.032379873,0.019527284,0.032379873,-0.012970555,0.005479215,-0.018291980,-0.007793804,0.032497839,0.026900657,0.037819264,0.040173677,1,0.785190030,0,0,0.000000000,0.000000000,0.000000000,1
19.636000000,0.000000000,0.028000000,-0.000012657,-0.000000002,-0.000776393,-0.000226272,0.200000003,0.000000000,0.000000000,0.000774121,0.000000000,-0.000000000,0.020000000,0.020000000,0.015052135,0.043978413,0.015052135,0.043978413,-0.011639068,0.005504554,0.013561740,0.028910533,0.026691203,0.038473859,0.001490395,0.015067880,1,0.057325692,0,0,0.000000000,0.000000000,0.000000000,1
19.734000000,0.000000000,0.024000000,-0.000011719,-0.000000005,-0.001185155,-0.001722674,0.200000003,0.000000000,0.000000000,0.000774121,0.000000000,-0.000000000,0.020000000,0.020000000,-0.000331502,0.025635156,-0.000331502,0.025635156,-0.011431915,0.006088105,0.013939889,0.043416462,0.011100413,0.019547051,-0.014271391,-0.017781306,1,0.137775470,0,0,-0.000000000,-0.000000000,-0.000000000,1
19.836000000,0.000000000,0.028000000,-0.000011913,0.000000007,-0.000148195,-0.000204681,0.200000003,0.000000000,0.000000000,0.000774121,0.000000000,-0.000000000,0.020000000,0.020000000,-0.008290102,0.004606108,-0.008290102,0.004606108,-0.010937714,0.005744840,0.002404620,0.031078448,0.002647613,-0.001138731,-0.010694721,-0.026472340,1,0.203063305,0,0,-0.000000000,-0.000000000,-0.000000000,1
19.936000000,0.000000000,0.026000000,-0.000012650,-0.000000001,0.000387176,-0.001189386,0.200000003,0.000000000,0.000000000,0.000774121,-0.000000000,-0.000000000,0.020000000,0.020000000,0.033216312,0.012392775,0.033216312,0.012392775,-0.009833402,0.007308856,-0.009943251,0.011144332,0.043049713,0.005083919,0.043159563,0.001248442,1,0.481243753,0,0,0.000000000,0.000000000,0.000000000,1
20.036000000,0.000000000,0.026000000,-0.000011719,-0.000000010,-0.001777875,-0.000268133,0.200000003,0.000000000,0.000000000,0.000774121,0.000000000,-0.000000000,0.020000000,0.020000000,-0.013074979,0.021022033,-0.013074979,0.021022033,-0.010316903,0.008902773,0.027050612,0.014280490,-0.002758077,0.012119260,-0.040125592,0.006741543,1,0.424229436,0,0,0.000000000,0.000000000,0.000000000,1
20.136000000,0.000000000,0.026000000,-0.000011893,-0.000000010,0.001180264,-0.000983605,0.200000003,0.000000000,0.000000000,0.000774121,-0.000000000,-0.000000000,0.020000000,0.020000000,-0.031185136,0.025525755,-0.031185136,0.025525755,-0.010759123,0.009222551,-0.008574897,0.023473185,-0.020426013,0.016303204,-0.022610239,0.002052571,1,0.132817341,0,0,0.000000000,0.000000000,0.000000000,1
20.236000000,0.000000000,0.026000000,-0.000012659,-0.000000004,0.000512189,-0.000654373,0.200000003,0.000000000,0.000000000,0.000774121,-0.000000000,-0.000000000,0.020000000,0.020000000,-0.054167865,-0.013494133,-0.054167865,-0.013494133,-0.010168967,0.010518232,-0.029626955,0.029453982,-0.043998897,-0.024012365,-0.024540910,-0.042948115,1,0.631752094,0,0,-0.000000000,-0.000000000,-0.000000000,1
20.334000000,0.000000000,0.024000000,-0.000011718,0.000000007,-0.000759126,0.000121006,0.200000003,0.000000000,0.000000000,0.000774121,0.000000000,0.000000000,0.020000000,0.020000000,-0.023747828,-0.008621844,-0.023747828,-0.008621844,-0.008426123,0.011098310,-0.052888729,-0.006481955,-0.015321706,-0.019720154,0.029140901,-0.002139889,1,0.226386621,0,0,0.000000000,0.000000000,0.000000000,1
20.434000000,0.000000000,0.024000000,-0.000011861,-0.000000010,0.000776762,0.000702636,0.200000003,0.000000000,0.000000000,0.000774121,-0.000000000,0.000000000,0.020000000,0.020000000,0.009707469,0.012081764,0.009707469,0.012081764,-0.009335824,0.011450475,-0.028657958,-0.009169277,0.019043292,0.000631289,0.038365427,0.021251042,1,0.493477089,0,0,0.000000000,0.000000000,0.000000000,1
20.536000000,0.000000000,0.026000000,-0.000012614,0.000000001,0.000326941,-0.000388391,0.200000003,0.000000000,0.000000000,0.000774121,-0.000000000,-0.000000000,0.020000000,0.020000000,-0.002748619,-0.033976524,-0.002748619,-0.033976524,-0.007456837,0.010589962,0.005472054,0.011210421,0.004708218,-0.044566486,-0.008220673,-0.045186945,1,0.527292336,0,0,-0.000000000,-0.000000000,-0.000000000,1
20.634000000,0.000000000,0.024000000,-0.000012382,0.000000006,-0.000602780,0.000426212,0.200000003,0.000000000,0.000000000,0.000774121,0.000000000,0.000000000,0.020000000,0.020000000,-0.029738061,-0.013203578,-0.029738061,-0.013203578,-0.008177057,0.010640539,-0.004874648,-0.029384287,-0.021561004,-0.023844118,-0.024863413,0.016180709,1,0.234356125,0,0,0.000000000,0.000000000,0.000000000,1
20.736000000,0.000000000,0.024000000,-0.000011368,0.000000005,0.000726319,-0.000117216,0.200000003,0.000000000,0.000000000,0.000774121,-0.000000000,-0.000000000,0.020000000,0.020000000,-0.001065844,0.013755220,-0.001065844,0.013755220,-0.008760666,0.010563889,-0.025908229,-0.011331812,0.007694821,0.003191331,0.024842384,0.025087031,1,0.311071411,0,0,0.000000000,0.000000000,0.000000000,1
20.836000000,0.000000000,0.024000000,-0.000012396,-0.000000001,-0.000754858,0.000091543,0.200000003,0.000000000,0.000000000,0.000774121,0.000000000,0.000000000,0.020000000,0.020000000,-0.003353482,-0.001239315,-0.003353482,-0.001239315,-0.007863762,0.009526339,-0.003967241,0.011890911,0.004510280,-0.010765654,0.000613759,-0.013130226,1,0.044465244,0,0,0.000000000,0.000000000,0.000000000,1
20.936000000,0.000000000,0.026000000,-0.000011376,0.000000014,-0.000012287,-0.000981198,0.200000003,0.000000000,0.000000000,0.000774121,0.000000000,-0.000000000,0.020000000,0.020000000,-0.018714687,-0.021247688,-0.018714687,-0.021247688,-0.007118653,0.009505979,-0.002637396,0.002167900,-0.011596034,-0.030753667,-0.016077291,-0.023415588,1,0.207842414,0,0,-0.000000000,-0.000000000,-0.000000000,1
21.036000000,0.000000000,0.026000000,-0.000011676,-0.000000004,0.000168645,0.000779333,0.200000003,0.000000000,0.000000000,0.000774121,-0.000000000,0.000000000,0.020000000,0.020000000,-0.003930237,0.007452456,-0.003930237,0.007452456,-0.005754660,0.009903147,-0.018758258,-0.016183278,0.001824423,-0.002450690,0.014828021,0.023635734,1,0.200596053,0,0,0.000000000,0.000000000,0.000000000,1
21.136000000,0.000000000,0.024000000,-0.000012039,0.000000010,0.001463164,-0.000690607,0.200000003,0.000000000,0.000000000,0.000774121,-0.000000000,-0.000000000,0.020000000,0.020000000,0.002590008,-0.029509909,0.002590008,-0.029509909,-0.007950605,0.010317322,-0.008108062,0.006660445,0.010540612,-0.039827232,0.010698069,-0.036170354,1,0.367012941,0,0,0.000000000,0.000000000,0.000000000,1
21.236000000,0.000000000,0.026000000,-0.000011185,0.000000025,0.000021076,0.001395597,0.200000003,0.000000000,0.000000000,0.000774121,-0.000000000,0.000000000,0.020000000,0.020000000,-0.000605748,-0.029392989,-0.000605748,-0.029392989,-0.008384558,0.011141883,0.003531195,-0.026022730,0.007778810,-0.040534872,-0.004136943,-0.003370259,1,0.007356527,0,0,-0.000000000,-0.000000000,-0.000000000,1
21.336000000,0.000000000,0.026000000,-0.000010498,0.000000012,-0.000949427,0.000028508,0.200000003,0.000000000,0.000000000,0.000774121,0.000000000,0.000000000,0.020000000,0.020000000,0.019958102,0.020456096,0.019958102,0.020456096,-0.008720175,0.011174304,-0.002083827,-0.029051382,0.028678277,0.009281792,0.022041929,0.049507478,1,0.756701271,0,0,0.000000000,0.000000000,0.000000000,1
21.436000000,0.000000000,0.024000000,-0.000010325,0.000000023,-0.001118446,0.000816970,0.200000003,0.000000000,0.000000000,0.000774121,0.000000000,0.000000000,0.020000000,0.020000000,-0.020014010,0.006391388,-0.020014010,0.006391388,-0.008849465,0.011696415,0.017446819,0.017080774,-0.011164545,-0.005305027,-0.037460828,-0.010689386,1,0.391733103,0,0,-0.000000000,-0.000000000,-0.000000000,1
21.536000000,0.000000000,0.024000000,-0.000010137,0.000000017,-0.000549911,0.000359041,0.200000003,0.000000000,0.000000000,0.000774121,0.000000000,0.000000000,0.020000000,0.020000000,0.011367772,-0.027410324,0.011367772,-0.027410324,-0.009895281,0.010848007,-0.016467349,0.008372891,0.021263053,-0.038258331,0.027835120,-0.035783214,1,0.529348841,0,0,0.000000000,0.000000000,0.000000000,1
21.636000000,0.000000000,0.024000000,-0.000010127,-0.000000396,0.001153622,-0.000253660,0.200000003,0.000000000,0.000000000,0.000774121,-0.000000000,-0.000000000,0.020000000,0.020000000,0.012549247,-0.000350431,0.012549247,-0.000350431,-0.009642617,0.012202926,0.007099101,-0.019031269,0.022191864,-0.012553357,0.005450146,0.018680838,1,0.097305201,0,0,0.000000000,0.000000000,0.000000000,1
21.736000000,0.000000000,0.024000000,-0.000010046,0.000000036,-0.000588585,0.001582001,0.200000003,0.000000000,0.000000000,0.000774121,0.000000000,0.000000000,0.020000000,0.020000000,-0.013780488,0.020386870,-0.013780488,0.020386870,-0.009949828,0.012469050,0.010828563,-0.001955852,-0.003830659,0.007917820,-0.024609050,0.022342722,1,0.284179594,0,0,0.000000000,0.000000000,0.000000000,1
21.836000000,0.000000000,0.024000000,-0.000009148,0.000000038,0.000563003,0.000114611,0.200000003,0.000000000,0.000000000,0.000774121,-0.000000000,0.000000000,0.020000000,0.020000000,0.006007009,0.005778472,0.006007009,0.005778472,-0.009471734,0.013429998,-0.012279961,0.023059342,0.015478744,-0.007651525,0.018286970,-0.017280869,1,0.162754985,0,0,0.000000000,0.000000000,0.000000000,1
21.934000000,0.000000000,0.024000000,-0.000009114,0.000000051,0.000337910,-0.000690369,0.200000003,0.000000000,0.000000000,0.000774121,-0.000000000,-0.000000000,0.020000000,0.020000000,-0.021200038,-0.015555015,-0.021200038,-0.015555015,-0.010932720,0.013086371,0.002093521,0.007748224,-0.010267318,-0.028641386,-0.023293558,-0.023303239,1,0.287832320,0,0,-0.000000000,-0.000000000,-0.000000000,1
22.036000000,0.000000000,0.026000000,-0.000008444,0.000000042,0.001801661,-0.000036466,0.200000003,0.000000000,0.000000000,0.000774121,-0.000000000,-0.000000000,0.020000000,0.020000000,-0.010553787,-0.022227349,-0.010553787,-0.022227349,-0.010214763,0.012885868,-0.017215888,-0.011390836,-0.000339025,-0.035113217,0.006662101,-0.010836513,1,0.040436346,0,0,0.000000000,0.000000000,0.000000000,1
22.136000000,0.000000000,0.024000000,-0.000007775,0.000000072,-0.000142718,0.000682259,0.200000003,0.000000000,0.000000000,0.000774121,0.000000000,0.000000000,0.020000000,0.020000000,-0.015232667,0.004469317,-0.015232667,0.004469317,-0.009377092,0.012284874,-0.011273175,-0.020888418,-0.005855575,-0.007815558,-0.003959492,0.025357735,1,0.169765943,0,0,0.000000000,0.000000000,0.000000000,1
22.236000000,0.000000000,0.024000000,-0.000007414,0.000000069,-0.001043108,-0.000978644,0.200000003,0.000000000,0.000000000,0.000774121,0.000000000,-0.000000000,0.020000000,0.020000000,-0.020620353,0.011650420,-0.020620353,0.011650420,-0.008785447,0.012077068,-0.014566070,0.003922643,-0.011834906,-0.000426648,-0.006054283,0.007727778,1,0.024916917,0,0,0.000000000,0.000000000,0.000000000,1
22.332000000,0.000000000,0.022000000,-0.000007159,-0.000000217,0.000462666,-0.000767451,0.200000003,0.000000000,0.000000000,0.000774121,-0.000000000,-0.000000000,0.020000000,0.020000000,0.022397081,0.018035874,0.022397081,0.018035874,-0.009317715,0.012725167,-0.020963445,0.013503476,0.031714797,0.005310708,0.043360527,0.004532398,1,0.518842487,0,0,0.000000000,0.000000000,0.000000000,1
22.436000000,0.000000000,0.026000000,-0.000006828,0.000000082,-0.000696508,-0.001531809,0.200000003,0.000000000,0.000000000,0.000774121,0.000000000,-0.000000000,0.020000000,0.020000000,-0.012128893,0.003987044,-0.012128893,0.003987044,-0.008905536,0.012385658,0.018307546,0.018307796,-0.003223357,-0.008398614,-0.030436439,-0.014320752,1,0.274499495,0,0,-0.000000000,-0.000000000,-0.000000000,1
22.534000000,0.000000000,0.024000000,-0.000006582,-0.000000184,-0.000248934,-0.000291521,0.200000003,0.000000000,0.000000000,0.000774121,0.000000000,-0.000000000,0.020000000,0.020000000,0.035853294,0.007022721,0.035853294,0.007022721,-0.009003439,0.012198266,-0.012402256,0.004389090,0.044856732,-0.005175545,0.048255549,0.002633631,1,0.618960359,0,0,0.000000000,0.000000000,0.000000000,1
22.634000000,0.000000000,0.022000000,-0.000006208,0.000000089,0.000232441,-0.000433777,0.200000003,0.000000000,0.000000000,0.000774121,-0.000000000,-0.000000000,0.020000000,0.020000000,-0.023545596,-0.030488776,-0.023545596,-0.030488776,-0.008459933,0.010151998,0.031470856,0.005392242,-0.015085663,-0.040640774,-0.055016452,-0.035881018,1,1.109540570,0,0,-0.000000000,-0.000000000,-0.000000000,1
22.732000000,0.000000000,0.018000000,-0.000005859,0.000000081,0.000979642,-0.000678294,0.200000003,0.000000000,0.000000000,0.000774121,-0.000000000,-0.000000000,0.020000000,0.020000000,0.015195123,-0.001364228,0.015195123,-0.001364228,-0.009599483,0.008772795,-0.018165618,-0.026148856,0.024794607,-0.010137023,0.033360741,0.024784628,1,0.456632655,0,0,0.000000000,0.000000000,0.000000000,1
22.832000000,0.000000000,0.020000000,-0.000005457,-0.000000143,-0.000129875,0.000099891,0.200000003,0.000000000,0.000000000,0.000774121,0.000000000,0.000000000,0.020000000,0.020000000,0.015475032,0.002941815,0.015475032,0.002941815,-0.010183511,0.008802583,0.010112151,-0.003482201,0.025658543,-0.005860768,0.005362881,0.006424016,1,0.017968234,0,0,0.000000000,0.000000000,0.000000000,1
22.932000000,0.000000000,0.028000000,-0.000005089,-0.000000123,0.000076906,-0.000511322,0.200000003,0.000000000,0.000000000,0.000774121,-0.000000000,-0.000000000,0.020000000,0.020000000,-0.036986070,-0.017110074,-0.036986070,-0.017110074,-0.009538645,0.007441019,0.014282113,-0.002191901,-0.027447425,-0.024551093,-0.051268183,-0.014918173,1,0.733285833,0,0,-0.000000000,-0.000000000,-0.000000000,1
23.036000000,0.000000000,0.030000000,-0.000004720,-0.000000083,-0.000507952,-0.000746319,0.200000003,0.000000000,0.000000000,0.000774121,0.000000000,-0.000000000,0.020000000,0.020000000,-0.019210164,-0.013056833,-0.019210164,-0.013056833,-0.009032207,0.007327704,-0.031002337,-0.014906605,-0.010177957,-0.020384537,0.011792173,0.001849772,1,0.034668762,0,0,0.000000000,0.000000000,0.000000000,1
23.134000000,0.000000000,0.024000000,-0.000004282,-0.000000073,0.000151480,0.000140771,0.200000003,0.000000000,0.000000000,0.000774121,-0.000000000,0.000000000,0.020000000,0.020000000,0.014388456,0.008347459,0.014388456,0.008347459,-0.009293541,0.007107518,-0.022067343,-0.012395879,0.023681997,0.001239942,0.036455800,0.020743339,1,0.468810864,0,0,0.000000000,0.000000000,0.000000000,1
23.236000000,0.000000000,0.030000000,-0.000004056,0.000000085,0.000225428,0.000607126,0.200000003,0.000000000,0.000000000,0.000774121,-0.000000000,0.000000000,0.020000000,0.020000000,-0.027049960,-0.002221280,-0.027049960,-0.002221280,-0.009101474,0.006328129,0.011329635,0.008847686,-0.017948486,-0.008549409,-0.038379595,-0.011068966,1,0.398894386,0,0,-0.000000000,-0.000000000,-0.000000000,1
23.336000000,0.000000000,0.026000000,-0.000003577,0.000000008,-0.000810063,-0.001042548,0.200000003,0.000000000,0.000000000,0.000774121,0.000000000,-0.000000000,0.020000000,0.020000000,0.005855406,0.012288671,0.005855406,0.012288671,-0.008313357,0.005702424,-0.022335337,-0.000470987,0.014168763,0.006586246,0.028190743,0.012759658,1,0.247999520,0,0,0.000000000,0.000000000,0.000000000,1
23.434000000,0.000000000,0.022000000,-0.000002587,0.000000008,0.000353367,0.000599769,0.200000003,0.000000000,0.000000000,0.000774121,-0.000000000,0.000000000,0.020000000,0.020000000,-0.032366487,-0.020017046,-0.032366487,-0.020017046,-0.009662766,0.005662833,0.001151961,0.012642434,-0.022703721,-0.025679880,-0.033518449,-0.032659481,1,0.577725718,0,0,-0.000000000,-0.000000000,-0.000000000,1
23.536000000,0.000000000,0.024000000,-0.004517967,0.001273419,0.022393465,0.034811858,0.200000003,0.000000000,0.000000000,0.000774121,-0.000000000,0.000000000,0.020000000,0.020000000,0.009713348,0.021183414,0.009713348,0.021183414,-0.008566312,0.005039253,-0.028513576,-0.016367946,0.018279661,0.016144162,0.038226925,0.037551360,1,0.699791906,0,0,0.000000000,0.000000000,0.000000000,1
23.634000000,0.000000000,0.024000000,-0.050674394,0.039922593,0.059031218,0.075482666,0.200000003,0.000000000,0.000000000,0.000774121,-0.000000000,0.000000000,0.020000000,0.020000000,-0.011081097,0.013511190,-0.011081097,0.013511190,-0.004992391,0.002591790,0.010414825,0.016965090,-0.006088705,0.010919399,-0.021495921,-0.003453900,1,0.117734897,0,0,-0.000000000,-0.000000000,-0.000000000,1
23.734000000,0.000000000,0.022000000,0.005370363,-0.001589454,0.013736115,0.020490097,0.200000003,0.000000000,0.000000000,0.000774121,-0.000000000,0.000000000,0.020000000,0.020000000,-0.005925852,-0.016124486,-0.005925852,-0.016124486,0.003027074,-0.003345667,-0.000383943,0.007167083,-0.008952926,-0.012778818,-0.005541909,-0.023291569,1,0.133241979,0,0,-0.000000000,-0.000000000,-0.000000000,1
23.834000000,0.000000000,0.022000000,0.127322229,-0.093322059,-0.023818528,-0.031469788,0.200000003,0.000000000,0.000000000,0.000774121,0.000000000,-0.000000000,0.020000000,0.020000000,-0.015412169,-0.004693847,-0.015412169,-0.004693847,0.014944880,-0.011860929,0.007481454,-0.022251346,-0.030357049,0.007167083,-0.022893623,0.017557499,1,0.192055041,0,0,0.000000000,0.000000000,0.000000000,1
23.934000000,0.000000000,0.024000000,0.215802073,-0.154885929,-0.033102617,-0.047727253,0.200000003,0.000000000,0.000000000,0.000774121,0.000000000,-0.000000000,0.020000000,0.020000000,0.005364397,-0.014467857,0.005364397,-0.014467857,0.024552647,-0.018298437,-0.007178890,-0.012172960,-0.019188250,0.003830580,0.012543287,-0.002294896,1,0.056935984,1,0,0.000471240,0.002575225,-0.000006267,1
24.034000000,0.000000000,0.024000000,0.243800065,-0.172932811,-0.020786028,-0.036447123,0.200000003,0.000000000,0.000000000,0.000774121,0.000000000,-0.000000000,0.020000000,0.020000000,-0.015609908,-0.003306683,-0.015609908,-0.003306683,0.030488260,-0.021735854,0.011923688,-0.016463960,-0.046098168,0.018429172,-0.027533596,0.013157277,1,0.355614974,1,0,-0.001128709,-0.002362182,-0.000002074,1
24.134000000,0.000000000,0.024000000,0.238935284,-0.170193451,-0.012741845,-0.019946666,0.200000003,0.000000000,0.000000000,0.000774121,0.000000000,-0.000000000,0.020000000,0.020000000,-0.009745574,-0.017019022,-0.009745574,-0.017019022,0.032717571,-0.022540608,-0.020237411,-0.002729882,-0.042463145,0.005521586,0.010491837,-0.014289140,1,0.141886080,1,0,0.002110298,0.001549364,0.000001707,1
24.234000000,0.000000000,0.022000000,0.218344619,-0.167247212,-0.011294657,-0.005289999,0.200000003,0.000000000,0.000000000,0.000774121,0.000000000,-0.000000000,0.020000000,0.020000000,-0.035980344,0.001182814,-0.035980344,0.001182814,0.031155204,-0.023624596,-0.010190956,-0.015460425,-0.067135549,0.024807409,-0.025789388,0.016643239,1,0.471932622,1,0,-0.001419586,-0.002199697,-0.000001041,1
24.334000000,0.000000000,0.024000000,0.205556164,-0.159088755,-0.007743863,-0.006869728,0.200000003,0.000000000,0.000000000,0.000774121,0.000000000,-0.000000000,0.020000000,0.020000000,-0.027341960,0.004972985,-0.027341960,0.004972985,0.030131045,-0.021831399,-0.037426108,0.004842698,-0.057473006,0.026804384,0.010084148,0.000130287,1,0.057039680,1,0,-0.000033664,0.002617770,0.000006195,1
24.434000000,0.000000000,0.022000000,0.195621370,-0.148765761,-0.004098732,-0.009245605,0.231215358,-0.009641896,0.221573461,0.222347583,0.044252674,-0.035011125,0.020483725,0.020304132,0.002824179,0.014284682,0.047076853,-0.020726443,0.029342910,-0.020997905,-0.027557080,0.007091781,0.017733943,0.000271462,0.074633933,-0.027818224,1,3.895489543,1,0,0.000918007,0.002451756,0.000006762,1
24.536000000,0.000000000,0.026000000,0.154947128,-0.116725031,-0.011915150,-0.012527985,0.267836273,0.020725725,0.288561998,0.289336119,0.048150112,-0.037297509,0.020571445,0.020344804,0.005964993,0.003194290,0.054115105,-0.034103219,0.027704024,-0.020601374,0.042728924,-0.018329678,0.026411081,-0.013501845,0.011386181,-0.015773541,1,0.267841163,1,0,0.002128303,0.001524527,0.000006157,1
24.636000000,0.000000000,0.024000000,0.124054621,-0.098235404,-0.011494284,-0.014442012,0.326908112,-0.090248898,0.236659213,0.237433335,0.032078897,-0.026666149,0.020255630,0.020176988,-0.016158752,-0.010670292,0.015920145,-0.037336441,0.026615233,-0.019521023,0.052923337,-0.030403479,-0.010695088,-0.017815417,-0.037003192,-0.006932962,1,1.053687803,1,0,0.000484448,-0.002572776,-0.000004879,1
24.736000000,0.000000000,0.024000000,0.084083903,-0.065698172,-0.005877078,-0.006821143,0.405523330,-0.084475121,0.321048209,0.321822330,0.028881812,-0.023282196,0.020207464,0.020135059,-0.019652300,0.020480763,0.009229512,-0.002801433,0.023235691,-0.016634728,0.020048243,-0.031307022,-0.014006179,0.013833295,-0.010818731,0.028505589,1,0.761992417,1,0,-0.002448725,-0.000926079,0.000004092,1
24.836000000,0.000000000,0.024000000,0.052313661,-0.037708485,-0.002726117,-0.003551582,0.476881415,0.007801582,0.484682997,0.485457118,0.026676845,-0.019998053,0.020177129,0.020099732,-0.017333777,0.004724616,0.009343067,-0.015273437,0.018703955,-0.012979455,0.008732934,-0.004272090,-0.009360888,-0.002293982,0.000610133,-0.011001347,1,0.105805723,1,0,0.002613962,0.000144917,-0.000009775,1
24.936000000,0.000000000,0.024000000,0.030103650,-0.022701400,0.000346051,0.003337038,0.519330442,0.028835795,0.548166237,0.548940358,0.016312111,-0.010614889,0.020066411,0.020028149,-0.007066828,0.004820603,0.009245283,-0.005794286,0.012267298,-0.009382259,0.003370580,-0.008337071,-0.003022015,0.003587973,0.005874703,0.002542785,1,0.038373475,1,0,-0.000681669,0.001573692,0.000006572,1
25.036000000,0.000000000,0.024000000,0.007680732,-0.009164243,0.005659821,0.006476574,0.579990029,0.011679634,0.591669663,0.592443784,0.001195712,-0.001590212,0.020000357,0.020000632,-0.001918840,0.001051145,-0.000723128,-0.000539068,0.005268587,-0.002864287,0.004440230,-0.000696037,-0.005991716,0.002325220,-0.005163358,0.000156970,1,0.028144662,1,0,-0.000032365,-0.001066059,-0.000003088,1
25.136000000,0.000000000,0.024000000,-0.003961185,0.005089757,0.007614174,0.008693007,0.630020559,-0.029044665,0.600975894,0.601750015,-0.006956511,0.008283109,0.020012095,0.020017145,-0.015716159,-0.024166572,-0.022672670,-0.015883464,-0.002341053,0.002518702,-0.000765742,0.002268160,-0.020331617,-0.018402166,-0.021906928,-0.018151624,1,0.961616132,1,0,0.001670062,-0.002016116,-0.000007835,1
25.234000000,0.000000000,0.024000000,-0.012117510,0.009912911,0.004823983,0.005254955,0.686632156,0.059125059,0.745757216,0.746531337,-0.012634240,0.011311546,0.020039866,0.020031962,-0.014857963,0.008132034,-0.027492203,0.019443580,-0.007221948,0.008020130,-0.016113622,-0.005735950,-0.020270255,0.011423450,-0.011378580,0.025179530,1,1.004658409,1,0,-0.002385376,-0.001078803,0.000007592,1
25.334000000,0.000000000,0.024000000,-0.011161920,0.010929115,0.002831776,0.001240074,0.849510312,-0.017186508,0.832323804,0.833097925,-0.011647286,0.010128706,0.020033886,0.020025631,0.008297422,0.013828598,-0.003349865,0.023957304,-0.011211883,0.011537589,-0.026636249,0.009754918,0.007862019,0.012419715,0.023286384,0.014202387,1,1.052790456,1,0,-0.001363684,0.002234760,0.000010194,1
25.434000000,0.000000000,0.026000000,-0.016022054,0.012897254,0.002195590,0.004180765,0.915105641,-0.016817800,0.898287841,0.899061963,-0.016364688,0.015340977,0.020066839,0.020058750,-0.016901363,-0.008487348,-0.033266051,0.006853629,-0.016242030,0.014716533,-0.019664922,0.020323727,-0.017024021,-0.007862904,-0.013601129,-0.013470098,1,0.548266446,1,0,0.001099714,-0.001110059,-0.000005294,1
25.536000000,0.000000000,0.030000000,-0.022552513,0.013919229,0.001638495,0.007091474,1.010117054,0.013849983,1.023967037,1.024741158,-0.024770795,0.021514267,0.020152814,0.020115383,0.030510517,-0.031973424,0.005739721,-0.010459156,-0.020970352,0.016458764,-0.028812259,0.014723218,0.026710073,-0.026917920,0.034551981,-0.025182374,1,2.844019386,1,0,0.001538888,0.002117951,0.000000964,1
25.634000000,0.000000000,0.022000000,-0.024020388,0.014857760,0.000750594,0.005666974,1.032249570,0.016816355,1.049065925,1.049840046,-0.025986393,0.021531799,0.020168117,0.020115571,0.014614789,0.017665426,-0.011371604,0.039197225,-0.023857689,0.018218700,-0.016403074,0.005352487,0.012486085,0.020978524,0.005031470,0.033844737,1,1.904848795,1,0,-0.001911291,0.000283112,-0.000001731,1
25.734000000,0.000000000,0.024000000,-0.014292798,0.017150015,0.003068006,-0.004169695,1.151107311,-0.029036571,1.122070740,1.122844862,-0.019480050,0.014564838,0.020094644,0.020052963,-0.001293651,-0.019041264,-0.020773701,-0.004476427,-0.024466890,0.019507430,-0.012884064,0.019605398,0.003693189,-0.023983857,-0.007889637,-0.024081825,1,1.083598619,1,0,0.001178374,-0.000386946,0.000000740,1
25.836000000,0.000000000,0.024000000,-0.012902076,0.017364078,0.002496637,-0.001287297,1.135500908,0.083660423,1.219161331,1.219935452,-0.018773515,0.019600191,0.020087918,0.020095812,0.006975740,-0.013544247,-0.011797775,0.006055943,-0.024894970,0.020225596,-0.013156231,0.011306315,0.013097195,-0.014169652,0.001358456,-0.005250371,1,0.050868045,1,0,0.000223830,0.000057881,0.000000125,1
25.936000000,0.000000000,0.026000000,-0.015972114,0.015975587,-0.001688974,0.002077479,1.206245065,-0.053712032,1.152533032,1.153307154,-0.016461791,0.020806755,0.020067633,0.020107939,-0.003886098,0.023550213,-0.020347889,0.044356968,-0.026799119,0.019160195,-0.014243839,0.009248822,0.006451230,0.025196773,-0.006104051,0.035108146,1,2.250784484,1,0,-0.001306647,-0.000228031,-0.000000776,1
26.036000000,0.000000000,0.026000000,-0.021592020,0.014156218,0.000765991,0.005770625,1.310153723,0.008267252,1.318420975,1.319195096,-0.029477271,0.026271968,0.020216060,0.020171816,0.019815224,0.025517941,-0.009662047,0.051789910,-0.029436472,0.019909292,-0.017837134,0.021950880,0.019774425,0.031880618,0.008175087,0.029839030,1,1.722971548,1,0,-0.001058719,0.000289476,-0.000000523,1
26.134000000,0.000000000,0.024000000,-0.023704179,0.016581058,0.002497922,0.004213172,1.385000467,0.031712274,1.416712741,1.417486863,-0.037120851,0.029459450,0.020341573,0.020215801,-0.020351293,-0.033198715,-0.057472144,-0.003739264,-0.029674851,0.019415257,-0.015314261,0.032498280,-0.027797293,-0.023154521,-0.042157883,-0.036237544,1,5.621171114,1,0,0.001159648,-0.001336157,-0.000000959,1
26.234000000,0.000000000,0.024000000,-0.017015473,0.011807489,-0.004381113,-0.001135584,1.435378551,0.010368593,1.445747145,1.446521266,-0.018266089,0.015428876,0.020083239,0.020059424,-0.019708885,-0.021878797,-0.037974974,-0.006449921,-0.029848218,0.017811767,-0.025123072,0.022769750,-0.008126757,-0.024261688,-0.012851902,-0.029219672,1,1.912557482,1,0,0.000854673,-0.000375542,-0.000000238,1
26.334000000,0.000000000,0.024000000,-0.016651357,0.010664927,0.000526894,0.001169907,1.480656266,-0.011189061,1.469467205,1.470241326,-0.025242876,0.017390902,0.020158671,0.020075468,-0.017741196,-0.002373017,-0.042984072,0.015017885,-0.030992211,0.019164995,-0.029871744,0.017297926,-0.011991861,-0.004147110,-0.013112328,-0.002280041,1,0.334400357,1,0,0.000064389,-0.000358978,-0.000000236,1
26.434000000,0.000000000,0.026000000,-0.021502237,0.019475981,0.006485905,0.004081815,1.567104936,-0.048721473,1.518383463,1.519157584,-0.042496731,0.035769767,0.020446509,0.020317351,-0.014732207,0.005508099,-0.057228938,0.041277866,-0.031942964,0.019892362,-0.032493215,0.018288018,-0.025285973,0.021385504,-0.024735723,0.022989848,1,2.139039734,1,0,-0.000608444,-0.000653960,-0.000000004,1
26.534000000,0.000000000,0.026000000,-0.019355946,0.016066746,0.007084203,0.003806469,1.649870872,-0.035085544,1.614785329,1.615559450,-0.042695165,0.032090977,0.020450642,0.020255822,0.010331686,-0.002219012,-0.032363479,0.029871965,-0.032940451,0.021119284,-0.037722209,0.025236197,0.000576972,0.008752681,0.005358730,0.004635767,1,0.094998527,1,0,-0.000125201,0.000140809,0.000000076,1
26.636000000,0.000000000,0.024000000,-0.018724845,0.019609339,0.009729292,0.003333885,1.719184756,-0.014996690,1.704188067,1.704962188,-0.048491201,0.039099569,0.020579455,0.020378610,-0.031928823,0.018727622,-0.080420024,0.057827191,-0.033246202,0.023265480,-0.037558534,0.027957672,-0.047173822,0.034561711,-0.042861490,0.029869519,1,5.135574368,1,0,-0.000750179,-0.001105948,0.000000209,1
26.736000000,0.000000000,0.024000000,-0.019510785,0.019378597,0.005714465,0.004524551,1.750498652,0.090796223,1.841294875,1.842068997,-0.046447123,0.044012745,0.020532252,0.020478555,-0.022874886,0.004367526,-0.069322009,0.048380272,-0.033355872,0.023553024,-0.048376882,0.033221792,-0.035966138,0.024827248,-0.020945128,0.015158480,1,1.264327211,1,0,-0.000352849,-0.000528183,0.000000338,1
26.834000000,0.000000000,0.024000000,-0.015802087,0.014074363,0.000520798,0.001815573,1.851169586,0.054227628,1.905397215,1.906171336,-0.031101580,0.030276640,0.020240382,0.020227871,0.018567906,0.001155667,-0.012533674,0.031432307,-0.032685324,0.021846598,-0.053252867,0.035825890,0.020151650,0.009585709,0.040719193,-0.004393583,1,3.255708452,1,0,0.000043445,0.000938734,-0.000000236,1
26.934000000,0.000000000,0.026000000,-0.016137212,0.006118933,-0.006863367,0.003226017,1.906335115,-0.005383537,1.900951578,1.901725699,-0.017629130,0.017764298,0.020077546,0.020078738,-0.012565954,0.011114253,-0.030195084,0.028878550,-0.031837708,0.017954198,-0.043830657,0.033885745,0.001642624,0.010924352,0.013635574,-0.005007195,1,0.416827184,1,0,0.000084281,0.000302773,0.000000046,1
27.036000000,0.000000000,0.026000000,-0.016574730,0.002506435,-0.004091083,0.005480262,1.940066814,0.072581653,2.012648467,2.013422588,-0.025125194,0.016074413,0.020157201,0.020064493,0.008896590,-0.009325510,-0.016228604,0.006748903,-0.031449716,0.016243109,-0.040866189,0.031557236,0.015221112,-0.009494206,0.024637585,-0.024808332,1,2.416865492,1,0,0.000497385,0.000582005,0.000000909,1
27.136000000,0.000000000,0.026000000,-0.015605389,0.005321539,-0.001810941,0.003935867,2.055064440,-0.047565624,2.007498815,2.008272937,-0.027692338,0.018584232,0.020190806,0.020086158,0.050995735,0.007512777,0.023303397,0.026097008,-0.029177958,0.014041388,-0.033422500,0.025065054,0.052481356,0.012055620,0.056725897,0.001031954,1,6.334287164,1,0,-0.000126527,0.001196324,0.000000112,1
27.236000000,0.000000000,0.024000000,-0.010692639,0.004695858,0.001006896,0.000509710,2.063323021,0.011749875,2.075072896,2.075847017,-0.024277388,0.010801933,0.020146809,0.020029149,-0.008386258,-0.004807040,-0.032663646,0.005994893,-0.026362209,0.012966718,-0.017549824,0.025569793,-0.006301436,-0.006971825,-0.015113822,-0.019574900,1,1.216625326,1,0,0.000460603,-0.000303447,0.000001456,1
27.334000000,0.000000000,0.024000000,-0.006431349,0.009831419,0.007004781,-0.005636540,2.112465620,0.021436254,2.133901874,2.134675995,-0.028671384,0.008951461,0.020204467,0.020020022,0.025490063,0.006555501,-0.003181321,0.015506962,-0.022132221,0.013250729,-0.015262086,0.021983091,0.018950900,0.002256233,0.012080764,-0.006476129,1,0.372163479,1,0,0.000131149,0.000282093,0.000000350,1
27.436000000,0.000000000,0.026000000,-0.000069487,0.013284836,0.006227808,-0.005183465,2.198711634,0.029815960,2.228527594,2.229301715,-0.014033695,0.018054130,0.020049176,0.020081323,0.000379131,-0.013197789,-0.013654564,0.004856341,-0.018436390,0.015181373,-0.008301077,0.022074230,0.004781826,-0.010325032,-0.005353486,-0.017217889,1,0.647782649,1,0,0.000405300,-0.000107752,0.000001202,1
27.534000000,0.000000000,0.024000000,0.001015506,0.012951239,0.002225823,-0.004242894,2.225157261,0.005950006,2.231107267,2.231881388,-0.002700348,0.019429253,0.020001823,0.020094152,-0.004467731,-0.006366207,-0.007168080,0.013063046,-0.015500144,0.014503049,-0.006366555,0.017063174,0.008332064,-0.001440004,-0.000801525,-0.004000128,1,0.033186874,1,0,0.000091637,-0.000015766,0.000000209,1
27.634000000,0.000000000,0.024000000,-0.003182040,0.005807735,-0.003503107,-0.002548596,2.297833204,-0.044980574,2.252852630,2.253626752,0.000723316,0.007342360,0.020000131,0.020013473,0.010333820,-0.000932400,0.011057136,0.006409960,-0.012289201,0.010769599,-0.005414026,0.011766926,0.023346337,-0.004359639,0.016471161,-0.005356966,1,0.602896528,1,0,0.000124421,0.000395673,-0.000000582,1
27.734000000,0.000000000,0.026000000,0.000667880,-0.000655000,-0.006297619,-0.006749383,2.348275661,-0.026346699,2.321928962,2.322703083,0.016173395,-0.017192451,0.020065288,0.020073759,-0.029236835,0.002333595,-0.013063441,-0.014858856,-0.007325703,0.008075343,-0.000496798,0.006236818,-0.005737737,-0.022934199,-0.012566643,-0.021095674,1,1.204407139,1,0,0.000522018,-0.000314145,0.000001369,1
27.834000000,0.000000000,0.026000000,0.006313256,-0.001972869,-0.004233731,-0.010468926,2.437566519,-0.029389213,2.408177306,2.408951427,0.025399013,-0.029962050,0.020160632,0.020223186,0.000659305,0.021795004,0.026058319,-0.008167045,-0.003849559,0.004638569,-0.001413986,-0.000544580,0.029907878,-0.012805615,0.027472305,-0.007622465,1,1.612204527,1,0,0.000204700,0.000687151,-0.000001096,1
27.934000000,0.000000000,0.024000000,-0.000598434,0.000543208,-0.002330110,-0.000372178,2.478514194,-0.054859061,2.423655134,2.424429255,0.004196984,0.000414519,0.020004403,0.020000043,0.013307023,0.003359582,0.017504007,0.003774100,-0.003355846,0.002329389,0.005519154,-0.004735951,0.020859853,0.001444711,0.011984854,0.008510051,1,0.434056770,1,0,-0.000202618,0.000302022,-0.000000613,1
28.034000000,0.000000000,0.028000000,-0.007130169,0.001346884,0.000208878,0.002160661,2.515601873,0.068066491,2.583668364,2.584442485,-0.018961663,0.009062335,0.020089685,0.020020521,0.019065948,0.032154580,0.000104285,0.041216914,-0.002908076,0.001603496,0.009547559,-0.004665551,0.003012360,0.039613419,-0.009443274,0.045882465,1,4.405728192,1,0,-0.001142797,-0.000198002,-0.000001041,1
28.136000000,0.000000000,0.026000000,-0.008161729,0.004244011,0.000287903,0.002557099,2.557197571,0.009357552,2.566555123,2.567329244,-0.021686446,0.017455423,0.020117232,0.020076028,-0.023503813,-0.008892639,-0.045190259,0.008562784,-0.003589274,0.000612580,0.007301000,0.002854467,-0.041600985,0.007950204,-0.052491259,0.005708316,1,5.556032518,1,0,-0.000174139,-0.001148391,-0.000000084,1
28.234000000,0.000000000,0.026000000,-0.006660562,0.001911418,-0.001709776,0.001229464,2.624825001,0.047518102,2.672343102,2.673117224,-0.013230199,0.008393515,0.020043712,0.020017605,0.027348104,0.004635640,0.014117905,0.013029155,-0.003629954,0.000028197,-0.002417003,-0.000261786,0.017747859,0.013000958,0.016534908,0.013290941,1,0.904589280,1,0,-0.000266818,0.000360785,-0.000000031,1
28.332000000,0.000000000,0.024000000,-0.006392240,0.003629560,0.002843436,0.005964026,2.637769699,-0.039042812,2.598726887,2.599501008,-0.024000998,0.024931109,0.020143497,0.020154791,0.021787033,-0.009990236,-0.002213966,0.014940873,-0.005433079,0.000619890,0.000154139,0.003670519,0.003219113,0.014320983,-0.002368105,0.011270354,1,0.264560954,1,0,-0.000214296,-0.000034346,-0.000000232,1
28.434000000,0.000000000,0.024000000,-0.011624796,0.008699939,0.008101581,0.004911833,2.605738163,-0.041389155,2.564349008,2.565123129,-0.050585315,0.034905334,0.020629802,0.020302311,0.026491409,0.028084638,-0.024093906,0.062989973,-0.006131217,0.003490036,-0.000067250,0.006297849,-0.017962690,0.059499936,-0.024026657,0.056692124,1,7.440793429,1,0,-0.001104298,-0.000397105,-0.000001775,1
28.534000000,0.000000000,0.024000000,-0.008815297,0.011444407,0.003610602,0.002384904,2.656597376,0.059431892,2.716029268,2.716803389,-0.033749104,0.037560814,0.020282752,0.020349647,-0.019735173,0.023862179,-0.053484277,0.061422993,-0.006035708,0.003223637,-0.002979141,0.018831571,-0.047448569,0.058199356,-0.050505136,0.042591422,1,8.591078996,1,0,-0.000908392,-0.001009378,-0.000001812,1
28.632000000,0.000000000,0.020000000,-0.007079449,0.003780799,-0.000350635,0.001556481,2.708777666,0.031668321,2.740445988,2.741220109,-0.018439952,0.014626525,0.020084828,0.020053412,0.028121985,-0.029032332,0.009682032,-0.014405806,-0.005042393,0.002343091,-0.014192157,0.028357039,0.014724426,-0.016748897,0.023874189,-0.042762845,1,4.826661108,1,0,0.000843429,0.000429402,0.000001151,1
28.736000000,0.000000000,0.026000000,-0.007036771,0.002628902,-0.001403047,0.004719436,2.710005045,-0.008300898,2.701704147,2.702478268,-0.015220655,0.019853034,0.020057833,0.020098294,-0.029519081,0.035411447,-0.044739736,0.055264480,-0.007120559,0.001685017,-0.009273847,0.020273719,-0.037619177,0.053579463,-0.035465889,0.034990762,1,4.990198497,1,0,-0.000652323,-0.000619119,-0.000001241,1
28.834000000,0.000000000,0.026000000,-0.009425439,0.001027510,-0.001015607,0.004441231,2.735841036,0.060144072,2.795985108,2.796759229,-0.023513764,0.015290518,0.020137750,0.020058365,-0.048095568,0.006790715,-0.071609332,0.022081233,-0.006327967,0.000169842,-0.015284069,0.027939403,-0.065281364,0.021911391,-0.056325263,-0.005858170,1,6.336107109,0,0,-0.000000000,-0.000000000,-0.000000000,1
28.934000000,0.000000000,0.026000000,-0.006982304,-0.000189362,-0.004552530,0.001700863,2.792955399,-0.002760360,2.790195038,2.790969160,-0.006779546,0.004217384,0.020011487,0.020004446,0.026282231,0.002174841,0.019502685,0.006392224,-0.005454054,-0.002128812,-0.022651041,0.027760043,0.024956739,0.008521036,0.042153726,-0.021367819,1,4.481200295,0,0,0.000000000,0.000000000,0.000000000,1
29.034000000,0.000000000,0.022000000,-0.003487804,-0.001303243,-0.003616181,-0.002262177,2.795576334,0.006991212,2.802567546,2.803341667,0.000359786,-0.009992331,0.020000032,0.020024946,-0.022553203,0.007253217,-0.022193417,-0.002739113,-0.002902996,-0.002946789,-0.010215421,0.024822539,-0.019290422,0.000207676,-0.011977996,-0.027561652,1,1.806747939,0,0,-0.000000000,-0.000000000,-0.000000000,1
29.134000000,0.000000000,0.024000000,0.001263281,0.000574973,0.000306411,-0.005174687,2.778049946,-0.114204541,2.663845405,2.664619526,0.002548953,-0.012252926,0.020001624,0.020037498,-0.019580179,-0.036059445,-0.017031226,-0.048312371,-0.000512311,-0.003294912,-0.011006859,0.022512449,-0.016518916,-0.045017459,-0.006024368,-0.070824821,1,10.002347454,0,0,-0.000000000,-0.000000000,-0.000000000,1
29.234000000,0.000000000,0.024000000,0.001388417,0.003417702,0.001850232,-0.001654090,2.769434452,0.015787460,2.785221912,2.785996034,-0.001286257,0.004912052,0.020000414,0.020006031,0.016802220,-0.000999705,0.015515963,0.003912347,0.001823179,-0.002816586,-0.012706495,0.010580202,0.013692784,0.006728933,0.028222458,-0.006667855,1,1.645987666,0,0,0.000000000,0.000000000,0.000000000,1
29.336000000,0.000000000,0.026000000,-0.000785268,0.002813506,-0.001546493,-0.000521997,2.830078125,-0.080561621,2.749516504,2.750290625,0.002093002,0.006300542,0.020001095,0.020009922,0.014132628,-0.008420950,0.016225629,-0.002120408,0.001690479,-0.004442963,-0.005213970,0.012011126,0.014535151,0.002322555,0.021439599,-0.014131534,1,1.270133463,0,0,0.000000000,0.000000000,0.000000000,1
29.434000000,0.000000000,0.026000000,-0.004048583,0.000415296,0.000128594,0.003015327,2.826422691,0.013607224,2.840029915,2.840804036,-0.011863307,0.009743071,0.020035154,0.020023718,-0.039284364,0.015057116,-0.051147671,0.024800187,0.001958931,-0.003287556,0.000505708,0.011839627,-0.053106601,0.028087743,-0.051653379,0.012960561,1,5.386254064,0,0,0.000000000,0.000000000,0.000000000,1
29.534000000,0.000000000,0.024000000,-0.001148658,0.004967799,0.003635304,-0.000958072,2.852065086,0.023301191,2.875366278,2.876140399,-0.013755643,0.011529434,0.020047249,0.020033204,0.012031902,-0.006886931,-0.001723741,0.004642504,0.003142637,-0.002403598,-0.010942159,0.021286122,-0.004866378,0.007046101,0.009218418,-0.016643619,1,0.680997558,0,0,0.000000000,0.000000000,0.000000000,1
29.636000000,0.000000000,0.024000000,0.000047959,0.005492259,0.004859067,-0.001972617,2.863696337,-0.027400934,2.836295403,2.837069524,-0.013645725,0.009982747,0.020046497,0.020024898,-0.016695687,0.011894491,-0.030341412,0.021877237,0.003970584,-0.002075298,-0.009341469,0.021211069,-0.034311996,0.023952536,-0.020999943,0.000666168,1,0.821260378,0,0,0.000000000,0.000000000,0.000000000,1
29.734000000,0.000000000,0.022000000,-0.000967012,0.004081373,-0.001765564,-0.001765908,2.894901037,-0.024485168,2.870415869,2.871189990,0.002292178,0.006646347,0.020001313,0.020011040,-0.018313702,-0.024057318,-0.016021524,-0.017410971,0.005020873,-0.003649768,-0.011761818,0.022556110,-0.021042397,-0.013761203,-0.004259706,-0.039967081,1,3.016213674,0,0,-0.000000000,-0.000000000,-0.000000000,1
29.834000000,0.000000000,0.024000000,-0.000104989,-0.001453606,-0.000385226,0.000105958,2.859443426,0.047084310,2.906527736,2.907301858,0.000814515,-0.003916975,0.020000166,0.020003835,0.009239267,-0.034862804,0.010053782,-0.038779779,0.006237752,-0.002505296,-0.011080466,0.013964526,0.003816030,-0.036274483,0.021134248,-0.052744305,1,6.030854060,0,0,0.000000000,0.000000000,0.000000000,1
29.934000000,0.000000000,0.024000000,-0.000698603,0.003087423,0.005074920,-0.000971372,2.883736610,0.023009509,2.906746119,2.907520240,-0.016782165,0.006150823,0.020070287,0.020009456,0.025436597,-0.037237764,0.008654432,-0.031086941,0.006832160,-0.001569685,-0.003195975,0.002071076,0.001822272,-0.029517256,0.011850407,-0.033158017,1,2.318563081,0,0,0.000000000,0.000000000,0.000000000,1
30.034000000,0.000000000,0.024000000,0.000105345,0.005872400,0.002522524,0.000770118,2.883854389,0.021844820,2.905699210,2.906473331,-0.007023597,0.019301158,0.020012329,0.020092918,-0.017298218,0.011795588,-0.024321815,0.031096746,0.006805818,-0.002611755,-0.000317103,-0.005736144,-0.031127634,0.033708501,-0.024004712,0.036832890,1,3.611870645,0,0,0.000000000,0.000000000,0.000000000,1
30.134000000,0.000000000,0.024000000,-0.003399835,0.002248222,0.001610544,0.002226409,2.882695913,0.064647220,2.947343134,2.948117255,-0.014767308,0.013188271,0.020054444,0.020043435,-0.014234008,-0.025091019,-0.029001316,-0.011902748,0.005616102,-0.003640034,-0.008000854,0.004987571,-0.034617418,-0.008262714,-0.021000462,-0.016890319,1,1.363318337,0,0,-0.000000000,-0.000000000,-0.000000000,1
30.236000000,0.000000000,0.028000000,-0.003608568,-0.000479971,-0.003217427,0.001572129,2.872656822,-0.021920599,2.850736223,2.851510345,-0.001115039,0.003113455,0.020000311,0.020002423,-0.038294554,-0.018145254,-0.039409593,-0.015031799,0.005116176,-0.005737483,-0.012295394,-0.001574413,-0.044525769,-0.009294316,-0.027114199,-0.013457386,1,1.732665515,0,0,-0.000000000,-0.000000000,-0.000000000,1
30.336000000,0.000000000,0.026000000,-0.003594063,-0.002985012,-0.003010383,0.001762198,2.867456675,0.012630497,2.880087172,2.880861293,-0.001681049,-0.003521811,0.020000706,0.020003101,-0.020425534,0.012608063,-0.022106583,0.009086252,0.005265623,-0.007341373,-0.018014393,-0.002974935,-0.027372206,0.016427625,-0.004092190,0.012061187,1,0.308266929,0,0,0.000000000,0.000000000,0.000000000,1
30.436000000,0.000000000,0.026000000,-0.001057272,-0.001603694,-0.000443907,-0.003103487,2.869827271,0.040075147,2.909902418,2.910676539,-0.001784832,-0.013697439,0.020000796,0.020046850,-0.001034159,-0.019029657,-0.002818992,-0.032727096,0.007184829,-0.007988419,-0.016288960,0.001969095,-0.010003821,-0.024738677,0.013469968,-0.034696191,1,2.637457793,0,0,0.000000000,0.000000000,0.000000000,1
30.534000000,0.000000000,0.024000000,0.002786500,0.000009072,-0.000633898,-0.003352983,2.874294281,-0.036062425,2.838231856,2.839005977,0.009707881,-0.009490794,0.020023547,0.020022506,0.036390899,-0.019091416,0.046098780,-0.028582211,0.008096183,-0.008071025,-0.012084223,-0.005031796,0.038002597,-0.020511186,0.058183003,-0.023550415,1,7.551950432,0,0,0.000000000,0.000000000,0.000000000,1
30.634000000,0.000000000,0.024000000,0.001859370,-0.001572690,-0.002788116,-0.000712701,2.898406744,-0.084223339,2.814183405,2.814957526,0.013078880,-0.006431509,0.020042719,0.020010338,0.001212225,0.032074260,0.014291105,0.025642751,0.007346449,-0.009686712,0.000015753,-0.010638128,0.006944656,0.035329463,0.014275352,0.036280879,1,2.924862911,0,0,0.000000000,0.000000000,0.000000000,1
30.734000000,0.000000000,0.024000000,-0.004076146,-0.000255943,0.001264966,0.003016098,2.902784586,-0.046814893,2.855969693,2.856743814,-0.015254055,0.007882920,0.020058087,0.020015529,0.001103544,-0.004898613,-0.014150511,0.002984306,0.007177780,-0.008968225,0.006243604,-0.000455801,-0.021328292,0.011952531,-0.020394115,0.003440108,1,0.822969012,0,0,0.000000000,0.000000000,0.000000000,1
30.834000000,0.000000000,0.024000000,-0.001665957,-0.000863412,-0.000514228,0.002453255,2.936379671,0.038604670,2.974984342,2.975758463,-0.003426378,0.004729760,0.020002935,0.020005592,-0.009466086,0.001404923,-0.012892464,0.006134683,0.007379195,-0.008477616,0.001241574,0.005067989,-0.020271659,0.014612299,-0.014134038,0.001066694,1,0.388873969,0,0,0.000000000,0.000000000,0.000000000,1
30.936000000,0.000000000,0.024000000,0.000146209,0.000112416,0.002800691,-0.001179958,2.907423735,0.039419152,2.946842887,2.947617008,-0.007822342,-0.003145881,0.020015291,0.020002474,0.008339582,0.018375391,0.000517240,0.015229510,0.009381931,-0.007204625,0.001882523,0.008322813,-0.008864691,0.022434136,-0.001365283,0.006906697,1,0.096120147,0,0,0.000000000,0.000000000,0.000000000,1
31.036000000,0.000000000,0.026000000,0.002821712,0.000916128,-0.001446114,-0.002755333,2.921676874,0.084781802,3.006458676,3.007232797,0.012831043,-0.005529497,0.020041117,0.020007642,-0.006802189,-0.004728555,0.006028854,-0.010258052,0.009853536,-0.007065105,0.000824530,0.011889612,-0.003824682,-0.003192947,0.005204324,-0.022147664,1,1.004998449,0,0,0.000000000,0.000000000,0.000000000,1
31.136000000,0.000000000,0.026000000,0.000926112,-0.000122788,0.001102728,0.002309148,2.900948763,0.043471093,2.944419856,2.945193977,-0.000520032,0.006437561,0.020000068,0.020010358,0.001915224,-0.008432032,0.001395192,-0.001994471,0.009335228,-0.008231952,0.002499652,0.007853741,-0.007940036,0.006237481,-0.001104460,-0.009848212,1,0.190887199,0,0,-0.000000000,-0.000000000,-0.000000000,1
31.234000000,0.000000000,0.024000000,-0.003616665,-0.001828950,-0.001157195,0.006112789,2.927407265,0.116528936,3.043936200,3.044710322,-0.007486469,0.013039734,0.020014007,0.020042464,0.000514909,-0.010323885,-0.006971560,0.002715849,0.009030462,-0.008186535,0.002569750,0.005671967,-0.016002022,0.010902384,-0.009541310,-0.002956118,1,0.194135770,0,0,-0.000000000,-0.000000000,-0.000000000,1
31.336000000,0.000000000,0.026000000,-0.003290086,-0.001519676,0.001471317,0.003185220,2.908586979,-0.020852326,2.887734653,2.888508774,-0.013749668,0.004809648,0.020047208,0.020005782,0.003943403,0.009484947,-0.009806265,0.014294595,0.009112251,-0.007924282,0.002389006,0.007146876,-0.018918516,0.022218877,-0.012195271,0.007147719,1,0.387885561,0,0,0.000000000,0.000000000,0.000000000,1
31.434000000,0.000000000,0.024000000,-0.000455121,0.001952169,0.003838157,0.000881169,2.915406704,0.049656911,2.965063615,2.965837736,-0.012729843,0.008401027,0.020040471,0.020017637,-0.007715852,-0.002790917,-0.020445696,0.005610110,0.009357271,-0.005743497,-0.002972219,0.009682606,-0.029802967,0.011353606,-0.017473477,-0.004072497,1,0.625092347,0,0,-0.000000000,-0.000000000,-0.000000000,1
31.534000000,0.000000000,0.024000000,-0.000095341,0.004011958,0.004424050,0.002094217,2.907305956,-0.032069664,2.875236292,2.876010413,-0.012994319,0.017556696,0.020042169,0.020076912,0.031431289,-0.031896116,0.018436969,-0.014339420,0.009655690,-0.005728124,-0.005980257,0.009493333,0.008781279,-0.008611296,0.024417227,-0.023832753,1,2.256982839,0,0,0.000000000,0.000000000,0.000000000,1
31.636000000,0.000000000,0.026000000,0.003396045,0.002081327,0.002575209,-0.002279138,2.933730125,-0.044265830,2.889464296,2.890238417,0.002371776,-0.000571567,0.020001406,0.020000082,0.030115382,-0.005594263,0.032487159,-0.006165830,0.011504141,-0.005386402,0.001391037,0.004077645,0.020983017,-0.000779428,0.031096121,-0.010243475,1,2.082803266,0,0,0.000000000,0.000000000,0.000000000,1
31.734000000,0.000000000,0.022000000,0.005855206,0.000649056,0.000176776,-0.002497667,2.918847084,0.052109183,2.970956267,2.971730388,0.016870367,-0.005492140,0.020071026,0.020007539,-0.020518625,-0.006126960,-0.003648258,-0.011619100,0.012346233,-0.005522017,0.009197921,0.004141590,-0.015994492,-0.006097083,-0.012846179,-0.015760690,1,0.801457081,0,0,-0.000000000,-0.000000000,-0.000000000,1
31.836000000,0.000000000,0.024000000,0.007283862,-0.001937247,0.000906464,-0.006356416,2.912386894,-0.176808724,2.735578171,2.736352292,0.017445869,-0.022687964,0.020075945,0.020128275,0.023383041,-0.011919823,0.040828910,-0.034607786,0.014578591,-0.006791543,0.009603346,-0.001796451,0.026250319,-0.027816243,0.031225564,-0.032811335,1,3.947570395,0,0,0.000000000,0.000000000,0.000000000,1
31.936000000,0.000000000,0.026000000,0.007157225,-0.004235540,-0.003472658,-0.001973101,2.923707247,0.090537219,3.014244466,3.015018587,0.032041066,-0.018714361,0.020255031,0.020087366,-0.000472793,-0.033570728,0.031568273,-0.052285089,0.014746377,-0.008022589,0.015619217,-0.010192699,0.016821896,-0.044262501,0.015949056,-0.042092391,1,3.889984748,0,0,0.000000000,0.000000000,0.000000000,1
32.034000000,0.000000000,0.022000000,0.000829177,-0.007556280,-0.004383483,0.003229465,2.952447891,-0.023764525,2.928683367,2.929457488,0.015266230,-0.012671870,0.020058180,0.020040104,0.012139362,0.006390193,0.027405592,-0.006281677,0.014738151,-0.008563014,0.020365817,-0.019435262,0.012667441,0.002281337,0.007039775,0.013153585,1,0.429359864,0,0,0.000000000,0.000000000,0.000000000,1
32.134000000,0.000000000,0.024000000,0.004071428,-0.004505220,-0.000050156,-0.000735621,2.943773746,-0.021578722,2.922195025,2.922969146,0.012044071,-0.015314761,0.020036232,0.020058550,0.021971698,0.018135947,0.034015770,0.002821186,0.015222856,-0.008734400,0.024623720,-0.018444946,0.018792914,0.011555586,0.009392050,0.021266132,1,1.040528941,0,0,0.000000000,0.000000000,0.000000000,1
32.236000000,0.000000000,0.026000000,0.007761274,-0.005262970,-0.000770196,-0.002347586,2.935398579,-0.024441747,2.910956832,2.911730953,0.024834740,-0.022154001,0.020153601,0.020122326,-0.028773304,0.014894273,-0.003938564,-0.007259728,0.015614385,-0.009040897,0.026450933,-0.013948895,-0.019552949,0.001781169,-0.030389497,0.006689167,1,1.844801188,0,0,0.000000000,0.000000000,0.000000000,1
32.336000000,0.000000000,0.026000000,0.005416461,-0.002733407,0.002981392,-0.001337056,2.940280676,0.012667008,2.952947684,2.953721805,0.007190632,-0.012019866,0.020012922,0.020036087,-0.038307555,-0.023667083,-0.031116922,-0.035686949,0.016406995,-0.008284303,0.019007882,-0.011676879,-0.047523917,-0.027402646,-0.050124804,-0.024010070,1,5.938440024,0,0,-0.000000000,-0.000000000,-0.000000000,1
32.434000000,0.000000000,0.024000000,0.004513345,-0.000117748,0.003983366,0.001752456,2.915148020,-0.032890208,2.882257812,2.883031933,0.001527535,0.004711650,0.020000583,0.020005549,0.015249189,-0.034023189,0.016776724,-0.029311539,0.015465799,-0.007744461,0.006330609,-0.018164151,0.001310925,-0.021567078,0.010446115,-0.011147387,1,0.449393929,0,0,0.000000000,0.000000000,0.000000000,1
32.534000000,0.000000000,0.024000000,0.003254332,0.003729366,0.025451528,0.020885386,2.919769049,-0.043654706,2.876114343,2.876888464,-0.063841675,0.070794839,0.020994228,0.021216010,0.012745189,0.010576584,-0.051096486,0.081371423,0.015091924,-0.008853317,0.007740530,-0.021519367,-0.066188410,0.090224740,-0.058837016,0.102890790,1,24.772947055,0,0,0.000000000,0.000000000,0.000000000,1
32.634000000,0.000000000,0.024000000,-0.032422869,0.040781371,0.060258705,0.057935394,2.922096968,-0.032675075,2.889421892,2.890196014,-0.267796170,0.285234382,0.033423762,0.034836569,-0.027721517,-0.057751870,-0.295517687,0.227482512,0.017142592,-0.011428918,-0.001801033,-0.004849547,-0.312660279,0.238911430,-0.293716654,0.232332060,0,110.029252746,0,0,0.000000000,0.000000000,0.000000000,1
32.734000000,0.000000000,0.024000000,-0.060706632,0.060443404,0.065821588,0.071742833,2.926348448,-0.015085369,2.911263078,2.912037200,-0.368356936,0.384828909,0.041915013,0.043369723,0.006790410,0.044164495,-0.361566526,0.428993405,0.023533846,-0.018671702,0.005987876,-0.014576635,-0.385100372,0.447665107,-0.367554402,0.443570040,0,167.068518132,0,0,0.000000000,0.000000000,0.000000000,1
32.834000000,0.000000000,0.024000000,-0.054995973,0.051168241,0.057191741,0.059352621,2.917067766,-0.026687583,2.890380183,2.891154304,-0.324265143,0.319447312,0.038098279,0.037689068,0.004504983,0.048782348,-0.319760160,0.368229660,0.038168268,-0.033118673,0.021595389,-0.031552892,-0.357928428,0.401348333,-0.341355549,0.399782552,0,169.113028893,0,0,0.000000000,0.000000000,0.000000000,1
32.934000000,0.000000000,0.024000000,-0.035570679,0.032493547,0.046567176,0.050254885,2.915659189,0.051957366,2.967616555,2.968390676,-0.243753658,0.245565617,0.031530278,0.031670566,-0.073205348,0.015285552,-0.316959006,0.260851169,0.056768873,-0.051006278,0.041285611,-0.051788809,-0.373727878,0.311857447,-0.358244617,0.312639978,0,180.893560522,0,0,0.000000000,0.000000000,0.000000000,1
33.034000000,0.000000000,0.024000000,-0.013678970,0.012134873,0.035374831,0.035425469,2.973111868,-0.028687043,2.944424825,2.945198947,-0.144435232,0.140037854,0.024670131,0.024415282,0.010812571,-0.028517314,-0.133622661,0.111520540,0.080800372,-0.074345926,0.066850020,-0.075164642,-0.214423033,0.185866466,-0.200472681,0.186685182,0,82.208999542,0,0,0.000000000,0.000000000,0.000000000,1
33.134000000,0.000000000,0.024000000,0.002640815,-0.002151818,0.030851625,0.032386549,2.944411039,0.003671751,2.948082791,2.948856912,-0.083167804,0.089134490,0.021660306,0.021896337,-0.002409847,0.014230406,-0.085577651,0.103364896,0.105928431,-0.098806696,0.092405088,-0.102669990,-0.191506083,0.202171592,-0.177982739,0.206034885,0,87.132981542,0,0,0.000000000,0.000000000,0.000000000,1
33.234000000,0.000000000,0.024000000,0.013219134,-0.018767350,0.024876339,0.033031717,2.947926283,-0.020749160,2.927177123,2.927951244,-0.034122704,0.041754329,0.020289002,0.020431208,0.013830041,-0.003314041,-0.020292662,0.038440288,0.133582195,-0.129124843,0.118513728,-0.133931086,-0.153874858,0.167565131,-0.138806390,0.172371373,0,56.606611852,0,0,0.000000000,0.000000000,0.000000000,1
33.334000000,0.000000000,0.024000000,0.022722390,-0.028643715,0.030441443,0.034002002,2.921019554,0.024440174,2.945459728,2.946233849,-0.022736158,0.015782621,0.020128818,0.020062176,-0.016455266,-0.006514844,-0.039191424,0.009267777,0.161534405,-0.156590675,0.148876757,-0.163437211,-0.200725829,0.165858452,-0.188068180,0.172704988,0,69.348746041,0,0,0.000000000,0.000000000,0.000000000,1
33.434000000,0.000000000,0.024000000,0.039048914,-0.038795433,0.028272003,0.028290872,2.940268517,-0.000018668,2.940249849,2.941023970,0.031686811,-0.030886035,0.020249458,0.020237082,-0.018090781,0.028182077,0.013596029,-0.002703958,0.195227120,-0.187723470,0.179096555,-0.195478569,-0.181631091,0.185019512,-0.165500525,0.192774611,0,62.393279567,0,0,0.000000000,0.000000000,0.000000000,1
33.534000000,0.000000000,0.024000000,0.046757413,-0.044399134,0.030104524,0.025689002,2.957725763,0.018742152,2.976467915,2.977242036,0.049566790,-0.055690106,0.020605064,0.020760874,0.013326763,-0.008146886,0.062893553,-0.063836992,0.228196808,-0.217338692,0.215334864,-0.226761912,-0.165303255,0.153501700,-0.152441311,0.162924920,0,43.143790183,0,0,0.000000000,0.000000000,0.000000000,1
33.634000000,0.000000000,0.024000000,0.062730871,-0.053747069,0.026968103,0.021470500,2.959095955,-0.001874526,2.957221429,2.957995550,0.105758424,-0.095448961,0.022624068,0.022160890,-0.032441319,0.021753905,0.073317104,-0.073695056,0.263874992,-0.251028567,0.247786810,-0.263758846,-0.190557888,0.177333510,-0.174469705,0.190063790,0,49.835028486,0,0,0.000000000,0.000000000,0.000000000,1
33.734000000,0.000000000,0.024000000,0.075154508,-0.072495121,0.025268197,0.024171505,2.970886230,-0.012755045,2.958131185,2.958905306,0.147570252,-0.142947595,0.024854975,0.024583331,-0.010067720,0.003809397,0.137502532,-0.139138198,0.297545373,-0.283571802,0.282170172,-0.299286859,-0.160042841,0.144433604,-0.144667640,0.160148661,1,29.777188036,0,0,0.000000000,0.000000000,0.000000000,1
33.834000000,0.000000000,0.024000000,0.088375384,-0.090961291,0.019627696,0.018978693,2.923166752,-0.041611379,2.881555373,2.882329494,0.198100270,-0.207421843,0.028150261,0.028813854,0.008780653,-0.024155801,0.206880924,-0.231577643,0.335359005,-0.319201395,0.229174494,-0.238811008,-0.128478082,0.087623752,-0.022293571,0.007233365,1,0.440951464,0,0,0.000000000,0.000000000,0.000000000,1
33.934000000,0.000000000,0.024000000,0.105155202,-0.102017299,0.022384582,0.015600406,2.953619957,0.128360755,3.081980712,3.082754833,0.255097454,-0.266335198,0.032415230,0.033306822,0.007270182,0.037163115,0.262367637,-0.229172083,0.372230846,-0.352235547,0.257860998,-0.274022415,-0.109863210,0.123063464,0.004506638,0.044850332,1,1.390648140,0,0,0.000000000,0.000000000,0.000000000,1
34.034000000,0.000000000,0.024000000,0.121670659,-0.115140547,0.017243052,0.015828766,2.963245869,-0.027655628,2.935590240,2.936364362,0.306556663,-0.291538696,0.036602867,0.035354605,-0.024652577,0.052368923,0.281904086,-0.239169772,0.412205159,-0.391651686,0.293788527,-0.305459504,-0.130301073,0.152481913,-0.011884441,0.066289731,1,2.911806969,0,0,0.000000000,0.000000000,0.000000000,1
34.136000000,0.000000000,0.026000000,0.139130056,-0.140033035,-0.000796878,0.002479750,2.926812172,-0.051421467,2.875390705,2.876164826,0.402344603,-0.395519437,0.044931190,0.044321059,0.045760330,-0.010231363,0.448104933,-0.405750800,0.448700985,-0.427109064,0.328887985,-0.331271998,-0.000596051,0.021358264,0.119216948,-0.074478802,1,8.642828363,0,0,0.000000000,0.000000000,0.000000000,1
34.234000000,0.000000000,0.024000000,0.183665659,-0.188020506,-0.041453827,-0.033982310,2.956833839,-0.065498515,2.891335324,2.892109445,0.650895923,-0.641884584,0.068092988,0.067232122,-0.091208623,0.074737606,0.559687301,-0.567146979,0.486921331,-0.467379569,0.376880583,-0.376972934,0.072765970,-0.099767410,0.182806718,-0.190174045,1,14.314935945,0,0,0.000000000,0.000000000,0.000000000,1
34.334000000,0.000000000,0.024000000,0.222265022,-0.226230522,-0.049796715,-0.049705356,2.937114239,0.121721728,3.058835967,3.059610088,0.832192227,-0.844042589,0.085588779,0.086741449,0.033388723,0.010795351,0.865580950,-0.833247237,0.519891130,-0.499041290,0.419260638,-0.422124698,0.345689820,-0.334205948,0.446320313,-0.411122539,0,47.594790368,0,0,0.000000000,0.000000000,0.000000000,1
34.434000000,0.000000000,0.024000000,0.236115902,-0.230322216,-0.043126363,-0.048766308,2.926033020,0.088870628,3.014903648,3.015677769,0.841888524,-0.841425007,0.086531860,0.086486764,0.082626335,0.123935496,0.924514859,-0.717489511,0.550947252,-0.529505324,0.446142295,-0.449866618,0.373567608,-0.187984187,0.478372564,-0.267622893,0,38.105773432,0,0,0.000000000,0.000000000,0.000000000,1
34.534000000,0.000000000,0.026000000,0.237566813,-0.230483836,-0.030224107,-0.036324114,2.953476191,-0.023482470,2.929993721,2.930767842,0.784625715,-0.781745617,0.080971446,0.080692392,-0.029351965,-0.084273911,0.755273750,-0.866019529,0.573094007,-0.550823735,0.462727809,-0.472854630,0.182179743,-0.315195794,0.292545941,-0.393164899,1,34.438400275,0,0,0.000000000,0.000000000,0.000000000,1
34.634000000,0.000000000,0.024000000,0.226310705,-0.222982015,-0.019466514,-0.024973024,2.955658913,-0.014705984,2.940952928,2.941727050,0.722819231,-0.729224097,0.074997843,0.075615328,-0.115873173,-0.009414602,0.606946058,-0.738638699,0.593660404,-0.569380398,0.496391426,-0.515196465,0.013285654,-0.169258300,0.110554632,-0.223442233,1,10.029728124,0,0,0.000000000,0.000000000,0.000000000,1
34.736000000,0.000000000,0.022000000,0.228798733,-0.228559473,-0.019548478,-0.014929183,2.960721016,0.069063742,3.029784758,3.030558879,0.752438594,-0.737718218,0.077856524,0.076434820,-0.080895534,0.046132933,0.671543061,-0.691585285,0.607226758,-0.585239329,0.515996055,-0.549178354,0.064316303,-0.106345956,0.155547005,-0.142406930,1,6.846919725,0,0,0.000000000,0.000000000,0.000000000,1
34.836000000,0.000000000,0.022000000,0.228920235,-0.230989473,-0.016861226,-0.013950848,2.942087889,-0.029041579,2.913046309,2.913820431,0.715972779,-0.713522497,0.074338215,0.074102251,-0.067798207,-0.079535137,0.648174572,-0.793057634,0.621200885,-0.599364251,0.540293649,-0.575935306,0.026973688,-0.193693383,0.107880923,-0.217122328,1,9.684075008,0,0,0.000000000,0.000000000,0.000000000,1
34.936000000,0.000000000,0.024000000,0.228099471,-0.231914348,-0.014667398,-0.012780244,2.936619759,0.029673698,2.966293457,2.967067578,0.720117777,-0.725835965,0.074737515,0.075288634,0.064192770,-0.084624230,0.784310547,-0.810460194,0.631743823,-0.610682094,0.559371070,-0.608622742,0.152566723,-0.199778101,0.224939477,-0.201837453,1,14.665274551,0,0,0.000000000,0.000000000,0.000000000,1
35.036000000,0.000000000,0.024000000,0.233135526,-0.233338752,-0.010650760,-0.012586457,2.922470808,0.002780758,2.925251566,2.926025687,0.713136218,-0.719393101,0.074065057,0.074667693,0.084378934,0.019514299,0.797515151,-0.699878803,0.642120834,-0.619971571,0.590035532,-0.637209993,0.155394317,-0.079907232,0.207479619,-0.062668810,1,7.631631485,0,0,0.000000000,0.000000000,0.000000000,1
35.136000000,0.000000000,0.024000000,0.231450262,-0.228623054,-0.008761109,-0.011101669,2.947944641,-0.002954206,2.944990435,2.945764557,0.707420191,-0.705987014,0.073514851,0.073376949,-0.043122518,-0.121329387,0.664297673,-0.827316401,0.650108968,-0.628585132,0.617078911,-0.650493983,0.014188705,-0.198731269,0.047218762,-0.176822418,1,5.544938992,0,0,0.000000000,0.000000000,0.000000000,1
35.234000000,0.000000000,0.022000000,0.239735326,-0.240476641,-0.031929635,-0.031027483,2.931963921,-0.091304083,2.840659837,2.841433959,0.771707742,-0.771250860,0.079720314,0.079676087,-0.076648210,-0.034683992,0.695059533,-0.805934852,0.656772699,-0.635253370,0.626111200,-0.677259001,0.038286833,-0.170681482,0.068948332,-0.128675851,1,3.036736335,0,0,0.000000000,0.000000000,0.000000000,1
35.334000000,0.000000000,0.024000000,0.273786234,-0.276206778,-0.065781541,-0.062144317,2.912586927,-0.077707835,2.834879092,2.835653214,0.962633588,-0.959184443,0.098319043,0.097981365,0.134590773,0.160226513,1.097224360,-0.798957930,0.660502885,-0.639575324,0.634375927,-0.696685046,0.436721475,-0.159382607,0.462848434,-0.102272884,1,21.652564215,0,0,0.000000000,0.000000000,0.000000000,1
35.434000000,0.000000000,0.022000000,0.298454104,-0.299939939,-0.075477339,-0.078685977,2.966770172,-0.003522179,2.963247993,2.964022114,1.108051599,-1.121962486,0.112595664,0.113964899,0.171425506,0.093258153,1.279477104,-1.028704333,0.661590531,-0.640142332,0.665325242,-0.702854356,0.617886573,-0.388562001,0.614151862,-0.325849977,1,35.806420331,0,0,0.000000000,0.000000000,0.000000000,1
35.534000000,0.000000000,0.022000000,0.297193702,-0.295580150,-0.066996418,-0.070292026,2.961620808,-0.016316382,2.945304426,2.946078547,1.072650772,-1.077604938,0.109113687,0.109600748,-0.064731891,0.016687450,1.007918881,-1.060917488,0.653731267,-0.633070397,0.688931723,-0.711272097,0.354187614,-0.427847091,0.318987158,-0.349645391,1,17.531205770,0,0,0.000000000,0.000000000,0.000000000,1
35.632000000,0.000000000,0.020000000,0.272071956,-0.276032513,-0.052093435,-0.047359884,2.937035561,-0.040826453,2.896209108,2.896983229,0.938850758,-0.936612005,0.095991705,0.095772754,-0.074568156,-0.045087035,0.864282603,-0.981699039,0.636403140,-0.618539098,0.692647621,-0.720607209,0.227879463,-0.363159941,0.171634981,-0.261091830,1,9.710073976,0,0,0.000000000,0.000000000,0.000000000,1
35.734000000,0.000000000,0.022000000,0.248448475,-0.256698811,-0.043357234,-0.038189285,2.936488152,-0.004169713,2.932318438,2.933092559,0.855667264,-0.864705801,0.087873003,0.088753373,0.024063565,0.101103462,0.879730829,-0.763602338,0.616316128,-0.600878362,0.687379863,-0.725360421,0.263414700,-0.162723977,0.192350965,-0.038241917,1,4.464148778,0,0,0.000000000,0.000000000,0.000000000,1
35.834000000,0.000000000,0.022000000,0.235873740,-0.241355147,-0.038478311,-0.037533931,2.974232435,-0.005045593,2.969186842,2.969960964,0.814602501,-0.828073781,0.083879511,0.085188390,-0.082035144,0.101124420,0.732567357,-0.726949361,0.593127801,-0.576987549,0.682996839,-0.707066193,0.139439557,-0.149961812,0.049570518,-0.019883168,1,0.357475975,0,0,0.000000000,0.000000000,0.000000000,1
35.936000000,0.000000000,0.024000000,0.229999244,-0.228453625,-0.031552274,-0.036767099,2.962593794,-0.015429889,2.947163905,2.947938026,0.770835192,-0.781648943,0.079635852,0.080683026,-0.075935350,-0.052746217,0.694899843,-0.834395160,0.569037419,-0.552003219,0.660766619,-0.684037209,0.125862424,-0.282391941,0.034133224,-0.150357951,1,3.191832811,0,0,0.000000000,0.000000000,0.000000000,1
36.036000000,0.000000000,0.024000000,0.216793627,-0.214368481,-0.029564923,-0.034382880,2.938428164,-0.018000506,2.920427658,2.921201779,0.719472323,-0.726460354,0.074675325,0.075348832,0.094481413,0.057230277,0.813953736,-0.669230077,0.540055874,-0.524238617,0.634362872,-0.678067621,0.273897862,-0.144991459,0.179590864,0.008837545,1,4.985441269,0,0,0.000000000,0.000000000,0.000000000,1
36.136000000,0.000000000,0.024000000,0.208452577,-0.211050823,-0.024791524,-0.028127132,2.923359632,0.072447136,2.995806769,2.996580890,0.698754255,-0.716530938,0.072681326,0.074391974,0.004426731,-0.044791145,0.703180986,-0.761322083,0.512147532,-0.494760996,0.628521718,-0.650386939,0.191033455,-0.266561087,0.074659268,-0.110935144,1,2.803751217,0,0,0.000000000,0.000000000,0.000000000,1
36.236000000,0.000000000,0.024000000,0.196300465,-0.195724890,-0.023296192,-0.026093354,2.947994471,-0.075073055,2.872921416,2.873695537,0.630883939,-0.637266384,0.066182667,0.066791350,0.018035518,0.084366530,0.648919457,-0.552899854,0.478356213,-0.461029974,0.607065758,-0.637722430,0.170563244,-0.091869880,0.041853700,0.084822576,1,1.655338417,0,0,0.000000000,0.000000000,0.000000000,1
36.336000000,0.000000000,0.028000000,0.178377323,-0.181018912,-0.028121891,-0.025838830,2.959502697,-0.005186044,2.954316653,2.955090775,0.610064066,-0.611123271,0.064201103,0.064301761,-0.012791746,-0.249848609,0.597272320,-0.860971881,0.445482457,-0.431063821,0.578582321,-0.595656310,0.151789863,-0.429908059,0.018689999,-0.265315571,1,14.007506068,0,0,0.000000000,0.000000000,0.000000000,1
36.434000000,0.000000000,0.024000000,0.163152115,-0.176779908,-0.031071693,-0.015612505,2.949383020,0.047728631,2.997111651,2.997885772,0.582110438,-0.576621543,0.061551000,0.061032156,0.067572087,-0.109975324,0.649682526,-0.686596867,0.406357631,-0.398879159,0.543849518,-0.613639853,0.243324894,-0.287717708,0.105833008,-0.072957014,1,3.617901132,0,0,0.000000000,0.000000000,0.000000000,1
36.532000000,0.000000000,0.024000000,0.143937990,-0.159480412,-0.023062682,-0.018953595,2.937042952,0.034408252,2.971451204,2.972225325,0.496234348,-0.530207946,0.053502199,0.056667492,0.071213646,0.008621039,0.567447994,-0.521586906,0.371981578,-0.365558218,0.527637768,-0.595086556,0.195466416,-0.156028688,0.039810226,0.073499650,1,1.739104499,0,0,0.000000000,0.000000000,0.000000000,1
36.632000000,0.000000000,0.024000000,0.134263376,-0.139876851,-0.016646037,-0.021769704,2.964386463,-0.016105298,2.948281165,2.949055286,0.444923379,-0.476579494,0.048780817,0.051684428,0.010126869,0.044444644,0.455050247,-0.432134850,0.334947671,-0.328518126,0.502330332,-0.543773933,0.120102577,-0.103616724,-0.047280085,0.111639084,1,4.375249324,0,0,0.000000000,0.000000000,0.000000000,1
36.734000000,0.000000000,0.026000000,0.126557604,-0.126253366,-0.020977024,-0.026980974,2.962929010,-0.023440596,2.939488415,2.940262536,0.433676329,-0.450430566,0.047757215,0.049283638,0.037044146,0.035611592,0.470720475,-0.414818974,0.299915074,-0.293707119,0.454739184,-0.484390956,0.170805401,-0.121111855,0.015981291,0.069571982,1,1.598172290,0,0,0.000000000,0.000000000,0.000000000,1
36.834000000,0.000000000,0.026000000,0.115569681,-0.115585021,-0.017950850,-0.023694390,2.923670292,-0.011917231,2.911753061,2.912527182,0.388778813,-0.405547252,0.043720586,0.045218201,-0.031140610,0.100159316,0.357638203,-0.305387936,0.262972941,-0.254979133,0.424569187,-0.432370629,0.094665262,-0.050408804,-0.066930984,0.126982693,1,7.843012116,0,0,0.000000000,0.000000000,0.000000000,1
36.936000000,0.000000000,0.024000000,0.097421231,-0.096810561,-0.016686281,-0.021411767,2.938502550,-0.026871388,2.911631162,2.912405284,0.332238988,-0.344219814,0.038779214,0.039810461,-0.003954080,-0.014355469,0.328284907,-0.358575284,0.225620626,-0.218510250,0.369442874,-0.365967845,0.102664282,-0.140065033,-0.041157966,0.007392562,1,0.847952089,0,0,0.000000000,0.000000000,0.000000000,1
37.032000000,0.000000000,0.020000000,0.078183930,-0.082839567,-0.017172273,-0.016854335,2.939625978,0.034244318,2.973870296,2.974644417,0.283576981,-0.296476733,0.034700995,0.035762893,0.026824119,0.031014819,0.310401100,-0.265461914,0.185776518,-0.179139659,0.319923025,-0.330704820,0.124624582,-0.086322255,-0.009521925,0.065242906,1,2.403603857,0,0,0.000000000,0.000000000,0.000000000,1
37.132000000,0.000000000,0.024000000,0.063547197,-0.070235795,-0.019724466,-0.016958993,2.974382162,-0.113477511,2.860904651,2.861678773,0.238232289,-0.249455974,0.031105405,0.031973158,-0.007417256,0.006077385,0.230815033,-0.243378589,0.149926906,-0.143651401,0.279694144,-0.274483841,0.080888127,-0.099727189,-0.048879111,0.031105252,1,2.408802231,0,0,0.000000000,0.000000000,0.000000000,1
37.232000000,0.000000000,0.024000000,0.051179260,-0.057709869,-0.020489654,-0.020021649,2.955913067,0.007030245,2.962943312,2.963717433,0.212350930,-0.230314082,0.029170690,0.030503209,-0.059946277,-0.048680711,0.152404653,-0.278994792,0.110076979,-0.105414676,0.226913846,-0.230985578,0.042327674,-0.173580116,-0.074509193,-0.048009214,1,6.028670934,0,0,-0.000000000,-0.000000000,-0.000000000,1
37.334000000,0.000000000,0.026000000,0.035861332,-0.044738766,-0.019506114,-0.017053425,2.955388308,-0.012979375,2.942408932,2.943183054,0.162913668,-0.181817897,0.025795516,0.027029197,-0.037323812,0.070226447,0.125589856,-0.111591450,0.071806452,-0.068022833,0.163463889,-0.211119495,0.053783404,-0.043568617,-0.037874033,0.099528044,1,10.675157833,0,0,0.000000000,0.000000000,0.000000000,1
37.434000000,0.000000000,0.026000000,0.027221108,-0.034145547,-0.015130711,-0.017068457,2.970227718,-0.020021418,2.950206300,2.950980421,0.124946603,-0.151091878,0.023582123,0.025065665,0.010290309,-0.011074073,0.135236912,-0.162165951,0.030990733,-0.026904122,0.114711748,-0.141990734,0.104246180,-0.135261829,0.020525165,-0.020175217,1,0.955257604,0,0,0.000000000,0.000000000,0.000000000,1
37.532000000,0.000000000,0.024000000,0.014144534,-0.017961551,-0.016185371,-0.013396681,2.937205553,-0.005648716,2.931556837,2.932330958,0.088913842,-0.091928440,0.021887364,0.022011551,0.014047812,0.054820296,0.102961654,-0.037108144,-0.007455979,0.010779661,0.081470876,-0.113224997,0.110417633,-0.047887805,0.021490778,0.076116853,1,7.952809410,0,0,0.000000000,0.000000000,0.000000000,1
37.634000000,0.000000000,0.026000000,-0.003326838,-0.003874293,-0.017249011,-0.015473136,2.947635412,0.050404875,2.998040288,2.998814409,0.041739234,-0.058004372,0.020430899,0.020824146,0.027832921,-0.005542201,0.069572155,-0.063546573,-0.048963686,0.051653942,0.050951291,-0.048244860,0.118535842,-0.115200515,0.018620864,-0.015301712,1,0.909846485,0,0,0.000000000,0.000000000,0.000000000,1
37.734000000,0.000000000,0.026000000,-0.017817105,0.008269910,-0.017106168,-0.012966637,2.957081556,0.021140613,2.978222170,2.978996291,-0.002117329,-0.013987895,0.020001121,0.020048856,0.034879519,0.018973910,0.032762190,0.004986014,-0.087165828,0.088804045,0.016180880,-0.020911957,0.119928017,-0.083818031,0.016581310,0.025897971,1,1.461994594,0,0,0.000000000,0.000000000,0.000000000,1
37.834000000,0.000000000,0.026000000,-0.034288727,0.023012423,-0.020061713,-0.012787494,2.965467691,-0.106388251,2.859079440,2.859853561,-0.040676164,0.029233886,0.020409446,0.020212526,-0.002081174,0.006025741,-0.042757338,0.035259627,-0.129413965,0.129512439,-0.016857739,0.025593667,0.086656627,-0.094252812,-0.025899598,0.009665960,1,1.273650337,0,0,0.000000000,0.000000000,0.000000000,1
37.934000000,0.000000000,0.026000000,-0.047399537,0.032941961,-0.019372914,-0.015636720,2.937073708,-0.061257103,2.875816604,2.876590725,-0.080599428,0.049766699,0.021562993,0.020609882,0.012324750,0.017728507,-0.068274678,0.067495206,-0.168032024,0.168439890,-0.062314297,0.065956128,0.099757346,-0.100944683,-0.005960381,0.001539078,1,0.058497153,0,0,0.000000000,0.000000000,0.000000000,1
38.034000000,0.000000000,0.024000000,-0.067991787,0.054563445,-0.001097643,0.009678139,2.976375341,-0.116355795,2.860019547,2.860793668,-0.191318558,0.183732187,0.027677209,0.027158335,-0.028951121,0.043147643,-0.220269679,0.226879830,-0.209704330,0.208495534,-0.101483709,0.101967871,-0.010565349,0.018384296,-0.118785970,0.124911959,1,31.944762494,0,0,0.000000000,0.000000000,0.000000000,1
38.134000000,0.000000000,0.026000000,-0.137534933,0.120080658,0.066800535,0.074584685,2.919375896,0.078822480,2.998198376,2.998972498,-0.612638267,0.583645317,0.064445764,0.061696179,-0.095068752,0.004315511,-0.707707019,0.587960828,-0.248400940,0.246817264,-0.157812758,0.160983158,-0.459306079,0.341143564,-0.549894261,0.426977670,0,114.837765893,0,0,0.000000000,0.000000000,0.000000000,1
38.234000000,0.000000000,0.026000000,-0.200705012,0.189674087,0.098616771,0.103509955,2.931692839,-0.054675156,2.877017683,2.877791804,-0.861154063,0.843495673,0.088407371,0.086688232,-0.111571824,0.127336829,-0.972725887,0.970832502,-0.282085828,0.281714342,-0.186204540,0.185527393,-0.690640059,0.689118160,-0.786521346,0.785305109,0,nan,0,0,0.000000000,0.000000000,0.000000000,1
38.334000000,0.000000000,0.024000000,-0.215679622,0.208032944,0.102252439,0.103068404,2.920397520,0.004169907,2.924567427,2.925341549,-0.929813749,0.909836870,0.095108023,0.093155951,0.057761618,0.081651832,-0.872052131,0.991488701,-0.303220227,0.305261698,-0.203164958,0.200930444,-0.568831904,0.686227004,-0.668887174,0.790558258,0,nan,0,0,0.000000000,0.000000000,0.000000000,1
38.436000000,0.000000000,0.024000000,-0.208027535,0.206061925,0.083891779,0.087288313,2.933247328,0.031757947,2.965005275,2.965779396,-0.865542308,0.869785003,0.088834874,0.089248303,-0.032618981,-0.078002085,-0.898161289,0.791782918,-0.316360185,0.319773349,-0.211283969,0.206299343,-0.581801104,0.472009569,-0.686877320,0.585483575,0,nan,0,0,0.000000000,0.000000000,0.000000000,1
38.536000000,0.000000000,0.024000000,-0.187206315,0.187057608,0.071359016,0.069188170,2.957913160,0.012165091,2.970078251,2.970852372,-0.767959266,0.761070012,0.079357510,0.078691014,0.049060073,0.077789176,-0.718899193,0.838859188,-0.318476291,0.324553879,-0.207765003,0.204919347,-0.400422902,0.514305309,-0.511134190,0.633939841,1,96.471110455,0,1,0.000000000,0.000000000,0.000000000,1
38.636000000,0.000000000,0.026000000,-0.168384984,0.173963141,0.056404401,0.052552447,2.941277981,-0.000863515,2.940414466,2.941188587,-0.660973959,0.666049710,0.069056975,0.069542952,-0.044559068,-0.085149970,-0.705533027,0.580899740,-0.311776912,0.321976529,-0.240005923,0.248621979,-0.393756115,0.258923211,-0.465527104,0.332277761,0,59.370293323,0,0,0.000000000,0.000000000,0.000000000,1
38.736000000,0.000000000,0.024000000,-0.158936036,0.163110851,0.050603937,0.049696192,2.925531864,-0.021046608,2.904485257,2.905259378,-0.608605763,0.618094918,0.064062546,0.064964708,-0.118872137,0.133137514,-0.727477900,0.751232433,-0.302368568,0.313746589,-0.225790490,0.232426854,-0.425109332,0.437485844,-0.501687410,0.518805579,0,103.162196840,0,0,0.000000000,0.000000000,0.000000000,1
38.834000000,0.000000000,0.022000000,-0.157642716,0.159910289,0.049516756,0.052566644,2.928986788,-0.012781271,2.916205517,2.916979638,-0.604119594,0.619626404,0.063636506,0.065110435,-0.040537197,0.028273366,-0.644656791,0.647899769,-0.287436805,0.299714299,-0.207693857,0.212553669,-0.357219985,0.348185471,-0.436962934,0.435346100,0,73.078802110,0,0,0.000000000,0.000000000,0.000000000,1
38.934000000,0.000000000,0.024000000,-0.148529527,0.150349779,0.045577276,0.043864276,2.939098358,0.108784585,3.047882943,3.048657065,-0.591614816,0.591941707,0.062450628,0.062481596,-0.023806741,-0.078641639,-0.615421557,0.513300068,-0.269590180,0.283246387,-0.184032859,0.185674850,-0.345831378,0.230053681,-0.431388698,0.327625218,0,56.878922597,0,0,0.000000000,0.000000000,0.000000000,1
39.036000000,0.000000000,0.024000000,-0.130711150,0.139496862,0.068889998,0.049222726,2.919999838,0.036857694,2.956857532,2.957631653,-0.590192158,0.558016937,0.062315871,0.059277559,-0.001986580,0.006974032,-0.592178738,0.564990969,-0.245522677,0.261621972,-0.156190765,0.156456345,-0.346656062,0.303368997,-0.435987973,0.408534624,0,68.663760920,0,0,0.000000000,0.000000000,0.000000000,1
39.134000000,0.000000000,0.024000000,-0.164936243,0.205171133,0.088416085,0.066261470,2.944119692,0.031470700,2.975590392,2.976364513,-0.753872752,0.807672247,0.077995136,0.083206638,0.152230946,-0.119379638,-0.601641806,0.688292610,-0.221056685,0.237651283,-0.126142807,0.121875865,-0.380585121,0.450641327,-0.475498999,0.566416745,0,65.966994154,0,0,0.000000000,0.000000000,0.000000000,1
39.236000000,0.000000000,0.024000000,-0.108034090,0.122567925,-0.005036581,0.002803038,2.900483131,0.083010562,2.983493693,2.984267814,-0.307292420,0.374043479,0.036664510,0.042415625,-0.054032002,0.075274043,-0.361324421,0.449317521,-0.188381546,0.202204127,-0.091285593,0.079009503,-0.172942875,0.247113394,-0.270038829,0.370308018,0,57.811278986,0,0,0.000000000,0.000000000,0.000000000,1
39.330000000,0.000000000,0.020000000,-0.033614201,0.028580698,-0.050298113,-0.040730059,2.956437826,-0.013259813,2.943178013,2.943952134,0.049103724,-0.035757732,0.020593974,0.020317139,-0.009939898,0.014496354,0.039163826,-0.021261378,-0.157408346,0.169425475,-0.058433093,0.041632063,0.196572172,-0.190686854,0.097596919,-0.062893442,1,5.074431878,0,0,0.000000000,0.000000000,0.000000000,1
39.434000000,0.000000000,0.026000000,-0.002876734,0.001103451,-0.048603013,-0.041334018,2.951521635,0.065207221,3.016728856,3.017502977,0.137943785,-0.121364713,0.024295779,0.023394314,-0.029287252,-0.015341937,0.108656533,-0.136706650,-0.129616790,0.138826659,0.055222573,-0.051743646,0.238273323,-0.275533309,0.053433960,-0.084963004,1,10.387947442,0,0,0.000000000,0.000000000,0.000000000,1
39.536000000,0.000000000,0.024000000,-0.005518754,0.010621648,-0.027638551,-0.028050035,2.941927910,0.032761230,2.974689140,2.975463261,0.065799520,-0.051844035,0.021054590,0.020661027,-0.010794389,-0.027133067,0.055005131,-0.078977102,-0.107655877,0.115118309,0.105193594,-0.119792952,0.162661007,-0.194095411,-0.050188463,0.040815850,1,5.726902221,0,0,0.000000000,0.000000000,0.000000000,1
39.632000000,0.000000000,0.022000000,-0.012244684,0.020065851,-0.016696589,-0.018207742,2.925131559,-0.034334053,2.890797506,2.891571627,0.012869555,0.005371417,0.020041364,0.020007212,-0.005352748,0.001410840,0.007516807,0.006782257,-0.087364938,0.094894433,0.107325580,-0.131612152,0.094881745,-0.088112177,-0.099808773,0.138394409,0,46.866997388,0,0,0.000000000,0.000000000,0.000000000,1
39.734000000,0.000000000,0.024000000,-0.011839901,0.018527871,-0.011204422,-0.013191923,2.918124914,0.012832947,2.930957861,2.931731982,-0.001862559,0.015639441,0.020000867,0.020061055,0.013141402,-0.023502324,0.011278843,-0.007862883,-0.071273555,0.079026269,0.127187242,-0.157641284,0.082552398,-0.086889153,-0.115908399,0.149778401,0,51.572152027,0,0,0.000000000,0.000000000,0.000000000,1
39.832000000,0.000000000,0.022000000,-0.009302876,0.014062879,-0.012441072,-0.010440545,2.921277046,0.017699851,2.938976897,2.939751018,0.009223085,0.010645956,0.020021255,0.020028314,-0.012881229,-0.012118542,-0.003658145,-0.001472587,-0.056162539,0.063640302,0.146255675,-0.178963369,0.052504394,-0.065112889,-0.149913820,0.177490783,0,68.384294694,0,0,0.000000000,0.000000000,0.000000000,1
39.928000000,0.000000000,0.018000000,-0.003616750,0.011295491,-0.010965636,-0.012772824,2.975060701,0.067173702,3.042234404,3.043008525,0.022357035,-0.004494392,0.020124571,0.020005049,-0.003308045,0.014809018,0.019048990,0.010314626,-0.042513276,0.050262558,0.162820300,-0.199439114,0.061562266,-0.039947932,-0.143771309,0.209753740,0,71.751692398,0,0,0.000000000,0.000000000,0.000000000,1
40.034000000,0.000000000,0.024000000,0.004901148,0.001637862,-0.022822920,-0.019834455,2.942723036,0.093125155,3.035848191,3.036622312,0.084166063,-0.055242095,0.021698831,0.020748901,0.038654440,-0.004001763,0.122820503,-0.059243859,-0.030558794,0.037966334,0.179164964,-0.221563636,0.153379297,-0.097210192,-0.056344461,0.162319777,1,27.622806893,0,0,0.000000000,0.000000000,0.000000000,1
40.134000000,0.000000000,0.024000000,0.026408802,-0.019011741,-0.062809251,-0.064324975,2.918086290,0.016653451,2.934739741,2.935513863,0.261831767,-0.244571574,0.032947819,0.031593552,0.018929792,0.012260665,0.280761559,-0.232310908,-0.021436616,0.029047444,0.155844651,-0.144921879,0.302198176,-0.261358352,0.124916908,-0.087389030,1,16.554783227,0,0,0.000000000,0.000000000,0.000000000,1
40.236000000,0.000000000,0.026000000,0.069460944,-0.059741330,-0.083980426,-0.084960274,2.926726818,0.086197127,3.012923945,3.013698066,0.462307177,-0.435974928,0.050371413,0.047966044,-0.074052036,0.036692060,0.388255141,-0.399282868,-0.017915639,0.023306706,0.192531147,-0.182376956,0.406170780,-0.422589573,0.195723994,-0.216905911,1,31.138571280,0,0,0.000000000,0.000000000,0.000000000,1
40.330000000,0.000000000,0.020000000,0.076889195,-0.071748751,-0.077545375,-0.072865829,2.958134413,0.006949623,2.965084036,2.965858157,0.457911476,-0.428794382,0.049968282,0.047314334,0.002422659,-0.024183668,0.460334135,-0.452978049,-0.023242222,0.026443415,0.215872566,-0.214960108,0.483576357,-0.479421464,0.244461570,-0.238017941,0,42.288805360,0,0,0.000000000,0.000000000,0.000000000,1
40.434000000,0.000000000,0.024000000,0.057349031,-0.051087297,-0.057031251,-0.058972601,2.896313906,-0.062378281,2.833935625,2.834709746,0.324146357,-0.311902665,0.038088169,0.037051757,0.061281588,0.069644266,0.385427945,-0.242258399,-0.035046767,0.036389858,0.206578639,-0.213087857,0.420474712,-0.278648257,0.178849306,-0.029170542,1,16.946092595,0,0,0.000000000,0.000000000,0.000000000,1
40.534000000,0.000000000,0.026000000,0.036982949,-0.031107108,-0.044700034,-0.045668613,2.937627316,-0.005008592,2.932618723,2.933392845,0.239545046,-0.225153916,0.031206062,0.030115492,0.021366961,0.100174187,0.260912007,-0.124979729,-0.051362726,0.051598339,0.237322023,-0.216988201,0.312274733,-0.176578068,0.023589984,0.092008472,1,6.864079721,0,0,0.000000000,0.000000000,0.000000000,1
40.634000000,0.000000000,0.026000000,0.018534314,-0.013213274,-0.040365733,-0.037814274,2.997945547,-0.001626488,2.996319059,2.997093180,0.176483335,-0.152894817,0.026673276,0.025174754,-0.003854716,-0.007789972,0.172628619,-0.160684790,-0.073662617,0.072134758,0.222610528,-0.175281591,0.246291236,-0.232819548,-0.049981909,0.014596801,1,2.441011266,0,0,0.000000000,0.000000000,0.000000000,1
40.732000000,0.000000000,0.026000000,0.004359338,-0.001482483,-0.034435384,-0.032195646,2.933291197,0.063342389,2.996633586,2.997407707,0.116253568,-0.100921012,0.023133286,0.022402020,0.000342732,-0.013892509,0.116596300,-0.114813521,-0.096738020,0.095543883,0.184559851,-0.153324808,0.213334320,-0.210357404,-0.067963552,0.038511287,1,7.060631899,0,0,0.000000000,0.000000000,0.000000000,1
40.832000000,0.000000000,0.022000000,-0.004759630,0.013016854,-0.032868288,-0.037206039,2.938763142,0.107511116,3.046274257,3.047048378,0.085626682,-0.073686892,0.021755902,0.021314258,-0.014461177,0.006307500,0.071165504,-0.067379392,-0.124050312,0.122386401,0.136129651,-0.119426086,0.195215816,-0.189765793,-0.064964147,0.052046694,1,9.343303161,0,0,0.000000000,0.000000000,0.000000000,1
40.934000000,0.000000000,0.026000000,-0.014805647,0.023505803,-0.032031938,-0.034117609,2.916696310,0.034471061,2.951167371,2.951941493,0.050837670,-0.031317217,0.020636005,0.020243707,-0.010378417,-0.029878803,0.040459253,-0.061196020,-0.151702508,0.150016712,0.087160662,-0.080504526,0.192161760,-0.211212732,-0.046701409,0.019308506,1,3.853061941,0,0,0.000000000,0.000000000,0.000000000,1
41.032000000,0.000000000,0.020000000,-0.031631563,0.039389876,-0.026293747,-0.026779493,2.978660822,-0.040906184,2.937754638,2.938528759,-0.015681194,0.037046211,0.020061381,0.020340212,-0.032752879,-0.034309671,-0.048434072,0.002736540,-0.184098825,0.180962650,0.042332065,-0.048226203,0.135664752,-0.178226110,-0.090766137,0.050962744,1,17.433369224,0,0,0.000000000,0.000000000,0.000000000,1
41.128000000,0.000000000,0.018000000,-0.043390520,0.051626474,-0.024445768,-0.031276740,2.987502575,-0.035373610,2.952128965,2.952903086,-0.055927350,0.060075040,0.020767250,0.020882771,-0.020703148,0.001177979,-0.076630498,0.061253019,-0.214125745,0.212493520,-0.016700161,-0.008213677,0.137495247,-0.151240501,-0.059930337,0.069466696,1,13.180366956,0,0,0.000000000,0.000000000,0.000000000,1
41.232000000,0.000000000,0.022000000,-0.057734204,0.063039340,-0.024307594,-0.024988322,2.986781120,-0.142912695,2.843868425,2.844642546,-0.095060882,0.108212090,0.022144203,0.022739801,-0.014333734,-0.017024030,-0.109394616,0.091188060,-0.249278476,0.245318526,-0.067957357,0.040148277,0.139883860,-0.154130466,-0.041437259,0.051039783,1,6.027791355,0,0,0.000000000,0.000000000,0.000000000,1
41.334000000,0.000000000,0.024000000,-0.073820670,0.076992178,-0.022525143,-0.022804093,2.945224524,-0.054416453,2.890808071,2.891582192,-0.148285525,0.156647353,0.024897509,0.025404408,-0.022876060,0.024873926,-0.171161585,0.181521280,-0.283457824,0.278238959,-0.113949284,0.082558413,0.112296240,-0.096717680,-0.057212301,0.098962866,1,15.104542591,0,0,0.000000000,0.000000000,0.000000000,1
41.436000000,0.000000000,0.026000000,-0.081548664,0.085559074,-0.017946485,-0.021098793,2.952479839,0.037953066,2.990432905,2.991207026,-0.190198048,0.192764146,0.027599873,0.027777332,-0.020586230,-0.037025495,-0.210784278,0.155738650,-0.320877705,0.315261951,-0.162856639,0.136302317,0.110093427,-0.159523301,-0.047927640,0.019436334,1,2.663570264,0,0,0.000000000,0.000000000,0.000000000,1
41.536000000,0.000000000,0.024000000,-0.092711219,0.099314439,-0.021010853,-0.025035890,2.991489887,0.070811157,3.062301044,3.063075165,-0.219568105,0.227463280,0.029700194,0.030288536,-0.004043318,-0.044935366,-0.223611423,0.182527914,-0.354911715,0.348846378,-0.207591193,0.167735063,0.131300292,-0.166318464,-0.016020229,0.014792851,1,0.406353596,0,0,0.000000000,0.000000000,0.000000000,1
41.636000000,0.000000000,0.024000000,-0.103585959,0.109737220,-0.021358494,-0.022290751,2.963634968,-0.049626351,2.914008617,2.914782738,-0.239611543,0.254819762,0.031211167,0.032393381,0.032940698,-0.019499057,-0.206670846,0.235320704,-0.393404049,0.384707131,-0.244921076,0.198614795,0.186733203,-0.149386427,0.038250230,0.036705909,1,2.139970403,0,0,0.000000000,0.000000000,0.000000000,1
41.736000000,0.000000000,0.024000000,-0.121354394,0.124506849,-0.017354498,-0.018440437,2.970261574,0.025177279,2.995438853,2.996212974,-0.311525330,0.317715454,0.037019999,0.037542391,-0.005543899,-0.073168240,-0.317069229,0.244547214,-0.428758221,0.418253521,-0.271611205,0.232896110,0.111688992,-0.173706307,-0.045458024,0.011651104,1,1.302007148,0,0,0.000000000,0.000000000,0.000000000,1
41.836000000,0.000000000,0.024000000,-0.153114464,0.153737429,0.018673589,0.019948142,2.991472244,-0.034638030,2.956834214,2.957608335,-0.507948794,0.513559439,0.054590473,0.055112911,-0.008251150,-0.085314027,-0.516199944,0.428245411,-0.469318716,0.454975952,-0.316077782,0.260379830,-0.046881227,-0.026730541,-0.200122162,0.167865581,1,20.230458581,0,0,0.000000000,0.000000000,0.000000000,1
41.936000000,0.000000000,0.022000000,-0.207985393,0.202894712,0.045736507,0.052291933,3.011840820,-0.041229763,2.970611057,2.971385178,-0.753709081,0.758060272,0.077979316,0.078399960,-0.021063794,-0.134799543,-0.774772875,0.623260729,-0.506097670,0.487279064,-0.370407654,0.304722370,-0.268675205,0.135981664,-0.404365221,0.318538358,0,40.426926800,0,0,0.000000000,0.000000000,0.000000000,1
42.034000000,0.000000000,0.022000000,-0.237014270,0.229479226,0.047070164,0.056350708,3.037850857,-0.057998417,2.979852440,2.980626561,-0.846529695,0.851731025,0.086983477,0.087489756,-0.063226826,0.046673524,-0.909756521,0.898404549,-0.540707523,0.518569574,-0.397949295,0.323879376,-0.369048998,0.379834975,-0.511807226,0.574525174,0,nan,0,0,0.000000000,0.000000000,0.000000000,1
42.136000000,0.000000000,0.026000000,-0.242732053,0.234781460,0.037633181,0.042264901,2.980843306,-0.045450823,2.935392483,2.936166604,-0.822982000,0.813239806,0.084693528,0.083747178,0.113544012,-0.006408768,-0.709437988,0.806831038,-0.565900531,0.542734479,-0.416925543,0.337612702,-0.143537458,0.264096559,-0.292512445,0.469218336,0,38.897691869,0,0,0.000000000,0.000000000,0.000000000,1
42.236000000,0.000000000,0.026000000,-0.229363974,0.227076754,0.029014098,0.026884899,2.972574949,0.010159476,2.982734426,2.983508547,-0.770673170,0.757500163,0.079620169,0.078345804,-0.006916831,-0.245975852,-0.777590001,0.511524311,-0.586660515,0.564779221,-0.432245887,0.347491027,-0.190929486,-0.053254911,-0.345344114,0.164033284,1,20.117875141,0,0,0.000000000,0.000000000,0.000000000,1
42.336000000,0.000000000,0.024000000,-0.225426199,0.227914801,0.022827053,0.018581405,2.971895456,-0.022858810,2.949036646,2.949810767,-0.732107940,0.726926345,0.075893480,0.075393760,0.099129047,-0.066337395,-0.632978893,0.660588950,-0.603280772,0.580640966,-0.485923424,0.379535204,-0.029698121,0.079947984,-0.147055469,0.281053745,1,14.841422580,0,0,0.000000000,0.000000000,0.000000000,1
42.436000000,0.000000000,0.024000000,-0.227918830,0.224762381,0.012586247,0.014557528,2.951985359,0.038820613,2.990805972,2.991580093,-0.719304022,0.715759415,0.074659110,0.074317665,0.006001749,0.009730303,-0.713302273,0.725489718,-0.618487441,0.593848957,-0.517239445,0.424076111,-0.094814832,0.131640761,-0.196062828,0.301413606,1,19.433609698,0,0,0.000000000,0.000000000,0.000000000,1
42.536000000,0.000000000,0.024000000,-0.228312672,0.223478607,0.010710272,0.012383805,2.965584517,0.018956002,2.984540519,2.985314640,-0.713373663,0.703940924,0.074087920,0.073180108,-0.077639667,0.049784274,-0.791013329,0.753725198,-0.628935337,0.604163875,-0.556856469,0.475401493,-0.162077992,0.149561324,-0.234156860,0.278323705,1,20.230265696,0,0,0.000000000,0.000000000,0.000000000,1
42.636000000,0.000000000,0.024000000,-0.229541893,0.224830780,0.010159663,0.011364518,2.981467485,-0.004887193,2.976580292,2.977354413,-0.713490927,0.703054268,0.074099211,0.073094822,0.048572198,0.148331329,-0.664918729,0.851385597,-0.639636917,0.613421500,-0.603412686,0.522667646,-0.025281813,0.237964096,-0.061506043,0.328717950,1,17.431985172,0,0,0.000000000,0.000000000,0.000000000,1
42.734000000,0.000000000,0.018000000,-0.239554363,0.233225811,0.041936792,0.044797655,2.933835268,0.012848546,2.946683814,2.947457936,-0.829465431,0.819247248,0.085323672,0.084330662,0.059114299,0.087679600,-0.770351132,0.906926848,-0.648970733,0.622317624,-0.622000496,0.574266817,-0.121380399,0.284609225,-0.148350637,0.332660031,1,16.110499470,0,0,0.000000000,0.000000000,0.000000000,1
42.834000000,0.000000000,0.026000000,-0.284030926,0.280061092,0.070913292,0.078147627,2.920269012,-0.041995634,2.878273378,2.879047500,-1.021626495,1.031022621,0.104101907,0.105024171,0.016252045,-0.008181919,-1.005374450,1.022840702,-0.655228179,0.627279707,-0.643632490,0.608847357,-0.350146271,0.395560995,-0.361741959,0.413993345,1,24.959068846,0,0,0.000000000,0.000000000,0.000000000,1
42.932000000,0.000000000,0.024000000,-0.305814776,0.297989983,0.076726310,0.081099436,2.969011307,0.023274780,2.992286086,2.993060208,-1.144672369,1.134343993,0.116201327,0.115184039,-0.108456514,-0.123803515,-1.253128883,1.010540478,-0.655301946,0.626927498,-0.671293412,0.635322900,-0.597826936,0.383612980,-0.581835470,0.375217578,1,32.673314762,0,0,0.000000000,0.000000000,0.000000000,1
43.034000000,0.000000000,0.026000000,-0.297873281,0.290434843,0.061711952,0.064828649,2.958318949,0.042396005,3.000714954,3.001489075,-1.079012786,1.066044474,0.109739172,0.108464318,0.021299434,-0.174617363,-1.057713352,0.891427112,-0.647427816,0.619732581,-0.700674649,0.649326241,-0.410285536,0.271694531,-0.357038703,0.242100871,1,13.981999188,0,0,0.000000000,0.000000000,0.000000000,1
43.134000000,0.000000000,0.026000000,-0.274447366,0.272192974,0.051411796,0.048916411,2.988694668,-0.033134360,2.955560308,2.956334429,-0.963096406,0.949058153,0.098364358,0.096990277,-0.188159311,0.045521448,-1.151255717,0.994579601,-0.632408599,0.607068153,-0.713339000,0.648900320,-0.518847118,0.387511448,-0.437916717,0.345679281,1,28.244965157,0,0,0.000000000,0.000000000,0.000000000,1
43.232000000,0.000000000,0.020000000,-0.253525634,0.254343497,0.044292450,0.039329886,2.948650599,-0.052524893,2.896125706,2.896899827,-0.862518609,0.850515034,0.088540293,0.087371381,-0.072736862,0.117742421,-0.935255471,0.968257455,-0.611999622,0.588139155,-0.746090004,0.666314566,-0.323255849,0.380118300,-0.189165467,0.301942889,1,13.875920804,0,0,0.000000000,0.000000000,0.000000000,1
43.336000000,0.000000000,0.028000000,-0.243139238,0.239334248,0.033875238,0.040220425,2.950016022,0.006227190,2.956243212,2.957017333,-0.818922166,0.826431604,0.084299081,0.085028771,0.026348245,-0.108734175,-0.792573921,0.717697429,-0.589709219,0.564466082,-0.746185508,0.673007242,-0.202864702,0.153231347,-0.046388413,0.044690187,1,0.480123549,0,0,0.000000000,0.000000000,0.000000000,1
43.434000000,0.000000000,0.026000000,-0.231574916,0.226326018,0.030980548,0.036271598,2.968351841,-0.033940572,2.934411269,2.935185390,-0.770445713,0.770569404,0.079598153,0.079610125,0.206325364,0.005108256,-0.564120349,0.775677661,-0.563324692,0.539329475,-0.725873825,0.644577137,-0.000795656,0.236348186,0.161753476,0.131100523,1,5.819216690,0,0,0.000000000,0.000000000,0.000000000,1
43.534000000,0.000000000,0.026000000,-0.216750518,0.211465316,0.029506071,0.035903562,2.952277899,0.031511386,2.983789285,2.984563406,-0.734777769,0.738096606,0.076151058,0.076471341,0.018036326,-0.078341540,-0.716741443,0.659755066,-0.536774702,0.511252837,-0.667528826,0.622074499,-0.179966740,0.148502229,-0.049212617,0.037680567,1,0.534377156,0,0,0.000000000,0.000000000,0.000000000,1
43.634000000,0.000000000,0.026000000,-0.202697952,0.201464434,0.029281693,0.027674694,2.969550371,0.017228139,2.986778510,2.987552631,-0.692871819,0.684387821,0.072115973,0.071301241,0.050602933,-0.051216379,-0.642268886,0.633171442,-0.504494458,0.482328015,-0.639844781,0.588192831,-0.137774428,0.150843427,-0.002424105,0.044978611,1,0.322580518,0,0,0.000000000,0.000000000,0.000000000,1
43.736000000,0.000000000,0.028000000,-0.184680568,0.190311058,0.030917050,0.026509373,2.942283392,-0.097176272,2.845107120,2.845881241,-0.613398319,0.616877350,0.064518021,0.064848875,-0.047415467,0.035986999,-0.660813786,0.652864349,-0.473011938,0.453971377,-0.601409191,0.553803308,-0.187801848,0.198892972,-0.059404595,0.099061041,1,2.465148166,0,0,0.000000000,0.000000000,0.000000000,1
43.834000000,0.000000000,0.026000000,-0.172708255,0.177804649,0.025268333,0.022930849,2.955816507,0.020397995,2.976214502,2.976988623,-0.589220793,0.597431902,0.062223881,0.063001974,0.036065608,-0.058727527,-0.553155185,0.538704375,-0.438699936,0.421587920,-0.577119694,0.531993759,-0.114455249,0.117116455,0.023964509,0.006710616,1,0.124982297,0,0,0.000000000,0.000000000,0.000000000,1
43.934000000,0.000000000,0.026000000,-0.160429179,0.161026784,0.020819880,0.024340719,2.941432238,0.025095578,2.966527816,2.967301937,-0.537680375,0.549897853,0.057367254,0.058513900,0.000303491,0.041117298,-0.537376885,0.591015151,-0.405321019,0.388924930,-0.530360000,0.488165239,-0.132055866,0.202090221,-0.007016884,0.102849912,1,2.391849045,0,0,0.000000000,0.000000000,0.000000000,1
44.036000000,0.000000000,0.026000000,-0.151783389,0.151244243,0.017704010,0.021859663,2.967468977,0.019548508,2.987017485,2.987791606,-0.506261825,0.517064392,0.054433541,0.055439660,-0.064144047,0.023752390,-0.570405871,0.540816783,-0.368030719,0.352441048,-0.488798445,0.464806006,-0.202375152,0.188375734,-0.081607427,0.076010777,1,3.134687436,0,0,0.000000000,0.000000000,0.000000000,1
44.136000000,0.000000000,0.024000000,-0.137500743,0.138055641,0.019121567,0.019700928,2.895995855,-0.040363941,2.855631914,2.856406036,-0.447255665,0.450494691,0.048993635,0.049289499,0.003399743,-0.004411748,-0.443855922,0.446082943,-0.331659695,0.317374573,-0.463871584,0.434393967,-0.112196227,0.128708370,0.020015662,0.011688976,1,0.162013997,0,0,0.000000000,0.000000000,0.000000000,1
44.236000000,0.000000000,0.026000000,-0.122485217,0.126231596,0.019551070,0.017387412,2.909967422,0.012792314,2.922759736,2.923533858,-0.415137941,0.419763856,0.046080311,0.046497494,-0.034083788,0.079555684,-0.449221730,0.499319540,-0.292676798,0.280171340,-0.412175473,0.390089709,-0.156544932,0.219148200,-0.037046257,0.109229830,1,4.506404431,0,0,0.000000000,0.000000000,0.000000000,1
44.336000000,0.000000000,0.024000000,-0.107051840,0.112870135,0.019403797,0.018366432,2.920589447,0.000393293,2.920982740,2.921756861,-0.369374733,0.383339746,0.042004487,0.043237641,-0.069478127,0.059680509,-0.438852861,0.443020256,-0.256102091,0.245433708,-0.378540145,0.372082843,-0.182750770,0.197586548,-0.060312715,0.070937413,1,3.423847477,0,0,0.000000000,0.000000000,0.000000000,1
44.434000000,0.000000000,0.022000000,-0.095114416,0.100790398,0.019783216,0.019992646,2.995465755,0.010146522,3.005612277,3.006386398,-0.345337733,0.363026998,0.039907161,0.041447389,-0.036674044,-0.034014751,-0.382011778,0.329012247,-0.216340122,0.206317694,-0.350343453,0.340504418,-0.165671656,0.122694553,-0.031668325,-0.011492171,1,0.496745289,0,0,-0.000000000,-0.000000000,-0.000000000,1
44.532000000,0.000000000,0.020000000,-0.077217692,0.082023003,0.013368656,0.015058937,2.949279785,-0.031407869,2.917871916,2.918646037,-0.264319360,0.283272665,0.033145848,0.034676131,-0.016803510,0.008541235,-0.281122871,0.291813900,-0.174214498,0.165295459,-0.314953318,0.285042510,-0.106908373,0.126518441,0.033830448,0.006771389,1,0.693005645,0,0,0.000000000,0.000000000,0.000000000,1
44.636000000,0.000000000,0.024000000,-0.060008073,0.065530247,0.015482289,0.015253678,2.909776688,-0.030965194,2.878811494,2.879585615,-0.217322522,0.232561693,0.029534569,0.030673269,-0.038619906,-0.032807829,-0.255942428,0.199753863,-0.136686863,0.129612124,-0.257399959,0.235258224,-0.119255565,0.070141739,0.001457531,-0.035504361,1,0.858702634,0,0,0.000000000,0.000000000,0.000000000,1
44.736000000,0.000000000,0.024000000,-0.049429623,0.058673098,0.022635585,0.020194361,2.960657835,0.004712109,2.965369944,2.966144065,-0.213700002,0.233871193,0.029269043,0.030772672,-0.025356477,0.001676891,-0.239056479,0.235548084,-0.099583604,0.095182975,-0.210123392,0.172966330,-0.139472874,0.140365109,-0.028933087,0.062581754,1,3.488453385,0,0,0.000000000,0.000000000,0.000000000,1
44.836000000,0.000000000,0.026000000,-0.038208068,0.051742532,0.024645265,0.019455001,2.958666086,-0.013691568,2.944974518,2.945748640,-0.185101466,0.209674918,0.027251156,0.028976468,0.000743573,-0.000881846,-0.184357892,0.208793072,-0.058860487,0.058284161,-0.172862153,0.143647239,-0.125497405,0.150508911,-0.011495739,0.065145833,1,3.515259866,0,0,0.000000000,0.000000000,0.000000000,1
44.936000000,0.000000000,0.026000000,-0.018135606,0.032981728,0.019947857,0.013547186,2.947221756,0.032109650,2.979331406,2.980105527,-0.113463258,0.138625054,0.022994328,0.024334524,-0.023138520,-0.042196235,-0.136601777,0.096428819,-0.019057861,0.022960972,-0.128098952,0.111181524,-0.117543916,0.073467847,-0.008502826,-0.014752705,1,0.296061062,0,0,-0.000000000,-0.000000000,-0.000000000,1
45.036000000,0.000000000,0.024000000,-0.002274185,0.018175482,0.019232724,0.014603126,2.985927105,-0.021080822,2.964846283,2.965620404,-0.063764678,0.097183534,0.020991888,0.022236151,-0.014713751,-0.019442718,-0.078478428,0.077740815,0.022507350,-0.017361832,-0.084163347,0.053412171,-0.100985778,0.095102647,0.005684918,0.024328644,1,0.749174119,0,0,0.000000000,0.000000000,0.000000000,1
45.136000000,0.000000000,0.024000000,0.011161215,-0.002854164,0.012775073,0.015605862,2.974936247,-0.019149718,2.955786529,2.956560650,-0.004770220,0.037691298,0.020005688,0.020352060,-0.016648552,0.005728664,-0.021418772,0.043419963,0.064402080,-0.059466866,-0.036521302,0.008529846,-0.085820852,0.102886829,0.015102531,0.034890116,1,2.027598120,0,0,0.000000000,0.000000000,0.000000000,1
45.234000000,0.000000000,0.024000000,0.022455575,-0.017798910,0.014600792,0.014230463,2.952222824,-0.055033371,2.897189453,2.897963574,0.022756795,-0.010338467,0.020129052,0.020026703,-0.022936814,0.038243867,-0.000180018,0.027905400,0.102653500,-0.098502217,0.015255589,-0.031270986,-0.102833518,0.126407616,-0.015435608,0.059176385,1,5.782083515,0,0,0.000000000,0.000000000,0.000000000,1
45.336000000,0.000000000,0.024000000,0.030719442,-0.024863378,0.019043468,0.013039220,2.955111504,0.019223004,2.974334508,2.975108629,0.034728253,-0.035169000,0.020299274,0.020306861,-0.014511233,0.009196470,0.020217020,-0.025972530,0.146062203,-0.139357164,0.057889906,-0.063212159,-0.125845183,0.113384634,-0.037672886,0.037239628,1,4.372119389,0,0,0.000000000,0.000000000,0.000000000,1
45.434000000,0.000000000,0.022000000,0.047610567,-0.034312319,0.019662557,0.012880874,2.980709314,0.069592239,3.050301554,3.051075675,0.085249857,-0.065372371,0.021741099,0.021041280,-0.023073845,-0.009694616,0.062176012,-0.075066987,0.183970831,-0.177730504,0.091129408,-0.102121076,-0.121794819,0.102663517,-0.028953396,0.027054089,1,2.296564478,0,0,0.000000000,0.000000000,0.000000000,1
45.536000000,0.000000000,0.024000000,0.067802464,-0.054026327,-0.007605178,-0.017685166,2.967216969,-0.034417908,2.932799061,2.933573182,0.221155461,-0.210315398,0.029817736,0.029022847,0.050306466,-0.028092250,0.271461927,-0.238407648,0.222463535,-0.215996071,0.129692652,-0.148031716,0.048998393,-0.022411577,0.141769276,-0.090375932,1,25.339357926,0,0,0.000000000,0.000000000,0.000000000,1
45.634000000,0.000000000,0.026000000,0.133130744,-0.120929989,-0.068088748,-0.072813198,2.978497744,0.003310788,2.981808532,2.982582653,0.599997997,-0.577705087,0.063245363,0.061134537,-0.001553847,0.107311318,0.598444150,-0.470393768,0.261460523,-0.256619027,0.202585208,-0.216430880,0.336983627,-0.213774741,0.395858942,-0.253962889,0,52.596446158,0,0,0.000000000,0.000000000,0.000000000,1
45.734000000,0.000000000,0.024000000,0.193996212,-0.189230473,-0.103861935,-0.106490441,2.936127663,0.016872564,2.953000227,2.953774348,0.879575176,-0.873263925,0.090202688,0.089587381,-0.084501685,0.024488991,0.795073491,-0.848774934,0.292553884,-0.288871534,0.238118386,-0.260229774,0.502519607,-0.559903400,0.556955105,-0.588545160,0,nan,0,0,0.000000000,0.000000000,0.000000000,1
45.836000000,0.000000000,0.028000000,0.210304118,-0.206020105,-0.091806091,-0.094330996,2.960469007,-0.051271915,2.909197092,2.909971213,0.878898142,-0.873780552,0.090136671,0.089637741,0.039271047,0.216757055,0.918169189,-0.657023497,0.313111649,-0.313533193,0.261640814,-0.294739991,0.605057540,-0.343490304,0.656528375,-0.362283506,0,64.587594762,0,0,0.000000000,0.000000000,0.000000000,1
45.934000000,0.000000000,0.022000000,0.196367072,-0.195982759,-0.080682777,-0.079885274,2.966414213,0.051837098,3.018251311,3.019025432,0.836206071,-0.832639051,0.085979102,0.085632225,-0.043786016,-0.043277461,0.792420055,-0.875916513,0.322912102,-0.324161833,0.274739784,-0.316901608,0.469507953,-0.551754680,0.517680270,-0.559014905,0,nan,0,0,0.000000000,0.000000000,0.000000000,1
46.032000000,0.000000000,0.022000000,0.178970325,-0.180513437,-0.065116689,-0.060008153,2.936006546,-0.010091516,2.925915030,2.926689152,0.714177862,-0.703745736,0.074165357,0.073161333,0.029600972,0.046506657,0.743778833,-0.657239079,0.322725265,-0.329327829,0.279971670,-0.333351026,0.421053568,-0.327911250,0.463807163,-0.323888053,0,49.347043333,0,0,0.000000000,0.000000000,0.000000000,1
46.136000000,0.000000000,0.028000000,0.167804896,-0.176811000,-0.063123621,-0.054882981,2.949950218,-0.004231382,2.945718836,2.946492957,0.680250481,-0.682505323,0.070904211,0.071120568,0.102041955,0.031521204,0.782292436,-0.650984119,0.317481593,-0.327484499,0.279292828,-0.344913087,0.464810842,-0.323499620,0.502999608,-0.306071032,0,54.528654272,0,0,0.000000000,0.000000000,0.000000000,1
46.232000000,0.000000000,0.024000000,0.158463605,-0.165950023,-0.047340319,-0.046608113,2.961842775,-0.007092187,2.954750589,2.955524710,0.608099264,-0.628056278,0.064014429,0.065913177,-0.066860687,0.123341863,0.541238577,-0.504714415,0.306474890,-0.316914918,0.275600976,-0.347049794,0.234763686,-0.187799497,0.265637600,-0.157664621,1,16.531572628,0,0,0.000000000,0.000000000,0.000000000,1
46.334000000,0.000000000,0.026000000,0.146123043,-0.149242553,-0.042719286,-0.043860018,2.931386232,-0.072169657,2.859216576,2.859990697,0.539941118,-0.552122073,0.057579199,0.058722975,0.026299492,-0.029450710,0.566240610,-0.581572783,0.291913879,-0.302557485,0.340588652,-0.391826026,0.274326732,-0.279015298,0.225651959,-0.189746757,1,18.113415613,0,0,0.000000000,0.000000000,0.000000000,1
46.432000000,0.000000000,0.024000000,0.143637908,-0.143934999,-0.054049622,-0.054493509,2.942624331,-0.073015171,2.869609159,2.870383280,0.567285946,-0.569412266,0.060150922,0.060351498,0.030219383,-0.047731561,0.597505329,-0.617143827,0.273775214,-0.284773102,0.399824532,-0.443255692,0.323730115,-0.332370724,0.197680797,-0.173888135,1,14.321721906,0,0,0.000000000,0.000000000,0.000000000,1
46.532000000,0.000000000,0.024000000,0.219499352,-0.254123722,-0.153354302,-0.125721127,2.970023155,-0.048171844,2.921851311,2.922625432,1.089422938,-1.109850171,0.110762915,0.112772665,0.193609586,0.120549101,1.283032524,-0.989301070,0.251616612,-0.262602370,0.432342025,-0.478547402,1.031415911,-0.726698700,0.850690499,-0.510753668,0,nan,0,0,0.000000000,0.000000000,0.000000000,1
46.634000000,0.000000000,0.026000000,0.171427221,-0.189647831,-0.018276947,-0.022674754,2.969166994,-0.007404599,2.961762395,2.962536516,0.561858670,-0.628849048,0.059639346,0.065988721,-0.046796917,0.003914047,0.515061753,-0.624935001,0.217403217,-0.226085317,0.405666604,-0.454425251,0.297658536,-0.398849684,0.109395149,-0.170509750,1,7.568988121,0,0,0.000000000,0.000000000,0.000000000,1
46.732000000,0.000000000,0.026000000,0.059533081,-0.049943033,0.062388156,0.046049736,2.915782213,0.052241097,2.968023310,2.968797431,-0.008473929,-0.011555394,0.020017944,0.020033354,0.017942735,0.018537806,0.009468806,0.006982412,0.183742087,-0.188992053,0.409043090,-0.468645017,-0.174273281,0.195974465,-0.399574284,0.475627429,0,241.457924045,0,0,0.000000000,0.000000000,0.000000000,1
46.836000000,0.000000000,0.026000000,-0.002706798,0.011536352,0.064854532,0.062318042,2.979607344,0.019916840,2.999524183,3.000298304,-0.202651845,0.221528041,0.028472402,0.029845380,0.000308368,0.031691191,-0.202343477,0.253219232,0.147883264,-0.154732694,0.382807059,-0.451121730,-0.350226742,0.407951926,-0.585150536,0.704340961,0,nan,0,0,0.000000000,0.000000000,0.000000000,1
46.930000000,0.000000000,0.022000000,-0.009268319,0.000991868,0.035748340,0.041081320,2.967727184,0.142215493,3.109942677,3.110716798,-0.139999230,0.130845204,0.024413067,0.023899889,0.003804279,-0.032200506,-0.136194951,0.098644698,0.123171334,-0.130144034,0.365231005,-0.438690233,-0.259366284,0.228788733,-0.501425956,0.537334931,0,235.512600207,0,0,0.000000000,0.000000000,0.000000000,1
47.032000000,0.000000000,0.020000000,0.009268008,-0.018777324,0.014231187,0.018490789,2.966082811,-0.078938227,2.887144585,2.887918706,-0.014329415,-0.000827265,0.020051267,0.020000171,-0.029284418,-0.026635956,-0.043613832,-0.027463221,0.102235180,-0.109474456,0.352514656,-0.432866891,-0.145849013,0.082011235,-0.396128488,0.405403670,0,132.006888349,0,0,0.000000000,0.000000000,0.000000000,1
47.136000000,0.000000000,0.022000000,0.021531645,-0.027765408,0.005441189,0.005265071,2.949672937,-0.022028599,2.927644339,2.928418460,0.047107132,-0.065872985,0.020547283,0.021056887,0.023100754,-0.001549259,0.070207886,-0.067422244,0.086808215,-0.093409042,0.341946372,-0.429068317,-0.016600329,0.025986798,-0.271738486,0.361646073,0,71.890604549,0,0,0.000000000,0.000000000,0.000000000,1
47.234000000,0.000000000,0.026000000,0.022119081,-0.023291511,0.010459951,0.005702504,2.953903437,-0.040421819,2.913481617,2.914255739,0.033968661,-0.051245249,0.020286417,0.020646083,0.002352116,0.002629005,0.036320777,-0.048616245,0.070961027,-0.076072704,0.333182244,-0.426239842,-0.034640250,0.027456459,-0.296861467,0.377623598,0,71.558642094,0,0,0.000000000,0.000000000,0.000000000,1
47.336000000,0.000000000,0.026000000,0.010412390,-0.010054379,0.015704522,0.012550305,2.919943094,0.057279382,2.977222476,2.977996597,-0.015755854,0.007430925,0.020061966,0.020013800,-0.009607552,-0.004597919,-0.025363406,0.002833005,0.056111091,-0.060349966,0.324561920,-0.425401715,-0.081474497,0.063182972,-0.349925326,0.428234720,0,83.727642563,0,0,0.000000000,0.000000000,0.000000000,1
47.432000000,0.000000000,0.026000000,0.000776672,-0.004672751,0.013932583,0.017631993,2.911873817,0.009813184,2.921687001,2.922461122,-0.038437455,0.037862848,0.020366010,0.020355244,0.005342809,0.012844253,-0.033094645,0.050707102,0.043583134,-0.047840816,0.319690981,-0.426491302,-0.076677779,0.098547918,-0.352785627,0.477198404,0,85.521254385,0,0,0.000000000,0.000000000,0.000000000,1
47.536000000,0.000000000,0.028000000,-0.012206016,0.005118101,0.024975315,0.033818893,2.956283808,0.003099593,2.959383400,2.960157522,-0.110033812,0.115229494,0.022827054,0.023081992,-0.004345925,0.017312859,-0.114379737,0.132542353,0.032751745,-0.036003733,0.317417886,-0.427467801,-0.147131482,0.168546086,-0.431797623,0.560010154,0,104.698439681,0,0,0.000000000,0.000000000,0.000000000,1
47.634000000,0.000000000,0.020000000,-0.024250109,-0.033453143,-0.038391910,0.029003615,2.952368498,-0.022418381,2.929950117,2.930724238,0.041434774,-0.013036895,0.020424701,0.020042445,-0.040868622,0.009556805,0.000566152,-0.003480091,0.025084819,-0.026680732,0.318003577,-0.432568420,-0.024518667,0.023200641,-0.317437425,0.429088329,0,54.803205694,0,0,0.000000000,0.000000000,0.000000000,1
47.734000000,0.000000000,0.022000000,-0.007087042,-0.091654419,-0.089550033,0.011624064,2.964333534,-0.100643302,2.863690232,2.864464353,0.236148461,-0.229182144,0.030946098,0.030417833,0.060460189,0.057862919,0.296608650,-0.171319226,0.019975895,-0.015627981,0.321806487,-0.435948905,0.276632755,-0.155691244,-0.025197837,0.264629680,1,12.814397873,0,0,0.000000000,0.000000000,0.000000000,1
47.834000000,0.000000000,0.026000000,0.000045353,-0.103519665,-0.100375459,-0.000958547,2.963021040,0.050696947,3.013717987,3.014492108,0.302640007,-0.314867868,0.036275470,0.037301712,-0.031539380,0.039133553,0.271100627,-0.275734315,0.017400366,0.001175525,0.299205328,-0.210253590,0.253700261,-0.276909839,-0.028104701,-0.065480724,1,2.291544869,0,0,-0.000000000,-0.000000000,-0.000000000,1
47.932000000,0.000000000,0.024000000,0.009436990,-0.090444407,-0.070642754,-0.006052526,2.913676262,0.039217139,2.952893401,2.953667522,0.236466948,-0.284945155,0.030970408,0.034812892,-0.022646575,-0.010661099,0.213820374,-0.295606255,0.015922699,0.024737672,0.294822681,-0.222128476,0.197897675,-0.320343927,-0.081002308,-0.073477779,1,7.232402515,0,0,-0.000000000,-0.000000000,-0.000000000,1
48.034000000,0.000000000,0.026000000,0.011023959,-0.050188785,-0.052457064,-0.005107485,2.922224283,0.098604026,3.020828310,3.021602431,0.191765273,-0.167040539,0.027708107,0.026058116,-0.027411917,0.012642096,0.164353356,-0.154398442,0.013317276,0.058319191,0.267996065,-0.225563355,0.151036080,-0.212717634,-0.103642709,0.071164913,1,12.766356168,0,0,0.000000000,0.000000000,0.000000000,1
48.136000000,0.000000000,0.024000000,0.004552562,-0.024030775,-0.042336877,0.001529221,2.970432758,-0.032050848,2.938381910,2.939156031,0.137779080,-0.066118159,0.024286431,0.021064570,0.012005247,0.000241273,0.149784327,-0.065876887,0.009993390,0.094293337,0.233609482,-0.170672357,0.139790937,-0.160170223,-0.083825155,0.104795471,1,20.293587796,0,0,0.000000000,0.000000000,0.000000000,1
48.236000000,0.000000000,0.024000000,-0.000051552,-0.004303566,-0.037712466,0.003028071,2.944835424,-0.001089476,2.943745948,2.944520069,0.110864162,-0.003754733,0.022867195,0.020003524,0.020631605,-0.003390107,0.131495767,-0.007144841,0.006119292,0.135821827,0.204196315,-0.096491780,0.125376475,-0.142966668,-0.072700548,0.089346940,1,17.707633321,0,0,0.000000000,0.000000000,0.000000000,1
48.336000000,0.000000000,0.026000000,-0.002562901,0.014328670,-0.039304387,0.005607144,2.953341484,-0.019978863,2.933362621,2.934136742,0.107776102,0.058478972,0.022719086,0.020837416,-0.014743053,-0.000964360,0.093033049,0.057514613,0.001891318,0.176104555,0.177688259,-0.029708376,0.091141731,-0.118589942,-0.084655211,0.087222988,1,19.779120909,0,0,0.000000000,0.000000000,0.000000000,1
48.430000000,0.000000000,0.018000000,-0.004908242,0.028796980,-0.037591662,0.002536902,2.943739176,0.025033539,2.968772714,2.969546836,0.097029647,0.093023174,0.022229429,0.022057496,0.013037663,0.019032368,0.110067310,0.112055542,-0.001178905,0.223090097,0.153412510,0.033281244,0.111246215,-0.111034555,-0.043345200,0.078774298,1,10.969558519,0,0,0.000000000,0.000000000,0.000000000,1
48.534000000,0.000000000,0.024000000,-0.000422101,0.051304886,-0.034285873,-0.001626646,2.950285196,0.012712849,2.962998045,2.963772166,0.100338291,0.147196529,0.022375829,0.024832805,-0.015384467,0.021224669,0.084953824,0.168421198,-0.001964271,0.268970093,0.142219562,0.093346857,0.086918095,-0.100548895,-0.057265738,0.075074341,1,10.500104305,0,0,0.000000000,0.000000000,0.000000000,1
48.634000000,0.000000000,0.026000000,-0.000801847,0.070652754,-0.031581033,0.000284636,2.927061081,-0.113233620,2.813827461,2.814601582,0.086607319,0.199605576,0.021794685,0.028256395,0.024860606,-0.014859510,0.111467925,0.184746065,-0.005200454,0.318719016,0.127531128,0.149170942,0.116668379,-0.133972951,-0.016063204,0.035575123,1,1.500589244,0,0,0.000000000,0.000000000,0.000000000,1
48.734000000,0.000000000,0.022000000,-0.002036505,0.084834961,-0.035441533,0.002090680,2.951754808,-0.049171837,2.902582972,2.903357093,0.096960866,0.252308887,0.022226428,0.032196238,-0.027228447,-0.033831800,0.069732419,0.218477087,-0.007860130,0.364813884,0.127453371,0.194917740,0.077592550,-0.146336797,-0.057720952,0.023559347,1,4.667513210,0,0,0.000000000,0.000000000,0.000000000,1
48.836000000,0.000000000,0.024000000,-0.005773854,0.098720479,-0.033652015,0.004318777,2.931107759,-0.022259947,2.908847812,2.909621934,0.081093329,0.299725514,0.021581503,0.036032677,0.028485959,-0.029996053,0.109579288,0.269729462,-0.011298850,0.417032173,0.110124574,0.242153799,0.120878138,-0.147302711,-0.000545285,0.027575663,1,0.467734047,0,0,0.000000000,0.000000000,0.000000000,1
48.934000000,0.000000000,0.026000000,-0.008509750,0.127900078,-0.027672581,0.006126672,2.961888790,0.021217305,2.983106095,2.983880217,0.057164760,0.399816015,0.020800916,0.044704904,0.024075105,-0.017146126,0.081239866,0.382669889,-0.014793232,0.467066803,0.117018040,0.285895163,0.096033098,-0.084396914,-0.035778174,0.096774726,1,5.594279243,0,0,0.000000000,0.000000000,0.000000000,1
49.034000000,0.000000000,0.026000000,-0.001916733,0.145313697,-0.028758751,-0.003498998,2.957278252,0.051518272,3.008796523,3.009570644,0.080762171,0.426691572,0.021569082,0.047123847,0.005999566,-0.011032383,0.086761737,0.415659189,-0.014658672,0.520758957,0.111753341,0.341108611,0.101420409,-0.105099768,-0.024991604,0.074550578,1,2.860990498,0,0,0.000000000,0.000000000,0.000000000,1
49.136000000,0.000000000,0.028000000,0.000234962,0.153964009,-0.029216731,-0.003808184,2.975527763,0.078486590,3.054014354,3.054788475,0.089945894,0.458578046,0.021929492,0.050029374,0.018554622,0.083601181,0.108500516,0.542179227,-0.014633580,0.568688878,0.109855422,0.394244098,0.123134096,-0.026509651,-0.001354906,0.147935129,1,7.290080974,0,0,0.000000000,0.000000000,0.000000000,1
49.236000000,0.000000000,0.026000000,0.000054957,0.173882169,-0.006634620,-0.000920335,2.969280958,-0.041483747,2.927797212,2.928571333,0.019585725,0.506397176,0.020095671,0.054446129,-0.002683343,-0.072704904,0.016902381,0.433692272,-0.016833446,0.622487377,0.116303665,0.458193946,0.033735828,-0.188795105,-0.099401284,-0.024501674,1,14.758947952,0,0,-0.000000000,-0.000000000,-0.000000000,1
49.334000000,0.000000000,0.024000000,-0.007521996,0.238213796,0.047607128,0.004808658,2.950384617,0.032083658,2.982468275,2.983242396,-0.164420863,0.724806759,0.025890968,0.075189417,0.038389885,0.080582733,-0.126030978,0.805389491,-0.018879032,0.672321050,0.082683823,0.499261050,-0.107151945,0.133068441,-0.208714801,0.306128441,0,60.670113943,0,0,0.000000000,0.000000000,0.000000000,1
49.436000000,0.000000000,0.026000000,-0.010349830,0.304372910,0.072895214,0.004878957,2.946346521,-0.041571529,2.904774992,2.905549113,-0.241808123,0.898307088,0.031380116,0.092030192,-0.000984251,-0.000599541,-0.242792374,0.897707547,-0.020631645,0.722508890,0.089653849,0.532076635,-0.222160729,0.175198656,-0.332446223,0.365630912,0,92.577598845,0,0,0.000000000,0.000000000,0.000000000,1
49.532000000,0.000000000,0.024000000,-0.008321117,0.324499364,0.060614217,-0.000164986,2.972486258,-0.043224417,2.929261841,2.930035962,-0.201929644,0.950060316,0.028421045,0.097088341,-0.053293991,0.091113031,-0.255223635,1.041173347,-0.020479257,0.763552566,0.099342316,0.555550066,-0.234744378,0.277620782,-0.354565950,0.485623281,0,111.122651782,0,0,0.000000000,0.000000000,0.000000000,1
49.634000000,0.000000000,0.026000000,-0.006139271,0.321851685,0.045595288,0.000798116,2.958090544,0.086166489,3.044257033,3.045031154,-0.157493296,0.982228925,0.025456657,0.100238399,-0.014857387,0.028890072,-0.172350683,1.011118997,-0.020562804,0.794299286,0.108399145,0.571495466,-0.151787880,0.216819710,-0.280749828,0.439623531,0,70.006922967,0,0,0.000000000,0.000000000,0.000000000,1
49.704280511,-0.028000000,0.000000000,-0.006965034,0.315894659,0.027938273,-0.000526004,2.939086199,0.037977195,2.977063394,2.977837515,-0.103909356,0.938872480,0.022538224,0.095993830,0.015678688,0.044467091,-0.088230668,0.983339572,-0.020601388,0.819525818,0.119429652,0.583796823,-0.067629280,0.163813754,-0.207660320,0.399542748,0,41.056109941,0,0,0.000000000,0.000000000,0.000000000,1
49.812268701,-0.020000000,0.003988190,-0.006974147,0.315202651,0.028851027,0.002689614,2.959499598,0.021538329,2.981037926,2.981812048,-0.106796201,0.947648898,0.022672765,0.096852384,-0.027314839,-0.122877101,-0.134111041,0.824771797,-0.020411025,0.844123232,0.129091068,0.591701197,-0.113700016,-0.019351435,-0.263202109,0.233070600,0,42.249535460,0,0,0.000000000,0.000000000,0.000000000,1
49.916268888,-0.020000000,0.012000000,-0.005478170,0.317114584,0.018938428,0.001501286,2.966499805,0.042387307,3.008887112,3.009661233,-0.073466786,0.958679186,0.021306658,0.097931904,-0.019228255,0.097587376,-0.092695041,1.056266562,-0.020474516,0.860242678,0.136947815,0.593193559,-0.072220525,0.196023884,-0.229642856,0.463073003,0,40.883126374,0,0,0.000000000,0.000000000,0.000000000,1
50.020275073,-0.012000000,0.012000000,-0.008057268,0.314899362,0.014631169,0.003051573,2.965108156,0.140846355,3.105954512,3.106728633,-0.070469253,0.987541142,0.021205168,0.100758995,-0.001986086,-0.114929730,-0.072455338,0.872611412,-0.021108656,0.876289673,0.144591676,0.595353406,-0.051346683,-0.003678262,-0.217047014,0.277258006,1,24.548560087,0,0,0.000000000,0.000000000,0.000000000,1
50.124281254,-0.008000000,0.020000000,-0.008457404,0.327074148,0.016667573,0.000401998,2.939360142,0.009632985,2.948993127,2.949767248,-0.074093384,0.965724904,0.021328345,0.098621731,0.036117996,0.027462294,-0.037975388,0.993187198,-0.020922171,0.889721604,-0.025191602,0.689120207,-0.017053217,0.103465594,-0.012783786,0.304066991,1,7.777030205,0,0,0.000000000,0.000000000,0.000000000,1
50.228281432,-0.004000000,0.020000000,-0.007154371,0.323861515,0.015154964,0.000459207,2.969377041,0.046614875,3.015991915,3.016766037,-0.067284776,0.978148676,0.021101479,0.099838611,0.018297220,-0.046140812,-0.048987556,0.932007863,-0.021478719,0.902871456,-0.023847034,0.747644686,-0.027508837,0.029136407,-0.025140522,0.184363177,1,3.590911365,0,0,0.000000000,0.000000000,0.000000000,1
50.328281607,-0.004000000,0.024000000,-0.008345293,0.329863817,0.014238333,0.002686919,2.962686300,0.064528129,3.027214429,3.027988550,-0.068365481,1.006702387,0.021136187,0.102637698,0.026181809,-0.060183194,-0.042183672,0.946519193,-0.021300558,0.913490434,-0.026653483,0.778913604,-0.020883114,0.033028759,-0.015530188,0.167605589,1,2.549844735,0,0,0.000000000,0.000000000,0.000000000,1
50.432287779,0.000000000,0.024000000,-0.007542197,0.329071011,0.013394228,0.001924666,2.928956032,-0.034767571,2.894188461,2.894962582,-0.060593959,0.957963868,0.020897758,0.097861881,-0.007115424,-0.156883894,-0.067709383,0.801079974,-0.021534123,0.923388195,-0.023579742,0.802666615,-0.046175260,-0.122308221,-0.044129641,-0.001586641,1,2.924530351,0,0,-0.000000000,-0.000000000,-0.000000000,1
50.484293947,-0.048000000,-0.020000000,-0.007252352,0.329867578,0.008137282,0.001491542,2.964201927,-0.016076161,2.948125766,2.948899887,-0.045370575,0.976888360,0.020508166,0.099715138,-0.017362805,0.049565145,-0.062733380,1.026453505,-0.021469546,0.930297978,-0.030583946,0.801403499,-0.041263835,0.096155526,-0.032149434,0.225050006,1,5.787143043,0,0,0.000000000,0.000000000,0.000000000,1
50.588300113,-0.044000000,-0.020000000,-0.007528988,0.326441529,0.011155027,0.001686909,2.961843967,0.028735075,2.990579043,2.991353164,-0.055876024,0.981294032,0.020765869,0.100146791,-0.013579154,0.002068639,-0.069455178,0.983362670,-0.020580441,0.938221113,-0.031851474,0.833064908,-0.048874737,0.045141557,-0.037603704,0.150297762,1,3.991576317,0,0,0.000000000,0.000000000,0.000000000,1
50.696294276,-0.036000000,-0.008000000,-0.006027463,0.329444257,0.009630525,0.002726194,2.967063189,-0.014373405,2.952689783,2.953463904,-0.046233181,0.980796296,0.020527422,0.100098021,0.017933970,-0.168722859,-0.028299212,0.812073437,-0.020629728,0.944235381,-0.036001511,0.852411222,-0.007669483,-0.132161943,0.007702299,-0.040337785,1,0.225462390,0,0,0.000000000,0.000000000,0.000000000,1
50.800294435,-0.032000000,-0.008000000,-0.005077559,0.328493484,0.008133702,-0.000634910,2.977196217,-0.024974853,2.952221364,2.952995485,-0.039002567,0.967911086,0.020376752,0.098835817,0.029560071,-0.050157525,-0.009442495,0.917753561,-0.019302404,0.950180061,-0.024985474,0.839147332,0.009859908,-0.032426500,0.015542979,0.078606229,1,0.931012053,0,0,0.000000000,0.000000000,0.000000000,1
50.904288591,-0.028000000,0.000000000,-0.003086558,0.333712329,0.000149466,0.001297667,2.919589043,0.019351936,2.938940979,2.939715100,-0.009510486,0.984574605,0.020022600,0.100468261,-0.013803415,0.112962007,-0.023313901,1.097536612,-0.018288524,0.952472783,-0.008929003,0.837288145,-0.005025376,0.145063829,-0.014384897,0.260248467,1,6.026460232,0,0,0.000000000,0.000000000,0.000000000,1
51.008276744,-0.024000000,0.000000000,-0.004961887,0.327504885,-0.000597047,0.000556291,2.958316326,-0.053357817,2.904958509,2.905732631,-0.012679682,0.953004103,0.020040153,0.097376425,0.026212017,-0.062975075,0.013532335,0.890029029,-0.017243808,0.954868938,-0.001921520,0.865727642,0.030776143,-0.064839909,0.015453855,0.024301386,1,0.440086703,0,0,0.000000000,0.000000000,0.000000000,1
51.108276895,-0.024000000,0.004000000,-0.002260931,0.329050164,0.001509054,-0.001619579,2.938374519,0.012817348,2.951191867,2.951965988,-0.011125949,0.966310479,0.020030923,0.098679073,0.026968480,-0.118344108,0.015842530,0.847966371,-0.015230685,0.958398685,0.014786942,0.858162128,0.031073215,-0.110432314,0.001055588,-0.010195758,1,0.010771651,0,0,0.000000000,0.000000000,0.000000000,1
51.212277042,-0.020000000,0.004000000,-0.001652227,0.331413789,0.000273044,-0.000423001,2.940223932,-0.022249987,2.917973945,2.918748066,-0.005617891,0.965822495,0.020007889,0.098631288,0.048282762,0.160538530,0.042664871,1.126361025,-0.013795228,0.960091176,0.025865785,0.845807576,0.056460099,0.166269849,0.016799086,0.280553449,1,7.448472427,0,0,0.000000000,0.000000000,0.000000000,1
51.316277186,-0.016000000,0.012000000,-0.002205980,0.332208243,0.002360621,0.000779047,2.956388235,0.129016740,3.085404975,3.086179097,-0.014089811,1.027400640,0.020049569,0.104668624,-0.004124122,-0.023651233,-0.018213934,1.003749408,-0.012031094,0.962702738,0.041778063,0.875270706,-0.006182840,0.041046669,-0.059991997,0.128478701,1,6.990792464,0,0,0.000000000,0.000000000,0.000000000,1
51.420277327,-0.012000000,0.012000000,-0.002176614,0.345267642,0.034014106,0.000693218,2.949953318,0.051367298,3.001320615,3.002094736,-0.108619952,1.038339461,0.022759239,0.105742557,-0.006553784,0.111325247,-0.115173737,1.149664708,-0.010875732,0.965137014,0.030436230,0.885492671,-0.104298005,0.184527693,-0.145609967,0.264172037,1,33.698811159,0,0,0.000000000,0.000000000,0.000000000,1
51.524271466,-0.008000000,0.020000000,0.000391453,0.402850672,0.082115598,-0.002371599,2.974919081,0.099914852,3.074833933,3.075608054,-0.251288173,1.231406643,0.032116311,0.124754251,-0.002672563,-0.118379561,-0.253960736,1.113027083,-0.009456145,0.964205197,-0.001452301,0.912659011,-0.244504591,0.148821885,-0.252508434,0.200368071,0,52.210755686,0,0,0.000000000,0.000000000,0.000000000,1
51.628277602,-0.008000000,0.020000000,0.002676667,0.425026716,0.099321298,-0.003230827,2.938585758,-0.022630645,2.915955114,2.916729235,-0.281811406,1.229937879,0.034556862,0.124609277,-0.001893199,-0.134869002,-0.283704605,1.095068877,-0.007823006,0.955955912,0.010153931,0.887112642,-0.275881600,0.139112965,-0.293858536,0.207956235,0,57.280938840,0,0,0.000000000,0.000000000,0.000000000,1
51.684283734,-0.048000000,-0.020000000,0.002416948,0.422116763,0.087019138,-0.000858201,2.927897215,-0.023865806,2.904031409,2.904805530,-0.245687418,1.223348094,0.031680011,0.123958887,0.027377920,0.189321992,-0.218309497,1.412670086,-0.007911409,0.942053969,0.018895587,0.858911090,-0.210398088,0.470616117,-0.237205084,0.553758996,0,52.916136410,0,0,0.000000000,0.000000000,0.000000000,1
51.788289864,-0.044000000,-0.020000000,0.001121339,0.399181619,0.067803301,0.000796264,2.959276676,0.078483398,3.037760075,3.038534196,-0.202563802,1.215036844,0.028466137,0.123138724,0.043368628,-0.031679696,-0.159195174,1.183357148,-0.007249485,0.916495789,0.031469972,0.820914088,-0.151945688,0.266861359,-0.190665146,0.362443059,1,30.006302250,0,0,0.000000000,0.000000000,0.000000000,1
51.892289991,-0.040000000,-0.012000000,-0.000242456,0.366820345,0.053404324,0.000852212,2.980306864,0.104048680,3.084355543,3.085129665,-0.165465743,1.134032888,0.025957448,0.115153402,0.057439478,0.273180517,-0.108026265,1.407213405,-0.006525555,0.887678368,-0.049088240,0.847973348,-0.101500710,0.519535037,-0.058938025,0.559240057,1,22.296209322,0,0,0.000000000,0.000000000,0.000000000,1
51.996296114,-0.036000000,-0.012000000,0.003408788,0.349006974,0.051080443,-0.003499361,2.961146593,-0.020716415,2.940430178,2.941204300,-0.140175173,1.015941012,0.024423161,0.103544007,-0.000140485,0.164384412,-0.140315658,1.180325424,-0.005294891,0.852175330,-0.067095663,0.895326326,-0.135020766,0.328150094,-0.073219995,0.284999098,1,11.230719543,0,0,0.000000000,0.000000000,0.000000000,1
52.100302235,-0.032000000,-0.004000000,0.003615851,0.331559792,0.048965320,-0.001496347,2.976191998,-0.024987110,2.951204887,2.951979008,-0.133835575,0.974084850,0.024064904,0.099440500,0.002415147,0.191669051,-0.131420428,1.165753901,-0.004290260,0.816376938,-0.088311395,0.899893610,-0.127130168,0.349376963,-0.043109033,0.265860292,1,7.686854901,0,0,0.000000000,0.000000000,0.000000000,1
52.204302353,-0.028000000,-0.004000000,0.002169144,0.312417172,0.043774500,-0.001123526,2.960769415,-0.001460090,2.959309325,2.960083446,-0.123123119,0.921214190,0.023486018,0.094267470,-0.048373186,0.231350490,-0.171496305,1.152564680,-0.004710138,0.773424512,-0.094959093,0.896750682,-0.166786167,0.379140168,-0.076537213,0.255813998,1,12.370254632,0,0,0.000000000,0.000000000,0.000000000,1
52.308302467,-0.024000000,0.004000000,0.000313141,0.291997101,0.040430829,0.004287101,2.974728346,0.056968748,3.031697094,3.032471215,-0.121624679,0.898243954,0.023407811,0.092024030,0.010123262,-0.087956542,-0.111501417,0.810287412,-0.006573150,0.731078706,-0.115964305,0.890590004,-0.104928267,0.079208706,0.004462888,-0.080302592,1,0.637076042,0,0,0.000000000,0.000000000,0.000000000,1
52.412308579,-0.020000000,0.004000000,-0.002961508,0.275758077,0.033142328,0.005949091,2.946150064,0.058110785,3.004260849,3.005034970,-0.108465341,0.846321817,0.022751864,0.086963246,0.001093302,-0.098678616,-0.107372040,0.747643200,-0.007470575,0.682616050,-0.103297278,0.816348122,-0.099901465,0.065027150,-0.004074762,-0.068704922,1,0.522396656,0,0,-0.000000000,-0.000000000,-0.000000000,1
52.516308687,-0.016000000,0.012000000,0.000157313,0.250376546,0.034391277,-0.002212784,2.960566044,-0.049121517,2.911444527,2.912218648,-0.099670285,0.722515026,0.022345954,0.074968524,-0.021117096,0.068907200,-0.120787381,0.791422226,-0.006391445,0.638575044,-0.094143236,0.742171961,-0.114395936,0.152847181,-0.026644145,0.049250264,1,1.177011702,0,0,0.000000000,0.000000000,0.000000000,1
52.620314793,-0.016000000,0.012000000,0.004080977,0.237558377,0.035060983,-0.004666844,2.949022532,0.073384837,3.022407368,3.023181489,-0.093634200,0.703893085,0.022083334,0.073175507,-0.022893976,0.120274210,-0.116528176,0.824167295,-0.005987948,0.587947919,-0.092709947,0.689431384,-0.110540228,0.236219376,-0.023818229,0.134735911,1,3.290967291,0,0,0.000000000,0.000000000,0.000000000,1
52.724314895,-0.008000000,0.020000000,0.005781861,0.216335166,0.030046215,-0.005406360,2.959574938,0.041480190,3.001055128,3.001829249,-0.072818665,0.633008975,0.021284398,0.066385267,-0.023708120,0.076292403,-0.096526785,0.709301377,-0.005108183,0.539298428,-0.093754485,0.661535205,-0.091418602,0.170002949,-0.002772300,0.047766172,1,0.400804994,0,0,0.000000000,0.000000000,0.000000000,1
52.828317994,-0.004000000,0.020000000,0.001534190,0.195055108,0.026668878,0.001296748,2.928781033,-0.018746230,2.910034803,2.910808924,-0.073142817,0.571390733,0.021295509,0.060538200,-0.002013696,-0.023809494,-0.075156513,0.547581239,-0.006817988,0.484190348,-0.085614503,0.606057369,-0.068338525,0.063390891,0.010457989,-0.058476130,1,0.828022287,0,0,0.000000000,0.000000000,0.000000000,1
52.932318090,0.000000000,0.028000000,0.000341507,0.170059001,0.024283784,0.001569951,2.947384596,0.030110620,2.977495216,2.978269337,-0.071288015,0.511024382,0.021232518,0.054876764,0.023249828,-0.059096726,-0.048038188,0.451927656,-0.006761762,0.433227954,-0.072942064,0.525054309,-0.041276426,0.018699702,0.024903877,-0.073126653,1,2.074934192,0,0,0.000000000,0.000000000,0.000000000,1
53.036318182,0.004000000,0.028000000,-0.000504206,0.153472593,0.026271595,0.003137001,2.932415962,0.090770757,3.023186719,3.023960840,-0.080948244,0.473460044,0.021576056,0.051396927,-0.023290944,0.004689319,-0.104239188,0.478149363,-0.007545389,0.376613568,-0.052040426,0.437306612,-0.096693799,0.101535796,-0.052198762,0.040842752,1,3.915840907,0,0,0.000000000,0.000000000,0.000000000,1
53.088330272,-0.044000000,-0.016000000,0.001493319,0.141683464,0.025953714,-0.005317925,2.962811947,-0.035527977,2.927283969,2.928058091,-0.071602520,0.399180658,0.021243098,0.044648090,0.006933227,-0.000514264,-0.064669293,0.398666394,-0.006841736,0.325156112,-0.061827248,0.385080643,-0.057827557,0.073510281,-0.002842045,0.013585751,1,0.073769090,0,0,0.000000000,0.000000000,0.000000000,1
53.192336358,-0.040000000,-0.016000000,0.003147916,0.126355211,0.025422508,-0.000823246,2.934710264,-0.014329901,2.920380363,2.921154484,-0.065050281,0.366601087,0.021031296,0.041760790,-0.041394587,-0.010318892,-0.106444868,0.356282195,-0.007169331,0.267631378,-0.054909958,0.321257662,-0.099275537,0.088650817,-0.051534910,0.035024533,1,3.937351181,0,0,0.000000000,0.000000000,0.000000000,1
53.296342441,-0.040000000,-0.016000000,0.001974004,0.102166677,0.023891518,-0.002917750,2.900848150,0.049022962,2.949871112,2.950645233,-0.064653842,0.292771543,0.021019067,0.035456336,-0.030946641,-0.033463381,-0.095600483,0.259308162,-0.007320204,0.210618671,-0.068676041,0.260266733,-0.088280279,0.048689492,-0.026924442,-0.000958571,1,0.945996205,0,0,-0.000000000,-0.000000000,-0.000000000,1
53.396342521,-0.040000000,-0.012000000,0.002717608,0.083138960,0.021585984,-0.001121717,2.955270529,-0.024652177,2.930618351,2.931392473,-0.055296010,0.240361237,0.020750337,0.031268758,-0.027369823,0.019978293,-0.082665833,0.260339530,-0.007942792,0.156155342,-0.070616360,0.192616205,-0.074723041,0.104184189,-0.012049473,0.067723326,1,3.117670487,0,0,0.000000000,0.000000000,0.000000000,1
53.500348597,-0.036000000,-0.004000000,0.002323022,0.057217038,0.020367457,-0.003280181,2.979203224,0.104312100,3.083515325,3.084289446,-0.055640291,0.166315125,0.020759538,0.026011674,-0.048386882,0.034726675,-0.104027173,0.201041800,-0.007165555,0.102784619,-0.068755235,0.151560248,-0.096861618,0.098257181,-0.035271938,0.049481552,1,3.700304837,0,0,0.000000000,0.000000000,0.000000000,1
53.604348670,-0.032000000,-0.004000000,0.002022633,0.042537442,0.022192938,-0.000070689,2.983713627,-0.028071481,2.955642146,2.956416267,-0.059616205,0.125516524,0.020869617,0.023612369,-0.031877168,-0.027837523,-0.091493374,0.097679001,-0.009076428,0.044357899,-0.077853678,0.104040903,-0.082416945,0.053321102,-0.013639696,-0.006361902,1,0.297141189,0,0,-0.000000000,-0.000000000,-0.000000000,1
53.712354740,-0.020000000,0.008000000,-0.001339316,0.020901330,0.024204757,-0.000229756,2.917538643,-0.053166480,2.864372162,2.865146284,-0.073167731,0.059211082,0.021296365,0.020858081,-0.009496498,-0.019264014,-0.082664229,0.039947069,-0.009590822,-0.008415114,-0.075313417,0.036936140,-0.073073408,0.048362183,-0.007350812,0.003010928,1,0.081724858,0,0,0.000000000,0.000000000,0.000000000,1
53.816351806,-0.016000000,0.008000000,-0.000668702,0.005712711,0.023753067,-0.001961524,2.920190096,-0.035985226,2.884204870,2.884978991,-0.070437386,0.010819192,0.021204109,0.020029242,0.006335705,-0.006032127,-0.064101681,0.004787064,-0.010020544,-0.066600883,-0.070185503,-0.029350891,-0.054081137,0.071387948,0.006083822,0.034137955,1,1.783909165,0,0,0.000000000,0.000000000,0.000000000,1
53.920357869,-0.016000000,0.016000000,-0.000009276,-0.017327206,0.025754685,-0.003368738,2.947675467,0.033670583,2.981346050,2.982120171,-0.076811282,-0.061701771,0.021424279,0.020930148,-0.004732170,-0.006035022,-0.081543452,-0.067736793,-0.011168909,-0.119760301,-0.060280517,-0.086238593,-0.070374543,0.052023508,-0.021262935,0.018501800,1,1.040353538,0,0,0.000000000,0.000000000,0.000000000,1
54.024357928,-0.008000000,0.016000000,-0.000357764,-0.034434663,0.023509579,-0.003668054,2.909191132,-0.016917672,2.892273459,2.893047580,-0.069030882,-0.110203476,0.021157803,0.022835237,0.018806615,0.033599481,-0.050224266,-0.076603995,-0.011809215,-0.177941951,-0.061889961,-0.145190356,-0.038415052,0.101337955,0.011665695,0.068586361,1,6.310079702,0,0,0.000000000,0.000000000,0.000000000,1
54.128363984,-0.004000000,0.024000000,0.000441475,-0.057388943,0.023008050,-0.002570688,2.970473051,0.075998477,3.046471528,3.047245649,-0.068748429,-0.182665308,0.021148604,0.027086272,-0.033932972,-0.004922569,-0.102681401,-0.187587877,-0.012818768,-0.233435085,-0.051567045,-0.193214475,-0.089862633,0.045847208,-0.051114356,0.005626598,1,3.418522787,0,0,0.000000000,0.000000000,0.000000000,1
54.232370037,0.000000000,0.024000000,-0.002101049,-0.081233850,0.019404186,-0.000786559,2.978793383,0.020715558,2.999508941,3.000283062,-0.064505144,-0.246020952,0.021014498,0.031705884,0.014132356,0.002463570,-0.050372788,-0.243557382,-0.014466359,-0.292206907,-0.066569748,-0.258604324,-0.035906429,0.048649525,0.016196960,0.015046942,1,0.528953096,0,0,0.000000000,0.000000000,0.000000000,1
54.332358086,0.000000000,0.028000000,-0.002584981,-0.109599849,0.004560248,-0.002041693,2.977457285,0.054307912,3.031765197,3.032539318,-0.021662657,-0.338470942,0.020116976,0.039314448,-0.006430767,0.007644325,-0.028093424,-0.330826617,-0.016362069,-0.345568874,-0.054509270,-0.324775661,-0.011731356,0.014742258,0.026415845,-0.006050955,1,0.978348562,0,0,0.000000000,0.000000000,0.000000000,1
54.388370132,-0.044000000,-0.020000000,-0.003866724,-0.155082599,-0.082704440,0.000701101,2.966259480,-0.066044429,2.900215051,2.900989172,0.228646330,-0.447739544,0.030377482,0.049037812,-0.013768914,-0.026197270,0.214877416,-0.473936814,-0.019164197,-0.402066555,-0.035812464,-0.390110524,0.234041614,-0.071870259,0.250689880,-0.083826290,0,53.521286633,0,0,0.000000000,0.000000000,0.000000000,1
54.492370174,-0.040000000,-0.012000000,-0.008505914,-0.263625935,-0.140757442,0.003990973,2.979911566,-0.056821010,2.923090556,2.923864677,0.386583191,-0.758936506,0.043525460,0.078484688,-0.018520880,0.026708790,0.368062311,-0.732227716,-0.020079191,-0.449088095,-0.026002450,-0.444799444,0.388141502,-0.283139620,0.394064762,-0.287428271,0,77.043837914,0,0,0.000000000,0.000000000,0.000000000,1
54.596370213,-0.040000000,-0.012000000,-0.009505424,-0.309166785,-0.147281528,0.003862321,2.945840120,0.002704058,2.948544178,2.949318299,0.406238928,-0.900203701,0.045280246,0.092215330,-0.000880170,-0.095931274,0.405358758,-0.996134975,-0.022280359,-0.487395633,-0.017698796,-0.488601461,0.427639116,-0.508739342,0.423057554,-0.507533515,0,91.380659229,0,0,0.000000000,0.000000000,0.000000000,1
54.700376249,-0.032000000,-0.004000000,-0.012024989,-0.314137719,-0.123782046,0.004628482,2.925429344,0.024662927,2.950092271,2.950866393,0.329693632,-0.913080809,0.038561365,0.093472807,-0.004937005,0.025800814,0.324756627,-0.887279995,-0.022407469,-0.507810181,-0.007673363,-0.513604679,0.347164096,-0.379469814,0.332429990,-0.373675316,0,59.117996248,0,0,0.000000000,0.000000000,0.000000000,1
54.804382280,-0.032000000,-0.004000000,-0.008612674,-0.279653477,-0.090619259,0.004031055,2.945093393,0.014405947,2.959499340,2.960273461,0.242698434,-0.815704376,0.031448773,0.083986524,0.001089895,-0.016207369,0.243788329,-0.831911745,-0.024142050,-0.513551286,-0.001792506,-0.529209342,0.267930379,-0.318360458,0.245580835,-0.302702403,0,37.491666302,0,0,0.000000000,0.000000000,0.000000000,1
54.908388309,-0.024000000,-0.004000000,-0.012856517,-0.258938051,-0.083393700,0.003329255,2.978788137,-0.045394504,2.933393634,2.934167755,0.206913323,-0.749801215,0.028777269,0.077601666,-0.076722596,-0.045024358,0.130190727,-0.794825573,-0.025459135,-0.511574085,0.008520830,-0.533942920,0.155649862,-0.283251488,0.121669898,-0.260882653,1,14.443840505,0,0,0.000000000,0.000000000,0.000000000,1
55.012394334,-0.020000000,0.004000000,-0.011907334,-0.256827513,-0.077337921,0.002237731,2.939131498,0.064624656,3.003756154,3.004530275,0.196537527,-0.764725626,0.028040506,0.079044626,0.017867484,0.096270045,0.214405011,-0.668455580,-0.024540535,-0.500045143,0.099923915,-0.602286832,0.238945546,-0.168410437,0.114481096,-0.066168748,1,9.665301233,0,0,0.000000000,0.000000000,0.000000000,1
55.116400355,-0.016000000,0.012000000,-0.006093956,-0.236775368,-0.068819784,-0.001767426,2.936979771,0.024054862,2.961034632,2.961808754,0.185733348,-0.706333475,0.027294116,0.073410284,0.018362240,0.121194649,0.204095588,-0.585138826,-0.022613540,-0.481775669,0.163281101,-0.613223495,0.226709128,-0.103363157,0.040814487,0.028084668,1,1.543570543,0,0,0.000000000,0.000000000,0.000000000,1
55.220406372,-0.016000000,0.012000000,-0.003074948,-0.216716524,-0.051172491,-0.002867941,2.980965614,0.019715919,3.000681534,3.001455655,0.144325411,-0.658903050,0.024663703,0.068858785,0.021141883,-0.061403294,0.165467294,-0.720306343,-0.021325313,-0.456207862,0.190157484,-0.591924414,0.186792607,-0.264098482,-0.024690190,-0.128381929,1,3.329504469,0,0,-0.000000000,-0.000000000,-0.000000000,1
55.324412386,-0.008000000,0.020000000,-0.007210122,-0.199930241,-0.046521299,0.000580436,2.950464487,0.028584094,2.979048581,2.979822702,0.117109905,-0.593872753,0.023176438,0.062664571,0.015253257,-0.102051120,0.132363161,-0.695923873,-0.021032738,-0.426424627,0.189775977,-0.599534711,0.153395899,-0.269499247,-0.057412815,-0.096389163,1,5.772424603,0,0,-0.000000000,-0.000000000,-0.000000000,1
55.428412396,-0.004000000,0.020000000,-0.009577259,-0.164702159,-0.022980832,0.003200123,2.958891869,0.043370098,3.002261966,3.003036087,0.040241036,-0.484871420,0.020400819,0.052450004,-0.012348263,-0.022266137,0.027892773,-0.507137557,-0.020836601,-0.391667917,0.177967245,-0.597938078,0.048729374,-0.115469640,-0.150074473,0.090800521,1,33.475074006,0,0,0.000000000,0.000000000,0.000000000,1
55.528409402,-0.004000000,0.024000000,-0.022815254,-0.257409428,-0.172774598,0.020986637,2.967363358,-0.011445925,2.955917432,2.956691553,0.443267439,-0.698846250,0.048629829,0.072690170,0.013315391,0.137649811,0.456582830,-0.561196440,-0.020077454,-0.358999988,0.126145088,-0.536239682,0.476660284,-0.202196451,0.330437743,-0.024956758,0,41.642707550,0,0,0.000000000,0.000000000,0.000000000,1
55.632415405,-0.004000000,0.024000000,-0.018220700,-0.254204067,-0.117956370,0.010004672,2.969229460,0.047001049,3.016230508,3.017004630,0.300825770,-0.736561664,0.036124250,0.076323200,-0.062079169,0.007355510,0.238746600,-0.729206154,-0.017069959,-0.312008633,0.139428741,-0.492725476,0.255816559,-0.417197521,0.099317859,-0.236480678,1,13.263025018,0,0,0.000000000,0.000000000,0.000000000,1
55.684409404,-0.048000000,-0.020000000,-0.010648799,-0.167964277,0.021672549,-0.002276100,2.951330900,0.012541184,2.963872084,2.964646205,-0.095796341,-0.504570700,0.022175874,0.054276292,0.025579595,-0.033452624,-0.070216747,-0.538023324,-0.013803811,-0.258491833,0.179251899,-0.493041988,-0.056412936,-0.279531490,-0.249468645,-0.044981336,0,65.208494335,0,0,0.000000000,0.000000000,0.000000000,1
55.788409399,-0.044000000,-0.020000000,0.001102650,-0.017192409,0.092330322,-0.005320497,2.937951088,0.038842118,2.976793206,2.977567327,-0.271565913,-0.067016268,0.033726554,0.021092933,-0.011253068,-0.019494897,-0.282818981,-0.086511165,-0.011430354,-0.199005002,0.190760816,-0.444892973,-0.271388626,0.112493837,-0.473579797,0.358381807,0,172.761124163,0,0,0.000000000,0.000000000,0.000000000,1
55.896415390,-0.036000000,-0.008000000,-0.000156165,0.034299941,0.079609737,0.000062926,2.941497087,0.060997039,3.002494127,3.003268248,-0.239496653,0.103174307,0.031202347,0.022504430,-0.025608220,-0.027555669,-0.265104873,0.075618638,-0.009993744,-0.155203238,0.202484008,-0.410851093,-0.255111129,0.230821876,-0.467588881,0.486469731,0,191.517427348,0,0,0.000000000,0.000000000,0.000000000,1
55.996421378,-0.036000000,-0.012000000,-0.003557883,0.016564335,0.045074765,0.002656091,2.954392195,0.086054621,3.040446816,3.041220937,-0.147864979,0.058438684,0.024872485,0.020836286,0.010602060,0.014401887,-0.137262919,0.072840572,-0.010388993,-0.116469048,0.216317522,-0.384111462,-0.126873925,0.189309620,-0.353580441,0.456952034,0,126.287573933,0,0,0.000000000,0.000000000,0.000000000,1
56.100406342,-0.032000000,-0.004015020,-0.003912508,0.000150375,0.023728916,-0.001662111,2.951220989,0.104947201,3.056168190,3.056942311,-0.084476842,-0.004620120,0.021710904,0.020005336,0.042929220,-0.019450908,-0.041547621,-0.024071028,-0.008544579,-0.088424519,0.228441175,-0.360907501,-0.033003042,0.064353491,-0.269988797,0.336836473,0,61.916199820,0,0,0.000000000,0.000000000,0.000000000,1
56.204412319,-0.032000000,-0.004000000,-0.001438862,-0.003066359,0.021510484,-0.000705511,2.927481174,-0.013738128,2.913743047,2.914517168,-0.066868497,-0.010990259,0.021088242,0.020030174,0.038351877,-0.007092049,-0.028516620,-0.018082308,-0.007441357,-0.061309789,0.241060614,-0.341429748,-0.021075263,0.043227481,-0.269577234,0.323347440,0,50.201929656,0,0,0.000000000,0.000000000,0.000000000,1
56.308409292,-0.028000000,0.003996973,-0.002212446,0.004618991,0.023098409,0.000479852,2.936784506,0.048321141,2.985105647,2.985879768,-0.075555576,0.015220583,0.021379580,0.020057833,0.018137767,0.006545855,-0.057417809,0.021766438,-0.006814007,-0.038189733,0.251557973,-0.323349783,-0.050603802,0.059956171,-0.308975782,0.345116220,0,52.659992746,0,0,0.000000000,0.000000000,0.000000000,1
56.412409262,-0.024000000,0.003999970,0.000112410,0.018844777,0.027160667,-0.003345065,2.967970610,0.004510260,2.972480870,2.973254991,-0.080400425,0.046072598,0.021555563,0.020523812,-0.019408554,0.004581224,-0.099808979,0.050653822,-0.005073847,-0.015657766,0.261994388,-0.308467247,-0.094735132,0.066311589,-0.361803367,0.359121069,0,56.391379815,0,0,0.000000000,0.000000000,0.000000000,1
56.520409227,-0.016000000,0.015999965,-0.000923964,0.071295524,0.120983586,-0.004461342,2.948194742,-0.032516164,2.915678578,2.916452700,-0.355443231,0.194866990,0.040784788,0.027923672,-0.045300160,-0.013677793,-0.400743391,0.181189198,-0.003694328,0.001997676,0.275314998,-0.297914115,-0.397049063,0.179191522,-0.676058389,0.479103313,1,114.921123018,0,1,0.000000000,0.000000000,0.000000000,1
56.624397190,-0.008000000,0.015987963,0.000185714,0.156329945,0.153002158,0.001030215,2.966041088,0.044665973,3.010707062,3.011481183,-0.460085548,0.473765345,0.050167590,0.051425052,-0.004596852,-0.024326132,-0.464682400,0.449439213,-0.002368367,0.010971755,0.213359823,-0.230142351,-0.462314033,0.438467458,-0.678042223,0.679581565,1,134.525910369,0,1,0.000000000,0.000000000,0.000000000,1
56.724403148,-0.012000000,0.020000000,-0.000744299,0.126692135,0.111280061,-0.001648031,2.908088923,-0.020404288,2.887684635,2.888458756,-0.323491024,0.361087939,0.038032413,0.041277657,0.008762558,-0.072550513,-0.314728465,0.288537426,-0.001825547,0.005660745,0.156386304,-0.169531313,-0.312902919,0.282876681,-0.471114769,0.458068740,0,80.614252067,0,0,0.000000000,0.000000000,0.000000000,1
56.828403104,-0.004000000,0.020000000,-0.003622615,0.080345002,0.077208109,0.002443881,2.946676493,0.066383549,3.013060042,3.013834163,-0.243547826,0.249447875,0.031514369,0.031972526,0.009831662,0.017239383,-0.233716165,0.266687258,-0.001445809,-0.011981778,0.169513610,-0.195944444,-0.232270356,0.278669037,-0.403229775,0.462631702,0,68.204045226,0,0,0.000000000,0.000000000,0.000000000,1
56.932409056,0.000000000,0.028000000,-0.001158320,0.041334227,0.053269297,-0.001901387,2.965867758,-0.046765292,2.919102466,2.919876587,-0.158879791,0.115108500,0.025542668,0.023075954,0.004932657,0.020851579,-0.153947135,0.135960078,-0.000199996,-0.038098755,0.179600517,-0.232560659,-0.153747139,0.174058833,-0.333547652,0.368520737,0,43.118726340,0,0,0.000000000,0.000000000,0.000000000,1
56.984415004,-0.048000000,-0.024000000,-0.002173329,0.030787832,0.046803236,0.001170096,2.921790600,0.007501352,2.929291952,2.930066073,-0.143466658,0.093614100,0.024613549,0.022082482,0.011943827,0.003639102,-0.131522830,0.097253201,-0.000540133,-0.069869085,0.190094825,-0.272350031,-0.130982697,0.167122287,-0.321617655,0.369603232,0,37.316804224,0,0,0.000000000,0.000000000,0.000000000,1
57.088414948,-0.044000000,-0.016000000,-0.003518245,0.016588904,0.050875746,0.001179061,2.953151464,-0.019786066,2.933365398,2.934139520,-0.159557450,0.052119932,0.025584874,0.020667967,0.015230110,-0.012920810,-0.144327340,0.039199122,-0.000647319,-0.101458698,0.200898056,-0.312833341,-0.143680021,0.140657820,-0.345225396,0.352032463,1,34.468311418,0,0,0.000000000,0.000000000,0.000000000,1
57.196402890,-0.036000000,-0.012000000,-0.003076403,0.010455785,0.051195242,0.000537661,2.919762611,0.010939468,2.930702079,2.931476200,-0.159054021,0.032218515,0.025553509,0.020257846,0.057038600,-0.028543150,-0.102015420,0.003675365,-0.000078016,-0.139026108,-0.056082879,-0.065172213,-0.101937404,0.142701472,-0.045932541,0.068847577,1,5.694325427,0,0,0.000000000,0.000000000,0.000000000,1
57.296390827,-0.036000000,-0.008000000,-0.000492197,-0.010764811,0.042145673,-0.001730012,2.968583345,-0.051564706,2.917018639,2.917792761,-0.124375461,-0.036447631,0.023551912,0.020329395,0.019329681,-0.002544078,-0.105045780,-0.038991709,0.002253430,-0.179015840,-0.071597838,-0.074292200,-0.107299210,0.140024131,-0.033447942,0.035300491,1,2.652464276,0,0,0.000000000,0.000000000,0.000000000,1
57.400390693,-0.036000000,-0.008000069,0.001098630,-0.030545654,0.040331975,0.000627085,2.944880247,0.019658617,2.964538864,2.965312985,-0.116308774,-0.088694762,0.023136061,0.021878474,-0.035553936,-0.033914547,-0.151862710,-0.122609309,0.002647618,-0.223188073,-0.074943413,-0.110431067,-0.154510328,0.100578764,-0.076919298,-0.012178242,1,6.843411696,0,0,-0.000000000,-0.000000000,-0.000000000,1
57.504390620,-0.032000000,-0.000000073,0.001335293,-0.049416889,0.038444474,0.000270510,2.950845957,-0.024012123,2.926833834,2.927607955,-0.108612406,-0.143843285,0.022758878,0.024635521,0.009698932,-0.030917608,-0.098913474,-0.174760893,0.004978162,-0.266522262,-0.094501662,-0.171699299,-0.103891637,0.091761368,-0.004411812,-0.003061594,1,0.033916050,0,0,-0.000000000,-0.000000000,-0.000000000,1
57.608396545,-0.024000000,0.000005925,0.001292139,-0.072507009,0.031147253,-0.000577222,2.982130289,-0.043370134,2.938760155,2.939534277,-0.087737018,-0.214777026,0.021839822,0.029347772,0.013444537,0.013644167,-0.074292481,-0.201132860,0.005932661,-0.317131354,-0.087620504,-0.228874208,-0.080225142,0.115998494,0.013328023,0.027741349,1,0.889353868,0,0,0.000000000,0.000000000,0.000000000,1
57.712396545,-0.020000000,0.008000000,-0.000351068,-0.091082864,0.031986859,0.000567201,2.975675106,0.069049614,3.044724720,3.045498842,-0.098460085,-0.275595278,0.022292238,0.034051837,0.018067217,0.003598738,-0.080392868,-0.271996541,0.005613750,-0.365203643,-0.073216869,-0.279895497,-0.086006617,0.093207102,-0.007175999,0.007898956,1,0.102514117,0,0,0.000000000,0.000000000,0.000000000,1
57.816402466,-0.016000000,0.008000000,-0.004140290,-0.105198974,0.031553794,0.004371902,2.933404446,-0.086685091,2.846719355,2.847493476,-0.101611039,-0.287026377,0.022433190,0.034983445,0.013543912,-0.032765852,-0.088067127,-0.319792228,0.005369004,-0.417155131,-0.066362237,-0.339165987,-0.093436131,0.097362902,-0.021704890,0.019373759,1,0.783468338,0,0,0.000000000,0.000000000,0.000000000,1
57.920408383,-0.012000000,0.016000000,-0.001454478,-0.132738236,0.027093343,0.001912565,2.968585491,-0.056676639,2.911908853,2.912682974,-0.083128655,-0.380952430,0.021658803,0.043026126,0.005215370,-0.007486371,-0.077913285,-0.388438801,0.007198510,-0.466981434,-0.064224357,-0.396230360,-0.085111795,0.078542633,-0.013688927,0.007791559,1,0.258091353,0,0,0.000000000,0.000000000,0.000000000,1
58.024414209,-0.008000000,0.016005911,0.001369289,-0.147615497,0.025951190,-0.000646655,2.946206570,-0.004950253,2.941256317,2.942030438,-0.072301672,-0.436076991,0.021266766,0.047975321,-0.023117485,0.011598186,-0.095419157,-0.424478805,0.007701457,-0.521782750,-0.061620431,-0.457652345,-0.103120614,0.097303945,-0.033798726,0.033173540,1,1.824990889,0,0,0.000000000,0.000000000,0.000000000,1
58.128414116,-0.008000000,0.024000000,-0.000897622,-0.169990871,0.029481931,0.002061431,2.969151020,-0.031059972,2.938091048,2.938865169,-0.089257891,-0.493391984,0.021901363,0.053238675,0.021023683,-0.025400627,-0.068234208,-0.518792611,0.008198061,-0.572911679,-0.066628101,-0.514801570,-0.076432269,0.054119068,-0.001606106,-0.003991041,1,0.007843550,0,0,-0.000000000,-0.000000000,-0.000000000,1
58.232408020,-0.004000000,0.024000000,-0.002582807,-0.207258603,-0.004901958,0.003002323,3.002746820,-0.046137692,2.956609129,2.957383250,0.006856822,-0.603905984,0.020011751,0.063616227,-0.022235891,-0.060129797,-0.015379069,-0.664035782,0.008431307,-0.629505223,-0.057289401,-0.579863314,-0.023810376,-0.034530558,0.041910332,-0.084172468,1,3.828804164,0,0,0.000000000,0.000000000,0.000000000,1
58.284407818,-0.052000000,-0.020000102,-0.001250288,-0.244003398,-0.053795725,-0.002086905,2.950574160,0.043202110,2.993776270,2.994550391,0.157309283,-0.736739309,0.025445277,0.076340344,-0.023440780,-0.141622427,0.133868503,-0.878361737,0.010500820,-0.679488927,-0.025690622,-0.655702755,0.123367683,-0.198872810,0.159559126,-0.222658982,1,33.884389636,0,0,0.000000000,0.000000000,0.000000000,1
58.388407711,-0.048000000,-0.020000107,0.003681869,-0.306961413,-0.072700627,-0.004004335,2.981171131,-0.008887255,2.972283876,2.973057997,0.227030462,-0.924278479,0.030256046,0.094566945,-0.010465789,0.016398234,0.216564672,-0.907880245,0.011553177,-0.729612412,0.036020961,-0.742283858,0.205011495,-0.178267833,0.180543711,-0.165596387,1,28.624062285,0,0,0.000000000,0.000000000,0.000000000,1
58.492401602,-0.044000000,-0.012000000,0.002172637,-0.324564592,-0.061449517,-0.000338520,2.952687263,-0.035427650,2.917259613,2.918033735,0.185602340,-0.947826726,0.027285203,0.096869784,-0.010825823,-0.101239493,0.174776516,-1.049066219,0.011632376,-0.767898423,0.095822939,-0.809228115,0.163144140,-0.281167796,0.078953578,-0.239838104,1,10.829318025,0,0,0.000000000,0.000000000,0.000000000,1
58.596413489,-0.040000000,-0.012000000,0.001523899,-0.324047242,-0.043625567,0.000975717,2.962359905,0.000974481,2.963334386,2.964108507,0.133792964,-0.957368961,0.024062535,0.097803647,0.016393871,0.063035850,0.150186835,-0.894333111,0.011992259,-0.801844493,0.131744979,-0.878402929,0.138194576,-0.092488617,0.018441856,-0.015930181,1,0.375315863,0,0,0.000000000,0.000000000,0.000000000,1
58.700425253,-0.036000000,-0.003994120,-0.000291836,-0.314684907,-0.027824905,0.002688487,2.938633204,-0.052719791,2.885913412,2.886687533,0.079458054,-0.900394653,0.021520591,0.092233971,0.030138578,0.222660643,0.109596631,-0.677734011,0.011751063,-0.825361302,0.148454062,-0.914108070,0.097845568,0.147627292,-0.038857430,0.236374060,1,7.333333075,0,0,0.000000000,0.000000000,0.000000000,1
58.804425253,-0.028000000,-0.004000000,0.000862244,-0.309939998,-0.018995216,-0.002077092,2.950408936,-0.019525316,2.930883619,2.931657741,0.058199905,-0.914485777,0.020829601,0.093610055,0.013265572,0.045584557,0.071465477,-0.868901220,0.013594822,-0.846243609,0.142801023,-0.903774650,0.057870655,-0.022657611,-0.071335546,0.034873430,1,7.138430684,0,0,0.000000000,0.000000000,0.000000000,1
58.908425130,-0.024000000,0.004000000,0.004572697,-0.308814566,-0.018543134,-0.002147947,2.985722065,-0.001631133,2.984090932,2.984865053,0.068979739,-0.927940417,0.021156135,0.094924887,0.021415790,0.069388335,0.090395530,-0.858552081,0.013867207,-0.863874968,0.126524904,-0.923348747,0.076528323,0.005322886,-0.036129374,0.064796665,1,2.198835530,0,0,0.000000000,0.000000000,0.000000000,1
59.012431003,-0.024000000,0.004000000,0.004861471,-0.316867856,-0.018450871,-0.002337848,2.970148087,0.035395214,3.005543301,3.006317422,0.070066255,-0.959386563,0.021191810,0.098001152,0.021573623,-0.044126566,0.091639877,-1.003513129,0.014324718,-0.878977853,0.122950228,-0.935040473,0.077315159,-0.124535276,-0.031310351,-0.068472656,1,1.808878179,0,0,-0.000000000,-0.000000000,-0.000000000,1
59.120430873,-0.012000000,0.016000000,0.001414495,-0.314941272,-0.015890127,0.000547502,2.978725433,-0.108542115,2.870183319,2.870957440,0.049667436,-0.902367754,0.020607488,0.092426596,0.007335237,0.129165778,0.057002673,-0.773201976,0.014683992,-0.892221568,0.121913267,-0.965746193,0.042318681,0.119019592,-0.064910594,0.192544217,1,9.636056004,0,0,0.000000000,0.000000000,0.000000000,1
59.220430740,-0.012000000,0.012000000,0.000423941,-0.321309297,-0.014680977,0.000872465,2.919734716,0.034896361,2.954631077,2.955405198,0.044629461,-0.946772623,0.020491898,0.096766647,0.023099364,0.068958173,0.067728825,-0.877814451,0.013446691,-0.903580926,0.107342983,-0.948364224,0.054282133,0.025766475,-0.039614158,0.070549773,1,2.758577941,0,0,0.000000000,0.000000000,0.000000000,1
59.324424603,-0.008000000,0.020000000,0.000715122,-0.322724084,-0.012995788,0.000014528,2.950003386,-0.016579078,2.933424308,2.934198429,0.040219918,-0.946644056,0.020400402,0.096754068,0.044000037,-0.102591841,0.084219955,-1.049235897,0.012913459,-0.913544798,0.100435768,-0.950975314,0.071306496,-0.135691099,-0.016215814,-0.098260584,1,1.271821348,0,0,-0.000000000,-0.000000000,-0.000000000,1
59.432430462,-0.004000000,0.024000000,0.001235651,-0.323336571,-0.006570869,-0.000131125,2.946980476,-0.092375006,2.854605470,2.855379591,0.022284534,-0.923372655,0.020123767,0.094478413,0.003913597,-0.003880749,0.026198131,-0.927253405,0.013408397,-0.921282946,0.104572935,-0.982596961,0.012789735,-0.005970459,-0.078374804,0.055343556,1,9.631376005,0,0,0.000000000,0.000000000,0.000000000,1
59.536436318,0.000000000,0.032000000,0.004756483,-0.322792142,-0.006016768,-0.004183780,2.956659079,-0.016338056,2.940321023,2.941095144,0.031676816,-0.961414178,0.020249301,0.098199655,-0.013517487,0.072620760,0.018159329,-0.888793418,0.014358508,-0.927147723,0.086892013,-0.983225233,0.003800821,0.038354306,-0.068732685,0.094431815,1,7.934259416,0,0,0.000000000,0.000000000,0.000000000,1
59.588442171,-0.044000000,-0.020000000,0.007007235,-0.322287938,-0.006570315,-0.004447921,2.961688519,0.036520395,2.998208914,2.998983035,0.040708332,-0.979622364,0.020410088,0.099982997,0.012923333,-0.275841161,0.053631665,-1.255463525,0.016031650,-0.934252334,0.069918306,-0.979575216,0.037600015,-0.321211191,-0.016286640,-0.275888308,1,6.833749492,0,0,-0.000000000,-0.000000000,-0.000000000,1
59.688448020,-0.044000000,-0.016000000,0.007313217,-0.326264757,-0.008887034,-0.002159396,2.958923101,0.040364115,2.999287216,3.000061337,0.048589204,-0.985038365,0.020581766,0.100513710,-0.014530504,0.087124867,0.034058700,-0.897913498,0.015894732,-0.941054476,0.072916820,-1.039212497,0.018163968,0.043140977,-0.038858120,0.141298998,1,3.875935759,0,0,0.000000000,0.000000000,0.000000000,1
59.792459866,-0.044000000,-0.016000000,0.002789518,-0.329511957,-0.008726349,0.000004657,2.963977098,0.062339151,3.026316249,3.027090370,0.034850655,-0.997193296,0.020301371,0.101705185,0.033602122,-0.045868479,0.068452777,-1.043061776,0.015442942,-0.947863104,0.065414392,-1.027754633,0.053009834,-0.095198672,0.003038385,-0.015307143,1,0.032521746,0,0,0.000000000,0.000000000,0.000000000,1
59.896471707,-0.040000000,-0.008000000,0.000853910,-0.327690218,-0.007144271,0.000145449,2.973674536,-0.050602435,2.923072100,2.923846221,0.023379260,-0.957436974,0.020136184,0.097810304,-0.018336590,-0.021074990,0.005042669,-0.978511965,0.015171247,-0.953416853,0.075365623,-1.041436543,-0.010128578,-0.025095111,-0.070322954,0.062924578,1,7.888105001,0,0,0.000000000,0.000000000,0.000000000,1
60.000477546,-0.036000000,-0.008000000,0.002649726,-0.332711909,-0.003296716,-0.002493960,2.924316406,-0.013495061,2.910821345,2.911595466,0.017309030,-0.975724398,0.020074761,0.099601109,0.015602652,0.026484238,0.032911682,-0.949240160,0.015740489,-0.956591535,0.058292003,-1.037085732,0.017171193,0.007351374,-0.025380321,0.087845572,1,1.623037287,0,0,0.000000000,0.000000000,0.000000000,1
60.108483210,-0.024000000,0.004005830,0.006375350,-0.323713220,-0.000656890,-0.004125436,2.979412794,-0.067547114,2.911865680,2.912639801,0.020476940,-0.954622131,0.020104553,0.097534784,-0.019085535,0.019944536,0.001391405,-0.934677596,0.015748446,-0.959917259,0.055315295,-1.031894393,-0.014357041,0.025239663,-0.053923890,0.097216797,1,5.311861507,0,0,0.000000000,0.000000000,0.000000000,1
60.212465037,-0.020000000,0.003981827,0.003752478,-0.324430517,-0.003525609,-0.000586294,2.972570896,-0.034330757,2.938240139,2.939014260,0.021384768,-0.954977441,0.020114002,0.097569560,0.007415932,0.099603587,0.028800700,-0.855373854,0.015128298,-0.962414331,0.042111734,-1.023113092,0.013672403,0.107040476,-0.013311034,0.167739238,1,2.701011764,0,0,0.000000000,0.000000000,0.000000000,1
60.312464860,-0.020000000,0.008000000,0.001011779,-0.342251840,-0.032687552,-0.001616371,2.942099094,0.004769196,2.946868290,2.947642411,0.099307489,-1.013334330,0.022329796,0.103288260,0.003589380,0.192988764,0.102896869,-0.820345565,0.016056701,-0.963049399,0.047480643,-1.000353779,0.086840168,0.142703834,0.055416226,0.180008214,1,6.801366764,0,0,0.000000000,0.000000000,0.000000000,1
60.416470679,-0.016000000,0.008005819,0.001985339,-0.390550946,-0.082931392,-0.004289194,2.982531548,-0.021482811,2.961048737,2.961822858,0.251442579,-1.169140895,0.032128394,0.118612412,-0.006079972,-0.033500823,0.245362607,-1.202641718,0.015882393,-0.963468932,0.074632779,-0.982229820,0.229480214,-0.239172786,0.170729827,-0.220411898,1,25.488563364,0,0,0.000000000,0.000000000,0.000000000,1
60.520482495,-0.012000000,0.016011816,0.001024843,-0.416139642,-0.098826528,0.000444417,2.985795736,0.026705152,3.012500888,3.013275009,0.300802341,-1.252282235,0.036122299,0.126815251,0.014580012,0.006321222,0.315382353,-1.245961013,0.016260960,-0.957711532,0.118565051,-1.015971630,0.299121394,-0.288249481,0.196817303,-0.229989383,1,26.605338557,0,0,0.000000000,0.000000000,0.000000000,1
60.624482306,-0.008000000,0.015999811,0.001570730,-0.407401759,-0.086987816,-0.000719817,2.965980530,-0.093075834,2.872904696,2.873678817,0.254420262,-1.172494392,0.032361964,0.118942974,-0.006138726,0.192984779,0.248281536,-0.979509613,0.016336615,-0.941967186,0.164821550,-1.038808034,0.231944922,-0.037542427,0.083459986,0.059298420,1,5.094761183,0,0,0.000000000,0.000000000,0.000000000,1
60.728488114,-0.004000000,0.016005808,-0.003407745,-0.382367235,-0.065145522,0.002910606,2.944437027,0.023610230,2.968047257,2.968821378,0.183240640,-1.126245207,0.027125105,0.114386549,0.013274719,-0.115123384,0.196515360,-1.241368591,0.013655145,-0.916349736,0.193745153,-1.017069924,0.182860215,-0.325018854,0.002770207,-0.224298667,1,3.268126755,0,0,0.000000000,0.000000000,0.000000000,1
60.832493919,0.000000000,0.024005805,-0.005003225,-0.358390908,-0.059653025,0.002121844,2.908542156,0.113223051,3.021765207,3.022539328,0.165138865,-1.076561464,0.025936624,0.109498155,-0.005613475,0.095207612,0.159525389,-0.981353852,0.012295130,-0.886640339,0.203993395,-1.027202755,0.147230259,-0.094713513,-0.044468005,0.045848903,1,1.977875927,0,0,0.000000000,0.000000000,0.000000000,1
60.884490719,-0.048000000,-0.020000000,-0.004494137,-0.347420967,-0.044981811,0.001709765,2.956949711,-0.005726948,2.951222763,2.951996884,0.119488146,-1.020270769,0.023297514,0.103968863,-0.021996816,-0.053647867,0.097491331,-1.073918636,0.011341855,-0.853006128,0.195964906,-0.990073882,0.086149476,-0.220912508,-0.098473575,-0.083844754,1,11.143147047,0,0,-0.000000000,-0.000000000,-0.000000000,1
60.988490515,-0.044000000,-0.020000000,-0.003081285,-0.320812114,-0.039724741,-0.001470924,2.959253073,0.012736286,2.971989359,2.972763480,0.108903962,-0.957821759,0.022772807,0.097847970,0.011291830,0.261741022,0.120195792,-0.696080737,0.011804732,-0.812974782,0.161488611,-0.968527227,0.108391060,0.116894046,-0.041292819,0.272446490,1,8.133738905,0,0,0.000000000,0.000000000,0.000000000,1
61.092490308,-0.040000000,-0.012000000,-0.000833026,-0.304039353,-0.045098905,0.001759640,2.958269119,0.084272148,3.042541267,3.043315388,0.134680762,-0.919698501,0.024112011,0.094119357,0.051944504,-0.052907320,0.186625266,-0.972605820,0.010513825,-0.773900590,0.152823222,-0.881613566,0.176111442,-0.198705231,0.033802045,-0.090992254,1,1.982948925,0,0,0.000000000,0.000000000,0.000000000,1
61.200490097,-0.032000000,-0.008000000,-0.000831627,-0.289523526,-0.040122356,-0.002538644,2.974161863,-0.025075804,2.949086059,2.949860180,0.115871742,-0.861316476,0.023114121,0.088423191,-0.040914841,0.004546392,0.074956901,-0.856770084,0.009790914,-0.730096433,0.171735645,-0.866547211,0.065165987,-0.126673651,-0.096778744,0.009777127,1,10.771242658,0,0,0.000000000,0.000000000,0.000000000,1
61.304495882,-0.028000000,0.000000000,-0.003489623,-0.271945654,-0.043058071,0.003093902,2.960773706,-0.020928176,2.939845530,2.940619651,0.116325126,-0.790382623,0.023136883,0.081529424,-0.012909927,-0.025313054,0.103415199,-0.815695677,0.008393373,-0.687163475,0.141050102,-0.821489448,0.095021826,-0.128532203,-0.037634903,0.005793771,1,1.625511491,0,0,0.000000000,0.000000000,0.000000000,1
61.408501664,-0.024000000,0.000000000,-0.006535907,-0.247172904,-0.022731764,0.004268348,2.955411911,-0.033940604,2.921471307,2.922245428,0.047315734,-0.709638690,0.020552075,0.073728357,0.011183163,-0.091265239,0.058498897,-0.800903928,0.006520278,-0.635296474,0.136219315,-0.779786408,0.051978619,-0.165607454,-0.077720418,-0.021117520,1,8.025390845,0,0,-0.000000000,-0.000000000,-0.000000000,1
61.512495441,-0.020000000,0.007993777,-0.005022867,-0.223423802,-0.023832602,0.001058560,2.928990602,0.029700128,2.958690731,2.959464852,0.055652189,-0.657909980,0.020759857,0.068763765,-0.003329860,0.034438892,0.052322329,-0.623471088,0.006438645,-0.586744169,0.111455983,-0.738455574,0.045883685,-0.036726919,-0.059133654,0.114984486,1,6.669928149,0,0,0.000000000,0.000000000,0.000000000,1
61.616495215,-0.016000000,0.008000000,-0.002082049,-0.204380691,-0.033221114,0.000663085,2.939968586,0.013865874,2.953834460,2.954608581,0.091979643,-0.601748086,0.022013690,0.063411415,0.005462921,0.000357997,0.097442565,-0.601390089,0.005200121,-0.534091617,0.095282278,-0.665547093,0.092242443,-0.067298471,0.002160286,0.064157005,1,0.753306048,0,0,0.000000000,0.000000000,0.000000000,1
61.720494985,-0.012000000,0.016000000,-0.003612861,-0.186732505,-0.029596018,-0.000671449,2.981352568,-0.004606184,2.976746384,2.977520505,0.077345267,-0.557854040,0.021443482,0.059262225,0.051245959,-0.067418247,0.128591225,-0.625272288,0.004767566,-0.484894897,0.102384466,-0.603923141,0.123823659,-0.140377390,0.026206759,-0.021349147,1,0.966833457,0,0,0.000000000,0.000000000,0.000000000,1
61.824500751,-0.008000000,0.016000000,-0.005453190,-0.166959022,-0.022920055,0.003243483,2.955438137,-0.074129136,2.881309001,2.882083122,0.050327435,-0.471715056,0.020623494,0.051236227,0.002132994,-0.003793514,0.052460429,-0.475508570,0.002518062,-0.427303022,0.120339275,-0.566186172,0.049942368,-0.048205548,-0.067878846,0.090677602,1,8.208183754,0,0,0.000000000,0.000000000,0.000000000,1
61.928500513,-0.008000000,0.023999762,-0.005228920,-0.140871521,-0.020536317,-0.000206929,2.933714867,-0.053154035,2.880560831,2.881334953,0.044093887,-0.406385058,0.020480300,0.045293357,0.018520797,-0.006317835,0.062614684,-0.412702893,0.002910724,-0.373897993,0.101578757,-0.488843596,0.059703960,-0.038804900,-0.038964073,0.076140703,1,3.850943395,0,0,0.000000000,0.000000000,0.000000000,1
62.032500272,0.000000000,0.023999759,-0.002597552,-0.122448026,-0.020300636,-0.002005847,2.975003481,-0.000555947,2.974447534,2.975221655,0.052656894,-0.370181516,0.020681574,0.042075451,-0.008640318,-0.018365106,0.044016576,-0.388546622,0.002448044,-0.317072801,0.094118283,-0.418631993,0.041568533,-0.071473821,-0.050101706,0.030085371,1,3.736442294,0,0,0.000000000,0.000000000,0.000000000,1
62.080506027,-0.052000000,-0.023994245,-0.003184145,-0.113987024,-0.031654023,0.000628259,2.946989775,-0.074967002,2.872022773,2.872796894,0.081766136,-0.325568952,0.021606874,0.038209311,-0.017111173,0.018479788,0.064654963,-0.307089164,0.001042710,-0.266842630,0.082824239,-0.362549286,0.063612252,-0.040246534,-0.018169276,0.055460122,1,1.772550354,0,0,0.000000000,0.000000000,0.000000000,1
62.188505777,-0.044000000,-0.020000250,-0.005043600,-0.104317692,-0.026940020,0.002498214,2.935245275,0.005548561,2.940793837,2.941567958,0.064392855,-0.299430095,0.021011054,0.036008108,-0.022907306,-0.041446180,0.041485549,-0.340876275,0.000395112,-0.209801218,0.084799627,-0.298404262,0.041090438,-0.131075057,-0.043314077,-0.042472013,1,3.450708126,0,0,-0.000000000,-0.000000000,-0.000000000,1
62.292511525,-0.040000000,-0.011994252,-0.004746834,-0.077757358,-0.023130652,-0.000816624,2.957850695,0.097863750,3.055714444,3.056488565,0.056175698,-0.240099650,0.020773952,0.031248655,-0.001583118,-0.035619923,0.054592580,-0.275719572,0.001326543,-0.155738498,0.076655779,-0.265015688,0.053266037,-0.119981074,-0.022063199,-0.010703884,1,0.731430435,0,0,-0.000000000,-0.000000000,-0.000000000,1
62.396517268,-0.036000000,-0.011994257,-0.002122946,-0.056740891,-0.025104841,-0.000054143,2.961356163,-0.022251660,2.939104503,2.939878625,0.067546193,-0.166926540,0.021109829,0.026050810,0.026917909,-0.006385244,0.094464102,-0.173311784,0.001166819,-0.099696656,0.076371113,-0.223674691,0.093297283,-0.073615128,0.018092989,0.050362907,1,2.566998273,0,0,0.000000000,0.000000000,0.000000000,1
62.500517007,-0.032000000,-0.012000000,-0.003783032,-0.037134880,-0.024332387,0.004039785,2.957107782,0.022911754,2.980019537,2.980793658,0.061237480,-0.098624031,0.020916508,0.022299484,0.007207437,-0.010624850,0.068444917,-0.109248881,0.000026995,-0.040712312,0.089649962,-0.152220165,0.068417923,-0.068536569,-0.021205045,0.042971285,1,2.516731182,0,0,0.000000000,0.000000000,0.000000000,1
62.600522743,-0.036000000,-0.008000000,-0.004296927,-0.013836339,-0.020509833,-0.001238663,2.928875208,0.068201465,2.997076673,2.997850794,0.048591324,-0.045180937,0.020581816,0.020503979,-0.006857202,0.024116492,0.041734122,-0.021064445,0.000430636,0.014152195,0.090169222,-0.080860930,0.041303486,-0.035216640,-0.048435100,0.059796484,1,7.487648756,0,0,0.000000000,0.000000000,0.000000000,1
62.704528474,-0.032000000,0.000000000,-0.002826596,0.006678913,-0.022214500,0.000454870,2.931349754,-0.050259205,2.881090549,2.881864670,0.055858306,0.020553076,0.020765392,0.020105330,0.035325125,-0.024513816,0.091183431,-0.003960740,0.001386522,0.067579326,0.077426712,-0.003513812,0.089796909,-0.071540065,0.013756719,-0.000446927,1,0.251741537,0,0,0.000000000,0.000000000,0.000000000,1
62.808516202,-0.024000000,0.000000000,-0.002798849,0.026387024,-0.023849869,0.002250606,2.983303547,0.064157738,3.047461285,3.048235407,0.064152168,0.087272067,0.021003690,0.021821186,-0.013173189,0.024388692,0.050978978,0.111660759,-0.000095806,0.124419001,0.089800056,0.042471204,0.051074785,-0.012758242,-0.038821078,0.069189554,1,8.101755973,0,0,0.000000000,0.000000000,0.000000000,1
62.912503926,-0.024000000,0.008000000,-0.007994693,0.039687246,-0.023273472,0.004971232,2.976183653,-0.048844953,2.927338700,2.928112821,0.044726160,0.130730491,0.020494006,0.023893610,0.003509246,0.026848873,0.048235406,0.157579364,-0.001403724,0.177852900,0.082524954,0.117033396,0.049639130,-0.020273536,-0.034289548,0.040545967,1,3.365070857,0,0,0.000000000,0.000000000,0.000000000,1
63.016503646,-0.020000000,0.008000000,-0.007293030,0.059120603,-0.025506729,0.004568773,2.995535135,-0.034147344,2.961387792,2.962161913,0.053937827,0.188608942,0.020714557,0.027490604,-0.031861540,0.042829205,0.022076287,0.231438148,-0.002082374,0.236405134,0.076477348,0.179772841,0.024158661,-0.004966986,-0.054401060,0.051665307,1,6.270049251,0,0,0.000000000,0.000000000,0.000000000,1
63.124503363,-0.012000000,0.020000000,-0.005629497,0.082445492,-0.021447243,0.001948615,2.957726240,-0.000143035,2.957583205,2.958357326,0.046782301,0.249602594,0.020539860,0.031984599,-0.029270131,0.025948452,0.017512170,0.275551046,-0.000287983,0.290853142,0.064948103,0.246728173,0.017800153,-0.015302095,-0.047435933,0.028822874,1,3.567049889,0,0,0.000000000,0.000000000,0.000000000,1
63.228497075,-0.004000000,0.020000000,-0.004465464,0.114984363,-0.003197311,0.005541468,2.986491919,-0.106463382,2.880028536,2.880802657,-0.003652315,0.347117832,0.020003335,0.040061302,-0.009649959,-0.010677508,-0.013302274,0.336440324,-0.001051773,0.349040712,0.052094245,0.301426651,-0.012250501,-0.012600388,-0.065396519,0.035013673,1,6.568652203,0,0,0.000000000,0.000000000,0.000000000,1
63.332496785,0.000000000,0.028000000,-0.005896555,0.215788999,0.086261183,0.004108713,2.951209068,0.043108233,2.994317301,2.995091422,-0.275949510,0.658443524,0.034080512,0.068814815,0.054084393,0.009482431,-0.221865118,0.667925956,0.001268022,0.403051368,0.034783394,0.358186364,-0.223133140,0.264874588,-0.256648512,0.309739592,0,62.637313368,0,0,0.000000000,0.000000000,0.000000000,1
63.384490490,-0.048000000,-0.024000000,-0.000858203,0.263595452,0.145886630,-0.001903222,2.978086710,-0.025749968,2.952336742,2.953110863,-0.433240162,0.772603586,0.047717611,0.079807036,-0.109585848,-0.006186524,-0.542826010,0.766417062,0.003878883,0.453497039,0.046781350,0.397238112,-0.546704892,0.312920023,-0.589607360,0.369178950,0,143.552646606,0,0,0.000000000,0.000000000,0.000000000,1
63.488499192,-0.044000000,-0.016000000,0.004703656,0.320300245,0.138343811,-0.002884652,2.943564415,0.021587453,2.965151868,2.965925989,-0.396263354,0.941185440,0.044387458,0.096220062,0.058350400,-0.122562637,-0.337912954,0.818622802,0.004466110,0.486701734,0.055908443,0.419418816,-0.342379064,0.331921069,-0.393821397,0.399203986,0,72.408119521,0,0,0.000000000,0.000000000,0.000000000,1
63.592516891,-0.040000000,-0.016000000,0.002072748,0.315260142,0.124774121,-0.000876296,2.937412262,0.015914809,2.953327071,2.954101192,-0.362377284,0.928478322,0.041390494,0.094977471,0.049356243,-0.156409119,-0.313021041,0.772069203,0.005689882,0.508179123,0.063352909,0.426256162,-0.318710924,0.263890080,-0.376373951,0.345813041,0,63.730449418,0,0,0.000000000,0.000000000,0.000000000,1
63.692522585,-0.044000000,-0.012000000,0.002869186,0.292450494,0.099319667,-0.003735783,2.937869549,-0.051963012,2.885906537,2.886680658,-0.278347072,0.833203671,0.034274931,0.085687126,-0.009769418,0.051515674,-0.288116490,0.884719345,0.008342620,0.514834413,0.075050477,0.421758876,-0.296459111,0.369884932,-0.363166968,0.462960469,0,76.006804285,0,0,0.000000000,0.000000000,0.000000000,1
63.800522276,-0.032000000,-0.008000000,0.007761363,0.275825294,0.080298312,-0.001855817,2.942121267,-0.065971982,2.876149286,2.876923407,-0.208627094,0.787977115,0.028900738,0.081296244,0.013210199,0.034680050,-0.195416895,0.822657165,0.008445827,0.511256872,0.080682395,0.409373348,-0.203862722,0.311400293,-0.276099290,0.413283817,0,49.614653566,0,0,0.000000000,0.000000000,0.000000000,1
63.904527963,-0.028000000,0.000000000,0.002122658,0.256345804,0.074644901,-0.000521526,2.967206717,-0.001707891,2.965498826,2.966272947,-0.215064626,0.758646598,0.029368826,0.078456654,0.022632481,-0.096938827,-0.192432145,0.661707771,0.009964184,0.499973708,0.090914689,0.387565348,-0.202396329,0.161734063,-0.283346834,0.274142423,0,37.064685750,0,0,0.000000000,0.000000000,0.000000000,1
64.008527647,-0.028000000,0.000000000,0.004742672,0.238186572,0.061596263,-0.001023803,2.954509735,-0.002869439,2.951640296,2.952414418,-0.167811350,0.700019186,0.026107595,0.072802944,-0.004894743,0.060421683,-0.172706093,0.760440869,0.011626030,0.480901407,0.100461521,0.359051645,-0.184332123,0.279539462,-0.273167614,0.401389224,0,41.580548201,0,0,0.000000000,0.000000000,0.000000000,1
64.112527326,-0.020000000,0.008000000,0.007495010,0.225981375,0.060456179,-0.002804906,2.943416834,-0.021512212,2.921904622,2.922678743,-0.154747484,0.652100358,0.025287701,0.068208128,-0.043762400,-0.055985751,-0.198509883,0.596114606,0.012891561,0.459057947,0.108101594,0.327589898,-0.211401444,0.137056659,-0.306611477,0.268524708,1,35.943553073,0,0,0.000000000,0.000000000,0.000000000,1
64.216533002,-0.016000000,0.008000000,0.006948618,0.215902996,0.051846907,-0.002270071,2.915402412,-0.058730936,2.856671476,2.857445597,-0.128259661,0.610279084,0.023759322,0.064221535,0.062183263,-0.088509109,-0.066076397,0.521769974,0.013627565,0.427895946,-0.130250579,0.442006884,-0.079703962,0.093874029,0.064174182,0.079763090,1,4.535009260,0,0,0.000000000,0.000000000,0.000000000,1
64.320541674,-0.016000000,0.016000000,0.015347955,0.281035918,0.203363478,-0.020683516,2.935144663,0.084259764,3.019404427,3.020178548,-0.567694902,0.786109196,0.060189493,0.081115206,-0.069988593,0.071184957,-0.637683495,0.857294153,0.015261943,0.395824864,-0.089217662,0.427969333,-0.652945437,0.461469289,-0.548465833,0.429324820,0,96.208502487,0,0,0.000000000,0.000000000,0.000000000,1
64.424541342,-0.012000000,0.016000000,0.020848755,0.265171339,0.081091724,-0.011530053,2.949888229,-0.012646176,2.937242053,2.938016174,-0.176948183,0.745005853,0.026704056,0.077138429,0.012407968,0.019853010,-0.164540215,0.764858864,0.015325292,0.348226923,-0.083947008,0.370304032,-0.179865507,0.416631941,-0.080593207,0.394554832,1,23.674086660,0,0,0.000000000,0.000000000,0.000000000,1
64.528547006,-0.004000000,0.024000000,0.008219225,0.088599287,-0.046289805,-0.002149729,2.925987720,-0.050188241,2.875799480,2.876573601,0.156757040,0.248611592,0.025411173,0.031907323,-0.013035654,0.023827799,0.143721386,0.272439391,0.014360366,0.293832648,-0.114904347,0.420169974,0.129361020,-0.021393257,0.258625734,-0.147730583,0,67.444604927,0,0,0.000000000,0.000000000,0.000000000,1
64.632546322,0.000000000,0.023999656,-0.000889246,-0.004480452,-0.094421238,0.004471207,2.927051544,-0.001429550,2.925621994,2.926396115,0.273639252,-0.000027046,0.033893722,0.020000000,-0.000834342,-0.012843603,0.272804910,-0.012870649,0.012883302,0.239242164,-0.111492173,0.362569992,0.259921609,-0.252112813,0.384297083,-0.375440641,0,128.543335449,0,0,0.000000000,0.000000000,0.000000000,1
64.736557975,0.004000000,0.032000000,-0.004541648,0.006993014,-0.059303615,0.007284424,2.945981264,0.008546627,2.954527891,2.955302012,0.161795760,0.042183088,0.025725059,0.020440013,0.013862702,0.010930875,0.175658462,0.053113963,0.009464341,0.200104646,-0.106997176,0.316702866,0.166194121,-0.146990683,0.282655638,-0.263588903,0,69.099245695,0,0,0.000000000,0.000000000,0.000000000,1
64.788557623,-0.048000000,-0.020000352,-0.007151673,0.019916524,-0.030841567,0.007890257,2.986103058,0.036500792,3.022603850,3.023377971,0.071605165,0.084048882,0.021243187,0.021694288,-0.028365545,0.019633552,0.043239621,0.103682434,0.007209121,0.164963614,-0.100515562,0.271439901,0.036030500,-0.061281180,0.143755182,-0.167757467,1,18.455178565,0,0,0.000000000,0.000000000,0.000000000,1
64.892557623,-0.040000000,-0.012000000,-0.005692722,0.030799102,-0.019274537,0.001198222,2.939485788,0.097902840,3.037388628,3.038162749,0.041253249,0.097188308,0.020421026,0.022236359,0.005063108,0.014205325,0.046316357,0.111393633,0.006141664,0.136725909,0.013511616,0.089027481,0.040174693,-0.025332277,0.032804741,0.022366152,1,1.783983628,0,0,0.000000000,0.000000000,0.000000000,1
64.996551268,-0.040000000,-0.012000000,-0.001239059,0.031055202,-0.011504829,0.001017902,2.941612482,-0.106731421,2.834881061,2.835655182,0.029102238,0.090923434,0.020210626,0.021969768,-0.018647405,-0.038087409,0.010454834,0.052836025,0.005253582,0.110916226,0.037356420,0.063784625,0.005201251,-0.058080201,-0.026901587,-0.010948600,1,1.166069993,0,0,-0.000000000,-0.000000000,-0.000000000,1
65.100562908,-0.036000000,-0.004000000,0.000842061,0.021076275,-0.022008501,0.000546349,2.932495832,0.033454819,2.965950651,2.966724772,0.067773640,0.064131636,0.021117118,0.021003063,0.007765163,0.015219527,0.075538803,0.079351163,0.005243355,0.087976227,0.034285599,0.027585710,0.070295449,-0.008625064,0.041253205,0.051765453,1,6.015487566,0,0,0.000000000,0.000000000,0.000000000,1
65.204568545,-0.028000000,-0.004000000,0.002271000,0.003905089,-0.025214346,-0.003280709,2.910002232,0.067662610,2.977664841,2.978438962,0.081842148,0.001859197,0.021609752,0.020000864,0.017477133,-0.024183165,0.099319281,-0.022323969,0.006009809,0.065159247,0.056972152,0.020457679,0.093309472,-0.087483216,0.042347129,-0.042781647,1,4.972402769,0,0,0.000000000,0.000000000,0.000000000,1
65.308568178,-0.024000000,0.004000000,0.001966070,-0.017150274,-0.073951736,-0.004667837,2.952420473,-0.039588917,2.912831556,2.913605678,0.221135782,-0.063552481,0.029816276,0.020985452,-0.020188664,-0.006213798,0.200947118,-0.069766279,0.006964096,0.047120463,0.080548960,-0.024261334,0.193983022,-0.116886742,0.120398158,-0.045504945,1,15.198332946,0,0,0.000000000,0.000000000,0.000000000,1
65.412561431,-0.024000000,0.003993625,0.004740268,-0.088389515,-0.114114337,-0.003393039,2.985045195,-0.036492208,2.948552987,2.949327108,0.350449101,-0.270625725,0.040350288,0.033650896,0.062949483,-0.020786976,0.413398584,-0.291412702,0.006010538,0.034355362,0.114690899,-0.064009294,0.407388046,-0.325768063,0.298707685,-0.227403407,0,80.542683701,0,0,0.000000000,0.000000000,0.000000000,1
65.512567051,-0.020000000,0.008000000,0.000841290,-0.106160932,-0.118261620,-0.001242731,2.973129749,0.028268697,3.001398447,3.002172568,0.357475291,-0.322361186,0.040962005,0.037936359,0.017198836,-0.060079572,0.374674126,-0.382440758,0.005631081,0.031281586,0.120593666,-0.070008046,0.369043045,-0.413722344,0.254080460,-0.312432712,0,78.669044048,0,0,0.000000000,0.000000000,0.000000000,1
65.620548668,-0.016000000,0.012000000,-0.001184517,-0.087882222,-0.091822982,-0.000578401,2.960095406,-0.102647767,2.857447639,2.858221760,0.258994667,-0.252771599,0.032722811,0.032232512,0.018799924,0.029550085,0.277794590,-0.223221514,0.003166376,0.042160782,0.126643453,-0.067881475,0.274628214,-0.265382296,0.151151137,-0.155340039,1,25.319319672,0,0,0.000000000,0.000000000,0.000000000,1
65.724554281,-0.012000000,0.020000000,-0.001933198,-0.051202073,-0.072391070,-0.001688430,2.953490973,-0.020710385,2.932780587,2.933554708,0.206637480,-0.155116241,0.028757442,0.025310284,0.060613528,0.021160398,0.267251009,-0.133955843,0.003193108,0.060397215,0.192230930,-0.125818621,0.264057901,-0.194353058,0.075020079,-0.008137222,1,4.085639962,0,0,0.000000000,0.000000000,0.000000000,1
65.828559890,-0.008000000,0.020000000,-0.001251813,-0.025599843,-0.055339538,0.001067126,2.961850643,0.025813180,2.987663824,2.988437945,0.161595937,-0.073295512,0.025712496,0.021300759,0.031969138,-0.001076557,0.193565075,-0.074372068,0.000153741,0.088258793,0.227243863,-0.113213608,0.193411335,-0.162630861,-0.033678788,0.038841540,1,2.559290923,0,0,0.000000000,0.000000000,0.000000000,1
65.932565495,-0.004000000,0.028000000,-0.004125829,-0.006180297,-0.053941045,0.002375376,2.945794106,-0.010519455,2.935274650,2.936048771,0.146221340,-0.011168489,0.024775125,0.020031160,0.057703412,0.012662599,0.203924752,0.001494110,-0.002017401,0.117561645,0.218821269,-0.069995711,0.205942153,-0.116067535,-0.014896517,0.071489821,1,6.847475677,0,0,0.000000000,0.000000000,0.000000000,1
66.032565097,-0.004000000,0.024000000,-0.002808936,0.006709974,-0.050064903,0.000480509,2.976801157,-0.003118979,2.973682178,2.974456300,0.140524227,0.021382213,0.024443211,0.020113975,-0.032674025,0.008808448,0.107850202,0.030190660,-0.003391150,0.151881926,0.219048747,-0.010521407,0.111241351,-0.121691266,-0.111198546,0.040712067,1,15.076252825,0,0,0.000000000,0.000000000,0.000000000,1
66.088570694,-0.048000000,-0.016000000,-0.001544812,0.012383281,-0.054208592,-0.001566050,2.955821514,0.033791060,2.989612574,2.990386695,0.157444297,0.032339330,0.025453626,0.020259771,-0.025480148,0.025952105,0.131964148,0.058291435,-0.004595124,0.186933486,0.183971326,0.039131021,0.136559272,-0.128642051,-0.052007178,0.019160414,1,3.194214682,0,0,0.000000000,0.000000000,0.000000000,1
66.192576287,-0.044000000,-0.016000000,-0.000208663,0.025919672,-0.043102875,-0.001077589,2.983291388,-0.018879933,2.964411454,2.965185575,0.127156094,0.073642157,0.023699931,0.021312712,0.015277240,-0.017590556,0.142433334,0.056051601,-0.005829498,0.229468181,0.171171510,0.082523062,0.148262831,-0.173416580,-0.028738176,-0.026471461,1,1.856840359,0,0,-0.000000000,-0.000000000,-0.000000000,1
66.296581877,-0.040000000,-0.007994410,-0.002427596,0.052949199,-0.030545311,0.000330653,2.948480129,0.001289110,2.949769239,2.950543360,0.082940771,0.157163269,0.021651598,0.025436252,-0.020584047,-0.014469989,0.062356724,0.142693279,-0.008783793,0.271274022,0.164803120,0.108165875,0.071140517,-0.128580742,-0.102446396,0.034527404,1,13.899318032,0,0,0.000000000,0.000000000,0.000000000,1
66.400581462,-0.036000000,-0.008000415,-0.007240146,0.105360021,0.029737279,0.004315963,2.971395731,0.004126624,2.975522355,2.976296476,-0.110027154,0.326343342,0.022826733,0.038275315,-0.002304917,0.091808602,-0.112332071,0.418151944,-0.012516471,0.319077146,0.124792912,0.160735246,-0.099815601,0.099074798,-0.237124983,0.257416697,0,101.014743754,0,0,0.000000000,0.000000000,0.000000000,1
66.504587044,-0.028000000,0.000005582,-0.008978111,0.178386475,0.063519463,0.004523851,2.920785427,0.033347880,2.954133307,2.954907428,-0.214167497,0.540341487,0.029303194,0.057616744,-0.026491999,0.101549644,-0.240659496,0.641891131,-0.012692697,0.361747672,0.132008151,0.192230385,-0.227966799,0.280143459,-0.372667647,0.449660746,0,151.280811552,0,0,0.000000000,0.000000000,0.000000000,1
66.604586621,-0.028000000,-0.004000423,-0.004700832,0.207210891,0.059924506,-0.001036853,2.943261623,-0.012211539,2.931050084,2.931824205,-0.189420102,0.604306430,0.027546320,0.063654243,0.034999837,0.152798774,-0.154420265,0.757105204,-0.014225338,0.399536980,0.137701193,0.219958765,-0.140194928,0.357568224,-0.292121458,0.537146439,0,112.874917329,0,0,0.000000000,0.000000000,0.000000000,1
66.712592195,-0.020000000,0.008005574,-0.002952391,0.206183768,0.046684556,-0.001158162,2.929893017,-0.069880675,2.860012342,2.860786463,-0.141962280,0.586375763,0.024526167,0.061954543,-0.012801413,-0.010201584,-0.154763693,0.576174180,-0.013399749,0.428637021,0.144663204,0.239053485,-0.141363944,0.147537159,-0.299426897,0.337120695,0,75.484789642,0,0,0.000000000,0.000000000,0.000000000,1
66.816597764,-0.016000000,0.008005569,-0.000458353,0.195953691,0.029381730,-0.003124773,2.936424732,0.022062550,2.958487282,2.959261403,-0.088281505,0.570481901,0.021861753,0.060452428,0.016441198,-0.101913639,-0.071840307,0.468568262,-0.013416269,0.452864634,0.152117315,0.251941127,-0.058424038,0.015703628,-0.223957622,0.216627134,1,35.235327473,0,0,0.000000000,0.000000000,0.000000000,1
66.920603330,-0.016000000,0.016005566,-0.001012946,0.189599259,0.020055477,-0.001159579,2.962100029,-0.027458853,2.934641176,2.935415297,-0.061828262,0.553002843,0.020933880,0.058805794,0.040903464,-0.029388283,-0.020924798,0.523614560,-0.013159942,0.469693989,-0.007936045,0.339442055,-0.007764857,0.053920571,-0.012988753,0.184172505,1,6.933629519,0,0,0.000000000,0.000000000,0.000000000,1
67.024608891,-0.012000000,0.016005561,-0.003789953,0.189574597,0.013872809,0.000695496,2.950176477,-0.004469959,2.945706518,2.946480640,-0.052029313,0.560479853,0.020665684,0.059509467,0.010755977,-0.092176958,-0.041273336,0.468302895,-0.013814337,0.486846443,-0.009280285,0.405143496,-0.027458999,-0.018543548,-0.031993051,0.063159398,1,2.162481878,0,0,0.000000000,0.000000000,0.000000000,1
67.128614448,-0.008000000,0.024005557,-0.005590403,0.198259717,0.018461671,0.000635016,2.958986282,-0.052689901,2.906296381,2.907070502,-0.069902455,0.578047041,0.021186400,0.061166852,0.001026954,-0.043520760,-0.068875501,0.534526281,-0.013913666,0.501168573,-0.019582582,0.428043233,-0.054961835,0.033357708,-0.049292919,0.106483047,1,5.582124026,0,0,0.000000000,0.000000000,0.000000000,1
67.228608001,-0.004000000,0.019993553,-0.005040288,0.198095267,0.016640453,0.002418792,2.926455975,0.049557225,2.976013200,2.976787321,-0.064522169,0.596732486,0.021015021,0.062935654,-0.034132216,0.070705819,-0.098654385,0.667438305,-0.014575620,0.513442735,-0.032947146,0.458707496,-0.084078765,0.153995570,-0.065707239,0.208730808,1,14.433497951,0,0,0.000000000,0.000000000,0.000000000,1
67.332607550,0.000000000,0.027999549,-0.003660797,0.197786766,0.014201872,-0.001526574,2.955759287,-0.083533863,2.872225424,2.872999545,-0.051305612,0.563703515,0.020647582,0.059813180,0.031769873,-0.123477796,-0.019535740,0.440225718,-0.014398551,0.523730571,-0.050176993,0.510883100,-0.005137188,-0.083504852,0.030641253,-0.070657382,1,2.388599841,0,0,0.000000000,0.000000000,0.000000000,1
67.384607094,-0.048000000,-0.024000456,-0.001986218,0.198816451,0.009988747,-0.001285941,2.956069708,0.010721710,2.966791418,2.967565539,-0.035527223,0.586031820,0.020313095,0.061921991,0.010702698,-0.061932068,-0.024824525,0.524099753,-0.013767169,0.532383664,-0.033716051,0.491856983,-0.011057356,-0.008283911,0.008891526,0.032242769,1,0.330485142,0,0,0.000000000,0.000000000,0.000000000,1
67.488606635,-0.044000000,-0.016000459,-0.002025210,0.199097012,0.010868731,0.000043197,2.957971096,-0.028704540,2.929266556,2.930040677,-0.037769791,0.583334752,0.020353515,0.061666801,0.006523221,0.048173952,-0.031246569,0.631508705,-0.014523458,0.541043396,-0.025102643,0.497948460,-0.016723111,0.090465308,-0.006143926,0.133560245,1,3.624334402,0,0,0.000000000,0.000000000,0.000000000,1
67.596612171,-0.036000000,-0.011994464,-0.004805139,0.202602689,0.008399275,0.001425799,2.927572727,0.055325257,2.982897984,2.983672105,-0.039387419,0.608596164,0.020384153,0.064061634,0.007579116,-0.137196380,-0.031808304,0.471399784,-0.014974428,0.545905646,-0.022338906,0.527833747,-0.016833875,-0.074505862,-0.009469397,-0.056433963,1,0.745720887,0,0,-0.000000000,-0.000000000,-0.000000000,1
67.696611703,-0.036000000,-0.008000468,-0.005183232,0.197175711,0.000939504,0.000485413,2.933466911,0.043903179,2.977370090,2.978144211,-0.018229650,0.588510319,0.020082908,0.062156608,-0.011193692,0.094343492,-0.029423341,0.682853811,-0.015453225,0.549311888,-0.019645849,0.512535745,-0.013970116,0.133541924,-0.009777492,0.170318066,1,5.852729117,0,0,0.000000000,0.000000000,0.000000000,1
67.800611232,-0.032000000,-0.008000471,-0.005002436,0.196826465,0.004245698,0.002221416,2.960756779,-0.029699615,2.931057164,2.931831285,-0.027106810,0.583420717,0.020182859,0.061674933,0.031060161,-0.029131746,0.003953351,0.554288971,-0.016313450,0.553527255,-0.019544983,0.548040254,0.020266801,0.000761716,0.023498334,0.006248717,1,0.851641390,0,0,0.000000000,0.000000000,0.000000000,1
67.904616756,-0.032000000,-0.007994476,-0.004797423,0.200545236,0.004747330,0.000451716,2.941254377,-0.007200207,2.934054171,2.934828292,-0.028004821,0.589735947,0.020195116,0.062272666,-0.009620455,0.134854735,-0.037625276,0.724590682,-0.014958593,0.558534520,-0.001622583,0.543952515,-0.022666683,0.166056161,-0.036002693,0.180638166,1,8.278428805,0,0,0.000000000,0.000000000,0.000000000,1
68.008616276,-0.024000000,-0.000000480,-0.000308347,0.202247210,0.005330550,-0.003390057,2.958450317,-0.072158826,2.886291491,2.887065613,-0.016275503,0.573959710,0.020066114,0.060780733,-0.015737788,0.027111263,-0.032013291,0.601070973,-0.012881178,0.561106980,-0.008197420,0.583239182,-0.019132114,0.039963993,-0.023815872,0.017831791,1,0.931564578,0,0,0.000000000,0.000000000,0.000000000,1
68.116615792,-0.020000000,0.011999516,0.000397435,0.200335975,0.005824546,-0.001201929,2.988455057,-0.029107383,2.959347674,2.960121795,-0.016060707,0.589306876,0.020064383,0.062232033,-0.001679278,-0.038722206,-0.017739984,0.550584671,-0.012488929,0.565145219,-0.008702345,0.583612968,-0.005251055,-0.014560548,-0.009037639,-0.033028297,1,0.345125156,0,0,-0.000000000,-0.000000000,-0.000000000,1
68.220621303,-0.016000000,0.012005511,-0.002316281,0.207821068,0.015219586,0.001791906,2.940288782,0.020903546,2.961192329,2.961966450,-0.051927075,0.620704333,0.020663112,0.065213025,-0.021303639,-0.039983755,-0.073230715,0.580720578,-0.013047301,0.568453571,-0.008167382,0.571597288,-0.060183413,0.012267007,-0.065063333,0.009123290,1,6.268240348,0,0,0.000000000,0.000000000,0.000000000,1
68.320620811,-0.016000000,0.007999508,-0.005206035,0.237024174,0.054223940,0.003559982,2.971935987,-0.008870556,2.963065432,2.963839553,-0.176094904,0.712866597,0.026647592,0.074039097,0.022437363,0.000812028,-0.153657541,0.713678625,-0.013903455,0.571106675,-0.027162048,0.568557874,-0.139754086,0.142571950,-0.126495493,0.145120751,1,19.599817860,0,0,0.000000000,0.000000000,0.000000000,1
68.424620315,-0.008000000,0.015999504,-0.003794981,0.258964683,0.060695674,-0.001057067,2.970640659,0.080098582,3.050739241,3.051513362,-0.196744172,0.786808885,0.028054994,0.081183017,-0.047980321,-0.123804784,-0.244724493,0.663004102,-0.012322488,0.568725297,-0.054773208,0.584430321,-0.232402005,0.094278805,-0.189951285,0.078573781,1,34.160115840,0,0,0.000000000,0.000000000,0.000000000,1
68.532625814,0.000000000,0.028005499,-0.002499732,0.252527704,0.052770462,0.001433468,2.939625740,0.007264061,2.946889801,2.947663922,-0.162875170,0.748395588,0.025793085,0.077465861,0.031223225,0.049166047,-0.131651945,0.797561635,-0.011611366,0.559896372,-0.098600597,0.582435737,-0.120040579,0.237665264,-0.033051348,0.215125898,1,7.284576391,0,0,0.000000000,0.000000000,0.000000000,1
68.636637309,0.004000000,0.028011495,-0.000669466,0.237139694,0.042869411,-0.001345075,2.949269295,-0.064560484,2.884708811,2.885482932,-0.125596983,0.680198817,0.023616647,0.070899255,0.024160527,-0.075956855,-0.101436455,0.604241962,-0.011125101,0.545618718,-0.104727313,0.600494988,-0.090311354,0.058623244,0.003290858,0.003746974,1,0.014405135,0,0,0.000000000,0.000000000,0.000000000,1
68.688636801,-0.048000000,-0.024000508,-0.001660376,0.225874273,0.026727920,0.000845732,2.992357254,-0.023420772,2.968936482,2.969710603,-0.084283048,0.673117293,0.021703371,0.070220146,0.028123004,-0.056236913,-0.056160044,0.616880380,-0.010313297,0.528410668,-0.096969044,0.572137972,-0.045846747,0.088469712,0.040809000,0.044742408,1,2.417725257,0,0,0.000000000,0.000000000,0.000000000,1
68.792636287,-0.044000000,-0.016000514,-0.002981204,0.205455187,0.025489736,0.001914283,2.944577694,0.073637114,3.018214808,3.018988929,-0.085931412,0.625885605,0.021767914,0.065706376,-0.006480648,-0.143800941,-0.092412061,0.482084664,-0.011218053,0.510113853,-0.075107799,0.551724335,-0.081194008,-0.028029189,-0.017304262,-0.069639671,1,1.243408808,0,0,-0.000000000,-0.000000000,-0.000000000,1
68.892638770,-0.044000000,-0.011997517,-0.005673683,0.196542501,0.022729784,0.004269911,2.947760820,-0.024585871,2.923174949,2.923949071,-0.083028304,0.587009813,0.021654953,0.062014556,0.008555335,0.138699882,-0.074472969,0.725709695,-0.012348328,0.490689907,-0.077234329,0.505288961,-0.062124641,0.235019788,0.002761360,0.220420734,1,9.298782087,0,0,0.000000000,0.000000000,0.000000000,1
68.996644249,-0.040000000,-0.011994521,-0.005696291,0.190139856,0.019218730,0.001513473,2.973897219,-0.008052616,2.965844603,2.966618724,-0.073894081,0.568413991,0.021321429,0.060257320,0.009812675,-0.001559163,-0.064081406,0.566854828,-0.011942519,0.467677915,-0.070727313,0.531921101,-0.052138887,0.099176913,0.006645907,0.034933727,1,0.309869452,0,0,0.000000000,0.000000000,0.000000000,1
69.104649723,-0.032000000,0.000005474,0.000181038,0.174481529,0.022944061,-0.002769944,2.989040136,-0.010327257,2.978712879,2.979487000,-0.067804510,0.511479509,0.021118109,0.054919149,-0.009327329,-0.002116202,-0.077131838,0.509363307,-0.009818849,0.446345616,-0.063503931,0.506573162,-0.067312989,0.063017691,-0.013627907,0.002790145,1,0.255601747,0,0,0.000000000,0.000000000,0.000000000,1
69.208655193,-0.028000000,0.000005470,0.001667690,0.162854576,0.010974276,0.000525557,2.966311455,0.009827350,2.976138805,2.976912926,-0.027697690,0.486241955,0.020190880,0.052576729,-0.019595832,-0.022703561,-0.047293523,0.463538393,-0.009202231,0.421348101,-0.063174855,0.473356393,-0.038091292,0.042190292,0.015881333,-0.009818000,1,0.387616138,0,0,0.000000000,0.000000000,0.000000000,1
69.312660659,-0.024000000,0.008005466,0.000883314,0.150260641,0.010380598,-0.001595553,2.952078104,-0.024951159,2.927126945,2.927901066,-0.027799755,0.435161584,0.020192282,0.047892129,-0.027851497,-0.002627878,-0.055651252,0.432533706,-0.007907977,0.398012521,-0.049977890,0.437335990,-0.047743276,0.034521185,-0.005673362,-0.004802284,1,0.054803692,0,0,-0.000000000,-0.000000000,-0.000000000,1
69.416666120,-0.020000000,0.008005461,0.001416365,0.137290989,0.008598223,0.000936005,2.942361832,0.074035261,3.016397092,3.017171213,-0.021663336,0.416947503,0.020116983,0.046243402,-0.015559891,0.055740985,-0.037223227,0.472688489,-0.007770575,0.372427770,-0.048189244,0.403040949,-0.029452653,0.100260718,0.010966017,0.069647540,1,1.760515728,0,0,0.000000000,0.000000000,0.000000000,1
69.520671577,-0.012000000,0.016005457,-0.001738888,0.124117064,0.000268014,0.002039956,2.941287994,-0.001148541,2.940139453,2.940913574,-0.005900574,0.370919233,0.020008702,0.042140370,0.017877509,-0.060177891,0.011976935,0.310741342,-0.008337855,0.347804900,-0.039486166,0.392657788,0.020314791,-0.037063558,0.051463101,-0.081916446,1,6.436372369,0,0,0.000000000,0.000000000,0.000000000,1
69.624677030,-0.012000000,0.016005453,-0.000284158,0.112926417,0.001320681,-0.001340395,2.968104362,0.008659972,2.976764335,2.977538456,-0.004777229,0.332165291,0.020005705,0.038772900,0.019141379,-0.001913823,0.014364150,0.330251468,-0.006366581,0.323342065,-0.013582559,0.329248434,0.020730731,0.006909404,0.027946709,0.001003034,1,1.171633854,0,0,0.000000000,0.000000000,0.000000000,1
69.728682478,-0.008000000,0.016005448,0.002682161,0.107968575,0.012963558,-0.000245640,2.985512972,-0.124201882,2.861311090,2.862085211,-0.029418275,0.308228831,0.020215201,0.036743028,-0.000352856,-0.015942390,-0.029771131,0.292286440,-0.005449428,0.298635802,0.003339601,0.297689232,-0.024321703,-0.006349362,-0.033110732,-0.005402792,1,1.649144227,0,0,-0.000000000,-0.000000000,-0.000000000,1
69.832687921,-0.004000000,0.024005443,0.002489682,0.136662221,0.049242549,-0.000057693,2.924151182,-0.014693429,2.909457754,2.910231875,-0.136025490,0.397445103,0.024187380,0.044492989,-0.032525250,0.034866469,-0.168550740,0.432311572,-0.005256419,0.275260100,-0.005601678,0.262056161,-0.163294321,0.157051472,-0.162949062,0.170255411,0,41.628023055,0,0,0.000000000,0.000000000,0.000000000,1
69.936690361,0.000000000,0.032002440,0.001885610,0.150428530,0.068871818,-0.000732924,2.977239370,-0.012860750,2.964378621,2.965152742,-0.198572484,0.443754453,0.028183511,0.048674225,-0.029622195,0.006705776,-0.228194679,0.450460228,-0.004568067,0.249202622,-0.001106167,0.222184450,-0.223626612,0.201257606,-0.227088512,0.228275778,0,56.813884322,0,0,0.000000000,0.000000000,0.000000000,1
69.988692795,-0.048000000,-0.019997566,0.001111082,0.141823172,0.022725835,0.001458554,2.924296856,0.053785256,2.978082112,2.978856233,-0.064370511,0.426704745,0.021010369,0.047125040,-0.005764756,0.042581569,-0.070135266,0.469286315,-0.004281291,0.215583419,0.004200024,0.182075786,-0.065853975,0.253702896,-0.074335290,0.287210529,1,27.792505198,0,0,0.000000000,0.000000000,0.000000000,1
70.092692225,-0.044000000,-0.012000570,0.001826666,0.061657481,-0.041617192,-0.004035688,2.964314222,0.062872789,3.027187011,3.027961133,0.131512683,0.174431943,0.023936496,0.026537992,-0.007222270,-0.002612156,0.124290412,0.171819787,-0.002376608,0.182848294,-0.038101713,0.249774105,0.126667021,-0.011028507,0.162392125,-0.077954319,1,30.246403931,0,0,0.000000000,0.000000000,0.000000000,1
70.192694651,-0.044000000,-0.015997574,0.005431752,0.002910468,-0.055491935,-0.003204555,2.956778288,0.013668487,2.970446775,2.971220896,0.180970571,-0.000873569,0.026972272,0.020000191,-0.024494527,-0.019524410,0.156476044,-0.020397979,-0.001591935,0.153075070,0.032773586,0.164164667,0.158067979,-0.173473049,0.123702459,-0.184562646,0,47.765326629,0,0,0.000000000,0.000000000,0.000000000,1
70.300700072,-0.036000000,-0.003994579,0.004539112,-0.007318802,-0.044692077,-0.002030086,2.942527771,-0.006974170,2.935553601,2.936327722,0.144520794,-0.027444164,0.024675141,0.020187417,0.015967728,-0.039057245,0.160488521,-0.066501410,-0.000721224,0.129010184,0.036755657,0.132571363,0.161209746,-0.195511594,0.123732865,-0.199072772,0,44.247557459,0,0,0.000000000,0.000000000,0.000000000,1
70.404705488,-0.032000000,-0.003994584,0.002647320,-0.009660421,-0.057467155,0.000498620,2.962417603,-0.072946225,2.889471377,2.890245498,0.173699055,-0.026472761,0.026489878,0.020174441,-0.016888200,-0.017809422,0.156810856,-0.044282183,-0.001440487,0.108855144,0.040072869,0.107735511,0.158251342,-0.153137327,0.116737987,-0.152017694,1,23.375942110,0,0,0.000000000,0.000000000,0.000000000,1
70.508710900,-0.028000000,-0.003994588,-0.000549509,-0.017082198,-0.037349880,0.000708907,2.890885353,0.022151991,2.913037344,2.913811465,0.107200856,-0.047696007,0.022691854,0.020560863,0.010833025,-0.030768373,0.118033881,-0.078464380,-0.001193276,0.095036589,0.104071387,-0.023894809,0.119227157,-0.173500969,0.013962494,-0.054569571,1,3.641335757,0,0,0.000000000,0.000000000,0.000000000,1
70.612710307,-0.024000000,0.003999407,0.001348808,0.009379907,-0.008805174,0.000278618,2.975829601,0.033944926,3.009774527,3.010548648,0.030561196,0.029069983,0.020232149,0.020210162,-0.011017098,-0.022370737,0.019544098,0.006699246,-0.001724862,0.086545180,0.116456730,-0.067677504,0.021268960,-0.079845934,-0.096912632,0.074376750,1,19.385034816,0,0,0.000000000,0.000000000,0.000000000,1
70.716715710,-0.020000000,0.004005403,0.001544525,0.025709305,-0.000268197,0.001721815,2.929604530,0.052930183,2.982534713,2.983308834,0.005406508,0.081814268,0.020007306,0.021608696,0.013518852,-0.011247803,0.018925361,0.070566465,-0.003133195,0.077363277,0.073978244,-0.051425636,0.022058555,-0.006796811,-0.055052883,0.121992101,1,23.227899111,0,0,0.000000000,0.000000000,0.000000000,1
70.820721108,-0.016000000,0.012005398,0.001019434,0.025107375,0.001056113,0.002908260,2.950549126,0.030341793,2.980890918,2.981665039,-0.000109336,0.083511552,0.020000003,0.021673527,-0.003387266,0.005802627,-0.003496601,0.089314179,-0.003185846,0.070881772,0.053878853,-0.017405906,-0.000310756,0.018432407,-0.057375454,0.106720085,1,19.022080082,0,0,0.000000000,0.000000000,0.000000000,1
70.924726501,-0.008000000,0.012005393,0.001796321,0.019449277,-0.001587533,-0.003176807,2.978523731,0.029724172,3.008247903,3.009022024,0.010179473,0.048951625,0.020025889,0.020590353,-0.026570044,-0.013579686,-0.016390571,0.035371939,-0.002319472,0.063207571,0.035236603,0.012439639,-0.014071098,-0.027835632,-0.051627173,0.022932301,1,4.766601863,0,0,0.000000000,0.000000000,0.000000000,1
71.024731889,-0.008000000,0.016005388,0.004393559,0.014946166,-0.004291229,-0.003220697,2.966820240,-0.079201515,2.887618725,2.888392846,0.025078356,0.033858683,0.020156618,0.020284578,-0.000456079,0.017184728,0.024622277,0.051043412,-0.000912583,0.057299032,0.018552032,0.012873281,0.025534860,-0.006255621,0.006070245,0.038170131,1,2.052714670,0,0,0.000000000,0.000000000,0.000000000,1
71.128740273,-0.004000000,0.024008384,0.005141845,0.015586743,-0.001654561,-0.001961835,2.960089684,0.044976888,3.005066571,3.005840693,0.020423653,0.040943756,0.020104011,0.020414796,0.015879025,-0.018491798,0.036302678,0.022451958,-0.001402054,0.053021910,0.021513014,0.018203496,0.037704731,-0.030569951,0.014789664,0.004248463,1,0.364348061,0,0,0.000000000,0.000000000,0.000000000,1
71.232751652,-0.004000000,0.024011379,0.000219504,0.013746590,-0.000397876,0.001081578,2.931392908,-0.017831625,2.913561283,2.914335404,0.001798775,0.043202777,0.020000809,0.020461300,-0.029895940,-0.015314162,-0.028097165,0.027888615,-0.000975048,0.048048967,0.031783043,0.006873193,-0.027122117,-0.020160352,-0.059880208,0.021015422,1,5.994502486,0,0,0.000000000,0.000000000,0.000000000,1
71.284751026,-0.048000000,-0.028000626,0.003179774,0.013773481,0.002201996,-0.002080350,2.966286421,-0.010232480,2.956053941,2.956828062,0.002890364,0.034565525,0.020002088,0.020296496,0.021894705,-0.014084881,0.024785069,0.020480644,0.000190781,0.043868373,0.011151047,0.006019202,0.024594288,-0.023387730,0.013634022,0.014461442,1,0.587030840,0,0,0.000000000,0.000000000,0.000000000,1
71.388762395,-0.044000000,-0.020000000,0.002939044,0.023459151,0.041048706,-0.001880111,2.946998358,-0.028613773,2.918384585,2.919158706,-0.111218648,0.062975939,0.022884402,0.020968064,0.015870166,0.016788216,-0.095348482,0.079764154,0.002598636,0.040706748,0.019762549,0.001500358,-0.097947118,0.039057406,-0.115111030,0.078263796,1,24.830993047,0,0,0.000000000,0.000000000,0.000000000,1
71.496767760,-0.036000000,-0.007994635,0.002363466,0.073996784,0.086055964,0.003101259,2.973675966,-0.006463893,2.967212073,2.967986194,-0.248333391,0.228766245,0.031885651,0.030386509,0.009789846,0.013136386,-0.238543545,0.241902631,0.001698710,0.033848985,-0.018648678,0.018557270,-0.240242255,0.208053647,-0.219894867,0.223345362,0,76.488499905,0,0,0.000000000,0.000000000,0.000000000,1
71.600773119,-0.032000000,-0.007994641,-0.002755512,0.100765834,0.092162311,0.005028374,2.967980385,-0.024893143,2.943087242,2.943861363,-0.279351433,0.311361584,0.034356546,0.037006221,0.001586344,-0.009217234,-0.277765089,0.302144350,0.000993601,0.017430020,-0.017578719,-0.004504826,-0.278758690,0.284714330,-0.260186370,0.306649176,0,89.543342441,0,0,0.000000000,0.000000000,0.000000000,1
71.704772473,-0.028000000,-0.000000646,-0.003251053,0.083071430,0.075586185,0.004106138,2.969406843,0.072018575,3.041425418,3.042199539,-0.239777580,0.265144072,0.031223915,0.033211651,0.024708547,0.007097342,-0.215069032,0.272241414,0.000299933,-0.003889263,-0.014480634,-0.035548087,-0.215368965,0.276130677,-0.200588398,0.307789501,0,71.497871843,0,0,0.000000000,0.000000000,0.000000000,1
71.804777822,-0.028000000,-0.003994651,-0.000527312,0.057939059,0.059373867,0.001734078,2.952881098,0.037081901,2.989962999,2.990737120,-0.179102309,0.178420473,0.026847279,0.026801840,-0.019644527,0.015787337,-0.198746836,0.194207809,0.001096245,-0.034175701,-0.014622616,-0.073883357,-0.199843081,0.228383510,-0.184124220,0.268091167,0,55.249329861,0,0,0.000000000,0.000000000,0.000000000,1
71.908783166,-0.024000000,0.004000000,0.000462066,0.029616774,0.043133724,0.002114780,2.996745348,0.051405580,3.048150928,3.048925049,-0.130069654,0.096722566,0.023857518,0.022216043,0.003733810,0.048635885,-0.126335845,0.145358451,0.001972096,-0.068120169,-0.011951543,-0.117826597,-0.128307941,0.213478621,-0.114384302,0.263185048,0,37.358111221,0,0,0.000000000,0.000000000,0.000000000,1
72.012782505,-0.024000000,0.004000000,0.002258967,0.009088263,0.044232812,-0.000753402,2.949870825,-0.046463435,2.903407390,2.904181511,-0.121867172,0.024199496,0.023420420,0.020145872,-0.008348494,0.000416202,-0.130215666,0.024615699,0.002689899,-0.107893818,-0.009168656,-0.163084406,-0.132905565,0.132509517,-0.121047010,0.187700105,1,18.699541281,0,0,0.000000000,0.000000000,0.000000000,1
72.116775839,-0.020000000,0.004000000,0.002901528,-0.006454939,0.043368887,-0.001867287,2.972047567,0.004616359,2.976663926,2.977438047,-0.120457727,-0.024772471,0.023347390,0.020152835,-0.011003550,-0.029979855,-0.131461277,-0.054752327,0.005000850,-0.150166247,-0.098341001,-0.050951603,-0.136462127,0.095413920,-0.033120276,-0.003800723,1,1.024759977,0,0,-0.000000000,-0.000000000,-0.000000000,1
72.220775168,-0.016000000,0.012000000,0.003530729,-0.020138066,0.044466626,-0.000811137,2.950305700,-0.025741042,2.924564659,2.925338780,-0.119719677,-0.061267299,0.023309397,0.020917381,-0.014433846,0.000764427,-0.134153523,-0.060502872,0.006006997,-0.190868171,-0.115589607,-0.103027926,-0.140160520,0.130365299,-0.018563916,0.042525054,1,2.683332693,0,0,0.000000000,0.000000000,0.000000000,1
72.324780492,-0.012000000,0.012000000,-0.001725783,-0.040553524,0.040893245,0.006062423,2.968647480,-0.012735230,2.955912250,2.956686371,-0.125978108,-0.101952666,0.023636938,0.022448685,0.039479834,0.011806909,-0.086498274,-0.090145757,0.004653831,-0.238327427,-0.122762873,-0.137105608,-0.091152105,0.148181670,0.036264599,0.046959851,1,4.215448278,0,0,0.000000000,0.000000000,0.000000000,1
72.432785811,-0.004000000,0.024000000,0.000251131,-0.061190405,0.033161934,0.002189284,2.945737123,-0.007268360,2.938468763,2.939242884,-0.096707369,-0.173372950,0.022215381,0.026468506,-0.008893667,-0.044251149,-0.105601036,-0.217624099,0.006205633,-0.282979831,-0.106118024,-0.174655097,-0.111806670,0.065355732,0.000516987,-0.042969002,1,1.784330937,0,0,0.000000000,0.000000000,0.000000000,1
72.536785125,0.000000000,0.032000000,0.005260395,-0.083198843,0.032595415,-0.001578111,2.959563494,-0.155163381,2.804400113,2.805174234,-0.076658333,-0.237748497,0.021418800,0.031068368,0.024833819,-0.033699509,-0.051824514,-0.271448006,0.008935978,-0.329939642,-0.103380754,-0.244299376,-0.060760492,0.058491636,0.051556240,-0.027148630,1,3.820570116,0,0,0.000000000,0.000000000,0.000000000,1
72.588790434,-0.044000000,-0.020000000,0.007116259,-0.090984672,0.033030022,-0.002579965,2.963030577,0.004234739,2.967265315,2.968039437,-0.076893009,-0.277631102,0.021427210,0.034216813,0.030417136,-0.051628758,-0.046475873,-0.329259861,0.009893295,-0.380249153,-0.078777106,-0.306654072,-0.056369168,0.050989292,0.032301233,-0.022605789,1,1.625854875,0,0,0.000000000,0.000000000,0.000000000,1
72.692795738,-0.040000000,-0.012000000,0.005441985,-0.110986383,0.032370478,0.000011736,2.941569328,-0.016923291,2.924646038,2.925420159,-0.078756311,-0.324561561,0.021494780,0.038123511,0.031383431,0.053639613,-0.047372880,-0.270921948,0.011209102,-0.428813560,-0.061961104,-0.369968474,-0.058581983,0.157891612,0.014588224,0.099046526,1,5.290371798,0,0,0.000000000,0.000000000,0.000000000,1
72.796795037,-0.036000000,-0.012000000,0.004344575,-0.133029964,0.027162887,0.002343400,2.957570553,0.049516756,3.007087309,3.007861430,-0.068616658,-0.392985908,0.021144324,0.044095116,-0.027943707,0.020616073,-0.096560364,-0.372369834,0.011863894,-0.481793940,-0.053402570,-0.404779842,-0.108424259,0.109424106,-0.043157795,0.032410008,1,2.770074493,0,0,0.000000000,0.000000000,0.000000000,1
72.900794331,-0.032000000,-0.004000000,0.004753929,-0.154437390,0.026477426,-0.000738439,2.942480803,-0.076974565,2.865506237,2.866280358,-0.062248818,-0.444657306,0.020946340,0.048756550,-0.009972143,-0.042229143,-0.072220961,-0.486886449,0.014504118,-0.534271285,-0.067662048,-0.456263407,-0.086725079,0.047384836,-0.004558912,-0.030623042,1,0.336275329,0,0,-0.000000000,-0.000000000,-0.000000000,1
73.000793620,-0.032000000,-0.008000000,0.007690187,-0.172865273,0.020442475,-0.002309841,2.964627028,0.070496834,3.035123862,3.035897983,-0.038704771,-0.531678166,0.020371072,0.056805077,-0.041815219,-0.049026011,-0.080519991,-0.580704177,0.015074823,-0.590182489,-0.068322148,-0.525995022,-0.095594814,0.009478312,-0.012197843,-0.054709154,1,0.957725457,0,0,-0.000000000,-0.000000000,-0.000000000,1
73.104804904,-0.028000000,0.000000000,0.006794316,-0.222985364,-0.030614736,-0.000786388,2.977380276,0.074156470,3.051536746,3.052310867,0.114155096,-0.682847724,0.023028544,0.071153427,0.018965094,-0.001090868,0.133120190,-0.683938592,0.015568171,-0.643093048,-0.072765912,-0.596513169,0.117552019,-0.040845545,0.205886102,-0.087425423,0,50.658287037,0,0,0.000000000,0.000000000,0.000000000,1
73.208804182,-0.028000000,0.000000000,0.006749188,-0.298310107,-0.072806969,-0.001798859,2.981215715,0.045808440,3.027024155,3.027798277,0.240818409,-0.908437089,0.031303914,0.093019242,-0.020553427,0.181442683,0.220264983,-0.726994406,0.015951236,-0.697602774,-0.068060550,-0.654847988,0.204313746,-0.029391632,0.288325533,-0.072146418,0,54.953159586,0,0,0.000000000,0.000000000,0.000000000,1
73.312803456,-0.020000000,0.000000000,0.007609611,-0.327724426,-0.070525602,-0.004037506,2.981490612,0.002459446,2.983950058,2.984724180,0.233151573,-0.989961037,0.030718017,0.100996181,-0.007426094,0.070257790,0.225725478,-0.919703246,0.017036699,-0.742456109,-0.066488684,-0.699902628,0.208688779,-0.177247138,0.292214162,-0.219800618,0,52.681812390,0,0,0.000000000,0.000000000,0.000000000,1
73.416802725,-0.016000000,0.008000000,0.008598094,-0.324982183,-0.051150925,-0.001043803,2.951652765,-0.001485585,2.950167180,2.950941301,0.176269597,-0.961831162,0.026659139,0.098240480,0.047691508,-0.086741418,0.223961105,-1.048572580,0.016722685,-0.776082759,-0.065918383,-0.739918059,0.207238420,-0.272489821,0.289879488,-0.308654521,0,53.465529718,0,0,0.000000000,0.000000000,0.000000000,1
73.520807988,-0.016000000,0.016000000,0.008045438,-0.315855723,-0.035505980,-0.002345929,2.954255819,0.042215044,2.996470863,2.997244984,0.130500555,-0.953481978,0.023881037,0.097423195,0.034217633,-0.090062212,0.164718188,-1.043544191,0.018475843,-0.804901971,-0.063362522,-0.774734735,0.146242345,-0.238642220,0.228080710,-0.268809456,1,30.713675623,0,0,0.000000000,0.000000000,0.000000000,1
73.628807247,-0.004000000,0.020000000,0.009818411,-0.320551953,-0.028813120,-0.004349490,2.970837116,0.036215546,3.007052663,3.007826784,0.116167049,-0.976995748,0.023128939,0.099725658,0.020515843,-0.096474516,0.136682891,-1.073470264,0.018858356,-0.829757972,0.101425535,-0.879436138,0.117824535,-0.243712292,0.035257356,-0.194034126,1,4.097965718,0,0,0.000000000,0.000000000,0.000000000,1
73.732806500,-0.004000000,0.020000000,0.009854069,-0.319781856,-0.022661807,-0.004247574,2.970647335,0.007382396,2.978029731,2.978803852,0.096833245,-0.964969278,0.022220863,0.098547740,0.001394043,0.006492885,0.098227289,-0.958476393,0.018849754,-0.851091978,0.120062049,-0.946553958,0.079377535,-0.107384416,-0.021834761,-0.011922436,1,0.565519531,0,0,-0.000000000,-0.000000000,-0.000000000,1
73.832805748,-0.004000000,0.024000000,0.009314442,-0.324233184,-0.021010811,-0.003547311,2.924159527,-0.047076164,2.877083363,2.877857484,0.087248279,-0.943051810,0.021820234,0.096402630,-0.001232161,0.068771331,0.086016118,-0.874280479,0.019020439,-0.868104929,0.110152614,-0.970859004,0.066995679,-0.006175549,-0.024136495,0.096578525,1,1.517674227,0,0,0.000000000,0.000000000,0.000000000,1
73.884801992,-0.052000000,-0.028000000,0.007785875,-0.327700104,-0.016457364,-0.000139615,2.970005512,0.025811003,2.995816515,2.996590636,0.072628296,-0.982147647,0.021277892,0.100230435,-0.009330630,0.055264659,0.063297666,-0.926882988,0.017796779,-0.883048388,0.101295675,-0.971091215,0.045500887,-0.043834600,-0.037998009,0.044208227,1,2.102631104,0,0,0.000000000,0.000000000,0.000000000,1
73.988801230,-0.048000000,-0.020000000,0.006494043,-0.325758225,-0.016112687,-0.002082452,2.945546389,-0.008138118,2.937408271,2.938182392,0.066405196,-0.963001917,0.021073597,0.098355106,0.022261415,0.052387911,0.088666610,-0.910614007,0.017083459,-0.895511308,0.085765153,-0.979721282,0.071583151,-0.015102699,0.002901458,0.069107275,1,0.410347079,0,0,0.000000000,0.000000000,0.000000000,1
74.092803464,-0.040000000,-0.020000000,0.005887345,-0.325075673,-0.011137244,-0.000490312,2.974166870,0.036887511,3.011054381,3.011828503,0.051261964,-0.980296884,0.020646498,0.100049087,-0.019177594,-0.081845917,0.032084371,-1.062142802,0.015124120,-0.905903996,0.084646784,-0.980147300,0.016960251,-0.156238806,-0.052562413,-0.081995502,1,4.573956445,0,0,-0.000000000,-0.000000000,-0.000000000,1
74.200808692,-0.036000000,-0.008000000,0.004134818,-0.340823657,-0.054302961,-0.002044192,2.943537951,-0.065550998,2.877986952,2.878761073,0.168183163,-0.986769195,0.026131509,0.100683337,0.076044397,-0.054365572,0.244227561,-1.041134767,0.015246956,-0.915861757,0.063426938,-1.007322852,0.228980604,-0.125273010,0.180800622,-0.033811915,1,34.414538644,0,0,0.000000000,0.000000000,0.000000000,1
74.304813916,-0.032000000,-0.008000000,0.009154313,-0.397408238,-0.103193417,-0.006011400,2.961735487,-0.036800038,2.924935449,2.925709570,0.328609859,-1.179976401,0.038468746,0.119680588,-0.106167382,0.153929468,0.222442478,-1.026046932,0.014979243,-0.922645697,0.113047051,-1.028469131,0.207463234,-0.103401236,0.109395427,0.002422199,1,6.697250613,0,0,0.000000000,0.000000000,0.000000000,1
74.404825135,-0.028000000,-0.004000000,0.007538116,-0.428491988,-0.108950064,-0.000703362,2.987400055,0.078369537,3.065769592,3.066543713,0.357125919,-1.315814054,0.040931519,0.133092698,-0.038971530,-0.202009075,0.318154388,-1.517823129,0.013679237,-0.920712429,0.130852760,-1.029343388,0.304475151,-0.597110700,0.187301628,-0.488479741,1,28.723213836,0,0,0.000000000,0.000000000,0.000000000,1
74.508830348,-0.024000000,0.004000000,0.001864019,-0.409147236,-0.090840556,0.000660402,2.972777605,-0.055518616,2.917258990,2.918033111,0.270443253,-1.191661889,0.033636224,0.120832862,0.003097192,-0.053921699,0.273540445,-1.245583588,0.011060589,-0.908165204,0.163766382,-1.079385785,0.262479856,-0.337418384,0.109774064,-0.166197804,1,9.057853746,0,0,0.000000000,0.000000000,0.000000000,1
74.612829557,-0.020000000,0.004000000,-0.003435379,-0.387219712,-0.071288712,0.004316869,2.948831558,-0.013964882,2.934866677,2.935640798,0.199140488,-1.123768795,0.028223560,0.114142731,-0.046390850,-0.032796174,0.152749637,-1.156564969,0.008182881,-0.886314287,0.195186428,-1.086509579,0.144566757,-0.270250682,-0.042436790,-0.070055390,1,1.714210135,0,0,-0.000000000,-0.000000000,-0.000000000,1
74.720831760,-0.012000000,0.016000000,-0.001796690,-0.353546240,-0.057254169,0.000264561,2.987625837,0.028069242,3.015695079,3.016469200,0.167242847,-1.065389820,0.026071089,0.108399976,-0.026718458,-0.221445437,0.140524389,-1.286835257,0.007437879,-0.859360829,0.180461967,-1.072426257,0.133086510,-0.427474428,-0.039937578,-0.214409000,1,4.620795375,0,0,-0.000000000,-0.000000000,-0.000000000,1
74.824833958,-0.008000000,0.016000000,-0.000026260,-0.337213349,-0.051399413,-0.000785643,2.965994120,-0.040789435,2.925204684,2.925978806,0.150276989,-0.988716235,0.025016629,0.100874169,-0.019354462,0.079453425,0.130922527,-0.909262810,0.005441432,-0.825269687,0.162203671,-1.081917141,0.125481095,-0.083993124,-0.031281144,0.172654330,1,3.252797163,0,0,0.000000000,0.000000000,0.000000000,1
74.928845152,-0.004000000,0.024000000,-0.001568431,-0.315537927,-0.048269816,0.000284661,2.951382637,-0.014402925,2.936979712,2.937753833,0.137161021,-0.925892447,0.024251422,0.094724697,-0.005606258,0.001996259,0.131554763,-0.923896188,0.004305581,-0.790236190,0.148397663,-1.013393881,0.127249182,-0.133659998,-0.016842900,0.089497693,1,0.982192748,0,0,0.000000000,0.000000000,0.000000000,1
75.032850340,0.000000000,0.024000000,-0.003767026,-0.305068357,-0.043324836,0.002689459,2.928128958,-0.045664665,2.882464292,2.883238413,0.114023974,-0.871596375,0.023022047,0.089424842,-0.042028288,-0.097981160,0.071995686,-0.969577534,0.001410755,-0.748177264,0.140262568,-0.957108740,0.070584931,-0.221400270,-0.068266882,-0.012468795,1,5.094594029,0,0,-0.000000000,-0.000000000,-0.000000000,1
75.084855522,-0.048000000,-0.020000000,-0.004288539,-0.289648610,-0.038524486,0.002376229,2.944305658,-0.027220534,2.917085125,2.917859246,0.099869172,-0.837997991,0.022354832,0.086153388,0.012731515,0.036887455,0.112600687,-0.801110536,-0.000491029,-0.706266378,0.109570312,-0.919808736,0.113091715,-0.094844158,0.003030375,0.118698200,1,1.471381988,0,0,0.000000000,0.000000000,0.000000000,1
75.188848700,-0.048000000,-0.020000000,-0.003087650,-0.270621923,-0.036177766,0.000733487,2.925949574,-0.013175178,2.912774396,2.913548517,0.096384041,-0.786124125,0.022201325,0.081116653,-0.022165519,-0.147388950,0.074218522,-0.933513075,-0.001542102,-0.659169045,0.108830269,-0.851055270,0.075760624,-0.274344030,-0.034611747,-0.082457806,1,2.172712956,0,0,-0.000000000,-0.000000000,-0.000000000,1
75.292841872,-0.044000000,-0.020000000,-0.001251843,-0.250463499,-0.036859367,-0.001624472,2.902909756,-0.019882764,2.883026992,2.883801113,0.102657452,-0.726776426,0.022480781,0.075379306,0.001654855,0.096418935,0.104312308,-0.630357491,-0.002133542,-0.610965332,0.093911013,-0.829465778,0.106445850,-0.019392159,0.010401294,0.199108287,1,5.315891230,0,0,0.000000000,0.000000000,0.000000000,1
75.396847039,-0.040000000,-0.012000000,-0.001015445,-0.234000009,-0.032376017,-0.000020626,2.932513237,-0.052342803,2.880170434,2.880944555,0.090323793,-0.674019313,0.021945019,0.070306617,-0.007144413,0.052334487,0.083179380,-0.621684826,-0.003300262,-0.564076560,0.097697212,-0.734612869,0.086479641,-0.057608266,-0.014517832,0.112928044,1,2.135410068,0,0,0.000000000,0.000000000,0.000000000,1
75.500858202,-0.036000000,-0.012000000,-0.002525369,-0.209311686,-0.027966028,0.000327145,2.957946301,0.064170278,3.022116578,3.022890700,0.076884638,-0.631575645,0.021426910,0.066248607,0.040092406,0.120650559,0.116977044,-0.510925087,-0.004857401,-0.510892888,0.088718113,-0.658081526,0.121834445,-0.000032199,0.028258931,0.147156440,1,4.555824815,0,0,0.000000000,0.000000000,0.000000000,1
75.600857358,-0.032000000,-0.008000000,-0.005407522,-0.188483283,-0.024281079,0.000706612,2.961496830,-0.064272990,2.897223839,2.897997961,0.054680918,-0.544031048,0.020734031,0.057962900,-0.032524693,0.058562107,0.022156224,-0.485468942,-0.006480300,-0.461519436,0.099256910,-0.572384635,0.028636524,-0.023949506,-0.077100686,0.086915693,1,9.107072686,0,0,0.000000000,0.000000000,0.000000000,1
75.708862510,-0.024000000,-0.004000000,-0.004937969,-0.168466242,-0.026873024,-0.002659121,2.953476906,0.019365359,2.972842265,2.973616386,0.065209460,-0.508728711,0.021036224,0.054663050,0.013528968,-0.030130580,0.078738428,-0.538859291,-0.006729966,-0.406029826,0.062045697,-0.498528963,0.085468395,-0.132829465,0.016692731,-0.040330328,1,0.728633018,0,0,0.000000000,0.000000000,0.000000000,1
75.812861657,-0.024000000,0.004000000,-0.005256380,-0.151995605,-0.025022127,-0.000792157,2.929799318,-0.033246034,2.896553284,2.897327406,0.057252538,-0.442557895,0.020803330,0.048565161,0.003029879,-0.059962735,0.060282417,-0.502520630,-0.008135938,-0.354580469,0.066733496,-0.459293146,0.068418355,-0.147940161,-0.006451079,-0.043227484,1,0.577075318,0,0,-0.000000000,-0.000000000,-0.000000000,1
75.916866798,-0.016000000,0.012000000,-0.004461334,-0.127576032,-0.025501786,-0.001528555,2.965710402,-0.055341187,2.910369214,2.911143335,0.061235482,-0.375742014,0.020916449,0.042565486,-0.029497139,0.013284864,0.031738343,-0.362457151,-0.008068800,-0.302646965,0.061727969,-0.425743340,0.039807143,-0.059810185,-0.029989625,0.063286190,1,2.542312520,0,0,0.000000000,0.000000000,0.000000000,1
76.020865934,-0.016000000,0.012000000,-0.004811962,-0.111824287,-0.025051387,0.001851432,2.935493231,0.081215116,3.016708347,3.017482468,0.061056443,-0.331756030,0.020911215,0.038737845,-0.002064112,0.002142604,0.058992331,-0.329613426,-0.009950993,-0.246012675,0.045039798,-0.351845517,0.068943324,-0.083600751,0.013952533,0.022232091,1,0.448921804,0,0,0.000000000,0.000000000,0.000000000,1
76.124859065,-0.008000000,0.020000000,-0.008105384,-0.090553533,-0.027304899,0.001858200,2.968135834,0.030959978,2.999095811,2.999869933,0.057581184,-0.266005801,0.020812398,0.033280488,-0.024496733,-0.039146217,0.033084451,-0.305152018,-0.010510046,-0.195348573,0.049731821,-0.296350947,0.043594497,-0.109803444,-0.016647370,-0.008801071,1,0.394351592,0,0,-0.000000000,-0.000000000,-0.000000000,1
76.228858191,-0.008000000,0.020000000,-0.007631709,-0.073393780,-0.026850812,0.002955572,2.950698137,0.005958827,2.956656965,2.957431086,0.056824294,-0.208261620,0.020791585,0.028874366,-0.024608875,-0.067606474,0.032215418,-0.275868094,-0.012321724,-0.138319910,0.038654465,-0.246226814,0.044537142,-0.137548183,-0.006439047,-0.029641280,1,0.640346475,0,0,-0.000000000,-0.000000000,-0.000000000,1
76.332857311,0.000000000,0.028000000,-0.008713913,-0.049105084,-0.024461268,0.002496610,2.949983835,0.019487844,2.969471679,2.970245800,0.046761323,-0.138402544,0.020539382,0.024321855,0.006035387,0.024412104,0.052796710,-0.113990439,-0.012874621,-0.085456350,0.035270856,-0.208305072,0.065671331,-0.028534089,0.017525854,0.094314632,1,8.276907209,0,0,0.000000000,0.000000000,0.000000000,1
76.384862427,-0.048000000,-0.024000000,-0.008100316,-0.040434999,-0.024240423,0.000529515,2.963693380,-0.033518711,2.930174670,2.930948791,0.047293333,-0.116930040,0.020551559,0.023167355,0.016117443,-0.015005008,0.063410776,-0.131935048,-0.013348629,-0.027499960,0.042429679,-0.112035175,0.076759406,-0.104435088,0.020981098,-0.019899873,1,0.969190161,0,0,0.000000000,0.000000000,0.000000000,1
76.488861538,-0.048000000,-0.016000000,-0.008242032,-0.018903795,-0.024095092,0.004741940,2.936023235,0.019492136,2.955515371,2.956289493,0.046853963,-0.041855581,0.020541493,0.020433279,0.001122914,-0.035577962,0.047976877,-0.077433542,-0.015210592,0.026583980,0.049968210,-0.064046512,0.063187469,-0.104017523,-0.001991333,-0.013387030,1,0.223424310,0,0,-0.000000000,-0.000000000,-0.000000000,1
76.592860643,-0.040000000,-0.016000000,-0.011259078,0.001979788,-0.023504460,0.002658762,2.925912380,-0.037294735,2.888617645,2.889391766,0.035372228,0.013398999,0.020310390,0.020044833,0.016246245,-0.031370811,0.051618474,-0.017971811,-0.015084762,0.084614000,0.048014352,-0.020425258,0.066703235,-0.102585812,0.003604121,0.002453446,1,0.025035080,0,0,0.000000000,0.000000000,0.000000000,1
76.696865743,-0.036000000,-0.008000000,-0.009588102,0.023388259,-0.021835662,0.001701903,2.950087786,0.058535856,3.008623642,3.009397763,0.036848298,0.075486856,0.020336617,0.021377153,0.051059996,0.048482648,0.087908295,0.123969503,-0.015655320,0.139751548,0.050325460,0.033619475,0.103563614,-0.015782045,0.037582834,0.090350028,1,12.268558551,0,0,0.000000000,0.000000000,0.000000000,1
76.796870839,-0.036000000,-0.012000000,-0.009821973,0.043123061,-0.020740787,0.001418951,2.948048830,0.034706052,2.982754882,2.983529003,0.032568144,0.132857902,0.020263436,0.024010669,0.023626172,0.011457513,0.056194316,0.144315414,-0.014485846,0.198279697,0.067827495,0.127250445,0.070680162,-0.053964283,-0.011633179,0.017064969,1,0.490317480,0,0,0.000000000,0.000000000,0.000000000,1
76.900875929,-0.036000000,-0.004000000,-0.010293589,0.066142296,-0.018040339,0.010489353,2.947416306,0.068113895,3.015530200,3.016304322,0.023360556,0.231085053,0.020135967,0.030561463,-0.011909701,0.032674808,0.011450855,0.263759862,-0.014992721,0.253842711,0.058942201,0.189270736,0.026443576,0.009917151,-0.047491346,0.074489125,1,7.102025973,0,0,0.000000000,0.000000000,0.000000000,1
77.004881014,-0.032000000,-0.004000000,-0.016918367,0.107651612,0.041847046,0.008850340,2.938617468,-0.010603704,2.928013764,2.928787885,-0.172065939,0.341119319,0.026383079,0.039542685,-0.015111855,0.061141673,-0.187177793,0.402260992,-0.013443577,0.312257316,0.037279867,0.265596027,-0.173734216,0.090003677,-0.224457660,0.136664965,0,56.774787310,0,0,0.000000000,0.000000000,0.000000000,1
77.108880093,-0.028000000,0.004000000,-0.011577080,0.217741087,0.121443525,0.003964610,2.938677549,0.037949194,2.976626743,2.977400865,-0.395952689,0.659935106,0.044359726,0.068957548,0.029069874,-0.100104773,-0.366882815,0.559830332,-0.011299493,0.363341151,0.041156653,0.313233832,-0.355583322,0.196489181,-0.408039468,0.246596500,0,75.369559099,0,0,0.000000000,0.000000000,0.000000000,1
77.212885168,-0.024000000,0.004000000,-0.003322707,0.280601940,0.144882724,-0.001928249,2.984546185,-0.030496049,2.954050136,2.954824257,-0.437806271,0.823216052,0.048132560,0.084716272,-0.017451335,0.051148505,-0.455257607,0.874364557,-0.007688948,0.406416877,0.044659001,0.347152417,-0.447568659,0.467947681,-0.499916607,0.527212141,0,110.291014344,0,0,0.000000000,0.000000000,0.000000000,1
77.320884237,-0.016000000,0.016000000,0.000068498,0.284824359,0.123776644,-0.000749554,2.932025671,0.027101296,2.959126967,2.959901088,-0.366068112,0.840613418,0.041714010,0.086407807,0.004713820,0.105198664,-0.361354292,0.945812082,-0.006650011,0.430569007,0.044094172,0.365984763,-0.354704281,0.515243075,-0.405448464,0.579827319,0,91.642660342,0,0,0.000000000,0.000000000,0.000000000,1
77.424889302,-0.012000000,0.016000000,-0.002986098,0.263971903,0.104125775,-0.000245968,2.931762218,0.002642254,2.934404472,2.935178594,-0.314309559,0.773878565,0.037254597,0.079930472,0.015216310,-0.050791364,-0.299093249,0.723087201,-0.004176532,0.443708580,0.046303569,0.371360280,-0.294916717,0.279378621,-0.345396817,0.351726922,0,54.164170945,0,0,0.000000000,0.000000000,0.000000000,1
77.528894361,-0.004000000,0.024000000,0.000220887,0.247512514,0.090013891,-0.000749784,2.924644947,0.008234775,2.932879722,2.933653843,-0.263352082,0.723725406,0.033068765,0.075085183,-0.010992807,0.020435206,-0.274344889,0.744160612,-0.000951694,0.443324687,0.047921813,0.370931262,-0.273393195,0.300835925,-0.322266702,0.373229350,0,50.130877957,0,0,0.000000000,0.000000000,0.000000000,1
77.628893415,-0.008000000,0.020000000,0.004285282,0.238967307,0.083260722,-0.004646208,2.989660025,0.018993523,3.008653547,3.009427668,-0.237609739,0.704991007,0.031057751,0.073281124,0.015850699,-0.014556193,-0.221759040,0.690434814,0.002143309,0.436239897,0.048804944,0.358837548,-0.223902349,0.254194917,-0.270563983,0.331597266,1,33.908504303,0,0,0.000000000,0.000000000,0.000000000,1
77.732898463,-0.004000000,0.028000000,0.002431346,0.227786923,0.074472636,-0.000644980,2.906008959,-0.032066275,2.873942684,2.874716805,-0.207042537,0.652792924,0.028786561,0.068274344,0.013658622,-0.004459815,-0.193383915,0.648333110,0.003680726,0.421441053,-0.142970162,0.473627084,-0.197064641,0.226892056,-0.050413754,0.174706025,1,5.683972717,0,0,0.000000000,0.000000000,0.000000000,1
77.784897507,-0.048000000,-0.024000000,0.001914101,0.217129709,0.060818922,0.000187727,2.963633299,-0.002945521,2.960687778,2.961461899,-0.174398782,0.643409078,0.026535813,0.067377685,0.024575897,0.079622163,-0.149822885,0.723031241,0.004800825,0.398347602,-0.169716919,0.513919546,-0.154623710,0.324683639,0.019894034,0.209111695,1,7.000082213,0,0,0.000000000,0.000000000,0.000000000,1
77.888896545,-0.044000000,-0.024000000,-0.001220365,0.195724764,0.051476043,0.002113053,2.961132050,-0.013239165,2.947892885,2.948667006,-0.155343366,0.583204693,0.025324210,0.061654498,0.012514136,0.015717380,-0.142829230,0.598922074,0.006832520,0.369396263,-0.161223194,0.545871105,-0.149661749,0.229525811,0.018393964,0.053050968,1,0.841913252,0,0,0.000000000,0.000000000,0.000000000,1
77.996895578,-0.040000000,-0.012000000,0.005687153,0.171698881,0.045221556,-0.008720863,2.951358318,-0.017857372,2.933500946,2.934275067,-0.115974210,0.478096170,0.023119260,0.051824314,0.012006539,0.010509077,-0.103967671,0.488605247,0.009017641,0.339803658,-0.153542262,0.526238701,-0.112985312,0.148801589,0.049574591,-0.037633454,1,3.046693858,0,0,0.000000000,0.000000000,0.000000000,1
78.100894606,-0.032000000,-0.004000000,0.014969072,0.158675749,0.046296425,-0.014764423,2.948175669,-0.014031898,2.934143770,2.934917892,-0.091918959,0.422256520,0.022011155,0.046722646,-0.011329217,0.010001293,-0.103248177,0.432257813,0.010616233,0.305871968,-0.133311109,0.473583391,-0.113864410,0.126385845,0.030062933,-0.041325578,1,1.590757370,0,0,0.000000000,0.000000000,0.000000000,1
78.204899628,-0.028000000,-0.004000000,0.016591644,0.147280561,0.042949680,-0.012197237,2.957914352,0.038760611,2.996674964,2.997449085,-0.078986468,0.404800816,0.021503224,0.045151268,0.006308275,-0.035215917,-0.072678193,0.369584899,0.010337192,0.267107117,-0.121343556,0.419926777,-0.083015384,0.102477782,0.048665363,-0.050341879,1,3.834164554,0,0,0.000000000,0.000000000,0.000000000,1
78.308898646,-0.028000000,0.004000000,0.007907783,0.104502515,-0.010947116,0.005764542,2.957979918,-0.063509882,2.894470035,2.895244156,0.054574940,0.319164693,0.020731238,0.037665117,0.013208002,-0.029999592,0.067782942,0.289165101,0.008616326,0.230022278,-0.105193156,0.356910933,0.059166616,0.059142823,0.172976099,-0.067745832,0,41.739685227,0,0,0.000000000,0.000000000,0.000000000,1
78.412909658,-0.020000000,0.004000000,-0.008218561,0.034214915,-0.048951361,0.008979705,2.974876881,-0.099254017,2.875622863,2.876396984,0.117132173,0.124211438,0.023177564,0.023543254,0.032079142,0.020758396,0.149211315,0.144969834,0.007810908,0.187662836,-0.108084138,0.315477088,0.141400406,-0.042693001,0.257295452,-0.170507254,0,77.802978306,0,0,0.000000000,0.000000000,0.000000000,1
78.516908666,-0.016000000,0.012000000,-0.007486159,0.001864540,-0.055349164,0.007645049,2.921001196,-0.103019094,2.817982102,2.818756224,0.134877091,0.026797849,0.024122983,0.020178733,0.018725999,0.009121722,0.153603090,0.035919571,0.006266122,0.153377623,-0.112263371,0.279080472,0.147336968,-0.117458052,0.265866461,-0.243160901,0,78.200294709,0,0,0.000000000,0.000000000,0.000000000,1
78.616901668,-0.020000000,0.008000000,-0.004372617,0.006595008,-0.034885544,0.001943358,2.951437712,0.037455058,2.988892770,2.989666891,0.091199867,0.025520259,0.021981223,0.020162163,-0.005811739,0.011281659,0.085388129,0.036801918,0.005744967,0.124155928,-0.111942279,0.248544803,0.079643162,-0.087354010,0.197330408,-0.211742885,0,40.356020083,0,0,0.000000000,0.000000000,0.000000000,1
78.720906664,-0.016000000,0.016000000,0.000497059,0.019701153,-0.016879348,0.001464758,2.940273285,-0.025892824,2.914380461,2.915154582,0.050641461,0.061685517,0.020631180,0.020929669,-0.003683867,-0.011202730,0.046957595,0.050482787,0.004882121,0.101255780,-0.114057426,0.226071511,0.042075474,-0.050772993,0.161015021,-0.175588724,1,22.410468956,0,0,0.000000000,0.000000000,0.000000000,1
78.828911656,-0.004000000,0.020000000,0.000911507,0.020050280,-0.011442197,-0.000176111,2.939137697,-0.001258866,2.937878831,2.938652952,0.036293685,0.058387901,0.020326641,0.020834862,0.005952792,-0.038918050,0.042246477,0.019469851,0.005056442,0.080497205,0.008172183,0.051773696,0.037190035,-0.061027354,0.034074294,-0.032303845,1,2.456718766,0,0,0.000000000,0.000000000,0.000000000,1
78.932922643,0.000000000,0.028000000,-0.001965424,0.011867755,-0.013665349,0.001835067,2.985976219,0.063422573,3.049398792,3.050172913,0.035677738,0.041785370,0.020315733,0.020431842,0.008337502,-0.002190942,0.044015241,0.039594428,0.004076730,0.062825177,0.023767183,0.015471175,0.039938510,-0.023230749,0.020248057,0.024123253,1,1.342472073,0,0,0.000000000,0.000000000,0.000000000,1
78.984915624,-0.048000000,-0.024000000,-0.002264506,0.005942505,-0.020906018,0.003177106,2.933045149,-0.006078986,2.926966163,2.927740284,0.054563075,0.026692794,0.020730926,0.020177340,0.004624347,0.000037745,0.059187421,0.026730538,0.003408135,0.045640490,0.031445439,0.007758141,0.055779286,-0.018909952,0.027741983,0.018972397,1,1.616223207,0,0,0.000000000,0.000000000,0.000000000,1
79.084914600,-0.048000000,-0.020000000,-0.000643010,-0.001639667,-0.020141132,-0.001229262,2.973190308,-0.009396290,2.963794017,2.964568138,0.057788419,-0.008502912,0.020818141,0.020018067,0.005631068,0.032499054,0.063419488,0.023996142,0.004086541,0.031416004,0.041617231,-0.002985266,0.059332947,-0.007419862,0.021802257,0.026981408,1,1.712826744,0,0,0.000000000,0.000000000,0.000000000,1
79.188913571,-0.048000000,-0.020000000,0.001815914,-0.003266633,-0.028744673,-0.005587753,2.951946259,0.027481193,2.979427451,2.980201572,0.091053053,-0.026381000,0.021975136,0.020173239,0.001364531,0.007192326,0.092417584,-0.019188674,0.005735630,0.017904432,0.050574747,-0.007134390,0.086681955,-0.037093106,0.041842838,-0.012054284,1,2.488469251,0,0,0.000000000,0.000000000,0.000000000,1
79.292906537,-0.044000000,-0.020000000,0.007344003,-0.022739087,0.130579114,-0.000143124,2.957914829,0.111546302,3.069461132,3.070235253,-0.378265383,-0.070236058,0.042788398,0.021197430,-0.011251075,0.007180587,-0.389516459,-0.063055471,0.007256973,0.006731047,0.062548756,-0.022869222,-0.396773432,-0.069786519,-0.452065215,-0.040186250,0,99.129241222,0,0,0.000000000,0.000000000,0.000000000,1
79.400905497,-0.036000000,-0.008000000,-0.005487663,0.178962641,0.149100855,0.007135876,2.936843872,0.022509158,2.959353031,2.960127152,-0.457482000,0.550731210,0.049928928,0.058592224,0.025893082,-0.016344414,-0.431588918,0.534386796,0.007737800,-0.009033176,0.062185209,-0.044357157,-0.439326718,0.543419972,-0.493774127,0.578743953,0,nan,0,0,0.000000000,0.000000000,0.000000000,1
79.504904453,-0.032000000,-0.008000000,-0.006752222,0.080431892,0.013911625,0.005713675,2.934596062,0.033951567,2.968547629,2.969321750,-0.061341616,0.255727218,0.020919559,0.032464813,0.030099795,-0.029432578,-0.031241821,0.226294640,0.007811129,-0.041331477,0.062939434,-0.078268257,-0.039052950,0.267626117,-0.094181256,0.304562896,0,54.832395819,0,0,0.000000000,0.000000000,0.000000000,1
79.604903404,-0.032000000,-0.004000000,-0.002688179,-0.052330057,-0.065012045,0.000238109,2.949810505,0.033462888,2.983273393,2.984047514,0.185929133,-0.155404524,0.027307443,0.025327962,0.010574865,-0.014815789,0.196503998,-0.170220313,0.009653422,-0.072880064,0.061337557,-0.114907606,0.186850576,-0.097340249,0.135166441,-0.055312708,1,12.245735383,0,0,0.000000000,0.000000000,0.000000000,1
79.708908350,-0.024000000,0.004000000,0.003539392,-0.103664987,-0.074256293,-0.003399484,2.920118093,0.000776379,2.920894473,2.921668594,0.227232987,-0.312724022,0.030271246,0.037120926,0.012415529,0.002647961,0.239648516,-0.310076061,0.010611285,-0.098176139,0.134598892,-0.178871797,0.229037231,-0.211899922,0.105049623,-0.131204265,1,15.976294557,0,0,0.000000000,0.000000000,0.000000000,1
79.812918226,-0.020000000,0.004004936,0.003978383,-0.092765128,-0.050984450,-0.002811740,2.909770727,-0.005514440,2.904256287,2.905030408,0.159626152,-0.277579722,0.025589159,0.034212644,0.011948076,0.005122967,0.171574228,-0.272456755,0.011366593,-0.116643679,0.174337801,-0.239844354,0.160207635,-0.155813075,-0.002763574,-0.032612400,1,0.603698919,0,0,-0.000000000,-0.000000000,-0.000000000,1
79.916918226,-0.020000000,0.012000000,0.003042779,-0.070375502,-0.025858715,-0.002090101,2.873265028,-0.016051796,2.857213232,2.857987353,0.082577732,-0.207049680,0.021637717,0.028787075,-0.013219926,-0.030512567,0.069357806,-0.237562247,0.011690105,-0.127140075,0.173521785,-0.265184073,0.057667701,-0.110422172,-0.104163979,0.027621826,1,12.642265765,1,0,-0.000796010,-0.002493494,0.000052405,1
80.024922082,-0.012000000,0.016004925,0.002300648,-0.062632607,-0.020677809,0.000236814,2.875705242,0.008256596,2.883961838,2.884735959,0.066268991,-0.179947086,0.021069309,0.026903709,0.018678777,-0.051971517,0.084947769,-0.231918604,0.012798208,-0.135796833,0.124172217,-0.259966219,0.072149561,-0.096121771,-0.039224448,0.028047615,1,2.591886090,1,0,-0.001626379,-0.002051113,0.000041457,1
80.124921003,-0.008000000,0.019998921,0.002312110,-0.065374014,-0.022745777,-0.000032708,2.817571878,0.025984623,2.843556501,2.844330622,0.071253518,-0.185987707,0.021231360,0.027311431,-0.000304813,-0.010910831,0.070948705,-0.196898538,0.012677307,-0.142107689,0.105471331,-0.253355266,0.058271398,-0.054790850,-0.034522625,0.056456728,1,4.227250825,1,0,-0.002236295,-0.001360859,0.000030638,1
80.232919918,-0.004000000,0.023998915,0.004530952,-0.071591344,-0.024982482,-0.002182714,2.801920652,-0.061328640,2.740592013,2.741366134,0.080884282,-0.202184595,0.021573657,0.028439165,0.018996062,0.010708411,0.099880344,-0.191476184,0.015199291,-0.146050537,0.089095742,-0.234237729,0.084681054,-0.045425647,0.010784602,0.042761545,1,1.639896095,1,0,-0.002548500,0.000599099,0.000010912,1
80.280918828,-0.052000000,-0.024001090,0.006709805,-0.070779813,-0.021028062,-0.003766588,2.794552326,0.013774261,2.808326587,2.809100709,0.077896991,-0.209350638,0.021463444,0.028953012,0.042919642,0.027911898,0.120816633,-0.181438740,0.015149011,-0.146424610,0.086427731,-0.216999031,0.105667621,-0.035014130,0.034388902,0.035560291,1,2.728092956,1,0,-0.001786608,0.001913614,0.000002278,1
80.388917734,-0.048000000,-0.020001094,0.003851705,-0.066841894,-0.018761784,0.001137455,2.736111403,-0.016793341,2.719318061,2.720092182,0.061493268,-0.178671268,0.020924011,0.026818542,0.015238331,-0.022608623,0.076731599,-0.201279891,0.013524266,-0.145619589,0.095484024,-0.199967064,0.063207333,-0.055660302,-0.018752425,-0.001312826,1,0.529266782,1,0,0.000028909,-0.001119668,0.000001029,1
80.492922634,-0.040000000,-0.020000000,0.000057941,-0.065444830,-0.015137440,0.000420170,2.719338655,-0.044469664,2.674868992,2.675643113,0.040645651,-0.173932446,0.020408839,0.026505187,0.013895387,-0.005346718,0.054541038,-0.179279164,0.015030277,-0.142988193,0.087951529,-0.194416875,0.039510761,-0.036290971,-0.033410490,0.015137711,1,1.994871016,1,0,-0.000864646,-0.001792353,0.000003701,1
80.592927530,-0.040000000,-0.016000000,0.004853292,-0.064599252,-0.015902339,-0.001985572,2.687276602,0.076951464,2.764228066,2.765002187,0.057373297,-0.184055638,0.020806656,0.027180228,-0.021026585,0.013362272,0.036346712,-0.170693367,0.014412733,-0.139069426,0.070074183,-0.177377527,0.021933979,-0.031623941,-0.033727471,0.006684160,1,1.857671611,1,0,-0.000366195,-0.001499831,-0.000002151,1
80.696926420,-0.036000000,-0.008000000,0.004010115,-0.058944839,-0.008382312,-0.001485439,2.655396461,-0.008600206,2.646796255,2.647570376,0.032800229,-0.159946632,0.020267179,0.025609163,-0.001489292,-0.032005520,0.031310937,-0.191952152,0.014932970,-0.132520412,0.052322394,-0.161742622,0.016377967,-0.059431740,-0.021011457,-0.030209531,1,1.711972077,1,0,0.001147998,-0.000767676,-0.000014356,1
80.800925305,-0.036000000,-0.008000000,0.007422167,-0.052235855,-0.006845800,-0.005557933,2.633611441,-0.006735480,2.626875960,2.627650081,0.037480181,-0.151817112,0.020348161,0.025109448,0.007070918,0.001605946,0.044551099,-0.150211166,0.015018121,-0.126287004,0.036749866,-0.157492870,0.029532978,-0.023924162,0.007801233,0.007281704,1,0.163282821,1,0,-0.000232715,0.000246170,0.000003562,1
80.908924186,-0.024000000,0.004000000,0.005548758,-0.051574365,-0.007430634,-0.001759328,2.565136194,0.049890474,2.615026668,2.615800789,0.033941458,-0.139469029,0.020285961,0.024382701,0.007044089,0.001323196,0.040985547,-0.138145833,0.014799022,-0.120137781,0.031414977,-0.142093570,0.026186525,-0.018008052,0.009570570,0.003947736,1,0.179570487,1,0,-0.000094633,0.000257475,0.000002427,1
81.008929061,-0.024000000,0.000000000,0.004384035,-0.050299537,-0.007667589,-0.001833661,2.536904335,-0.003708322,2.533196013,2.533970134,0.030529125,-0.132063609,0.020231665,0.023966810,-0.030735794,-0.007340179,-0.000206669,-0.139403788,0.014380397,-0.111505684,0.024226778,-0.125144718,-0.014587066,-0.027898104,-0.024433446,-0.014259070,1,1.324383441,1,0,0.000313429,-0.000543498,-0.000006930,1
81.112927932,-0.020000000,0.008000000,0.000951031,-0.043033546,-0.001952816,0.001892409,2.505010843,0.004804528,2.509815371,2.510589492,0.007288120,-0.103256658,0.020013275,0.022508207,0.014729230,-0.006914295,0.022017350,-0.110170952,0.012413818,-0.103422459,0.008711729,-0.116584409,0.009603532,-0.006748494,0.013305620,0.006413456,1,0.385824188,1,0,-0.000124376,0.000262904,0.000003189,1
81.220920797,-0.012000000,0.012000000,-0.002346104,-0.041758557,-0.003548038,0.004092757,2.460515022,-0.021395421,2.439119602,2.439893723,0.002931661,-0.091871391,0.020002149,0.022009169,0.030011289,0.000824099,0.032942950,-0.091047292,0.010441247,-0.096075964,0.002013073,-0.101423706,0.022501703,0.005028672,0.030929877,0.010376414,1,1.963046503,1,0,-0.000142406,0.000527143,0.000005402,1
81.324919658,-0.012000000,0.020000000,-0.001591430,-0.039442563,-0.005986464,0.000575835,2.397542000,-0.075643883,2.321898117,2.322672238,0.010204820,-0.090244582,0.020026018,0.021941760,-0.023560758,0.007850616,-0.013355938,-0.082393966,0.010602131,-0.089483126,0.001819821,-0.084071463,-0.023958069,0.007089160,-0.015175758,0.001677497,1,0.443667122,1,0,-0.000081500,-0.000238045,-0.000001082,1
81.424921513,-0.012000000,0.016000000,0.000726466,-0.035895726,-0.000185967,-0.001781169,2.321313858,0.059563894,2.380877752,2.381651873,0.002172391,-0.089704081,0.020001180,0.021919585,0.002840215,-0.013220539,0.005012605,-0.102924620,0.010577113,-0.080438888,-0.009919865,-0.069795442,-0.005564507,-0.022485732,0.014932470,-0.033129178,1,2.197147700,1,0,0.000687798,0.000258714,-0.000004978,1
81.532926364,0.000000000,0.028000000,0.002226018,-0.026128481,0.003321992,-0.002320356,2.288917303,-0.017318572,2.271598731,2.272372852,-0.002489612,-0.064624343,0.020001549,0.021018160,0.017136009,0.018486000,0.014646397,-0.046138343,0.010727557,-0.072681567,-0.013189174,-0.063544387,0.003918839,0.026543224,0.027835571,0.017406045,1,2.038669237,1,0,-0.000235183,0.000343426,0.000005080,1
81.636931210,0.004000000,0.028000000,0.004282841,-0.026589551,-0.001116674,-0.002544187,2.253146887,0.049626591,2.302773478,2.303547599,0.012433861,-0.067088399,0.020038613,0.021095225,0.022777636,-0.023591401,0.035211497,-0.090679800,0.011229577,-0.066144662,-0.011875943,-0.046014846,0.023981919,-0.024535138,0.047087439,-0.044664953,1,7.911386382,1,0,0.000891064,0.000604865,-0.000004601,1
81.684936051,-0.048000000,-0.020000000,0.004376382,-0.027058664,0.000836659,-0.004347712,2.232489109,0.037003785,2.269492894,2.270267015,0.008033376,-0.071276547,0.020016127,0.021232133,-0.038065473,-0.018744603,-0.030032097,-0.090021149,0.011611989,-0.059301456,-0.011277164,-0.041766095,-0.041644086,-0.030719694,-0.018754933,-0.048255055,1,4.812097888,1,0,0.000665161,-0.000156997,-0.000008017,1
81.788934887,-0.044000000,-0.020000000,0.001941283,-0.024494012,-0.000741941,-0.000458624,2.245398283,-0.028237441,2.217160842,2.217934963,0.005949139,-0.055324008,0.020008846,0.020751083,0.039686742,-0.030018346,0.045635882,-0.085342354,0.009926365,-0.052933034,-0.025084818,-0.039196015,0.035709517,-0.032409320,0.070720699,-0.046146340,1,14.057276017,1,0,0.000815041,0.000697776,-0.000004165,1
81.892933719,-0.040000000,-0.012000000,-0.003872694,-0.023592463,-0.001957292,0.005055971,2.157749653,0.081275723,2.239025375,2.239799497,-0.004288634,-0.041503676,0.020004598,0.020426100,-0.010606725,-0.018080101,-0.014895359,-0.059583777,0.007888535,-0.046216389,-0.014104939,-0.037600936,-0.022783894,-0.013367389,-0.000790419,-0.021982842,1,0.931614257,1,0,0.000282401,0.000007580,-0.000002728,1
81.996932545,-0.040000000,-0.012000000,-0.005466300,-0.019826013,-0.004147661,0.002641471,2.150591373,-0.002442090,2.148149284,2.148923405,-0.002832632,-0.036914961,0.020002006,0.020337825,0.020654285,-0.004688105,0.017821653,-0.041603066,0.008058688,-0.041667192,-0.022250485,-0.031278638,0.009762964,0.000064126,0.040072138,-0.010324427,1,3.489572817,1,0,0.000203273,0.000286426,-0.000000208,1
82.104937366,-0.032000000,0.000000000,-0.002443719,-0.019742818,-0.002101788,-0.000157371,2.072473764,0.009876375,2.082350140,2.083124261,-0.000712019,-0.041439163,0.020000127,0.020424790,0.005476232,0.019543963,0.004764212,-0.021895200,0.008743751,-0.035911030,-0.020135844,-0.023974607,-0.003979539,0.014015830,0.024900056,0.002079407,1,1.282573508,1,0,0.000025098,0.000164985,0.000000783,1
82.208942183,-0.028000000,0.000000000,-0.000519991,-0.014691111,0.001491554,-0.004431004,2.021834612,-0.026403838,1.995430774,1.996204896,-0.004013899,-0.038156856,0.020004027,0.020360733,-0.032398945,-0.006661833,-0.036412844,-0.044818689,0.010273423,-0.030131773,-0.019584557,-0.012695341,-0.046686267,-0.014686917,-0.016828287,-0.032123348,1,2.629244973,1,0,0.000300104,-0.000102913,-0.000003465,1
82.312946995,-0.024000000,0.000000000,-0.001959892,-0.007343340,0.006207250,0.003372363,1.976548076,0.073947981,2.050496057,2.051270178,-0.016746692,-0.008142471,0.020069990,0.020016568,-0.026882459,-0.008929701,-0.043629151,-0.017072172,0.007680758,-0.023696459,-0.030441476,-0.009893921,-0.051309909,0.006624287,-0.013187675,-0.007178251,1,0.463966533,1,0,0.000057244,-0.000098413,-0.000001098,1
82.416933801,-0.016000000,0.008000000,-0.008185452,-0.002247789,0.007894759,0.004822815,1.921274781,-0.004807420,1.916467361,1.917241482,-0.030817199,0.004934954,0.020236032,0.020006088,-0.006935994,-0.011789883,-0.037753193,-0.006854930,0.006451889,-0.019420394,-0.038556367,-0.001831865,-0.044205081,0.012565464,0.000803174,-0.005023065,1,0.053508079,1,0,0.000048725,0.000007415,-0.000000425,1
82.520932603,-0.012000000,0.016000000,-0.006467636,-0.002242023,0.001550669,0.000698024,1.895701170,0.025660773,1.921361943,1.922136064,-0.015406066,-0.002966581,0.020059249,0.020002200,0.018372796,0.008322063,0.002966730,0.005355481,0.006882279,-0.016924943,-0.043989722,0.005636837,-0.003915549,0.022280425,0.046956453,-0.000281356,1,4.588871043,1,0,0.000052220,0.000365282,0.000001173,1
82.624937400,-0.008000000,0.016000000,-0.004935402,-0.002123851,0.000776915,-0.000356869,1.848426223,0.070064003,1.918490226,1.919264347,-0.010959023,-0.004759239,0.020030003,0.020005662,-0.004219264,-0.022288289,-0.015178287,-0.027047527,0.006616874,-0.013325360,-0.040533911,0.012675734,-0.021795161,-0.013722167,0.025355624,-0.039723261,1,4.638962714,1,0,0.000401365,0.000206853,-0.000002686,1
82.728924192,-0.004000000,0.024000000,-0.005807473,-0.001757435,-0.000443422,0.000617879,1.805681109,-0.051579106,1.754102004,1.754876125,-0.009409092,-0.001998898,0.020022121,0.020000999,0.021938846,0.006827183,0.012529754,0.004828285,0.004887118,-0.010409349,-0.043330135,0.013641406,0.007642636,0.015237634,0.055859889,-0.008813120,1,6.715866694,1,0,0.000105387,0.000425743,0.000000742,1
82.832916980,0.000000000,0.024000000,-0.010746354,0.001933890,0.002956584,0.004109096,1.766054630,-0.026747274,1.739307356,1.740081477,-0.023833621,0.010510609,0.020141510,0.020027599,-0.026309893,-0.037719497,-0.050143514,-0.027208888,0.004247541,-0.005795661,-0.039464100,0.020152566,-0.054391055,-0.021413228,-0.010679414,-0.047361454,1,4.924979875,1,0,0.000464055,-0.000092481,-0.000004020,1
82.936921763,0.004000000,0.032000000,-0.007398748,0.003121032,0.000866609,0.000895050,1.724841714,-0.046844208,1.677997506,1.678771627,-0.013869249,0.006738976,0.020048031,0.020011350,-0.002947633,0.009652760,-0.016816882,0.016391736,0.005047456,-0.003468077,-0.044052890,0.017307039,-0.021864338,0.019859812,0.027236007,-0.000915303,1,1.560124075,1,0,0.000004059,0.000280369,0.000000775,1
82.988920541,-0.044000000,-0.020000000,-0.004744609,0.001952967,-0.000717729,-0.003024798,1.631132007,-0.058236477,1.572895530,1.573669651,-0.006333862,-0.001685878,0.020010027,0.020000711,-0.017744645,-0.003787084,-0.024078506,-0.005472962,0.005916993,-0.001623836,-0.046299374,0.020177168,-0.029995499,-0.003849126,0.022220868,-0.025650130,1,2.425533083,1,0,0.000259857,0.000255284,-0.000001283,1
83.088925314,-0.044000000,-0.016000000,-0.005934135,0.004682162,0.005825629,0.001144663,1.612786531,0.068172553,1.680959084,1.681733205,-0.019767681,0.009794655,0.020097453,0.020023969,-0.018437444,-0.027172469,-0.038205125,-0.017377814,0.005284722,0.002173365,-0.046152631,0.021747688,-0.043489847,-0.019551179,0.007947506,-0.039125502,1,3.347109981,1,0,0.000454553,0.000088813,-0.000003199,1
83.192918083,-0.040000000,-0.016000000,-0.006803633,0.011553690,0.008657514,0.000343714,1.603593707,0.022048168,1.625641876,1.626415997,-0.025134288,0.019340919,0.020157314,0.020093300,0.000896426,-0.005602680,-0.024237862,0.013738239,0.005166155,0.003190792,-0.048391382,0.017777184,-0.029404017,0.010547447,0.024153520,-0.004038945,1,1.249334788,1,0,0.000015390,0.000288220,0.000000209,1
83.296922848,-0.036000000,-0.008000000,-0.007173085,0.010789476,0.003169821,-0.001509547,1.530848145,-0.056452333,1.474395813,1.475169934,-0.015249538,0.013682288,0.020058053,0.020046747,-0.031910448,-0.003639408,-0.047159986,0.010042880,0.004882209,0.003625250,-0.048579058,0.019777552,-0.052042195,0.006417630,0.001419073,-0.009734672,1,0.203132687,1,0,0.000095209,0.000012494,-0.000000669,1
83.400921608,-0.032000000,-0.008000000,-0.007565109,0.006943031,-0.001171957,0.002143508,1.521942496,-0.051735062,1.470207435,1.470981556,-0.009399258,0.013359096,0.020022074,0.020044567,0.000694489,-0.013385597,-0.008704769,-0.000026501,0.005508347,0.003278740,-0.051842891,0.018195773,-0.014213117,-0.003305241,0.043138122,-0.018222274,1,4.607654524,1,0,0.000118304,0.000545352,-0.000000592,1
83.504920363,-0.032000000,0.000000000,-0.006387086,0.005622331,0.000174163,0.001039542,1.462322593,-0.035834034,1.426488559,1.427262680,-0.009359547,0.009503085,0.020021888,0.020022564,0.029971066,0.010282704,0.020611519,0.019785789,0.005366219,0.003550066,-0.048291833,0.014366450,0.015245300,0.016235723,0.068903352,0.005419339,1,9.980785781,1,0,-0.000199186,0.000916579,0.000001634,1
83.608925113,-0.024000000,0.000000000,-0.009045748,0.005723747,-0.002144394,0.003278025,1.434468985,-0.006060040,1.428408945,1.429183066,-0.009857955,0.012858212,0.020024280,0.020041291,-0.018118680,-0.016899144,-0.027976634,-0.004040931,0.004512214,0.003315348,-0.039458415,0.017761782,-0.032488848,-0.007356279,0.011481781,-0.021802713,1,1.276579727,1,0,0.000206901,0.000138466,-0.000000984,1
83.712923860,-0.020000000,0.008000000,-0.009336460,0.006680537,-0.000065774,0.001145003,1.387878418,0.124868730,1.512747148,1.513521269,-0.014024205,0.011838064,0.020049109,0.020035004,-0.025550201,0.001492169,-0.039574406,0.013330232,0.003734827,0.004400600,-0.040526362,0.017938421,-0.043309233,0.008929632,0.000951957,-0.004608189,1,0.046581171,1,0,0.000043539,0.000009377,-0.000000203,1
83.816933338,-0.016000000,0.008004737,-0.008126731,0.010256078,0.002749716,0.001048105,1.339365840,0.024378449,1.363744289,1.364518410,-0.014832693,0.015416015,0.020054927,0.020059325,0.013418985,0.002586892,-0.001413708,0.018002907,0.004252566,0.005257731,-0.041020168,0.019671433,-0.005666274,0.012745176,0.039606460,-0.001668527,1,3.282645782,1,0,-0.000049677,0.000358939,0.000000361,1
83.924938070,-0.008000000,0.020004732,-0.004993410,0.011423206,0.000432720,-0.002196657,1.297251225,0.069892932,1.367144156,1.367918278,-0.007418303,0.012614023,0.020013753,0.020039739,0.029862975,0.012128650,0.022444672,0.024742674,0.006261132,0.004508389,-0.032643275,0.021057119,0.016183540,0.020234285,0.055087947,0.003685555,1,6.382330638,1,0,-0.000111237,0.000486609,0.000000547,1
84.028938070,-0.004000000,0.020000000,-0.004560297,0.009251017,-0.000316997,0.001304486,1.220800400,-0.026638615,1.194161785,1.194935906,-0.005067187,0.012604979,0.020006418,0.020039682,0.025966174,0.024212806,0.020898987,0.036817785,0.006492057,0.004435439,-0.023305758,0.022065009,0.014406930,0.032382346,0.044204744,0.014752776,1,4.534559987,1,0,-0.000166210,0.000362448,0.000000739,1
84.128939798,-0.004000000,0.024000000,-0.007576707,0.009994432,-0.001246293,0.003561745,1.185959458,-0.054790037,1.131169422,1.131943543,-0.007160770,0.015334333,0.020012815,0.020058699,0.000916726,0.006447312,-0.006244044,0.021781645,0.006142818,0.004244625,-0.015299046,0.024202138,-0.012386863,0.017537020,0.009055002,-0.002420493,1,0.184249730,1,0,0.000007682,0.000083666,0.000000009,1
84.232937240,-0.004000000,0.024004719,-0.008158007,0.012197982,-0.000069985,0.003616427,1.092260003,-0.041407049,1.050852954,1.051627075,-0.008499322,0.016618618,0.020018051,0.020068926,0.013776290,0.001833413,0.005276968,0.018452031,0.006281746,0.003811283,-0.013564835,0.025542968,-0.001004778,0.014640748,0.018841803,-0.007090937,1,0.850312155,1,0,0.000041710,0.000196151,-0.000000059,1
84.288938954,-0.044000000,-0.015998286,-0.007420245,0.011401613,0.000429754,0.003230400,1.115166783,-0.088986936,1.026179847,1.026953968,-0.008055511,0.015015077,0.020016216,0.020056284,-0.017938881,0.027567190,-0.025994393,0.042582267,0.006423138,0.003824249,-0.006841483,0.026990215,-0.032417531,0.038758018,-0.019152910,0.015592052,1,1.286247623,1,0,-0.000140963,-0.000211555,0.000000293,1
84.392938954,-0.040000000,-0.016000000,-0.005629750,0.013607519,-0.001887551,0.000012609,1.057355642,0.059019073,1.116374715,1.117148837,-0.004177697,0.015205167,0.020004363,0.020057716,0.022567902,0.041101416,0.018390205,0.056306583,0.007306134,0.003643366,-0.008882692,0.031626245,0.011084071,0.052663217,0.027272896,0.024680338,1,2.818893801,1,0,-0.000301683,0.000376075,0.000000974,1
84.496937663,-0.040000000,-0.016000000,-0.004090399,0.014078287,0.001235863,0.000621599,0.993367255,0.016363337,1.009730592,1.010504713,-0.005378090,0.014842925,0.020007230,0.020055002,-0.000295246,-0.007845703,-0.005673336,0.006997222,0.008019272,0.003528347,-0.003675909,0.036781639,-0.013692608,0.003468875,-0.001997427,-0.029784417,1,1.863370966,1,0,0.000291555,-0.000053908,-0.000000645,1
84.596936368,-0.036000000,-0.012000000,-0.002194292,0.014224390,0.000259147,-0.002035739,0.948821366,0.114250997,1.063072363,1.063846484,-0.002608184,0.012957418,0.020001701,0.020041930,0.014221524,-0.034120583,0.011613340,-0.021163166,0.008818637,0.002947541,-0.002420960,0.032799018,0.002794702,-0.024110707,0.014034299,-0.053962184,1,6.543478460,1,0,0.000497706,0.000094174,-0.000001020,1
84.704935068,-0.028000000,0.000000000,-0.000304957,0.013566377,-0.003549757,-0.001968590,0.920926690,-0.012672876,0.908253814,0.909027935,0.002947102,0.010533734,0.020002171,0.020027721,0.004670315,-0.000339963,0.007617417,0.010193771,0.010285195,0.002297942,0.003879420,0.025478465,-0.002667778,0.007895829,0.003737997,-0.015284694,1,0.521366357,1,0,0.000121715,0.000018330,-0.000000250,1
84.808939764,-0.028000000,0.000000000,-0.000220813,0.013124709,-0.000195525,0.000668228,0.851922989,0.005457667,0.857380656,0.858154777,-0.000021682,0.011825798,0.020000000,0.020034932,-0.000074160,-0.014558613,-0.000095841,-0.002732815,0.010258762,0.002782574,0.008256138,0.025552875,-0.010354604,-0.005515389,-0.008351979,-0.028285690,1,1.817348050,1,0,0.000240690,-0.000097965,-0.000000494,1
84.912944455,-0.020000000,0.008000000,-0.000997431,0.019913642,0.000783801,0.001986655,0.834895670,0.017284570,0.852180240,0.852954361,-0.001517931,0.018663001,0.020000576,0.020086888,0.015229058,-0.001209677,0.013711127,0.017453324,0.010849503,0.002941433,0.009002320,0.021694818,0.002861624,0.014511891,0.004708807,-0.004241494,1,0.084945291,1,0,0.000035164,0.000039215,-0.000000066,1
85.016949141,-0.016000000,0.008000000,0.000743734,0.022452168,0.005058457,0.002781965,0.782975078,-0.047964765,0.735010312,0.735784434,-0.003171366,0.018547348,0.020002514,0.020085817,0.007502783,0.011894586,0.004331418,0.030441934,0.011613853,0.003858479,0.012111327,0.023512336,-0.007282435,0.026583455,-0.007779909,0.006929598,1,0.229640239,1,0,-0.000056831,-0.000062648,0.000000105,1
85.120947823,-0.012000000,0.016000000,0.004396693,0.027757624,0.004488499,-0.001097970,0.725605011,-0.001499491,0.724105520,0.724879641,-0.000066477,0.019304403,0.020000001,0.020092949,0.014869650,-0.011900325,0.014803173,0.007404077,0.012313403,0.004610098,0.013869560,0.026151971,0.002489769,0.002793979,0.000933613,-0.018747894,1,0.737299922,1,0,0.000169587,-0.000004492,-0.000000236,1
85.224952501,-0.012000000,0.016000000,0.006861386,0.023072650,-0.000361288,-0.000012790,0.661270201,0.014405169,0.675675370,0.676449491,0.004880183,0.015580980,0.020005953,0.020060600,0.005874195,-0.042160444,0.010754378,-0.026579464,0.012514706,0.003325124,0.015801922,0.023049009,-0.001760328,-0.029904588,-0.005047544,-0.049628473,1,5.218241343,1,0,0.000459105,-0.000081453,-0.000000529,1
85.324951174,-0.012000000,0.020000000,0.009235083,0.021280325,-0.003602094,-0.000466621,0.683428049,-0.054609863,0.628818186,0.629592307,0.008072250,0.013088036,0.020016284,0.020042778,-0.007392707,0.025406936,0.000679543,0.038494971,0.012736817,0.002282189,0.016034832,0.013816284,-0.012057274,0.036212782,-0.015355289,0.024678687,1,1.786159921,1,0,-0.000231322,-0.000142258,0.000000595,1
85.428948505,-0.004000000,0.019998663,0.011010501,0.021498670,-0.003081359,0.000391348,0.560685694,0.100846636,0.661532331,0.662306452,0.009322221,0.014480955,0.020021714,0.020052356,-0.013972793,0.005152412,-0.004650571,0.019633367,0.012636500,0.001331947,0.014291836,0.016216084,-0.017287071,0.018301420,-0.018942407,0.003417283,1,0.785944169,1,0,-0.000032876,-0.000191904,0.000000313,1
85.532953165,0.000000000,0.028004660,0.014293712,0.024983183,-0.000562282,-0.000415075,0.519998729,-0.086956513,0.433042216,0.433816337,0.006433272,0.010639028,0.020010344,0.020028277,0.019864014,-0.008399086,0.026297287,0.002239942,0.013669561,0.000330277,0.014935078,0.013737682,0.012627726,0.001909664,0.011362208,-0.011497741,1,0.555042272,1,0,0.000101228,0.000100228,-0.000000298,1
85.588957819,-0.048000000,-0.019995346,0.018612172,0.026143507,0.000229238,-0.005089322,0.543463767,0.012807252,0.556271019,0.557045140,0.010225893,0.011711833,0.020026125,0.020034262,-0.017986860,0.024322825,-0.007760967,0.036034658,0.015117169,0.000628138,0.020696637,0.015411871,-0.022878136,0.035406520,-0.028457604,0.020622788,1,2.620381689,1,0,-0.000213544,-0.000311998,0.000000808,1
85.688962469,-0.048000000,-0.023995350,0.020781178,0.033471471,0.010457182,0.000539886,0.494658023,0.058812882,0.553470905,0.554245026,0.005714031,0.018824297,0.020008161,0.020088393,0.056975839,-0.008327521,0.062689870,0.010496776,0.013927074,0.003766897,0.017522070,0.020040816,0.048762797,0.006729879,0.045167800,-0.009544040,1,4.533244265,1,0,0.000096378,0.000453904,-0.000000993,1
85.796955115,-0.040000000,-0.012007354,0.017643139,0.040743612,0.008731261,0.005152769,0.448361009,-0.035269310,0.413091700,0.413865821,0.003681423,0.018959414,0.020003388,0.020089664,0.019217391,-0.005751763,0.022898815,0.013207651,0.012573873,0.002956951,0.024912606,0.019506730,0.010324941,0.010250700,-0.002013791,-0.006299079,1,0.092285971,1,0,0.000051105,-0.000018432,-0.000000025,1
85.896953755,-0.040000000,-0.016001360,0.020460017,0.038696090,0.001522679,0.004105968,0.370348215,-0.123457231,0.246890984,0.247665105,0.004675458,0.010567442,0.020005464,0.020027898,-0.036137043,0.018322720,-0.031461585,0.028890162,0.011807268,0.000325969,0.028473436,0.016151860,-0.043268854,0.028564194,-0.059935021,0.012738302,1,7.998889610,1,0,-0.000128404,-0.000535490,0.000001894,1
86.004953755,-0.032000000,-0.004000000,0.028789048,0.025885990,-0.005680343,-0.001742656,0.350587696,0.001079066,0.351666762,0.352440883,0.012121739,0.008490408,0.020036700,0.020018014,0.016300291,-0.012777093,0.028422030,-0.004286685,0.013326717,-0.001830543,0.024077768,0.015451034,0.015095313,-0.002456142,0.004344262,-0.019737718,1,0.867126146,1,0,0.000202557,0.000042666,-0.000000370,1
86.108952392,-0.028000000,0.004000000,0.041886994,0.025080772,-0.004928677,-0.002199728,0.311612755,-0.012277807,0.299334948,0.300109069,0.014013566,0.006849096,0.020049035,0.020011724,0.011351387,-0.005719577,0.025364954,0.001129519,0.013502187,-0.004136994,0.025501370,0.006815388,0.011862766,0.005266513,-0.000136416,-0.005685870,1,0.068777543,1,0,0.000054979,-0.000002494,-0.000000069,1
86.212948024,-0.024000000,0.004000000,0.046129186,0.025827695,-0.003249960,-0.001936686,0.294671804,0.049261266,0.343933069,0.344707190,0.016983121,0.008216908,0.020071977,0.020016872,0.014354363,0.021955639,0.031337485,0.030172547,0.013509999,-0.004748610,0.027228349,0.005128443,0.017827485,0.034921157,0.004109136,0.025044104,1,1.369763383,1,0,-0.000233702,0.000044170,0.000000261,1
86.312946651,-0.024000000,0.008000000,0.056373000,0.034126919,0.001850293,-0.001073848,0.248502478,0.158669300,0.407171778,0.407945899,0.022200108,0.013458278,0.020122834,0.020045230,0.071792973,-0.004713754,0.093993080,0.008744524,0.013410513,-0.004193676,0.030832704,0.007596017,0.080582567,0.012938200,0.063160376,0.001148506,1,8.418290048,1,0,0.000021516,0.000530547,-0.000001116,1
86.416949893,-0.016000000,0.007998619,0.074530911,0.041512705,0.000085586,-0.003474425,0.200000003,0.000000000,0.000000000,0.000774121,0.000000000,0.000000000,0.020000000,0.020000000,-0.010180682,-0.024871904,-0.010180682,-0.024871904,0.013848713,-0.004278641,0.043171272,0.008113873,-0.024029395,-0.020593263,-0.053351955,-0.032985777,1,8.401368727,1,0,0.000168582,-0.000302402,0.000000460,1
86.520960507,-0.016000000,0.008000000,0.075191206,0.038259739,0.003380844,-0.003456183,0.200000003,0.000000000,0.000000000,0.000774121,0.000000000,0.000000000,0.020000000,0.020000000,-0.003686616,-0.012292132,-0.003686616,-0.012292132,0.013933472,-0.004425423,0.038907868,-0.002027336,-0.017620088,-0.007866709,-0.042594484,-0.010264796,1,4.090951388,1,0,0.000075777,-0.000426770,0.000000961,1
86.628965117,-0.008000000,0.020000000,0.071141067,0.033701781,0.001402364,-0.002278820,0.200000003,0.000000000,0.000000000,0.000774121,0.000000000,0.000000000,0.020000000,0.020000000,-0.001153935,0.030635808,-0.001153935,0.030635808,0.012541284,-0.005138326,0.032139413,-0.005956206,-0.013695219,0.035774134,-0.033293348,0.036592014,1,5.224403476,1,0,-0.000430357,-0.000415760,0.000002385,1
86.732963722,-0.004000000,0.020000000,0.064961760,0.029530732,0.001617258,-0.000481938,0.200000003,0.000000000,0.000000000,0.000774121,0.000000000,0.000000000,0.020000000,0.020000000,0.051600450,0.000693094,0.051600450,0.000693094,0.011569600,-0.004893137,0.028740053,-0.001430400,0.040030850,0.005586232,0.022860397,0.002123494,1,1.125128746,1,0,-0.000024057,0.000326651,-0.000000793,1
86.836962323,0.000000000,0.028000000,0.060487028,0.026175701,0.003750797,0.002057110,0.200000003,0.000000000,0.000000000,0.000774121,0.000000000,0.000000000,0.020000000,0.020000000,0.008216995,-0.009674496,0.008216995,-0.009674496,0.009593070,-0.005036062,0.032653089,-0.000589076,-0.001376075,-0.004638434,-0.024436094,-0.009085420,1,1.453176059,1,0,0.000118521,-0.000367441,0.000000814,1
86.888966919,-0.048000000,-0.024000000,0.058858051,0.021671176,-0.002067497,0.000832488,0.200000003,0.000000000,0.000000000,0.000774121,0.000000000,0.000000000,0.020000000,0.020000000,0.017491945,-0.007352157,0.017491945,-0.007352157,0.009333959,-0.005640400,0.030324697,-0.003842603,0.008157985,-0.001711757,-0.012832752,-0.003509554,1,0.378348326,0,0,-0.000000000,-0.000000000,-0.000000000,1
86.992953511,-0.044000000,-0.016000000,0.059973502,0.012449006,-0.000989532,-0.000387037,0.200000003,0.000000000,0.000000000,0.000774121,0.000000000,0.000000000,0.020000000,0.020000000,-0.009042744,0.016787673,-0.009042744,0.016787673,0.008262977,-0.006291068,0.026891231,-0.003516136,-0.017305721,0.023078740,-0.035933975,0.020303809,1,3.644832871,0,0,0.000000000,0.000000000,0.000000000,1
87.096952098,-0.040000000,-0.016000000,0.057778070,0.005979284,0.000196910,0.001128337,0.200000003,0.000000000,0.000000000,0.000774121,0.000000000,0.000000000,0.020000000,0.020000000,0.040318538,0.032607672,0.040318538,0.032607672,0.006639693,-0.007083648,0.021228814,-0.001029582,0.033678845,0.039691321,0.019089724,0.033637255,1,3.204096011,0,0,0.000000000,0.000000000,0.000000000,1
87.200944681,-0.036000000,-0.008000000,0.056618037,-0.002243643,-0.001038368,-0.001422560,0.200000003,0.000000000,0.000000000,0.000774121,0.000000000,-0.000000000,0.020000000,0.020000000,-0.023925918,-0.013668712,-0.023925918,-0.013668712,0.005895133,-0.007708633,0.022187397,0.001400022,-0.029821051,-0.005960079,-0.046113315,-0.015068734,1,5.037785654,0,0,-0.000000000,-0.000000000,-0.000000000,1
87.304943260,-0.032000000,-0.008000000,0.058788175,-0.007028008,0.002288197,0.001171269,0.200000003,0.000000000,0.000000000,0.000774121,0.000000000,-0.000000000,0.020000000,0.020000000,-0.010238619,-0.021773724,-0.010238619,-0.021773724,0.005745083,-0.007241436,0.016907507,0.001135579,-0.015983702,-0.014532288,-0.027146126,-0.022909303,1,2.697185093,0,0,-0.000000000,-0.000000000,-0.000000000,1
87.404953834,-0.028000000,-0.004000000,0.060821498,-0.007761898,0.001088221,-0.001976737,0.200000003,0.000000000,0.000000000,0.000774121,0.000000000,-0.000000000,0.020000000,0.020000000,0.001253785,0.017853089,0.001253785,0.017853089,0.005862163,-0.007827831,0.013133648,-0.003955246,-0.004608378,0.025680920,-0.011879863,0.021808335,1,1.319365455,0,0,0.000000000,0.000000000,0.000000000,1
87.508952405,-0.028000000,0.003998571,0.058333161,-0.014979842,-0.000806110,0.000879630,0.200000003,0.000000000,0.000000000,0.000774121,0.000000000,-0.000000000,0.020000000,0.020000000,-0.018454130,-0.015222481,-0.018454130,-0.015222481,0.004983075,-0.008338177,0.009850189,-0.001383870,-0.023437206,-0.006884304,-0.028304319,-0.013838611,1,2.115323262,0,0,-0.000000000,-0.000000000,-0.000000000,1
87.612949532,-0.020000000,0.004000000,0.056033054,-0.018152492,0.000064968,0.002886232,0.200000003,0.000000000,0.000000000,0.000774121,0.000000000,-0.000000000,0.020000000,0.020000000,-0.018610874,0.010128038,-0.018610874,0.010128038,0.004393038,-0.008673974,0.005954462,-0.005594440,-0.023003912,0.018802012,-0.024565336,0.015722478,1,1.815571375,0,0,0.000000000,0.000000000,0.000000000,1
87.716942090,-0.016000000,0.012000000,0.054783295,-0.032500915,0.002131496,0.001865828,0.200000003,0.000000000,0.000000000,0.000774121,0.000000000,-0.000000000,0.020000000,0.020000000,-0.040838020,0.036726152,-0.040838020,0.036726152,0.006044873,-0.010068472,-0.048749315,0.039753629,-0.046882892,0.046794624,0.007911295,-0.003027477,1,0.151732108,0,0,0.000000000,0.000000000,0.000000000,1
87.820946643,-0.012000000,0.012000000,0.000001416,0.000020065,0.000791775,0.000490788,0.200000003,0.000000000,0.000000000,0.000774121,-0.000000000,0.000000000,0.020000000,0.020000000,0.010938536,-0.047255245,0.010938536,-0.047255245,-0.016873235,-0.005133103,-0.048518478,0.039008718,0.027811771,-0.042122142,0.059457014,-0.086263963,1,23.207131875,0,0,0.000000000,0.000000000,0.000000000,1
87.928951192,-0.004000000,0.024000000,0.000001600,0.000020488,0.001348369,0.000943512,0.200000003,0.000000000,0.000000000,0.000774121,-0.000000000,0.000000000,0.020000000,0.020000000,0.005887733,-0.021094203,0.005887733,-0.021094203,-0.017771069,-0.005610753,-0.042182000,0.023835336,0.023658802,-0.015483451,0.048069734,-0.044929540,1,9.189863265,0,0,0.000000000,0.000000000,0.000000000,1
88.028955737,-0.004000000,0.020000000,0.000001676,0.000020669,0.001311318,-0.000702685,0.200000003,0.000000000,0.000000000,0.000774121,-0.000000000,-0.000000000,0.020000000,0.020000000,-0.024166281,0.016248817,-0.024166281,0.016248817,-0.017789055,-0.004386331,-0.034982481,0.015402910,-0.006377226,0.020635148,0.010816200,0.000845907,1,0.245403011,0,0,0.000000000,0.000000000,0.000000000,1
88.132954278,0.000000000,0.020000000,0.000001778,0.000020930,-0.000290913,0.000859513,0.200000003,0.000000000,0.000000000,0.000774121,0.000000000,0.000000000,0.020000000,0.020000000,0.020629624,-0.000010755,0.020629624,-0.000010755,-0.017204121,-0.004561828,-0.034217796,0.017573597,0.037833745,0.004551073,0.054847420,-0.017584352,1,6.966107141,0,0,0.000000000,0.000000000,0.000000000,1
88.184952815,-0.048000000,-0.024000000,0.000001812,0.000020967,-0.000362685,0.001011622,0.200000003,0.000000000,0.000000000,0.000774121,0.000000000,0.000000000,0.020000000,0.020000000,-0.007592367,-0.003564549,-0.007592367,-0.003564549,-0.016938285,-0.003670067,-0.025958929,0.014746836,0.009345917,0.000105517,0.018366561,-0.018311385,1,1.413308210,0,0,0.000000000,0.000000000,0.000000000,1
88.288951347,-0.044000000,-0.016000000,0.000001666,0.000021210,0.000530285,0.000564250,0.200000003,0.000000000,0.000000000,0.000774121,-0.000000000,0.000000000,0.020000000,0.020000000,-0.023861096,0.023577278,-0.023861096,0.023577278,-0.015801989,-0.003626642,-0.026324706,0.012422676,-0.008059108,0.027203919,0.002463610,0.011154602,1,0.269796602,0,0,0.000000000,0.000000000,0.000000000,1
88.392949875,-0.044000000,-0.016000000,0.000001920,0.000021324,0.000846355,-0.000485883,0.200000003,0.000000000,0.000000000,0.000774121,-0.000000000,-0.000000000,0.020000000,0.020000000,-0.002576569,0.002114000,-0.002576569,0.002114000,-0.014800405,-0.003468642,-0.028278006,0.012334635,0.012223836,0.005582642,0.025701437,-0.010220635,1,1.582016934,0,0,0.000000000,0.000000000,0.000000000,1
88.496948399,-0.040000000,-0.008000000,0.000002192,0.000021511,0.000576988,0.000453049,0.200000003,0.000000000,0.000000000,0.000774121,-0.000000000,0.000000000,0.020000000,0.020000000,-0.040485796,-0.000731973,-0.040485796,-0.000731973,-0.014167485,-0.003706695,-0.026081744,0.011040313,-0.026318311,0.002974721,-0.014404051,-0.011772287,1,0.706194136,0,0,-0.000000000,-0.000000000,-0.000000000,1
88.604946919,-0.032000000,-0.004000000,0.000002158,0.000021532,0.000739767,0.001267190,0.200000003,0.000000000,0.000000000,0.000774121,-0.000000000,0.000000000,0.020000000,0.020000000,-0.024331677,-0.001577320,-0.024331677,-0.001577320,-0.012771736,-0.004365084,-0.031149425,0.008780004,-0.011559941,0.002787764,0.006817747,-0.010357324,1,0.316058453,0,0,0.000000000,0.000000000,0.000000000,1
88.704945435,-0.028000000,0.000000000,0.000002133,0.000021672,0.001066415,0.000242695,0.200000003,0.000000000,0.000000000,0.000774121,-0.000000000,0.000000000,0.020000000,0.020000000,0.011440826,0.035146716,0.011440826,0.035146716,-0.012681542,-0.004751561,-0.035141525,0.006536727,0.024122368,0.039898277,0.046582351,0.028609989,1,6.046079737,0,0,0.000000000,0.000000000,0.000000000,1
88.808949947,-0.024000000,0.000000000,0.000002182,0.000021793,-0.000801887,0.000100513,0.200000003,0.000000000,0.000000000,0.000774121,0.000000000,0.000000000,0.020000000,0.020000000,0.032459403,0.011792795,0.032459403,0.011792795,-0.014064543,-0.004958005,-0.030717472,0.011902432,0.046523946,0.016750800,0.063176876,-0.000109637,1,8.054118115,0,0,0.000000000,0.000000000,0.000000000,1
88.916942455,-0.016000000,0.012000000,0.000002189,0.000021849,0.000760447,0.000488252,0.200000003,0.000000000,0.000000000,0.000774121,-0.000000000,0.000000000,0.020000000,0.020000000,0.024319462,-0.010407343,0.024319462,-0.010407343,-0.012751524,-0.004265299,-0.020493435,0.012867947,0.037070985,-0.006142044,0.044812896,-0.023275289,1,5.147460551,0,0,0.000000000,0.000000000,0.000000000,1
89.020946958,-0.016000000,0.012000000,0.000002245,0.000021931,0.000138296,0.000926201,0.200000003,0.000000000,0.000000000,0.000774121,-0.000000000,0.000000000,0.020000000,0.020000000,-0.014316885,0.036519585,-0.014316885,0.036519585,-0.012647490,-0.004067913,-0.015089453,0.008631928,-0.001669394,0.040587498,0.000772568,0.027887657,1,1.568223142,0,0,0.000000000,0.000000000,0.000000000,1
89.124913954,-0.008000000,0.019974496,0.000002314,0.000022134,0.000104760,0.000483547,0.200000003,0.000000000,0.000000000,0.000774121,-0.000000000,0.000000000,0.020000000,0.020000000,-0.015136604,-0.012491051,-0.015136604,-0.012491051,-0.014088238,-0.004488191,-0.018005707,0.014550942,-0.001048366,-0.008002860,0.002869103,-0.027041993,1,1.490288876,0,0,0.000000000,0.000000000,0.000000000,1
89.224906446,-0.008000000,0.015992492,0.000006246,0.000030352,0.000834695,0.000473272,0.200000003,0.000000000,0.000000000,0.000774121,-0.000000000,0.000000000,0.020000000,0.020000000,-0.015647069,-0.017240415,-0.015647069,-0.017240415,-0.012467135,-0.004147591,-0.020340362,0.009051925,-0.003179934,-0.013092824,0.004693292,-0.026292340,1,1.434467325,0,0,0.000000000,0.000000000,0.000000000,1
89.328915419,-0.004000000,0.024010485,0.000006161,0.000030006,-0.001871879,-0.000449205,0.200000003,0.000000000,0.000000000,0.000774121,0.000000000,-0.000000000,0.020000000,0.020000000,-0.011177778,-0.008084823,-0.011177778,-0.008084823,-0.012049273,-0.005246884,-0.021054465,0.003803853,0.000871495,-0.002837939,0.009876687,-0.011888676,1,0.478467520,0,0,0.000000000,0.000000000,0.000000000,1
89.432913900,0.000000000,0.024000000,0.000006160,0.000030000,0.000729480,-0.000575550,0.200000003,0.000000000,0.000000000,0.000774121,-0.000000000,-0.000000000,0.020000000,0.020000000,-0.003866929,0.024702820,-0.003866929,0.024702820,-0.010630222,-0.004588971,-0.019573532,0.001224699,0.006763293,0.029291791,0.015706603,0.023478122,1,1.590972885,0,0,0.000000000,0.000000000,0.000000000,1
89.484898851,-0.052000000,-0.028013526,0.000006160,0.000030000,0.000966860,-0.000952145,0.200000003,0.000000000,0.000000000,0.000774121,-0.000000000,-0.000000000,0.020000000,0.020000000,-0.006427496,0.021980687,-0.006427496,0.021980687,-0.009441799,-0.004573347,-0.014598512,0.005204898,0.003014303,0.026554034,0.008171016,0.016775790,1,0.695950835,0,0,0.000000000,0.000000000,0.000000000,1
89.588891321,-0.048000000,-0.020000000,0.000030987,0.000031438,-0.000072775,0.000650454,0.200000003,0.000000000,0.000000000,0.000774121,0.000000000,0.000000000,0.020000000,0.020000000,-0.014035899,0.017607058,-0.014035899,0.017607058,-0.007378503,-0.004067268,-0.014831796,0.007937525,-0.006657396,0.021674326,0.000795897,0.009669533,1,0.188557321,0,0,0.000000000,0.000000000,0.000000000,1
89.692883788,-0.044000000,-0.020000000,0.000031002,0.000031421,0.000305840,0.000899269,0.200000003,0.000000000,0.000000000,0.000774121,-0.000000000,0.000000000,0.020000000,0.020000000,0.023286894,0.032026521,0.023286894,0.032026521,-0.007666708,-0.003690660,-0.016849872,0.007195429,0.030953602,0.035717181,0.040136766,0.024831092,1,4.399797083,0,0,0.000000000,0.000000000,0.000000000,1
89.796880712,-0.040000000,-0.012007540,0.000030987,0.000031440,0.001011628,-0.000976749,0.200000003,0.000000000,0.000000000,0.000774121,-0.000000000,-0.000000000,0.020000000,0.020000000,0.036919097,-0.045082399,0.036919097,-0.045082399,-0.006456841,-0.002713918,-0.009435950,0.012161019,0.043375938,-0.042368481,0.046355047,-0.057243417,1,10.768675769,0,0,0.000000000,0.000000000,0.000000000,1
89.900885168,-0.036000000,-0.004000000,0.000030986,0.000031438,-0.001284037,-0.000928513,0.200000003,0.000000000,0.000000000,0.000774121,0.000000000,-0.000000000,0.020000000,0.020000000,0.007464158,0.025491580,0.007464158,0.025491580,-0.006359523,-0.002183171,0.000853739,-0.002006935,0.013823681,0.027674751,0.006610419,0.027498514,1,1.596656311,0,0,0.000000000,0.000000000,0.000000000,1
90.004883622,-0.032000000,-0.004000000,0.000039243,0.000031926,0.000627767,-0.000037474,0.200000003,0.000000000,0.000000000,0.000774121,-0.000000000,-0.000000000,0.020000000,0.020000000,0.016817489,0.018071685,0.016817489,0.018071685,-0.007370788,-0.001658067,-0.000406104,0.001868142,0.024188276,0.019729753,0.017223593,0.016203544,1,1.105297438,0,0,0.000000000,0.000000000,0.000000000,1
90.108882072,-0.028000000,-0.004000000,0.000030987,0.000031440,0.000018325,0.000432917,0.200000003,0.000000000,0.000000000,0.000774121,0.000000000,0.000000000,0.020000000,0.020000000,-0.010447293,-0.018538815,-0.010447293,-0.018538815,-0.006793567,-0.000972894,-0.000261387,0.002973477,-0.003653727,-0.017565921,-0.010185907,-0.021512292,1,1.122875453,0,0,-0.000000000,-0.000000000,-0.000000000,1
90.212880519,-0.024000000,0.004000000,0.000030986,0.000031438,-0.001320770,-0.000922126,0.200000003,0.000000000,0.000000000,0.000774121,0.000000000,-0.000000000,0.020000000,0.020000000,-0.027362920,0.007981889,-0.027362920,0.007981889,-0.005009173,0.000000474,-0.002242813,-0.002252519,-0.022353747,0.007981415,-0.025120106,0.010234408,1,1.443782057,0,0,0.000000000,0.000000000,0.000000000,1
90.316875962,-0.020000000,0.004000000,0.000030986,0.000031438,-0.000345708,-0.000319300,0.200000003,0.000000000,0.000000000,0.000774121,0.000000000,-0.000000000,0.020000000,0.020000000,0.016460727,-0.054630294,0.016460727,-0.054630294,-0.003080594,0.000141844,-0.007381620,-0.002673212,0.019541321,-0.054772138,0.023842347,-0.051957082,1,6.478672874,0,0,0.000000000,0.000000000,0.000000000,1
90.420874403,-0.016000000,0.012000000,0.000030988,0.000031435,0.001204477,0.002403534,0.200000003,0.000000000,0.000000000,0.000774121,-0.000000000,0.000000000,0.020000000,0.020000000,-0.015405541,0.012248706,-0.015405541,0.012248706,-0.003349724,-0.000799342,-0.003250460,-0.015582039,-0.012055817,0.013048048,-0.012155081,0.027830745,1,1.827265213,0,0,0.000000000,0.000000000,0.000000000,1
90.524878840,-0.012000000,0.012000000,0.000030986,0.000031439,0.000792013,-0.000763787,0.200000003,0.000000000,0.000000000,0.000774121,-0.000000000,-0.000000000,0.020000000,0.020000000,-0.014101767,-0.007763298,-0.014101767,-0.007763298,-0.003067495,-0.001312028,-0.009690361,-0.010695497,-0.011034271,-0.006451269,-0.004411406,0.002932200,1,0.055078407,0,0,0.000000000,0.000000000,0.000000000,1
90.628877274,-0.008000000,0.020000000,0.000030986,0.000031438,-0.000137829,-0.001233995,0.200000003,0.000000000,0.000000000,0.000774121,0.000000000,-0.000000000,0.020000000,0.020000000,0.008296244,-0.015923555,0.008296244,-0.015923555,-0.003241508,-0.000400388,-0.012831122,-0.010303646,0.011537752,-0.015523167,0.021127366,-0.005619909,1,0.934086735,0,0,0.000000000,0.000000000,0.000000000,1
90.732875705,0.000000000,0.028000000,0.000031002,0.000031420,0.000634188,-0.000905882,0.200000003,0.000000000,0.000000000,0.000774121,-0.000000000,-0.000000000,0.020000000,0.020000000,0.021601481,-0.000975185,0.021601481,-0.000975185,-0.002586288,0.001770250,-0.007790112,-0.010845334,0.024187769,-0.002745435,0.029391593,0.009870148,1,1.878486213,0,0,0.000000000,0.000000000,0.000000000,1
90.784878557,-0.048000000,-0.024000000,0.000030988,0.000031435,0.000167149,0.002576767,0.200000003,0.000000000,0.000000000,0.000774121,-0.000000000,0.000000000,0.020000000,0.020000000,0.016566741,0.010186635,0.016566741,0.010186635,-0.002500623,0.002194218,-0.001652389,-0.008525377,0.019067363,0.007992417,0.018219130,0.018712013,1,1.339004832,0,0,0.000000000,0.000000000,0.000000000,1
90.888882978,-0.048000000,-0.024000000,0.000021158,0.000021370,0.000004105,0.001542713,0.200000003,0.000000000,0.000000000,0.000774121,0.000000000,0.000000000,0.020000000,0.020000000,0.001395660,-0.021111087,0.001395660,-0.021111087,-0.002427904,0.002622116,0.005611679,-0.005545040,0.003823564,-0.023733203,-0.004216019,-0.015566048,1,0.514216801,0,0,-0.000000000,-0.000000000,-0.000000000,1
90.992894811,-0.044000000,-0.015995585,-0.000008469,-0.000008934,-0.000647225,-0.000282918,0.200000003,0.000000000,0.000000000,0.000774121,0.000000000,-0.000000000,0.020000000,0.020000000,0.003220185,0.001764226,0.003220185,0.001764226,-0.000431220,0.004058752,0.008641783,-0.009849862,0.003651405,-0.002294526,-0.005421598,0.011614088,1,0.324265406,0,0,0.000000000,0.000000000,0.000000000,1
91.096899222,-0.040000000,-0.015995589,-0.000000236,-0.000008475,-0.000630365,0.000784420,0.200000003,0.000000000,0.000000000,0.000774121,0.000000000,0.000000000,0.020000000,0.020000000,-0.006670588,-0.009383887,-0.006670588,-0.009383887,0.001376965,0.002858876,0.003976485,-0.010682757,-0.008047554,-0.012242763,-0.010647074,0.001298870,1,0.223639965,0,0,0.000000000,0.000000000,0.000000000,1
91.200903630,-0.036000000,-0.008000000,-0.000000239,0.000027724,-0.000272953,0.000677390,0.200000003,0.000000000,0.000000000,0.000774121,0.000000000,0.000000000,0.020000000,0.020000000,-0.000890031,0.005197395,-0.000890031,0.005197395,0.001017327,0.009992251,0.002270816,-0.012129516,-0.001907358,-0.004794856,-0.003160847,0.017326910,1,0.612255737,0,0,0.000000000,0.000000000,0.000000000,1
91.304911035,-0.032000000,0.000000000,-0.000000239,0.000027727,0.000386471,-0.000244378,0.200000003,0.000000000,0.000000000,0.000774121,-0.000000000,-0.000000000,0.020000000,0.020000000,0.055137366,-0.006092990,0.055137366,-0.006092990,0.002471171,0.008630372,0.000144933,-0.012150098,0.052666194,-0.014723362,0.054992432,0.006057108,1,5.946091894,0,0,0.000000000,0.000000000,0.000000000,1
91.408909436,-0.028000000,0.000000000,0.000000473,0.000027989,-0.000775280,0.000141459,0.200000003,0.000000000,0.000000000,0.000774121,0.000000000,0.000000000,0.020000000,0.020000000,-0.000276337,0.014549366,-0.000276337,0.014549366,0.002861152,0.007663608,0.011603737,-0.013838179,-0.003137488,0.006885758,-0.011880074,0.028387545,1,1.860669020,0,0,0.000000000,0.000000000,0.000000000,1
91.512913834,-0.024000000,0.000000000,-0.000000240,0.000027723,-0.001493466,-0.000068675,0.200000003,0.000000000,0.000000000,0.000774121,0.000000000,-0.000000000,0.020000000,0.020000000,-0.018190019,0.006196458,-0.018190019,0.006196458,0.003466909,0.008340011,0.009143886,-0.009242989,-0.021656928,-0.002143554,-0.027333906,0.015439446,1,1.918041633,0,0,0.000000000,0.000000000,0.000000000,1
91.616912229,-0.020000000,0.008000000,-0.000000239,0.000027727,0.000366790,-0.000933804,0.200000003,0.000000000,0.000000000,0.000774121,-0.000000000,-0.000000000,0.020000000,0.020000000,-0.007208774,-0.000741049,-0.007208774,-0.000741049,0.002508629,0.007725194,0.004203563,-0.008416181,-0.009717403,-0.008466243,-0.011412338,0.007675132,1,0.368131910,0,0,0.000000000,0.000000000,0.000000000,1
91.720916620,-0.016000000,0.016000000,0.000000473,0.000027989,0.000647439,0.001154889,0.200000003,0.000000000,0.000000000,0.000774121,-0.000000000,0.000000000,0.020000000,0.020000000,0.001803142,0.011888895,0.001803142,0.011888895,0.002726463,0.007662190,0.001310561,-0.009685029,-0.000923321,0.004226705,0.000492581,0.021573924,1,0.914633731,0,0,0.000000000,0.000000000,0.000000000,1
91.824915008,-0.008000000,0.016000000,-0.000000239,0.000027723,0.000005355,0.000013703,0.200000003,0.000000000,0.000000000,0.000774121,-0.000000000,0.000000000,0.020000000,0.020000000,0.005716145,0.000676323,0.005716145,0.000676323,0.002581512,0.007595737,-0.001203003,-0.006924900,0.003134633,-0.006919414,0.006919149,0.007601223,1,0.206158270,0,0,0.000000000,0.000000000,0.000000000,1
91.928913392,-0.008000000,0.024000000,-0.000000239,0.000027727,0.000080675,-0.000747487,0.200000003,0.000000000,0.000000000,0.000774121,-0.000000000,-0.000000000,0.020000000,0.020000000,-0.007539925,0.002629675,-0.007539925,0.002629675,0.003764146,0.008116048,0.002507744,-0.005594132,-0.011304071,-0.005486372,-0.010047669,0.008223807,1,0.327438381,0,0,0.000000000,0.000000000,0.000000000,1
92.032911773,0.000000000,0.024000000,0.000000473,0.000027989,0.001008469,0.000753861,0.200000003,0.000000000,0.000000000,0.000774121,-0.000000000,0.000000000,0.020000000,0.020000000,-0.039931899,0.028231430,-0.039931899,0.028231430,0.004474850,0.009549989,0.000218884,-0.004134621,-0.044406749,0.018681440,-0.040150783,0.032366051,1,5.172423949,0,0,0.000000000,0.000000000,0.000000000,1
92.084925151,-0.048000000,-0.020000000,-0.000000239,0.000027727,0.000540482,0.000312327,0.200000003,0.000000000,0.000000000,0.000774121,-0.000000000,0.000000000,0.020000000,0.020000000,0.002346286,0.026199731,0.002346286,0.026199731,0.004143266,0.008258995,-0.008690614,-0.001975423,-0.001796980,0.017940736,0.011036900,0.028175154,1,1.789351408,0,0,0.000000000,0.000000000,0.000000000,1
92.188929525,-0.044000000,-0.020000000,0.000000473,0.000027989,0.000288014,0.000414410,0.200000003,0.000000000,0.000000000,0.000774121,-0.000000000,0.000000000,0.020000000,0.020000000,-0.001348015,-0.041235303,-0.001348015,-0.041235303,0.003054849,0.006283235,-0.009334068,0.000942385,-0.004402864,-0.047518538,0.007986053,-0.042177688,1,3.599030086,0,0,0.000000000,0.000000000,0.000000000,1
92.296939896,-0.036000000,-0.008000000,-0.000000239,0.000027723,-0.001171008,0.000336579,0.200000003,0.000000000,0.000000000,0.000774121,0.000000000,0.000000000,0.020000000,0.020000000,0.014439272,0.028033250,0.014439272,0.028033250,0.002651408,0.006401865,-0.007970670,-0.009092323,0.011787864,0.021631385,0.022409943,0.037125573,1,3.652188888,0,0,0.000000000,0.000000000,0.000000000,1
