stamp,oracle,com_dt_0,com_age_0,com_dt_1,com_age_1,com_dt_3,com_age_3,uwb_dt,uwb_age,camera_dt,camera_age,ins_dt,ins_age,gt_dt,gt_age,mission_stage,camera_msg_fresh,camera_raw_count,camera_valid_target,camera_angle_constraints,camera_xy_constraints,camera_used_in_cost,camera_target_mask,P_opt_x,P_opt_y,P_opt_z
6.878666667,0,-0.006666667,0.006666667,-0.040666667,0.040666667,0.047333333,0.047333333,-0.002666667,0.002666667,-0.398666667,0.398666667,-0.000666667,0.000666667,-0.012666667,0.012666667,0,1,0,0,0,0,0,0,-0.095459904,0.088449649,0.346826837
6.978666667,0,-0.006666667,0.006666667,-0.040666667,0.040666667,0.047333333,0.047333333,-0.022666667,0.022666667,-0.198666667,0.198666667,-0.000666667,0.000666667,-0.002666667,0.002666667,0,1,0,0,0,0,0,0,-0.056007861,0.082835011,0.329295250
7.078666667,0,-0.006666667,0.006666667,-0.040666667,0.040666667,0.047333333,0.047333333,-0.002666667,0.002666667,-0.298666667,0.298666667,-0.000666667,0.000666667,-0.016666667,0.016666667,0,1,0,0,0,0,0,0,-0.000723870,0.045229192,0.356634431
7.178666667,0,-0.006666667,0.006666667,-0.040666667,0.040666667,0.047333333,0.047333333,0.017333333,0.017333333,-0.198666667,0.198666667,-0.002666667,0.002666667,-0.000666667,0.000666667,0,1,0,0,0,0,0,0,0.033137557,0.079579924,0.406992870
7.278666667,0,-0.006666667,0.006666667,-0.040666667,0.040666667,0.047333333,0.047333333,-0.002666667,0.002666667,-0.298666667,0.298666667,-0.000666667,0.000666667,-0.018666667,0.018666667,0,1,0,0,0,0,0,0,0.038853455,0.085230808,0.389574291
7.378666667,0,-0.006666667,0.006666667,-0.040666667,0.040666667,0.047333333,0.047333333,0.017333333,0.017333333,-0.298666667,0.298666667,-0.000666667,0.000666667,-0.000666667,0.000666667,0,1,0,0,0,0,0,0,0.013306976,0.035621530,0.383278392
7.478666667,0,-0.006666667,0.006666667,-0.040666667,0.040666667,0.047333333,0.047333333,-0.002666667,0.002666667,-0.198666667,0.198666667,-0.000666667,0.000666667,-0.018666667,0.018666667,0,1,0,0,0,0,0,0,-0.002311593,0.025017177,0.353234225
7.580000000,0,-0.004000000,0.004000000,-0.042000000,0.042000000,0.046000000,0.046000000,0.016000000,0.016000000,-0.300000000,0.300000000,-0.004000000,0.004000000,-0.006000000,0.006000000,0,1,0,0,0,0,0,0,-0.007451049,0.021706407,0.368988598
7.678666667,0,-0.006666667,0.006666667,-0.040666667,0.040666667,0.047333333,0.047333333,-0.002666667,0.002666667,-0.198666667,0.198666667,-0.002666667,0.002666667,0.001333333,0.001333333,0,1,0,0,0,0,0,0,-0.048276706,0.054972866,0.362918445
7.779333333,0,-0.005333333,0.005333333,-0.041333333,0.041333333,0.046666667,0.046666667,0.016666667,0.016666667,-0.199333333,0.199333333,-0.005333333,0.005333333,-0.019333333,0.019333333,0,1,0,0,0,0,0,0,-0.060932740,0.032215406,0.376967111
7.878666667,0,-0.006666667,0.006666667,-0.040666667,0.040666667,0.047333333,0.047333333,-0.002666667,0.002666667,-0.198666667,0.198666667,-0.000666667,0.000666667,0.003333333,0.003333333,0,1,0,0,0,0,0,0,-0.038616202,0.002342071,0.350039340
7.978666667,0,-0.006666667,0.006666667,-0.040666667,0.040666667,0.047333333,0.047333333,0.017333333,0.017333333,-0.298666667,0.298666667,-0.002666667,0.002666667,-0.018666667,0.018666667,0,1,0,0,0,0,0,0,-0.013316260,-0.005482007,0.323807586
8.078666667,0,-0.006666667,0.006666667,-0.040666667,0.040666667,0.047333333,0.047333333,-0.002666667,0.002666667,-0.198666667,0.198666667,-0.002666667,0.002666667,-0.002666667,0.002666667,0,1,0,0,0,0,0,0,0.004425203,-0.006224656,0.307001599
8.178666667,0,-0.006666667,0.006666667,-0.040666667,0.040666667,0.047333333,0.047333333,0.017333333,0.017333333,-0.298666667,0.298666667,-0.002666667,0.002666667,0.013333333,0.013333333,0,1,0,0,0,0,0,0,-0.017240052,0.023831404,0.285441708
8.278666667,0,-0.006666667,0.006666667,-0.040666667,0.040666667,0.047333333,0.047333333,-0.002666667,0.002666667,-0.298666667,0.298666667,-0.002666667,0.002666667,-0.008666667,0.008666667,0,1,0,0,0,0,0,0,-0.049594154,0.014287435,0.299771073
8.378666667,0,-0.006666667,0.006666667,-0.040666667,0.040666667,0.047333333,0.047333333,0.017333333,0.017333333,-0.198666667,0.198666667,-0.000666667,0.000666667,-0.000666667,0.000666667,0,1,0,0,0,0,0,0,-0.056725464,0.023242982,0.314152913
8.478666667,0,-0.006666667,0.006666667,-0.040666667,0.040666667,0.047333333,0.047333333,-0.002666667,0.002666667,-0.298666667,0.298666667,-0.000666667,0.000666667,0.013333333,0.013333333,0,1,0,0,0,0,0,0,-0.080520178,0.055819636,0.317715567
8.578666667,0,-0.006666667,0.006666667,-0.040666667,0.040666667,0.047333333,0.047333333,0.017333333,0.017333333,-0.398666667,0.398666667,-0.002666667,0.002666667,-0.004666667,0.004666667,0,1,0,0,0,0,0,0,-0.054087954,0.056203154,0.330322375
8.678666667,0,-0.006666667,0.006666667,-0.040666667,0.040666667,0.047333333,0.047333333,-0.002666667,0.002666667,-0.298666667,0.298666667,-0.000666667,0.000666667,0.007333333,0.007333333,0,1,0,0,0,0,0,0,-0.049665510,0.043736160,0.338879223
8.778666667,0,-0.006666667,0.006666667,-0.040666667,0.040666667,0.047333333,0.047333333,0.017333333,0.017333333,-0.198666667,0.198666667,-0.002666667,0.002666667,-0.012666667,0.012666667,0,1,0,0,0,0,0,0,-0.110933764,0.054895011,0.336909251
8.878666667,0,-0.006666667,0.006666667,-0.040666667,0.040666667,0.047333333,0.047333333,-0.002666667,0.002666667,-0.298666667,0.298666667,-0.000666667,0.000666667,-0.002666667,0.002666667,0,1,0,0,0,0,0,0,-0.089621569,0.042113333,0.315777669
8.978666667,0,-0.006666667,0.006666667,-0.040666667,0.040666667,0.047333333,0.047333333,0.017333333,0.017333333,-0.198666667,0.198666667,-0.002666667,0.002666667,0.007333333,0.007333333,0,1,0,0,0,0,0,0,-0.035409989,0.027824440,0.348537600
9.078666667,0,-0.006666667,0.006666667,-0.040666667,0.040666667,0.047333333,0.047333333,-0.002666667,0.002666667,-0.298666667,0.298666667,-0.000666667,0.000666667,-0.014666667,0.014666667,0,1,0,0,0,0,0,0,-0.021662293,0.036797081,0.369283929
9.178666667,0,-0.006666667,0.006666667,-0.040666667,0.040666667,0.047333333,0.047333333,0.017333333,0.017333333,-0.198666667,0.198666667,-0.000666667,0.000666667,-0.000666667,0.000666667,0,1,0,0,0,0,0,0,-0.068502672,0.057196916,0.384565171
9.278666667,0,-0.006666667,0.006666667,-0.040666667,0.040666667,0.047333333,0.047333333,-0.002666667,0.002666667,-0.298666667,0.298666667,-0.000666667,0.000666667,0.013333333,0.013333333,0,1,0,0,0,0,0,0,-0.108290523,0.096999048,0.403577398
9.378666667,0,-0.006666667,0.006666667,-0.040666667,0.040666667,0.047333333,0.047333333,0.019333333,0.019333333,-0.198666667,0.198666667,-0.000666667,0.000666667,-0.008666667,0.008666667,0,1,0,0,0,0,0,0,-0.106618418,0.093049648,0.418426134
9.478666667,0,-0.006666667,0.006666667,-0.040666667,0.040666667,0.047333333,0.047333333,-0.002666667,0.002666667,-0.298666667,0.298666667,-0.000666667,0.000666667,0.001333333,0.001333333,0,1,0,0,0,0,0,0,-0.132635263,0.080224972,0.387909542
9.578666667,0,-0.006666667,0.006666667,-0.040666667,0.040666667,0.047333333,0.047333333,0.017333333,0.017333333,-0.198666667,0.198666667,-0.000666667,0.000666667,0.017333333,0.017333333,0,1,0,0,0,0,0,0,-0.100342249,0.085114704,0.401836708
9.678666667,0,-0.006666667,0.006666667,-0.040666667,0.040666667,0.047333333,0.047333333,-0.002666667,0.002666667,-0.198666667,0.198666667,-0.000666667,0.000666667,-0.004666667,0.004666667,0,1,0,0,0,0,0,0,-0.072359673,0.092829457,0.393222647
9.778666667,0,-0.006666667,0.006666667,-0.040666667,0.040666667,0.047333333,0.047333333,0.017333333,0.017333333,-0.096666667,0.096666667,-0.000666667,0.000666667,0.007333333,0.007333333,0,1,0,0,0,0,0,0,-0.097826863,0.069254287,0.406394370
9.878666667,0,-0.006666667,0.006666667,-0.040666667,0.040666667,0.047333333,0.047333333,-0.002666667,0.002666667,-0.196666667,0.196666667,-0.000666667,0.000666667,0.017333333,0.017333333,0,1,0,0,0,0,0,0,-0.088635920,0.052865688,0.392756546
9.980000000,0,-0.008000000,0.008000000,-0.038000000,0.038000000,0.046000000,0.046000000,0.016000000,0.016000000,-0.198000000,0.198000000,-0.002000000,0.002000000,-0.012000000,0.012000000,0,1,0,0,0,0,0,0,-0.076742955,0.058382336,0.384640918
10.078666667,0,-0.006666667,0.006666667,-0.040666667,0.040666667,0.047333333,0.047333333,-0.002666667,0.002666667,-0.196666667,0.196666667,-0.002666667,0.002666667,0.001333333,0.001333333,0,1,0,0,0,0,0,0,-0.101106867,0.093843465,0.398629480
10.178666667,0,-0.006666667,0.006666667,-0.040666667,0.040666667,0.047333333,0.047333333,0.017333333,0.017333333,-0.196666667,0.196666667,-0.002666667,0.002666667,0.013333333,0.013333333,0,1,0,0,0,0,0,0,-0.137699898,0.090874654,0.414005347
10.278666667,0,-0.006666667,0.006666667,-0.040666667,0.040666667,0.047333333,0.047333333,-0.000666667,0.000666667,-0.096666667,0.096666667,-0.000666667,0.000666667,-0.008666667,0.008666667,0,1,0,0,0,0,0,0,-0.101948059,0.061731352,0.422636609
10.378666667,0,-0.006666667,0.006666667,-0.040666667,0.040666667,0.047333333,0.047333333,0.017333333,0.017333333,-0.196666667,0.196666667,-0.002666667,0.002666667,0.001333333,0.001333333,0,1,0,0,0,0,0,0,-0.065166834,0.059709767,0.411663838
10.478666667,0,-0.006666667,0.006666667,-0.040666667,0.040666667,0.047333333,0.047333333,-0.002666667,0.002666667,-0.196666667,0.196666667,-0.002666667,0.002666667,0.011333333,0.011333333,0,1,0,0,0,0,0,0,-0.059161114,0.053143937,0.391629748
10.578666667,0,-0.006666667,0.006666667,-0.040666667,0.040666667,0.047333333,0.047333333,0.017333333,0.017333333,-0.194666667,0.194666667,-0.002666667,0.002666667,-0.014666667,0.014666667,0,1,0,0,0,0,0,0,-0.102609655,0.088251569,0.401315917
10.678666667,0,-0.006666667,0.006666667,-0.040666667,0.040666667,0.047333333,0.047333333,-0.002666667,0.002666667,-0.294666667,0.294666667,-0.002666667,0.002666667,-0.000666667,0.000666667,0,1,0,0,0,0,0,0,-0.132739104,0.075785467,0.410243474
10.778666667,0,-0.006666667,0.006666667,-0.040666667,0.040666667,0.047333333,0.047333333,0.017333333,0.017333333,-0.294666667,0.294666667,-0.000666667,0.000666667,0.013333333,0.013333333,1,1,0,0,0,0,0,0,-0.095094854,0.092393043,0.393057094
10.878666667,0,-0.006666667,0.006666667,-0.040666667,0.040666667,0.047333333,0.047333333,-0.002666667,0.002666667,-0.394666667,0.394666667,-0.002666667,0.002666667,-0.014666667,0.014666667,1,1,0,0,0,0,0,0,-0.057855187,0.095434731,0.387169746
10.978666667,0,-0.006666667,0.006666667,-0.040666667,0.040666667,0.047333333,0.047333333,0.017333333,0.017333333,-0.296666667,0.296666667,-0.002666667,0.002666667,-0.000666667,0.000666667,1,1,0,0,0,0,0,0,-0.074428680,0.061611660,0.384934689
11.079333333,0,-0.005333333,0.005333333,-0.041333333,0.041333333,0.046666667,0.046666667,-0.001333333,0.001333333,-0.197333333,0.197333333,-0.005333333,0.005333333,0.004666667,0.004666667,1,1,0,0,0,0,0,0,-0.096370982,0.057472137,0.385815709
11.178666667,0,-0.006666667,0.006666667,-0.040666667,0.040666667,0.047333333,0.047333333,0.017333333,0.017333333,-0.296666667,0.296666667,-0.000666667,0.000666667,-0.014666667,0.014666667,1,1,0,0,0,0,0,0,-0.109454924,0.099991506,0.379575061
11.278666667,0,-0.006666667,0.006666667,-0.040666667,0.040666667,0.047333333,0.047333333,-0.002666667,0.002666667,-0.196666667,0.196666667,-0.002666667,0.002666667,-0.008666667,0.008666667,1,1,0,0,0,0,0,0,-0.104502034,0.136619512,0.362818261
11.378666667,0,-0.006666667,0.006666667,-0.040666667,0.040666667,0.047333333,0.047333333,0.017333333,0.017333333,-0.296666667,0.296666667,-0.000666667,0.000666667,0.003333333,0.003333333,1,1,0,0,0,0,0,0,-0.058429963,0.093131615,0.367280235
11.478666667,0,-0.006666667,0.006666667,-0.040666667,0.040666667,0.047333333,0.047333333,-0.002666667,0.002666667,-0.196666667,0.196666667,-0.002666667,0.002666667,0.011333333,0.011333333,1,1,0,0,0,0,0,0,-0.054298475,0.088349649,0.368010705
11.578666667,0,-0.006666667,0.006666667,-0.040666667,0.040666667,0.047333333,0.047333333,0.017333333,0.017333333,-0.296666667,0.296666667,0.001333333,0.001333333,-0.008666667,0.008666667,1,1,0,0,0,0,0,0,-0.106717833,0.148192647,0.364393991
11.678666667,0,-0.006666667,0.006666667,-0.040666667,0.040666667,0.047333333,0.047333333,-0.002666667,0.002666667,-0.196666667,0.196666667,-0.000666667,0.000666667,0.001333333,0.001333333,1,1,0,0,0,0,0,0,-0.131092946,0.167533895,0.387958363
11.778666667,0,-0.006666667,0.006666667,-0.040666667,0.040666667,0.047333333,0.047333333,0.017333333,0.017333333,-0.296666667,0.296666667,-0.000666667,0.000666667,0.009333333,0.009333333,1,1,0,0,0,0,0,0,-0.138417778,0.159343571,0.393749252
11.878666667,0,-0.006666667,0.006666667,-0.040666667,0.040666667,0.047333333,0.047333333,-0.002666667,0.002666667,-0.296666667,0.296666667,-0.000666667,0.000666667,-0.010666667,0.010666667,1,1,0,0,0,0,0,0,-0.139973955,0.162580259,0.389700184
11.979333333,0,-0.005333333,0.005333333,-0.041333333,0.041333333,0.046666667,0.046666667,0.016666667,0.016666667,-0.197333333,0.197333333,-0.001333333,0.001333333,0.000666667,0.000666667,1,1,0,0,0,0,0,0,-0.148336737,0.163906056,0.391393889
12.078666667,0,-0.006666667,0.006666667,-0.040666667,0.040666667,0.047333333,0.047333333,-0.002666667,0.002666667,-0.296666667,0.296666667,-0.002666667,0.002666667,0.003333333,0.003333333,1,1,0,0,0,0,0,0,-0.144283165,0.165087674,0.402254308
12.178666667,0,-0.006666667,0.006666667,-0.040666667,0.040666667,0.047333333,0.047333333,0.017333333,0.017333333,-0.196666667,0.196666667,-0.002666667,0.002666667,0.011333333,0.011333333,1,1,0,0,0,0,0,0,-0.122800984,0.118253839,0.397249393
12.278666667,0,-0.006666667,0.006666667,-0.040666667,0.040666667,0.047333333,0.047333333,-0.002666667,0.002666667,-0.196666667,0.196666667,-0.000666667,0.000666667,-0.008666667,0.008666667,1,1,0,0,0,0,0,0,-0.092284445,0.112383777,0.383241585
12.378666667,0,-0.006666667,0.006666667,-0.040666667,0.040666667,0.047333333,0.047333333,0.017333333,0.017333333,-0.296666667,0.296666667,-0.000666667,0.000666667,0.001333333,0.001333333,1,1,0,0,0,0,0,0,-0.108270209,0.176037483,0.368712523
12.478666667,0,-0.006666667,0.006666667,-0.040666667,0.040666667,0.047333333,0.047333333,-0.002666667,0.002666667,-0.196666667,0.196666667,-0.002666667,0.002666667,0.013333333,0.013333333,1,1,0,0,0,0,0,0,-0.144507460,0.200857567,0.371153006
12.578666667,0,-0.006666667,0.006666667,-0.040666667,0.040666667,0.047333333,0.047333333,0.017333333,0.017333333,-0.196666667,0.196666667,-0.002666667,0.002666667,-0.014666667,0.014666667,1,1,0,0,0,0,0,0,-0.144042516,0.183171389,0.355045560
12.678666667,0,-0.006666667,0.006666667,-0.040666667,0.040666667,0.047333333,0.047333333,-0.002666667,0.002666667,-0.196666667,0.196666667,-0.002666667,0.002666667,-0.000666667,0.000666667,1,1,0,0,0,0,0,0,-0.131106425,0.144936613,0.339650448
12.778666667,0,-0.006666667,0.006666667,-0.040666667,0.040666667,0.047333333,0.047333333,0.017333333,0.017333333,-0.296666667,0.296666667,-0.000666667,0.000666667,0.003333333,0.003333333,1,1,0,0,0,0,0,0,-0.111271357,0.102759448,0.333325615
12.879333333,0,-0.007333333,0.007333333,-0.039333333,0.039333333,0.046666667,0.046666667,-0.003333333,0.003333333,-0.197333333,0.197333333,-0.003333333,0.003333333,0.016666667,0.016666667,1,1,0,0,0,0,0,0,-0.153339156,0.116484665,0.329220507
12.978666667,0,-0.006666667,0.006666667,-0.040666667,0.040666667,0.047333333,0.047333333,0.017333333,0.017333333,-0.196666667,0.196666667,-0.002666667,0.002666667,-0.012666667,0.012666667,1,1,0,0,0,0,0,0,-0.141203232,0.110559489,0.330088584
13.078666667,0,-0.006666667,0.006666667,-0.040666667,0.040666667,0.047333333,0.047333333,-0.002666667,0.002666667,-0.296666667,0.296666667,-0.000666667,0.000666667,-0.002666667,0.002666667,1,1,0,0,0,0,0,0,-0.092343989,0.122313594,0.336839836
13.178666667,0,-0.006666667,0.006666667,-0.040666667,0.040666667,0.047333333,0.047333333,0.017333333,0.017333333,-0.196666667,0.196666667,-0.002666667,0.002666667,0.007333333,0.007333333,1,1,0,0,0,0,0,0,-0.122228946,0.149848434,0.324313263
13.278666667,0,-0.006666667,0.006666667,-0.040666667,0.040666667,0.047333333,0.047333333,-0.002666667,0.002666667,-0.296666667,0.296666667,-0.000666667,0.000666667,-0.014666667,0.014666667,1,1,0,0,0,0,0,0,-0.119565704,0.152028593,0.333495078
13.378666667,0,-0.006666667,0.006666667,-0.040666667,0.040666667,0.047333333,0.047333333,0.017333333,0.017333333,-0.296666667,0.296666667,-0.002666667,0.002666667,-0.002666667,0.002666667,1,1,0,0,0,0,0,0,-0.089777747,0.186645099,0.343660017
13.478666667,0,-0.006666667,0.006666667,-0.040666667,0.040666667,0.047333333,0.047333333,-0.002666667,0.002666667,-0.396666667,0.396666667,-0.002666667,0.002666667,0.007333333,0.007333333,1,1,0,0,0,0,0,0,-0.088236393,0.180215110,0.336728841
13.546000000,0,0.026000000,0.026000000,-0.006000000,0.006000000,-0.020000000,0.020000000,0.010000000,0.010000000,-0.264000000,0.264000000,-0.010000000,0.010000000,0.002000000,0.002000000,1,1,0,0,0,0,0,0,-0.075462264,0.178872028,0.337668962
13.678666667,0,-0.006666667,0.006666667,-0.040666667,0.040666667,0.047333333,0.047333333,-0.002666667,0.002666667,-0.196666667,0.196666667,-0.000666667,0.000666667,-0.014666667,0.014666667,1,1,0,0,0,0,0,0,-0.061744342,0.149114502,0.345308906
13.778666667,0,-0.006666667,0.006666667,-0.040666667,0.040666667,0.047333333,0.047333333,0.017333333,0.017333333,-0.296666667,0.296666667,-0.002666667,0.002666667,-0.008666667,0.008666667,1,1,0,0,0,0,0,0,-0.061334127,0.140449624,0.355414147
13.878666667,0,-0.006666667,0.006666667,-0.040666667,0.040666667,0.047333333,0.047333333,-0.000666667,0.000666667,-0.196666667,0.196666667,-0.000666667,0.000666667,0.015333333,0.015333333,1,1,0,0,0,0,0,0,-0.111913433,0.167113523,0.370846036
13.980000000,0,-0.006000000,0.006000000,-0.042000000,0.042000000,0.048000000,0.048000000,0.016000000,0.016000000,-0.298000000,0.298000000,-0.002000000,0.002000000,-0.008000000,0.008000000,1,1,0,0,0,0,0,0,-0.122857321,0.184162293,0.390665384
14.078666667,0,-0.006666667,0.006666667,-0.040666667,0.040666667,0.047333333,0.047333333,-0.002666667,0.002666667,-0.196666667,0.196666667,-0.002666667,0.002666667,-0.000666667,0.000666667,1,1,0,0,0,0,0,0,-0.112223490,0.196088836,0.407866565
14.178666667,0,-0.006666667,0.006666667,-0.040666667,0.040666667,0.047333333,0.047333333,0.017333333,0.017333333,-0.196666667,0.196666667,-0.002666667,0.002666667,-0.016666667,0.016666667,1,1,0,0,0,0,0,0,-0.108509118,0.201578325,0.432911594
14.278666667,0,-0.006666667,0.006666667,-0.040666667,0.040666667,0.047333333,0.047333333,-0.002666667,0.002666667,-0.296666667,0.296666667,-0.000666667,0.000666667,-0.004666667,0.004666667,1,1,0,0,0,0,0,0,-0.091936886,0.169984875,0.455488598
14.378666667,0,-0.006666667,0.006666667,-0.040666667,0.040666667,0.047333333,0.047333333,0.017333333,0.017333333,-0.196666667,0.196666667,-0.000666667,0.000666667,0.003333333,0.003333333,1,1,0,0,0,0,0,0,-0.095464241,0.164332426,0.483481027
14.478666667,0,-0.006666667,0.006666667,-0.040666667,0.040666667,0.047333333,0.047333333,-0.002666667,0.002666667,-0.296666667,0.296666667,-0.002666667,0.002666667,-0.010666667,0.010666667,1,1,0,0,0,0,0,0,-0.093701508,0.191522205,0.487540802
14.578666667,0,-0.006666667,0.006666667,-0.040666667,0.040666667,0.047333333,0.047333333,-0.022666667,0.022666667,-0.196666667,0.196666667,-0.000666667,0.000666667,0.001333333,0.001333333,1,1,0,0,0,0,0,0,-0.055419245,0.180239567,0.507655081
14.678666667,0,-0.006666667,0.006666667,-0.040666667,0.040666667,0.047333333,0.047333333,-0.002666667,0.002666667,-0.196666667,0.196666667,-0.000666667,0.000666667,-0.014666667,0.014666667,1,1,0,0,0,0,0,0,-0.065006224,0.142388942,0.549391020
14.778666667,0,-0.006666667,0.006666667,-0.040666667,0.040666667,0.047333333,0.047333333,0.021333333,0.021333333,-0.196666667,0.196666667,-0.000666667,0.000666667,0.007333333,0.007333333,1,1,0,0,0,0,0,0,-0.119385565,0.184896170,0.595942048
14.878666667,0,-0.006666667,0.006666667,-0.040666667,0.040666667,0.047333333,0.047333333,-0.002666667,0.002666667,-0.096666667,0.096666667,-0.000666667,0.000666667,-0.006666667,0.006666667,1,1,0,0,0,0,0,0,-0.141893224,0.223336171,0.644101562
14.978666667,0,-0.006666667,0.006666667,-0.040666667,0.040666667,0.047333333,0.047333333,0.021333333,0.021333333,-0.096666667,0.096666667,-0.000666667,0.000666667,0.009333333,0.009333333,1,1,0,0,0,0,0,0,-0.122748334,0.224524008,0.683364813
15.078666667,0,-0.006666667,0.006666667,-0.040666667,0.040666667,0.047333333,0.047333333,-0.002666667,0.002666667,-0.196666667,0.196666667,-0.002666667,0.002666667,0.007333333,0.007333333,1,1,0,0,0,0,0,0,-0.049544293,0.207856341,0.730544784
15.178666667,0,-0.006666667,0.006666667,-0.040666667,0.040666667,0.047333333,0.047333333,-0.022666667,0.022666667,-0.196666667,0.196666667,-0.000666667,0.000666667,-0.010666667,0.010666667,1,1,0,0,0,0,0,0,-0.024040753,0.171119000,0.790019011
15.278666667,0,-0.006666667,0.006666667,-0.040666667,0.040666667,0.047333333,0.047333333,-0.002666667,0.002666667,-0.196666667,0.196666667,-0.000666667,0.000666667,0.009333333,0.009333333,1,1,0,0,0,0,0,0,-0.073023529,0.158553397,0.838264273
15.378666667,0,-0.006666667,0.006666667,-0.040666667,0.040666667,0.047333333,0.047333333,-0.022666667,0.022666667,-0.296666667,0.296666667,-0.000666667,0.000666667,-0.006666667,0.006666667,1,1,0,0,0,0,0,0,-0.063368031,0.162542722,0.892550845
15.478666667,0,-0.006666667,0.006666667,-0.040666667,0.040666667,0.047333333,0.047333333,-0.002666667,0.002666667,-0.196666667,0.196666667,-0.000666667,0.000666667,0.007333333,0.007333333,1,1,0,0,0,0,0,0,-0.037459805,0.188206030,0.946818357
15.578666667,0,-0.006666667,0.006666667,-0.040666667,0.040666667,0.047333333,0.047333333,0.017333333,0.017333333,-0.296666667,0.296666667,-0.000666667,0.000666667,-0.010666667,0.010666667,1,1,0,0,0,0,0,0,-0.038221738,0.191258942,1.007539323
15.678666667,0,-0.006666667,0.006666667,-0.040666667,0.040666667,0.047333333,0.047333333,-0.002666667,0.002666667,-0.196666667,0.196666667,-0.002666667,0.002666667,0.007333333,0.007333333,1,1,0,0,0,0,0,0,-0.083473437,0.176367823,1.082376445
15.778666667,0,-0.006666667,0.006666667,-0.040666667,0.040666667,0.047333333,0.047333333,-0.022666667,0.022666667,-0.196666667,0.196666667,-0.000666667,0.000666667,-0.016666667,0.016666667,1,1,0,0,0,0,0,0,-0.102395332,0.189336482,1.140700811
15.878666667,0,-0.006666667,0.006666667,-0.040666667,0.040666667,0.047333333,0.047333333,-0.002666667,0.002666667,-0.096666667,0.096666667,-0.002666667,0.002666667,0.005333333,0.005333333,1,1,0,0,0,0,0,0,-0.108197855,0.232771592,1.215272389
15.980000000,0,-0.008000000,0.008000000,-0.038000000,0.038000000,0.046000000,0.046000000,0.016000000,0.016000000,-0.098000000,0.098000000,-0.002000000,0.002000000,0.006000000,0.006000000,1,1,0,0,0,0,0,0,-0.087488482,0.189717533,1.299518958
16.078666667,0,-0.006666667,0.006666667,-0.040666667,0.040666667,0.047333333,0.047333333,-0.002666667,0.002666667,-0.096666667,0.096666667,0.001333333,0.001333333,-0.014666667,0.014666667,1,1,0,0,0,0,0,0,-0.090581325,0.160515801,1.373122699
16.178666667,0,-0.006666667,0.006666667,-0.040666667,0.040666667,0.047333333,0.047333333,0.017333333,0.017333333,-0.196666667,0.196666667,-0.002666667,0.002666667,-0.004666667,0.004666667,1,1,0,0,0,0,0,0,-0.101616395,0.185213149,1.442835902
16.278666667,0,-0.006666667,0.006666667,-0.040666667,0.040666667,0.047333333,0.047333333,-0.002666667,0.002666667,-0.196666667,0.196666667,-0.002666667,0.002666667,0.005333333,0.005333333,1,1,0,0,0,0,0,0,-0.125804141,0.207610517,1.505169880
16.379333333,0,-0.007333333,0.007333333,-0.039333333,0.039333333,0.046666667,0.046666667,0.016666667,0.016666667,-0.197333333,0.197333333,-0.003333333,0.003333333,0.012666667,0.012666667,1,1,0,0,0,0,0,0,-0.143239591,0.221507733,1.577076950
16.478666667,0,-0.006666667,0.006666667,-0.040666667,0.040666667,0.047333333,0.047333333,-0.002666667,0.002666667,-0.196666667,0.196666667,-0.000666667,0.000666667,-0.008666667,0.008666667,1,1,0,0,0,0,0,0,-0.118675243,0.209996316,1.638452966
16.580000000,0,-0.006000000,0.006000000,-0.042000000,0.042000000,0.048000000,0.048000000,0.016000000,0.016000000,-0.298000000,0.298000000,-0.004000000,0.004000000,-0.004000000,0.004000000,1,1,0,0,0,0,0,0,-0.098742523,0.218804805,1.687131715
16.678666667,0,-0.006666667,0.006666667,-0.040666667,0.040666667,0.047333333,0.047333333,-0.002666667,0.002666667,-0.196666667,0.196666667,-0.002666667,0.002666667,0.007333333,0.007333333,1,1,0,0,0,0,0,0,-0.091824110,0.210102145,1.745542898
16.778666667,0,-0.006666667,0.006666667,-0.040666667,0.040666667,0.047333333,0.047333333,0.017333333,0.017333333,-0.196666667,0.196666667,-0.002666667,0.002666667,-0.012666667,0.012666667,1,1,0,0,0,0,0,0,-0.113521653,0.187229818,1.816186086
16.878666667,0,-0.006666667,0.006666667,-0.040666667,0.040666667,0.047333333,0.047333333,-0.002666667,0.002666667,-0.296666667,0.296666667,-0.000666667,0.000666667,-0.002666667,0.002666667,1,1,0,0,0,0,0,0,-0.112097728,0.205568774,1.885680377
16.946000000,0,0.028000000,0.028000000,-0.008000000,0.008000000,-0.020000000,0.020000000,0.010000000,0.010000000,-0.162000000,0.162000000,-0.010000000,0.010000000,0.000000000,0.000000000,1,1,0,0,0,0,0,0,-0.043058581,0.108019858,1.916924044
17.078666667,0,-0.006666667,0.006666667,-0.040666667,0.040666667,0.047333333,0.047333333,-0.000666667,0.000666667,-0.294666667,0.294666667,-0.004666667,0.004666667,-0.008666667,0.008666667,1,1,0,0,0,0,0,0,-0.111313244,0.184281860,2.013294106
17.179333333,0,-0.005333333,0.005333333,-0.041333333,0.041333333,0.046666667,0.046666667,0.016666667,0.016666667,-0.197333333,0.197333333,-0.003333333,0.003333333,0.006666667,0.006666667,1,1,0,0,0,0,0,0,-0.150454823,0.171933441,2.094007235
17.279333333,0,-0.007333333,0.007333333,-0.039333333,0.039333333,0.046666667,0.046666667,0.000666667,0.000666667,-0.197333333,0.197333333,-0.005333333,0.005333333,-0.011333333,0.011333333,1,1,0,0,0,0,0,0,-0.166925602,0.204787100,2.160529438
17.378666667,0,-0.006666667,0.006666667,-0.040666667,0.040666667,0.047333333,0.047333333,0.017333333,0.017333333,-0.194666667,0.194666667,-0.002666667,0.002666667,-0.000666667,0.000666667,1,1,0,0,0,0,0,0,-0.175238582,0.236374155,2.230961659
17.479333333,0,-0.005333333,0.005333333,-0.041333333,0.041333333,0.046666667,0.046666667,-0.003333333,0.003333333,-0.295333333,0.295333333,-0.001333333,0.001333333,0.010666667,0.010666667,1,1,0,0,0,0,0,0,-0.161174854,0.222779675,2.283293779
17.579333333,0,-0.007333333,0.007333333,-0.039333333,0.039333333,0.046666667,0.046666667,0.018666667,0.018666667,-0.197333333,0.197333333,-0.001333333,0.001333333,-0.005333333,0.005333333,1,1,0,0,0,0,0,0,-0.146946797,0.193659612,2.342803273
17.680000000,0,-0.008000000,0.008000000,-0.042000000,0.042000000,0.050000000,0.050000000,-0.004000000,0.004000000,-0.198000000,0.198000000,-0.004000000,0.004000000,-0.002000000,0.002000000,1,1,0,0,0,0,0,0,-0.123986939,0.213353029,2.404434816
17.778666667,0,-0.006666667,0.006666667,-0.040666667,0.040666667,0.047333333,0.047333333,0.017333333,0.017333333,-0.196666667,0.196666667,-0.002666667,0.002666667,-0.014666667,0.014666667,1,1,0,0,0,0,0,0,-0.157902639,0.276210248,2.456707989
17.878666667,0,-0.006666667,0.006666667,-0.040666667,0.040666667,0.047333333,0.047333333,-0.002666667,0.002666667,-0.296666667,0.296666667,-0.002666667,0.002666667,-0.004666667,0.004666667,1,1,0,0,0,0,0,0,-0.202634236,0.278071063,2.511484229
17.978666667,0,-0.006666667,0.006666667,-0.040666667,0.040666667,0.047333333,0.047333333,0.021333333,0.021333333,-0.196666667,0.196666667,-0.002666667,0.002666667,0.005333333,0.005333333,1,1,0,0,0,0,0,0,-0.170981992,0.251901026,2.547405503
18.078666667,0,-0.006666667,0.006666667,-0.040666667,0.040666667,0.047333333,0.047333333,-0.002666667,0.002666667,-0.196666667,0.196666667,-0.002666667,0.002666667,0.009333333,0.009333333,1,1,0,0,0,0,0,0,-0.160413123,0.285694566,2.594990166
18.178666667,0,-0.006666667,0.006666667,-0.040666667,0.040666667,0.047333333,0.047333333,0.017333333,0.017333333,-0.096666667,0.096666667,-0.002666667,0.002666667,0.015333333,0.015333333,1,1,0,0,0,0,0,0,-0.188993546,0.324481530,2.628685193
18.278666667,0,-0.006666667,0.006666667,-0.040666667,0.040666667,0.047333333,0.047333333,-0.002666667,0.002666667,-0.094666667,0.094666667,-0.002666667,0.002666667,-0.006666667,0.006666667,1,1,0,0,0,0,0,0,-0.200210852,0.291226455,2.650434498
18.378666667,0,-0.006666667,0.006666667,-0.040666667,0.040666667,0.047333333,0.047333333,0.017333333,0.017333333,-0.194666667,0.194666667,-0.002666667,0.002666667,0.001333333,0.001333333,1,1,0,0,0,0,0,0,-0.201327584,0.272860176,2.680879830
18.478666667,0,-0.006666667,0.006666667,-0.040666667,0.040666667,0.047333333,0.047333333,-0.002666667,0.002666667,-0.096666667,0.096666667,-0.000666667,0.000666667,0.019333333,0.019333333,1,1,0,0,0,0,0,0,-0.145401192,0.275394986,2.711145151
18.578666667,0,-0.006666667,0.006666667,-0.040666667,0.040666667,0.047333333,0.047333333,0.017333333,0.017333333,-0.096666667,0.096666667,-0.000666667,0.000666667,-0.000666667,0.000666667,1,1,0,0,0,0,0,0,-0.152973956,0.282722341,2.761529434
18.680000000,0,-0.004000000,0.004000000,-0.042000000,0.042000000,0.046000000,0.046000000,-0.004000000,0.004000000,-0.198000000,0.198000000,-0.002000000,0.002000000,0.012000000,0.012000000,1,1,0,0,0,0,0,0,-0.202409497,0.307137758,2.794739635
18.778666667,0,-0.006666667,0.006666667,-0.040666667,0.040666667,0.047333333,0.047333333,0.017333333,0.017333333,-0.194666667,0.194666667,-0.000666667,0.000666667,-0.010666667,0.010666667,1,1,0,0,0,0,0,0,-0.177497314,0.300470048,2.825161358
18.878666667,0,-0.006666667,0.006666667,-0.040666667,0.040666667,0.047333333,0.047333333,-0.002666667,0.002666667,-0.294666667,0.294666667,-0.002666667,0.002666667,-0.002666667,0.002666667,1,1,0,0,0,0,0,0,-0.236362690,0.328716160,2.840902222
18.979333333,0,-0.007333333,0.007333333,-0.041333333,0.041333333,0.048666667,0.048666667,0.016666667,0.016666667,-0.295333333,0.295333333,-0.001333333,0.001333333,0.010666667,0.010666667,1,1,0,0,0,0,0,0,-0.232971788,0.338134385,2.878961296
19.078666667,0,-0.006666667,0.006666667,-0.040666667,0.040666667,0.047333333,0.047333333,-0.002666667,0.002666667,-0.394666667,0.394666667,-0.002666667,0.002666667,0.017333333,0.017333333,1,1,0,0,0,0,0,0,-0.196649792,0.293818749,2.899505914
19.178666667,0,-0.006666667,0.006666667,-0.040666667,0.040666667,0.047333333,0.047333333,0.019333333,0.019333333,-0.296666667,0.296666667,-0.002666667,0.002666667,0.007333333,0.007333333,1,1,0,0,0,0,0,0,-0.214608087,0.345643644,2.914332407
19.278666667,0,-0.006666667,0.006666667,-0.040666667,0.040666667,0.047333333,0.047333333,-0.002666667,0.002666667,-0.396666667,0.396666667,-0.002666667,0.002666667,0.013333333,0.013333333,1,1,0,0,0,0,0,0,-0.234506768,0.370974911,2.932381615
19.345333333,0,0.026666667,0.026666667,-0.007333333,0.007333333,-0.019333333,0.019333333,0.010666667,0.010666667,-0.163333333,0.163333333,0.008666667,0.008666667,-0.015333333,0.015333333,1,1,0,0,0,0,0,0,-0.241006088,0.363708144,2.934164586
19.478666667,0,-0.006666667,0.006666667,-0.040666667,0.040666667,0.047333333,0.047333333,-0.002666667,0.002666667,-0.296666667,0.296666667,-0.002666667,0.002666667,0.015333333,0.015333333,1,1,0,0,0,0,0,0,-0.196484173,0.346589062,2.936654479
19.579333333,0,-0.007333333,0.007333333,-0.039333333,0.039333333,0.046666667,0.046666667,0.016666667,0.016666667,-0.197333333,0.197333333,-0.003333333,0.003333333,-0.007333333,0.007333333,1,1,0,0,0,0,0,0,-0.222436915,0.348706571,2.948804397
19.646000000,0,0.026000000,0.026000000,-0.006000000,0.006000000,-0.020000000,0.020000000,-0.008000000,0.008000000,-0.264000000,0.264000000,-0.012000000,0.012000000,0.000000000,0.000000000,1,1,0,0,0,0,0,0,-0.217242559,0.362273851,2.957013281
19.778666667,0,-0.006666667,0.006666667,-0.040666667,0.040666667,0.047333333,0.047333333,0.017333333,0.017333333,-0.396666667,0.396666667,-0.000666667,0.000666667,-0.010666667,0.010666667,1,1,0,0,0,0,0,0,-0.094045703,0.318799801,2.990409017
19.878666667,0,-0.006666667,0.006666667,-0.040666667,0.040666667,0.047333333,0.047333333,-0.002666667,0.002666667,-0.296666667,0.296666667,-0.000666667,0.000666667,-0.000666667,0.000666667,1,1,0,0,0,0,0,0,-0.120956840,0.304304866,2.999138291
19.978666667,0,-0.006666667,0.006666667,-0.040666667,0.040666667,0.047333333,0.047333333,0.017333333,0.017333333,-0.196666667,0.196666667,-0.000666667,0.000666667,0.013333333,0.013333333,1,1,0,0,0,0,0,0,-0.209020578,0.354058658,3.012339544
20.046000000,0,0.026000000,0.026000000,-0.006000000,0.006000000,-0.020000000,0.020000000,-0.010000000,0.010000000,-0.164000000,0.164000000,-0.008000000,0.008000000,-0.018000000,0.018000000,1,1,0,0,0,0,0,0,-0.217382797,0.389206893,3.021263800
20.178666667,0,-0.006666667,0.006666667,-0.040666667,0.040666667,0.047333333,0.047333333,0.017333333,0.017333333,-0.196666667,0.196666667,-0.000666667,0.000666667,-0.006666667,0.006666667,1,1,0,0,0,0,0,0,-0.128835026,0.340749765,3.011194072
20.278666667,0,-0.006666667,0.006666667,-0.040666667,0.040666667,0.047333333,0.047333333,-0.002666667,0.002666667,-0.096666667,0.096666667,-0.002666667,0.002666667,0.001333333,0.001333333,1,1,0,0,0,0,0,0,-0.148571196,0.344594803,3.014744979
20.378666667,0,-0.006666667,0.006666667,-0.040666667,0.040666667,0.047333333,0.047333333,0.017333333,0.017333333,-0.096666667,0.096666667,-0.000666667,0.000666667,0.017333333,0.017333333,2,1,0,0,0,0,0,0,-0.159107653,0.354076412,3.023762724
20.445333333,0,0.026666667,0.026666667,-0.007333333,0.007333333,-0.019333333,0.019333333,-0.009333333,0.009333333,-0.163333333,0.163333333,-0.007333333,0.007333333,-0.009333333,0.009333333,2,1,0,0,0,0,0,0,-0.136998976,0.359276040,3.032766393
20.578666667,0,-0.006666667,0.006666667,-0.040666667,0.040666667,0.047333333,0.047333333,0.017333333,0.017333333,-0.196666667,0.196666667,-0.000666667,0.000666667,0.011333333,0.011333333,2,1,0,0,0,0,0,0,-0.142447192,0.346331563,3.045260813
20.678666667,0,-0.006666667,0.006666667,-0.040666667,0.040666667,0.047333333,0.047333333,-0.002666667,0.002666667,-0.296666667,0.296666667,-0.000666667,0.000666667,-0.008666667,0.008666667,2,1,0,0,0,0,0,0,-0.202985860,0.337873607,3.042113228
20.778666667,0,-0.006666667,0.006666667,-0.040666667,0.040666667,0.047333333,0.047333333,0.017333333,0.017333333,-0.196666667,0.196666667,-0.002666667,0.002666667,0.007333333,0.007333333,2,1,0,0,0,0,0,0,-0.236815786,0.345674048,3.054473436
20.878666667,0,-0.006666667,0.006666667,-0.040666667,0.040666667,0.047333333,0.047333333,-0.002666667,0.002666667,-0.196666667,0.196666667,0.001333333,0.001333333,-0.014666667,0.014666667,2,1,0,0,0,0,0,0,-0.239951435,0.357637380,3.053574695
20.978666667,0,-0.006666667,0.006666667,-0.040666667,0.040666667,0.047333333,0.047333333,0.017333333,0.017333333,-0.196666667,0.196666667,-0.002666667,0.002666667,-0.002666667,0.002666667,2,1,0,0,0,0,0,0,-0.198702669,0.341046722,3.050652404
21.078666667,0,-0.006666667,0.006666667,-0.040666667,0.040666667,0.047333333,0.047333333,-0.002666667,0.002666667,-0.196666667,0.196666667,-0.002666667,0.002666667,0.007333333,0.007333333,2,1,0,0,0,0,0,0,-0.123345127,0.344216494,3.047497937
21.178666667,0,-0.006666667,0.006666667,-0.040666667,0.040666667,0.047333333,0.047333333,0.017333333,0.017333333,-0.296666667,0.296666667,-0.000666667,0.000666667,-0.012666667,0.012666667,2,1,0,0,0,0,0,0,-0.092708205,0.356216188,3.056240213
21.278666667,0,-0.006666667,0.006666667,-0.040666667,0.040666667,0.047333333,0.047333333,-0.002666667,0.002666667,-0.396666667,0.396666667,-0.002666667,0.002666667,-0.002666667,0.002666667,2,1,0,0,0,0,0,0,-0.126371994,0.350639123,3.052150999
21.378666667,0,-0.006666667,0.006666667,-0.040666667,0.040666667,0.047333333,0.047333333,0.017333333,0.017333333,-0.296666667,0.296666667,-0.002666667,0.002666667,0.009333333,0.009333333,2,1,0,0,0,0,0,0,-0.151578438,0.366348292,3.055083280
21.478666667,0,-0.006666667,0.006666667,-0.040666667,0.040666667,0.047333333,0.047333333,-0.002666667,0.002666667,-0.396666667,0.396666667,-0.002666667,0.002666667,-0.014666667,0.014666667,2,1,0,0,0,0,0,0,-0.139103943,0.352329204,3.051830483
21.578666667,0,-0.006666667,0.006666667,-0.040666667,0.040666667,0.047333333,0.047333333,0.017333333,0.017333333,-0.496666667,0.496666667,-0.000666667,0.000666667,-0.002666667,0.002666667,2,1,0,0,0,0,0,0,-0.114039050,0.366577995,3.057386132
21.678666667,0,-0.006666667,0.006666667,-0.040666667,0.040666667,0.047333333,0.047333333,-0.002666667,0.002666667,-0.296666667,0.296666667,-0.000666667,0.000666667,0.015333333,0.015333333,2,1,0,0,0,0,0,0,-0.108609402,0.399762917,3.056914551
21.778666667,0,-0.006666667,0.006666667,-0.040666667,0.040666667,0.047333333,0.047333333,0.017333333,0.017333333,-0.396666667,0.396666667,-0.004666667,0.004666667,-0.004666667,0.004666667,2,1,0,0,0,0,0,0,-0.107272980,0.380243370,3.051023028
21.878666667,0,-0.006666667,0.006666667,-0.040666667,0.040666667,0.047333333,0.047333333,-0.002666667,0.002666667,-0.496666667,0.496666667,-0.000666667,0.000666667,0.009333333,0.009333333,2,1,0,0,0,0,0,0,-0.109329885,0.340897860,3.028200649
21.978666667,0,-0.006666667,0.006666667,-0.040666667,0.040666667,0.047333333,0.047333333,0.017333333,0.017333333,-0.396666667,0.396666667,-0.000666667,0.000666667,-0.012666667,0.012666667,2,1,0,0,0,0,0,0,-0.128394724,0.368742732,3.028985485
22.078666667,0,-0.006666667,0.006666667,-0.040666667,0.040666667,0.047333333,0.047333333,-0.002666667,0.002666667,-0.496666667,0.496666667,-0.000666667,0.000666667,-0.002666667,0.002666667,2,1,0,0,0,0,0,0,-0.171223239,0.436215239,3.016061150
22.178666667,0,-0.006666667,0.006666667,-0.040666667,0.040666667,0.047333333,0.047333333,0.017333333,0.017333333,-0.294666667,0.294666667,-0.000666667,0.000666667,0.011333333,0.011333333,2,1,0,0,0,0,0,0,-0.182534074,0.395433894,3.025092512
22.278666667,0,-0.006666667,0.006666667,-0.040666667,0.040666667,0.047333333,0.047333333,-0.002666667,0.002666667,-0.394666667,0.394666667,-0.000666667,0.000666667,-0.012666667,0.012666667,2,1,0,0,0,0,0,0,-0.180649017,0.371253740,3.034375007
22.378666667,0,-0.006666667,0.006666667,-0.040666667,0.040666667,0.047333333,0.047333333,0.017333333,0.017333333,-0.296666667,0.296666667,-0.000666667,0.000666667,-0.000666667,0.000666667,3,1,0,0,0,0,0,0,-0.181419472,0.399178158,3.036813442
22.478666667,0,-0.006666667,0.006666667,-0.040666667,0.040666667,0.047333333,0.047333333,-0.002666667,0.002666667,-0.396666667,0.396666667,-0.002666667,0.002666667,0.009333333,0.009333333,3,1,0,0,0,0,0,0,-0.117421482,0.397073469,3.047337520
22.578666667,0,-0.006666667,0.006666667,-0.040666667,0.040666667,0.047333333,0.047333333,0.017333333,0.017333333,-0.296666667,0.296666667,-0.000666667,0.000666667,-0.008666667,0.008666667,3,1,0,0,0,0,0,0,-0.093730398,0.407772601,3.042337431
22.678666667,0,-0.006666667,0.006666667,-0.040666667,0.040666667,0.047333333,0.047333333,-0.002666667,0.002666667,-0.396666667,0.396666667,-0.000666667,0.000666667,0.003333333,0.003333333,3,1,0,0,0,0,0,0,-0.120037453,0.421836783,3.033271409
22.780000000,0,-0.004000000,0.004000000,-0.042000000,0.042000000,0.046000000,0.046000000,0.016000000,0.016000000,-0.296000000,0.296000000,-0.004000000,0.004000000,-0.004000000,0.004000000,3,1,0,0,0,0,0,0,-0.116526911,0.397567747,3.037912076
22.879333333,0,-0.007333333,0.007333333,-0.039333333,0.039333333,0.046666667,0.046666667,-0.003333333,0.003333333,-0.395333333,0.395333333,-0.001333333,0.001333333,-0.017333333,0.017333333,3,1,0,0,0,0,0,0,-0.088433178,0.386794664,3.050416359
22.978666667,0,-0.006666667,0.006666667,-0.040666667,0.040666667,0.047333333,0.047333333,0.017333333,0.017333333,-0.296666667,0.296666667,-0.002666667,0.002666667,0.011333333,0.011333333,3,1,0,0,0,0,0,0,-0.130443288,0.434321442,3.060638558
23.078666667,0,-0.006666667,0.006666667,-0.040666667,0.040666667,0.047333333,0.047333333,-0.002666667,0.002666667,-0.396666667,0.396666667,-0.000666667,0.000666667,-0.002666667,0.002666667,3,1,0,0,0,0,0,0,-0.138065586,0.410224604,3.068302399
23.178666667,0,-0.006666667,0.006666667,-0.040666667,0.040666667,0.047333333,0.047333333,0.017333333,0.017333333,-0.496666667,0.496666667,-0.000666667,0.000666667,0.009333333,0.009333333,3,1,0,0,0,0,0,0,-0.108874185,0.386034566,3.047491315
23.278666667,0,-0.006666667,0.006666667,-0.040666667,0.040666667,0.047333333,0.047333333,-0.002666667,0.002666667,-0.296666667,0.296666667,-0.000666667,0.000666667,-0.012666667,0.012666667,3,1,0,0,0,0,0,0,-0.084918477,0.397742642,3.051833618
23.378666667,0,-0.006666667,0.006666667,-0.040666667,0.040666667,0.047333333,0.047333333,0.017333333,0.017333333,-0.396666667,0.396666667,-0.000666667,0.000666667,-0.000666667,0.000666667,3,1,0,0,0,0,0,0,-0.008443706,0.383163039,3.047457809
23.478666667,0,-0.006666667,0.006666667,-0.040666667,0.040666667,0.047333333,0.047333333,-0.002666667,0.002666667,-0.296666667,0.296666667,-0.000666667,0.000666667,0.013333333,0.013333333,3,1,0,0,0,0,0,0,-0.039189825,0.413991721,3.061094650
23.578666667,0,-0.006666667,0.006666667,-0.040666667,0.040666667,0.047333333,0.047333333,0.017333333,0.017333333,-0.396666667,0.396666667,-0.004666667,0.004666667,-0.008666667,0.008666667,3,1,0,0,0,0,0,0,-0.064151353,0.427160221,3.053955259
23.678666667,0,-0.006666667,0.006666667,-0.040666667,0.040666667,0.047333333,0.047333333,-0.002666667,0.002666667,-0.296666667,0.296666667,-0.000666667,0.000666667,-0.000666667,0.000666667,3,1,0,0,0,0,0,0,-0.036212249,0.423812454,3.065646498
23.778666667,0,-0.006666667,0.006666667,-0.040666667,0.040666667,0.047333333,0.047333333,0.017333333,0.017333333,-0.396666667,0.396666667,-0.000666667,0.000666667,0.013333333,0.013333333,3,1,0,0,0,0,0,0,-0.060697678,0.496570826,3.069299945
23.878666667,0,-0.006666667,0.006666667,-0.040666667,0.040666667,0.047333333,0.047333333,-0.002666667,0.002666667,-0.196666667,0.196666667,-0.002666667,0.002666667,-0.008666667,0.008666667,3,1,0,0,0,0,0,0,-0.033362907,0.541259307,3.056660771
23.978666667,0,-0.006666667,0.006666667,-0.040666667,0.040666667,0.047333333,0.047333333,0.017333333,0.017333333,-0.296666667,0.296666667,-0.002666667,0.002666667,0.001333333,0.001333333,3,1,0,0,0,0,0,0,0.035012498,0.546243869,3.075024720
24.079333333,0,-0.005333333,0.005333333,-0.041333333,0.041333333,0.046666667,0.046666667,-0.003333333,0.003333333,-0.397333333,0.397333333,-0.003333333,0.003333333,0.010666667,0.010666667,3,1,0,0,0,0,0,0,0.031403144,0.519360734,3.074057913
24.178666667,0,-0.006666667,0.006666667,-0.040666667,0.040666667,0.047333333,0.047333333,0.017333333,0.017333333,-0.296666667,0.296666667,-0.002666667,0.002666667,-0.012666667,0.012666667,3,1,0,0,0,0,0,0,0.010345769,0.569423350,3.080594459
24.278666667,0,-0.006666667,0.006666667,-0.040666667,0.040666667,0.047333333,0.047333333,-0.002666667,0.002666667,-0.396666667,0.396666667,-0.002666667,0.002666667,0.001333333,0.001333333,3,1,0,0,0,0,0,0,0.008908193,0.589061743,3.076336221
24.378666667,0,-0.006666667,0.006666667,-0.040666667,0.040666667,0.047333333,0.047333333,0.017333333,0.017333333,-0.496666667,0.496666667,-0.002666667,0.002666667,-0.020666667,0.020666667,3,1,0,0,0,0,0,0,0.005435101,0.630606963,3.063617566
24.445333333,0,0.026666667,0.026666667,-0.007333333,0.007333333,-0.019333333,0.019333333,-0.007333333,0.007333333,-0.363333333,0.363333333,0.008666667,0.008666667,-0.003333333,0.003333333,3,1,0,0,0,0,0,0,0.005527161,0.623222485,3.057171577
24.579333333,0,-0.007333333,0.007333333,-0.039333333,0.039333333,0.046666667,0.046666667,0.016666667,0.016666667,-0.497333333,0.497333333,-0.003333333,0.003333333,-0.001333333,0.001333333,3,1,0,0,0,0,0,0,0.044805460,0.697978389,3.065162063
24.652000000,0,0.024000000,0.024000000,0.002000000,0.002000000,-0.026000000,0.026000000,-0.016000000,0.016000000,-0.270000000,0.270000000,0.002000000,0.002000000,0.002000000,0.002000000,3,1,0,0,0,0,0,0,0.072238833,0.736539342,3.061294769
24.778666667,0,-0.006666667,0.006666667,-0.040666667,0.040666667,0.047333333,0.047333333,0.017333333,0.017333333,-0.396666667,0.396666667,-0.002666667,0.002666667,0.003333333,0.003333333,3,1,0,0,0,0,0,0,0.130387161,0.758508840,3.055648307
24.878666667,0,-0.006666667,0.006666667,-0.040666667,0.040666667,0.047333333,0.047333333,0.001333333,0.001333333,-0.294666667,0.294666667,-0.006666667,0.006666667,0.009333333,0.009333333,3,1,0,0,0,0,0,0,0.147397832,0.750869564,3.063280528
24.945333333,0,0.026666667,0.026666667,-0.007333333,0.007333333,-0.019333333,0.019333333,0.010666667,0.010666667,-0.361333333,0.361333333,0.010666667,0.010666667,-0.013333333,0.013333333,3,1,0,0,0,0,0,0,0.211597012,0.762850121,3.064295677
25.078666667,0,-0.006666667,0.006666667,-0.040666667,0.040666667,0.047333333,0.047333333,-0.002666667,0.002666667,-0.296666667,0.296666667,-0.002666667,0.002666667,0.003333333,0.003333333,3,1,0,0,0,0,0,0,0.257825457,0.824259133,3.060703737
25.178666667,0,-0.006666667,0.006666667,-0.040666667,0.040666667,0.047333333,0.047333333,0.017333333,0.017333333,-0.196666667,0.196666667,-0.002666667,0.002666667,-0.014666667,0.014666667,3,1,0,0,0,0,0,0,0.313350135,0.841462984,3.047165700
25.278666667,0,-0.006666667,0.006666667,-0.040666667,0.040666667,0.047333333,0.047333333,-0.002666667,0.002666667,-0.196666667,0.196666667,-0.002666667,0.002666667,-0.000666667,0.000666667,3,1,0,0,0,0,0,0,0.322062473,0.882329869,3.044807336
25.378666667,0,-0.006666667,0.006666667,-0.040666667,0.040666667,0.047333333,0.047333333,0.017333333,0.017333333,-0.196666667,0.196666667,-0.000666667,0.000666667,0.011333333,0.011333333,3,1,0,0,0,0,0,0,0.328055353,0.968851619,3.049984751
25.478666667,0,-0.006666667,0.006666667,-0.040666667,0.040666667,0.047333333,0.047333333,0.001333333,0.001333333,-0.096666667,0.096666667,-0.002666667,0.002666667,-0.008666667,0.008666667,3,1,0,0,0,0,0,0,0.369726371,0.999115617,3.045091198
25.578666667,0,-0.006666667,0.006666667,-0.040666667,0.040666667,0.047333333,0.047333333,0.017333333,0.017333333,-0.196666667,0.196666667,-0.002666667,0.002666667,0.001333333,0.001333333,3,1,0,0,0,0,0,0,0.412816869,1.023558192,3.052830204
25.678666667,0,-0.006666667,0.006666667,-0.040666667,0.040666667,0.047333333,0.047333333,-0.002666667,0.002666667,-0.196666667,0.196666667,-0.000666667,0.000666667,0.017333333,0.017333333,3,1,0,0,0,0,0,0,0.448669258,0.999034605,3.052245027
25.778666667,0,-0.006666667,0.006666667,-0.040666667,0.040666667,0.047333333,0.047333333,0.017333333,0.017333333,-0.296666667,0.296666667,-0.000666667,0.000666667,-0.004666667,0.004666667,3,1,0,0,0,0,0,0,0.539830604,1.058195491,3.042263508
25.878666667,0,-0.006666667,0.006666667,-0.040666667,0.040666667,0.047333333,0.047333333,-0.002666667,0.002666667,-0.296666667,0.296666667,-0.002666667,0.002666667,0.007333333,0.007333333,3,1,0,0,0,0,0,0,0.492546951,1.115973026,3.037953252
25.978666667,0,-0.006666667,0.006666667,-0.040666667,0.040666667,0.047333333,0.047333333,0.017333333,0.017333333,-0.196666667,0.196666667,-0.000666667,0.000666667,-0.014666667,0.014666667,3,1,0,0,0,0,0,0,0.501249420,1.190682056,3.027182847
26.078666667,0,-0.006666667,0.006666667,-0.040666667,0.040666667,0.047333333,0.047333333,-0.002666667,0.002666667,-0.194666667,0.194666667,-0.000666667,0.000666667,-0.004666667,0.004666667,3,1,0,0,0,0,0,0,0.483208938,1.150174322,3.027297786
26.178666667,0,-0.006666667,0.006666667,-0.040666667,0.040666667,0.047333333,0.047333333,0.017333333,0.017333333,-0.294666667,0.294666667,-0.000666667,0.000666667,0.005333333,0.005333333,3,1,0,0,0,0,0,0,0.527533118,1.233490749,3.038594115
26.278666667,0,-0.006666667,0.006666667,-0.040666667,0.040666667,0.047333333,0.047333333,-0.002666667,0.002666667,-0.196666667,0.196666667,-0.000666667,0.000666667,-0.018666667,0.018666667,3,1,0,0,0,0,0,0,0.566158742,1.287578917,3.042865460
26.378666667,0,-0.006666667,0.006666667,-0.040666667,0.040666667,0.047333333,0.047333333,0.017333333,0.017333333,-0.196666667,0.196666667,-0.000666667,0.000666667,-0.008666667,0.008666667,3,1,0,0,0,0,0,0,0.632821495,1.342572502,3.038877071
26.478666667,0,-0.006666667,0.006666667,-0.040666667,0.040666667,0.047333333,0.047333333,-0.002666667,0.002666667,-0.296666667,0.296666667,-0.000666667,0.000666667,0.003333333,0.003333333,3,1,0,0,0,0,0,0,0.680047458,1.407398315,3.045042919
26.578666667,0,-0.006666667,0.006666667,-0.040666667,0.040666667,0.047333333,0.047333333,0.017333333,0.017333333,-0.196666667,0.196666667,-0.000666667,0.000666667,0.015333333,0.015333333,3,1,0,0,0,0,0,0,0.688179232,1.419193889,3.046385676
26.645333333,0,0.026666667,0.026666667,-0.007333333,0.007333333,-0.019333333,0.019333333,-0.009333333,0.009333333,-0.163333333,0.163333333,-0.007333333,0.007333333,-0.011333333,0.011333333,3,1,0,0,0,0,0,0,0.703953473,1.406191885,3.046014167
26.778666667,0,-0.006666667,0.006666667,-0.040666667,0.040666667,0.047333333,0.047333333,0.017333333,0.017333333,-0.196666667,0.196666667,-0.002666667,0.002666667,0.005333333,0.005333333,3,1,0,0,0,0,0,0,0.764346923,1.506329196,3.040163044
26.878666667,0,-0.006666667,0.006666667,-0.040666667,0.040666667,0.047333333,0.047333333,-0.002666667,0.002666667,-0.296666667,0.296666667,-0.000666667,0.000666667,0.015333333,0.015333333,3,1,0,0,0,0,0,0,0.754848376,1.518777029,3.037933033
26.978666667,0,-0.006666667,0.006666667,-0.040666667,0.040666667,0.047333333,0.047333333,0.017333333,0.017333333,-0.196666667,0.196666667,-0.000666667,0.000666667,-0.002666667,0.002666667,3,1,0,0,0,0,0,0,0.784357996,1.506292935,3.041269595
27.078666667,0,-0.006666667,0.006666667,-0.040666667,0.040666667,0.047333333,0.047333333,-0.002666667,0.002666667,-0.196666667,0.196666667,-0.000666667,0.000666667,0.011333333,0.011333333,3,1,0,0,0,0,0,0,0.841465842,1.537723815,3.045142989
27.179333333,0,-0.007333333,0.007333333,-0.039333333,0.039333333,0.046666667,0.046666667,0.016666667,0.016666667,-0.297333333,0.297333333,-0.001333333,0.001333333,-0.001333333,0.001333333,3,1,0,0,0,0,0,0,0.922869584,1.625147282,3.051390355
27.278666667,0,-0.006666667,0.006666667,-0.040666667,0.040666667,0.047333333,0.047333333,-0.002666667,0.002666667,-0.196666667,0.196666667,-0.000666667,0.000666667,0.011333333,0.011333333,3,1,0,0,0,0,0,0,0.932328811,1.604539391,3.044668340
27.378666667,0,-0.006666667,0.006666667,-0.040666667,0.040666667,0.047333333,0.047333333,0.017333333,0.017333333,-0.196666667,0.196666667,-0.000666667,0.000666667,-0.010666667,0.010666667,3,1,0,0,0,0,0,0,0.941525469,1.670636598,3.046956264
27.478666667,0,-0.006666667,0.006666667,-0.040666667,0.040666667,0.047333333,0.047333333,-0.002666667,0.002666667,-0.296666667,0.296666667,-0.000666667,0.000666667,0.003333333,0.003333333,3,1,0,0,0,0,0,0,0.934697637,1.672124522,3.050825372
27.578666667,0,-0.006666667,0.006666667,-0.040666667,0.040666667,0.047333333,0.047333333,0.017333333,0.017333333,-0.296666667,0.296666667,-0.000666667,0.000666667,0.011333333,0.011333333,3,1,0,0,0,0,0,0,0.986462460,1.647687464,3.052273271
27.678666667,0,-0.006666667,0.006666667,-0.040666667,0.040666667,0.047333333,0.047333333,-0.002666667,0.002666667,-0.196666667,0.196666667,-0.000666667,0.000666667,-0.010666667,0.010666667,3,1,0,0,0,0,0,0,1.037226550,1.528190323,3.041734334
27.778666667,0,-0.006666667,0.006666667,-0.040666667,0.040666667,0.047333333,0.047333333,0.017333333,0.017333333,-0.296666667,0.296666667,-0.000666667,0.000666667,0.001333333,0.001333333,3,1,0,0,0,0,0,0,1.055650104,1.681433557,3.047941818
27.878666667,0,-0.006666667,0.006666667,-0.040666667,0.040666667,0.047333333,0.047333333,-0.002666667,0.002666667,-0.196666667,0.196666667,-0.000666667,0.000666667,0.011333333,0.011333333,3,1,0,0,0,0,0,0,1.083410747,1.731002218,3.037709044
27.980666667,0,-0.008666667,0.008666667,-0.036666667,0.036666667,0.045333333,0.045333333,0.015333333,0.015333333,-0.198666667,0.198666667,-0.002666667,0.002666667,-0.010666667,0.010666667,3,1,0,0,0,0,0,0,1.091056928,1.762911377,3.031272361
28.078666667,0,-0.006666667,0.006666667,-0.040666667,0.040666667,0.047333333,0.047333333,-0.002666667,0.002666667,-0.096666667,0.096666667,-0.004666667,0.004666667,-0.004666667,0.004666667,3,1,0,0,0,0,0,0,1.125235161,1.787096946,3.037188523
28.178666667,0,-0.006666667,0.006666667,-0.040666667,0.040666667,0.047333333,0.047333333,0.017333333,0.017333333,-0.096666667,0.096666667,-0.000666667,0.000666667,0.005333333,0.005333333,3,1,0,0,0,0,0,0,1.166858515,1.789005517,3.046069926
28.278666667,0,-0.006666667,0.006666667,-0.040666667,0.040666667,0.047333333,0.047333333,-0.002666667,0.002666667,-0.096666667,0.096666667,-0.000666667,0.000666667,-0.016666667,0.016666667,3,1,0,0,0,0,0,0,1.165544763,1.839356971,3.047494819
28.378666667,0,-0.006666667,0.006666667,-0.040666667,0.040666667,0.047333333,0.047333333,0.019333333,0.019333333,-0.096666667,0.096666667,-0.002666667,0.002666667,-0.000666667,0.000666667,3,1,0,0,0,0,0,0,1.217400587,1.795705793,3.038766626
28.478666667,0,-0.006666667,0.006666667,-0.040666667,0.040666667,0.047333333,0.047333333,-0.002666667,0.002666667,-0.196666667,0.196666667,-0.000666667,0.000666667,0.013333333,0.013333333,3,1,0,0,0,0,0,0,1.218286333,1.811026746,3.047318451
28.578666667,0,-0.006666667,0.006666667,-0.040666667,0.040666667,0.047333333,0.047333333,0.017333333,0.017333333,-0.296666667,0.296666667,-0.000666667,0.000666667,-0.006666667,0.006666667,3,1,0,0,0,0,0,0,1.218735877,1.834881050,3.056767343
28.678666667,0,-0.006666667,0.006666667,-0.040666667,0.040666667,0.047333333,0.047333333,-0.002666667,0.002666667,-0.296666667,0.296666667,-0.000666667,0.000666667,0.007333333,0.007333333,3,1,0,0,0,0,0,0,1.191950331,1.844585249,3.054882384
28.778666667,0,-0.006666667,0.006666667,-0.040666667,0.040666667,0.047333333,0.047333333,0.017333333,0.017333333,-0.396666667,0.396666667,-0.000666667,0.000666667,0.017333333,0.017333333,3,1,0,0,0,0,0,0,1.230242762,1.805775853,3.049277006
28.878666667,0,-0.006666667,0.006666667,-0.040666667,0.040666667,0.047333333,0.047333333,-0.002666667,0.002666667,-0.296666667,0.296666667,-0.000666667,0.000666667,-0.008666667,0.008666667,3,1,0,0,0,0,0,0,1.278327558,1.780658174,3.043883595
28.978666667,0,-0.006666667,0.006666667,-0.040666667,0.040666667,0.047333333,0.047333333,0.017333333,0.017333333,-0.396666667,0.396666667,-0.000666667,0.000666667,0.003333333,0.003333333,3,1,0,0,0,0,0,0,1.252523226,1.807961405,3.035540631
29.078666667,0,-0.006666667,0.006666667,-0.040666667,0.040666667,0.047333333,0.047333333,-0.002666667,0.002666667,-0.296666667,0.296666667,-0.000666667,0.000666667,0.015333333,0.015333333,3,1,0,0,0,0,0,0,1.244504502,1.820716733,3.030727103
29.145333333,0,0.026666667,0.026666667,-0.007333333,0.007333333,-0.019333333,0.019333333,0.010666667,0.010666667,-0.363333333,0.363333333,-0.007333333,0.007333333,-0.011333333,0.011333333,3,1,0,0,0,0,0,0,1.249953417,1.810013747,3.030142832
29.279333333,0,-0.007333333,0.007333333,-0.039333333,0.039333333,0.046666667,0.046666667,-0.001333333,0.001333333,-0.197333333,0.197333333,-0.007333333,0.007333333,0.004666667,0.004666667,3,1,0,0,0,0,0,0,1.259240053,1.800130886,3.032011903
29.378666667,0,-0.006666667,0.006666667,-0.040666667,0.040666667,0.047333333,0.047333333,0.017333333,0.017333333,-0.296666667,0.296666667,-0.002666667,0.002666667,0.015333333,0.015333333,3,1,0,0,0,0,0,0,1.192347091,1.720970197,3.033175440
29.478666667,0,-0.006666667,0.006666667,-0.040666667,0.040666667,0.047333333,0.047333333,-0.002666667,0.002666667,-0.396666667,0.396666667,-0.000666667,0.000666667,-0.006666667,0.006666667,3,1,0,0,0,0,0,0,1.163489464,1.745992998,3.038326138
29.579333333,0,-0.007333333,0.007333333,-0.039333333,0.039333333,0.046666667,0.046666667,0.016666667,0.016666667,-0.295333333,0.295333333,-0.001333333,0.001333333,0.000666667,0.000666667,3,1,0,0,0,0,0,0,1.146974640,1.792527849,3.036768071
29.678666667,0,-0.006666667,0.006666667,-0.040666667,0.040666667,0.047333333,0.047333333,-0.002666667,0.002666667,-0.192666667,0.192666667,-0.002666667,0.002666667,0.013333333,0.013333333,3,1,0,0,0,0,0,0,1.151809503,1.742475544,3.043316040
29.778666667,0,-0.006666667,0.006666667,-0.040666667,0.040666667,0.047333333,0.047333333,0.017333333,0.017333333,-0.292666667,0.292666667,-0.000666667,0.000666667,-0.008666667,0.008666667,3,1,0,0,0,0,0,0,1.134113985,1.669834887,3.059639820
29.878666667,0,-0.006666667,0.006666667,-0.040666667,0.040666667,0.047333333,0.047333333,-0.002666667,0.002666667,-0.192666667,0.192666667,-0.000666667,0.000666667,0.003333333,0.003333333,3,1,0,0,0,0,0,0,1.085588233,1.629892456,3.075935843
29.979333333,0,-0.007333333,0.007333333,-0.041333333,0.041333333,0.048666667,0.048666667,0.018666667,0.018666667,-0.293333333,0.293333333,-0.001333333,0.001333333,-0.017333333,0.017333333,3,1,0,0,0,0,0,0,1.045650140,1.548778732,3.075158856
30.046000000,0,0.026000000,0.026000000,-0.008000000,0.008000000,-0.018000000,0.018000000,-0.010000000,0.010000000,-0.160000000,0.160000000,-0.008000000,0.008000000,-0.006000000,0.006000000,3,1,0,0,0,0,0,0,1.034722087,1.545346711,3.076781734
30.178666667,0,-0.006666667,0.006666667,-0.040666667,0.040666667,0.047333333,0.047333333,0.017333333,0.017333333,-0.292666667,0.292666667,-0.000666667,0.000666667,0.013333333,0.013333333,3,1,0,0,0,0,0,0,1.025056472,1.442784775,3.078066852
30.278666667,0,-0.006666667,0.006666667,-0.040666667,0.040666667,0.047333333,0.047333333,-0.002666667,0.002666667,-0.192666667,0.192666667,-0.000666667,0.000666667,-0.006666667,0.006666667,3,1,0,0,0,0,0,0,0.998526651,1.437562738,3.087337759
30.378666667,0,-0.006666667,0.006666667,-0.040666667,0.040666667,0.047333333,0.047333333,0.017333333,0.017333333,-0.292666667,0.292666667,-0.002666667,0.002666667,0.005333333,0.005333333,3,1,0,0,0,0,0,0,0.959251759,1.424897794,3.080188525
30.478666667,0,-0.006666667,0.006666667,-0.040666667,0.040666667,0.047333333,0.047333333,-0.002666667,0.002666667,-0.292666667,0.292666667,-0.002666667,0.002666667,-0.016666667,0.016666667,3,1,0,0,0,0,0,0,0.935609800,1.365897240,3.062096859
30.578666667,0,-0.006666667,0.006666667,-0.040666667,0.040666667,0.047333333,0.047333333,0.017333333,0.017333333,-0.192666667,0.192666667,-0.002666667,0.002666667,-0.002666667,0.002666667,3,1,0,0,0,0,0,0,0.902166225,1.342891004,3.042452677
30.678666667,0,-0.006666667,0.006666667,-0.040666667,0.040666667,0.047333333,0.047333333,-0.002666667,0.002666667,-0.292666667,0.292666667,-0.000666667,0.000666667,0.005333333,0.005333333,3,1,0,0,0,0,0,0,0.861640083,1.360516728,3.047889338
30.778666667,0,-0.006666667,0.006666667,-0.040666667,0.040666667,0.047333333,0.047333333,0.017333333,0.017333333,-0.192666667,0.192666667,-0.000666667,0.000666667,-0.016666667,0.016666667,3,1,0,0,0,0,0,0,0.808374630,1.328640141,3.051757806
30.878666667,0,-0.006666667,0.006666667,-0.040666667,0.040666667,0.047333333,0.047333333,-0.002666667,0.002666667,-0.292666667,0.292666667,-0.000666667,0.000666667,-0.002666667,0.002666667,3,1,0,0,0,0,0,0,0.816609931,1.314154396,3.062470449
30.978666667,0,-0.006666667,0.006666667,-0.040666667,0.040666667,0.047333333,0.047333333,0.017333333,0.017333333,-0.292666667,0.292666667,-0.002666667,0.002666667,0.005333333,0.005333333,3,1,0,0,0,0,0,0,0.786352932,1.278020256,3.057361591
31.078666667,0,-0.006666667,0.006666667,-0.040666667,0.040666667,0.047333333,0.047333333,-0.002666667,0.002666667,-0.392666667,0.392666667,-0.000666667,0.000666667,-0.016666667,0.016666667,3,1,0,0,0,0,0,0,0.741976663,1.259709938,3.060323361
31.178666667,0,-0.006666667,0.006666667,-0.040666667,0.040666667,0.047333333,0.047333333,0.017333333,0.017333333,-0.292666667,0.292666667,-0.000666667,0.000666667,-0.006666667,0.006666667,3,1,0,0,0,0,0,0,0.651848590,1.199130611,3.057692185
31.278666667,0,-0.006666667,0.006666667,-0.040666667,0.040666667,0.047333333,0.047333333,-0.002666667,0.002666667,-0.392666667,0.392666667,-0.000666667,0.000666667,0.003333333,0.003333333,3,1,0,0,0,0,0,0,0.591617946,1.196120600,3.048396024
31.378666667,0,-0.006666667,0.006666667,-0.040666667,0.040666667,0.047333333,0.047333333,0.017333333,0.017333333,-0.292666667,0.292666667,-0.002666667,0.002666667,0.017333333,0.017333333,3,1,0,0,0,0,0,0,0.614246791,1.154698207,3.045750328
31.478666667,0,-0.006666667,0.006666667,-0.040666667,0.040666667,0.047333333,0.047333333,-0.002666667,0.002666667,-0.392666667,0.392666667,-0.000666667,0.000666667,-0.004666667,0.004666667,3,1,0,0,0,0,0,0,0.655834877,1.090970284,3.046481343
31.578666667,0,-0.006666667,0.006666667,-0.040666667,0.040666667,0.047333333,0.047333333,0.017333333,0.017333333,-0.292666667,0.292666667,-0.000666667,0.000666667,0.007333333,0.007333333,3,1,0,0,0,0,0,0,0.547569860,1.028840911,3.047758594
31.678666667,0,-0.006666667,0.006666667,-0.040666667,0.040666667,0.047333333,0.047333333,-0.002666667,0.002666667,-0.192666667,0.192666667,-0.002666667,0.002666667,-0.018666667,0.018666667,3,1,0,0,0,0,0,0,0.498036133,1.066674160,3.044751247
31.778666667,0,-0.006666667,0.006666667,-0.040666667,0.040666667,0.047333333,0.047333333,0.017333333,0.017333333,-0.292666667,0.292666667,-0.000666667,0.000666667,-0.004666667,0.004666667,3,1,0,0,0,0,0,0,0.453593669,0.996625647,3.048689756
31.878666667,0,-0.006666667,0.006666667,-0.040666667,0.040666667,0.047333333,0.047333333,-0.002666667,0.002666667,-0.192666667,0.192666667,0.003333333,0.003333333,0.007333333,0.007333333,3,1,0,0,0,0,0,0,0.399634508,0.970611648,3.075267589
31.978666667,0,-0.006666667,0.006666667,-0.040666667,0.040666667,0.047333333,0.047333333,0.017333333,0.017333333,-0.292666667,0.292666667,-0.002666667,0.002666667,-0.016666667,0.016666667,3,1,0,0,0,0,0,0,0.415542087,0.945744755,3.088092969
32.078666667,0,-0.006666667,0.006666667,-0.040666667,0.040666667,0.047333333,0.047333333,-0.002666667,0.002666667,-0.292666667,0.292666667,-0.000666667,0.000666667,-0.002666667,0.002666667,3,1,0,0,0,0,0,0,0.431771330,0.887182564,3.076820821
32.178666667,0,-0.006666667,0.006666667,-0.040666667,0.040666667,0.047333333,0.047333333,0.017333333,0.017333333,-0.190666667,0.190666667,0.001333333,0.001333333,0.005333333,0.005333333,3,1,0,0,0,0,0,0,0.390737075,0.851688167,3.069429266
32.278666667,0,-0.006666667,0.006666667,-0.040666667,0.040666667,0.047333333,0.047333333,-0.002666667,0.002666667,-0.290666667,0.290666667,-0.000666667,0.000666667,-0.016666667,0.016666667,3,1,0,0,0,0,0,0,0.364447058,0.834213301,3.068131095
32.378666667,0,-0.006666667,0.006666667,-0.040666667,0.040666667,0.047333333,0.047333333,0.017333333,0.017333333,-0.290666667,0.290666667,-0.000666667,0.000666667,-0.004666667,0.004666667,4,1,0,0,0,0,0,0,0.283959735,0.750009839,3.063756659
32.478666667,0,-0.006666667,0.006666667,-0.040666667,0.040666667,0.047333333,0.047333333,-0.002666667,0.002666667,-0.390666667,0.390666667,-0.000666667,0.000666667,0.003333333,0.003333333,4,1,0,0,0,0,0,0,0.239396644,0.763043180,3.068828564
32.578666667,0,-0.006666667,0.006666667,-0.040666667,0.040666667,0.047333333,0.047333333,0.017333333,0.017333333,-0.288666667,0.288666667,-0.000666667,0.000666667,0.015333333,0.015333333,4,1,0,0,0,0,0,0,0.214633196,0.752345446,3.058643429
32.678666667,0,-0.006666667,0.006666667,-0.040666667,0.040666667,0.047333333,0.047333333,-0.002666667,0.002666667,-0.388666667,0.388666667,-0.002666667,0.002666667,-0.002666667,0.002666667,4,1,0,0,0,0,0,0,0.270605161,0.669778110,3.049097291
32.778666667,0,-0.006666667,0.006666667,-0.040666667,0.040666667,0.047333333,0.047333333,0.017333333,0.017333333,-0.290666667,0.290666667,-0.002666667,0.002666667,0.013333333,0.013333333,4,1,0,0,0,0,0,0,0.253215281,0.600632940,3.049956206
32.879333333,0,-0.007333333,0.007333333,-0.039333333,0.039333333,0.046666667,0.046666667,-0.003333333,0.003333333,-0.391333333,0.391333333,-0.001333333,0.001333333,-0.011333333,0.011333333,4,1,0,0,0,0,0,0,0.221785665,0.583571963,3.060161108
32.978666667,0,-0.006666667,0.006666667,-0.040666667,0.040666667,0.047333333,0.047333333,-0.020666667,0.020666667,-0.290666667,0.290666667,-0.002666667,0.002666667,-0.002666667,0.002666667,4,1,0,0,0,0,0,0,0.173679132,0.592238065,3.066785795
33.078666667,0,-0.006666667,0.006666667,-0.040666667,0.040666667,0.047333333,0.047333333,-0.002666667,0.002666667,-0.390666667,0.390666667,-0.000666667,0.000666667,0.013333333,0.013333333,4,1,0,0,0,0,0,0,0.143224060,0.613901027,3.070637447
33.178666667,0,-0.006666667,0.006666667,-0.040666667,0.040666667,0.047333333,0.047333333,0.017333333,0.017333333,-0.490666667,0.490666667,-0.000666667,0.000666667,-0.008666667,0.008666667,4,1,0,0,0,0,0,0,0.125150857,0.579469059,3.075336053
33.279333333,0,-0.007333333,0.007333333,-0.039333333,0.039333333,0.046666667,0.046666667,-0.003333333,0.003333333,-0.291333333,0.291333333,-0.001333333,0.001333333,-0.001333333,0.001333333,4,1,0,0,0,0,0,0,0.107193236,0.563034291,3.074945982
33.378666667,0,-0.006666667,0.006666667,-0.040666667,0.040666667,0.047333333,0.047333333,0.017333333,0.017333333,-0.390666667,0.390666667,-0.000666667,0.000666667,0.009333333,0.009333333,4,1,0,0,0,0,0,0,0.040202331,0.521567142,3.084873792
33.478666667,0,-0.006666667,0.006666667,-0.040666667,0.040666667,0.047333333,0.047333333,-0.002666667,0.002666667,-0.490666667,0.490666667,-0.002666667,0.002666667,-0.008666667,0.008666667,4,1,0,0,0,0,0,0,0.048307852,0.491779335,3.089899360
33.578666667,0,-0.006666667,0.006666667,-0.040666667,0.040666667,0.047333333,0.047333333,0.019333333,0.019333333,-0.390666667,0.390666667,-0.000666667,0.000666667,-0.016666667,0.016666667,4,1,0,0,0,0,0,0,0.084605995,0.426446464,3.093461128
33.678666667,0,-0.006666667,0.006666667,-0.040666667,0.040666667,0.047333333,0.047333333,-0.002666667,0.002666667,-0.490666667,0.490666667,-0.002666667,0.002666667,0.007333333,0.007333333,4,1,0,0,0,0,0,0,0.102808367,0.421785409,3.091117526
33.778666667,0,-0.006666667,0.006666667,-0.040666667,0.040666667,0.047333333,0.047333333,0.017333333,0.017333333,-0.590666667,0.590666667,-0.000666667,0.000666667,-0.010666667,0.010666667,4,0,0,0,0,0,0,0,0.104389067,0.453841041,3.092048363
33.878666667,0,-0.006666667,0.006666667,-0.040666667,0.040666667,0.047333333,0.047333333,-0.002666667,0.002666667,-0.390666667,0.390666667,-0.000666667,0.000666667,0.003333333,0.003333333,4,1,0,0,0,0,0,0,0.068795692,0.468449390,3.106610483
33.978666667,0,-0.006666667,0.006666667,-0.040666667,0.040666667,0.047333333,0.047333333,0.017333333,0.017333333,-0.490666667,0.490666667,-0.000666667,0.000666667,-0.016666667,0.016666667,4,1,0,0,0,0,0,0,0.064449589,0.445391489,3.110080719
34.079333333,0,-0.005333333,0.005333333,-0.041333333,0.041333333,0.046666667,0.046666667,-0.003333333,0.003333333,-0.291333333,0.291333333,-0.001333333,0.001333333,-0.005333333,0.005333333,4,1,0,0,0,0,0,0,0.072560617,0.485477756,3.107814357
34.178666667,0,-0.006666667,0.006666667,-0.040666667,0.040666667,0.047333333,0.047333333,0.017333333,0.017333333,-0.390666667,0.390666667,-0.002666667,0.002666667,0.005333333,0.005333333,4,1,0,0,0,0,0,0,-0.018836938,0.537115157,3.108075945
34.278666667,0,-0.006666667,0.006666667,-0.040666667,0.040666667,0.047333333,0.047333333,-0.002666667,0.002666667,-0.190666667,0.190666667,-0.000666667,0.000666667,-0.018666667,0.018666667,4,1,0,0,0,0,0,0,-0.053911295,0.540011210,3.108227647
34.378666667,0,-0.006666667,0.006666667,-0.040666667,0.040666667,0.047333333,0.047333333,0.017333333,0.017333333,-0.290666667,0.290666667,-0.000666667,0.000666667,-0.006666667,0.006666667,4,1,0,0,0,0,0,0,-0.071547192,0.561705224,3.110389201
34.478666667,0,-0.006666667,0.006666667,-0.040666667,0.040666667,0.047333333,0.047333333,-0.002666667,0.002666667,-0.190666667,0.190666667,-0.004666667,0.004666667,0.001333333,0.001333333,4,1,0,0,0,0,0,0,-0.078261531,0.621169434,3.111267186
34.578666667,0,-0.006666667,0.006666667,-0.040666667,0.040666667,0.047333333,0.047333333,0.017333333,0.017333333,-0.290666667,0.290666667,-0.000666667,0.000666667,0.015333333,0.015333333,4,1,0,0,0,0,0,0,-0.059016789,0.651383143,3.115442899
34.680000000,0,-0.004000000,0.004000000,-0.042000000,0.042000000,0.046000000,0.046000000,-0.004000000,0.004000000,-0.192000000,0.192000000,-0.002000000,0.002000000,-0.012000000,0.012000000,4,1,0,0,0,0,0,0,-0.072358173,0.683705865,3.111109117
34.778666667,0,-0.006666667,0.006666667,-0.040666667,0.040666667,0.047333333,0.047333333,0.017333333,0.017333333,-0.290666667,0.290666667,-0.000666667,0.000666667,0.003333333,0.003333333,4,1,0,0,0,0,0,0,-0.084464483,0.724552830,3.117738900
34.878666667,0,-0.006666667,0.006666667,-0.040666667,0.040666667,0.047333333,0.047333333,-0.002666667,0.002666667,-0.390666667,0.390666667,-0.000666667,0.000666667,0.013333333,0.013333333,4,1,0,0,0,0,0,0,-0.104109246,0.752707775,3.132091811
34.978666667,0,-0.006666667,0.006666667,-0.040666667,0.040666667,0.047333333,0.047333333,0.017333333,0.017333333,-0.390666667,0.390666667,-0.002666667,0.002666667,-0.002666667,0.002666667,4,1,0,0,0,0,0,0,-0.083134937,0.775647840,3.134429777
35.078666667,0,-0.006666667,0.006666667,-0.040666667,0.040666667,0.047333333,0.047333333,-0.002666667,0.002666667,-0.190666667,0.190666667,-0.002666667,0.002666667,0.015333333,0.015333333,4,1,0,0,0,0,0,0,-0.045525022,0.799252843,3.124599315
35.178666667,0,-0.006666667,0.006666667,-0.040666667,0.040666667,0.047333333,0.047333333,0.017333333,0.017333333,-0.290666667,0.290666667,-0.000666667,0.000666667,0.007333333,0.007333333,4,1,0,0,0,0,0,0,-0.092222672,0.858159212,3.109958345
35.278666667,0,-0.006666667,0.006666667,-0.040666667,0.040666667,0.047333333,0.047333333,-0.002666667,0.002666667,-0.288666667,0.288666667,-0.000666667,0.000666667,-0.014666667,0.014666667,4,1,0,0,0,0,0,0,-0.101044651,0.917525768,3.080825097
35.378666667,0,-0.006666667,0.006666667,-0.040666667,0.040666667,0.047333333,0.047333333,0.017333333,0.017333333,-0.388666667,0.388666667,-0.000666667,0.000666667,-0.004666667,0.004666667,4,1,0,0,0,0,0,0,-0.121483464,1.005706437,3.077167564
35.478666667,0,-0.006666667,0.006666667,-0.040666667,0.040666667,0.047333333,0.047333333,-0.002666667,0.002666667,-0.190666667,0.190666667,-0.000666667,0.000666667,0.001333333,0.001333333,4,1,0,0,0,0,0,0,-0.181813684,1.046636348,3.074999009
35.578666667,0,-0.006666667,0.006666667,-0.040666667,0.040666667,0.047333333,0.047333333,0.017333333,0.017333333,-0.290666667,0.290666667,-0.002666667,0.002666667,-0.016666667,0.016666667,4,1,0,0,0,0,0,0,-0.178250021,1.073474391,3.074196433
35.678666667,0,-0.006666667,0.006666667,-0.040666667,0.040666667,0.047333333,0.047333333,-0.000666667,0.000666667,-0.290666667,0.290666667,-0.000666667,0.000666667,0.005333333,0.005333333,4,1,0,0,0,0,0,0,-0.134196642,1.130182349,3.072542670
35.778666667,0,-0.006666667,0.006666667,-0.040666667,0.040666667,0.047333333,0.047333333,0.017333333,0.017333333,-0.390666667,0.390666667,-0.000666667,0.000666667,-0.008666667,0.008666667,4,1,0,0,0,0,0,0,-0.149387587,1.180060805,3.064623951
35.878666667,0,-0.006666667,0.006666667,-0.040666667,0.040666667,0.047333333,0.047333333,-0.002666667,0.002666667,-0.290666667,0.290666667,-0.000666667,0.000666667,0.003333333,0.003333333,4,1,0,0,0,0,0,0,-0.149040760,1.229355231,3.064651089
35.978666667,0,-0.006666667,0.006666667,-0.040666667,0.040666667,0.047333333,0.047333333,0.017333333,0.017333333,-0.090666667,0.090666667,-0.000666667,0.000666667,0.013333333,0.013333333,4,1,0,0,0,0,0,0,-0.109589703,1.282551188,3.073879078
36.078666667,0,-0.006666667,0.006666667,-0.040666667,0.040666667,0.047333333,0.047333333,-0.002666667,0.002666667,-0.190666667,0.190666667,-0.000666667,0.000666667,-0.000666667,0.000666667,4,1,0,0,0,0,0,0,-0.128966963,1.318517070,3.079920438
36.178666667,0,-0.006666667,0.006666667,-0.040666667,0.040666667,0.047333333,0.047333333,0.017333333,0.017333333,-0.190666667,0.190666667,-0.000666667,0.000666667,0.009333333,0.009333333,4,1,0,0,0,0,0,0,-0.132089634,1.342087862,3.078612882
36.278666667,0,-0.006666667,0.006666667,-0.040666667,0.040666667,0.047333333,0.047333333,-0.002666667,0.002666667,-0.290666667,0.290666667,-0.000666667,0.000666667,-0.006666667,0.006666667,4,1,0,0,0,0,0,0,-0.162599881,1.397235189,3.070744712
36.378666667,0,-0.006666667,0.006666667,-0.040666667,0.040666667,0.047333333,0.047333333,0.017333333,0.017333333,-0.390666667,0.390666667,-0.000666667,0.000666667,0.003333333,0.003333333,4,1,0,0,0,0,0,0,-0.185445291,1.449655633,3.074180529
36.478666667,0,-0.006666667,0.006666667,-0.040666667,0.040666667,0.047333333,0.047333333,-0.002666667,0.002666667,-0.290666667,0.290666667,0.003333333,0.003333333,-0.016666667,0.016666667,4,1,0,0,0,0,0,0,-0.127669397,1.523244940,3.071934602
36.578666667,0,-0.006666667,0.006666667,-0.040666667,0.040666667,0.047333333,0.047333333,0.017333333,0.017333333,-0.190666667,0.190666667,-0.000666667,0.000666667,-0.002666667,0.002666667,4,1,0,0,0,0,0,0,-0.132987344,1.582196167,3.069625846
36.678666667,0,-0.006666667,0.006666667,-0.040666667,0.040666667,0.047333333,0.047333333,-0.002666667,0.002666667,-0.290666667,0.290666667,-0.000666667,0.000666667,0.015333333,0.015333333,4,1,0,0,0,0,0,0,-0.185079573,1.599024895,3.063287815
36.778666667,0,-0.006666667,0.006666667,-0.040666667,0.040666667,0.047333333,0.047333333,-0.018666667,0.018666667,-0.190666667,0.190666667,-0.002666667,0.002666667,-0.000666667,0.000666667,4,1,0,0,0,0,0,0,-0.184266495,1.653275937,3.059296909
36.878666667,0,-0.006666667,0.006666667,-0.040666667,0.040666667,0.047333333,0.047333333,-0.002666667,0.002666667,-0.290666667,0.290666667,-0.000666667,0.000666667,-0.000666667,0.000666667,4,1,0,0,0,0,0,0,-0.125972002,1.692866200,3.060085562
36.978666667,0,-0.006666667,0.006666667,-0.040666667,0.040666667,0.047333333,0.047333333,0.017333333,0.017333333,-0.190666667,0.190666667,-0.002666667,0.002666667,-0.014666667,0.014666667,4,1,0,0,0,0,0,0,-0.166445601,1.736248786,3.066220911
37.078666667,0,-0.006666667,0.006666667,-0.040666667,0.040666667,0.047333333,0.047333333,-0.002666667,0.002666667,-0.290666667,0.290666667,-0.000666667,0.000666667,0.003333333,0.003333333,4,1,0,0,0,0,0,0,-0.167412594,1.801412243,3.064530077
37.178666667,0,-0.006666667,0.006666667,-0.040666667,0.040666667,0.047333333,0.047333333,0.017333333,0.017333333,-0.290666667,0.290666667,-0.002666667,0.002666667,-0.016666667,0.016666667,4,1,0,0,0,0,0,0,-0.132313584,1.843897344,3.080458837
37.278666667,0,-0.006666667,0.006666667,-0.040666667,0.040666667,0.047333333,0.047333333,-0.002666667,0.002666667,-0.390666667,0.390666667,-0.002666667,0.002666667,0.001333333,0.001333333,4,1,0,0,0,0,0,0,-0.144728244,1.893335720,3.076382614
37.378666667,0,-0.006666667,0.006666667,-0.040666667,0.040666667,0.047333333,0.047333333,0.017333333,0.017333333,-0.190666667,0.190666667,-0.000666667,0.000666667,0.013333333,0.013333333,4,1,0,0,0,0,0,0,-0.151542408,1.940584385,3.077734673
37.478666667,0,-0.006666667,0.006666667,-0.040666667,0.040666667,0.047333333,0.047333333,-0.002666667,0.002666667,-0.190666667,0.190666667,-0.000666667,0.000666667,-0.006666667,0.006666667,4,1,0,0,0,0,0,0,-0.173446097,1.960263012,3.068639135
37.578666667,0,-0.006666667,0.006666667,-0.040666667,0.040666667,0.047333333,0.047333333,0.017333333,0.017333333,-0.190666667,0.190666667,-0.002666667,0.002666667,0.007333333,0.007333333,4,1,0,0,0,0,0,0,-0.218834408,2.044218545,3.065877635
37.678666667,0,-0.006666667,0.006666667,-0.040666667,0.040666667,0.047333333,0.047333333,-0.002666667,0.002666667,-0.190666667,0.190666667,-0.002666667,0.002666667,0.015333333,0.015333333,4,1,0,0,0,0,0,0,-0.201167850,2.126362721,3.061447178
37.778666667,0,-0.006666667,0.006666667,-0.040666667,0.040666667,0.047333333,0.047333333,0.017333333,0.017333333,-0.190666667,0.190666667,-0.000666667,0.000666667,0.005333333,0.005333333,4,1,0,0,0,0,0,0,-0.158336930,2.154686070,3.066363082
37.878666667,0,-0.006666667,0.006666667,-0.040666667,0.040666667,0.047333333,0.047333333,-0.002666667,0.002666667,-0.190666667,0.190666667,-0.002666667,0.002666667,0.013333333,0.013333333,4,1,0,0,0,0,0,0,-0.129535982,2.175157874,3.068540518
37.978666667,0,-0.006666667,0.006666667,-0.040666667,0.040666667,0.047333333,0.047333333,0.017333333,0.017333333,-0.290666667,0.290666667,-0.000666667,0.000666667,-0.008666667,0.008666667,4,1,0,0,0,0,0,0,-0.165853708,2.181480213,3.068325043
38.078666667,0,-0.006666667,0.006666667,-0.040666667,0.040666667,0.047333333,0.047333333,-0.002666667,0.002666667,-0.290666667,0.290666667,-0.002666667,0.002666667,-0.000666667,0.000666667,4,1,0,0,0,0,0,0,-0.204059254,2.195798309,3.082849538
38.178666667,0,-0.006666667,0.006666667,-0.040666667,0.040666667,0.047333333,0.047333333,0.017333333,0.017333333,-0.390666667,0.390666667,-0.002666667,0.002666667,0.011333333,0.011333333,4,1,0,0,0,0,0,0,-0.169875539,2.223502579,3.092738820
38.278666667,0,-0.006666667,0.006666667,-0.040666667,0.040666667,0.047333333,0.047333333,-0.002666667,0.002666667,-0.490666667,0.490666667,-0.002666667,0.002666667,-0.010666667,0.010666667,4,1,0,0,0,0,0,0,-0.210978363,2.313626782,3.091633949
38.345333333,0,0.026666667,0.026666667,-0.007333333,0.007333333,-0.019333333,0.019333333,0.010666667,0.010666667,-0.257333333,0.257333333,-0.009333333,0.009333333,0.000666667,0.000666667,4,1,0,0,0,0,0,0,-0.222827683,2.327483837,3.092733583
38.478666667,0,-0.006666667,0.006666667,-0.040666667,0.040666667,0.047333333,0.047333333,-0.002666667,0.002666667,-0.190666667,0.190666667,-0.000666667,0.000666667,0.017333333,0.017333333,4,1,0,0,0,0,0,0,-0.205574896,2.329363501,3.088602579
38.545333333,0,0.026666667,0.026666667,-0.007333333,0.007333333,-0.019333333,0.019333333,0.010666667,0.010666667,-0.257333333,0.257333333,-0.007333333,0.007333333,-0.009333333,0.009333333,4,1,0,0,0,0,0,0,-0.229340273,2.366963529,3.089530797
38.678666667,0,-0.006666667,0.006666667,-0.040666667,0.040666667,0.047333333,0.047333333,-0.002666667,0.002666667,-0.390666667,0.390666667,-0.000666667,0.000666667,0.005333333,0.005333333,4,1,0,0,0,0,0,0,-0.235879000,2.390363686,3.080932885
38.778666667,0,-0.006666667,0.006666667,-0.040666667,0.040666667,0.047333333,0.047333333,0.017333333,0.017333333,-0.288666667,0.288666667,-0.000666667,0.000666667,-0.012666667,0.012666667,4,1,0,0,0,0,0,0,-0.231845969,2.399666890,3.071709957
38.878666667,0,-0.006666667,0.006666667,-0.040666667,0.040666667,0.047333333,0.047333333,-0.002666667,0.002666667,-0.388666667,0.388666667,-0.000666667,0.000666667,0.007333333,0.007333333,4,1,0,0,0,0,0,0,-0.238292955,2.352259136,3.075863974
38.978666667,0,-0.006666667,0.006666667,-0.040666667,0.040666667,0.047333333,0.047333333,0.017333333,0.017333333,-0.288666667,0.288666667,-0.002666667,0.002666667,-0.012666667,0.012666667,4,1,0,0,0,0,0,0,-0.225235445,2.341427366,3.077342988
39.078666667,0,-0.006666667,0.006666667,-0.040666667,0.040666667,0.047333333,0.047333333,-0.002666667,0.002666667,-0.188666667,0.188666667,-0.000666667,0.000666667,0.005333333,0.005333333,4,1,0,0,0,0,0,0,-0.178514439,2.335189889,3.069856698
39.178666667,0,-0.006666667,0.006666667,-0.040666667,0.040666667,0.047333333,0.047333333,0.017333333,0.017333333,-0.288666667,0.288666667,-0.002666667,0.002666667,0.011333333,0.011333333,4,1,0,0,0,0,0,0,-0.151428518,2.315502100,3.068499336
39.278666667,0,-0.006666667,0.006666667,-0.040666667,0.040666667,0.047333333,0.047333333,-0.002666667,0.002666667,-0.288666667,0.288666667,-0.002666667,0.002666667,-0.012666667,0.012666667,4,1,0,0,0,0,0,0,-0.192024024,2.298014856,3.070843010
39.378666667,0,-0.006666667,0.006666667,-0.040666667,0.040666667,0.047333333,0.047333333,0.017333333,0.017333333,-0.388666667,0.388666667,-0.000666667,0.000666667,-0.000666667,0.000666667,4,1,0,0,0,0,0,0,-0.248069414,2.281855008,3.062618416
39.478666667,0,-0.006666667,0.006666667,-0.040666667,0.040666667,0.047333333,0.047333333,-0.002666667,0.002666667,-0.188666667,0.188666667,-0.002666667,0.002666667,0.013333333,0.013333333,4,1,0,0,0,0,0,0,-0.233850434,2.220873721,3.065043881
39.578666667,0,-0.006666667,0.006666667,-0.040666667,0.040666667,0.047333333,0.047333333,0.017333333,0.017333333,-0.288666667,0.288666667,-0.002666667,0.002666667,-0.008666667,0.008666667,4,1,0,0,0,0,0,0,-0.242587478,2.176868804,3.071413777
39.678666667,0,-0.006666667,0.006666667,-0.040666667,0.040666667,0.047333333,0.047333333,-0.002666667,0.002666667,-0.388666667,0.388666667,-0.000666667,0.000666667,0.007333333,0.007333333,4,1,0,0,0,0,0,0,-0.232339485,2.186741637,3.069075605
39.778666667,0,-0.006666667,0.006666667,-0.040666667,0.040666667,0.047333333,0.047333333,0.017333333,0.017333333,-0.388666667,0.388666667,-0.000666667,0.000666667,-0.012666667,0.012666667,4,1,0,0,0,0,0,0,-0.161710694,2.096885613,3.072079000
39.878666667,0,-0.006666667,0.006666667,-0.040666667,0.040666667,0.047333333,0.047333333,-0.002666667,0.002666667,-0.488666667,0.488666667,-0.000666667,0.000666667,-0.000666667,0.000666667,4,1,0,0,0,0,0,0,-0.202448315,2.068575351,3.071624585
39.978666667,0,-0.006666667,0.006666667,-0.040666667,0.040666667,0.047333333,0.047333333,0.017333333,0.017333333,-0.288666667,0.288666667,-0.000666667,0.000666667,0.005333333,0.005333333,4,1,0,0,0,0,0,0,-0.277346507,2.062543970,3.066965870
40.078666667,0,-0.006666667,0.006666667,-0.040666667,0.040666667,0.047333333,0.047333333,-0.002666667,0.002666667,-0.388666667,0.388666667,-0.002666667,0.002666667,0.015333333,0.015333333,4,1,0,0,0,0,0,0,-0.203832440,1.998263871,3.070810578
40.178666667,0,-0.006666667,0.006666667,-0.040666667,0.040666667,0.047333333,0.047333333,0.017333333,0.017333333,-0.288666667,0.288666667,-0.002666667,0.002666667,-0.006666667,0.006666667,4,1,0,0,0,0,0,0,-0.162652097,1.930741956,3.057599397
40.278666667,0,-0.006666667,0.006666667,-0.040666667,0.040666667,0.047333333,0.047333333,-0.002666667,0.002666667,-0.388666667,0.388666667,-0.002666667,0.002666667,0.003333333,0.003333333,4,1,0,0,0,0,0,0,-0.183834477,1.899431588,3.059256138
40.378666667,0,-0.006666667,0.006666667,-0.040666667,0.040666667,0.047333333,0.047333333,0.017333333,0.017333333,-0.488666667,0.488666667,-0.002666667,0.002666667,0.015333333,0.015333333,4,1,0,0,0,0,0,0,-0.154699543,1.921624210,3.057168977
40.479333333,0,-0.007333333,0.007333333,-0.041333333,0.041333333,0.048666667,0.048666667,-0.003333333,0.003333333,-0.289333333,0.289333333,-0.003333333,0.003333333,-0.007333333,0.007333333,4,1,0,0,0,0,0,0,-0.150143340,1.850414099,3.062344317
40.578666667,0,-0.006666667,0.006666667,-0.040666667,0.040666667,0.047333333,0.047333333,0.017333333,0.017333333,-0.388666667,0.388666667,-0.000666667,0.000666667,0.003333333,0.003333333,4,1,0,0,0,0,0,0,-0.190718143,1.794429186,3.053672127
40.678666667,0,-0.006666667,0.006666667,-0.040666667,0.040666667,0.047333333,0.047333333,-0.002666667,0.002666667,-0.488666667,0.488666667,-0.002666667,0.002666667,-0.016666667,0.016666667,4,1,0,0,0,0,0,0,-0.180482150,1.797129515,3.059804647
40.778666667,0,-0.006666667,0.006666667,-0.040666667,0.040666667,0.047333333,0.047333333,0.017333333,0.017333333,-0.288666667,0.288666667,-0.000666667,0.000666667,-0.008666667,0.008666667,4,1,0,0,0,0,0,0,-0.169560479,1.780207831,3.061410470
40.878666667,0,-0.006666667,0.006666667,-0.040666667,0.040666667,0.047333333,0.047333333,-0.002666667,0.002666667,-0.388666667,0.388666667,-0.000666667,0.000666667,0.001333333,0.001333333,4,1,0,0,0,0,0,0,-0.159754347,1.693468652,3.048776328
40.978666667,0,-0.006666667,0.006666667,-0.040666667,0.040666667,0.047333333,0.047333333,0.017333333,0.017333333,-0.288666667,0.288666667,-0.000666667,0.000666667,0.013333333,0.013333333,4,1,0,0,0,0,0,0,-0.114462262,1.591532115,3.038081542
41.078666667,0,-0.006666667,0.006666667,-0.040666667,0.040666667,0.047333333,0.047333333,-0.002666667,0.002666667,-0.388666667,0.388666667,-0.000666667,0.000666667,-0.008666667,0.008666667,4,1,0,0,0,0,0,0,-0.110017599,1.583270017,3.049298875
41.145333333,0,0.026666667,0.026666667,-0.007333333,0.007333333,-0.019333333,0.019333333,0.010666667,0.010666667,-0.255333333,0.255333333,-0.007333333,0.007333333,0.000666667,0.000666667,4,1,0,0,0,0,0,0,-0.118117327,1.586373896,3.047533070
41.279333333,0,-0.005333333,0.005333333,-0.041333333,0.041333333,0.046666667,0.046666667,-0.001333333,0.001333333,-0.389333333,0.389333333,-0.005333333,0.005333333,0.014666667,0.014666667,4,1,0,0,0,0,0,0,-0.152927045,1.526747750,3.073732405
41.378666667,0,-0.006666667,0.006666667,-0.040666667,0.040666667,0.047333333,0.047333333,0.017333333,0.017333333,-0.188666667,0.188666667,-0.000666667,0.000666667,-0.008666667,0.008666667,4,1,0,0,0,0,0,0,-0.162199296,1.504869885,3.076831031
41.478666667,0,-0.006666667,0.006666667,-0.040666667,0.040666667,0.047333333,0.047333333,-0.002666667,0.002666667,-0.088666667,0.088666667,-0.000666667,0.000666667,0.003333333,0.003333333,4,1,0,0,0,0,0,0,-0.145628230,1.478713375,3.079283874
41.580000000,0,-0.004000000,0.004000000,-0.042000000,0.042000000,0.046000000,0.046000000,0.016000000,0.016000000,-0.090000000,0.090000000,-0.004000000,0.004000000,0.014000000,0.014000000,4,1,0,0,0,0,0,0,-0.094077631,1.399877526,3.076034294
41.678666667,0,-0.006666667,0.006666667,-0.040666667,0.040666667,0.047333333,0.047333333,-0.002666667,0.002666667,-0.188666667,0.188666667,-0.002666667,0.002666667,-0.008666667,0.008666667,4,1,0,0,0,0,0,0,-0.074569949,1.317297994,3.081698677
41.778666667,0,-0.006666667,0.006666667,-0.040666667,0.040666667,0.047333333,0.047333333,0.017333333,0.017333333,-0.188666667,0.188666667,-0.002666667,0.002666667,-0.000666667,0.000666667,4,1,0,0,0,0,0,0,-0.125772746,1.319311288,3.086492906
41.878666667,0,-0.006666667,0.006666667,-0.040666667,0.040666667,0.047333333,0.047333333,-0.002666667,0.002666667,-0.288666667,0.288666667,-0.000666667,0.000666667,0.011333333,0.011333333,4,1,0,0,0,0,0,0,-0.161832494,1.317218447,3.085367059
41.978666667,0,-0.006666667,0.006666667,-0.040666667,0.040666667,0.047333333,0.047333333,0.017333333,0.017333333,-0.388666667,0.388666667,-0.000666667,0.000666667,-0.012666667,0.012666667,4,1,0,0,0,0,0,0,-0.145275434,1.304534011,3.080550793
42.078666667,0,-0.006666667,0.006666667,-0.040666667,0.040666667,0.047333333,0.047333333,-0.002666667,0.002666667,-0.388666667,0.388666667,-0.000666667,0.000666667,0.001333333,0.001333333,4,1,0,0,0,0,0,0,-0.107639393,1.239860060,3.078215244
42.179333333,0,-0.007333333,0.007333333,-0.039333333,0.039333333,0.046666667,0.046666667,0.016666667,0.016666667,-0.489333333,0.489333333,-0.001333333,0.001333333,0.014666667,0.014666667,4,1,0,0,0,0,0,0,-0.057427069,1.175219287,3.084875278
42.278666667,0,-0.006666667,0.006666667,-0.040666667,0.040666667,0.047333333,0.047333333,-0.002666667,0.002666667,-0.588666667,0.588666667,-0.000666667,0.000666667,-0.006666667,0.006666667,4,0,0,0,0,0,0,0,-0.067458752,1.156825866,3.072935862
42.378666667,0,-0.006666667,0.006666667,-0.040666667,0.040666667,0.047333333,0.047333333,0.017333333,0.017333333,-0.388666667,0.388666667,-0.000666667,0.000666667,0.005333333,0.005333333,4,1,0,0,0,0,0,0,-0.094252042,1.143547415,3.074014674
42.478666667,0,-0.006666667,0.006666667,-0.040666667,0.040666667,0.047333333,0.047333333,-0.002666667,0.002666667,-0.488666667,0.488666667,-0.000666667,0.000666667,-0.018666667,0.018666667,4,1,0,0,0,0,0,0,-0.057909660,1.063825788,3.075134637
42.578666667,0,-0.006666667,0.006666667,-0.040666667,0.040666667,0.047333333,0.047333333,0.017333333,0.017333333,-0.288666667,0.288666667,-0.000666667,0.000666667,-0.002666667,0.002666667,4,1,0,0,0,0,0,0,-0.064055228,0.984690732,3.064445948
42.678666667,0,-0.006666667,0.006666667,-0.040666667,0.040666667,0.047333333,0.047333333,-0.002666667,0.002666667,-0.388666667,0.388666667,-0.000666667,0.000666667,0.013333333,0.013333333,5,1,0,0,0,0,0,0,-0.116679442,0.940395396,3.064992613
42.778666667,0,-0.006666667,0.006666667,-0.040666667,0.040666667,0.047333333,0.047333333,0.017333333,0.017333333,-0.288666667,0.288666667,-0.002666667,0.002666667,-0.012666667,0.012666667,5,1,0,0,0,0,0,0,-0.135765054,0.852613349,3.057300073
42.878666667,0,-0.006666667,0.006666667,-0.040666667,0.040666667,0.047333333,0.047333333,-0.002666667,0.002666667,-0.388666667,0.388666667,-0.002666667,0.002666667,-0.000666667,0.000666667,5,1,0,0,0,0,0,0,-0.089138569,0.884191779,3.061592457
42.978666667,0,-0.006666667,0.006666667,-0.040666667,0.040666667,0.047333333,0.047333333,0.017333333,0.017333333,-0.488666667,0.488666667,-0.002666667,0.002666667,0.007333333,0.007333333,5,1,0,0,0,0,0,0,-0.208018705,0.771253530,3.062146346
43.078666667,0,-0.006666667,0.006666667,-0.040666667,0.040666667,0.047333333,0.047333333,-0.002666667,0.002666667,-0.088666667,0.088666667,-0.000666667,0.000666667,-0.014666667,0.014666667,5,1,0,0,0,0,0,0,-0.180085940,0.718843335,3.059223251
43.178666667,0,-0.006666667,0.006666667,-0.040666667,0.040666667,0.047333333,0.047333333,0.017333333,0.017333333,-0.188666667,0.188666667,-0.000666667,0.000666667,-0.002666667,0.002666667,5,1,0,0,0,0,0,0,-0.254073896,0.689707824,3.046271704
43.278666667,0,-0.006666667,0.006666667,-0.040666667,0.040666667,0.047333333,0.047333333,-0.002666667,0.002666667,-0.188666667,0.188666667,-0.000666667,0.000666667,0.009333333,0.009333333,5,1,0,0,0,0,0,0,-0.333811230,0.694425365,3.016230595
43.378666667,0,-0.006666667,0.006666667,-0.040666667,0.040666667,0.047333333,0.047333333,0.017333333,0.017333333,-0.288666667,0.288666667,-0.002666667,0.002666667,-0.012666667,0.012666667,5,1,0,0,0,0,0,0,-0.360996004,0.691975802,2.991889181
43.478666667,0,-0.006666667,0.006666667,-0.040666667,0.040666667,0.047333333,0.047333333,-0.002666667,0.002666667,-0.188666667,0.188666667,-0.002666667,0.002666667,-0.008666667,0.008666667,5,1,0,0,0,0,0,0,-0.406534396,0.663418713,2.965145941
43.579333333,0,-0.007333333,0.007333333,-0.041333333,0.041333333,0.048666667,0.048666667,0.018666667,0.018666667,-0.189333333,0.189333333,-0.003333333,0.003333333,0.000666667,0.000666667,5,1,0,0,0,0,0,0,-0.385234893,0.633337160,2.943942334
43.678666667,0,-0.006666667,0.006666667,-0.040666667,0.040666667,0.047333333,0.047333333,-0.002666667,0.002666667,-0.188666667,0.188666667,-0.000666667,0.000666667,-0.016666667,0.016666667,5,1,0,0,0,0,0,0,-0.337827627,0.676545268,2.930085065
43.745333333,0,0.026666667,0.026666667,-0.007333333,0.007333333,-0.019333333,0.019333333,0.010666667,0.010666667,-0.255333333,0.255333333,-0.007333333,0.007333333,-0.007333333,0.007333333,5,1,0,0,0,0,0,0,-0.368590737,0.707627530,2.926130645
43.878666667,0,-0.006666667,0.006666667,-0.040666667,0.040666667,0.047333333,0.047333333,-0.002666667,0.002666667,-0.188666667,0.188666667,-0.000666667,0.000666667,0.011333333,0.011333333,5,1,0,0,0,0,0,0,-0.469583703,0.737172558,2.917960648
43.978666667,0,-0.006666667,0.006666667,-0.040666667,0.040666667,0.047333333,0.047333333,0.017333333,0.017333333,-0.288666667,0.288666667,-0.000666667,0.000666667,-0.008666667,0.008666667,5,1,0,0,0,0,0,0,-0.447513870,0.740941928,2.900356279
44.078666667,0,-0.006666667,0.006666667,-0.040666667,0.040666667,0.047333333,0.047333333,-0.002666667,0.002666667,-0.388666667,0.388666667,-0.000666667,0.000666667,0.001333333,0.001333333,5,1,0,0,0,0,0,0,-0.448584002,0.773175335,2.896175806
44.178666667,0,-0.006666667,0.006666667,-0.040666667,0.040666667,0.047333333,0.047333333,0.017333333,0.017333333,-0.388666667,0.388666667,-0.002666667,0.002666667,0.003333333,0.003333333,5,1,0,0,0,0,0,0,-0.430750631,0.853548686,2.895536097
44.278666667,0,-0.006666667,0.006666667,-0.040666667,0.040666667,0.047333333,0.047333333,-0.002666667,0.002666667,-0.488666667,0.488666667,-0.002666667,0.002666667,-0.014666667,0.014666667,5,1,0,0,0,0,0,0,-0.418127251,0.861237660,2.892825245
44.378666667,0,-0.006666667,0.006666667,-0.040666667,0.040666667,0.047333333,0.047333333,0.017333333,0.017333333,-0.288666667,0.288666667,-0.002666667,0.002666667,0.005333333,0.005333333,5,1,0,0,0,0,0,0,-0.509726868,0.866174154,2.898238986
44.478666667,0,-0.006666667,0.006666667,-0.040666667,0.040666667,0.047333333,0.047333333,-0.002666667,0.002666667,-0.388666667,0.388666667,-0.000666667,0.000666667,-0.012666667,0.012666667,5,1,0,0,0,0,0,0,-0.560542436,0.896793849,2.904043396
44.579333333,0,-0.007333333,0.007333333,-0.039333333,0.039333333,0.046666667,0.046666667,0.016666667,0.016666667,-0.489333333,0.489333333,-0.001333333,0.001333333,-0.001333333,0.001333333,5,1,0,0,0,0,0,0,-0.524243027,0.893888772,2.914133922
44.678666667,0,-0.006666667,0.006666667,-0.040666667,0.040666667,0.047333333,0.047333333,-0.002666667,0.002666667,-0.286666667,0.286666667,-0.000666667,0.000666667,0.009333333,0.009333333,5,1,0,0,0,0,0,0,-0.536848199,0.922053525,2.921271977
44.778666667,0,-0.006666667,0.006666667,-0.040666667,0.040666667,0.047333333,0.047333333,0.017333333,0.017333333,-0.386666667,0.386666667,-0.000666667,0.000666667,-0.012666667,0.012666667,5,1,0,0,0,0,0,0,-0.639411699,0.916709719,2.930065510
44.878666667,0,-0.006666667,0.006666667,-0.040666667,0.040666667,0.047333333,0.047333333,-0.002666667,0.002666667,-0.286666667,0.286666667,-0.002666667,0.002666667,0.001333333,0.001333333,5,1,0,0,0,0,0,0,-0.690810032,0.944984070,2.931682033
44.945333333,0,0.026666667,0.026666667,-0.007333333,0.007333333,-0.019333333,0.019333333,0.010666667,0.010666667,-0.353333333,0.353333333,-0.009333333,0.009333333,-0.017333333,0.017333333,5,1,0,0,0,0,0,0,-0.698013618,0.983905812,2.930423371
45.078666667,0,-0.006666667,0.006666667,-0.040666667,0.040666667,0.047333333,0.047333333,-0.002666667,0.002666667,-0.286666667,0.286666667,-0.000666667,0.000666667,0.009333333,0.009333333,5,1,0,0,0,0,0,0,-0.681804319,1.040403297,2.905298839
45.178666667,0,-0.006666667,0.006666667,-0.040666667,0.040666667,0.047333333,0.047333333,0.017333333,0.017333333,-0.386666667,0.386666667,-0.000666667,0.000666667,-0.012666667,0.012666667,5,1,0,0,0,0,0,0,-0.744682519,1.008275922,2.900216673
45.278666667,0,-0.006666667,0.006666667,-0.040666667,0.040666667,0.047333333,0.047333333,-0.002666667,0.002666667,-0.286666667,0.286666667,-0.000666667,0.000666667,-0.000666667,0.000666667,5,1,0,0,0,0,0,0,-0.794472946,1.007500867,2.894468074
45.378666667,0,-0.006666667,0.006666667,-0.040666667,0.040666667,0.047333333,0.047333333,0.017333333,0.017333333,-0.386666667,0.386666667,-0.000666667,0.000666667,0.009333333,0.009333333,5,1,0,0,0,0,0,0,-0.801338218,0.992021384,2.901342991
45.478666667,0,-0.006666667,0.006666667,-0.040666667,0.040666667,0.047333333,0.047333333,-0.002666667,0.002666667,-0.286666667,0.286666667,-0.002666667,0.002666667,-0.012666667,0.012666667,5,1,0,0,0,0,0,0,-0.854968712,1.023235791,2.894451786
45.578666667,0,-0.006666667,0.006666667,-0.040666667,0.040666667,0.047333333,0.047333333,0.017333333,0.017333333,-0.386666667,0.386666667,-0.000666667,0.000666667,-0.004666667,0.004666667,5,1,0,0,0,0,0,0,-0.901012248,1.040854529,2.885262277
45.678666667,0,-0.006666667,0.006666667,-0.040666667,0.040666667,0.047333333,0.047333333,-0.002666667,0.002666667,-0.186666667,0.186666667,-0.000666667,0.000666667,0.005333333,0.005333333,5,1,0,0,0,0,0,0,-0.891308988,1.043339308,2.854610073
45.745333333,0,0.026666667,0.026666667,-0.007333333,0.007333333,-0.019333333,0.019333333,0.010666667,0.010666667,-0.253333333,0.253333333,-0.007333333,0.007333333,0.014666667,0.014666667,5,1,0,0,0,0,0,0,-0.883024959,1.029680589,2.843611415
45.878666667,0,-0.006666667,0.006666667,-0.040666667,0.040666667,0.047333333,0.047333333,-0.002666667,0.002666667,-0.386666667,0.386666667,-0.000666667,0.000666667,-0.002666667,0.002666667,5,1,0,0,0,0,0,0,-0.919698175,0.988766370,2.827329795
45.945333333,0,0.026666667,0.026666667,-0.007333333,0.007333333,-0.019333333,0.019333333,0.010666667,0.010666667,-0.253333333,0.253333333,-0.007333333,0.007333333,0.004666667,0.004666667,5,1,0,0,0,0,0,0,-0.948269004,0.973325273,2.814580880
46.078666667,0,-0.006666667,0.006666667,-0.040666667,0.040666667,0.047333333,0.047333333,-0.002666667,0.002666667,-0.386666667,0.386666667,-0.000666667,0.000666667,-0.014666667,0.014666667,5,1,0,0,0,0,0,0,-1.079135165,0.953368901,2.813609253
46.178666667,0,-0.006666667,0.006666667,-0.040666667,0.040666667,0.047333333,0.047333333,0.017333333,0.017333333,-0.286666667,0.286666667,-0.000666667,0.000666667,-0.000666667,0.000666667,5,1,0,0,0,0,0,0,-1.084755934,0.876595759,2.779885857
46.278666667,0,-0.006666667,0.006666667,-0.040666667,0.040666667,0.047333333,0.047333333,-0.002666667,0.002666667,-0.386666667,0.386666667,-0.000666667,0.000666667,0.005333333,0.005333333,5,1,0,0,0,0,0,0,-1.114162119,0.845771060,2.757252741
46.378666667,0,-0.006666667,0.006666667,-0.040666667,0.040666667,0.047333333,0.047333333,0.017333333,0.017333333,-0.286666667,0.286666667,-0.002666667,0.002666667,0.017333333,0.017333333,5,1,0,0,0,0,0,0,-1.167802075,0.845765009,2.730840156
46.478666667,0,-0.006666667,0.006666667,-0.040666667,0.040666667,0.047333333,0.047333333,-0.002666667,0.002666667,-0.386666667,0.386666667,-0.000666667,0.000666667,-0.002666667,0.002666667,5,1,0,0,0,0,0,0,-1.158535125,0.817731705,2.705849777
46.578666667,0,-0.006666667,0.006666667,-0.040666667,0.040666667,0.047333333,0.047333333,0.017333333,0.017333333,-0.286666667,0.286666667,-0.000666667,0.000666667,0.001333333,0.001333333,5,1,0,0,0,0,0,0,-1.146513382,0.757506842,2.666816002
46.678666667,0,-0.006666667,0.006666667,-0.040666667,0.040666667,0.047333333,0.047333333,-0.002666667,0.002666667,-0.386666667,0.386666667,-0.002666667,0.002666667,0.015333333,0.015333333,5,1,0,0,0,0,0,0,-1.208214264,0.660433638,2.583917478
46.779333333,0,-0.005333333,0.005333333,-0.041333333,0.041333333,0.046666667,0.046666667,0.016666667,0.016666667,-0.287333333,0.287333333,-0.003333333,0.003333333,-0.007333333,0.007333333,5,1,1,1,1,1,1,2,-1.429093093,0.735708765,2.704532522
46.879333333,0,-0.007333333,0.007333333,-0.039333333,0.039333333,0.046666667,0.046666667,-0.003333333,0.003333333,-0.387333333,0.387333333,-0.003333333,0.003333333,0.002666667,0.002666667,5,1,1,1,1,1,1,2,-1.429411490,0.738931366,2.814600374
46.978666667,0,-0.006666667,0.006666667,-0.040666667,0.040666667,0.047333333,0.047333333,0.017333333,0.017333333,-0.286666667,0.286666667,-0.002666667,0.002666667,0.017333333,0.017333333,5,1,1,1,1,1,1,2,-1.455767648,0.688861728,2.927778531
47.078666667,0,-0.006666667,0.006666667,-0.040666667,0.040666667,0.047333333,0.047333333,-0.002666667,0.002666667,-0.386666667,0.386666667,-0.000666667,0.000666667,-0.006666667,0.006666667,5,1,1,1,1,1,1,2,-1.447218472,0.703161042,3.055503772
47.178666667,0,-0.006666667,0.006666667,-0.040666667,0.040666667,0.047333333,0.047333333,0.021333333,0.021333333,-0.486666667,0.486666667,-0.002666667,0.002666667,0.005333333,0.005333333,5,1,1,1,1,1,1,2,-1.501515608,0.770773616,3.149426534
47.279333333,0,-0.007333333,0.007333333,-0.041333333,0.041333333,0.048666667,0.048666667,-0.003333333,0.003333333,-0.287333333,0.287333333,-0.001333333,0.001333333,-0.015333333,0.015333333,5,1,1,1,1,1,1,2,-1.565676980,0.778748053,3.174821568
47.378666667,0,-0.006666667,0.006666667,-0.040666667,0.040666667,0.047333333,0.047333333,0.017333333,0.017333333,-0.386666667,0.386666667,-0.002666667,0.002666667,-0.008666667,0.008666667,5,1,1,1,1,1,1,2,-1.610258554,0.827266119,3.175538862
47.479333333,0,-0.007333333,0.007333333,-0.041333333,0.041333333,0.048666667,0.048666667,-0.003333333,0.003333333,-0.287333333,0.287333333,-0.003333333,0.003333333,0.000666667,0.000666667,5,1,1,1,1,1,1,2,-1.640984154,0.809321228,3.177898499
47.546000000,0,0.026000000,0.026000000,-0.008000000,0.008000000,-0.018000000,0.018000000,0.010000000,0.010000000,-0.354000000,0.354000000,-0.010000000,0.010000000,0.010000000,0.010000000,5,1,1,1,1,1,1,2,-1.614018355,0.815338092,3.177008015
47.645333333,0,0.026666667,0.026666667,-0.007333333,0.007333333,-0.019333333,0.019333333,-0.009333333,0.009333333,-0.453333333,0.453333333,-0.009333333,0.009333333,-0.011333333,0.011333333,5,1,1,1,1,1,1,2,-1.622597144,0.851421763,3.173559062
47.778666667,0,-0.006666667,0.006666667,-0.040666667,0.040666667,0.047333333,0.047333333,0.017333333,0.017333333,-0.386666667,0.386666667,-0.000666667,0.000666667,0.005333333,0.005333333,5,1,1,1,1,1,1,2,-1.666851921,0.833312721,3.170569902
47.878666667,0,-0.006666667,0.006666667,-0.040666667,0.040666667,0.047333333,0.047333333,-0.002666667,0.002666667,-0.486666667,0.486666667,-0.000666667,0.000666667,0.015333333,0.015333333,5,1,1,1,1,1,1,2,-1.707198498,0.866026268,3.172792336
47.978666667,0,-0.006666667,0.006666667,-0.040666667,0.040666667,0.047333333,0.047333333,0.017333333,0.017333333,-0.286666667,0.286666667,-0.000666667,0.000666667,-0.006666667,0.006666667,5,1,1,1,1,1,1,2,-1.861170433,0.749257919,3.167068873
48.045333333,0,0.026666667,0.026666667,-0.007333333,0.007333333,-0.019333333,0.019333333,-0.009333333,0.009333333,-0.353333333,0.353333333,-0.009333333,0.009333333,0.000666667,0.000666667,5,1,1,1,1,1,1,2,-1.836483208,0.755576468,3.155888350
48.178666667,0,-0.006666667,0.006666667,-0.040666667,0.040666667,0.047333333,0.047333333,0.017333333,0.017333333,-0.486666667,0.486666667,-0.000666667,0.000666667,0.015333333,0.015333333,5,1,1,1,1,0,1,2,-1.895608873,0.815580699,3.149555911
48.278666667,0,-0.006666667,0.006666667,-0.040666667,0.040666667,0.047333333,0.047333333,-0.002666667,0.002666667,-0.286666667,0.286666667,-0.000666667,0.000666667,-0.006666667,0.006666667,5,1,1,1,1,1,1,2,-1.876497392,0.722848877,3.133320012
48.378666667,0,-0.006666667,0.006666667,-0.040666667,0.040666667,0.047333333,0.047333333,0.017333333,0.017333333,-0.386666667,0.386666667,-0.000666667,0.000666667,-0.000666667,0.000666667,5,1,1,1,1,1,1,2,-1.956521617,0.744471710,3.129336445
48.478666667,0,-0.006666667,0.006666667,-0.040666667,0.040666667,0.047333333,0.047333333,-0.002666667,0.002666667,-0.486666667,0.486666667,-0.000666667,0.000666667,0.011333333,0.011333333,5,1,1,1,1,1,1,2,-1.942745212,0.734653074,3.129844773
48.578666667,0,-0.006666667,0.006666667,-0.040666667,0.040666667,0.047333333,0.047333333,0.017333333,0.017333333,-0.386666667,0.386666667,-0.003327187,0.003327187,-0.010666667,0.010666667,5,1,1,1,1,1,1,2,-2.009544773,0.643006905,3.127602611
48.678666667,0,-0.006666667,0.006666667,-0.040666667,0.040666667,0.047333333,0.047333333,-0.002666667,0.002666667,-0.486666667,0.486666667,-0.003320459,0.003320459,-0.000666667,0.000666667,5,1,1,1,1,1,1,2,-2.041717705,0.661425570,3.136807907
48.778666667,0,-0.006666667,0.006666667,-0.040666667,0.040666667,0.047333333,0.047333333,0.017333333,0.017333333,-0.286666667,0.286666667,0.000680255,0.000680255,0.007333333,0.007333333,5,1,1,1,1,1,1,2,-2.051172187,0.642811851,3.129723868
48.878666667,0,-0.006666667,0.006666667,-0.040666667,0.040666667,0.047333333,0.047333333,-0.002666667,0.002666667,-0.386666667,0.386666667,0.000686954,0.000686954,0.015333333,0.015333333,5,1,1,1,1,1,1,2,-2.054945468,0.656586564,3.127815660
48.945333333,0,0.026666667,0.026666667,-0.007333333,0.007333333,-0.019333333,0.019333333,0.010666667,0.010666667,-0.253333333,0.253333333,-0.009979027,0.009979027,-0.007333333,0.007333333,5,1,1,1,1,1,1,2,-2.087283252,0.623025936,3.119328291
49.081333333,0,-0.009333333,0.009333333,-0.035333333,0.035333333,0.044666667,0.044666667,-0.001333333,0.001333333,-0.389333333,0.389333333,-0.005990356,0.005990356,0.000666667,0.000666667,5,1,1,1,1,1,1,2,-2.049513684,0.587831314,3.117041253
49.145333333,0,0.026666667,0.026666667,-0.007333333,0.007333333,-0.019333333,0.019333333,0.010666667,0.010666667,-0.453333333,0.453333333,-0.009989699,0.009989699,0.002666667,0.002666667,5,1,1,1,1,1,1,2,-2.025142517,0.572371212,3.118306989
49.279333333,0,-0.007333333,0.007333333,-0.041333333,0.041333333,0.048666667,0.048666667,-0.001333333,0.001333333,-0.387333333,0.387333333,-0.000000428,0.000000428,0.012666667,0.012666667,5,1,1,1,1,1,1,2,-2.029749584,0.536584881,3.113915125
49.346000000,0,0.026000000,0.026000000,-0.008000000,0.008000000,-0.018000000,0.018000000,0.010000000,0.010000000,-0.454000000,0.454000000,-0.006666480,0.006666480,0.014000000,0.014000000,5,1,1,1,1,1,1,2,-2.046180959,0.528295743,3.114174480
49.446000000,0,0.026000000,0.026000000,-0.008000000,0.008000000,-0.018000000,0.018000000,-0.008000000,0.008000000,-0.554000000,0.554000000,0.009328120,0.009328120,0.006000000,0.006000000,5,0,0,0,0,0,0,0,-1.995935104,0.583390453,3.122170665
49.579333333,0,-0.007333333,0.007333333,-0.041333333,0.041333333,0.048666667,0.048666667,0.016666667,0.016666667,-0.287333333,0.287333333,-0.004016052,0.004016052,0.010666667,0.010666667,5,1,1,1,1,1,1,2,-1.973225907,0.521675284,3.119398151
49.678666667,0,-0.006666667,0.006666667,-0.040666667,0.040666667,0.047333333,0.047333333,-0.002666667,0.002666667,-0.386666667,0.386666667,-0.003354826,0.003354826,-0.008666667,0.008666667,5,1,1,1,1,1,1,2,-1.956023034,0.488090307,3.115600232
49.778666667,0,-0.006666667,0.006666667,-0.040666667,0.040666667,0.047333333,0.047333333,0.017333333,0.017333333,-0.286666667,0.286666667,-0.003353747,0.003353747,-0.010666667,0.010666667,5,1,1,1,1,1,1,2,-1.894318282,0.527219060,3.117826249
49.879333333,0,-0.007333333,0.007333333,-0.039333333,0.039333333,0.046666667,0.046666667,-0.003333333,0.003333333,-0.387333333,0.387333333,-0.000019893,0.000019893,-0.001333333,0.001333333,5,1,1,1,1,1,1,2,-1.854231774,0.499010473,3.108399635
49.978666667,0,-0.006666667,0.006666667,-0.040666667,0.040666667,0.047333333,0.047333333,0.017333333,0.017333333,-0.286666667,0.286666667,0.000653279,0.000653279,-0.014666667,0.014666667,5,1,1,1,1,1,1,2,-1.881796142,0.550795974,3.109449576
50.079333333,0,-0.007333333,0.007333333,-0.039333333,0.039333333,0.046666667,0.046666667,-0.003333333,0.003333333,-0.387333333,0.387333333,-0.000006894,0.000006894,0.010666667,0.010666667,5,1,1,1,1,1,1,2,-1.890561978,0.530988264,3.106043394
50.178666667,0,-0.006666667,0.006666667,-0.040666667,0.040666667,0.047333333,0.047333333,0.017333333,0.017333333,-0.286666667,0.286666667,0.000666251,0.000666251,-0.006666667,0.006666667,5,1,1,1,1,1,1,2,-1.808664425,0.545127389,3.104688804
50.278666667,0,-0.006666667,0.006666667,-0.040666667,0.040666667,0.047333333,0.047333333,-0.002666667,0.002666667,-0.386666667,0.386666667,0.000672717,0.000672717,0.007333333,0.007333333,5,1,1,1,1,1,1,2,-1.760500663,0.501787245,3.109206595
50.378666667,0,-0.006666667,0.006666667,-0.040666667,0.040666667,0.047333333,0.047333333,0.017333333,0.017333333,-0.286666667,0.286666667,0.000673170,0.000673170,-0.008666667,0.008666667,5,1,1,1,1,1,1,2,-1.682874616,0.552102527,3.118432144
50.478666667,0,-0.006666667,0.006666667,-0.040666667,0.040666667,0.047333333,0.047333333,-0.002666667,0.002666667,-0.386666667,0.386666667,-0.003326391,0.003326391,0.003333333,0.003333333,5,1,1,1,1,1,1,2,-1.691265114,0.530829346,3.110073527
50.578666667,0,-0.006666667,0.006666667,-0.040666667,0.040666667,0.047333333,0.047333333,0.017333333,0.017333333,-0.286666667,0.286666667,-0.003325966,0.003325966,0.013333333,0.013333333,5,1,1,1,1,1,1,2,-1.586089186,0.583645636,3.116190242
50.678666667,0,-0.006666667,0.006666667,-0.040666667,0.040666667,0.047333333,0.047333333,-0.002666667,0.002666667,-0.386666667,0.386666667,0.000674447,0.000674447,-0.008666667,0.008666667,5,1,1,1,1,1,1,2,-1.561082904,0.551109031,3.115300555
50.778666667,0,-0.006666667,0.006666667,-0.040666667,0.040666667,0.047333333,0.047333333,0.017333333,0.017333333,-0.486666667,0.486666667,0.000680846,0.000680846,-0.000666667,0.000666667,5,1,1,1,1,1,1,2,-1.549416841,0.520800888,3.116997605
50.878666667,0,-0.006666667,0.006666667,-0.040666667,0.040666667,0.047333333,0.047333333,-0.002666667,0.002666667,-0.384666667,0.384666667,0.000687231,0.000687231,0.009333333,0.009333333,5,1,1,1,1,1,1,2,-1.531927561,0.547686337,3.114717989
50.978666667,0,-0.006666667,0.006666667,-0.040666667,0.040666667,0.047333333,0.047333333,0.017333333,0.017333333,-0.484666667,0.484666667,-0.003312396,0.003312396,-0.012666667,0.012666667,5,1,1,1,1,1,1,2,-1.541387974,0.535121399,3.115178792
51.078666667,0,-0.006666667,0.006666667,-0.040666667,0.040666667,0.047333333,0.047333333,-0.002666667,0.002666667,-0.584666667,0.584666667,-0.003312037,0.003312037,-0.000666667,0.000666667,5,0,0,0,0,0,0,0,-1.452111869,0.578809679,3.115195856
51.178666667,0,-0.006666667,0.006666667,-0.040666667,0.040666667,0.047333333,0.047333333,0.017333333,0.017333333,-0.286666667,0.286666667,0.000682309,0.000682309,0.013333333,0.013333333,5,1,1,1,1,1,1,2,-1.396621762,0.511101329,3.120346770
51.278666667,0,-0.006666667,0.006666667,-0.040666667,0.040666667,0.047333333,0.047333333,-0.002666667,0.002666667,-0.386666667,0.386666667,-0.003317359,0.003317359,-0.012666667,0.012666667,5,1,1,1,1,1,1,2,-1.356960042,0.456295307,3.125257681
51.378666667,0,-0.006666667,0.006666667,-0.040666667,0.040666667,0.047333333,0.047333333,0.017333333,0.017333333,-0.286666667,0.286666667,-0.003311039,0.003311039,-0.000666667,0.000666667,5,1,1,1,1,1,1,2,-1.376122773,0.475047457,3.126886434
51.478666667,0,-0.006666667,0.006666667,-0.040666667,0.040666667,0.047333333,0.047333333,-0.002666667,0.002666667,-0.386666667,0.386666667,0.000695267,0.000695267,0.013333333,0.013333333,5,1,1,1,1,1,1,2,-1.372824450,0.446357488,3.126737639
51.578666667,0,-0.006666667,0.006666667,-0.040666667,0.040666667,0.047333333,0.047333333,0.017333333,0.017333333,-0.486666667,0.486666667,0.000701560,0.000701560,-0.012666667,0.012666667,5,1,1,1,1,1,1,2,-1.335385059,0.391685373,3.122654739
51.678666667,0,-0.006666667,0.006666667,-0.040666667,0.040666667,0.047333333,0.047333333,-0.002666667,0.002666667,-0.286666667,0.286666667,0.000701840,0.000701840,-0.000666667,0.000666667,5,1,0,0,0,0,0,0,-1.253140756,0.509544660,3.122180410
51.778666667,0,-0.006666667,0.006666667,-0.040666667,0.040666667,0.047333333,0.047333333,0.017333333,0.017333333,-0.386666667,0.386666667,0.000708107,0.000708107,0.005333333,0.005333333,5,1,0,0,0,0,0,0,-1.229045100,0.569911294,3.128103305
51.878666667,0,-0.006666667,0.006666667,-0.040666667,0.040666667,0.047333333,0.047333333,-0.002666667,0.002666667,-0.286666667,0.286666667,0.000714361,0.000714361,0.017333333,0.017333333,5,1,0,0,0,0,0,0,-1.153026178,0.607673708,3.129146046
51.978666667,0,-0.006666667,0.006666667,-0.040666667,0.040666667,0.047333333,0.047333333,0.017333333,0.017333333,-0.386666667,0.386666667,-0.003279399,0.003279399,-0.000666667,0.000666667,5,1,0,0,0,0,0,0,-1.109858598,0.613739726,3.122476235
52.078666667,0,-0.006666667,0.006666667,-0.040666667,0.040666667,0.047333333,0.047333333,-0.002666667,0.002666667,-0.486666667,0.486666667,-0.003273172,0.003273172,0.011333333,0.011333333,5,1,0,0,0,0,0,0,-1.073658136,0.641315322,3.125019674
52.178666667,0,-0.006666667,0.006666667,-0.040666667,0.040666667,0.047333333,0.047333333,0.017333333,0.017333333,-0.286666667,0.286666667,0.000727042,0.000727042,-0.010666667,0.010666667,5,1,0,0,0,0,0,0,-1.038601622,0.695636683,3.137243146
52.279333333,0,-0.007333333,0.007333333,-0.039333333,0.039333333,0.046666667,0.046666667,-0.003333333,0.003333333,-0.387333333,0.387333333,0.000072577,0.000072577,-0.001333333,0.001333333,5,1,0,0,0,0,0,0,-1.029134682,0.711243261,3.151671514
52.378666667,0,-0.006666667,0.006666667,-0.040666667,0.040666667,0.047333333,0.047333333,0.017333333,0.017333333,-0.286666667,0.286666667,-0.003272569,0.003272569,0.001333333,0.001333333,5,1,0,0,0,0,0,0,-0.960041650,0.705329522,3.155270335
52.479333333,0,-0.007333333,0.007333333,-0.039333333,0.039333333,0.046666667,0.046666667,-0.003333333,0.003333333,-0.387333333,0.387333333,-0.003933061,0.003933061,-0.007333333,0.007333333,5,1,0,0,0,0,0,0,-0.901235529,0.684075135,3.158515009
52.578666667,0,-0.006666667,0.006666667,-0.040666667,0.040666667,0.047333333,0.047333333,-0.018666667,0.018666667,-0.286666667,0.286666667,0.000727914,0.000727914,0.001333333,0.001333333,5,1,0,0,0,0,0,0,-0.873331906,0.682284978,3.155660213
52.678666667,0,-0.006666667,0.006666667,-0.040666667,0.040666667,0.047333333,0.047333333,-0.000666667,0.000666667,-0.386666667,0.386666667,-0.003272086,0.003272086,-0.012666667,0.012666667,6,1,0,0,0,0,0,0,-0.840100784,0.747847937,3.146251875
52.778666667,0,-0.006666667,0.006666667,-0.040666667,0.040666667,0.047333333,0.047333333,0.017333333,0.017333333,-0.486666667,0.486666667,-0.003277950,0.003277950,-0.016666667,0.016666667,6,1,0,0,0,0,0,0,-0.777359031,0.721896130,3.153561027
52.878666667,0,-0.006666667,0.006666667,-0.040666667,0.040666667,0.047333333,0.047333333,-0.002666667,0.002666667,-0.586666667,0.586666667,-0.003277828,0.003277828,0.005333333,0.005333333,6,0,0,0,0,0,0,0,-0.740681708,0.731560907,3.151806654
52.978666667,0,-0.006666667,0.006666667,-0.040666667,0.040666667,0.047333333,0.047333333,0.017333333,0.017333333,-0.086666667,0.086666667,-0.003277719,0.003277719,-0.016666667,0.016666667,6,1,0,0,0,0,0,0,-0.684344334,0.758515120,3.128553103
53.078666667,0,-0.006666667,0.006666667,-0.040666667,0.040666667,0.047333333,0.047333333,-0.002666667,0.002666667,-0.186666667,0.186666667,-0.003271538,0.003271538,0.013333333,0.013333333,6,1,0,0,0,0,0,0,-0.668624993,0.739585117,3.125477367
53.178666667,0,-0.006666667,0.006666667,-0.040666667,0.040666667,0.047333333,0.047333333,0.017333333,0.017333333,-0.186666667,0.186666667,0.000728533,0.000728533,-0.008666667,0.008666667,6,1,0,0,0,0,0,0,-0.654381402,0.806877561,3.106951505
53.278666667,0,-0.006666667,0.006666667,-0.040666667,0.040666667,0.047333333,0.047333333,-0.002666667,0.002666667,-0.286666667,0.286666667,-0.003265409,0.003265409,0.001333333,0.001333333,6,1,0,0,0,0,0,0,-0.567236452,0.772951695,3.084901440
53.378666667,0,-0.006666667,0.006666667,-0.040666667,0.040666667,0.047333333,0.047333333,0.017333333,0.017333333,-0.386666667,0.386666667,-0.003259363,0.003259363,0.017333333,0.017333333,6,1,0,0,0,0,0,0,-0.561099648,0.744294059,3.065922221
53.478666667,0,-0.006666667,0.006666667,-0.040666667,0.040666667,0.047333333,0.047333333,-0.002666667,0.002666667,-0.286666667,0.286666667,-0.003259331,0.003259331,-0.004666667,0.004666667,6,1,0,0,0,0,0,0,-0.579600230,0.723242464,3.028333449
53.578666667,0,-0.006666667,0.006666667,-0.040666667,0.040666667,0.047333333,0.047333333,0.017333333,0.017333333,-0.386666667,0.386666667,-0.003253311,0.003253311,0.003333333,0.003333333,6,1,0,0,0,0,0,0,-0.550555346,0.682581320,3.002154821
53.678666667,0,-0.006666667,0.006666667,-0.040666667,0.040666667,0.047333333,0.047333333,-0.002666667,0.002666667,-0.286666667,0.286666667,0.000746696,0.000746696,0.017333333,0.017333333,6,1,0,0,0,0,0,0,-0.413878430,0.672412291,2.977045663
53.778666667,0,-0.006666667,0.006666667,-0.040666667,0.040666667,0.047333333,0.047333333,0.017333333,0.017333333,-0.386666667,0.386666667,-0.003253309,0.003253309,-0.006666667,0.006666667,6,1,0,0,0,0,0,0,-0.441521192,0.692882721,2.942724287
53.878666667,0,-0.006666667,0.006666667,-0.040666667,0.040666667,0.047333333,0.047333333,-0.002666667,0.002666667,-0.486666667,0.486666667,-0.003253327,0.003253327,0.001333333,0.001333333,6,1,0,0,0,0,0,0,-0.385158923,0.624691352,2.926120472
53.978666667,0,-0.006666667,0.006666667,-0.040666667,0.040666667,0.047333333,0.047333333,0.017333333,0.017333333,-0.286666667,0.286666667,0.000752642,0.000752642,0.015333333,0.015333333,6,1,0,0,0,0,0,0,-0.318226186,0.609443158,2.896874508
54.078666667,0,-0.006666667,0.006666667,-0.040666667,0.040666667,0.047333333,0.047333333,-0.002666667,0.002666667,-0.386666667,0.386666667,-0.003247402,0.003247402,-0.008666667,0.008666667,6,1,0,0,0,0,0,0,-0.302852875,0.597081808,2.856235248
54.178666667,0,-0.006666667,0.006666667,-0.040666667,0.040666667,0.047333333,0.047333333,0.017333333,0.017333333,-0.286666667,0.286666667,0.000752542,0.000752542,0.003333333,0.003333333,6,1,0,0,0,0,0,0,-0.291444194,0.569545804,2.833633415
54.278666667,0,-0.006666667,0.006666667,-0.040666667,0.040666667,0.047333333,0.047333333,-0.002666667,0.002666667,-0.386666667,0.386666667,-0.003247527,0.003247527,0.017333333,0.017333333,6,1,0,0,0,0,0,0,-0.255745153,0.573268645,2.799613956
54.378666667,0,-0.006666667,0.006666667,-0.040666667,0.040666667,0.047333333,0.047333333,0.017333333,0.017333333,-0.486666667,0.486666667,-0.003247609,0.003247609,-0.008666667,0.008666667,6,1,0,0,0,0,0,0,-0.203906554,0.506749888,2.758839013
54.478666667,0,-0.006666667,0.006666667,-0.040666667,0.040666667,0.047333333,0.047333333,-0.002666667,0.002666667,-0.286666667,0.286666667,0.000758297,0.000758297,0.003333333,0.003333333,6,1,0,0,0,0,0,0,-0.185168497,0.499008328,2.716673764
54.578666667,0,-0.006666667,0.006666667,-0.040666667,0.040666667,0.047333333,0.047333333,0.017333333,0.017333333,-0.386666667,0.386666667,0.000758191,0.000758191,0.013333333,0.013333333,6,1,0,0,0,0,0,0,-0.178633956,0.491062520,2.684079498
54.678666667,0,-0.006666667,0.006666667,-0.040666667,0.040666667,0.047333333,0.047333333,-0.002666667,0.002666667,-0.286666667,0.286666667,0.000758072,0.000758072,-0.008666667,0.008666667,6,1,0,0,0,0,0,0,-0.173983725,0.465912896,2.643056697
54.778666667,0,-0.006666667,0.006666667,-0.040666667,0.040666667,0.047333333,0.047333333,0.017333333,0.017333333,-0.386666667,0.386666667,0.000763940,0.000763940,0.003333333,0.003333333,6,1,0,0,0,0,0,0,-0.205411418,0.435932815,2.599831468
54.878666667,0,-0.006666667,0.006666667,-0.040666667,0.040666667,0.047333333,0.047333333,-0.002666667,0.002666667,-0.486666667,0.486666667,-0.003230204,0.003230204,0.013333333,0.013333333,6,1,0,0,0,0,0,0,-0.217032221,0.384285641,2.550145557
54.978666667,0,-0.006666667,0.006666667,-0.040666667,0.040666667,0.047333333,0.047333333,0.017333333,0.017333333,-0.386666667,0.386666667,0.000775640,0.000775640,-0.008666667,0.008666667,6,1,0,0,0,0,0,0,-0.219430594,0.365684995,2.509033625
55.078666667,0,-0.006666667,0.006666667,-0.040666667,0.040666667,0.047333333,0.047333333,-0.002666667,0.002666667,-0.486666667,0.486666667,0.000775471,0.000775471,-0.000666667,0.000666667,6,1,0,0,0,0,0,0,-0.249720572,0.334138424,2.446332050
55.178666667,0,-0.006666667,0.006666667,-0.040666667,0.040666667,0.047333333,0.047333333,0.017333333,0.017333333,-0.586666667,0.586666667,0.000775289,0.000775289,0.011333333,0.011333333,6,0,0,0,0,0,0,0,-0.288462971,0.326409316,2.388076229
55.278666667,0,-0.006666667,0.006666667,-0.040666667,0.040666667,0.047333333,0.047333333,-0.002666667,0.002666667,-0.286666667,0.286666667,0.000775095,0.000775095,-0.010666667,0.010666667,6,1,0,0,0,0,0,0,-0.286019909,0.321147302,2.310604038
55.378666667,0,-0.006666667,0.006666667,-0.040666667,0.040666667,0.047333333,0.047333333,0.017333333,0.017333333,-0.386666667,0.386666667,0.000774889,0.000774889,0.001333333,0.001333333,6,1,0,0,0,0,0,0,-0.278886122,0.305862933,2.257411723
55.478666667,0,-0.006666667,0.006666667,-0.040666667,0.040666667,0.047333333,0.047333333,-0.002666667,0.002666667,-0.486666667,0.486666667,0.000780670,0.000780670,0.015333333,0.015333333,6,1,0,0,0,0,0,0,-0.280043197,0.293631333,2.204702547
55.578666667,0,-0.006666667,0.006666667,-0.040666667,0.040666667,0.047333333,0.047333333,0.017333333,0.017333333,-0.286666667,0.286666667,0.000786439,0.000786439,-0.012666667,0.012666667,6,1,0,0,0,0,0,0,-0.298618664,0.252337980,2.120629854
55.678666667,0,-0.006666667,0.006666667,-0.040666667,0.040666667,0.047333333,0.047333333,-0.002666667,0.002666667,-0.386666667,0.386666667,0.000791940,0.000791940,-0.000666667,0.000666667,6,1,0,0,0,0,0,0,-0.309773340,0.243580113,2.032859795
55.778666667,0,-0.006666667,0.006666667,-0.040666667,0.040666667,0.047333333,0.047333333,0.017333333,0.017333333,-0.286666667,0.286666667,0.000800672,0.000800672,0.015333333,0.015333333,6,1,0,0,0,0,0,0,-0.314318925,0.242050314,1.966156306
55.878666667,0,-0.006666667,0.006666667,-0.040666667,0.040666667,0.047333333,0.047333333,-0.002666667,0.002666667,-0.386666667,0.386666667,-0.003193609,0.003193609,-0.010666667,0.010666667,6,1,0,0,0,0,0,0,-0.350929919,0.214462352,1.881113847
55.978666667,0,-0.006666667,0.006666667,-0.040666667,0.040666667,0.047333333,0.047333333,0.017333333,0.017333333,-0.486666667,0.486666667,-0.003193609,0.003193609,0.001333333,0.001333333,6,1,0,0,0,0,0,0,-0.366627800,0.242113029,1.819541730
56.078666667,0,-0.006666667,0.006666667,-0.040666667,0.040666667,0.047333333,0.047333333,-0.002666667,0.002666667,-0.286666667,0.286666667,0.000806098,0.000806098,0.009333333,0.009333333,6,1,0,0,0,0,0,0,-0.316037901,0.226115899,1.775064526
56.178666667,0,-0.006666667,0.006666667,-0.040666667,0.040666667,0.047333333,0.047333333,0.017333333,0.017333333,-0.386666667,0.386666667,0.000805793,0.000805793,-0.014666667,0.014666667,6,1,0,0,0,0,0,0,-0.360781487,0.192237290,1.692002351
56.245333333,0,0.026666667,0.026666667,-0.007333333,0.007333333,-0.019333333,0.019333333,-0.009333333,0.009333333,-0.453333333,0.453333333,-0.005855191,0.005855191,-0.007333333,0.007333333,6,1,0,0,0,0,0,0,-0.385393818,0.191191773,1.620037104
56.378666667,0,-0.006666667,0.006666667,-0.040666667,0.040666667,0.047333333,0.047333333,0.017333333,0.017333333,-0.586666667,0.586666667,0.000811145,0.000811145,0.009333333,0.009333333,6,0,0,0,0,0,0,0,-0.422231698,0.170938426,1.527181740
56.478666667,0,-0.006666667,0.006666667,-0.040666667,0.040666667,0.047333333,0.047333333,-0.002666667,0.002666667,-0.386666667,0.386666667,0.000816448,0.000816448,-0.012666667,0.012666667,6,1,0,0,0,0,0,0,-0.385327837,0.152799743,1.447212862
56.578666667,0,-0.006666667,0.006666667,-0.040666667,0.040666667,0.047333333,0.047333333,0.017333333,0.017333333,-0.486666667,0.486666667,0.000822081,0.000822081,-0.004666667,0.004666667,6,1,0,0,0,0,0,0,-0.325884496,0.136291130,1.391962537
56.678666667,0,-0.006666667,0.006666667,-0.040666667,0.040666667,0.047333333,0.047333333,-0.002666667,0.002666667,-0.286666667,0.286666667,0.000821702,0.000821702,0.005333333,0.005333333,6,1,0,0,0,0,0,0,-0.289981416,0.107400488,1.322359700
56.778666667,0,-0.006666667,0.006666667,-0.040666667,0.040666667,0.047333333,0.047333333,0.017333333,0.017333333,-0.386666667,0.386666667,-0.003172689,0.003172689,-0.016666667,0.016666667,6,1,0,0,0,0,0,0,-0.347793212,0.066983541,1.278974965
56.878666667,0,-0.006666667,0.006666667,-0.040666667,0.040666667,0.047333333,0.047333333,-0.002666667,0.002666667,-0.486666667,0.486666667,0.000832907,0.000832907,-0.002666667,0.002666667,6,1,0,0,0,0,0,0,-0.355686086,0.062107330,1.207809069
56.978666667,0,-0.006666667,0.006666667,-0.040666667,0.040666667,0.047333333,0.047333333,0.017333333,0.017333333,-0.386666667,0.386666667,0.000838491,0.000838491,0.011333333,0.011333333,6,1,0,0,0,0,0,0,-0.383229136,0.136705706,1.133624181
57.078666667,0,-0.006666667,0.006666667,-0.040666667,0.040666667,0.047333333,0.047333333,-0.002666667,0.002666667,-0.486666667,0.486666667,0.000844062,0.000844062,-0.014666667,0.014666667,6,1,0,0,0,0,0,0,-0.391607722,0.139256477,1.088099821
57.178666667,0,-0.006666667,0.006666667,-0.040666667,0.040666667,0.047333333,0.047333333,0.017333333,0.017333333,-0.586666667,0.586666667,0.000837622,0.000837622,-0.002666667,0.002666667,6,0,0,0,0,0,0,0,-0.380256918,0.089177207,1.030918432
57.278666667,0,-0.006666667,0.006666667,-0.040666667,0.040666667,0.047333333,0.047333333,-0.002666667,0.002666667,-0.286666667,0.286666667,0.000837169,0.000837169,0.011333333,0.011333333,6,1,0,0,0,0,0,0,-0.367868874,0.069519164,0.959665766
57.378666667,0,-0.006666667,0.006666667,-0.040666667,0.040666667,0.047333333,0.047333333,0.017333333,0.017333333,-0.386666667,0.386666667,0.000830704,0.000830704,-0.010666667,0.010666667,6,1,0,0,0,0,0,0,-0.383747252,0.091893459,0.887865853
57.478666667,0,-0.006666667,0.006666667,-0.040666667,0.040666667,0.047333333,0.047333333,-0.002666667,0.002666667,-0.186666667,0.186666667,0.000830227,0.000830227,0.001333333,0.001333333,6,1,0,0,0,0,0,0,-0.400705434,0.080684962,0.831471583
57.578666667,0,-0.006666667,0.006666667,-0.040666667,0.040666667,0.047333333,0.047333333,0.017333333,0.017333333,-0.286666667,0.286666667,0.000823738,0.000823738,0.009333333,0.009333333,6,1,0,0,0,0,0,0,-0.351137917,0.039178427,0.797946296
57.645333333,0,0.026666667,0.026666667,-0.007333333,0.007333333,-0.019333333,0.019333333,-0.009333333,0.009333333,-0.153333333,0.153333333,-0.009842928,0.009842928,0.016666667,0.016666667,6,1,0,0,0,0,0,0,-0.331167397,0.044402615,0.770120646
57.778666667,0,-0.006666667,0.006666667,-0.040666667,0.040666667,0.047333333,0.047333333,0.017333333,0.017333333,-0.286666667,0.286666667,0.000822724,0.000822724,-0.000666667,0.000666667,6,1,0,0,0,0,0,0,-0.379782212,0.080332479,0.689587802
57.878666667,0,-0.006666667,0.006666667,-0.040666667,0.040666667,0.047333333,0.047333333,-0.000666667,0.000666667,-0.186666667,0.186666667,-0.003183801,0.003183801,0.011333333,0.011333333,6,1,0,0,0,0,0,0,-0.385023378,0.102991184,0.647449912
57.978666667,0,-0.006666667,0.006666667,-0.040666667,0.040666667,0.047333333,0.047333333,0.017333333,0.017333333,-0.186666667,0.186666667,0.000815662,0.000815662,-0.002666667,0.002666667,6,1,0,0,0,0,0,0,-0.361024321,0.126781553,0.598845129
58.078666667,0,-0.006666667,0.006666667,-0.040666667,0.040666667,0.047333333,0.047333333,-0.002666667,0.002666667,-0.186666667,0.186666667,0.000815114,0.000815114,0.009333333,0.009333333,6,1,0,0,0,0,0,0,-0.341650852,0.063338872,0.552462296
58.178666667,0,-0.006666667,0.006666667,-0.040666667,0.040666667,0.047333333,0.047333333,0.017333333,0.017333333,-0.186666667,0.186666667,0.000814554,0.000814554,-0.012666667,0.012666667,6,1,0,0,0,0,0,0,-0.386669992,0.108859214,0.496644094
58.278666667,0,-0.006666667,0.006666667,-0.040666667,0.040666667,0.047333333,0.047333333,-0.002666667,0.002666667,-0.186666667,0.186666667,0.000813982,0.000813982,0.003333333,0.003333333,6,1,0,0,0,0,0,0,-0.422389642,0.138289476,0.426537519
58.378666667,0,-0.006666667,0.006666667,-0.040666667,0.040666667,0.047333333,0.047333333,0.017333333,0.017333333,-0.286666667,0.286666667,0.000819399,0.000819399,-0.016666667,0.016666667,6,1,0,0,0,0,0,0,-0.479795898,0.128216846,0.367982049
58.478666667,0,-0.006666667,0.006666667,-0.040666667,0.040666667,0.047333333,0.047333333,-0.002666667,0.002666667,-0.286666667,0.286666667,0.000821804,0.000821804,-0.000666667,0.000666667,6,1,0,0,0,0,0,0,-0.486203171,0.169407483,0.317541937
58.578666667,0,-0.006666667,0.006666667,-0.040666667,0.040666667,0.047333333,0.047333333,0.017333333,0.017333333,-0.186666667,0.186666667,0.000827197,0.000827197,0.017333333,0.017333333,6,1,0,0,0,0,0,0,-0.434804007,0.206964070,0.264136061
58.678666667,0,-0.006666667,0.006666667,-0.040666667,0.040666667,0.047333333,0.047333333,-0.002666667,0.002666667,-0.186666667,0.186666667,0.000826579,0.000826579,-0.008666667,0.008666667,6,1,0,0,0,0,0,0,-0.416936514,0.205570147,0.213130526
58.778666667,0,-0.006666667,0.006666667,-0.040666667,0.040666667,0.047333333,0.047333333,0.017333333,0.017333333,-0.086666667,0.086666667,0.000831949,0.000831949,0.007333333,0.007333333,6,1,0,0,0,0,0,0,-0.422901158,0.212448830,0.166307679
58.878666667,0,-0.006666667,0.006666667,-0.040666667,0.040666667,0.047333333,0.047333333,-0.002666667,0.002666667,-0.086666667,0.086666667,-0.003174692,0.003174692,-0.016666667,0.016666667,6,1,0,0,0,0,0,0,-0.426927033,0.214647464,0.119988434
58.978666667,0,-0.006666667,0.006666667,-0.040666667,0.040666667,0.047333333,0.047333333,0.017333333,0.017333333,-0.186666667,0.186666667,0.000824655,0.000824655,-0.004666667,0.004666667,6,1,0,0,0,0,0,0,-0.421153481,0.238902523,0.087370597
59.078666667,0,-0.006666667,0.006666667,-0.040666667,0.040666667,0.047333333,0.047333333,-0.002666667,0.002666667,-0.186666667,0.186666667,0.000823991,0.000823991,0.005333333,0.005333333,6,1,0,0,0,0,0,0,-0.396797479,0.293639590,0.032578705
59.178666667,0,-0.006666667,0.006666667,-0.040666667,0.040666667,0.047333333,0.047333333,0.017333333,0.017333333,-0.186666667,0.186666667,0.000823315,0.000823315,-0.016666667,0.016666667,6,1,0,0,0,0,0,0,-0.347614102,0.279599594,-0.013953433
59.278666667,0,-0.006666667,0.006666667,-0.040666667,0.040666667,0.047333333,0.047333333,-0.002666667,0.002666667,-0.186666667,0.186666667,-0.003177372,0.003177372,-0.002666667,0.002666667,6,1,0,0,0,0,0,0,-0.344377165,0.210249526,-0.051455361
59.378666667,0,-0.006666667,0.006666667,-0.040666667,0.040666667,0.047333333,0.047333333,0.017333333,0.017333333,-0.286666667,0.286666667,0.000827929,0.000827929,0.003333333,0.003333333,6,1,0,0,0,0,0,0,-0.290269691,0.243448503,-0.103642362
59.478666667,0,-0.006666667,0.006666667,-0.040666667,0.040666667,0.047333333,0.047333333,-0.002666667,0.002666667,-0.186666667,0.186666667,0.000833219,0.000833219,0.015333333,0.015333333,6,1,0,0,0,0,0,0,-0.267842698,0.219282794,-0.142197570
59.578666667,0,-0.006666667,0.006666667,-0.040666667,0.040666667,0.047333333,0.047333333,0.017333333,0.017333333,-0.286666667,0.286666667,0.000838498,0.000838498,-0.006666667,0.006666667,6,1,0,0,0,0,0,0,-0.226118967,0.220086166,-0.165692822
59.678666667,0,-0.006666667,0.006666667,-0.040666667,0.040666667,0.047333333,0.047333333,-0.002666667,0.002666667,-0.286666667,0.286666667,0.000843766,0.000843766,0.003333333,0.003333333,6,1,0,0,0,0,0,0,-0.201022406,0.252639832,-0.202840734
59.778666667,0,-0.006666667,0.006666667,-0.040666667,0.040666667,0.047333333,0.047333333,0.017333333,0.017333333,-0.186666667,0.186666667,0.000849022,0.000849022,0.015333333,0.015333333,6,1,0,0,0,0,0,0,-0.203360590,0.272426529,-0.237349820
59.878666667,0,-0.006666667,0.006666667,-0.040666667,0.040666667,0.047333333,0.047333333,-0.002666667,0.002666667,-0.286666667,0.286666667,0.000854266,0.000854266,-0.008666667,0.008666667,6,1,0,0,0,0,0,0,-0.239440326,0.240152029,-0.260962949
59.978666667,0,-0.006666667,0.006666667,-0.040666667,0.040666667,0.047333333,0.047333333,0.017333333,0.017333333,-0.186666667,0.186666667,0.000859499,0.000859499,0.001333333,0.001333333,6,1,0,0,0,0,0,0,-0.247243173,0.262864271,-0.296328866
60.078666667,0,-0.006666667,0.006666667,-0.040666667,0.040666667,0.047333333,0.047333333,-0.002666667,0.002666667,-0.186666667,0.186666667,0.000864721,0.000864721,0.015333333,0.015333333,7,1,0,0,0,0,0,0,-0.213827781,0.284517972,-0.324136660
60.178666667,0,-0.006666667,0.006666667,-0.040666667,0.040666667,0.047333333,0.047333333,0.017333333,0.017333333,-0.186666667,0.186666667,0.000869931,0.000869931,-0.006666667,0.006666667,7,1,0,0,0,0,0,0,-0.197262514,0.278132166,-0.349170941
60.278666667,0,-0.006666667,0.006666667,-0.040666667,0.040666667,0.047333333,0.047333333,-0.002666667,0.002666667,-0.286666667,0.286666667,-0.003124870,0.003124870,0.005333333,0.005333333,7,1,0,0,0,0,0,0,-0.154929348,0.250632980,-0.362648720
60.378666667,0,-0.006666667,0.006666667,-0.040666667,0.040666667,0.047333333,0.047333333,0.017333333,0.017333333,-0.182666667,0.182666667,0.000880318,0.000880318,0.013333333,0.013333333,7,1,0,0,0,0,0,0,-0.099641135,0.235930080,-0.372537103
60.479333333,0,-0.007333333,0.007333333,-0.039333333,0.039333333,0.046666667,0.046666667,-0.003333333,0.003333333,-0.283333333,0.283333333,-0.003787173,0.003787173,-0.009333333,0.009333333,7,1,0,0,0,0,0,0,-0.096736352,0.248573291,-0.383715499
60.578666667,0,-0.006666667,0.006666667,-0.040666667,0.040666667,0.047333333,0.047333333,0.017333333,0.017333333,-0.282666667,0.282666667,0.000878658,0.000878658,-0.000666667,0.000666667,7,1,0,0,0,0,0,0,-0.107847067,0.265292609,-0.391003454
60.678666667,0,-0.006666667,0.006666667,-0.040666667,0.040666667,0.047333333,0.047333333,-0.002666667,0.002666667,-0.180666667,0.180666667,0.000883811,0.000883811,0.009333333,0.009333333,7,1,0,0,0,0,0,0,-0.118583391,0.254243229,-0.391277187
60.778666667,0,-0.006666667,0.006666667,-0.040666667,0.040666667,0.047333333,0.047333333,0.017333333,0.017333333,-0.280666667,0.280666667,0.000882953,0.000882953,-0.012666667,0.012666667,7,1,0,0,0,0,0,0,-0.114448749,0.246365042,-0.393675288
60.878666667,0,-0.006666667,0.006666667,-0.040666667,0.040666667,0.047333333,0.047333333,-0.002666667,0.002666667,-0.380666667,0.380666667,0.000882083,0.000882083,-0.004666667,0.004666667,7,1,0,0,0,0,0,0,-0.097214285,0.269686218,-0.398448594
60.978666667,0,-0.006666667,0.006666667,-0.040666667,0.040666667,0.047333333,0.047333333,0.017333333,0.017333333,-0.282666667,0.282666667,0.000887202,0.000887202,0.005333333,0.005333333,7,1,0,0,0,0,0,0,-0.081989464,0.284246076,-0.377339403
61.078666667,0,-0.006666667,0.006666667,-0.040666667,0.040666667,0.047333333,0.047333333,-0.002666667,0.002666667,-0.382666667,0.382666667,0.000892309,0.000892309,-0.016666667,0.016666667,7,1,0,0,0,0,0,0,-0.102582432,0.282547141,-0.364960039
61.178666667,0,-0.006666667,0.006666667,-0.040666667,0.040666667,0.047333333,0.047333333,0.017333333,0.017333333,-0.282666667,0.282666667,0.000897406,0.000897406,-0.004666667,0.004666667,7,1,0,0,0,0,0,0,-0.161413024,0.210831872,-0.358700746
61.278666667,0,-0.006666667,0.006666667,-0.040666667,0.040666667,0.047333333,0.047333333,-0.002666667,0.002666667,-0.382666667,0.382666667,0.000905490,0.000905490,0.007333333,0.007333333,7,1,0,0,0,0,0,0,-0.141377010,0.150207044,-0.365627971
61.378666667,0,-0.006666667,0.006666667,-0.040666667,0.040666667,0.047333333,0.047333333,0.017333333,0.017333333,-0.482666667,0.482666667,0.000904564,0.000904564,0.015333333,0.015333333,7,1,0,0,0,0,0,0,-0.122630976,0.144350969,-0.374627398
61.478666667,0,-0.006666667,0.006666667,-0.040666667,0.040666667,0.047333333,0.047333333,-0.002666667,0.002666667,-0.382666667,0.382666667,-0.003093374,0.003093374,-0.004666667,0.004666667,7,1,0,0,0,0,0,0,-0.151977059,0.165547620,-0.393675114
61.578666667,0,-0.006666667,0.006666667,-0.040666667,0.040666667,0.047333333,0.047333333,-0.022666667,0.022666667,-0.482666667,0.482666667,0.000919716,0.000919716,-0.000666667,0.000666667,7,1,0,0,0,0,0,0,-0.101576139,0.094460880,-0.437332340
61.678666667,0,-0.006666667,0.006666667,-0.040666667,0.040666667,0.047333333,0.047333333,-0.002666667,0.002666667,-0.282666667,0.282666667,0.000918744,0.000918744,-0.014666667,0.014666667,7,1,0,0,0,0,0,0,-0.126014030,0.009501591,-0.475228135
61.778666667,0,-0.006666667,0.006666667,-0.040666667,0.040666667,0.047333333,0.047333333,0.017333333,0.017333333,-0.382666667,0.382666667,-0.003076239,0.003076239,-0.000666667,0.000666667,7,1,0,0,0,0,0,0,-0.182614688,0.009439339,-0.496080264
61.878666667,0,-0.006666667,0.006666667,-0.040666667,0.040666667,0.047333333,0.047333333,-0.002666667,0.002666667,-0.482666667,0.482666667,-0.003083234,0.003083234,0.017333333,0.017333333,7,1,0,0,0,0,0,0,-0.185539143,0.021276401,-0.493337096
61.978666667,0,-0.006666667,0.006666667,-0.040666667,0.040666667,0.047333333,0.047333333,0.017333333,0.017333333,-0.282666667,0.282666667,0.000916766,0.000916766,-0.002666667,0.002666667,7,1,0,0,0,0,0,0,-0.162601604,-0.024146446,-0.505535435
62.078666667,0,-0.006666667,0.006666667,-0.040666667,0.040666667,0.047333333,0.047333333,-0.002666667,0.002666667,-0.382666667,0.382666667,-0.003084240,0.003084240,0.007333333,0.007333333,7,1,0,0,0,0,0,0,-0.119579182,-0.058346709,-0.488366539
62.178666667,0,-0.006666667,0.006666667,-0.040666667,0.040666667,0.047333333,0.047333333,0.017333333,0.017333333,-0.282666667,0.282666667,0.000914743,0.000914743,-0.014666667,0.014666667,7,1,0,0,0,0,0,0,-0.141034084,-0.088188019,-0.483297476
62.278666667,0,-0.006666667,0.006666667,-0.040666667,0.040666667,0.047333333,0.047333333,-0.002666667,0.002666667,-0.382666667,0.382666667,-0.003086285,0.003086285,-0.000666667,0.000666667,7,1,0,0,0,0,0,0,-0.057090673,-0.194857298,-0.515566689
62.378666667,0,-0.006666667,0.006666667,-0.040666667,0.040666667,0.047333333,0.047333333,0.017333333,0.017333333,-0.282666667,0.282666667,-0.003084324,0.003084324,0.005333333,0.005333333,7,1,0,0,0,0,0,0,-0.081773879,-0.129082233,-0.533269436
62.478666667,0,-0.006666667,0.006666667,-0.040666667,0.040666667,0.047333333,0.047333333,-0.002666667,0.002666667,-0.382666667,0.382666667,-0.003082375,0.003082375,-0.014666667,0.014666667,7,1,0,0,0,0,0,0,-0.124433125,-0.082309634,-0.550037450
62.578666667,0,-0.006666667,0.006666667,-0.040666667,0.040666667,0.047333333,0.047333333,0.017333333,0.017333333,-0.182666667,0.182666667,0.000916563,0.000916563,-0.002666667,0.002666667,7,1,0,0,0,0,0,0,-0.133963756,-0.130200137,-0.555266310
62.678666667,0,-0.006666667,0.006666667,-0.040666667,0.040666667,0.047333333,0.047333333,-0.002666667,0.002666667,-0.282666667,0.282666667,0.000921491,0.000921491,0.007333333,0.007333333,7,1,0,0,0,0,0,0,-0.149096995,-0.168968275,-0.550648192
62.778666667,0,-0.006666667,0.006666667,-0.040666667,0.040666667,0.047333333,0.047333333,0.017333333,0.017333333,-0.382666667,0.382666667,0.000923407,0.000923407,-0.014666667,0.014666667,7,1,0,0,0,0,0,0,-0.151406198,-0.123358414,-0.552031963
62.878666667,0,-0.006666667,0.006666667,-0.040666667,0.040666667,0.047333333,0.047333333,-0.002666667,0.002666667,-0.282666667,0.282666667,-0.003071688,0.003071688,-0.002666667,0.002666667,7,1,0,0,0,0,0,0,-0.169884404,-0.081112216,-0.557006632
62.978666667,0,-0.006666667,0.006666667,-0.040666667,0.040666667,0.047333333,0.047333333,0.017333333,0.017333333,-0.382666667,0.382666667,0.000932089,0.000932089,0.005333333,0.005333333,7,1,0,0,0,0,0,0,-0.198903604,-0.083859590,-0.555071298
63.078666667,0,-0.006666667,0.006666667,-0.040666667,0.040666667,0.047333333,0.047333333,-0.002666667,0.002666667,-0.282666667,0.282666667,0.000930961,0.000930961,-0.016666667,0.016666667,7,1,0,0,0,0,0,0,-0.208207156,-0.098010552,-0.530459817
63.178666667,0,-0.006666667,0.006666667,-0.040666667,0.040666667,0.047333333,0.047333333,0.017333333,0.017333333,-0.382666667,0.382666667,0.000929822,0.000929822,-0.004666667,0.004666667,7,1,0,0,0,0,0,0,-0.213164508,-0.128481870,-0.534923501
63.278666667,0,-0.006666667,0.006666667,-0.040666667,0.040666667,0.047333333,0.047333333,-0.002666667,0.002666667,-0.282666667,0.282666667,0.000928672,0.000928672,0.009333333,0.009333333,7,1,0,0,0,0,0,0,-0.220797362,-0.111012968,-0.550762516
63.378666667,0,-0.006666667,0.006666667,-0.040666667,0.040666667,0.047333333,0.047333333,0.017333333,0.017333333,-0.382666667,0.382666667,0.000928672,0.000928672,-0.014666667,0.014666667,7,1,0,0,0,0,0,0,-0.271690693,-0.035100816,-0.566791370
63.478666667,0,-0.006666667,0.006666667,-0.040666667,0.040666667,0.047333333,0.047333333,-0.002666667,0.002666667,-0.182666667,0.182666667,0.000927511,0.000927511,-0.002666667,0.002666667,7,1,0,0,0,0,0,0,-0.285456352,0.013733030,-0.561611399
63.578666667,0,-0.006666667,0.006666667,-0.040666667,0.040666667,0.047333333,0.047333333,0.017333333,0.017333333,-0.282666667,0.282666667,0.000926339,0.000926339,0.009333333,0.009333333,7,1,0,0,0,0,0,0,-0.247918652,-0.007420917,-0.546057312
63.678666667,0,-0.006666667,0.006666667,-0.040666667,0.040666667,0.047333333,0.047333333,-0.002666667,0.002666667,-0.282666667,0.282666667,0.000925156,0.000925156,-0.012666667,0.012666667,7,1,0,0,0,0,0,0,-0.248402079,-0.031085719,-0.516523777
63.778666667,0,-0.006666667,0.006666667,-0.040666667,0.040666667,0.047333333,0.047333333,0.017333333,0.017333333,-0.182666667,0.182666667,0.000929963,0.000929963,-0.004666667,0.004666667,7,1,0,0,0,0,0,0,-0.213077539,-0.011969719,-0.491257811
63.878666667,0,-0.006666667,0.006666667,-0.040666667,0.040666667,0.047333333,0.047333333,-0.002666667,0.002666667,-0.282666667,0.282666667,-0.003066456,0.003066456,0.001333333,0.001333333,7,1,0,0,0,0,0,0,-0.186894505,0.013789542,-0.473117932
63.978666667,0,-0.006666667,0.006666667,-0.040666667,0.040666667,0.047333333,0.047333333,0.017333333,0.017333333,-0.182666667,0.182666667,0.000933544,0.000933544,0.015333333,0.015333333,7,1,0,0,0,0,0,0,-0.219361973,0.053592850,-0.442861641
64.078666667,0,-0.006666667,0.006666667,-0.040666667,0.040666667,0.047333333,0.047333333,-0.002666667,0.002666667,-0.282666667,0.282666667,0.000932318,0.000932318,-0.006666667,0.006666667,7,1,0,0,0,0,0,0,-0.241751307,0.118689987,-0.415658597
64.178666667,0,-0.006666667,0.006666667,-0.040666667,0.040666667,0.047333333,0.047333333,0.017333333,0.017333333,-0.282666667,0.282666667,0.000931082,0.000931082,0.005333333,0.005333333,7,1,0,0,0,0,0,0,-0.194199023,0.131540467,-0.397738514
64.278666667,0,-0.006666667,0.006666667,-0.040666667,0.040666667,0.047333333,0.047333333,-0.002666667,0.002666667,-0.382666667,0.382666667,0.000935835,0.000935835,0.017333333,0.017333333,7,1,0,0,0,0,0,0,-0.146636480,0.115531755,-0.378296018
64.378666667,0,-0.006666667,0.006666667,-0.040666667,0.040666667,0.047333333,0.047333333,0.017333333,0.017333333,-0.282666667,0.282666667,0.000934577,0.000934577,-0.008666667,0.008666667,7,1,0,0,0,0,0,0,-0.142260759,0.066039409,-0.358011053
64.445333333,0,0.026666667,0.026666667,-0.007333333,0.007333333,-0.019333333,0.019333333,-0.009333333,0.009333333,-0.349333333,0.349333333,-0.005733357,0.005733357,0.000666667,0.000666667,7,1,0,0,0,0,0,0,-0.143829759,0.054378790,-0.344468672
