stamp,last_fuse_time,fuse_step,fuse_backtrack,dropped_fuse_count,rejected_fuse_count,oracle,com_dt_0,com_age_0,com_dt_1,com_age_1,com_dt_2,com_age_2,uwb_dt,uwb_age,camera_dt,camera_age,ins_dt,ins_age,gt_dt,gt_age,mission_stage,uwb_stddev,camera_msg_fresh,camera_raw_count,camera_valid_target,camera_angle_constraints,camera_xy_constraints,camera_used_in_cost,camera_target_mask,P_opt_x,P_opt_y,P_opt_z
154.600000000,0.000000000,0.000000000,0,0,85,0,0.108799577,0.108799577,-0.100000000,0.100000000,0.100751376,0.100751376,0.016000000,0.016000000,-0.498000000,0.498000000,-0.001089469,0.001089469,0.010000000,0.010000000,1,0.050000000,1,1,1,1,1,1,4,0.054028966,-0.022463179,0.390109326
154.700000000,154.600000000,0.100000000,0,0,85,0,0.112796560,0.112796560,-0.100000000,0.100000000,0.104754473,0.104754473,-0.004000000,0.004000000,-0.198000000,0.198000000,-0.001086309,0.001086309,-0.012000000,0.012000000,1,0.050000000,1,2,1,1,1,1,4,0.021838491,-0.030952982,0.455900221
154.800000000,154.700000000,0.100000000,0,0,85,0,0.116793546,0.116793546,-0.100000000,0.100000000,0.108757572,0.108757572,0.016000000,0.016000000,-0.298000000,0.298000000,-0.001095148,0.001095148,0.000000000,0.000000000,1,0.050000000,1,2,1,1,1,1,4,-0.049009475,-0.057839006,0.529485553
154.900000000,154.800000000,0.100000000,0,0,85,0,0.116796533,0.116796533,-0.100000000,0.100000000,0.108760673,0.108760673,-0.004000000,0.004000000,-0.098000000,0.098000000,-0.001097987,0.001097987,0.012000000,0.012000000,1,0.050000000,1,2,1,1,1,1,4,-0.055136721,-0.069170609,0.595100787
155.000000000,154.900000000,0.100000000,0,0,85,0,0.120787522,0.120787522,-0.100000000,0.100000000,0.112757776,0.112757776,0.016000000,0.016000000,-0.198000000,0.198000000,-0.001094825,0.001094825,-0.010000000,0.010000000,1,0.050000000,1,2,1,1,1,1,4,-0.020405997,-0.063460393,0.669658076
155.100000000,155.000000000,0.100000000,0,0,85,0,0.076784513,0.076784513,-0.100000000,0.100000000,0.116760881,0.116760881,-0.004000000,0.004000000,-0.098000000,0.098000000,-0.005094664,0.005094664,-0.002000000,0.002000000,1,0.050000000,1,2,1,1,1,1,4,0.029547395,-0.021312376,0.727357917
155.200000000,155.100000000,0.100000000,0,0,85,0,0.076787506,0.076787506,-0.100000000,0.100000000,-0.200000000,0.200000000,0.016000000,0.016000000,-0.198000000,0.198000000,-0.001091501,0.001091501,-0.004000000,0.004000000,1,0.050000000,1,2,1,1,1,1,4,0.021945250,-0.004910050,0.808975775
155.300000000,155.200000000,0.100000000,0,0,85,0,-0.200000000,0.200000000,-0.100000000,0.100000000,-0.200000000,0.200000000,-0.004000000,0.004000000,-0.098000000,0.098000000,-0.001088339,0.001088339,0.008000000,0.008000000,1,0.050000000,1,1,1,1,1,1,4,0.003801746,-0.011835328,0.884130837
155.400000000,155.300000000,0.100000000,0,0,85,0,-0.200000000,0.200000000,-0.100000000,0.100000000,-0.200000000,0.200000000,0.016000000,0.016000000,0.002000000,0.002000000,-0.001091176,0.001091176,0.010000000,0.010000000,1,0.050000000,1,1,1,1,1,1,4,-0.053763421,-0.014017312,0.985189949
155.500000000,155.400000000,0.100000000,0,0,85,0,-0.200000000,0.200000000,-0.100000000,0.100000000,-0.200000000,0.200000000,-0.004000000,0.004000000,0.002000000,0.002000000,-0.001084850,0.001084850,-0.012000000,0.012000000,1,0.050000000,1,1,1,1,1,1,4,-0.014674563,-0.002838336,1.045098019
155.600000000,155.500000000,0.100000000,0,0,85,0,-0.200000000,0.200000000,-0.100000000,0.100000000,-0.200000000,0.200000000,0.016000000,0.016000000,-0.098000000,0.098000000,-0.001084850,0.001084850,0.002000000,0.002000000,1,0.050000000,1,1,1,1,1,1,4,0.031152971,-0.026064112,1.119180084
155.700000000,155.600000000,0.100000000,0,0,85,0,-0.200000000,0.200000000,-0.100000000,0.100000000,-0.200000000,0.200000000,-0.004000000,0.004000000,-0.098000000,0.098000000,-0.001087686,0.001087686,0.016000000,0.016000000,1,0.050000000,1,1,1,1,1,1,4,0.043081519,-0.060021497,1.195510893
155.800000000,155.700000000,0.100000000,0,0,85,0,-0.200000000,0.200000000,-0.100000000,0.100000000,-0.200000000,0.200000000,0.018000000,0.018000000,0.002000000,0.002000000,-0.001084522,0.001084522,-0.008000000,0.008000000,1,0.050000000,1,1,1,1,1,1,4,0.063654371,-0.075081734,1.261897394
155.900000000,155.800000000,0.100000000,0,0,85,0,-0.200000000,0.200000000,-0.100000000,0.100000000,-0.200000000,0.200000000,-0.004000000,0.004000000,0.002000000,0.002000000,-0.005099357,0.005099357,0.004000000,0.004000000,1,0.050000000,1,1,1,1,1,1,4,-0.003205153,-0.074761918,1.331642362
156.000000000,155.900000000,0.100000000,0,0,85,0,-0.200000000,0.200000000,-0.100000000,0.100000000,-0.200000000,0.200000000,0.016000000,0.016000000,0.002000000,0.002000000,-0.001102193,0.001102193,-0.016000000,0.016000000,1,0.050000000,1,1,1,1,1,1,4,0.019726559,-0.118550742,1.404526736
156.100000000,156.000000000,0.100000000,0,0,85,0,-0.200000000,0.200000000,-0.100000000,0.100000000,-0.200000000,0.200000000,-0.004000000,0.004000000,-0.098000000,0.098000000,-0.001107862,0.001107862,-0.002000000,0.002000000,1,0.050000000,1,1,1,1,1,1,4,0.000284292,-0.146345414,1.471952335
156.200000000,156.100000000,0.100000000,0,0,85,0,-0.200000000,0.200000000,-0.100000000,0.100000000,-0.200000000,0.200000000,0.016000000,0.016000000,-0.098000000,0.098000000,-0.001110696,0.001110696,0.010000000,0.010000000,1,0.050000000,1,1,1,1,1,1,4,-0.016640573,-0.168171134,1.568584232
156.300000000,156.200000000,0.100000000,0,0,85,0,-0.200000000,0.200000000,-0.100000000,0.100000000,-0.200000000,0.200000000,0.036000000,0.036000000,0.002000000,0.002000000,-0.001107529,0.001107529,-0.008000000,0.008000000,1,0.050000000,1,1,1,1,1,1,4,-0.050696348,-0.131221814,1.625759630
156.400000000,156.300000000,0.100000000,0,0,85,0,-0.200000000,0.200000000,-0.100000000,0.100000000,-0.200000000,0.200000000,0.016000000,0.016000000,0.002000000,0.002000000,-0.001110362,0.001110362,0.000000000,0.000000000,1,0.050000000,1,1,1,1,1,1,4,0.006183794,-0.147053698,1.703538461
156.500000000,156.400000000,0.100000000,0,0,85,0,-0.200000000,0.200000000,-0.100000000,0.100000000,-0.200000000,0.200000000,-0.004000000,0.004000000,0.002000000,0.002000000,-0.001125195,0.001125195,0.018000000,0.018000000,1,0.050000000,1,1,1,1,1,1,4,-0.025292811,-0.189733886,1.779776637
156.600000000,156.500000000,0.100000000,0,0,85,0,-0.200000000,0.200000000,-0.100000000,0.100000000,-0.200000000,0.200000000,0.016000000,0.016000000,0.002000000,0.002000000,-0.001128027,0.001128027,-0.002000000,0.002000000,1,0.050000000,1,1,1,1,0,1,4,0.031959828,-0.170610399,1.839899764
156.700000000,156.600000000,0.100000000,0,0,85,0,-0.200000000,0.200000000,-0.100000000,0.100000000,-0.200000000,0.200000000,-0.004000000,0.004000000,0.002000000,0.002000000,-0.005124858,0.005124858,0.010000000,0.010000000,1,0.050000000,1,1,1,1,1,1,4,-0.067070212,-0.157079396,1.917791206
156.800000000,156.700000000,0.100000000,0,0,85,0,-0.200000000,0.200000000,-0.100000000,0.100000000,-0.200000000,0.200000000,0.016000000,0.016000000,0.002000000,0.002000000,-0.005127689,0.005127689,-0.012000000,0.012000000,1,0.050000000,1,1,1,1,1,1,4,-0.088291378,-0.130198225,2.000315252
156.900000000,156.800000000,0.100000000,0,0,85,0,-0.200000000,0.200000000,-0.100000000,0.100000000,-0.200000000,0.200000000,-0.004000000,0.004000000,0.002000000,0.002000000,-0.001124519,0.001124519,0.000000000,0.000000000,1,0.050000000,1,1,1,1,1,1,4,-0.127141712,-0.177172622,2.081799922
157.000000000,156.900000000,0.100000000,0,0,85,0,-0.200000000,0.200000000,-0.100000000,0.100000000,-0.200000000,0.200000000,0.016000000,0.016000000,-0.098000000,0.098000000,-0.001124348,0.001124348,0.012000000,0.012000000,1,0.050000000,1,1,1,1,1,1,4,-0.045086650,-0.171430295,2.147922014
157.100000000,157.000000000,0.100000000,0,0,85,0,-0.200000000,0.200000000,-0.100000000,0.100000000,-0.200000000,0.200000000,-0.004000000,0.004000000,0.002000000,0.002000000,-0.001121177,0.001121177,-0.010000000,0.010000000,1,0.050000000,1,1,1,1,1,1,4,-0.037060718,-0.148717205,2.211533783
157.200000000,157.100000000,0.100000000,0,0,85,0,-0.200000000,0.200000000,-0.100000000,0.100000000,-0.200000000,0.200000000,0.016000000,0.016000000,0.002000000,0.002000000,-0.001118005,0.001118005,0.002000000,0.002000000,1,0.050000000,1,1,1,1,1,1,4,0.001283744,-0.155193585,2.268250466
157.300000000,157.200000000,0.100000000,0,0,85,0,-0.200000000,0.200000000,-0.100000000,0.100000000,-0.200000000,0.200000000,-0.004000000,0.004000000,0.002000000,0.002000000,-0.001123833,0.001123833,0.016000000,0.016000000,1,0.050000000,1,1,1,1,1,1,4,0.036361660,-0.190040639,2.325108362
157.400000000,157.300000000,0.100000000,0,0,85,0,-0.200000000,0.200000000,-0.100000000,0.100000000,-0.200000000,0.200000000,0.016000000,0.016000000,0.002000000,0.002000000,-0.001123660,0.001123660,-0.008000000,0.008000000,1,0.050000000,1,1,1,1,1,1,4,0.051993118,-0.192171967,2.388472056
157.500000000,157.400000000,0.100000000,0,0,85,0,-0.200000000,0.200000000,-0.100000000,0.100000000,-0.200000000,0.200000000,-0.004000000,0.004000000,0.002000000,0.002000000,-0.001120486,0.001120486,0.010000000,0.010000000,1,0.050000000,1,1,1,1,1,1,4,-0.001729138,-0.153028944,2.432185099
157.600000000,157.500000000,0.100000000,0,0,85,0,-0.200000000,0.200000000,-0.100000000,0.100000000,-0.200000000,0.200000000,0.016000000,0.016000000,0.002000000,0.002000000,-0.001123312,0.001123312,-0.010000000,0.010000000,1,0.050000000,1,1,1,1,1,1,4,-0.060469489,-0.194141329,2.481702677
157.700000000,157.600000000,0.100000000,0,0,85,0,-0.200000000,0.200000000,-0.100000000,0.100000000,-0.200000000,0.200000000,-0.004000000,0.004000000,-0.098000000,0.098000000,-0.001132137,0.001132137,0.006000000,0.006000000,1,0.050000000,1,1,1,1,1,1,4,-0.086767491,-0.193517203,2.518448773
157.800000000,157.700000000,0.100000000,0,0,85,0,-0.200000000,0.200000000,-0.100000000,0.100000000,-0.200000000,0.200000000,0.016000000,0.016000000,-0.098000000,0.098000000,-0.005125962,0.005125962,0.018000000,0.018000000,1,0.050000000,1,1,1,1,1,1,4,-0.037599889,-0.202775671,2.561701695
157.900000000,157.800000000,0.100000000,0,0,85,0,-0.200000000,0.200000000,-0.100000000,0.100000000,-0.200000000,0.200000000,-0.004000000,0.004000000,0.002000000,0.002000000,-0.005128786,0.005128786,-0.004000000,0.004000000,1,0.050000000,1,1,1,1,1,1,4,-0.021871791,-0.193309942,2.602073207
158.000000000,157.900000000,0.100000000,0,0,85,0,-0.200000000,0.200000000,-0.100000000,0.100000000,-0.200000000,0.200000000,0.016000000,0.016000000,-0.098000000,0.098000000,-0.001125609,0.001125609,0.006000000,0.006000000,1,0.050000000,1,1,1,1,1,1,4,0.021829427,-0.174814295,2.633537389
158.100000000,158.000000000,0.100000000,0,0,85,0,-0.200000000,0.200000000,-0.100000000,0.100000000,-0.200000000,0.200000000,-0.004000000,0.004000000,-0.198000000,0.198000000,-0.001122432,0.001122432,0.014000000,0.014000000,1,0.050000000,1,1,1,1,1,1,4,0.042367227,-0.193700906,2.660445932
158.200000000,158.100000000,0.100000000,0,0,85,0,-0.200000000,0.200000000,-0.100000000,0.100000000,-0.200000000,0.200000000,0.016000000,0.016000000,-0.198000000,0.198000000,-0.001119254,0.001119254,-0.008000000,0.008000000,1,0.050000000,1,1,1,1,1,1,4,0.038334872,-0.209804622,2.679414540
158.300000000,158.200000000,0.100000000,0,0,85,0,-0.200000000,0.200000000,-0.100000000,0.100000000,-0.200000000,0.200000000,-0.004000000,0.004000000,-0.298000000,0.298000000,-0.001122076,0.001122076,0.006000000,0.006000000,1,0.050000000,1,1,1,1,1,1,4,0.031805773,-0.241159197,2.700384458
158.400000000,158.300000000,0.100000000,0,0,85,0,-0.200000000,0.200000000,-0.100000000,0.100000000,-0.200000000,0.200000000,0.016000000,0.016000000,-0.098000000,0.098000000,-0.001118897,0.001118897,-0.016000000,0.016000000,1,0.050000000,1,1,1,1,1,1,4,0.019577794,-0.272853002,2.733396428
158.500000000,158.400000000,0.100000000,0,0,85,0,-0.200000000,0.200000000,-0.100000000,0.100000000,-0.200000000,0.200000000,-0.004000000,0.004000000,-0.198000000,0.198000000,-0.001121717,0.001121717,0.002000000,0.002000000,1,0.050000000,1,1,1,1,1,1,4,-0.002026179,-0.308057536,2.753670589
158.600000000,158.500000000,0.100000000,0,0,85,0,-0.200000000,0.200000000,-0.100000000,0.100000000,-0.200000000,0.200000000,0.022000000,0.022000000,-0.098000000,0.098000000,-0.001112537,0.001112537,0.002000000,0.002000000,1,0.050000000,1,1,1,1,1,1,4,-0.019532863,-0.278065717,2.755977655
158.700000000,158.600000000,0.100000000,0,0,85,0,-0.200000000,0.200000000,-0.100000000,0.100000000,-0.200000000,0.200000000,-0.004000000,0.004000000,0.002000000,0.002000000,-0.001115357,0.001115357,-0.002000000,0.002000000,1,0.050000000,1,1,1,1,1,1,4,-0.033678741,-0.289146869,2.764992678
158.800000000,158.700000000,0.100000000,0,0,85,0,-0.200000000,0.200000000,-0.100000000,0.100000000,-0.200000000,0.200000000,0.016000000,0.016000000,0.002000000,0.002000000,-0.001118176,0.001118176,-0.006000000,0.006000000,1,0.050000000,1,1,1,1,1,1,4,-0.064996722,-0.360630993,2.795616200
158.900000000,158.800000000,0.100000000,0,0,85,0,-0.200000000,0.200000000,-0.100000000,0.100000000,-0.200000000,0.200000000,-0.004000000,0.004000000,-0.098000000,0.098000000,-0.001132995,0.001132995,0.014000000,0.014000000,1,0.050000000,1,1,1,1,1,1,4,-0.086872194,-0.371863110,2.820383140
159.000000000,158.900000000,0.100000000,0,0,85,0,-0.200000000,0.200000000,-0.100000000,0.100000000,-0.200000000,0.200000000,0.016000000,0.016000000,-0.198000000,0.198000000,-0.005138630,0.005138630,-0.008000000,0.008000000,1,0.050000000,1,1,1,1,1,1,4,-0.077750723,-0.415542356,2.833743558
159.100000000,159.000000000,0.100000000,0,0,85,0,-0.200000000,0.200000000,-0.100000000,0.100000000,-0.200000000,0.200000000,-0.004000000,0.004000000,-0.198000000,0.198000000,-0.001138630,0.001138630,0.004000000,0.004000000,1,0.050000000,1,1,1,1,1,1,4,-0.028651111,-0.423499765,2.843006666
159.200000000,159.100000000,0.100000000,0,0,85,0,-0.200000000,0.200000000,-0.100000000,0.100000000,-0.200000000,0.200000000,0.016000000,0.016000000,-0.298000000,0.298000000,-0.005135446,0.005135446,0.016000000,0.016000000,1,0.050000000,1,1,1,1,1,1,4,-0.057779020,-0.427347779,2.844074078
159.300000000,159.200000000,0.100000000,0,0,85,0,-0.200000000,0.200000000,-0.100000000,0.100000000,-0.200000000,0.200000000,-0.004000000,0.004000000,-0.098000000,0.098000000,-0.001132262,0.001132262,-0.008000000,0.008000000,1,0.050000000,1,1,1,1,1,1,4,-0.106505082,-0.480772025,2.849974127
159.400000000,159.300000000,0.100000000,0,0,85,0,-0.200000000,0.200000000,-0.100000000,0.100000000,-0.200000000,0.200000000,0.016000000,0.016000000,-0.198000000,0.198000000,-0.005123077,0.005123077,0.000000000,0.000000000,1,0.050000000,1,1,1,1,1,1,4,-0.172775521,-0.454695038,2.858309694
159.500000000,159.400000000,0.100000000,0,0,85,0,-0.200000000,0.200000000,-0.100000000,0.100000000,-0.200000000,0.200000000,-0.004000000,0.004000000,-0.298000000,0.298000000,-0.001125892,0.001125892,0.014000000,0.014000000,1,0.050000000,1,1,1,1,1,1,4,-0.170604853,-0.478170258,2.861276164
159.600000000,159.500000000,0.100000000,0,0,85,0,-0.200000000,0.200000000,-0.100000000,0.100000000,-0.200000000,0.200000000,0.016000000,0.016000000,-0.198000000,0.198000000,-0.005122706,0.005122706,-0.010000000,0.010000000,1,0.050000000,1,1,1,1,1,1,4,-0.156825151,-0.534499093,2.869672001
159.700000000,159.600000000,0.100000000,0,0,85,0,-0.200000000,0.200000000,-0.100000000,0.100000000,-0.200000000,0.200000000,-0.004000000,0.004000000,-0.298000000,0.298000000,-0.001125519,0.001125519,0.000000000,0.000000000,1,0.050000000,1,1,1,1,1,1,4,-0.167319700,-0.564036029,2.874854282
159.800000000,159.700000000,0.100000000,0,0,85,0,-0.200000000,0.200000000,-0.100000000,0.100000000,-0.200000000,0.200000000,0.016000000,0.016000000,-0.098000000,0.098000000,-0.001128332,0.001128332,0.012000000,0.012000000,1,0.050000000,1,1,1,1,1,1,4,-0.216724999,-0.587094969,2.889018710
159.900000000,159.800000000,0.100000000,0,0,85,0,-0.200000000,0.200000000,-0.100000000,0.100000000,-0.200000000,0.200000000,-0.004000000,0.004000000,-0.198000000,0.198000000,-0.001125145,0.001125145,-0.012000000,0.012000000,1,0.050000000,1,1,1,1,1,1,4,-0.230918684,-0.603584173,2.896728510
160.000000000,159.900000000,0.100000000,0,0,85,0,-0.200000000,0.200000000,-0.100000000,0.100000000,-0.200000000,0.200000000,0.016000000,0.016000000,-0.098000000,0.098000000,-0.001121956,0.001121956,0.000000000,0.000000000,1,0.050000000,1,1,1,1,1,1,4,-0.233367750,-0.587508678,2.906437701
160.100000000,160.000000000,0.100000000,0,0,85,0,-0.200000000,0.200000000,-0.100000000,0.100000000,-0.200000000,0.200000000,-0.004000000,0.004000000,-0.198000000,0.198000000,-0.001118768,0.001118768,0.008000000,0.008000000,1,0.050000000,1,1,1,1,1,1,4,-0.281672265,-0.566834522,2.911412003
160.200000000,160.100000000,0.100000000,0,0,85,0,-0.200000000,0.200000000,-0.100000000,0.100000000,-0.200000000,0.200000000,0.016000000,0.016000000,-0.098000000,0.098000000,-0.001121578,0.001121578,-0.014000000,0.014000000,2,0.050000000,1,1,1,1,1,1,4,-0.290347428,-0.572872947,2.924459092
160.300000000,160.200000000,0.100000000,0,0,85,0,-0.200000000,0.200000000,-0.100000000,0.100000000,-0.200000000,0.200000000,-0.004000000,0.004000000,-0.198000000,0.198000000,-0.005118389,0.005118389,0.002000000,0.002000000,2,0.050000000,1,1,1,1,1,1,4,-0.270655554,-0.592405154,2.920403193
160.400000000,160.300000000,0.100000000,0,0,85,0,-0.200000000,0.200000000,-0.100000000,0.100000000,-0.200000000,0.200000000,0.016000000,0.016000000,-0.298000000,0.298000000,-0.001121198,0.001121198,-0.010000000,0.010000000,2,0.050000000,1,1,1,1,1,1,4,-0.227951641,-0.622576229,2.930836782
160.500000000,160.400000000,0.100000000,0,0,85,0,-0.200000000,0.200000000,-0.100000000,0.100000000,-0.200000000,0.200000000,-0.004000000,0.004000000,-0.198000000,0.198000000,-0.001118008,0.001118008,-0.004000000,0.004000000,2,0.050000000,1,1,1,1,1,1,4,-0.223588045,-0.631516102,2.937039786
160.600000000,160.500000000,0.100000000,0,0,85,0,-0.200000000,0.200000000,-0.100000000,0.100000000,-0.200000000,0.200000000,0.016000000,0.016000000,-0.298000000,0.298000000,-0.001114816,0.001114816,0.006000000,0.006000000,2,0.050000000,1,1,1,1,1,1,4,-0.266525531,-0.648056350,2.937229879
160.700000000,160.600000000,0.100000000,0,0,85,0,-0.200000000,0.200000000,-0.100000000,0.100000000,-0.200000000,0.200000000,-0.004000000,0.004000000,-0.398000000,0.398000000,-0.005111625,0.005111625,-0.014000000,0.014000000,2,0.050000000,1,1,1,1,1,1,4,-0.284633800,-0.649877414,2.937357867
160.800000000,160.700000000,0.100000000,0,0,85,0,-0.200000000,0.200000000,-0.100000000,0.100000000,-0.200000000,0.200000000,0.016000000,0.016000000,-0.198000000,0.198000000,-0.001108432,0.001108432,-0.002000000,0.002000000,2,0.050000000,1,1,1,1,1,1,4,-0.262260595,-0.675576769,2.954280523
160.900000000,160.800000000,0.100000000,0,0,85,0,-0.200000000,0.200000000,-0.100000000,0.100000000,-0.200000000,0.200000000,-0.004000000,0.004000000,-0.298000000,0.298000000,-0.001111240,0.001111240,0.002000000,0.002000000,2,0.050000000,1,1,1,1,1,1,4,-0.270939398,-0.698679522,2.945264162
161.000000000,160.900000000,0.100000000,0,0,85,0,-0.200000000,0.200000000,-0.100000000,0.100000000,-0.200000000,0.200000000,0.016000000,0.016000000,-0.098000000,0.098000000,-0.001108047,0.001108047,0.014000000,0.014000000,2,0.050000000,1,1,1,1,1,1,4,-0.266057926,-0.696866681,2.949314913
161.100000000,161.000000000,0.100000000,0,0,85,0,-0.200000000,0.200000000,-0.100000000,0.100000000,-0.200000000,0.200000000,-0.004000000,0.004000000,-0.198000000,0.198000000,-0.001104853,0.001104853,-0.008000000,0.008000000,2,0.050000000,1,1,1,1,1,1,4,-0.245701930,-0.701919627,2.954596088
161.200000000,161.100000000,0.100000000,0,0,85,0,-0.200000000,0.200000000,-0.100000000,0.100000000,-0.200000000,0.200000000,0.016000000,0.016000000,-0.298000000,0.298000000,-0.001110465,0.001110465,0.000000000,0.000000000,2,0.050000000,1,1,1,1,1,1,4,-0.248622544,-0.716109259,2.950012612
161.300000000,161.200000000,0.100000000,0,0,85,0,-0.200000000,0.200000000,-0.100000000,0.100000000,-0.200000000,0.200000000,-0.004000000,0.004000000,-0.398000000,0.398000000,-0.001107271,0.001107271,0.012000000,0.012000000,2,0.050000000,1,1,1,1,1,1,4,-0.280375853,-0.763146654,2.948844471
161.400000000,161.300000000,0.100000000,0,0,85,0,-0.200000000,0.200000000,-0.100000000,0.100000000,-0.200000000,0.200000000,0.016000000,0.016000000,-0.198000000,0.198000000,-0.001116076,0.001116076,-0.010000000,0.010000000,2,0.050000000,1,1,1,1,1,1,4,-0.288887289,-0.770770922,2.951754286
161.500000000,161.400000000,0.100000000,0,0,85,0,-0.200000000,0.200000000,-0.100000000,0.100000000,-0.200000000,0.200000000,-0.004000000,0.004000000,0.002000000,0.002000000,-0.001112880,0.001112880,0.004000000,0.004000000,2,0.050000000,1,1,1,1,1,1,4,-0.308122871,-0.760162670,2.958014770
161.600000000,161.500000000,0.100000000,0,0,85,0,-0.200000000,0.200000000,-0.100000000,0.100000000,-0.200000000,0.200000000,0.016000000,0.016000000,-0.098000000,0.098000000,-0.001115685,0.001115685,0.016000000,0.016000000,2,0.050000000,1,1,1,1,1,1,4,-0.415656728,-0.792328565,2.945063315
161.700000000,161.600000000,0.100000000,0,0,85,0,-0.200000000,0.200000000,-0.100000000,0.100000000,-0.200000000,0.200000000,-0.004000000,0.004000000,-0.098000000,0.098000000,-0.001112488,0.001112488,-0.010000000,0.010000000,2,0.050000000,1,1,1,1,1,1,4,-0.360940791,-0.789778119,2.949185216
161.800000000,161.700000000,0.100000000,0,0,85,0,-0.200000000,0.200000000,-0.100000000,0.100000000,-0.200000000,0.200000000,0.016000000,0.016000000,-0.198000000,0.198000000,-0.001112488,0.001112488,0.000000000,0.000000000,2,0.050000000,1,1,1,1,1,1,4,-0.317352769,-0.781786621,2.939866561
161.900000000,161.800000000,0.100000000,0,0,85,0,-0.200000000,0.200000000,-0.100000000,0.100000000,-0.200000000,0.200000000,-0.004000000,0.004000000,-0.098000000,0.098000000,-0.001115291,0.001115291,0.014000000,0.014000000,2,0.050000000,1,1,1,1,1,1,4,-0.338308339,-0.766479421,2.937212086
162.000000000,161.900000000,0.100000000,0,0,85,0,-0.200000000,0.200000000,-0.100000000,0.100000000,-0.200000000,0.200000000,0.016000000,0.016000000,-0.198000000,0.198000000,-0.005118094,0.005118094,-0.010000000,0.010000000,2,0.050000000,1,1,1,1,1,1,4,-0.320707510,-0.747996539,2.942879838
162.100000000,162.000000000,0.100000000,0,0,85,0,-0.200000000,0.200000000,-0.100000000,0.100000000,-0.200000000,0.200000000,-0.004000000,0.004000000,-0.098000000,0.098000000,-0.005120897,0.005120897,0.002000000,0.002000000,2,0.050000000,1,1,1,1,1,1,4,-0.286050373,-0.804188438,2.957272306
162.200000000,162.100000000,0.100000000,0,0,85,0,-0.200000000,0.200000000,-0.100000000,0.100000000,-0.200000000,0.200000000,0.016000000,0.016000000,-0.198000000,0.198000000,-0.001114500,0.001114500,0.014000000,0.014000000,3,0.065000000,1,1,1,1,1,1,4,-0.262737159,-0.851065524,2.950042505
162.300000000,162.200000000,0.100000000,0,0,85,0,-0.200000000,0.200000000,-0.100000000,0.100000000,-0.200000000,0.200000000,-0.004000000,0.004000000,-0.298000000,0.298000000,-0.001111301,0.001111301,-0.010000000,0.010000000,3,0.065000000,1,1,1,1,1,1,4,-0.309119769,-0.854140504,2.947780980
162.400000000,162.300000000,0.100000000,0,0,85,0,-0.200000000,0.200000000,-0.100000000,0.100000000,-0.200000000,0.200000000,0.016000000,0.016000000,-0.098000000,0.098000000,-0.005108101,0.005108101,0.002000000,0.002000000,3,0.065000000,1,1,1,1,1,1,4,-0.286183645,-0.840473057,2.952824026
162.500000000,162.400000000,0.100000000,0,0,85,0,-0.200000000,0.200000000,-0.100000000,0.100000000,-0.200000000,0.200000000,-0.004000000,0.004000000,-0.198000000,0.198000000,-0.001104901,0.001104901,0.014000000,0.014000000,3,0.065000000,1,1,1,1,1,1,4,-0.322089514,-0.825803626,2.952259107
162.600000000,162.500000000,0.100000000,0,0,85,0,-0.200000000,0.200000000,-0.100000000,0.100000000,-0.200000000,0.200000000,0.016000000,0.016000000,-0.298000000,0.298000000,-0.001095701,0.001095701,-0.008000000,0.008000000,3,0.065000000,1,1,1,1,1,1,4,-0.339782160,-0.775433489,2.957556161
162.700000000,162.600000000,0.100000000,0,0,85,0,-0.200000000,0.200000000,-0.100000000,0.100000000,-0.200000000,0.200000000,-0.004000000,0.004000000,-0.198000000,0.198000000,-0.001095500,0.001095500,0.004000000,0.004000000,3,0.065000000,1,1,1,1,1,1,4,-0.297892942,-0.762804554,2.963955720
162.800000000,162.700000000,0.100000000,0,0,85,0,-0.200000000,0.200000000,-0.100000000,0.100000000,-0.200000000,0.200000000,0.016000000,0.016000000,-0.298000000,0.298000000,-0.005095500,0.005095500,-0.018000000,0.018000000,3,0.065000000,1,1,1,1,1,1,4,-0.278823042,-0.783860800,2.959659613
162.900000000,162.800000000,0.100000000,0,0,85,0,-0.200000000,0.200000000,-0.100000000,0.100000000,-0.200000000,0.200000000,-0.004000000,0.004000000,-0.098000000,0.098000000,-0.005101099,0.005101099,-0.002000000,0.002000000,3,0.065000000,1,1,1,1,1,1,4,-0.268322513,-0.844547454,2.979387364
163.000000000,162.900000000,0.100000000,0,0,85,0,-0.200000000,0.200000000,-0.100000000,0.100000000,-0.200000000,0.200000000,0.016000000,0.016000000,-0.198000000,0.198000000,-0.005103897,0.005103897,0.010000000,0.010000000,3,0.065000000,1,1,1,1,1,1,4,-0.277403728,-0.842980238,2.974704151
163.100000000,163.000000000,0.100000000,0,0,85,0,-0.200000000,0.200000000,-0.100000000,0.100000000,-0.200000000,0.200000000,-0.004000000,0.004000000,-0.098000000,0.098000000,-0.005100695,0.005100695,-0.010000000,0.010000000,3,0.065000000,1,1,1,1,1,1,4,-0.290676268,-0.833862417,2.965798761
163.200000000,163.100000000,0.100000000,0,0,85,0,-0.200000000,0.200000000,-0.100000000,0.100000000,-0.200000000,0.200000000,0.016000000,0.016000000,-0.198000000,0.198000000,-0.005103493,0.005103493,0.002000000,0.002000000,3,0.065000000,1,1,1,1,1,1,4,-0.264075051,-0.848054450,2.969453111
163.300000000,163.200000000,0.100000000,0,0,85,0,-0.200000000,0.200000000,-0.100000000,0.100000000,-0.200000000,0.200000000,-0.004000000,0.004000000,-0.098000000,0.098000000,-0.001106291,0.001106291,0.014000000,0.014000000,3,0.065000000,1,1,1,1,1,1,4,-0.252970150,-0.838460754,2.974177202
163.400000000,163.300000000,0.100000000,0,0,85,0,-0.200000000,0.200000000,-0.100000000,0.100000000,-0.200000000,0.200000000,0.016000000,0.016000000,-0.198000000,0.198000000,-0.005109088,0.005109088,-0.008000000,0.008000000,3,0.065000000,1,1,1,1,1,1,4,-0.259114407,-0.847854245,2.972217730
163.500000000,163.400000000,0.100000000,0,0,85,0,-0.200000000,0.200000000,-0.100000000,0.100000000,-0.200000000,0.200000000,-0.004000000,0.004000000,-0.098000000,0.098000000,-0.005111885,0.005111885,0.004000000,0.004000000,3,0.065000000,1,1,1,1,1,1,4,-0.288001104,-0.885208594,2.959384012
163.600000000,163.500000000,0.100000000,0,0,85,0,-0.200000000,0.200000000,-0.100000000,0.100000000,-0.200000000,0.200000000,0.016000000,0.016000000,-0.198000000,0.198000000,-0.001108682,0.001108682,-0.018000000,0.018000000,3,0.065000000,1,1,1,1,1,1,4,-0.359935648,-0.919505943,2.952779895
163.700000000,163.600000000,0.100000000,0,0,85,0,-0.200000000,0.200000000,-0.100000000,0.100000000,-0.200000000,0.200000000,-0.004000000,0.004000000,-0.098000000,0.098000000,-0.001117478,0.001117478,-0.004000000,0.004000000,3,0.065000000,1,1,1,1,1,1,4,-0.383192674,-0.916948091,2.942018144
163.800000000,163.700000000,0.100000000,0,0,85,0,-0.200000000,0.200000000,-0.100000000,0.100000000,-0.200000000,0.200000000,0.016000000,0.016000000,-0.198000000,0.198000000,-0.001114274,0.001114274,0.010000000,0.010000000,3,0.065000000,1,1,1,1,1,1,4,-0.405343517,-0.892461665,2.945111625
163.900000000,163.800000000,0.100000000,0,0,85,0,-0.200000000,0.200000000,-0.100000000,0.100000000,-0.200000000,0.200000000,-0.004000000,0.004000000,-0.098000000,0.098000000,-0.001117069,0.001117069,-0.014000000,0.014000000,3,0.065000000,1,1,1,1,1,1,4,-0.461751878,-0.893000396,2.938832951
164.000000000,163.900000000,0.100000000,0,0,85,0,-0.200000000,0.200000000,-0.100000000,0.100000000,-0.200000000,0.200000000,0.016000000,0.016000000,0.002000000,0.002000000,-0.001113864,0.001113864,-0.002000000,0.002000000,3,0.065000000,1,1,1,1,1,1,4,-0.496528474,-0.872436626,2.942563890
164.100000000,164.000000000,0.100000000,0,0,85,0,-0.200000000,0.200000000,-0.100000000,0.100000000,-0.200000000,0.200000000,-0.004000000,0.004000000,-0.098000000,0.098000000,-0.001110658,0.001110658,0.008000000,0.008000000,3,0.065000000,1,1,1,1,1,1,4,-0.547634777,-0.834083782,2.945028589
164.200000000,164.100000000,0.100000000,0,0,85,0,-0.200000000,0.200000000,-0.100000000,0.100000000,-0.200000000,0.200000000,0.016000000,0.016000000,-0.198000000,0.198000000,-0.001107452,0.001107452,0.016000000,0.016000000,3,0.065000000,1,1,1,1,1,1,4,-0.524174052,-0.762515562,2.937142494
164.300000000,164.200000000,0.100000000,0,0,85,0,-0.200000000,0.200000000,-0.100000000,0.100000000,-0.200000000,0.200000000,-0.004000000,0.004000000,-0.196000000,0.196000000,-0.001110246,0.001110246,-0.006000000,0.006000000,3,0.065000000,1,1,1,1,1,1,4,-0.557152701,-0.711105630,2.942190610
164.400000000,164.300000000,0.100000000,0,0,85,0,-0.200000000,0.200000000,-0.100000000,0.100000000,-0.200000000,0.200000000,0.016000000,0.016000000,-0.296000000,0.296000000,-0.001113039,0.001113039,0.004000000,0.004000000,3,0.065000000,1,1,1,1,1,1,4,-0.597379361,-0.695361627,2.939318549
164.500000000,164.400000000,0.100000000,0,0,85,0,-0.200000000,0.200000000,-0.100000000,0.100000000,-0.200000000,0.200000000,-0.004000000,0.004000000,-0.098000000,0.098000000,-0.001109832,0.001109832,0.014000000,0.014000000,3,0.065000000,1,1,1,1,1,1,4,-0.575262410,-0.691456819,2.939807741
164.600000000,164.500000000,0.100000000,0,0,85,0,-0.200000000,0.200000000,-0.100000000,0.100000000,-0.200000000,0.200000000,0.016000000,0.016000000,-0.198000000,0.198000000,-0.001106625,0.001106625,-0.008000000,0.008000000,3,0.065000000,1,1,1,1,1,1,4,-0.636612724,-0.674788084,2.939240804
164.700000000,164.600000000,0.100000000,0,0,85,0,-0.200000000,0.200000000,-0.100000000,0.100000000,-0.200000000,0.200000000,-0.004000000,0.004000000,-0.098000000,0.098000000,-0.001109417,0.001109417,0.002000000,0.002000000,3,0.065000000,1,1,1,1,1,1,4,-0.669477990,-0.655957722,2.942403620
164.800000000,164.700000000,0.100000000,0,0,85,0,-0.200000000,0.200000000,-0.100000000,0.100000000,-0.200000000,0.200000000,0.016000000,0.016000000,0.002000000,0.002000000,-0.005112209,0.005112209,0.016000000,0.016000000,3,0.065000000,1,1,1,1,1,1,4,-0.639577485,-0.613632700,2.957663415
164.900000000,164.800000000,0.100000000,0,0,85,0,-0.200000000,0.200000000,-0.100000000,0.100000000,-0.200000000,0.200000000,-0.004000000,0.004000000,-0.098000000,0.098000000,-0.005115000,0.005115000,-0.006000000,0.006000000,3,0.065000000,1,1,1,1,1,1,4,-0.646355054,-0.588930803,2.949584048
165.000000000,164.900000000,0.100000000,0,0,85,0,-0.200000000,0.200000000,-0.100000000,0.100000000,-0.200000000,0.200000000,0.016000000,0.016000000,-0.098000000,0.098000000,-0.001123791,0.001123791,0.010000000,0.010000000,3,0.065000000,1,1,1,1,1,1,4,-0.714899860,-0.572691741,2.947404783
165.100000000,165.000000000,0.100000000,0,0,85,0,-0.200000000,0.200000000,-0.100000000,0.100000000,-0.200000000,0.200000000,-0.004000000,0.004000000,-0.198000000,0.198000000,-0.001126582,0.001126582,-0.008000000,0.008000000,3,0.065000000,1,1,1,1,1,1,4,-0.747981866,-0.551025995,2.963347302
165.200000000,165.100000000,0.100000000,0,0,85,0,-0.200000000,0.200000000,-0.100000000,0.100000000,-0.200000000,0.200000000,0.016000000,0.016000000,-0.098000000,0.098000000,-0.001123372,0.001123372,0.002000000,0.002000000,3,0.065000000,1,1,1,1,1,1,4,-0.815896302,-0.504767892,2.975147408
165.300000000,165.200000000,0.100000000,0,0,85,0,-0.200000000,0.200000000,-0.100000000,0.100000000,-0.200000000,0.200000000,-0.004000000,0.004000000,-0.198000000,0.198000000,-0.001126162,0.001126162,-0.014000000,0.014000000,3,0.065000000,1,1,1,1,1,1,4,-0.863857924,-0.488031946,2.985731879
165.400000000,165.300000000,0.100000000,0,0,85,0,-0.200000000,0.200000000,-0.100000000,0.100000000,-0.200000000,0.200000000,0.016000000,0.016000000,-0.298000000,0.298000000,-0.001131951,0.001131951,-0.004000000,0.004000000,3,0.065000000,1,1,1,1,1,1,4,-0.825701150,-0.466582435,2.973448758
165.500000000,165.400000000,0.100000000,0,0,85,0,-0.200000000,0.200000000,-0.100000000,0.100000000,-0.200000000,0.200000000,-0.004000000,0.004000000,-0.198000000,0.198000000,-0.001134739,0.001134739,0.018000000,0.018000000,3,0.065000000,1,1,1,1,1,1,4,-0.842102634,-0.430442057,2.973726746
165.600000000,165.500000000,0.100000000,0,0,85,0,-0.200000000,0.200000000,-0.100000000,0.100000000,-0.200000000,0.200000000,0.016000000,0.016000000,0.002000000,0.002000000,-0.005131527,0.005131527,-0.008000000,0.008000000,3,0.065000000,1,1,1,1,1,1,4,-0.919389232,-0.381584961,2.979100925
165.700000000,165.600000000,0.100000000,0,0,85,0,-0.200000000,0.200000000,-0.100000000,0.100000000,-0.200000000,0.200000000,-0.004000000,0.004000000,-0.098000000,0.098000000,-0.001140315,0.001140315,0.018000000,0.018000000,3,0.065000000,1,1,1,1,1,1,4,-0.987625915,-0.357088937,2.973226168
165.800000000,165.700000000,0.100000000,0,0,85,0,-0.200000000,0.200000000,-0.100000000,0.100000000,-0.200000000,0.200000000,0.018000000,0.018000000,-0.098000000,0.098000000,-0.005143102,0.005143102,0.000000000,0.000000000,3,0.065000000,1,1,1,1,1,1,4,-1.021472149,-0.366020568,2.966666262
165.900000000,165.800000000,0.100000000,0,0,85,0,-0.200000000,0.200000000,-0.100000000,0.100000000,-0.200000000,0.200000000,-0.004000000,0.004000000,-0.198000000,0.198000000,-0.001145888,0.001145888,-0.010000000,0.010000000,3,0.065000000,1,1,1,1,1,1,4,-1.079708028,-0.352674347,2.968291489
166.000000000,165.900000000,0.100000000,0,0,85,0,-0.200000000,0.200000000,-0.100000000,0.100000000,-0.200000000,0.200000000,0.016000000,0.016000000,-0.098000000,0.098000000,-0.001148673,0.001148673,0.016000000,0.016000000,3,0.065000000,1,1,1,1,1,1,4,-1.072888677,-0.311205755,2.974193026
166.100000000,166.000000000,0.100000000,0,0,85,0,-0.200000000,0.200000000,-0.100000000,0.100000000,-0.200000000,0.200000000,-0.004000000,0.004000000,-0.198000000,0.198000000,-0.005151458,0.005151458,-0.006000000,0.006000000,3,0.065000000,1,1,1,1,1,1,4,-1.140823102,-0.278120992,2.977244914
166.200000000,166.100000000,0.100000000,0,0,85,0,-0.200000000,0.200000000,-0.100000000,0.100000000,-0.200000000,0.200000000,0.016000000,0.016000000,-0.098000000,0.098000000,-0.001148242,0.001148242,0.008000000,0.008000000,3,0.065000000,1,1,1,1,1,1,4,-1.029859206,-0.208051414,2.967103760
166.300000000,166.200000000,0.100000000,0,0,85,0,-0.200000000,0.200000000,-0.100000000,0.100000000,-0.200000000,0.200000000,0.038000000,0.038000000,-0.198000000,0.198000000,-0.001145025,0.001145025,-0.008000000,0.008000000,3,0.065000000,1,1,1,1,1,1,4,-1.176529407,-0.192604766,2.979449290
166.400000000,166.300000000,0.100000000,0,0,85,0,-0.200000000,0.200000000,-0.100000000,0.100000000,-0.200000000,0.200000000,0.016000000,0.016000000,-0.196000000,0.196000000,-0.001147808,0.001147808,0.014000000,0.014000000,3,0.065000000,1,1,1,1,1,1,4,-1.032993859,-0.136466583,2.977951012
166.500000000,166.400000000,0.100000000,0,0,85,0,-0.200000000,0.200000000,-0.100000000,0.100000000,-0.200000000,0.200000000,-0.004000000,0.004000000,-0.296000000,0.296000000,-0.001162590,0.001162590,-0.002000000,0.002000000,3,0.065000000,1,1,1,1,1,1,4,-1.189084300,-0.127313146,2.969116044
166.600000000,166.500000000,0.100000000,0,0,85,0,-0.200000000,0.200000000,-0.100000000,0.100000000,-0.200000000,0.200000000,0.016000000,0.016000000,-0.098000000,0.098000000,-0.001168152,0.001168152,0.004000000,0.004000000,3,0.065000000,1,1,1,1,1,1,4,-1.118631274,-0.089807425,2.970163685
166.700000000,166.600000000,0.100000000,0,0,85,0,-0.200000000,0.200000000,-0.100000000,0.100000000,-0.200000000,0.200000000,-0.004000000,0.004000000,-0.198000000,0.198000000,0.002835069,0.002835069,-0.018000000,0.018000000,3,0.065000000,1,1,1,1,1,1,4,-1.257858852,-0.092461433,2.964032452
166.800000000,166.700000000,0.100000000,0,0,85,0,-0.200000000,0.200000000,-0.100000000,0.100000000,-0.200000000,0.200000000,0.016000000,0.016000000,-0.098000000,0.098000000,-0.005164931,0.005164931,0.012000000,0.012000000,3,0.065000000,1,1,1,1,1,1,4,-1.254482441,-0.089697374,2.964210822
166.900000000,166.800000000,0.100000000,0,0,85,0,-0.200000000,0.200000000,-0.100000000,0.100000000,-0.200000000,0.200000000,-0.004000000,0.004000000,0.002000000,0.002000000,-0.001167710,0.001167710,0.008000000,0.008000000,3,0.065000000,1,1,1,1,1,1,4,-1.346489134,-0.050230690,2.954030550
167.000000000,166.900000000,0.100000000,0,0,85,0,-0.200000000,0.200000000,-0.100000000,0.100000000,-0.200000000,0.200000000,-0.024000000,0.024000000,0.002000000,0.002000000,-0.001194265,0.001194265,-0.002000000,0.002000000,3,0.065000000,1,1,1,1,1,1,4,-1.299248668,-0.028731444,2.961645060
167.100000000,167.000000000,0.100000000,0,0,85,0,-0.200000000,0.200000000,-0.100000000,0.100000000,-0.200000000,0.200000000,-0.004000000,0.004000000,-0.098000000,0.098000000,-0.001199815,0.001199815,0.004000000,0.004000000,3,0.065000000,1,1,1,1,1,1,4,-1.380102072,0.033027186,2.972343806
167.200000000,167.100000000,0.100000000,0,0,85,0,-0.200000000,0.200000000,-0.100000000,0.100000000,-0.200000000,0.200000000,0.016000000,0.016000000,-0.098000000,0.098000000,-0.001196132,0.001196132,-0.006000000,0.006000000,3,0.065000000,1,1,1,1,1,1,4,-1.439020417,0.073231581,2.961125268
167.300000000,167.200000000,0.100000000,0,0,85,0,-0.200000000,0.200000000,-0.100000000,0.100000000,-0.200000000,0.200000000,-0.004000000,0.004000000,-0.198000000,0.198000000,-0.001195672,0.001195672,0.000000000,0.000000000,3,0.065000000,1,1,1,1,1,1,4,-1.479312934,0.094255351,2.954581336
167.400000000,167.300000000,0.100000000,0,0,85,0,-0.200000000,0.200000000,-0.100000000,0.100000000,-0.200000000,0.200000000,0.016000000,0.016000000,-0.298000000,0.298000000,-0.005192440,0.005192440,0.000000000,0.000000000,3,0.065000000,1,1,1,1,1,1,4,-1.506908936,0.155696454,2.954109664
167.500000000,167.400000000,0.100000000,0,0,85,0,-0.200000000,0.200000000,-0.100000000,0.100000000,-0.200000000,0.200000000,-0.004000000,0.004000000,-0.198000000,0.198000000,-0.005197972,0.005197972,0.004000000,0.004000000,3,0.065000000,1,1,1,1,1,1,4,-1.526157247,0.158382028,2.969644148
167.600000000,167.500000000,0.100000000,0,0,85,0,-0.200000000,0.200000000,-0.100000000,0.100000000,-0.200000000,0.200000000,0.016000000,0.016000000,-0.298000000,0.298000000,-0.001194737,0.001194737,-0.002000000,0.002000000,3,0.065000000,1,1,1,1,1,1,4,-1.536210886,0.202692825,2.970124204
167.700000000,167.600000000,0.100000000,0,0,85,0,-0.200000000,0.200000000,-0.100000000,0.100000000,-0.200000000,0.200000000,-0.002000000,0.002000000,-0.398000000,0.398000000,-0.005191501,0.005191501,-0.010000000,0.010000000,3,0.065000000,1,1,1,1,1,1,4,-1.618277917,0.253388597,2.977897357
167.800000000,167.700000000,0.100000000,0,0,85,0,-0.200000000,0.200000000,-0.100000000,0.100000000,-0.200000000,0.200000000,0.016000000,0.016000000,-0.298000000,0.298000000,-0.005194264,0.005194264,-0.014000000,0.014000000,3,0.065000000,1,1,1,1,1,1,4,-1.627653503,0.260265447,2.973541023
167.900000000,167.800000000,0.100000000,0,0,85,0,-0.200000000,0.200000000,-0.100000000,0.100000000,-0.200000000,0.200000000,-0.004000000,0.004000000,-0.398000000,0.398000000,-0.001197026,0.001197026,0.004000000,0.004000000,3,0.065000000,1,1,1,1,1,1,4,-1.693415076,0.279461381,2.971841501
168.000000000,167.900000000,0.100000000,0,0,85,0,-0.200000000,0.200000000,-0.100000000,0.100000000,-0.200000000,0.200000000,0.016000000,0.016000000,-0.498000000,0.498000000,0.002800214,0.002800214,-0.016000000,0.016000000,3,0.065000000,1,1,1,1,1,1,4,-1.762489655,0.301947443,2.976648358
168.100000000,168.000000000,0.100000000,0,0,85,0,-0.200000000,0.200000000,-0.100000000,0.100000000,-0.200000000,0.200000000,-0.004000000,0.004000000,-0.198000000,0.198000000,-0.001202546,0.001202546,-0.002000000,0.002000000,3,0.065000000,1,1,1,1,1,1,4,-1.810192857,0.309065216,2.977723940
168.200000000,168.100000000,0.100000000,0,0,85,0,-0.200000000,0.200000000,-0.100000000,0.100000000,-0.200000000,0.200000000,0.016000000,0.016000000,-0.298000000,0.298000000,-0.005217304,0.005217304,-0.018000000,0.018000000,3,0.065000000,1,1,1,1,1,1,4,-1.797490798,0.342806918,2.975951825
168.300000000,168.200000000,0.100000000,0,0,85,0,-0.200000000,0.200000000,-0.100000000,0.100000000,-0.200000000,0.200000000,-0.004000000,0.004000000,-0.098000000,0.098000000,-0.001214061,0.001214061,0.000000000,0.000000000,3,0.065000000,1,1,1,1,1,1,4,-1.776178678,0.355094059,2.974499968
168.400000000,168.300000000,0.100000000,0,0,85,0,-0.200000000,0.200000000,-0.100000000,0.100000000,-0.200000000,0.200000000,0.016000000,0.016000000,-0.198000000,0.198000000,-0.001216818,0.001216818,-0.018000000,0.018000000,3,0.065000000,1,1,1,1,1,1,4,-1.849376368,0.372810052,2.983768202
168.500000000,168.400000000,0.100000000,0,0,85,0,-0.200000000,0.200000000,-0.100000000,0.100000000,-0.200000000,0.200000000,-0.004000000,0.004000000,-0.298000000,0.298000000,-0.001219572,0.001219572,-0.004000000,0.004000000,3,0.065000000,1,1,1,1,1,1,4,-1.945313234,0.353588674,2.975412916
168.600000000,168.500000000,0.100000000,0,0,85,0,-0.200000000,0.200000000,-0.100000000,0.100000000,-0.200000000,0.200000000,0.018000000,0.018000000,-0.198000000,0.198000000,-0.001216326,0.001216326,0.014000000,0.014000000,3,0.065000000,1,1,1,1,1,1,4,-1.957231461,0.327866435,2.959468220
168.700000000,168.600000000,0.100000000,0,0,85,0,-0.200000000,0.200000000,-0.100000000,0.100000000,-0.200000000,0.200000000,-0.004000000,0.004000000,-0.298000000,0.298000000,-0.001219078,0.001219078,0.008000000,0.008000000,3,0.065000000,1,1,1,1,1,1,4,-1.996948670,0.309875474,2.965652266
168.800000000,168.700000000,0.100000000,0,0,85,0,-0.200000000,0.200000000,-0.100000000,0.100000000,-0.200000000,0.200000000,0.016000000,0.016000000,-0.398000000,0.398000000,-0.001221829,0.001221829,-0.004000000,0.004000000,3,0.065000000,1,1,1,1,1,1,4,-1.978078283,0.298554458,2.972043216
168.900000000,168.800000000,0.100000000,0,0,85,0,-0.200000000,0.200000000,-0.100000000,0.100000000,-0.200000000,0.200000000,-0.004000000,0.004000000,-0.198000000,0.198000000,-0.001230579,0.001230579,0.018000000,0.018000000,3,0.065000000,1,1,1,1,1,1,4,-2.020012719,0.304362168,2.947857536
169.000000000,168.900000000,0.100000000,0,0,85,0,-0.200000000,0.200000000,-0.100000000,0.100000000,-0.200000000,0.200000000,0.018000000,0.018000000,-0.298000000,0.298000000,-0.001239328,0.001239328,-0.002000000,0.002000000,3,0.065000000,1,1,1,1,1,1,4,-1.991325269,0.327066739,2.949822630
169.100000000,169.000000000,0.100000000,0,0,85,0,-0.200000000,0.200000000,-0.100000000,0.100000000,-0.200000000,0.200000000,-0.004000000,0.004000000,-0.398000000,0.398000000,-0.001242075,0.001242075,-0.002000000,0.002000000,3,0.065000000,1,1,1,1,1,1,4,-1.955756189,0.364749466,2.945073376
169.200000000,169.100000000,0.100000000,0,0,85,0,-0.200000000,0.200000000,-0.100000000,0.100000000,-0.200000000,0.200000000,0.016000000,0.016000000,-0.198000000,0.198000000,-0.001250821,0.001250821,-0.010000000,0.010000000,3,0.065000000,1,1,1,1,1,1,4,-1.901672076,0.369236794,2.938620260
169.300000000,169.200000000,0.100000000,0,0,85,0,-0.200000000,0.200000000,-0.100000000,0.100000000,-0.200000000,0.200000000,-0.004000000,0.004000000,-0.298000000,0.298000000,-0.001253565,0.001253565,0.008000000,0.008000000,3,0.065000000,1,1,1,1,1,1,4,-1.894691537,0.357983147,2.944879316
169.400000000,169.300000000,0.100000000,0,0,85,0,-0.200000000,0.200000000,-0.100000000,0.100000000,-0.200000000,0.200000000,0.016000000,0.016000000,-0.398000000,0.398000000,-0.001262308,0.001262308,-0.012000000,0.012000000,3,0.065000000,1,1,1,1,1,1,4,-1.935955610,0.274165135,2.961362798
169.500000000,169.400000000,0.100000000,0,0,85,0,-0.200000000,0.200000000,-0.100000000,0.100000000,-0.200000000,0.200000000,-0.004000000,0.004000000,-0.198000000,0.198000000,-0.001271049,0.001271049,0.002000000,0.002000000,3,0.065000000,1,1,1,1,1,1,4,-1.893728850,0.273803235,2.955170859
169.600000000,169.500000000,0.100000000,0,0,85,0,-0.200000000,0.200000000,-0.100000000,0.100000000,-0.200000000,0.200000000,0.018000000,0.018000000,-0.298000000,0.298000000,-0.001273788,0.001273788,-0.016000000,0.016000000,3,0.065000000,1,1,1,1,1,1,4,-1.911933507,0.230342339,2.963357130
169.700000000,169.600000000,0.100000000,0,0,85,0,-0.200000000,0.200000000,-0.100000000,0.100000000,-0.200000000,0.200000000,-0.004000000,0.004000000,-0.098000000,0.098000000,-0.001282526,0.001282526,0.004000000,0.004000000,3,0.065000000,1,1,1,1,1,1,4,-1.927676532,0.194036111,2.953848493
169.800000000,169.700000000,0.100000000,0,0,85,0,-0.200000000,0.200000000,-0.100000000,0.100000000,-0.200000000,0.200000000,0.016000000,0.016000000,-0.198000000,0.198000000,-0.001282262,0.001282262,0.014000000,0.014000000,3,0.065000000,1,1,1,1,1,1,4,-1.868398994,0.179015262,2.942781407
169.900000000,169.800000000,0.100000000,0,0,85,0,-0.200000000,0.200000000,-0.100000000,0.100000000,-0.200000000,0.200000000,-0.004000000,0.004000000,-0.298000000,0.298000000,-0.001278997,0.001278997,-0.008000000,0.008000000,3,0.065000000,1,1,1,1,1,1,4,-1.805734664,0.149304063,2.926849828
170.000000000,169.900000000,0.100000000,0,0,85,0,-0.200000000,0.200000000,-0.100000000,0.100000000,-0.200000000,0.200000000,0.016000000,0.016000000,-0.098000000,0.098000000,-0.001293729,0.001293729,0.008000000,0.008000000,3,0.065000000,1,1,1,1,1,1,4,-1.823434020,0.094144485,2.934024486
170.100000000,170.000000000,0.100000000,0,0,85,0,-0.200000000,0.200000000,-0.100000000,0.100000000,-0.200000000,0.200000000,-0.004000000,0.004000000,-0.198000000,0.198000000,-0.001293460,0.001293460,-0.014000000,0.014000000,3,0.065000000,1,1,1,1,1,1,4,-1.794984609,0.026886205,2.939752221
170.200000000,170.100000000,0.100000000,0,0,85,0,-0.200000000,0.200000000,-0.100000000,0.100000000,-0.200000000,0.200000000,-0.024000000,0.024000000,-0.298000000,0.298000000,-0.005296189,0.005296189,0.000000000,0.000000000,3,0.065000000,1,1,1,1,1,1,4,-1.792997167,-0.031629589,2.928859638
170.300000000,170.200000000,0.100000000,0,0,85,0,-0.200000000,0.200000000,-0.100000000,0.100000000,-0.200000000,0.200000000,-0.004000000,0.004000000,-0.198000000,0.198000000,-0.005292916,0.005292916,-0.018000000,0.018000000,3,0.065000000,1,1,1,1,1,1,4,-1.706618032,-0.076807591,2.927339152
170.400000000,170.300000000,0.100000000,0,0,85,0,-0.200000000,0.200000000,-0.100000000,0.100000000,-0.200000000,0.200000000,0.016000000,0.016000000,-0.298000000,0.298000000,-0.001313641,0.001313641,0.018000000,0.018000000,3,0.065000000,1,1,1,1,1,1,4,-1.670892476,-0.145054526,2.937033520
170.500000000,170.400000000,0.100000000,0,0,85,0,-0.200000000,0.200000000,-0.100000000,0.100000000,-0.200000000,0.200000000,-0.004000000,0.004000000,-0.398000000,0.398000000,-0.001322364,0.001322364,-0.002000000,0.002000000,3,0.065000000,1,1,1,1,1,1,4,-1.617295206,-0.184523425,2.928022340
170.600000000,170.500000000,0.100000000,0,0,85,0,-0.200000000,0.200000000,-0.100000000,0.100000000,-0.200000000,0.200000000,-0.024000000,0.024000000,-0.498000000,0.498000000,-0.001325086,0.001325086,-0.012000000,0.012000000,3,0.065000000,1,1,1,1,1,1,4,-1.656703333,-0.245158819,2.921439252
170.700000000,170.600000000,0.100000000,0,0,85,0,-0.200000000,0.200000000,-0.100000000,0.100000000,-0.200000000,0.200000000,-0.004000000,0.004000000,-0.298000000,0.298000000,-0.001333805,0.001333805,0.004000000,0.004000000,3,0.065000000,1,1,1,1,1,1,4,-1.605052528,-0.323707247,2.927525652
170.800000000,170.700000000,0.100000000,0,0,85,0,-0.200000000,0.200000000,-0.100000000,0.100000000,-0.200000000,0.200000000,0.016000000,0.016000000,-0.398000000,0.398000000,-0.005330522,0.005330522,-0.016000000,0.016000000,3,0.065000000,1,1,1,1,1,1,4,-1.639828732,-0.363002920,2.912622126
170.900000000,170.800000000,0.100000000,0,0,85,0,-0.200000000,0.200000000,-0.100000000,0.100000000,-0.200000000,0.200000000,-0.004000000,0.004000000,-0.498000000,0.498000000,-0.001327236,0.001327236,-0.008000000,0.008000000,3,0.065000000,1,1,1,1,1,1,4,-1.623572497,-0.446170649,2.924855069
171.000000000,170.900000000,0.100000000,0,0,85,0,-0.200000000,0.200000000,-0.100000000,0.100000000,-0.200000000,0.200000000,0.016000000,0.016000000,-0.198000000,0.198000000,-0.005323949,0.005323949,0.008000000,0.008000000,3,0.065000000,1,1,1,1,0,1,4,-1.679304075,-0.497946976,2.934351706
171.100000000,171.000000000,0.100000000,0,0,85,0,-0.200000000,0.200000000,-0.100000000,0.100000000,-0.200000000,0.200000000,-0.004000000,0.004000000,-0.298000000,0.298000000,-0.001332660,0.001332660,-0.010000000,0.010000000,3,0.065000000,1,1,1,1,1,1,4,-1.661822498,-0.518649107,2.930763780
171.200000000,171.100000000,0.100000000,0,0,85,0,-0.200000000,0.200000000,-0.100000000,0.100000000,-0.200000000,0.200000000,0.016000000,0.016000000,-0.398000000,0.398000000,-0.005335368,0.005335368,0.008000000,0.008000000,3,0.065000000,1,1,1,1,1,1,4,-1.657387651,-0.476485006,2.931544534
171.300000000,171.200000000,0.100000000,0,0,85,0,-0.200000000,0.200000000,-0.100000000,0.100000000,-0.200000000,0.200000000,-0.004000000,0.004000000,-0.198000000,0.198000000,-0.005332075,0.005332075,-0.014000000,0.014000000,3,0.065000000,1,1,1,1,1,1,4,-1.619150337,-0.493205450,2.932957256
171.400000000,171.300000000,0.100000000,0,0,85,0,-0.200000000,0.200000000,-0.100000000,0.100000000,-0.200000000,0.200000000,0.016000000,0.016000000,-0.298000000,0.298000000,-0.001328779,0.001328779,0.000000000,0.000000000,3,0.065000000,1,1,1,1,1,1,4,-1.618460328,-0.505895112,2.944571001
171.500000000,171.400000000,0.100000000,0,0,85,0,-0.200000000,0.200000000,-0.100000000,0.100000000,-0.200000000,0.200000000,-0.004000000,0.004000000,-0.398000000,0.398000000,-0.005337481,0.005337481,-0.014000000,0.014000000,3,0.065000000,1,1,1,1,1,1,4,-1.547967600,-0.524201927,2.954550650
171.600000000,171.500000000,0.100000000,0,0,85,0,-0.200000000,0.200000000,-0.100000000,0.100000000,-0.200000000,0.200000000,0.016000000,0.016000000,-0.498000000,0.498000000,-0.001340181,0.001340181,0.000000000,0.000000000,3,0.065000000,1,1,1,1,1,1,4,-1.506508497,-0.600921946,2.951752308
171.700000000,171.600000000,0.100000000,0,0,85,0,-0.200000000,0.200000000,-0.100000000,0.100000000,-0.200000000,0.200000000,0.036000000,0.036000000,-0.298000000,0.298000000,-0.001342879,0.001342879,0.012000000,0.012000000,3,0.065000000,1,1,1,1,1,1,4,-1.429899581,-0.602345086,2.950435480
171.800000000,171.700000000,0.100000000,0,0,85,0,-0.200000000,0.200000000,-0.100000000,0.100000000,-0.200000000,0.200000000,0.016000000,0.016000000,-0.398000000,0.398000000,-0.001360268,0.001360268,-0.010000000,0.010000000,3,0.065000000,1,1,1,1,1,1,4,-1.456046215,-0.648577751,2.948536452
171.900000000,171.800000000,0.100000000,0,0,85,0,-0.200000000,0.200000000,-0.100000000,0.100000000,-0.200000000,0.200000000,-0.004000000,0.004000000,-0.498000000,0.498000000,0.002637041,0.002637041,0.008000000,0.008000000,3,0.065000000,1,1,1,1,1,1,4,-1.452212706,-0.667892674,2.939527649
172.000000000,171.900000000,0.100000000,0,0,85,0,-0.200000000,0.200000000,-0.100000000,0.100000000,-0.200000000,0.200000000,0.016000000,0.016000000,-0.598000000,0.598000000,-0.005377648,0.005377648,-0.012000000,0.012000000,3,0.065000000,0,0,0,0,0,0,0,-1.389331686,-0.749599080,2.938565413
172.100000000,172.000000000,0.100000000,0,0,85,0,-0.200000000,0.200000000,-0.100000000,0.100000000,-0.200000000,0.200000000,-0.004000000,0.004000000,-0.298000000,0.298000000,-0.005386334,0.005386334,0.006000000,0.006000000,3,0.065000000,1,1,1,1,1,1,4,-1.392876697,-0.756397719,2.950579669
172.200000000,172.100000000,0.100000000,0,0,85,0,-0.200000000,0.200000000,-0.100000000,0.100000000,-0.200000000,0.200000000,0.016000000,0.016000000,-0.398000000,0.398000000,-0.005389018,0.005389018,-0.016000000,0.016000000,4,0.050000000,1,1,1,1,1,1,4,-1.380210757,-0.825783562,2.960355098
172.300000000,172.200000000,0.100000000,0,0,85,0,-0.200000000,0.200000000,-0.100000000,0.100000000,-0.200000000,0.200000000,-0.004000000,0.004000000,-0.498000000,0.498000000,-0.005385699,0.005385699,0.008000000,0.008000000,4,0.050000000,1,1,1,1,1,1,4,-1.382380103,-0.838168281,2.952845295
172.400000000,172.300000000,0.100000000,0,0,85,0,-0.200000000,0.200000000,-0.100000000,0.100000000,-0.200000000,0.200000000,0.016000000,0.016000000,-0.198000000,0.198000000,-0.001379378,0.001379378,0.004000000,0.004000000,4,0.050000000,1,1,1,1,1,1,4,-1.301348697,-0.848576851,2.954566489
172.500000000,172.400000000,0.100000000,0,0,85,0,-0.200000000,0.200000000,-0.100000000,0.100000000,-0.200000000,0.200000000,-0.004000000,0.004000000,-0.298000000,0.298000000,-0.005382054,0.005382054,-0.014000000,0.014000000,4,0.050000000,1,1,1,1,1,1,4,-1.355826306,-0.854376849,2.971315182
172.600000000,172.500000000,0.100000000,0,0,85,0,-0.200000000,0.200000000,-0.100000000,0.100000000,-0.200000000,0.200000000,0.016000000,0.016000000,-0.398000000,0.398000000,-0.005390728,0.005390728,-0.010000000,0.010000000,4,0.050000000,1,1,1,1,1,1,4,-1.244823738,-0.890763883,2.971702734
172.700000000,172.600000000,0.100000000,0,0,85,0,-0.200000000,0.200000000,-0.100000000,0.100000000,-0.200000000,0.200000000,-0.002000000,0.002000000,-0.196000000,0.196000000,-0.005393399,0.005393399,0.020000000,0.020000000,4,0.050000000,1,1,1,1,1,1,4,-1.203504279,-0.885816833,2.982012190
172.800000000,172.700000000,0.100000000,0,0,85,0,-0.200000000,0.200000000,-0.100000000,0.100000000,-0.200000000,0.200000000,-0.018000000,0.018000000,-0.296000000,0.296000000,-0.005393068,0.005393068,0.010000000,0.010000000,4,0.050000000,1,1,1,1,1,1,4,-1.141100504,-0.933666882,2.995997889
172.900000000,172.800000000,0.100000000,0,0,85,0,-0.200000000,0.200000000,-0.100000000,0.100000000,-0.200000000,0.200000000,-0.004000000,0.004000000,-0.396000000,0.396000000,-0.005395734,0.005395734,0.016000000,0.016000000,4,0.050000000,1,1,1,1,1,1,4,-1.145865380,-0.963364286,2.978866822
173.000000000,172.900000000,0.100000000,0,0,85,0,-0.200000000,0.200000000,-0.100000000,0.100000000,-0.200000000,0.200000000,0.016000000,0.016000000,-0.196000000,0.196000000,-0.001392398,0.001392398,-0.002000000,0.002000000,4,0.050000000,1,1,1,1,1,1,4,-1.123166654,-1.023189524,2.977087160
173.100000000,173.000000000,0.100000000,0,0,85,0,-0.200000000,0.200000000,-0.100000000,0.100000000,-0.200000000,0.200000000,-0.004000000,0.004000000,0.004000000,0.004000000,-0.001389059,0.001389059,0.010000000,0.010000000,4,0.050000000,1,1,1,1,1,1,4,-1.119544499,-1.027373337,2.964789296
173.200000000,173.100000000,0.100000000,0,0,85,0,-0.200000000,0.200000000,-0.100000000,0.100000000,-0.200000000,0.200000000,0.016000000,0.016000000,0.004000000,0.004000000,0.002620283,0.002620283,-0.014000000,0.014000000,4,0.050000000,1,1,1,1,1,1,4,-1.070644790,-1.109977090,2.961529304
173.300000000,173.200000000,0.100000000,0,0,85,0,-0.200000000,0.200000000,-0.100000000,0.100000000,-0.200000000,0.200000000,-0.004000000,0.004000000,-0.096000000,0.096000000,-0.005376373,0.005376373,-0.002000000,0.002000000,4,0.050000000,1,1,1,1,1,1,4,-1.085678825,-1.153993992,2.962634984
173.400000000,173.300000000,0.100000000,0,0,85,0,-0.200000000,0.200000000,-0.100000000,0.100000000,-0.200000000,0.200000000,0.016000000,0.016000000,-0.096000000,0.096000000,-0.005373027,0.005373027,0.010000000,0.010000000,4,0.050000000,1,1,1,1,1,1,4,-1.089960238,-1.167109350,2.963153828
173.500000000,173.400000000,0.100000000,0,0,85,0,-0.200000000,0.200000000,-0.100000000,0.100000000,-0.200000000,0.200000000,-0.004000000,0.004000000,0.004000000,0.004000000,-0.005375679,0.005375679,-0.010000000,0.010000000,4,0.050000000,1,1,1,1,1,1,4,-1.044018898,-1.183977585,2.957688820
173.600000000,173.500000000,0.100000000,0,0,85,0,-0.200000000,0.200000000,-0.100000000,0.100000000,-0.200000000,0.200000000,0.016000000,0.016000000,-0.096000000,0.096000000,-0.005383975,0.005383975,-0.010000000,0.010000000,4,0.050000000,1,1,1,1,1,1,4,-0.966925786,-1.181569167,2.945977699
173.700000000,173.600000000,0.100000000,0,0,85,0,-0.200000000,0.200000000,-0.100000000,0.100000000,-0.200000000,0.200000000,-0.004000000,0.004000000,-0.096000000,0.096000000,-0.005380619,0.005380619,-0.006000000,0.006000000,4,0.050000000,1,1,1,1,1,1,4,-0.936360069,-1.187618086,2.948941545
173.800000000,173.700000000,0.100000000,0,0,85,0,-0.200000000,0.200000000,-0.100000000,0.100000000,-0.200000000,0.200000000,0.016000000,0.016000000,0.004000000,0.004000000,-0.001383261,0.001383261,0.012000000,0.012000000,4,0.050000000,1,1,1,1,1,1,4,-0.935509651,-1.226467733,2.946496960
173.900000000,173.800000000,0.100000000,0,0,85,0,-0.200000000,0.200000000,-0.100000000,0.100000000,-0.200000000,0.200000000,-0.004000000,0.004000000,0.004000000,0.004000000,-0.005385901,0.005385901,-0.006000000,0.006000000,4,0.050000000,1,1,1,1,1,1,4,-0.896393303,-1.241016638,2.938076497
174.000000000,173.900000000,0.100000000,0,0,85,0,-0.200000000,0.200000000,-0.100000000,0.100000000,-0.200000000,0.200000000,0.016000000,0.016000000,-0.096000000,0.096000000,-0.001373173,0.001373173,-0.016000000,0.016000000,4,0.050000000,1,1,1,1,1,1,4,-0.922677464,-1.257744914,2.939338328
174.100000000,174.000000000,0.100000000,0,0,85,0,-0.200000000,0.200000000,-0.100000000,0.100000000,-0.200000000,0.200000000,-0.004000000,0.004000000,-0.096000000,0.096000000,-0.001369805,0.001369805,-0.004000000,0.004000000,4,0.050000000,1,1,1,1,1,1,4,-0.922763443,-1.209694340,2.933652950
174.200000000,174.100000000,0.100000000,0,0,85,0,-0.200000000,0.200000000,-0.100000000,0.100000000,-0.200000000,0.200000000,0.016000000,0.016000000,-0.196000000,0.196000000,-0.005372436,0.005372436,0.014000000,0.014000000,4,0.050000000,1,1,1,1,1,1,4,-0.885904073,-1.196787174,2.932833515
174.300000000,174.200000000,0.100000000,0,0,85,0,-0.200000000,0.200000000,-0.100000000,0.100000000,-0.200000000,0.200000000,-0.004000000,0.004000000,-0.096000000,0.096000000,-0.001375064,0.001375064,-0.008000000,0.008000000,4,0.050000000,1,1,1,1,1,1,4,-0.856943005,-1.159551257,2.931478960
174.400000000,174.300000000,0.100000000,0,0,85,0,-0.200000000,0.200000000,-0.100000000,0.100000000,-0.200000000,0.200000000,0.016000000,0.016000000,0.004000000,0.004000000,0.002625687,0.002625687,0.000000000,0.000000000,4,0.050000000,1,1,1,1,1,1,4,-0.912066984,-1.111480428,2.939087778
174.500000000,174.400000000,0.100000000,0,0,85,0,-0.200000000,0.200000000,-0.100000000,0.100000000,-0.200000000,0.200000000,-0.004000000,0.004000000,0.004000000,0.004000000,-0.005374313,0.005374313,0.008000000,0.008000000,4,0.050000000,1,1,1,1,1,1,4,-0.874066279,-1.037426634,2.939036707
174.600000000,174.500000000,0.100000000,0,0,85,0,-0.200000000,0.200000000,-0.100000000,0.100000000,-0.200000000,0.200000000,0.016000000,0.016000000,0.004000000,0.004000000,-0.005385554,0.005385554,-0.018000000,0.018000000,4,0.050000000,1,1,1,1,1,1,4,-0.865909568,-0.943171437,2.930697837
174.700000000,174.600000000,0.100000000,0,0,85,0,-0.200000000,0.200000000,-0.100000000,0.100000000,-0.200000000,0.200000000,-0.004000000,0.004000000,0.004000000,0.004000000,-0.005372785,0.005372785,0.000000000,0.000000000,4,0.050000000,1,1,1,1,1,1,4,-0.842740791,-0.891259191,2.939506645
174.800000000,174.700000000,0.100000000,0,0,85,0,-0.200000000,0.200000000,-0.100000000,0.100000000,-0.200000000,0.200000000,0.016000000,0.016000000,0.004000000,0.004000000,-0.001369398,0.001369398,0.000000000,0.000000000,4,0.050000000,1,1,1,1,1,1,4,-0.845035445,-0.841727253,2.947841280
174.900000000,174.800000000,0.100000000,0,0,85,0,-0.200000000,0.200000000,-0.100000000,0.100000000,-0.200000000,0.200000000,-0.004000000,0.004000000,0.004000000,0.004000000,-0.001368616,0.001368616,0.006000000,0.006000000,4,0.050000000,1,1,1,1,1,1,4,-0.808154993,-0.743863548,2.930609414
175.000000000,174.900000000,0.100000000,0,0,85,0,-0.200000000,0.200000000,-0.100000000,0.100000000,-0.200000000,0.200000000,0.016000000,0.016000000,-0.096000000,0.096000000,-0.005371222,0.005371222,-0.010000000,0.010000000,4,0.050000000,1,1,1,1,1,1,4,-0.836594332,-0.684744189,2.940550341
175.100000000,175.000000000,0.100000000,0,0,85,0,-0.200000000,0.200000000,-0.100000000,0.100000000,-0.200000000,0.200000000,-0.004000000,0.004000000,-0.094000000,0.094000000,-0.005373826,0.005373826,-0.010000000,0.010000000,4,0.050000000,1,1,1,1,1,1,4,-0.809980684,-0.609266116,2.944346458
175.200000000,175.100000000,0.100000000,0,0,85,0,-0.200000000,0.200000000,-0.100000000,0.100000000,-0.200000000,0.200000000,0.016000000,0.016000000,-0.194000000,0.194000000,-0.001376427,0.001376427,-0.006000000,0.006000000,4,0.050000000,1,1,1,1,1,1,4,-0.833581899,-0.562251728,2.936811810
175.300000000,175.200000000,0.100000000,0,0,85,0,-0.200000000,0.200000000,-0.100000000,0.100000000,-0.200000000,0.200000000,-0.004000000,0.004000000,-0.096000000,0.096000000,-0.001373027,0.001373027,0.014000000,0.014000000,4,0.050000000,1,1,1,1,1,1,4,-0.803346208,-0.550538070,2.946757957
175.400000000,175.300000000,0.100000000,0,0,85,0,-0.200000000,0.200000000,-0.100000000,0.100000000,-0.200000000,0.200000000,0.016000000,0.016000000,-0.196000000,0.196000000,-0.001369624,0.001369624,-0.014000000,0.014000000,4,0.050000000,1,1,1,1,1,1,4,-0.874584272,-0.490854814,2.952647647
175.500000000,175.400000000,0.100000000,0,0,85,0,-0.200000000,0.200000000,-0.100000000,0.100000000,-0.200000000,0.200000000,-0.004000000,0.004000000,-0.094000000,0.094000000,-0.001378219,0.001378219,-0.004000000,0.004000000,4,0.050000000,1,1,1,1,1,1,4,-0.926734144,-0.465823964,2.942476944
175.600000000,175.500000000,0.100000000,0,0,85,0,-0.200000000,0.200000000,-0.100000000,0.100000000,-0.200000000,0.200000000,0.016000000,0.016000000,0.006000000,0.006000000,-0.001380812,0.001380812,0.006000000,0.006000000,4,0.050000000,1,1,1,1,1,1,4,-0.939314929,-0.388464481,2.935210978
175.700000000,175.600000000,0.100000000,0,0,85,0,-0.200000000,0.200000000,-0.100000000,0.100000000,-0.200000000,0.200000000,-0.004000000,0.004000000,-0.094000000,0.094000000,0.002622597,0.002622597,0.014000000,0.014000000,4,0.050000000,1,1,1,1,1,1,4,-0.954388099,-0.296377273,2.931471830
175.800000000,175.700000000,0.100000000,0,0,85,0,-0.200000000,0.200000000,-0.100000000,0.100000000,-0.200000000,0.200000000,0.016000000,0.016000000,-0.094000000,0.094000000,-0.005373991,0.005373991,-0.010000000,0.010000000,4,0.050000000,1,1,1,1,1,1,4,-0.968227732,-0.225479786,2.931143002
175.900000000,175.800000000,0.100000000,0,0,85,0,-0.200000000,0.200000000,-0.100000000,0.100000000,-0.200000000,0.200000000,-0.004000000,0.004000000,-0.194000000,0.194000000,-0.001370578,0.001370578,-0.004000000,0.004000000,4,0.050000000,1,1,1,1,1,1,4,-0.967001705,-0.143724875,2.925322475
176.000000000,175.900000000,0.100000000,0,0,85,0,-0.200000000,0.200000000,-0.100000000,0.100000000,-0.200000000,0.200000000,0.016000000,0.016000000,-0.094000000,0.094000000,-0.005376162,0.005376162,0.008000000,0.008000000,4,0.050000000,1,1,1,1,1,1,4,-0.971453047,-0.065527803,2.934104815
176.100000000,176.000000000,0.100000000,0,0,85,0,-0.200000000,0.200000000,-0.100000000,0.100000000,-0.200000000,0.200000000,-0.004000000,0.004000000,0.006000000,0.006000000,-0.001372744,0.001372744,-0.018000000,0.018000000,4,0.050000000,1,1,1,1,1,1,4,-0.914095098,0.040688649,2.930427832
176.200000000,176.100000000,0.100000000,0,0,85,0,-0.200000000,0.200000000,-0.100000000,0.100000000,-0.200000000,0.200000000,0.016000000,0.016000000,-0.094000000,0.094000000,-0.001375324,0.001375324,-0.008000000,0.008000000,4,0.050000000,1,1,1,1,1,1,4,-0.915895382,0.149630047,2.943187982
176.300000000,176.200000000,0.100000000,0,0,85,0,-0.200000000,0.200000000,-0.100000000,0.100000000,-0.200000000,0.200000000,-0.004000000,0.004000000,-0.094000000,0.094000000,-0.005371902,0.005371902,0.004000000,0.004000000,4,0.050000000,1,1,1,1,1,1,4,-0.894450224,0.210553860,2.943841848
176.400000000,176.300000000,0.100000000,0,0,85,0,-0.200000000,0.200000000,-0.100000000,0.100000000,-0.200000000,0.200000000,0.016000000,0.016000000,-0.194000000,0.194000000,-0.001368478,0.001368478,-0.018000000,0.018000000,4,0.050000000,1,1,1,1,1,1,4,-0.905010370,0.291153042,2.947695430
176.500000000,176.400000000,0.100000000,0,0,85,0,-0.200000000,0.200000000,-0.100000000,0.100000000,-0.200000000,0.200000000,-0.004000000,0.004000000,-0.094000000,0.094000000,-0.005365052,0.005365052,-0.006000000,0.006000000,4,0.050000000,1,1,1,1,1,1,4,-0.879121851,0.372594273,2.934313737
176.600000000,176.500000000,0.100000000,0,0,85,0,-0.200000000,0.200000000,-0.100000000,0.100000000,-0.200000000,0.200000000,0.016000000,0.016000000,0.006000000,0.006000000,-0.005367624,0.005367624,0.006000000,0.006000000,4,0.050000000,1,1,1,1,1,1,4,-0.877604527,0.456436519,2.920827952
176.700000000,176.600000000,0.100000000,0,0,85,0,-0.200000000,0.200000000,-0.100000000,0.100000000,-0.200000000,0.200000000,-0.004000000,0.004000000,-0.094000000,0.094000000,-0.001370194,0.001370194,0.016000000,0.016000000,4,0.050000000,1,1,1,1,1,1,4,-0.864912843,0.550481700,2.916829927
176.800000000,176.700000000,0.100000000,0,0,85,0,-0.200000000,0.200000000,-0.100000000,0.100000000,-0.200000000,0.200000000,0.016000000,0.016000000,-0.094000000,0.094000000,-0.001369762,0.001369762,-0.008000000,0.008000000,4,0.050000000,1,1,1,1,1,1,4,-0.894264060,0.591943945,2.904632180
176.900000000,176.800000000,0.100000000,0,0,85,0,-0.200000000,0.200000000,-0.100000000,0.100000000,-0.200000000,0.200000000,-0.004000000,0.004000000,0.006000000,0.006000000,-0.005360327,0.005360327,0.004000000,0.004000000,4,0.050000000,1,1,1,1,1,1,4,-0.925262985,0.681814712,2.923115124
177.000000000,176.900000000,0.100000000,0,0,85,0,-0.200000000,0.200000000,-0.100000000,0.100000000,-0.200000000,0.200000000,0.016000000,0.016000000,-0.094000000,0.094000000,0.002637109,0.002637109,0.016000000,0.016000000,4,0.050000000,1,1,1,1,1,1,4,-0.872496877,0.746652985,2.923014894
177.100000000,177.000000000,0.100000000,0,0,85,0,-0.200000000,0.200000000,-0.100000000,0.100000000,-0.200000000,0.200000000,-0.004000000,0.004000000,-0.094000000,0.094000000,-0.005353453,0.005353453,-0.010000000,0.010000000,4,0.050000000,1,1,1,1,1,1,4,-0.865267787,0.767762855,2.922967836
177.200000000,177.100000000,0.100000000,0,0,85,0,-0.200000000,0.200000000,-0.100000000,0.100000000,-0.200000000,0.200000000,0.016000000,0.016000000,0.006000000,0.006000000,-0.001356013,0.001356013,0.000000000,0.000000000,4,0.050000000,1,1,1,1,1,1,4,-0.906140837,0.808816809,2.931507028
177.300000000,177.200000000,0.100000000,0,0,85,0,-0.200000000,0.200000000,-0.100000000,0.100000000,-0.200000000,0.200000000,-0.004000000,0.004000000,-0.094000000,0.094000000,-0.001358571,0.001358571,0.012000000,0.012000000,4,0.050000000,1,1,1,1,1,1,4,-0.909999652,0.884539292,2.929514826
177.400000000,177.300000000,0.100000000,0,0,85,0,-0.200000000,0.200000000,-0.100000000,0.100000000,-0.200000000,0.200000000,0.016000000,0.016000000,-0.094000000,0.094000000,-0.001355127,0.001355127,-0.006000000,0.006000000,4,0.050000000,1,1,1,1,1,1,4,-0.886948281,0.990875343,2.935226933
177.500000000,177.400000000,0.100000000,0,0,85,0,-0.200000000,0.200000000,-0.100000000,0.100000000,-0.200000000,0.200000000,-0.004000000,0.004000000,-0.194000000,0.194000000,-0.001351682,0.001351682,0.006000000,0.006000000,4,0.050000000,1,1,1,1,1,1,4,-0.900609622,1.058153358,2.936147107
177.600000000,177.500000000,0.100000000,0,0,85,0,-0.200000000,0.200000000,-0.100000000,0.100000000,-0.200000000,0.200000000,0.016000000,0.016000000,-0.094000000,0.094000000,-0.005348234,0.005348234,-0.014000000,0.014000000,4,0.050000000,1,1,1,1,1,1,4,-0.883051518,1.157242762,2.930443995
177.700000000,177.600000000,0.100000000,0,0,85,0,-0.200000000,0.200000000,-0.100000000,0.100000000,-0.200000000,0.200000000,-0.004000000,0.004000000,0.006000000,0.006000000,-0.001350785,0.001350785,0.000000000,0.000000000,4,0.050000000,1,1,1,1,1,1,4,-0.829542469,1.251576007,2.934185301
177.800000000,177.700000000,0.100000000,0,0,85,0,-0.200000000,0.200000000,-0.100000000,0.100000000,-0.200000000,0.200000000,0.018000000,0.018000000,-0.094000000,0.094000000,-0.005353334,0.005353334,-0.012000000,0.012000000,4,0.050000000,1,1,1,1,1,1,4,-0.819538397,1.317987631,2.935040492
177.900000000,177.800000000,0.100000000,0,0,85,0,-0.200000000,0.200000000,-0.100000000,0.100000000,-0.200000000,0.200000000,-0.004000000,0.004000000,-0.094000000,0.094000000,-0.005361881,0.005361881,0.014000000,0.014000000,4,0.050000000,1,1,1,1,1,1,4,-0.814899369,1.382705984,2.924442087
178.000000000,177.900000000,0.100000000,0,0,85,0,-0.200000000,0.200000000,-0.100000000,0.100000000,-0.200000000,0.200000000,0.016000000,0.016000000,-0.194000000,0.194000000,-0.005364426,0.005364426,-0.006000000,0.006000000,4,0.050000000,1,1,1,1,1,1,4,-0.832858019,1.399144141,2.926235284
178.100000000,178.000000000,0.100000000,0,0,85,0,-0.200000000,0.200000000,-0.100000000,0.100000000,-0.200000000,0.200000000,-0.004000000,0.004000000,-0.094000000,0.094000000,-0.005366969,0.005366969,0.012000000,0.012000000,4,0.050000000,1,1,1,1,1,1,4,-0.779470945,1.467731305,2.926362630
178.200000000,178.100000000,0.100000000,0,0,85,0,-0.200000000,0.200000000,-0.100000000,0.100000000,-0.200000000,0.200000000,0.016000000,0.016000000,-0.194000000,0.194000000,-0.001375511,0.001375511,-0.008000000,0.008000000,4,0.050000000,1,1,1,1,1,1,4,-0.796039274,1.525705608,2.927373001
178.300000000,178.200000000,0.100000000,0,0,85,0,-0.200000000,0.200000000,-0.100000000,0.100000000,-0.200000000,0.200000000,-0.004000000,0.004000000,-0.094000000,0.094000000,-0.001378050,0.001378050,0.008000000,0.008000000,4,0.050000000,1,1,1,1,1,1,4,-0.791379503,1.538811249,2.926511355
178.400000000,178.300000000,0.100000000,0,0,85,0,-0.200000000,0.200000000,-0.100000000,0.100000000,-0.200000000,0.200000000,0.018000000,0.018000000,-0.194000000,0.194000000,-0.005380587,0.005380587,-0.012000000,0.012000000,4,0.050000000,1,1,1,1,1,1,4,-0.805956041,1.589076101,2.930991391
178.500000000,178.400000000,0.100000000,0,0,85,0,-0.200000000,0.200000000,-0.100000000,0.100000000,-0.200000000,0.200000000,-0.004000000,0.004000000,-0.094000000,0.094000000,-0.005383122,0.005383122,0.002000000,0.002000000,4,0.050000000,1,1,1,1,1,1,4,-0.870964508,1.611627642,2.942866022
178.600000000,178.500000000,0.100000000,0,0,85,0,-0.200000000,0.200000000,-0.100000000,0.100000000,-0.200000000,0.200000000,0.016000000,0.016000000,-0.194000000,0.194000000,-0.005379656,0.005379656,-0.014000000,0.014000000,4,0.050000000,1,1,1,1,1,1,4,-0.914258517,1.648273855,2.943265149
178.700000000,178.600000000,0.100000000,0,0,85,0,-0.200000000,0.200000000,-0.100000000,0.100000000,-0.200000000,0.200000000,-0.004000000,0.004000000,-0.094000000,0.094000000,-0.001388187,0.001388187,0.004000000,0.004000000,4,0.050000000,1,1,1,1,1,1,4,-0.901091149,1.689962918,2.940518069
178.800000000,178.700000000,0.100000000,0,0,85,0,-0.200000000,0.200000000,-0.100000000,0.100000000,-0.200000000,0.200000000,0.016000000,0.016000000,-0.194000000,0.194000000,-0.005396716,0.005396716,-0.010000000,0.010000000,4,0.050000000,1,1,1,1,1,1,4,-0.860440795,1.715687170,2.945856144
178.900000000,178.800000000,0.100000000,0,0,85,0,-0.200000000,0.200000000,-0.100000000,0.100000000,-0.200000000,0.200000000,-0.004000000,0.004000000,-0.094000000,0.094000000,-0.005396243,0.005396243,0.002000000,0.002000000,4,0.050000000,1,1,1,1,1,1,4,-0.865718424,1.762058661,2.950477632
179.000000000,178.900000000,0.100000000,0,0,85,0,-0.200000000,0.200000000,-0.100000000,0.100000000,-0.200000000,0.200000000,0.016000000,0.016000000,-0.194000000,0.194000000,-0.001404768,0.001404768,0.016000000,0.016000000,4,0.050000000,1,1,1,1,1,1,4,-0.854779232,1.776726898,2.947795391
179.100000000,179.000000000,0.100000000,0,0,85,0,-0.200000000,0.200000000,-0.100000000,0.100000000,-0.200000000,0.200000000,-0.004000000,0.004000000,-0.294000000,0.294000000,-0.001407290,0.001407290,-0.006000000,0.006000000,4,0.050000000,1,1,1,1,1,1,4,-0.873894356,1.762822025,2.955093790
179.200000000,179.100000000,0.100000000,0,0,85,0,-0.200000000,0.200000000,-0.100000000,0.100000000,-0.200000000,0.200000000,0.016000000,0.016000000,-0.194000000,0.194000000,-0.005409811,0.005409811,0.016000000,0.016000000,4,0.050000000,1,1,1,1,1,1,4,-0.815338648,1.778083401,2.949659815
179.300000000,179.200000000,0.100000000,0,0,85,0,-0.200000000,0.200000000,-0.100000000,0.100000000,-0.200000000,0.200000000,-0.004000000,0.004000000,-0.294000000,0.294000000,-0.001409329,0.001409329,-0.006000000,0.006000000,4,0.050000000,1,1,1,1,1,1,4,-0.782917347,1.767189032,2.948473587
179.400000000,179.300000000,0.100000000,0,0,85,0,-0.200000000,0.200000000,-0.100000000,0.100000000,-0.200000000,0.200000000,0.016000000,0.016000000,-0.394000000,0.394000000,-0.001411845,0.001411845,-0.018000000,0.018000000,4,0.050000000,1,1,1,1,1,1,4,-0.785818093,1.739963967,2.934585085
179.500000000,179.400000000,0.100000000,0,0,85,0,-0.200000000,0.200000000,-0.100000000,0.100000000,-0.200000000,0.200000000,-0.004000000,0.004000000,-0.194000000,0.194000000,-0.001414358,0.001414358,0.000000000,0.000000000,4,0.050000000,1,1,1,1,1,1,4,-0.779682339,1.696451581,2.928020865
179.600000000,179.500000000,0.100000000,0,0,85,0,-0.200000000,0.200000000,-0.100000000,0.100000000,-0.200000000,0.200000000,0.016000000,0.016000000,-0.294000000,0.294000000,0.002583130,0.002583130,0.010000000,0.010000000,4,0.050000000,1,1,1,1,1,1,4,-0.728587636,1.664941178,2.932393619
179.700000000,179.600000000,0.100000000,0,0,85,0,-0.200000000,0.200000000,-0.100000000,0.100000000,-0.200000000,0.200000000,-0.004000000,0.004000000,-0.394000000,0.394000000,-0.001416379,0.001416379,-0.012000000,0.012000000,4,0.050000000,1,1,1,1,1,1,4,-0.677700054,1.641561458,2.930749875
179.800000000,179.700000000,0.100000000,0,0,85,0,-0.200000000,0.200000000,-0.100000000,0.100000000,-0.200000000,0.200000000,0.016000000,0.016000000,-0.194000000,0.194000000,-0.001418885,0.001418885,-0.002000000,0.002000000,4,0.050000000,1,1,1,1,1,1,4,-0.714768201,1.583879170,2.937977503
179.900000000,179.800000000,0.100000000,0,0,85,0,-0.200000000,0.200000000,-0.100000000,0.100000000,-0.200000000,0.200000000,-0.004000000,0.004000000,-0.294000000,0.294000000,-0.001415390,0.001415390,0.012000000,0.012000000,4,0.050000000,1,1,1,1,1,1,4,-0.670272598,1.561214742,2.940216575
180.000000000,179.900000000,0.100000000,0,0,85,0,-0.200000000,0.200000000,-0.100000000,0.100000000,-0.200000000,0.200000000,0.016000000,0.016000000,-0.094000000,0.094000000,-0.001411892,0.001411892,-0.010000000,0.010000000,4,0.050000000,1,1,1,1,1,1,4,-0.680839186,1.519190581,2.943097358
180.100000000,180.000000000,0.100000000,0,0,85,0,-0.200000000,0.200000000,-0.100000000,0.100000000,-0.200000000,0.200000000,-0.004000000,0.004000000,-0.194000000,0.194000000,-0.001408392,0.001408392,0.000000000,0.000000000,4,0.050000000,1,1,1,1,1,1,4,-0.648226873,1.463468202,2.948144772
180.200000000,180.100000000,0.100000000,0,0,85,0,-0.200000000,0.200000000,-0.100000000,0.100000000,-0.200000000,0.200000000,0.016000000,0.016000000,-0.294000000,0.294000000,-0.001410890,0.001410890,0.014000000,0.014000000,4,0.050000000,1,1,1,1,1,1,4,-0.615419440,1.423557250,2.971340576
180.300000000,180.200000000,0.100000000,0,0,85,0,-0.200000000,0.200000000,-0.100000000,0.100000000,-0.200000000,0.200000000,-0.004000000,0.004000000,-0.194000000,0.194000000,-0.005407386,0.005407386,-0.008000000,0.008000000,4,0.050000000,1,1,1,1,1,1,4,-0.601799423,1.333453376,2.971951757
180.400000000,180.300000000,0.100000000,0,0,85,0,-0.200000000,0.200000000,-0.100000000,0.100000000,-0.200000000,0.200000000,0.016000000,0.016000000,-0.294000000,0.294000000,-0.005403879,0.005403879,0.002000000,0.002000000,4,0.050000000,1,1,1,1,1,1,4,-0.608497181,1.250801495,2.980883991
180.500000000,180.400000000,0.100000000,0,0,85,0,-0.200000000,0.200000000,-0.100000000,0.100000000,-0.200000000,0.200000000,-0.004000000,0.004000000,-0.094000000,0.094000000,-0.001412371,0.001412371,0.016000000,0.016000000,4,0.050000000,1,1,1,1,1,1,4,-0.608114230,1.194858400,2.975099764
180.600000000,180.500000000,0.100000000,0,0,85,0,-0.200000000,0.200000000,-0.100000000,0.100000000,-0.200000000,0.200000000,0.016000000,0.016000000,-0.194000000,0.194000000,-0.001414860,0.001414860,-0.006000000,0.006000000,4,0.050000000,1,1,1,1,1,1,4,-0.614792191,1.141306656,2.988544301
180.700000000,180.600000000,0.100000000,0,0,85,0,-0.200000000,0.200000000,-0.100000000,0.100000000,-0.200000000,0.200000000,-0.004000000,0.004000000,-0.094000000,0.094000000,-0.001417347,0.001417347,0.006000000,0.006000000,4,0.050000000,1,1,1,1,1,1,4,-0.634001305,1.109472919,2.973372202
180.800000000,180.700000000,0.100000000,0,0,85,0,-0.200000000,0.200000000,-0.100000000,0.100000000,-0.200000000,0.200000000,0.016000000,0.016000000,-0.194000000,0.194000000,-0.001419832,0.001419832,-0.014000000,0.014000000,4,0.050000000,1,1,1,1,1,1,4,-0.661993842,1.024506558,2.958904695
180.900000000,180.800000000,0.100000000,0,0,85,0,-0.200000000,0.200000000,-0.100000000,0.100000000,-0.200000000,0.200000000,-0.004000000,0.004000000,-0.294000000,0.294000000,-0.001422314,0.001422314,0.002000000,0.002000000,4,0.050000000,1,1,1,1,1,1,4,-0.612634833,0.940901138,2.955550646
181.000000000,180.900000000,0.100000000,0,0,85,0,-0.200000000,0.200000000,-0.100000000,0.100000000,-0.200000000,0.200000000,0.018000000,0.018000000,-0.094000000,0.094000000,-0.001418794,0.001418794,-0.016000000,0.016000000,4,0.050000000,1,1,1,1,1,1,4,-0.635767180,0.879550500,2.956143461
181.100000000,181.000000000,0.100000000,0,0,85,0,-0.200000000,0.200000000,-0.100000000,0.100000000,-0.200000000,0.200000000,-0.004000000,0.004000000,-0.194000000,0.194000000,-0.001415272,0.001415272,-0.002000000,0.002000000,4,0.050000000,1,1,1,1,1,1,4,-0.592739881,0.813476131,2.955680180
181.200000000,181.100000000,0.100000000,0,0,85,0,-0.200000000,0.200000000,-0.100000000,0.100000000,-0.200000000,0.200000000,0.016000000,0.016000000,-0.294000000,0.294000000,-0.001417748,0.001417748,0.010000000,0.010000000,4,0.050000000,1,1,1,1,1,1,4,-0.615823737,0.774090467,2.945878363
181.300000000,181.200000000,0.100000000,0,0,85,0,-0.200000000,0.200000000,-0.100000000,0.100000000,-0.200000000,0.200000000,-0.004000000,0.004000000,-0.194000000,0.194000000,-0.001420222,0.001420222,-0.010000000,0.010000000,4,0.050000000,1,1,1,1,1,1,4,-0.613454282,0.701311639,2.952736335
181.400000000,181.300000000,0.100000000,0,0,85,0,-0.200000000,0.200000000,-0.100000000,0.100000000,-0.200000000,0.200000000,0.016000000,0.016000000,-0.294000000,0.294000000,-0.001428694,0.001428694,0.004000000,0.004000000,4,0.050000000,1,1,1,1,1,1,4,-0.639186988,0.619623996,2.950428238
181.500000000,181.400000000,0.100000000,0,0,85,0,-0.200000000,0.200000000,-0.100000000,0.100000000,-0.200000000,0.200000000,-0.004000000,0.004000000,-0.394000000,0.394000000,-0.001431163,0.001431163,0.018000000,0.018000000,4,0.050000000,1,1,1,1,1,1,4,-0.556453007,0.542086096,2.956897917
181.600000000,181.500000000,0.100000000,0,0,85,0,-0.200000000,0.200000000,-0.100000000,0.100000000,-0.200000000,0.200000000,0.016000000,0.016000000,-0.194000000,0.194000000,-0.005427630,0.005427630,-0.006000000,0.006000000,4,0.050000000,1,1,1,1,1,1,4,-0.602386298,0.457900972,2.949275965
181.700000000,181.600000000,0.100000000,0,0,85,0,-0.200000000,0.200000000,-0.100000000,0.100000000,-0.200000000,0.200000000,-0.004000000,0.004000000,-0.294000000,0.294000000,-0.001424095,0.001424095,0.006000000,0.006000000,4,0.050000000,1,1,1,1,1,1,4,-0.609727363,0.393299684,2.962868754
181.800000000,181.700000000,0.100000000,0,0,85,0,-0.200000000,0.200000000,-0.100000000,0.100000000,-0.200000000,0.200000000,0.016000000,0.016000000,-0.394000000,0.394000000,-0.001420557,0.001420557,-0.016000000,0.016000000,4,0.050000000,1,1,1,1,1,1,4,-0.605325155,0.350833148,2.956776144
181.900000000,181.800000000,0.100000000,0,0,85,0,-0.200000000,0.200000000,-0.100000000,0.100000000,-0.200000000,0.200000000,-0.004000000,0.004000000,-0.194000000,0.194000000,-0.005423017,0.005423017,0.000000000,0.000000000,4,0.050000000,1,1,1,1,1,1,4,-0.574921719,0.285566912,2.961052128
182.000000000,181.900000000,0.100000000,0,0,85,0,-0.200000000,0.200000000,-0.100000000,0.100000000,-0.200000000,0.200000000,0.016000000,0.016000000,-0.294000000,0.294000000,-0.005419476,0.005419476,0.010000000,0.010000000,4,0.050000000,1,1,1,1,1,1,4,-0.573082663,0.247327469,2.947870725
182.100000000,182.000000000,0.100000000,0,0,85,0,-0.200000000,0.200000000,-0.100000000,0.100000000,-0.200000000,0.200000000,-0.004000000,0.004000000,-0.094000000,0.094000000,-0.001415932,0.001415932,-0.012000000,0.012000000,4,0.050000000,1,1,1,1,1,1,4,-0.544387780,0.221622398,2.940282085
182.200000000,182.100000000,0.100000000,0,0,85,0,-0.200000000,0.200000000,-0.100000000,0.100000000,-0.200000000,0.200000000,0.016000000,0.016000000,-0.194000000,0.194000000,-0.001412386,0.001412386,0.002000000,0.002000000,4,0.050000000,1,1,1,1,1,1,4,-0.549154550,0.171155820,2.932297781
182.300000000,182.200000000,0.100000000,0,0,85,0,-0.200000000,0.200000000,-0.100000000,0.100000000,-0.200000000,0.200000000,-0.004000000,0.004000000,-0.294000000,0.294000000,-0.001414837,0.001414837,-0.016000000,0.016000000,4,0.050000000,1,1,1,1,1,1,4,-0.473600693,0.110353371,2.924363874
182.400000000,182.300000000,0.100000000,0,0,85,0,-0.200000000,0.200000000,-0.100000000,0.100000000,-0.200000000,0.200000000,0.016000000,0.016000000,-0.194000000,0.194000000,-0.005411287,0.005411287,-0.004000000,0.004000000,4,0.050000000,1,1,1,1,1,1,4,-0.464885843,0.016281235,2.921203336
182.500000000,182.400000000,0.100000000,0,0,85,0,-0.200000000,0.200000000,-0.100000000,0.100000000,-0.200000000,0.200000000,-0.004000000,0.004000000,-0.294000000,0.294000000,-0.005407735,0.005407735,0.010000000,0.010000000,4,0.050000000,1,1,1,1,1,1,4,-0.475613976,-0.087097265,2.935816342
182.600000000,182.500000000,0.100000000,0,0,85,0,-0.200000000,0.200000000,-0.100000000,0.100000000,-0.200000000,0.200000000,0.016000000,0.016000000,-0.394000000,0.394000000,-0.005410180,0.005410180,-0.014000000,0.014000000,5,0.050000000,1,1,1,1,1,1,4,-0.455600163,-0.165271330,2.933336038
182.700000000,182.600000000,0.100000000,0,0,85,0,-0.200000000,0.200000000,-0.100000000,0.100000000,-0.200000000,0.200000000,-0.004000000,0.004000000,-0.194000000,0.194000000,-0.001412624,0.001412624,0.000000000,0.000000000,5,0.050000000,1,1,1,1,1,1,4,-0.446040464,-0.221509198,2.918781743
182.800000000,182.700000000,0.100000000,0,0,85,0,-0.200000000,0.200000000,-0.100000000,0.100000000,-0.200000000,0.200000000,0.016000000,0.016000000,-0.294000000,0.294000000,-0.001415066,0.001415066,0.014000000,0.014000000,5,0.050000000,1,1,1,1,1,1,4,-0.484356866,-0.284881008,2.930282382
182.900000000,182.800000000,0.100000000,0,0,85,0,-0.200000000,0.200000000,-0.100000000,0.100000000,-0.200000000,0.200000000,-0.004000000,0.004000000,-0.094000000,0.094000000,-0.005417505,0.005417505,-0.010000000,0.010000000,5,0.050000000,1,1,1,1,1,1,4,-0.516094445,-0.395242440,2.927196482
183.000000000,182.900000000,0.100000000,0,0,85,0,-0.200000000,0.200000000,-0.100000000,0.100000000,-0.200000000,0.200000000,-0.024000000,0.024000000,-0.194000000,0.194000000,-0.001419943,0.001419943,0.002000000,0.002000000,5,0.050000000,1,1,1,1,1,1,4,-0.492519718,-0.441725608,2.928539393
183.100000000,183.000000000,0.100000000,0,0,85,0,-0.200000000,0.200000000,-0.100000000,0.100000000,-0.200000000,0.200000000,0.036000000,0.036000000,-0.294000000,0.294000000,-0.001416378,0.001416378,0.016000000,0.016000000,5,0.050000000,1,1,1,1,1,1,4,-0.483704592,-0.497051044,2.946660865
183.200000000,183.100000000,0.100000000,0,0,85,0,-0.200000000,0.200000000,-0.100000000,0.100000000,-0.200000000,0.200000000,0.016000000,0.016000000,-0.194000000,0.194000000,-0.005421811,0.005421811,-0.008000000,0.008000000,5,0.050000000,1,1,1,1,1,1,4,-0.480869530,-0.571244141,2.941054259
183.300000000,183.200000000,0.100000000,0,0,85,0,-0.200000000,0.200000000,-0.100000000,0.100000000,-0.200000000,0.200000000,-0.004000000,0.004000000,-0.294000000,0.294000000,-0.005424242,0.005424242,0.008000000,0.008000000,5,0.050000000,1,1,1,1,1,1,4,-0.444840181,-0.616754669,2.959697351
183.400000000,183.300000000,0.100000000,0,0,85,0,-0.200000000,0.200000000,-0.100000000,0.100000000,-0.200000000,0.200000000,0.016000000,0.016000000,-0.094000000,0.094000000,-0.005435672,0.005435672,-0.010000000,0.010000000,5,0.050000000,1,1,1,1,1,1,4,-0.461131599,-0.681701854,2.957755725
183.500000000,183.400000000,0.100000000,0,0,85,0,-0.200000000,0.200000000,-0.100000000,0.100000000,-0.200000000,0.200000000,-0.004000000,0.004000000,0.006000000,0.006000000,-0.001434523,0.001434523,0.002000000,0.002000000,5,0.050000000,1,1,1,1,1,1,4,-0.377098334,-0.699757815,2.966999373
183.600000000,183.500000000,0.100000000,0,0,85,0,-0.200000000,0.200000000,-0.100000000,0.100000000,-0.200000000,0.200000000,0.016000000,0.016000000,-0.094000000,0.094000000,0.002563054,0.002563054,0.014000000,0.014000000,5,0.050000000,1,1,1,1,1,1,4,-0.458506903,-0.705386171,2.952408448
183.700000000,183.600000000,0.100000000,0,0,85,0,-0.200000000,0.200000000,-0.100000000,0.100000000,-0.200000000,0.200000000,-0.004000000,0.004000000,-0.194000000,0.194000000,-0.005433366,0.005433366,-0.004000000,0.004000000,5,0.050000000,1,1,1,1,1,1,4,-0.436951331,-0.701217374,2.952720255
183.800000000,183.700000000,0.100000000,0,0,85,0,-0.200000000,0.200000000,-0.100000000,0.100000000,-0.200000000,0.200000000,-0.022000000,0.022000000,-0.194000000,0.194000000,-0.005429784,0.005429784,0.014000000,0.014000000,5,0.050000000,1,1,1,1,1,1,4,-0.461057389,-0.685414076,2.959902313
183.900000000,183.800000000,0.100000000,0,0,85,0,-0.200000000,0.200000000,-0.100000000,0.100000000,-0.200000000,0.200000000,-0.004000000,0.004000000,-0.294000000,0.294000000,-0.005438200,0.005438200,-0.008000000,0.008000000,5,0.050000000,1,1,1,1,1,1,4,-0.460751632,-0.669345216,2.970313686
184.000000000,183.900000000,0.100000000,0,0,85,0,-0.200000000,0.200000000,-0.100000000,0.100000000,-0.200000000,0.200000000,0.016000000,0.016000000,-0.094000000,0.094000000,-0.005428614,0.005428614,0.004000000,0.004000000,5,0.050000000,1,1,1,1,1,1,4,-0.481825403,-0.706342247,2.985759123
184.100000000,184.000000000,0.100000000,0,0,85,0,-0.200000000,0.200000000,-0.100000000,0.100000000,-0.200000000,0.200000000,-0.004000000,0.004000000,-0.194000000,0.194000000,-0.005425026,0.005425026,0.016000000,0.016000000,5,0.050000000,1,1,1,1,1,1,4,-0.445505487,-0.648864510,2.990339404
184.200000000,184.100000000,0.100000000,0,0,85,0,-0.200000000,0.200000000,-0.100000000,0.100000000,-0.200000000,0.200000000,0.016000000,0.016000000,-0.094000000,0.094000000,-0.005424435,0.005424435,-0.008000000,0.008000000,5,0.050000000,1,1,1,1,1,1,4,-0.487349039,-0.655898888,2.996270962
184.300000000,184.200000000,0.100000000,0,0,85,0,-0.200000000,0.200000000,-0.100000000,0.100000000,-0.200000000,0.200000000,-0.004000000,0.004000000,-0.194000000,0.194000000,-0.005420843,0.005420843,0.004000000,0.004000000,5,0.050000000,1,1,1,1,1,1,4,-0.503722413,-0.616378482,2.993410024
184.400000000,184.300000000,0.100000000,0,0,85,0,-0.200000000,0.200000000,-0.100000000,0.100000000,-0.200000000,0.200000000,0.016000000,0.016000000,-0.094000000,0.094000000,-0.005429248,0.005429248,0.014000000,0.014000000,5,0.050000000,1,2,2,2,2,1,6,-0.555029085,-0.710558834,2.996894841
184.500000000,184.400000000,0.100000000,0,0,85,0,-0.200000000,0.200000000,-0.100000000,0.100000000,-0.200000000,0.200000000,-0.004000000,0.004000000,-0.194000000,0.194000000,-0.005431652,0.005431652,-0.008000000,0.008000000,5,0.050000000,1,2,2,2,2,1,6,-0.538380251,-0.692227496,3.006702477
184.600000000,184.500000000,0.100000000,0,0,85,0,-0.200000000,0.200000000,-0.100000000,0.100000000,-0.200000000,0.200000000,0.016000000,0.016000000,-0.294000000,0.294000000,-0.005434053,0.005434053,0.000000000,0.000000000,5,0.050000000,1,2,2,2,2,1,6,-0.503129131,-0.616369151,3.009345153
184.700000000,184.600000000,0.100000000,0,0,85,0,-0.200000000,0.200000000,-0.100000000,0.100000000,-0.200000000,0.200000000,-0.004000000,0.004000000,-0.194000000,0.194000000,-0.001430453,0.001430453,0.010000000,0.010000000,5,0.050000000,1,2,2,2,2,1,6,-0.546511421,-0.609533143,2.988672408
184.800000000,184.700000000,0.100000000,0,0,85,0,-0.200000000,0.200000000,-0.100000000,0.100000000,-0.200000000,0.200000000,0.016000000,0.016000000,-0.294000000,0.294000000,-0.001435850,0.001435850,-0.014000000,0.014000000,5,0.050000000,1,2,2,2,2,1,6,-0.515613143,-0.565375955,2.975409046
184.900000000,184.800000000,0.100000000,0,0,85,0,-0.200000000,0.200000000,-0.100000000,0.100000000,-0.200000000,0.200000000,-0.004000000,0.004000000,-0.094000000,0.094000000,-0.001438245,0.001438245,0.000000000,0.000000000,5,0.050000000,1,2,2,2,2,1,6,-0.489005973,-0.626522369,2.958338554
185.000000000,184.900000000,0.100000000,0,0,85,0,-0.200000000,0.200000000,-0.100000000,0.100000000,-0.200000000,0.200000000,0.016000000,0.016000000,-0.194000000,0.194000000,-0.001434638,0.001434638,0.008000000,0.008000000,5,0.050000000,1,2,2,2,2,1,6,-0.505641186,-0.546320508,2.954238365
185.100000000,185.000000000,0.100000000,0,0,85,0,-0.200000000,0.200000000,-0.100000000,0.100000000,-0.200000000,0.200000000,-0.004000000,0.004000000,-0.094000000,0.094000000,-0.001431029,0.001431029,-0.016000000,0.016000000,5,0.050000000,1,2,2,2,2,1,6,-0.485667184,-0.583453472,2.957228838
185.200000000,185.100000000,0.100000000,0,0,85,0,-0.200000000,0.200000000,-0.100000000,0.100000000,-0.200000000,0.200000000,0.016000000,0.016000000,-0.194000000,0.194000000,-0.001421418,0.001421418,-0.002000000,0.002000000,5,0.050000000,1,2,2,2,2,1,6,-0.473047916,-0.549310826,2.970660918
185.300000000,185.200000000,0.100000000,0,0,85,0,-0.200000000,0.200000000,-0.100000000,0.100000000,-0.200000000,0.200000000,-0.004000000,0.004000000,-0.094000000,0.094000000,-0.005417805,0.005417805,0.010000000,0.010000000,5,0.050000000,1,2,2,2,2,1,6,-0.479612098,-0.569211768,2.961771686
185.400000000,185.300000000,0.100000000,0,0,85,0,-0.200000000,0.200000000,-0.100000000,0.100000000,-0.200000000,0.200000000,0.016000000,0.016000000,-0.194000000,0.194000000,-0.005420190,0.005420190,-0.012000000,0.012000000,5,0.050000000,1,2,2,2,2,1,6,-0.466865856,-0.594661741,2.948587532
185.500000000,185.400000000,0.100000000,0,0,85,0,-0.200000000,0.200000000,-0.100000000,0.100000000,-0.200000000,0.200000000,-0.004000000,0.004000000,-0.294000000,0.294000000,-0.001416573,0.001416573,0.004000000,0.004000000,5,0.050000000,1,2,2,2,2,1,6,-0.460590577,-0.542424376,2.950964820
185.600000000,185.500000000,0.100000000,0,0,85,0,-0.200000000,0.200000000,-0.100000000,0.100000000,-0.200000000,0.200000000,0.016000000,0.016000000,-0.194000000,0.194000000,-0.001412954,0.001412954,-0.018000000,0.018000000,5,0.050000000,1,2,2,2,2,1,6,-0.459010084,-0.551282763,2.954081053
185.700000000,185.600000000,0.100000000,0,0,85,0,-0.200000000,0.200000000,-0.100000000,0.100000000,-0.200000000,0.200000000,-0.004000000,0.004000000,-0.294000000,0.294000000,-0.001409333,0.001409333,-0.004000000,0.004000000,5,0.050000000,1,2,2,2,2,1,6,-0.417757021,-0.492559803,2.950685118
185.800000000,185.700000000,0.100000000,0,0,85,0,-0.200000000,0.200000000,-0.100000000,0.100000000,-0.200000000,0.200000000,0.016000000,0.016000000,-0.394000000,0.394000000,-0.001411710,0.001411710,0.008000000,0.008000000,5,0.050000000,1,2,2,2,2,1,6,-0.402671959,-0.459982350,2.945674943
185.900000000,185.800000000,0.100000000,0,0,85,0,-0.200000000,0.200000000,-0.100000000,0.100000000,-0.200000000,0.200000000,-0.004000000,0.004000000,-0.194000000,0.194000000,-0.001414086,0.001414086,-0.018000000,0.018000000,5,0.050000000,1,2,2,2,2,1,6,-0.396736111,-0.555019594,2.948189277
186.000000000,185.900000000,0.100000000,0,0,85,0,-0.200000000,0.200000000,-0.100000000,0.100000000,-0.200000000,0.200000000,0.016000000,0.016000000,-0.294000000,0.294000000,-0.005410460,0.005410460,0.000000000,0.000000000,5,0.050000000,1,2,2,2,2,1,6,-0.424183012,-0.540416866,2.956834618
186.100000000,186.000000000,0.100000000,0,0,85,0,-0.200000000,0.200000000,-0.100000000,0.100000000,-0.200000000,0.200000000,-0.004000000,0.004000000,-0.394000000,0.394000000,-0.001406832,0.001406832,0.010000000,0.010000000,5,0.050000000,1,2,2,2,2,1,6,-0.434235013,-0.484640900,2.957068075
186.200000000,186.100000000,0.100000000,0,0,85,0,-0.200000000,0.200000000,-0.100000000,0.100000000,-0.200000000,0.200000000,0.016000000,0.016000000,-0.194000000,0.194000000,-0.005403202,0.005403202,-0.012000000,0.012000000,5,0.050000000,1,2,2,2,2,1,6,-0.439545099,-0.587295645,2.957411641
186.300000000,186.200000000,0.100000000,0,0,85,0,-0.200000000,0.200000000,-0.100000000,0.100000000,-0.200000000,0.200000000,-0.004000000,0.004000000,-0.294000000,0.294000000,-0.005405570,0.005405570,0.002000000,0.002000000,5,0.050000000,1,2,2,2,2,1,6,-0.469207316,-0.545658478,2.963532590
186.400000000,186.300000000,0.100000000,0,0,85,0,-0.200000000,0.200000000,-0.100000000,0.100000000,-0.200000000,0.200000000,0.016000000,0.016000000,-0.094000000,0.094000000,-0.001407937,0.001407937,0.012000000,0.012000000,5,0.050000000,1,1,1,1,1,1,2,-0.448888408,-0.735632649,2.967860154
186.500000000,186.400000000,0.100000000,0,0,85,0,-0.200000000,0.200000000,-0.100000000,0.100000000,-0.200000000,0.200000000,-0.004000000,0.004000000,-0.194000000,0.194000000,-0.005404302,0.005404302,-0.010000000,0.010000000,5,0.050000000,1,1,1,1,1,1,2,-0.410130239,-0.686060882,2.975936033
186.600000000,186.500000000,0.100000000,0,0,85,0,-0.200000000,0.200000000,-0.100000000,0.100000000,-0.200000000,0.200000000,0.016000000,0.016000000,-0.094000000,0.094000000,-0.001406665,0.001406665,0.006000000,0.006000000,5,0.050000000,1,1,1,1,1,1,2,-0.442333309,-0.829059445,2.971503001
186.700000000,186.600000000,0.100000000,0,0,85,0,-0.200000000,0.200000000,-0.100000000,0.100000000,-0.200000000,0.200000000,-0.004000000,0.004000000,-0.194000000,0.194000000,-0.001409026,0.001409026,-0.016000000,0.016000000,5,0.050000000,1,1,1,1,1,1,2,-0.366277912,-0.763557693,2.974696329
186.800000000,186.700000000,0.100000000,0,0,85,0,-0.200000000,0.200000000,-0.100000000,0.100000000,-0.200000000,0.200000000,0.016000000,0.016000000,-0.094000000,0.094000000,-0.001405386,0.001405386,-0.004000000,0.004000000,5,0.050000000,1,2,2,2,2,1,3,-0.404719491,-0.996050381,2.974827474
186.900000000,186.800000000,0.100000000,0,0,85,0,-0.200000000,0.200000000,-0.100000000,0.100000000,-0.200000000,0.200000000,-0.004000000,0.004000000,-0.194000000,0.194000000,-0.005407744,0.005407744,0.004000000,0.004000000,5,0.050000000,1,2,2,2,1,1,3,-0.420852718,-0.978024581,2.980762283
187.000000000,186.900000000,0.100000000,0,0,85,0,-0.200000000,0.200000000,-0.100000000,0.100000000,-0.200000000,0.200000000,0.016000000,0.016000000,-0.294000000,0.294000000,-0.001410100,0.001410100,-0.016000000,0.016000000,5,0.050000000,1,2,2,2,2,1,3,-0.388715866,-0.954362518,2.975856605
187.100000000,187.000000000,0.100000000,0,0,85,0,-0.200000000,0.200000000,-0.100000000,0.100000000,-0.200000000,0.200000000,-0.004000000,0.004000000,-0.194000000,0.194000000,-0.001412455,0.001412455,-0.004000000,0.004000000,5,0.050000000,1,2,2,2,2,1,3,-0.361441679,-1.070606960,2.970000903
187.200000000,187.100000000,0.100000000,0,0,85,0,-0.200000000,0.200000000,-0.100000000,0.100000000,-0.200000000,0.200000000,0.016000000,0.016000000,-0.294000000,0.294000000,-0.001414807,0.001414807,0.006000000,0.006000000,5,0.050000000,1,2,2,2,2,1,3,-0.415480911,-1.057839993,2.955184631
187.300000000,187.200000000,0.100000000,0,0,85,0,-0.200000000,0.200000000,-0.100000000,0.100000000,-0.200000000,0.200000000,-0.004000000,0.004000000,-0.094000000,0.094000000,-0.001417158,0.001417158,-0.016000000,0.016000000,5,0.050000000,1,2,2,2,2,1,3,-0.334419455,-1.152635810,2.948588839
187.400000000,187.300000000,0.100000000,0,0,85,0,-0.200000000,0.200000000,-0.100000000,0.100000000,-0.200000000,0.200000000,0.016000000,0.016000000,-0.194000000,0.194000000,-0.001419507,0.001419507,-0.002000000,0.002000000,5,0.050000000,1,2,2,2,2,1,3,-0.316168949,-1.119724318,2.954534448
187.500000000,187.400000000,0.100000000,0,0,85,0,-0.200000000,0.200000000,-0.100000000,0.100000000,-0.200000000,0.200000000,-0.004000000,0.004000000,-0.094000000,0.094000000,-0.005409854,0.005409854,0.012000000,0.012000000,5,0.050000000,1,2,2,2,2,1,3,-0.252450739,-1.189063107,2.967886864
187.600000000,187.500000000,0.100000000,0,0,85,0,-0.200000000,0.200000000,-0.100000000,0.100000000,-0.200000000,0.200000000,0.016000000,0.016000000,-0.194000000,0.194000000,-0.001412200,0.001412200,-0.010000000,0.010000000,5,0.050000000,1,2,2,2,2,1,3,-0.286204590,-1.154451927,2.964061461
187.700000000,187.600000000,0.100000000,0,0,85,0,-0.200000000,0.200000000,-0.100000000,0.100000000,-0.200000000,0.200000000,-0.004000000,0.004000000,-0.094000000,0.094000000,-0.001417544,0.001417544,0.000000000,0.000000000,5,0.050000000,1,2,2,2,2,1,3,-0.266490696,-1.254202920,2.963851957
187.800000000,187.700000000,0.100000000,0,0,85,0,-0.200000000,0.200000000,-0.100000000,0.100000000,-0.200000000,0.200000000,0.016000000,0.016000000,-0.194000000,0.194000000,-0.001419886,0.001419886,0.012000000,0.012000000,5,0.050000000,1,2,2,2,2,1,3,-0.310371226,-1.273648762,2.961503695
187.900000000,187.800000000,0.100000000,0,0,85,0,-0.200000000,0.200000000,-0.100000000,0.100000000,-0.200000000,0.200000000,-0.004000000,0.004000000,-0.294000000,0.294000000,-0.001416226,0.001416226,-0.010000000,0.010000000,5,0.050000000,1,2,2,2,2,1,3,-0.295984754,-1.306502198,2.949155858
188.000000000,187.900000000,0.100000000,0,0,85,0,-0.200000000,0.200000000,-0.100000000,0.100000000,-0.200000000,0.200000000,0.016000000,0.016000000,-0.194000000,0.194000000,-0.001418564,0.001418564,0.000000000,0.000000000,5,0.050000000,1,2,2,2,2,1,3,-0.322836217,-1.397615737,2.952563025
188.100000000,188.000000000,0.100000000,0,0,85,0,-0.200000000,0.200000000,-0.100000000,0.100000000,-0.200000000,0.200000000,-0.004000000,0.004000000,-0.294000000,0.294000000,-0.001414901,0.001414901,0.012000000,0.012000000,5,0.050000000,1,2,2,2,2,1,3,-0.293485754,-1.380685021,2.964680586
188.200000000,188.100000000,0.100000000,0,0,85,0,-0.200000000,0.200000000,-0.100000000,0.100000000,-0.200000000,0.200000000,0.016000000,0.016000000,-0.094000000,0.094000000,-0.001411236,0.001411236,-0.010000000,0.010000000,5,0.050000000,1,2,2,2,2,1,3,-0.307623329,-1.487867657,2.951903140
188.300000000,188.200000000,0.100000000,0,0,85,0,-0.200000000,0.200000000,-0.100000000,0.100000000,-0.200000000,0.200000000,-0.004000000,0.004000000,-0.194000000,0.194000000,-0.001413569,0.001413569,0.000000000,0.000000000,5,0.050000000,1,2,2,2,2,1,3,-0.263206207,-1.449545965,2.958070404
188.400000000,188.300000000,0.100000000,0,0,85,0,-0.200000000,0.200000000,-0.100000000,0.100000000,-0.200000000,0.200000000,0.016000000,0.016000000,-0.294000000,0.294000000,-0.001415900,0.001415900,0.012000000,0.012000000,5,0.050000000,1,2,2,2,2,1,3,-0.345553482,-1.498063463,2.957330046
188.500000000,188.400000000,0.100000000,0,0,85,0,-0.200000000,0.200000000,-0.100000000,0.100000000,-0.200000000,0.200000000,-0.004000000,0.004000000,-0.194000000,0.194000000,-0.005412230,0.005412230,-0.014000000,0.014000000,5,0.050000000,1,2,2,2,2,1,3,-0.308305240,-1.551092401,2.962827367
188.600000000,188.500000000,0.100000000,0,0,85,0,-0.200000000,0.200000000,-0.100000000,0.100000000,-0.200000000,0.200000000,0.016000000,0.016000000,-0.294000000,0.294000000,-0.001408558,0.001408558,0.000000000,0.000000000,5,0.050000000,1,2,2,2,2,1,3,-0.401563429,-1.576516576,2.949258490
188.700000000,188.600000000,0.100000000,0,0,85,0,-0.200000000,0.200000000,-0.100000000,0.100000000,-0.200000000,0.200000000,-0.004000000,0.004000000,-0.094000000,0.094000000,-0.001404884,0.001404884,0.012000000,0.012000000,5,0.050000000,1,1,1,1,1,1,1,-0.349001767,-1.667226384,2.945262936
188.800000000,188.700000000,0.100000000,0,0,85,0,-0.200000000,0.200000000,-0.100000000,0.100000000,-0.200000000,0.200000000,0.016000000,0.016000000,-0.194000000,0.194000000,-0.001401209,0.001401209,-0.012000000,0.012000000,5,0.050000000,1,1,1,1,1,1,1,-0.384881601,-1.683210211,2.958340922
188.900000000,188.800000000,0.100000000,0,0,85,0,-0.200000000,0.200000000,-0.100000000,0.100000000,-0.200000000,0.200000000,-0.004000000,0.004000000,-0.094000000,0.094000000,-0.001403532,0.001403532,0.000000000,0.000000000,5,0.050000000,1,1,1,1,1,1,1,-0.308895864,-1.706980607,2.960073151
189.000000000,188.900000000,0.100000000,0,0,85,0,-0.200000000,0.200000000,-0.100000000,0.100000000,-0.200000000,0.200000000,0.016000000,0.016000000,-0.194000000,0.194000000,-0.001399854,0.001399854,0.010000000,0.010000000,5,0.050000000,1,1,1,1,1,1,1,-0.344594311,-1.721986756,2.963195374
189.100000000,189.000000000,0.100000000,0,0,85,0,-0.200000000,0.200000000,-0.100000000,0.100000000,-0.200000000,0.200000000,-0.004000000,0.004000000,-0.294000000,0.294000000,-0.001396174,0.001396174,-0.012000000,0.012000000,5,0.050000000,1,1,1,1,1,1,1,-0.317976484,-1.672457214,2.959891343
189.200000000,189.100000000,0.100000000,0,0,85,0,-0.200000000,0.200000000,-0.100000000,0.100000000,-0.200000000,0.200000000,0.016000000,0.016000000,-0.194000000,0.194000000,-0.001395492,0.001395492,0.000000000,0.000000000,5,0.050000000,1,1,1,1,1,1,1,-0.409287659,-1.698824080,2.957150060
189.300000000,189.200000000,0.100000000,0,0,85,0,-0.200000000,0.200000000,-0.100000000,0.100000000,-0.200000000,0.200000000,-0.004000000,0.004000000,-0.294000000,0.294000000,-0.001391809,0.001391809,0.010000000,0.010000000,5,0.050000000,1,1,1,1,1,1,1,-0.322298747,-1.733813981,2.963507964
189.400000000,189.300000000,0.100000000,0,0,85,0,-0.200000000,0.200000000,-0.100000000,0.100000000,-0.200000000,0.200000000,0.016000000,0.016000000,-0.394000000,0.394000000,-0.001394124,0.001394124,-0.016000000,0.016000000,5,0.050000000,1,1,1,1,1,1,1,-0.333247622,-1.737250562,2.958195582
189.500000000,189.400000000,0.100000000,0,0,85,0,-0.200000000,0.200000000,-0.100000000,0.100000000,-0.200000000,0.200000000,-0.004000000,0.004000000,-0.194000000,0.194000000,-0.001402438,0.001402438,0.000000000,0.000000000,5,0.050000000,1,1,1,1,1,1,1,-0.298881932,-1.695691579,2.987756264
189.600000000,189.500000000,0.100000000,0,0,85,0,-0.200000000,0.200000000,-0.100000000,0.100000000,-0.200000000,0.200000000,0.016000000,0.016000000,-0.294000000,0.294000000,-0.005398751,0.005398751,0.010000000,0.010000000,5,0.050000000,1,1,1,1,1,1,1,-0.266048908,-1.726972233,2.986836703
189.700000000,189.600000000,0.100000000,0,0,85,0,-0.200000000,0.200000000,-0.100000000,0.100000000,-0.200000000,0.200000000,-0.004000000,0.004000000,-0.094000000,0.094000000,-0.001395062,0.001395062,-0.008000000,0.008000000,5,0.050000000,1,2,2,2,2,1,3,-0.283092663,-1.693684826,2.991976228
189.800000000,189.700000000,0.100000000,0,0,85,0,-0.200000000,0.200000000,-0.100000000,0.100000000,-0.200000000,0.200000000,0.016000000,0.016000000,-0.194000000,0.194000000,-0.001391371,0.001391371,0.008000000,0.008000000,5,0.050000000,1,2,2,2,2,1,3,-0.272552315,-1.641527613,2.987986457
189.900000000,189.800000000,0.100000000,0,0,85,0,-0.200000000,0.200000000,-0.100000000,0.100000000,-0.200000000,0.200000000,-0.004000000,0.004000000,-0.294000000,0.294000000,-0.005393679,0.005393679,-0.010000000,0.010000000,5,0.050000000,1,2,2,2,2,1,3,-0.234505268,-1.643505641,2.987135609
190.000000000,189.900000000,0.100000000,0,0,85,0,-0.200000000,0.200000000,-0.100000000,0.100000000,-0.200000000,0.200000000,0.016000000,0.016000000,-0.194000000,0.194000000,-0.001395985,0.001395985,0.000000000,0.000000000,5,0.050000000,1,2,2,2,1,1,3,-0.286166418,-1.554683065,2.980012043
190.100000000,190.000000000,0.100000000,0,0,85,0,-0.200000000,0.200000000,-0.100000000,0.100000000,-0.200000000,0.200000000,-0.004000000,0.004000000,-0.294000000,0.294000000,0.002601710,0.002601710,0.010000000,0.010000000,5,0.050000000,1,2,2,2,2,1,3,-0.331586057,-1.544599229,2.973078537
190.200000000,190.100000000,0.100000000,0,0,85,0,-0.200000000,0.200000000,-0.100000000,0.100000000,-0.200000000,0.200000000,0.016000000,0.016000000,-0.394000000,0.394000000,-0.001394594,0.001394594,-0.008000000,0.008000000,5,0.050000000,1,2,2,2,2,1,3,-0.354426557,-1.535126834,2.972635217
190.300000000,190.200000000,0.100000000,0,0,85,0,-0.200000000,0.200000000,-0.100000000,0.100000000,-0.200000000,0.200000000,-0.004000000,0.004000000,-0.194000000,0.194000000,-0.001390896,0.001390896,0.006000000,0.006000000,5,0.050000000,1,2,2,2,2,1,3,-0.392272405,-1.438842722,2.971063624
190.400000000,190.300000000,0.100000000,0,0,85,0,-0.200000000,0.200000000,-0.100000000,0.100000000,-0.200000000,0.200000000,0.016000000,0.016000000,-0.294000000,0.294000000,-0.001393196,0.001393196,-0.016000000,0.016000000,5,0.050000000,1,2,2,2,2,1,3,-0.319840214,-1.439370956,2.966265916
190.500000000,190.400000000,0.100000000,0,0,85,0,-0.200000000,0.200000000,-0.100000000,0.100000000,-0.200000000,0.200000000,-0.004000000,0.004000000,-0.094000000,0.094000000,-0.005389496,0.005389496,-0.004000000,0.004000000,5,0.050000000,1,2,2,2,2,1,3,-0.337929766,-1.272031140,2.957106268
190.600000000,190.500000000,0.100000000,0,0,85,0,-0.200000000,0.200000000,-0.100000000,0.100000000,-0.200000000,0.200000000,0.016000000,0.016000000,-0.194000000,0.194000000,-0.001385793,0.001385793,0.006000000,0.006000000,5,0.050000000,1,2,2,2,2,1,3,-0.283877700,-1.291950198,2.965177187
190.700000000,190.600000000,0.100000000,0,0,85,0,-0.200000000,0.200000000,-0.100000000,0.100000000,-0.200000000,0.200000000,-0.004000000,0.004000000,-0.294000000,0.294000000,-0.005388090,0.005388090,-0.016000000,0.016000000,5,0.050000000,1,2,2,2,2,1,3,-0.284856256,-1.285720349,2.965950130
190.800000000,190.700000000,0.100000000,0,0,85,0,-0.200000000,0.200000000,-0.100000000,0.100000000,-0.200000000,0.200000000,0.016000000,0.016000000,-0.194000000,0.194000000,-0.005390385,0.005390385,-0.004000000,0.004000000,5,0.050000000,1,2,2,2,2,1,3,-0.315711041,-1.194995378,2.946856577
190.900000000,190.800000000,0.100000000,0,0,85,0,-0.200000000,0.200000000,-0.100000000,0.100000000,-0.200000000,0.200000000,-0.004000000,0.004000000,-0.294000000,0.294000000,-0.001392678,0.001392678,0.010000000,0.010000000,5,0.050000000,1,2,2,2,2,1,3,-0.299768331,-1.187498152,2.948208670
191.000000000,190.900000000,0.100000000,0,0,85,0,-0.200000000,0.200000000,-0.100000000,0.100000000,-0.200000000,0.200000000,0.016000000,0.016000000,-0.094000000,0.094000000,-0.001394970,0.001394970,-0.010000000,0.010000000,5,0.050000000,1,2,2,2,2,1,3,-0.286477071,-1.043428957,2.950545814
191.100000000,191.000000000,0.100000000,0,0,85,0,-0.200000000,0.200000000,-0.100000000,0.100000000,-0.200000000,0.200000000,-0.004000000,0.004000000,-0.194000000,0.194000000,-0.005391261,0.005391261,0.000000000,0.000000000,5,0.050000000,1,2,2,2,2,1,3,-0.264008498,-1.080717052,2.946652863
191.200000000,191.100000000,0.100000000,0,0,85,0,-0.200000000,0.200000000,-0.100000000,0.100000000,-0.200000000,0.200000000,0.016000000,0.016000000,-0.294000000,0.294000000,-0.001387551,0.001387551,0.010000000,0.010000000,5,0.050000000,1,2,2,2,2,1,3,-0.278782903,-1.082340223,2.950704440
191.300000000,191.200000000,0.100000000,0,0,85,0,-0.200000000,0.200000000,-0.100000000,0.100000000,-0.200000000,0.200000000,-0.004000000,0.004000000,-0.194000000,0.194000000,-0.001383839,0.001383839,-0.012000000,0.012000000,5,0.050000000,1,2,2,2,2,1,3,-0.436398803,-1.022496283,2.951115750
191.400000000,191.300000000,0.100000000,0,0,85,0,-0.200000000,0.200000000,-0.100000000,0.100000000,-0.200000000,0.200000000,0.016000000,0.016000000,-0.294000000,0.294000000,-0.005386125,0.005386125,0.000000000,0.000000000,5,0.050000000,1,2,2,2,2,1,3,-0.477076889,-1.085263381,2.947221018
191.500000000,191.400000000,0.100000000,0,0,85,0,-0.200000000,0.200000000,-0.100000000,0.100000000,-0.200000000,0.200000000,-0.004000000,0.004000000,-0.394000000,0.394000000,-0.001388411,0.001388411,0.010000000,0.010000000,5,0.050000000,1,2,2,2,2,1,3,-0.607348224,-1.097103894,2.951990700
191.600000000,191.500000000,0.100000000,0,0,85,0,-0.200000000,0.200000000,-0.100000000,0.100000000,-0.200000000,0.200000000,0.016000000,0.016000000,-0.194000000,0.194000000,-0.001384695,0.001384695,-0.012000000,0.012000000,5,0.050000000,1,1,1,1,1,1,2,-0.465466443,-0.925919639,2.949266970
191.700000000,191.600000000,0.100000000,0,0,85,0,-0.200000000,0.200000000,-0.100000000,0.100000000,-0.200000000,0.200000000,-0.004000000,0.004000000,-0.294000000,0.294000000,-0.005392977,0.005392977,0.004000000,0.004000000,5,0.050000000,1,1,1,1,1,1,2,-0.565958160,-0.923052969,2.954778703
191.800000000,191.700000000,0.100000000,0,0,85,0,-0.200000000,0.200000000,-0.100000000,0.100000000,-0.200000000,0.200000000,0.016000000,0.016000000,-0.094000000,0.094000000,-0.001395259,0.001395259,0.016000000,0.016000000,5,0.050000000,1,2,2,2,2,1,6,-0.574922851,-0.669157169,2.959185344
191.900000000,191.800000000,0.100000000,0,0,85,0,-0.200000000,0.200000000,-0.100000000,0.100000000,-0.200000000,0.200000000,-0.004000000,0.004000000,-0.194000000,0.194000000,-0.005397538,0.005397538,-0.006000000,0.006000000,5,0.050000000,1,2,2,2,2,1,6,-0.637252146,-0.636187062,2.968180056
192.000000000,191.900000000,0.100000000,0,0,85,0,-0.200000000,0.200000000,-0.100000000,0.100000000,-0.200000000,0.200000000,0.016000000,0.016000000,-0.294000000,0.294000000,-0.005393817,0.005393817,0.008000000,0.008000000,5,0.050000000,1,2,2,2,2,1,6,-0.633435538,-0.598918161,2.964708276
192.100000000,192.000000000,0.100000000,0,0,85,0,-0.200000000,0.200000000,-0.100000000,0.100000000,-0.200000000,0.200000000,-0.004000000,0.004000000,-0.394000000,0.394000000,-0.005396094,0.005396094,-0.018000000,0.018000000,5,0.050000000,1,2,2,2,2,1,6,-0.674842493,-0.628082690,2.974654650
192.200000000,192.100000000,0.100000000,0,0,85,0,-0.200000000,0.200000000,-0.100000000,0.100000000,-0.200000000,0.200000000,0.016000000,0.016000000,-0.294000000,0.294000000,-0.001398370,0.001398370,-0.004000000,0.004000000,5,0.050000000,1,2,2,2,2,1,6,-0.626516728,-0.463676127,2.975466190
192.300000000,192.200000000,0.100000000,0,0,85,0,-0.200000000,0.200000000,-0.100000000,0.100000000,-0.200000000,0.200000000,-0.004000000,0.004000000,-0.394000000,0.394000000,-0.005406644,0.005406644,0.004000000,0.004000000,5,0.050000000,1,2,2,2,2,1,6,-0.658451807,-0.472051334,2.964947738
192.400000000,192.300000000,0.100000000,0,0,85,0,-0.200000000,0.200000000,-0.100000000,0.100000000,-0.200000000,0.200000000,0.016000000,0.016000000,-0.494000000,0.494000000,-0.001402917,0.001402917,-0.012000000,0.012000000,5,0.050000000,1,2,2,2,2,1,6,-0.600059794,-0.416541460,2.964058731
192.500000000,192.400000000,0.100000000,0,0,85,0,-0.200000000,0.200000000,-0.100000000,0.100000000,-0.200000000,0.200000000,-0.004000000,0.004000000,-0.194000000,0.194000000,-0.001399188,0.001399188,0.012000000,0.012000000,5,0.050000000,1,2,2,2,2,1,6,-0.611835164,-0.305166555,2.967653058
192.600000000,192.500000000,0.100000000,0,0,85,0,-0.200000000,0.200000000,-0.100000000,0.100000000,-0.200000000,0.200000000,0.016000000,0.016000000,-0.294000000,0.294000000,-0.001398458,0.001398458,-0.010000000,0.010000000,6,0.050000000,1,2,2,2,2,1,6,-0.631618359,-0.328948787,2.976349228
192.700000000,192.600000000,0.100000000,0,0,85,0,-0.200000000,0.200000000,-0.100000000,0.100000000,-0.200000000,0.200000000,-0.004000000,0.004000000,-0.094000000,0.094000000,-0.001394727,0.001394727,-0.002000000,0.002000000,6,0.050000000,1,2,2,2,2,1,6,-0.642267548,-0.251281188,2.984030574
192.800000000,192.700000000,0.100000000,0,0,85,0,-0.200000000,0.200000000,-0.100000000,0.100000000,-0.200000000,0.200000000,0.016000000,0.016000000,-0.194000000,0.194000000,-0.001414994,0.001414994,-0.018000000,0.018000000,6,0.050000000,1,2,2,2,2,1,6,-0.588970804,-0.231488560,2.987880071
192.900000000,192.800000000,0.100000000,0,0,85,0,-0.200000000,0.200000000,-0.100000000,0.100000000,-0.200000000,0.200000000,-0.004000000,0.004000000,-0.094000000,0.094000000,-0.001429260,0.001429260,-0.004000000,0.004000000,6,0.050000000,1,2,2,2,2,1,6,-0.581513609,-0.181883965,2.980736865
193.000000000,192.900000000,0.100000000,0,0,85,0,-0.200000000,0.200000000,-0.100000000,0.100000000,-0.200000000,0.200000000,0.016000000,0.016000000,-0.194000000,0.194000000,-0.001449524,0.001449524,0.016000000,0.016000000,6,0.050000000,1,2,2,2,2,1,6,-0.539358168,-0.176555820,2.996580230
193.100000000,193.000000000,0.100000000,0,0,85,0,-0.200000000,0.200000000,-0.100000000,0.100000000,-0.200000000,0.200000000,-0.004000000,0.004000000,-0.094000000,0.094000000,-0.005451786,0.005451786,-0.004000000,0.004000000,6,0.050000000,1,2,2,2,2,1,6,-0.565474367,-0.114976281,2.992634388
193.200000000,193.100000000,0.100000000,0,0,85,0,-0.200000000,0.200000000,-0.100000000,0.100000000,-0.200000000,0.200000000,0.016000000,0.016000000,-0.194000000,0.194000000,-0.001448046,0.001448046,0.010000000,0.010000000,6,0.050000000,1,2,2,2,2,1,6,-0.515875941,-0.088342911,2.991300010
193.300000000,193.200000000,0.100000000,0,0,85,0,-0.200000000,0.200000000,-0.100000000,0.100000000,-0.200000000,0.200000000,-0.004000000,0.004000000,-0.094000000,0.094000000,-0.001450305,0.001450305,-0.010000000,0.010000000,6,0.050000000,1,2,2,2,2,1,6,-0.537941645,-0.046674873,2.969950863
193.400000000,193.300000000,0.100000000,0,0,85,0,-0.200000000,0.200000000,-0.100000000,0.100000000,-0.200000000,0.200000000,0.016000000,0.016000000,-0.194000000,0.194000000,-0.001446561,0.001446561,0.002000000,0.002000000,6,0.050000000,1,2,2,2,2,1,6,-0.555274290,-0.061630111,2.949401680
193.500000000,193.400000000,0.100000000,0,0,85,0,-0.200000000,0.200000000,-0.100000000,0.100000000,-0.200000000,0.200000000,-0.002000000,0.002000000,-0.094000000,0.094000000,-0.001445816,0.001445816,0.014000000,0.014000000,6,0.050000000,1,2,2,2,2,1,6,-0.564761928,-0.019412507,2.923837092
193.600000000,193.500000000,0.100000000,0,0,85,0,-0.200000000,0.200000000,-0.100000000,0.100000000,-0.200000000,0.200000000,0.016000000,0.016000000,-0.194000000,0.194000000,-0.005442069,0.005442069,-0.010000000,0.010000000,6,0.050000000,1,2,2,2,2,1,6,-0.533099400,-0.028363867,2.900678515
193.700000000,193.600000000,0.100000000,0,0,85,0,-0.200000000,0.200000000,-0.100000000,0.100000000,-0.200000000,0.200000000,-0.004000000,0.004000000,-0.294000000,0.294000000,-0.005444321,0.005444321,0.010000000,0.010000000,6,0.050000000,1,2,2,2,2,1,6,-0.552028345,-0.087464612,2.888020690
193.800000000,193.700000000,0.100000000,0,0,85,0,-0.200000000,0.200000000,-0.100000000,0.100000000,-0.200000000,0.200000000,0.016000000,0.016000000,-0.194000000,0.194000000,-0.001440570,0.001440570,-0.008000000,0.008000000,6,0.050000000,1,1,1,1,1,1,4,-0.515917028,-0.067127275,2.861554274
193.900000000,193.800000000,0.100000000,0,0,85,0,-0.200000000,0.200000000,-0.100000000,0.100000000,-0.200000000,0.200000000,-0.004000000,0.004000000,-0.294000000,0.294000000,-0.001436818,0.001436818,0.000000000,0.000000000,6,0.050000000,1,1,1,1,1,1,4,-0.500401369,-0.100948377,2.837419761
194.000000000,193.900000000,0.100000000,0,0,85,0,-0.200000000,0.200000000,-0.100000000,0.100000000,-0.200000000,0.200000000,0.018000000,0.018000000,-0.094000000,0.094000000,-0.001439064,0.001439064,-0.014000000,0.014000000,6,0.050000000,1,1,1,1,1,1,4,-0.471294887,-0.057338128,2.799707181
194.100000000,194.000000000,0.100000000,0,0,85,0,-0.200000000,0.200000000,-0.100000000,0.100000000,-0.200000000,0.200000000,-0.004000000,0.004000000,-0.194000000,0.194000000,-0.001441309,0.001441309,0.002000000,0.002000000,6,0.050000000,1,1,1,1,1,1,4,-0.457014432,-0.116538336,2.768967468
194.200000000,194.100000000,0.100000000,0,0,85,0,-0.200000000,0.200000000,-0.100000000,0.100000000,-0.200000000,0.200000000,0.018000000,0.018000000,-0.094000000,0.094000000,-0.005443552,0.005443552,-0.014000000,0.014000000,6,0.050000000,1,1,1,1,1,1,4,-0.419142617,-0.116794223,2.730472354
194.300000000,194.200000000,0.100000000,0,0,85,0,-0.200000000,0.200000000,-0.100000000,0.100000000,-0.200000000,0.200000000,-0.004000000,0.004000000,-0.194000000,0.194000000,-0.005439793,0.005439793,0.006000000,0.006000000,6,0.050000000,1,1,1,1,1,1,4,-0.426762735,-0.164534241,2.696617834
194.400000000,194.300000000,0.100000000,0,0,85,0,-0.200000000,0.200000000,-0.100000000,0.100000000,-0.200000000,0.200000000,0.016000000,0.016000000,-0.294000000,0.294000000,-0.005436032,0.005436032,-0.018000000,0.018000000,6,0.050000000,1,1,1,1,1,1,4,-0.388313003,-0.177812131,2.643861168
194.500000000,194.400000000,0.100000000,0,0,85,0,-0.200000000,0.200000000,-0.100000000,0.100000000,-0.200000000,0.200000000,-0.004000000,0.004000000,-0.194000000,0.194000000,-0.005435270,0.005435270,-0.002000000,0.002000000,6,0.050000000,1,1,1,1,1,1,4,-0.362901343,-0.181980663,2.604166877
194.600000000,194.500000000,0.100000000,0,0,85,0,-0.200000000,0.200000000,-0.100000000,0.100000000,-0.200000000,0.200000000,0.016000000,0.016000000,-0.294000000,0.294000000,-0.001437506,0.001437506,0.008000000,0.008000000,6,0.050000000,1,1,1,1,1,1,4,-0.386469604,-0.217158363,2.576579750
194.700000000,194.600000000,0.100000000,0,0,85,0,-0.200000000,0.200000000,-0.100000000,0.100000000,-0.200000000,0.200000000,-0.004000000,0.004000000,-0.094000000,0.094000000,-0.005439741,0.005439741,-0.012000000,0.012000000,6,0.050000000,1,1,1,1,1,1,4,-0.332242666,-0.216692975,2.546258510
194.800000000,194.700000000,0.100000000,0,0,85,0,-0.200000000,0.200000000,-0.100000000,0.100000000,-0.200000000,0.200000000,0.018000000,0.018000000,0.006000000,0.006000000,-0.001441974,0.001441974,0.000000000,0.000000000,6,0.050000000,1,1,1,1,1,1,4,-0.339682413,-0.230958361,2.517939800
194.900000000,194.800000000,0.100000000,0,0,85,0,-0.200000000,0.200000000,-0.100000000,0.100000000,-0.200000000,0.200000000,-0.004000000,0.004000000,-0.094000000,0.094000000,-0.005444205,0.005444205,-0.018000000,0.018000000,6,0.050000000,1,1,1,1,1,1,4,-0.367399202,-0.272237314,2.481409372
195.000000000,194.900000000,0.100000000,0,0,85,0,-0.200000000,0.200000000,-0.100000000,0.100000000,-0.200000000,0.200000000,0.016000000,0.016000000,-0.194000000,0.194000000,-0.001446434,0.001446434,0.000000000,0.000000000,6,0.050000000,1,1,1,1,1,1,4,-0.365575590,-0.338451290,2.449601030
195.100000000,195.000000000,0.100000000,0,0,85,0,-0.200000000,0.200000000,-0.100000000,0.100000000,-0.200000000,0.200000000,-0.004000000,0.004000000,-0.194000000,0.194000000,-0.001442662,0.001442662,0.014000000,0.014000000,6,0.050000000,1,1,1,1,1,1,4,-0.405558676,-0.410945031,2.387562117
195.200000000,195.100000000,0.100000000,0,0,85,0,-0.200000000,0.200000000,-0.100000000,0.100000000,-0.200000000,0.200000000,0.016000000,0.016000000,-0.294000000,0.294000000,-0.001438888,0.001438888,-0.006000000,0.006000000,6,0.050000000,1,1,1,1,1,1,4,-0.389923898,-0.397450426,2.355033956
195.300000000,195.200000000,0.100000000,0,0,85,0,-0.200000000,0.200000000,-0.100000000,0.100000000,-0.200000000,0.200000000,-0.004000000,0.004000000,-0.094000000,0.094000000,-0.001435113,0.001435113,0.002000000,0.002000000,6,0.050000000,1,1,1,1,1,1,4,-0.400708789,-0.410579450,2.313118511
195.400000000,195.300000000,0.100000000,0,0,85,0,-0.200000000,0.200000000,-0.100000000,0.100000000,-0.200000000,0.200000000,0.016000000,0.016000000,-0.194000000,0.194000000,-0.001431335,0.001431335,0.010000000,0.010000000,6,0.050000000,1,1,1,1,1,1,4,-0.403843169,-0.455458151,2.273957914
195.500000000,195.400000000,0.100000000,0,0,85,0,-0.200000000,0.200000000,-0.100000000,0.100000000,-0.200000000,0.200000000,-0.004000000,0.004000000,-0.094000000,0.094000000,-0.001433557,0.001433557,-0.010000000,0.010000000,6,0.050000000,1,1,1,1,1,1,4,-0.357497570,-0.464095098,2.216788012
195.600000000,195.500000000,0.100000000,0,0,85,0,-0.200000000,0.200000000,-0.100000000,0.100000000,-0.200000000,0.200000000,-0.024000000,0.024000000,-0.194000000,0.194000000,-0.001429777,0.001429777,0.000000000,0.000000000,6,0.050000000,1,1,1,1,1,1,4,-0.421734722,-0.503371288,2.177757780
195.700000000,195.600000000,0.100000000,0,0,85,0,-0.200000000,0.200000000,-0.100000000,0.100000000,-0.200000000,0.200000000,0.036000000,0.036000000,-0.294000000,0.294000000,-0.001431995,0.001431995,-0.002000000,0.002000000,6,0.050000000,1,1,1,1,1,1,4,-0.383593607,-0.555327910,2.111427138
195.800000000,195.700000000,0.100000000,0,0,85,0,-0.200000000,0.200000000,-0.100000000,0.100000000,-0.200000000,0.200000000,0.016000000,0.016000000,-0.194000000,0.194000000,-0.001440212,0.001440212,0.002000000,0.002000000,6,0.050000000,1,1,1,1,1,1,4,-0.383917925,-0.532355650,2.063861360
195.900000000,195.800000000,0.100000000,0,0,85,0,-0.200000000,0.200000000,-0.100000000,0.100000000,-0.200000000,0.200000000,-0.004000000,0.004000000,-0.294000000,0.294000000,-0.001454427,0.001454427,-0.002000000,0.002000000,6,0.050000000,1,1,1,1,1,1,4,-0.357269842,-0.534291056,2.014446125
196.000000000,195.900000000,0.100000000,0,0,85,0,-0.200000000,0.200000000,-0.100000000,0.100000000,-0.200000000,0.200000000,-0.024000000,0.024000000,-0.394000000,0.394000000,-0.001452852,0.001452852,-0.012000000,0.012000000,6,0.050000000,1,1,1,1,1,1,4,-0.477726795,-0.530075597,1.980717938
196.100000000,196.000000000,0.100000000,0,0,85,0,-0.200000000,0.200000000,-0.100000000,0.100000000,-0.200000000,0.200000000,-0.002000000,0.002000000,-0.494000000,0.494000000,-0.005461062,0.005461062,0.010000000,0.010000000,6,0.050000000,1,1,1,1,1,1,4,-0.455861824,-0.499558233,1.940366344
196.200000000,196.100000000,0.100000000,0,0,85,0,-0.200000000,0.200000000,-0.100000000,0.100000000,-0.200000000,0.200000000,-0.024000000,0.024000000,-0.294000000,0.294000000,-0.005466270,0.005466270,0.000000000,0.000000000,6,0.050000000,1,1,1,1,1,1,4,-0.478074048,-0.475608758,1.896079198
196.300000000,196.200000000,0.100000000,0,0,85,0,-0.200000000,0.200000000,-0.100000000,0.100000000,-0.200000000,0.200000000,-0.004000000,0.004000000,-0.394000000,0.394000000,-0.005468476,0.005468476,-0.008000000,0.008000000,6,0.050000000,1,1,1,1,1,1,4,-0.459181384,-0.474963229,1.859476349
196.400000000,196.300000000,0.100000000,0,0,85,0,-0.200000000,0.200000000,-0.100000000,0.100000000,-0.200000000,0.200000000,0.018000000,0.018000000,-0.494000000,0.494000000,-0.001482680,0.001482680,0.018000000,0.018000000,6,0.050000000,1,1,1,1,1,1,4,-0.469695118,-0.480697074,1.795971457
196.500000000,196.400000000,0.100000000,0,0,85,0,-0.200000000,0.200000000,-0.100000000,0.100000000,-0.200000000,0.200000000,-0.004000000,0.004000000,-0.594000000,0.594000000,-0.001496883,0.001496883,0.002000000,0.002000000,6,0.050000000,0,0,0,0,0,0,0,-0.428210738,-0.443710065,1.761982737
196.600000000,196.500000000,0.100000000,0,0,85,0,-0.200000000,0.200000000,-0.100000000,0.100000000,-0.200000000,0.200000000,0.016000000,0.016000000,-0.294000000,0.294000000,-0.001493083,0.001493083,-0.014000000,0.014000000,6,0.050000000,1,1,1,1,1,1,4,-0.444078200,-0.452534196,1.708733868
196.700000000,196.600000000,0.100000000,0,0,85,0,-0.200000000,0.200000000,-0.100000000,0.100000000,-0.200000000,0.200000000,-0.004000000,0.004000000,-0.394000000,0.394000000,-0.001495282,0.001495282,0.000000000,0.000000000,6,0.050000000,1,1,1,1,1,1,4,-0.401038606,-0.397017330,1.650380361
196.800000000,196.700000000,0.100000000,0,0,85,0,-0.200000000,0.200000000,-0.100000000,0.100000000,-0.200000000,0.200000000,0.016000000,0.016000000,-0.194000000,0.194000000,-0.001497478,0.001497478,0.012000000,0.012000000,6,0.050000000,1,1,1,1,1,1,4,-0.421306289,-0.418522147,1.590779027
196.900000000,196.800000000,0.100000000,0,0,85,0,-0.200000000,0.200000000,-0.100000000,0.100000000,-0.200000000,0.200000000,-0.004000000,0.004000000,-0.294000000,0.294000000,-0.001499672,0.001499672,-0.012000000,0.012000000,6,0.050000000,1,1,1,1,1,1,4,-0.383378716,-0.439834392,1.553995660
197.000000000,196.900000000,0.100000000,0,0,85,0,-0.200000000,0.200000000,-0.100000000,0.100000000,-0.200000000,0.200000000,0.016000000,0.016000000,-0.094000000,0.094000000,-0.001501864,0.001501864,-0.006000000,0.006000000,6,0.050000000,1,1,1,1,1,1,4,-0.384873909,-0.448545157,1.504335854
197.100000000,197.000000000,0.100000000,0,0,85,0,-0.200000000,0.200000000,-0.100000000,0.100000000,-0.200000000,0.200000000,0.036000000,0.036000000,-0.194000000,0.194000000,-0.001492055,0.001492055,0.010000000,0.010000000,6,0.050000000,1,1,1,1,1,1,4,-0.411843708,-0.480807988,1.465943133
197.200000000,197.100000000,0.100000000,0,0,85,0,-0.200000000,0.200000000,-0.100000000,0.100000000,-0.200000000,0.200000000,0.016000000,0.016000000,-0.094000000,0.094000000,-0.001485243,0.001485243,-0.014000000,0.014000000,6,0.050000000,1,1,1,1,1,1,4,-0.443109017,-0.499881191,1.413801605
197.300000000,197.200000000,0.100000000,0,0,85,0,-0.200000000,0.200000000,-0.100000000,0.100000000,-0.200000000,0.200000000,-0.004000000,0.004000000,-0.194000000,0.194000000,-0.001481429,0.001481429,-0.004000000,0.004000000,6,0.050000000,1,1,1,1,1,1,4,-0.407845657,-0.527688157,1.358302105
197.400000000,197.300000000,0.100000000,0,0,85,0,-0.200000000,0.200000000,-0.100000000,0.100000000,-0.200000000,0.200000000,0.016000000,0.016000000,-0.094000000,0.094000000,-0.001477613,0.001477613,0.008000000,0.008000000,6,0.050000000,1,1,1,1,1,1,4,-0.417331172,-0.545869127,1.319059189
197.500000000,197.400000000,0.100000000,0,0,85,0,-0.200000000,0.200000000,-0.100000000,0.100000000,-0.200000000,0.200000000,-0.004000000,0.004000000,-0.194000000,0.194000000,-0.001479796,0.001479796,-0.016000000,0.016000000,6,0.050000000,1,1,1,1,1,1,4,-0.387593049,-0.536160891,1.269863854
197.600000000,197.500000000,0.100000000,0,0,85,0,-0.200000000,0.200000000,-0.100000000,0.100000000,-0.200000000,0.200000000,0.016000000,0.016000000,-0.094000000,0.094000000,-0.001481976,0.001481976,-0.006000000,0.006000000,6,0.050000000,1,1,1,1,1,1,4,-0.376822359,-0.573153132,1.233449760
197.700000000,197.600000000,0.100000000,0,0,85,0,-0.200000000,0.200000000,-0.100000000,0.100000000,-0.200000000,0.200000000,-0.004000000,0.004000000,-0.194000000,0.194000000,-0.005484155,0.005484155,0.006000000,0.006000000,6,0.050000000,1,1,1,1,1,1,4,-0.343949634,-0.601023101,1.192986609
197.800000000,197.700000000,0.100000000,0,0,85,0,-0.200000000,0.200000000,-0.100000000,0.100000000,-0.200000000,0.200000000,0.016000000,0.016000000,-0.294000000,0.294000000,-0.001480332,0.001480332,-0.018000000,0.018000000,6,0.050000000,1,1,1,1,1,1,4,-0.406669651,-0.605637257,1.159460728
197.900000000,197.800000000,0.100000000,0,0,85,0,-0.200000000,0.200000000,-0.100000000,0.100000000,-0.200000000,0.200000000,-0.004000000,0.004000000,-0.194000000,0.194000000,0.002523494,0.002523494,-0.002000000,0.002000000,6,0.050000000,1,1,1,1,1,1,4,-0.432517858,-0.608387013,1.104763235
198.000000000,197.900000000,0.100000000,0,0,85,0,-0.200000000,0.200000000,-0.100000000,0.100000000,-0.200000000,0.200000000,0.016000000,0.016000000,0.006000000,0.006000000,-0.005472680,0.005472680,0.010000000,0.010000000,6,0.050000000,1,1,1,1,1,1,4,-0.468321067,-0.612949743,1.068097392
198.100000000,198.000000000,0.100000000,0,0,85,0,-0.200000000,0.200000000,-0.100000000,0.100000000,-0.200000000,0.200000000,-0.004000000,0.004000000,-0.094000000,0.094000000,-0.001474851,0.001474851,-0.012000000,0.012000000,6,0.050000000,1,1,1,1,1,1,4,-0.479590143,-0.666426123,1.045650879
198.200000000,198.100000000,0.100000000,0,0,85,0,-0.200000000,0.200000000,-0.100000000,0.100000000,-0.200000000,0.200000000,0.016000000,0.016000000,-0.094000000,0.094000000,-0.001477020,0.001477020,0.000000000,0.000000000,6,0.050000000,1,1,1,1,1,1,4,-0.451437168,-0.576192346,1.007685425
198.300000000,198.200000000,0.100000000,0,0,85,0,-0.200000000,0.200000000,-0.100000000,0.100000000,-0.200000000,0.200000000,-0.004000000,0.004000000,-0.194000000,0.194000000,-0.005479188,0.005479188,0.014000000,0.014000000,6,0.050000000,1,1,1,1,1,1,4,-0.429853536,-0.587335482,0.963958641
198.400000000,198.300000000,0.100000000,0,0,85,0,-0.200000000,0.200000000,-0.100000000,0.100000000,-0.200000000,0.200000000,0.016000000,0.016000000,-0.294000000,0.294000000,-0.005475354,0.005475354,-0.008000000,0.008000000,6,0.050000000,1,1,1,1,1,1,4,-0.409107809,-0.602792320,0.919805638
198.500000000,198.400000000,0.100000000,0,0,85,0,-0.200000000,0.200000000,-0.100000000,0.100000000,-0.200000000,0.200000000,-0.004000000,0.004000000,-0.094000000,0.094000000,-0.001474518,0.001474518,0.002000000,0.002000000,6,0.050000000,1,1,1,1,1,1,4,-0.392209626,-0.592320706,0.869176504
198.600000000,198.500000000,0.100000000,0,0,85,0,-0.200000000,0.200000000,-0.100000000,0.100000000,-0.200000000,0.200000000,0.016000000,0.016000000,0.006000000,0.006000000,-0.005476681,0.005476681,0.012000000,0.012000000,6,0.050000000,1,2,1,1,1,1,4,-0.453796694,-0.598872334,0.817440382
198.700000000,198.600000000,0.100000000,0,0,85,0,-0.200000000,0.200000000,-0.100000000,0.100000000,-0.200000000,0.200000000,-0.004000000,0.004000000,-0.094000000,0.094000000,-0.001478841,0.001478841,-0.008000000,0.008000000,6,0.050000000,1,2,1,1,1,1,4,-0.452832694,-0.604192903,0.752229861
198.800000000,198.700000000,0.100000000,0,0,85,0,-0.200000000,0.200000000,-0.100000000,0.100000000,-0.200000000,0.200000000,0.016000000,0.016000000,-0.194000000,0.194000000,-0.001475000,0.001475000,0.004000000,0.004000000,6,0.050000000,1,2,1,1,1,1,4,-0.414851997,-0.611608357,0.716042404
198.900000000,198.800000000,0.100000000,0,0,85,0,-0.200000000,0.200000000,-0.100000000,0.100000000,-0.200000000,0.200000000,-0.004000000,0.004000000,-0.094000000,0.094000000,-0.001474157,0.001474157,-0.012000000,0.012000000,6,0.050000000,1,2,1,1,1,1,4,-0.421872019,-0.575110494,0.679972067
199.000000000,198.900000000,0.100000000,0,0,85,0,-0.200000000,0.200000000,-0.100000000,0.100000000,-0.200000000,0.200000000,0.016000000,0.016000000,-0.194000000,0.194000000,-0.001476313,0.001476313,0.000000000,0.000000000,6,0.050000000,1,2,1,1,1,1,4,-0.407343457,-0.579455760,0.628493502
199.100000000,199.000000000,0.100000000,0,0,85,0,-0.200000000,0.200000000,-0.100000000,0.100000000,-0.200000000,0.200000000,-0.004000000,0.004000000,-0.294000000,0.294000000,-0.001472466,0.001472466,0.014000000,0.014000000,6,0.050000000,1,2,1,1,1,1,4,-0.384213414,-0.601066962,0.576894780
199.200000000,199.100000000,0.100000000,0,0,85,0,-0.200000000,0.200000000,-0.100000000,0.100000000,-0.200000000,0.200000000,0.016000000,0.016000000,-0.194000000,0.194000000,-0.001468618,0.001468618,-0.008000000,0.008000000,6,0.050000000,1,2,1,1,1,1,4,-0.366070612,-0.604713990,0.538227144
199.300000000,199.200000000,0.100000000,0,0,85,0,-0.200000000,0.200000000,-0.100000000,0.100000000,-0.200000000,0.200000000,-0.004000000,0.004000000,-0.294000000,0.294000000,-0.001476768,0.001476768,0.000000000,0.000000000,6,0.050000000,1,2,1,1,1,1,4,-0.341872115,-0.601954525,0.504179931
199.400000000,199.300000000,0.100000000,0,0,85,0,-0.200000000,0.200000000,-0.100000000,0.100000000,-0.200000000,0.200000000,0.016000000,0.016000000,-0.394000000,0.394000000,-0.001472917,0.001472917,0.016000000,0.016000000,6,0.050000000,1,2,1,1,1,1,4,-0.324929442,-0.613659290,0.460167608
199.500000000,199.400000000,0.100000000,0,0,85,0,-0.200000000,0.200000000,-0.100000000,0.100000000,-0.200000000,0.200000000,-0.004000000,0.004000000,-0.194000000,0.194000000,-0.001475063,0.001475063,-0.004000000,0.004000000,6,0.050000000,1,2,1,1,1,1,4,-0.319319965,-0.649123754,0.409157870
199.600000000,199.500000000,0.100000000,0,0,85,0,-0.200000000,0.200000000,-0.100000000,0.100000000,-0.200000000,0.200000000,0.016000000,0.016000000,-0.294000000,0.294000000,-0.001477209,0.001477209,0.014000000,0.014000000,6,0.050000000,1,2,1,1,1,1,4,-0.287377596,-0.674409961,0.358690654
199.700000000,199.600000000,0.100000000,0,0,85,0,-0.200000000,0.200000000,-0.100000000,0.100000000,-0.200000000,0.200000000,-0.004000000,0.004000000,-0.394000000,0.394000000,-0.001467352,0.001467352,-0.006000000,0.006000000,6,0.050000000,1,2,1,1,1,1,4,-0.287025382,-0.680836581,0.315676180
199.800000000,199.700000000,0.100000000,0,0,85,0,-0.200000000,0.200000000,-0.100000000,0.100000000,-0.200000000,0.200000000,0.016000000,0.016000000,-0.194000000,0.194000000,-0.005469494,0.005469494,0.006000000,0.006000000,6,0.050000000,1,1,1,1,1,1,4,-0.311724289,-0.731990242,0.277322328
199.900000000,199.800000000,0.100000000,0,0,85,0,-0.200000000,0.200000000,-0.100000000,0.100000000,-0.200000000,0.200000000,-0.004000000,0.004000000,-0.294000000,0.294000000,-0.005477634,0.005477634,-0.016000000,0.016000000,6,0.050000000,1,1,1,1,1,1,4,-0.297618970,-0.734452005,0.234905937
200.000000000,199.900000000,0.100000000,0,0,85,0,-0.200000000,0.200000000,-0.100000000,0.100000000,-0.200000000,0.200000000,0.016000000,0.016000000,-0.394000000,0.394000000,-0.001473772,0.001473772,-0.002000000,0.002000000,7,0.050000000,1,1,1,1,1,1,4,-0.333381424,-0.749984274,0.206895470
200.100000000,200.000000000,0.100000000,0,0,85,0,-0.200000000,0.200000000,-0.100000000,0.100000000,-0.200000000,0.200000000,-0.004000000,0.004000000,-0.194000000,0.194000000,-0.001469908,0.001469908,0.010000000,0.010000000,7,0.050000000,1,1,1,1,1,1,4,-0.361976632,-0.801021768,0.184654248
200.200000000,200.100000000,0.100000000,0,0,85,0,-0.200000000,0.200000000,-0.100000000,0.100000000,-0.200000000,0.200000000,0.016000000,0.016000000,-0.294000000,0.294000000,-0.005466043,0.005466043,-0.014000000,0.014000000,7,0.050000000,1,1,1,1,1,1,4,-0.324837253,-0.809936479,0.136169610
200.300000000,200.200000000,0.100000000,0,0,85,0,-0.200000000,0.200000000,-0.100000000,0.100000000,-0.200000000,0.200000000,-0.004000000,0.004000000,-0.394000000,0.394000000,-0.001462177,0.001462177,-0.002000000,0.002000000,7,0.050000000,1,1,1,1,1,1,4,-0.252049898,-0.794147944,0.093742257
200.400000000,200.300000000,0.100000000,0,0,85,0,-0.200000000,0.200000000,-0.100000000,0.100000000,-0.200000000,0.200000000,0.016000000,0.016000000,-0.194000000,0.194000000,0.002544691,0.002544691,0.006000000,0.006000000,7,0.050000000,1,1,1,1,1,1,4,-0.312275864,-0.832136022,0.048287115
200.500000000,200.400000000,0.100000000,0,0,85,0,-0.200000000,0.200000000,-0.100000000,0.100000000,-0.200000000,0.200000000,-0.004000000,0.004000000,-0.294000000,0.294000000,-0.005463439,0.005463439,-0.014000000,0.014000000,7,0.050000000,1,1,1,1,1,1,4,-0.306582264,-0.821138940,0.031371535
200.600000000,200.500000000,0.100000000,0,0,85,0,-0.200000000,0.200000000,-0.100000000,0.100000000,-0.200000000,0.200000000,0.016000000,0.016000000,-0.094000000,0.094000000,-0.001459568,0.001459568,-0.002000000,0.002000000,7,0.050000000,1,1,1,1,1,1,4,-0.321311573,-0.781322665,0.007215008
200.700000000,200.600000000,0.100000000,0,0,85,0,-0.200000000,0.200000000,-0.100000000,0.100000000,-0.200000000,0.200000000,-0.004000000,0.004000000,-0.194000000,0.194000000,-0.001458695,0.001458695,0.008000000,0.008000000,7,0.050000000,1,1,1,1,1,1,4,-0.335020779,-0.813875953,-0.011847133
200.800000000,200.700000000,0.100000000,0,0,85,0,-0.200000000,0.200000000,-0.100000000,0.100000000,-0.200000000,0.200000000,0.016000000,0.016000000,-0.294000000,0.294000000,-0.001460821,0.001460821,-0.014000000,0.014000000,7,0.050000000,1,1,1,1,1,1,4,-0.336684850,-0.798176853,-0.026996198
200.900000000,200.800000000,0.100000000,0,0,85,0,-0.200000000,0.200000000,-0.100000000,0.100000000,-0.200000000,0.200000000,-0.004000000,0.004000000,-0.194000000,0.194000000,-0.005456945,0.005456945,-0.002000000,0.002000000,7,0.050000000,1,1,1,1,1,1,4,-0.292639930,-0.802477721,-0.038223457
201.000000000,200.900000000,0.100000000,0,0,85,0,-0.200000000,0.200000000,-0.100000000,0.100000000,-0.200000000,0.200000000,0.016000000,0.016000000,-0.294000000,0.294000000,-0.005459068,0.005459068,0.006000000,0.006000000,7,0.050000000,1,1,1,1,1,1,4,-0.301474993,-0.804850908,-0.047492729
201.100000000,201.000000000,0.100000000,0,0,85,0,-0.200000000,0.200000000,-0.100000000,0.100000000,-0.200000000,0.200000000,-0.004000000,0.004000000,-0.394000000,0.394000000,-0.005455189,0.005455189,-0.016000000,0.016000000,7,0.050000000,1,1,1,1,1,1,4,-0.294572333,-0.769533949,-0.054400599
201.200000000,201.100000000,0.100000000,0,0,85,0,-0.200000000,0.200000000,-0.100000000,0.100000000,-0.200000000,0.200000000,0.016000000,0.016000000,-0.194000000,0.194000000,-0.005451309,0.005451309,-0.004000000,0.004000000,7,0.050000000,1,1,1,1,1,1,4,-0.268696786,-0.767538661,-0.059371571
201.300000000,201.200000000,0.100000000,0,0,85,0,-0.200000000,0.200000000,-0.100000000,0.100000000,-0.200000000,0.200000000,-0.004000000,0.004000000,-0.294000000,0.294000000,-0.001447427,0.001447427,0.006000000,0.006000000,7,0.050000000,1,1,1,1,1,1,4,-0.300468529,-0.773145829,-0.062997569
201.400000000,201.300000000,0.100000000,0,0,85,0,-0.200000000,0.200000000,-0.100000000,0.100000000,-0.200000000,0.200000000,0.016000000,0.016000000,-0.394000000,0.394000000,-0.001443544,0.001443544,-0.014000000,0.014000000,7,0.050000000,1,1,1,1,1,1,4,-0.354063715,-0.760421079,-0.064880426
201.500000000,201.400000000,0.100000000,0,0,85,0,-0.200000000,0.200000000,-0.100000000,0.100000000,-0.200000000,0.200000000,-0.004000000,0.004000000,-0.194000000,0.194000000,-0.001439660,0.001439660,0.000000000,0.000000000,7,0.050000000,1,1,1,1,1,1,4,-0.333423185,-0.641946081,-0.065470975
201.600000000,201.500000000,0.100000000,0,0,85,0,-0.200000000,0.200000000,-0.100000000,0.100000000,-0.200000000,0.200000000,0.016000000,0.016000000,-0.294000000,0.294000000,-0.001435774,0.001435774,0.010000000,0.010000000,7,0.050000000,1,1,1,1,1,1,4,-0.341674291,-0.631280671,-0.064986648
201.700000000,201.600000000,0.100000000,0,0,85,0,-0.200000000,0.200000000,-0.100000000,0.100000000,-0.200000000,0.200000000,-0.004000000,0.004000000,-0.094000000,0.094000000,-0.001431887,0.001431887,-0.012000000,0.012000000,7,0.050000000,1,1,1,1,1,1,4,-0.318700285,-0.698243285,-0.063659071
201.800000000,201.700000000,0.100000000,0,0,85,0,-0.200000000,0.200000000,-0.100000000,0.100000000,-0.200000000,0.200000000,0.016000000,0.016000000,-0.194000000,0.194000000,-0.001427999,0.001427999,0.000000000,0.000000000,7,0.050000000,1,1,1,1,1,1,4,-0.303524285,-0.695010089,-0.061611411
201.900000000,201.800000000,0.100000000,0,0,85,0,-0.200000000,0.200000000,-0.100000000,0.100000000,-0.200000000,0.200000000,-0.004000000,0.004000000,-0.294000000,0.294000000,-0.001430110,0.001430110,0.012000000,0.012000000,7,0.050000000,1,1,1,1,1,1,4,-0.250247446,-0.741480227,-0.058957825
202.000000000,201.900000000,0.100000000,0,0,85,0,-0.200000000,0.200000000,-0.100000000,0.100000000,-0.200000000,0.200000000,0.016000000,0.016000000,-0.194000000,0.194000000,-0.001432219,0.001432219,-0.014000000,0.014000000,7,0.050000000,1,1,1,1,1,1,4,-0.250437241,-0.768314736,-0.055870517
202.100000000,202.000000000,0.100000000,0,0,85,0,-0.200000000,0.200000000,-0.100000000,0.100000000,-0.200000000,0.200000000,-0.004000000,0.004000000,-0.294000000,0.294000000,-0.001434327,0.001434327,0.000000000,0.000000000,7,0.050000000,1,1,1,1,1,1,4,-0.203874947,-0.781094440,-0.052153808
202.200000000,202.100000000,0.100000000,0,0,85,0,-0.200000000,0.200000000,-0.100000000,0.100000000,-0.200000000,0.200000000,0.016000000,0.016000000,-0.394000000,0.394000000,-0.001442434,0.001442434,0.012000000,0.012000000,7,0.050000000,1,1,1,1,1,1,4,-0.173368833,-0.807730134,-0.048260093
202.300000000,202.200000000,0.100000000,0,0,85,0,-0.200000000,0.200000000,-0.100000000,0.100000000,-0.200000000,0.200000000,-0.004000000,0.004000000,-0.494000000,0.494000000,-0.001444540,0.001444540,-0.014000000,0.014000000,7,0.050000000,1,1,1,1,1,1,4,-0.217378897,-0.828001384,-0.044320638
202.400000000,202.300000000,0.100000000,0,0,85,0,-0.200000000,0.200000000,-0.100000000,0.100000000,-0.200000000,0.200000000,0.016000000,0.016000000,-0.294000000,0.294000000,-0.005440644,0.005440644,-0.002000000,0.002000000,7,0.050000000,1,1,1,1,1,1,4,-0.303808392,-0.866374336,-0.040228513
202.500000000,202.400000000,0.100000000,0,0,85,0,-0.200000000,0.200000000,-0.100000000,0.100000000,-0.200000000,0.200000000,-0.004000000,0.004000000,-0.394000000,0.394000000,-0.001442747,0.001442747,0.008000000,0.008000000,7,0.050000000,1,1,1,1,1,1,4,-0.280569897,-0.876051066,-0.036285528
202.600000000,202.500000000,0.100000000,0,0,85,0,-0.200000000,0.200000000,-0.100000000,0.100000000,-0.200000000,0.200000000,0.016000000,0.016000000,-0.094000000,0.094000000,-0.005435849,0.005435849,-0.018000000,0.018000000,7,0.050000000,1,1,1,1,1,1,4,-0.306586054,-0.821014574,-0.032303922
202.700000000,202.600000000,0.100000000,0,0,85,0,-0.200000000,0.200000000,-0.100000000,0.100000000,-0.200000000,0.200000000,-0.004000000,0.004000000,-0.194000000,0.194000000,-0.005437950,0.005437950,0.000000000,0.000000000,7,0.050000000,1,1,1,1,1,1,4,-0.324729924,-0.851917464,-0.028412190
202.800000000,202.700000000,0.100000000,0,0,85,0,-0.200000000,0.200000000,-0.100000000,0.100000000,-0.200000000,0.200000000,0.016000000,0.016000000,-0.294000000,0.294000000,-0.001434049,0.001434049,0.014000000,0.014000000,7,0.050000000,1,1,1,1,1,1,4,-0.278610370,-0.883652091,-0.046742420
202.900000000,202.800000000,0.100000000,0,0,85,0,-0.200000000,0.200000000,-0.100000000,0.100000000,-0.200000000,0.200000000,-0.004000000,0.004000000,-0.194000000,0.194000000,-0.001424147,0.001424147,-0.006000000,0.006000000,7,0.050000000,1,1,1,1,1,1,4,-0.253035164,-0.868430820,-0.067699214
203.000000000,202.900000000,0.100000000,0,0,85,0,-0.200000000,0.200000000,-0.100000000,0.100000000,-0.200000000,0.200000000,0.016000000,0.016000000,-0.294000000,0.294000000,-0.001420244,0.001420244,0.012000000,0.012000000,7,0.050000000,1,1,1,1,1,1,4,-0.223688479,-0.873182641,-0.084934822
203.100000000,203.000000000,0.100000000,0,0,85,0,-0.200000000,0.200000000,-0.100000000,0.100000000,-0.200000000,0.200000000,-0.004000000,0.004000000,-0.394000000,0.394000000,-0.001416340,0.001416340,-0.008000000,0.008000000,7,0.050000000,1,1,1,1,1,1,4,-0.196438302,-0.862032346,-0.098930728
203.200000000,203.100000000,0.100000000,0,0,85,0,-0.200000000,0.200000000,-0.100000000,0.100000000,-0.200000000,0.200000000,0.016000000,0.016000000,0.006000000,0.006000000,-0.001418435,0.001418435,0.004000000,0.004000000,7,0.050000000,1,1,1,1,1,1,4,-0.209099011,-0.913508736,-0.109895397
203.300000000,203.200000000,0.100000000,0,0,85,0,-0.200000000,0.200000000,-0.100000000,0.100000000,-0.200000000,0.200000000,-0.004000000,0.004000000,-0.094000000,0.094000000,-0.001414529,0.001414529,-0.008000000,0.008000000,7,0.050000000,1,1,1,1,1,1,4,-0.207729587,-0.945020569,-0.117999055
203.400000000,203.300000000,0.100000000,0,0,85,0,-0.200000000,0.200000000,-0.100000000,0.100000000,-0.200000000,0.200000000,0.016000000,0.016000000,-0.094000000,0.094000000,-0.001410622,0.001410622,0.000000000,0.000000000,7,0.050000000,1,1,1,1,1,1,4,-0.264831053,-0.972178030,-0.123592999
203.500000000,203.400000000,0.100000000,0,0,85,0,-0.200000000,0.200000000,-0.100000000,0.100000000,-0.200000000,0.200000000,-0.004000000,0.004000000,-0.194000000,0.194000000,-0.001412713,0.001412713,0.010000000,0.010000000,7,0.050000000,1,1,1,1,1,1,4,-0.317266084,-0.988263188,-0.126886710
203.600000000,203.500000000,0.100000000,0,0,85,0,-0.200000000,0.200000000,-0.100000000,0.100000000,-0.200000000,0.200000000,0.016000000,0.016000000,-0.294000000,0.294000000,-0.001408804,0.001408804,-0.012000000,0.012000000,7,0.050000000,1,1,1,1,1,1,4,-0.292767979,-1.034846048,-0.128182919
203.700000000,203.600000000,0.100000000,0,0,85,0,-0.200000000,0.200000000,-0.100000000,0.100000000,-0.200000000,0.200000000,-0.004000000,0.004000000,-0.194000000,0.194000000,-0.005404894,0.005404894,0.000000000,0.000000000,7,0.050000000,1,1,1,1,0,1,4,-0.489802141,-1.073193694,-0.126953347
203.800000000,203.700000000,0.100000000,0,0,85,0,-0.200000000,0.200000000,-0.100000000,0.100000000,-0.200000000,0.200000000,0.016000000,0.016000000,0.006000000,0.006000000,-0.001400983,0.001400983,0.008000000,0.008000000,7,0.050000000,1,1,1,1,1,1,4,-0.287249874,-1.067241380,-0.125322250
203.900000000,203.800000000,0.100000000,0,0,85,0,-0.200000000,0.200000000,-0.100000000,0.100000000,-0.200000000,0.200000000,-0.004000000,0.004000000,0.006000000,0.006000000,-0.001397071,0.001397071,0.016000000,0.016000000,7,0.050000000,1,1,1,1,1,1,4,-0.447751960,-1.084007999,-0.121411725
204.000000000,203.900000000,0.100000000,0,0,85,0,-0.200000000,0.200000000,-0.100000000,0.100000000,-0.200000000,0.200000000,0.016000000,0.016000000,-0.094000000,0.094000000,-0.001399159,0.001399159,-0.006000000,0.006000000,7,0.050000000,1,1,1,1,1,1,4,-0.381013262,-1.113660612,-0.116187477
204.100000000,204.000000000,0.100000000,0,0,85,0,-0.200000000,0.200000000,-0.100000000,0.100000000,-0.200000000,0.200000000,-0.004000000,0.004000000,-0.094000000,0.094000000,-0.001395245,0.001395245,0.012000000,0.012000000,7,0.050000000,1,1,1,1,1,1,4,-0.426883858,-1.115946006,-0.109931623
204.200000000,204.100000000,0.100000000,0,0,85,0,-0.200000000,0.200000000,-0.100000000,0.100000000,-0.200000000,0.200000000,0.016000000,0.016000000,-0.194000000,0.194000000,-0.001403331,0.001403331,-0.012000000,0.012000000,7,0.050000000,1,1,1,1,1,1,4,-0.398300220,-1.166237171,-0.102702679
204.300000000,204.200000000,0.100000000,0,0,85,0,-0.200000000,0.200000000,-0.100000000,0.100000000,-0.200000000,0.200000000,-0.004000000,0.004000000,-0.094000000,0.094000000,-0.001401499,0.001401499,-0.002000000,0.002000000,7,0.050000000,1,1,1,1,1,1,4,-0.496439355,-1.233313515,-0.082835243
204.400000000,204.300000000,0.100000000,0,0,85,0,-0.200000000,0.200000000,-0.100000000,0.100000000,-0.200000000,0.200000000,0.016000000,0.016000000,0.006000000,0.006000000,-0.001401499,0.001401499,0.014000000,0.014000000,7,0.050000000,1,1,1,1,1,1,4,-0.487512509,-1.293344948,-0.085938107
204.500000000,204.400000000,0.100000000,0,0,85,0,-0.200000000,0.200000000,-0.100000000,0.100000000,-0.200000000,0.200000000,-0.004000000,0.004000000,0.006000000,0.006000000,-0.001403582,0.001403582,-0.002000000,0.002000000,7,0.050000000,1,1,1,1,1,1,4,-0.563473548,-1.367584343,-0.076691034
204.600000000,204.500000000,0.100000000,0,0,85,0,-0.200000000,0.200000000,-0.100000000,0.100000000,-0.200000000,0.200000000,0.016000000,0.016000000,0.006000000,0.006000000,-0.005399665,0.005399665,0.016000000,0.016000000,7,0.050000000,1,1,1,1,1,1,4,-0.641140158,-1.432063858,-0.066965335
204.700000000,204.600000000,0.100000000,0,0,85,0,-0.200000000,0.200000000,-0.100000000,0.100000000,-0.200000000,0.200000000,-0.004000000,0.004000000,-0.094000000,0.094000000,-0.001395746,0.001395746,0.010000000,0.010000000,7,0.050000000,1,1,1,1,1,1,4,-0.726248665,-1.450497505,-0.057046344
204.800000000,204.700000000,0.100000000,0,0,85,0,-0.200000000,0.200000000,-0.100000000,0.100000000,-0.200000000,0.200000000,0.016000000,0.016000000,-0.094000000,0.094000000,-0.001393906,0.001393906,0.000000000,0.000000000,7,0.050000000,1,1,1,1,1,1,4,-0.744404828,-1.467755127,-0.046874153
204.900000000,204.800000000,0.100000000,0,0,85,0,-0.200000000,0.200000000,-0.100000000,0.100000000,-0.200000000,0.200000000,-0.004000000,0.004000000,0.006000000,0.006000000,-0.001395985,0.001395985,0.010000000,0.010000000,7,0.050000000,1,1,1,1,1,1,4,-0.867845218,-1.520550661,-0.036659279
205.000000000,204.900000000,0.100000000,0,0,85,0,-0.200000000,0.200000000,-0.100000000,0.100000000,-0.200000000,0.200000000,0.016000000,0.016000000,0.006000000,0.006000000,-0.001392063,0.001392063,-0.008000000,0.008000000,7,0.050000000,1,1,1,1,1,1,4,-0.853921292,-1.565028420,-0.026551778
