seq,raw_timestamp,effective_timestamp,stamp_shift,self_id,target_id,filtered_distance,latest_raw_distance,gt_distance_latest,window_size,window_span,window_lag,reject_count
1,42.106000,42.106000,0.000000,3,1,0.106755,0.106755,0.000000,1,0.000000,0.000000,0
8,42.386000,42.386000,0.000000,3,0,0.107553,0.107553,0.000000,1,0.000000,0.000000,0
13,42.586000,42.346000,-0.240000,3,1,0.111987,0.117218,0.000000,2,0.480000,0.240000,0
15,42.666000,42.526000,-0.140000,3,0,0.165702,0.223851,0.000000,2,0.280000,0.140000,0
17,42.746000,42.599333,-0.146667,3,0,0.752288,1.925459,2.000000,3,0.360000,0.146667,0
17,42.746000,42.479333,-0.266667,3,1,1.014256,2.818794,2.828427,3,0.640000,0.266667,0
17,42.746000,42.746000,0.000000,3,2,1.893918,1.893918,2.000000,1,0.000000,0.000000,0
18,42.786000,42.646000,-0.140000,3,0,1.094187,2.119885,2.000000,4,0.400000,0.140000,0
18,42.786000,42.556000,-0.230000,3,1,1.476475,2.863134,2.828427,4,0.680000,0.230000,0
18,42.786000,42.766000,-0.020000,3,2,1.969914,2.045909,2.000000,2,0.040000,0.020000,0
19,42.826000,42.682000,-0.144000,3,0,1.270403,1.975269,2.000000,5,0.440000,0.144000,0
19,42.826000,42.610000,-0.216000,3,1,1.700204,2.595120,2.828427,5,0.720000,0.216000,0
19,42.826000,42.786000,-0.040000,3,2,1.999224,2.057844,2.000000,3,0.080000,0.040000,0
20,42.868000,42.778400,-0.089600,3,0,1.638414,1.947603,2.000000,5,0.202000,0.089600,0
20,42.868000,42.762400,-0.105600,3,1,2.233363,2.772550,2.828427,5,0.282000,0.105600,0
20,42.868000,42.806500,-0.061500,3,2,1.994965,1.982187,2.000000,4,0.122000,0.061500,0
21,42.908000,42.826800,-0.081200,3,0,1.990908,1.986322,2.000000,5,0.162000,0.081200,0
21,42.908000,42.826800,-0.081200,3,1,2.782233,2.861565,2.828427,5,0.162000,0.081200,0
21,42.908000,42.826800,-0.081200,3,2,2.006801,2.054146,2.000000,5,0.162000,0.081200,0
22,42.946000,42.866800,-0.079200,3,0,2.017238,2.057113,2.000000,5,0.160000,0.079200,0
22,42.946000,42.866800,-0.079200,3,1,2.787261,2.843934,2.828427,5,0.160000,0.079200,0
22,42.946000,42.866800,-0.079200,3,2,2.026765,1.993739,2.000000,5,0.160000,0.079200,0
23,42.986000,42.906800,-0.079200,3,0,1.988320,1.975293,2.000000,5,0.160000,0.079200,0
23,42.986000,42.906800,-0.079200,3,1,2.788201,2.867833,2.828427,5,0.160000,0.079200,0
23,42.986000,42.906800,-0.079200,3,2,2.026103,2.042600,2.000000,5,0.160000,0.079200,0
24,43.026000,42.946800,-0.079200,3,0,1.991174,1.989539,2.000000,5,0.158000,0.079200,0
24,43.026000,42.946800,-0.079200,3,1,2.838262,2.845427,2.828427,5,0.158000,0.079200,0
24,43.026000,42.946800,-0.079200,3,2,1.986654,1.860599,2.000000,5,0.158000,0.079200,0
25,43.066000,42.986400,-0.079600,3,0,2.008600,2.034733,2.000000,5,0.158000,0.079600,0
25,43.066000,42.986400,-0.079600,3,1,2.850195,2.832215,2.828427,5,0.158000,0.079600,0
25,43.066000,42.986400,-0.079600,3,2,2.024763,2.172732,2.000000,5,0.158000,0.079600,0
26,43.106000,43.026000,-0.080000,3,0,1.999587,1.941255,2.000000,5,0.160000,0.080000,0
26,43.106000,43.026000,-0.080000,3,1,2.842118,2.821178,2.828427,5,0.160000,0.080000,0
26,43.106000,43.026000,-0.080000,3,2,2.007535,1.968003,2.000000,5,0.160000,0.080000,0
27,43.146000,43.066000,-0.080000,3,0,1.993903,2.028695,2.000000,5,0.160000,0.080000,0
27,43.146000,43.066000,-0.080000,3,1,2.839043,2.828561,2.828427,5,0.160000,0.080000,0
27,43.146000,43.066000,-0.080000,3,2,1.998916,1.950645,2.000000,5,0.160000,0.080000,0
28,43.186000,43.106000,-0.080000,3,0,2.030957,2.160560,2.000000,5,0.160000,0.080000,0
28,43.186000,43.106000,-0.080000,3,1,2.812539,2.735315,2.828427,5,0.160000,0.080000,0
28,43.186000,43.106000,-0.080000,3,2,1.991544,2.005740,2.000000,5,0.160000,0.080000,0
29,43.226000,43.146000,-0.080000,3,0,2.010077,1.885141,2.000000,5,0.160000,0.080000,0
29,43.226000,43.146000,-0.080000,3,1,2.817142,2.868442,2.828427,5,0.160000,0.080000,0
29,43.226000,43.146000,-0.080000,3,2,2.055742,2.181592,2.000000,5,0.160000,0.080000,0
30,43.266000,43.186000,-0.080000,3,0,2.025260,2.110647,2.000000,5,0.160000,0.080000,0
30,43.266000,43.186000,-0.080000,3,1,2.802053,2.756770,2.828427,5,0.160000,0.080000,0
30,43.266000,43.186000,-0.080000,3,2,2.023904,2.013541,2.000000,5,0.160000,0.080000,0
31,43.306000,43.226000,-0.080000,3,0,2.052737,2.078643,2.000000,5,0.160000,0.080000,0
31,43.306000,43.226000,-0.080000,3,1,2.822166,2.921742,2.828427,5,0.160000,0.080000,0
31,43.306000,43.226000,-0.080000,3,2,2.027595,1.986458,2.000000,5,0.160000,0.080000,0
32,43.346000,43.266000,-0.080000,3,0,2.045726,1.993640,2.000000,5,0.160000,0.080000,0
32,43.346000,43.266000,-0.080000,3,1,2.811871,2.777085,2.828427,5,0.160000,0.080000,0
32,43.346000,43.266000,-0.080000,3,2,2.046760,2.046471,2.000000,5,0.160000,0.080000,0
33,43.386000,43.306000,-0.080000,3,0,2.022840,2.046128,2.000000,5,0.160000,0.080000,0
33,43.386000,43.306000,-0.080000,3,1,2.825873,2.805328,2.828427,5,0.160000,0.080000,0
33,43.386000,43.306000,-0.080000,3,2,2.050981,2.026843,2.000000,5,0.160000,0.080000,0
34,43.426000,43.346000,-0.080000,3,0,2.013175,1.836816,2.000000,5,0.160000,0.080000,0
34,43.426000,43.346000,-0.080000,3,1,2.802815,2.753149,2.828427,5,0.160000,0.080000,0
34,43.426000,43.346000,-0.080000,3,2,1.992739,1.890382,2.000000,5,0.160000,0.080000,0
35,43.466000,43.386000,-0.080000,3,0,1.991151,2.000528,2.000000,5,0.160000,0.080000,0
35,43.466000,43.386000,-0.080000,3,1,2.835708,2.921236,2.828427,5,0.160000,0.080000,0
35,43.466000,43.386000,-0.080000,3,2,1.990792,2.003808,2.000000,5,0.160000,0.080000,0
36,43.506000,43.426000,-0.080000,3,0,2.001250,2.129139,2.000000,5,0.160000,0.080000,0
36,43.506000,43.426000,-0.080000,3,1,2.817276,2.829584,2.828427,5,0.160000,0.080000,0
36,43.506000,43.426000,-0.080000,3,2,1.995106,2.008025,2.000000,5,0.160000,0.080000,0
37,43.546000,43.466000,-0.080000,3,0,2.015172,2.063252,2.000000,5,0.160000,0.080000,0
37,43.546000,43.466000,-0.080000,3,1,2.812990,2.755655,2.828427,5,0.160000,0.080000,0
37,43.546000,43.466000,-0.080000,3,2,1.977572,1.958801,2.000000,5,0.160000,0.080000,0
38,43.586000,43.506000,-0.080000,3,0,1.997384,1.957188,2.000000,5,0.160000,0.080000,0
38,43.586000,43.506000,-0.080000,3,1,2.795860,2.719675,2.828427,5,0.160000,0.080000,0
38,43.586000,43.506000,-0.080000,3,2,1.970382,1.990895,2.000000,5,0.160000,0.080000,0
39,43.626000,43.546000,-0.080000,3,0,2.005942,1.879605,2.000000,5,0.160000,0.080000,0
39,43.626000,43.546000,-0.080000,3,1,2.799093,2.769314,2.828427,5,0.160000,0.080000,0
39,43.626000,43.546000,-0.080000,3,2,1.979039,1.933664,2.000000,5,0.160000,0.080000,0
40,43.666000,43.586000,-0.080000,3,0,2.039483,2.168233,2.000000,5,0.160000,0.080000,0
40,43.666000,43.586000,-0.080000,3,1,2.778787,2.819710,2.828427,5,0.160000,0.080000,0
40,43.666000,43.586000,-0.080000,3,2,1.970802,1.962627,2.000000,5,0.160000,0.080000,0
41,43.706000,43.626000,-0.080000,3,0,2.031828,2.090860,2.000000,5,0.160000,0.080000,0
41,43.706000,43.626000,-0.080000,3,1,2.785769,2.864492,2.828427,5,0.160000,0.080000,0
41,43.706000,43.626000,-0.080000,3,2,1.938630,1.847163,2.000000,5,0.160000,0.080000,0
42,43.746000,43.666000,-0.080000,3,0,1.993751,1.872871,2.000000,5,0.160000,0.080000,0
42,43.746000,43.666000,-0.080000,3,1,2.806979,2.861705,2.828427,5,0.160000,0.080000,0
42,43.746000,43.666000,-0.080000,3,2,1.970209,2.116697,2.000000,5,0.160000,0.080000,0
43,43.786000,43.706000,-0.080000,3,0,2.025052,2.113693,2.000000,5,0.160000,0.080000,0
43,43.786000,43.706000,-0.080000,3,1,2.831674,2.843151,2.828427,5,0.160000,0.080000,0
43,43.786000,43.706000,-0.080000,3,2,1.981644,2.048067,2.000000,5,0.160000,0.080000,0
44,43.828000,43.746400,-0.081600,3,0,2.069044,2.099563,2.000000,5,0.162000,0.081600,0
44,43.828000,43.746400,-0.081600,3,1,2.859689,2.909388,2.828427,5,0.162000,0.081600,0
44,43.828000,43.746400,-0.081600,3,2,1.994871,1.999800,2.000000,5,0.162000,0.081600,0
45,43.866000,43.786400,-0.079600,3,0,2.019734,1.921683,2.000000,5,0.160000,0.079600,0
45,43.866000,43.786400,-0.079600,3,1,2.861894,2.830736,2.828427,5,0.160000,0.079600,0
45,43.866000,43.786400,-0.079600,3,2,2.002180,1.999173,2.000000,5,0.160000,0.079600,0
46,43.906000,43.826400,-0.079600,3,0,2.014041,2.062397,2.000000,5,0.160000,0.079600,0
46,43.906000,43.826400,-0.079600,3,1,2.843719,2.773614,2.828427,5,0.160000,0.079600,0
46,43.906000,43.826400,-0.079600,3,2,2.060673,2.139629,2.000000,5,0.160000,0.079600,0
47,43.946000,43.866400,-0.079600,3,0,2.003065,1.817990,2.000000,5,0.160000,0.079600,0
47,43.946000,43.866400,-0.079600,3,1,2.835732,2.821772,2.828427,5,0.160000,0.079600,0
47,43.946000,43.866400,-0.079600,3,2,2.052194,2.074300,2.000000,5,0.160000,0.079600,0
48,43.986000,43.906400,-0.079600,3,0,1.999081,2.093772,2.000000,5,0.158000,0.079600,0
48,43.986000,43.906400,-0.079600,3,1,2.831866,2.823821,2.828427,5,0.158000,0.079600,0
48,43.986000,43.906400,-0.079600,3,2,2.057803,2.076114,2.000000,5,0.158000,0.079600,0
49,44.026000,43.946000,-0.080000,3,0,1.977252,1.990416,2.000000,5,0.160000,0.080000,0
49,44.026000,43.946000,-0.080000,3,1,2.803296,2.766538,2.828427,5,0.160000,0.080000,0
49,44.026000,43.946000,-0.080000,3,2,2.078112,2.101343,2.000000,5,0.160000,0.080000,0
50,44.066000,43.986000,-0.080000,3,0,1.981257,1.941708,2.000000,5,0.160000,0.080000,0
50,44.066000,43.986000,-0.080000,3,1,2.803836,2.833437,2.828427,5,0.160000,0.080000,0
50,44.066000,43.986000,-0.080000,3,2,2.078944,2.003337,2.000000,5,0.160000,0.080000,0
51,44.106000,44.026000,-0.080000,3,0,1.957546,1.943845,2.000000,5,0.160000,0.080000,0
51,44.106000,44.026000,-0.080000,3,1,2.826283,2.885847,2.828427,5,0.160000,0.080000,0
51,44.106000,44.026000,-0.080000,3,2,2.031589,1.902852,2.000000,5,0.160000,0.080000,0
52,44.146000,44.066000,-0.080000,3,0,2.001904,2.039781,2.000000,5,0.160000,0.080000,0
52,44.146000,44.066000,-0.080000,3,1,2.835839,2.869554,2.828427,5,0.160000,0.080000,0
52,44.146000,44.066000,-0.080000,3,2,1.996566,1.899184,2.000000,5,0.160000,0.080000,0
53,44.186000,44.106000,-0.080000,3,0,1.984073,2.004616,2.000000,5,0.160000,0.080000,0
53,44.186000,44.106000,-0.080000,3,1,2.866489,2.977072,2.828427,5,0.160000,0.080000,0
53,44.186000,44.106000,-0.080000,3,2,1.982892,2.007744,2.000000,5,0.160000,0.080000,0
54,44.226000,44.146000,-0.080000,3,0,1.965370,1.896899,2.000000,5,0.160000,0.080000,0
54,44.226000,44.146000,-0.080000,3,1,2.891432,2.891250,2.828427,5,0.160000,0.080000,0
54,44.226000,44.146000,-0.080000,3,2,1.945787,1.915817,2.000000,5,0.160000,0.080000,0
55,44.266000,44.186000,-0.080000,3,0,1.996841,2.099065,2.000000,5,0.160000,0.080000,0
55,44.266000,44.186000,-0.080000,3,1,2.877903,2.765792,2.828427,5,0.160000,0.080000,0
55,44.266000,44.186000,-0.080000,3,2,1.944946,1.999134,2.000000,5,0.160000,0.080000,0
56,44.306000,44.226000,-0.080000,3,0,1.991384,1.916561,2.000000,5,0.160000,0.080000,0
56,44.306000,44.226000,-0.080000,3,1,2.919507,3.093868,2.828427,5,0.160000,0.080000,0
56,44.306000,44.226000,-0.080000,3,2,1.941287,1.884555,2.000000,5,0.160000,0.080000,0
57,44.346000,44.266000,-0.080000,3,0,1.962346,1.894587,2.000000,5,0.160000,0.080000,0
57,44.346000,44.266000,-0.080000,3,1,2.911958,2.831807,2.828427,5,0.160000,0.080000,0
57,44.346000,44.266000,-0.080000,3,2,1.983188,2.108693,2.000000,5,0.160000,0.080000,0
58,44.386000,44.306000,-0.080000,3,0,1.987316,2.129468,2.000000,5,0.160000,0.080000,0
58,44.386000,44.306000,-0.080000,3,1,2.882450,2.829532,2.828427,5,0.160000,0.080000,0
58,44.386000,44.306000,-0.080000,3,2,1.979166,1.987632,2.000000,5,0.160000,0.080000,0
59,44.428000,44.346400,-0.081600,3,0,1.980348,1.862059,2.000000,5,0.162000,0.081600,0
59,44.428000,44.346400,-0.081600,3,1,2.881440,2.886198,2.828427,5,0.162000,0.081600,0
59,44.428000,44.346400,-0.081600,3,2,1.987948,1.959727,2.000000,5,0.162000,0.081600,0
60,44.466000,44.386400,-0.079600,3,0,1.982997,2.112309,2.000000,5,0.160000,0.079600,0
60,44.466000,44.386400,-0.079600,3,1,2.874027,2.728728,2.828427,5,0.160000,0.079600,0
60,44.466000,44.386400,-0.079600,3,2,1.993106,2.024924,2.000000,5,0.160000,0.079600,0
61,44.506000,44.426400,-0.079600,3,0,2.029419,2.148673,2.000000,5,0.160000,0.079600,0
61,44.506000,44.426400,-0.079600,3,1,2.821934,2.833405,2.828427,5,0.160000,0.079600,0
61,44.506000,44.426400,-0.079600,3,2,2.026212,2.050084,2.000000,5,0.160000,0.079600,0
62,44.546000,44.466400,-0.079600,3,0,2.021717,1.856076,2.000000,5,0.160000,0.079600,0
62,44.546000,44.466400,-0.079600,3,1,2.824376,2.844018,2.828427,5,0.160000,0.079600,0
62,44.546000,44.466400,-0.079600,3,2,2.001334,1.984301,2.000000,5,0.160000,0.079600,0
63,44.586000,44.506400,-0.079600,3,0,2.000548,2.023623,2.000000,5,0.158000,0.079600,0
63,44.586000,44.506400,-0.079600,3,1,2.816904,2.792171,2.828427,5,0.158000,0.079600,0
63,44.586000,44.506400,-0.079600,3,2,1.989672,1.929321,2.000000,5,0.158000,0.079600,0
64,44.626000,44.546000,-0.080000,3,0,2.020329,1.960963,2.000000,5,0.160000,0.080000,0
64,44.626000,44.546000,-0.080000,3,1,2.815746,2.880407,2.828427,5,0.160000,0.080000,0
64,44.626000,44.546000,-0.080000,3,2,1.963804,1.830388,2.000000,5,0.160000,0.080000,0
65,44.666000,44.586000,-0.080000,3,0,2.002202,2.021673,2.000000,5,0.160000,0.080000,0
65,44.666000,44.586000,-0.080000,3,1,2.832725,2.813626,2.828427,5,0.160000,0.080000,0
65,44.666000,44.586000,-0.080000,3,2,1.969685,2.054328,2.000000,5,0.160000,0.080000,0
66,44.706000,44.626000,-0.080000,3,0,1.984790,2.061615,2.000000,5,0.160000,0.080000,0
66,44.706000,44.626000,-0.080000,3,1,2.848053,2.910046,2.828427,5,0.160000,0.080000,0
66,44.706000,44.626000,-0.080000,3,2,1.944842,1.925873,2.000000,5,0.160000,0.080000,0
67,44.746000,44.666000,-0.080000,3,0,2.015067,2.007460,2.000000,5,0.160000,0.080000,0
67,44.746000,44.666000,-0.080000,3,1,2.839035,2.798925,2.828427,5,0.160000,0.080000,0
67,44.746000,44.666000,-0.080000,3,2,1.938491,1.952547,2.000000,5,0.160000,0.080000,0
68,44.786000,44.706000,-0.080000,3,0,2.008410,1.990337,2.000000,5,0.160000,0.080000,0
68,44.786000,44.706000,-0.080000,3,1,2.866700,2.930496,2.828427,5,0.160000,0.080000,0
68,44.786000,44.706000,-0.080000,3,2,1.950279,1.988259,2.000000,5,0.160000,0.080000,0
69,44.826000,44.746000,-0.080000,3,0,1.973927,1.788551,2.000000,5,0.160000,0.080000,0
69,44.826000,44.746000,-0.080000,3,1,2.872206,2.907935,2.828427,5,0.160000,0.080000,0
69,44.826000,44.746000,-0.080000,3,2,1.970152,1.929755,2.000000,5,0.160000,0.080000,0
70,44.866000,44.786000,-0.080000,3,0,1.993256,2.118315,2.000000,5,0.160000,0.080000,0
70,44.866000,44.786000,-0.080000,3,1,2.876571,2.835452,2.828427,5,0.160000,0.080000,0
70,44.866000,44.786000,-0.080000,3,2,1.933042,1.868776,2.000000,5,0.160000,0.080000,0
71,44.908000,44.826400,-0.081600,3,0,1.990269,2.046683,2.000000,5,0.162000,0.081600,0
71,44.908000,44.826400,-0.081600,3,1,2.849693,2.775655,2.828427,5,0.162000,0.081600,0
71,44.908000,44.826400,-0.081600,3,2,1.954452,2.032921,2.000000,5,0.162000,0.081600,0
72,44.946000,44.866400,-0.079600,3,0,2.012427,2.118250,2.000000,5,0.160000,0.079600,0
72,44.946000,44.866400,-0.079600,3,1,2.869577,2.898345,2.828427,5,0.160000,0.079600,0
73,44.986000,44.906400,-0.079600,3,0,2.037123,2.113816,2.000000,5,0.160000,0.079600,0
73,44.986000,44.906400,-0.079600,3,1,2.857003,2.867629,2.828427,5,0.160000,0.079600,0
73,44.986000,44.874400,-0.111600,3,2,1.984320,2.101887,2.000000,5,0.200000,0.111600,0
74,45.026000,44.946400,-0.079600,3,0,2.076106,1.983465,2.000000,5,0.160000,0.079600,0
74,45.026000,44.946400,-0.079600,3,1,2.852904,2.887441,2.828427,5,0.160000,0.079600,0
74,45.026000,44.922400,-0.103600,3,2,1.968230,1.907811,2.000000,5,0.200000,0.103600,0
75,45.066000,44.986400,-0.079600,3,0,2.061408,2.044824,2.000000,5,0.158000,0.079600,0
75,45.066000,44.986400,-0.079600,3,1,2.859314,2.867498,2.828427,5,0.158000,0.079600,0
75,45.066000,44.970400,-0.095600,3,2,1.974091,1.959059,2.000000,5,0.200000,0.095600,0
76,45.106000,45.026000,-0.080000,3,0,2.052871,2.004000,2.000000,5,0.160000,0.080000,0
76,45.106000,45.026000,-0.080000,3,1,2.870445,2.831312,2.828427,5,0.160000,0.080000,0
76,45.106000,45.018400,-0.087600,3,2,2.024598,2.121314,2.000000,5,0.198000,0.087600,0
77,45.146000,45.066000,-0.080000,3,0,2.029005,1.998921,2.000000,5,0.160000,0.080000,0
77,45.146000,45.066000,-0.080000,3,1,2.864306,2.867647,2.828427,5,0.160000,0.080000,0
77,45.146000,45.066000,-0.080000,3,2,2.000146,1.910657,2.000000,5,0.160000,0.080000,0
78,45.186000,45.106000,-0.080000,3,0,2.015643,2.047008,2.000000,5,0.160000,0.080000,0
78,45.186000,45.106000,-0.080000,3,1,2.865956,2.875881,2.828427,5,0.160000,0.080000,0
78,45.186000,45.106000,-0.080000,3,2,1.975405,1.978183,2.000000,5,0.160000,0.080000,0
79,45.226000,45.146000,-0.080000,3,0,2.019275,2.001623,2.000000,5,0.160000,0.080000,0
79,45.226000,45.146000,-0.080000,3,1,2.842561,2.770465,2.828427,5,0.160000,0.080000,0
79,45.226000,45.146000,-0.080000,3,2,1.978546,1.923518,2.000000,5,0.160000,0.080000,0
80,45.266000,45.186000,-0.080000,3,0,2.043416,2.165527,2.000000,5,0.160000,0.080000,0
80,45.266000,45.186000,-0.080000,3,1,2.795336,2.631373,2.828427,5,0.160000,0.080000,0
80,45.266000,45.186000,-0.080000,3,2,2.001369,2.073170,2.000000,5,0.160000,0.080000,0
81,45.306000,45.226000,-0.080000,3,0,2.030060,1.937220,2.000000,5,0.160000,0.080000,0
81,45.306000,45.226000,-0.080000,3,1,2.796952,2.839394,2.828427,5,0.160000,0.080000,0
81,45.306000,45.226000,-0.080000,3,2,1.958428,1.906612,2.000000,5,0.160000,0.080000,0
82,45.346000,45.266000,-0.080000,3,0,2.022347,1.960356,2.000000,5,0.160000,0.080000,0
82,45.346000,45.266000,-0.080000,3,1,2.785125,2.808512,2.828427,5,0.160000,0.080000,0
82,45.346000,45.266000,-0.080000,3,2,1.973210,1.984568,2.000000,5,0.160000,0.080000,0
83,45.394000,45.307600,-0.086400,3,0,1.998318,1.926865,2.000000,5,0.168000,0.086400,0
83,45.394000,45.307600,-0.086400,3,1,2.753513,2.717823,2.828427,5,0.168000,0.086400,0
83,45.394000,45.307600,-0.086400,3,2,1.977776,2.001009,2.000000,5,0.168000,0.086400,0
84,45.428000,45.348000,-0.080000,3,0,1.999368,2.006872,2.000000,5,0.162000,0.080000,0
84,45.428000,45.348000,-0.080000,3,1,2.753136,2.768575,2.828427,5,0.162000,0.080000,0
84,45.428000,45.348000,-0.080000,3,2,2.018050,2.124893,2.000000,5,0.162000,0.080000,0
85,45.466000,45.388000,-0.078000,3,0,1.975609,2.046731,2.000000,5,0.160000,0.078000,0
85,45.466000,45.388000,-0.078000,3,1,2.807007,2.900730,2.828427,5,0.160000,0.078000,0
85,45.466000,45.388000,-0.078000,3,2,2.012249,2.044161,2.000000,5,0.160000,0.078000,0
86,45.510000,45.428800,-0.081200,3,0,1.968313,1.900743,2.000000,5,0.164000,0.081200,0
86,45.510000,45.428800,-0.081200,3,1,2.797483,2.791773,2.828427,5,0.164000,0.081200,0
86,45.510000,45.428800,-0.081200,3,2,2.027135,1.981045,2.000000,5,0.164000,0.081200,0
87,45.548000,45.469200,-0.078800,3,0,1.988774,2.062660,2.000000,5,0.154000,0.078800,0
87,45.548000,45.469200,-0.078800,3,1,2.801116,2.826679,2.828427,5,0.154000,0.078800,0
87,45.548000,45.469200,-0.078800,3,2,2.007908,1.888431,2.000000,5,0.154000,0.078800,0
88,45.586000,45.507600,-0.078400,3,0,2.008939,2.027687,2.000000,5,0.158000,0.078400,0
88,45.586000,45.507600,-0.078400,3,1,2.816641,2.795448,2.828427,5,0.158000,0.078400,0
88,45.586000,45.507600,-0.078400,3,2,2.000002,1.961482,2.000000,5,0.158000,0.078400,0
89,45.626000,45.547200,-0.078800,3,0,2.004975,1.987054,2.000000,5,0.160000,0.078800,0
89,45.626000,45.547200,-0.078800,3,1,2.823559,2.803163,2.828427,5,0.160000,0.078800,0
89,45.626000,45.547200,-0.078800,3,2,1.952491,1.887337,2.000000,5,0.160000,0.078800,0
90,45.666000,45.587200,-0.078800,3,0,1.999286,2.018288,2.000000,5,0.156000,0.078800,0
90,45.666000,45.587200,-0.078800,3,1,2.817313,2.869500,2.828427,5,0.156000,0.078800,0
90,45.666000,45.587200,-0.078800,3,2,1.928314,1.923274,2.000000,5,0.156000,0.078800,0
91,45.706000,45.626400,-0.079600,3,0,2.019455,2.001586,2.000000,5,0.158000,0.079600,0
91,45.706000,45.626400,-0.079600,3,1,2.822691,2.818666,2.828427,5,0.158000,0.079600,0
91,45.706000,45.626400,-0.079600,3,2,1.939893,2.038942,2.000000,5,0.158000,0.079600,0
92,45.746000,45.666000,-0.080000,3,0,2.025219,2.091480,2.000000,5,0.160000,0.080000,0
92,45.746000,45.666000,-0.080000,3,1,2.823261,2.829528,2.828427,5,0.160000,0.080000,0
92,45.746000,45.666000,-0.080000,3,2,1.943576,1.906844,2.000000,5,0.160000,0.080000,0
93,45.786000,45.706000,-0.080000,3,0,2.014877,1.975978,2.000000,5,0.160000,0.080000,0
93,45.786000,45.706000,-0.080000,3,1,2.855984,2.959061,2.828427,5,0.160000,0.080000,0
93,45.786000,45.706000,-0.080000,3,2,1.943899,1.963098,2.000000,5,0.160000,0.080000,0
94,45.826000,45.746000,-0.080000,3,0,2.006726,1.946299,2.000000,5,0.160000,0.080000,0
94,45.826000,45.746000,-0.080000,3,1,2.856325,2.804871,2.828427,5,0.160000,0.080000,0
94,45.826000,45.746000,-0.080000,3,2,1.971335,2.024517,2.000000,5,0.160000,0.080000,0
95,45.866000,45.786000,-0.080000,3,0,2.018799,2.078654,2.000000,5,0.160000,0.080000,0
95,45.866000,45.786000,-0.080000,3,1,2.829466,2.735202,2.828427,5,0.160000,0.080000,0
95,45.866000,45.786000,-0.080000,3,2,1.990240,2.017799,2.000000,5,0.160000,0.080000,0
96,45.906000,45.826000,-0.080000,3,0,1.998928,1.902229,2.000000,5,0.160000,0.080000,0
96,45.906000,45.826000,-0.080000,3,1,2.835063,2.846651,2.828427,5,0.160000,0.080000,0
96,45.906000,45.826000,-0.080000,3,2,1.978484,1.980163,2.000000,5,0.160000,0.080000,0
97,45.946000,45.866000,-0.080000,3,0,1.971288,1.953282,2.000000,5,0.160000,0.080000,0
97,45.946000,45.866000,-0.080000,3,1,2.831026,2.809348,2.828427,5,0.160000,0.080000,0
97,45.946000,45.866000,-0.080000,3,2,1.994952,1.989184,2.000000,5,0.160000,0.080000,0
98,45.986000,45.906000,-0.080000,3,0,1.961012,1.924594,2.000000,5,0.160000,0.080000,0
98,45.986000,45.906000,-0.080000,3,1,2.799214,2.799998,2.828427,5,0.160000,0.080000,0
98,45.986000,45.906000,-0.080000,3,2,1.994150,1.959089,2.000000,5,0.160000,0.080000,0
99,46.026000,45.946000,-0.080000,3,0,1.982460,2.053543,2.000000,5,0.160000,0.080000,0
99,46.026000,45.946000,-0.080000,3,1,2.810277,2.860185,2.828427,5,0.160000,0.080000,0
99,46.026000,45.946000,-0.080000,3,2,1.980781,1.957670,2.000000,5,0.160000,0.080000,0
100,46.066000,45.986000,-0.080000,3,0,1.977829,2.055498,2.000000,5,0.160000,0.080000,0
100,46.066000,45.986000,-0.080000,3,1,2.818325,2.775445,2.828427,5,0.160000,0.080000,0
100,46.066000,45.986000,-0.080000,3,2,1.992883,2.078309,2.000000,5,0.160000,0.080000,0
101,46.106000,46.026000,-0.080000,3,0,1.990467,1.965416,2.000000,5,0.160000,0.080000,0
101,46.106000,46.026000,-0.080000,3,1,2.792901,2.719529,2.828427,5,0.160000,0.080000,0
101,46.106000,46.026000,-0.080000,3,2,2.010136,2.066427,2.000000,5,0.160000,0.080000,0
102,46.146000,46.066000,-0.080000,3,0,1.981383,1.907865,2.000000,5,0.160000,0.080000,0
102,46.146000,46.066000,-0.080000,3,1,2.793936,2.814524,2.828427,5,0.160000,0.080000,0
102,46.146000,46.066000,-0.080000,3,2,2.025796,2.067486,2.000000,5,0.160000,0.080000,0
103,46.186000,46.106000,-0.080000,3,0,1.985005,1.942704,2.000000,5,0.160000,0.080000,0
103,46.186000,46.106000,-0.080000,3,1,2.786128,2.760955,2.828427,5,0.160000,0.080000,0
103,46.186000,46.106000,-0.080000,3,2,2.016023,1.910224,2.000000,5,0.160000,0.080000,0
104,46.226000,46.146000,-0.080000,3,0,1.975465,2.005842,2.000000,5,0.160000,0.080000,0
104,46.226000,46.146000,-0.080000,3,1,2.772995,2.794521,2.828427,5,0.160000,0.080000,0
104,46.226000,46.146000,-0.080000,3,2,2.037364,2.064373,2.000000,5,0.160000,0.080000,0
105,46.266000,46.186000,-0.080000,3,0,1.980349,2.079920,2.000000,5,0.160000,0.080000,0
105,46.266000,46.186000,-0.080000,3,1,2.786342,2.842183,2.828427,5,0.160000,0.080000,0
105,46.266000,46.186000,-0.080000,3,2,2.011233,1.947656,2.000000,5,0.160000,0.080000,0
106,46.306000,46.226000,-0.080000,3,0,1.989796,2.012649,2.000000,5,0.160000,0.080000,0
106,46.306000,46.226000,-0.080000,3,1,2.796462,2.770125,2.828427,5,0.160000,0.080000,0
106,46.306000,46.226000,-0.080000,3,2,2.020867,2.114598,2.000000,5,0.160000,0.080000,0
107,46.346000,46.266000,-0.080000,3,0,2.002230,1.970034,2.000000,5,0.160000,0.080000,0
107,46.346000,46.266000,-0.080000,3,1,2.792109,2.792763,2.828427,5,0.160000,0.080000,0
107,46.346000,46.266000,-0.080000,3,2,2.025222,2.089260,2.000000,5,0.160000,0.080000,0
108,46.386000,46.306000,-0.080000,3,0,2.012994,1.996526,2.000000,5,0.160000,0.080000,0
108,46.386000,46.306000,-0.080000,3,1,2.789148,2.746151,2.828427,5,0.160000,0.080000,0
108,46.386000,46.306000,-0.080000,3,2,2.048764,2.027935,2.000000,5,0.160000,0.080000,0
109,46.426000,46.346000,-0.080000,3,0,2.010418,1.992961,2.000000,5,0.160000,0.080000,0
109,46.426000,46.346000,-0.080000,3,1,2.779879,2.748173,2.828427,5,0.160000,0.080000,0
109,46.426000,46.346000,-0.080000,3,2,2.029980,1.970449,2.000000,5,0.160000,0.080000,0
110,46.468000,46.386400,-0.081600,3,0,1.997160,2.013629,2.000000,5,0.162000,0.081600,0
110,46.468000,46.386400,-0.081600,3,1,2.795313,2.919354,2.828427,5,0.162000,0.081600,0
110,46.468000,46.386400,-0.081600,3,2,2.044435,2.019934,2.000000,5,0.162000,0.081600,0
111,46.506000,46.426400,-0.079600,3,0,2.022708,2.140392,2.000000,5,0.160000,0.079600,0
111,46.506000,46.426400,-0.079600,3,1,2.798845,2.787783,2.828427,5,0.160000,0.079600,0
111,46.506000,46.426400,-0.079600,3,2,2.003754,1.911194,2.000000,5,0.160000,0.079600,0
112,46.546000,46.466400,-0.079600,3,0,2.023749,1.975236,2.000000,5,0.160000,0.079600,0
112,46.546000,46.466400,-0.079600,3,1,2.775016,2.673621,2.828427,5,0.160000,0.079600,0
112,46.546000,46.466400,-0.079600,3,2,1.974289,1.941934,2.000000,5,0.160000,0.079600,0
113,46.586000,46.506400,-0.079600,3,0,2.030654,2.031054,2.000000,5,0.160000,0.079600,0
113,46.586000,46.506400,-0.079600,3,1,2.820232,2.972230,2.828427,5,0.160000,0.079600,0
113,46.586000,46.506400,-0.079600,3,2,1.988509,2.099032,2.000000,5,0.160000,0.079600,0
114,46.626000,46.546400,-0.079600,3,0,2.021453,1.946956,2.000000,5,0.158000,0.079600,0
114,46.626000,46.546400,-0.079600,3,1,2.828724,2.790632,2.828427,5,0.158000,0.079600,0
114,46.626000,46.546400,-0.079600,3,2,1.993949,1.997652,2.000000,5,0.158000,0.079600,0
115,46.666000,46.586000,-0.080000,3,0,2.009551,1.954116,2.000000,5,0.160000,0.080000,0
115,46.666000,46.586000,-0.080000,3,1,2.757143,2.561450,2.828427,5,0.160000,0.080000,0
115,46.666000,46.586000,-0.080000,3,2,1.958066,1.840515,2.000000,5,0.160000,0.080000,0
116,46.706000,46.626000,-0.080000,3,0,1.989954,2.042406,2.000000,5,0.160000,0.080000,0
116,46.706000,46.626000,-0.080000,3,1,2.758670,2.795415,2.828427,5,0.160000,0.080000,0
116,46.706000,46.626000,-0.080000,3,2,1.954107,1.891401,2.000000,5,0.160000,0.080000,0
117,46.746000,46.666000,-0.080000,3,0,2.000707,2.029004,2.000000,5,0.160000,0.080000,0
117,46.746000,46.666000,-0.080000,3,1,2.798033,2.870440,2.828427,5,0.160000,0.080000,0
117,46.746000,46.666000,-0.080000,3,2,1.964613,1.994466,2.000000,5,0.160000,0.080000,0
118,46.786000,46.706000,-0.080000,3,0,2.031836,2.186697,2.000000,5,0.160000,0.080000,0
118,46.786000,46.706000,-0.080000,3,1,2.795146,2.957792,2.828427,5,0.160000,0.080000,0
118,46.786000,46.706000,-0.080000,3,2,1.946019,2.006059,2.000000,5,0.160000,0.080000,0
119,46.826000,46.746000,-0.080000,3,0,2.043980,2.007675,2.000000,5,0.160000,0.080000,0
119,46.826000,46.746000,-0.080000,3,1,2.805205,2.840926,2.828427,5,0.160000,0.080000,0
119,46.826000,46.746000,-0.080000,3,2,1.970763,2.121375,2.000000,5,0.160000,0.080000,0
120,46.866000,46.786000,-0.080000,3,0,2.031456,1.891499,2.000000,5,0.160000,0.080000,0
120,46.866000,46.786000,-0.080000,3,1,2.875896,2.914907,2.828427,5,0.160000,0.080000,0
120,46.866000,46.786000,-0.080000,3,2,1.999410,1.983750,2.000000,5,0.160000,0.080000,0
121,46.906000,46.826000,-0.080000,3,0,2.052563,2.147941,2.000000,5,0.160000,0.080000,0
121,46.906000,46.826000,-0.080000,3,1,2.881144,2.821656,2.828427,5,0.160000,0.080000,0
121,46.906000,46.826000,-0.080000,3,2,2.016774,1.978220,2.000000,5,0.160000,0.080000,0
122,46.946000,46.866000,-0.080000,3,0,2.047294,2.002658,2.000000,5,0.160000,0.080000,0
122,46.946000,46.866000,-0.080000,3,1,2.877568,2.852561,2.828427,5,0.160000,0.080000,0
122,46.946000,46.866000,-0.080000,3,2,2.030891,2.065049,2.000000,5,0.160000,0.080000,0
123,46.986000,46.906000,-0.080000,3,0,1.998758,1.944020,2.000000,5,0.160000,0.080000,0
123,46.986000,46.906000,-0.080000,3,1,2.861797,2.878936,2.828427,5,0.160000,0.080000,0
123,46.986000,46.906000,-0.080000,3,2,2.025839,1.980800,2.000000,5,0.160000,0.080000,0
124,47.026000,46.946000,-0.080000,3,0,1.989869,1.963226,2.000000,5,0.160000,0.080000,0
124,47.026000,46.946000,-0.080000,3,1,2.884525,2.954566,2.828427,5,0.160000,0.080000,0
124,47.026000,46.946000,-0.080000,3,2,2.002261,2.003486,2.000000,5,0.160000,0.080000,0
125,47.066000,46.986000,-0.080000,3,0,2.018469,2.034500,2.000000,5,0.160000,0.080000,0
125,47.066000,46.986000,-0.080000,3,1,2.881575,2.900159,2.828427,5,0.160000,0.080000,0
125,47.066000,46.986000,-0.080000,3,2,1.998816,1.966524,2.000000,5,0.160000,0.080000,0
126,47.106000,47.026000,-0.080000,3,0,1.969933,1.905262,2.000000,5,0.160000,0.080000,0
126,47.106000,47.026000,-0.080000,3,1,2.879011,2.808837,2.828427,5,0.160000,0.080000,0
126,47.106000,47.026000,-0.080000,3,2,1.996533,1.966805,2.000000,5,0.160000,0.080000,0
127,47.146000,47.066000,-0.080000,3,0,1.953510,1.920541,2.000000,5,0.160000,0.080000,0
127,47.146000,47.066000,-0.080000,3,1,2.882852,2.871761,2.828427,5,0.160000,0.080000,0
127,47.146000,47.066000,-0.080000,3,2,1.991756,2.041163,2.000000,5,0.160000,0.080000,0
128,47.186000,47.106000,-0.080000,3,0,1.924752,1.800230,2.000000,5,0.160000,0.080000,0
128,47.186000,47.106000,-0.080000,3,1,2.883264,2.880998,2.828427,5,0.160000,0.080000,0
128,47.186000,47.106000,-0.080000,3,2,2.012845,2.086245,2.000000,5,0.160000,0.080000,0
129,47.226000,47.146000,-0.080000,3,0,1.922915,1.954040,2.000000,5,0.160000,0.080000,0
129,47.226000,47.146000,-0.080000,3,1,2.841871,2.747599,2.828427,5,0.160000,0.080000,0
129,47.226000,47.146000,-0.080000,3,2,2.022957,2.054047,2.000000,5,0.160000,0.080000,0
130,47.266000,47.186000,-0.080000,3,0,1.914991,1.994883,2.000000,5,0.160000,0.080000,0
130,47.266000,47.186000,-0.080000,3,1,2.813360,2.757605,2.828427,5,0.160000,0.080000,0
130,47.266000,47.186000,-0.080000,3,2,2.043874,2.071109,2.000000,5,0.160000,0.080000,0
131,47.306000,47.226000,-0.080000,3,0,1.946647,2.063538,2.000000,5,0.160000,0.080000,0
131,47.306000,47.226000,-0.080000,3,1,2.821361,2.848843,2.828427,5,0.160000,0.080000,0
131,47.306000,47.226000,-0.080000,3,2,2.035889,1.926879,2.000000,5,0.160000,0.080000,0
132,47.346000,47.266000,-0.080000,3,0,1.960804,1.991328,2.000000,5,0.160000,0.080000,0
132,47.346000,47.266000,-0.080000,3,1,2.803006,2.779984,2.828427,5,0.160000,0.080000,0
132,47.346000,47.266000,-0.080000,3,2,2.049862,2.111030,2.000000,5,0.160000,0.080000,0
133,47.386000,47.306000,-0.080000,3,0,1.978174,1.887082,2.000000,5,0.160000,0.080000,0
133,47.386000,47.306000,-0.080000,3,1,2.785658,2.794260,2.828427,5,0.160000,0.080000,0
133,47.386000,47.306000,-0.080000,3,2,2.029939,1.986631,2.000000,5,0.160000,0.080000,0
134,47.426000,47.346000,-0.080000,3,0,1.981117,1.968753,2.000000,5,0.160000,0.080000,0
134,47.426000,47.346000,-0.080000,3,1,2.788465,2.761630,2.828427,5,0.160000,0.080000,0
134,47.426000,47.346000,-0.080000,3,2,2.019666,2.002682,2.000000,5,0.160000,0.080000,0
135,47.466000,47.386000,-0.080000,3,0,1.979886,1.988730,2.000000,5,0.160000,0.080000,0
135,47.466000,47.386000,-0.080000,3,1,2.835240,2.991483,2.828427,5,0.160000,0.080000,0
135,47.466000,47.386000,-0.080000,3,2,2.004107,1.993314,2.000000,5,0.160000,0.080000,0
136,47.506000,47.426000,-0.080000,3,0,1.952070,1.924457,2.000000,5,0.160000,0.080000,0
136,47.506000,47.426000,-0.080000,3,1,2.817580,2.760544,2.828427,5,0.160000,0.080000,0
136,47.506000,47.426000,-0.080000,3,2,1.999276,1.902723,2.000000,5,0.160000,0.080000,0
137,47.546000,47.466000,-0.080000,3,0,1.982948,2.145717,2.000000,5,0.160000,0.080000,0
137,47.546000,47.466000,-0.080000,3,1,2.830116,2.842663,2.828427,5,0.160000,0.080000,0
137,47.546000,47.466000,-0.080000,3,2,1.986959,2.049445,2.000000,5,0.160000,0.080000,0
138,47.586000,47.506000,-0.080000,3,0,2.010598,2.025333,2.000000,5,0.160000,0.080000,0
138,47.586000,47.506000,-0.080000,3,1,2.826924,2.778301,2.828427,5,0.160000,0.080000,0
138,47.586000,47.506000,-0.080000,3,2,1.964064,1.872154,2.000000,5,0.160000,0.080000,0
139,47.626000,47.546000,-0.080000,3,0,1.984000,1.835762,2.000000,5,0.160000,0.080000,0
139,47.626000,47.546000,-0.080000,3,1,2.818592,2.719972,2.828427,5,0.160000,0.080000,0
139,47.626000,47.546000,-0.080000,3,2,1.912991,1.747318,2.000000,5,0.160000,0.080000,0
140,47.666000,47.586000,-0.080000,3,0,1.990871,2.023085,2.000000,5,0.160000,0.080000,0
140,47.666000,47.586000,-0.080000,3,1,2.745503,2.626036,2.828427,5,0.160000,0.080000,0
140,47.666000,47.586000,-0.080000,3,2,1.917368,2.015200,2.000000,5,0.160000,0.080000,0
141,47.706000,47.626000,-0.080000,3,0,2.010761,2.023910,2.000000,5,0.160000,0.080000,0
141,47.706000,47.626000,-0.080000,3,1,2.766046,2.863260,2.828427,5,0.160000,0.080000,0
141,47.706000,47.626000,-0.080000,3,2,1.950779,2.069778,2.000000,5,0.160000,0.080000,0
142,47.750000,47.666800,-0.083200,3,0,1.964646,1.915139,2.000000,5,0.164000,0.083200,0
142,47.750000,47.666800,-0.083200,3,1,2.780719,2.916028,2.828427,5,0.164000,0.083200,0
142,47.750000,47.666800,-0.083200,3,2,1.929501,1.943054,2.000000,5,0.164000,0.083200,0
143,47.786000,47.706800,-0.079200,3,0,1.943769,1.920951,2.000000,5,0.160000,0.079200,0
143,47.786000,47.706800,-0.079200,3,1,2.806610,2.907757,2.828427,5,0.160000,0.079200,0
143,47.786000,47.706800,-0.079200,3,2,1.956701,2.008153,2.000000,5,0.160000,0.079200,0
144,47.826000,47.746800,-0.079200,3,0,1.990685,2.070339,2.000000,5,0.160000,0.079200,0
144,47.826000,47.746800,-0.079200,3,1,2.813303,2.753435,2.828427,5,0.160000,0.079200,0
144,47.826000,47.746800,-0.079200,3,2,2.033527,2.131449,2.000000,5,0.160000,0.079200,0
145,47.866000,47.786800,-0.079200,3,0,2.002098,2.080152,2.000000,5,0.160000,0.079200,0
145,47.866000,47.786800,-0.079200,3,1,2.880716,2.963102,2.828427,5,0.160000,0.079200,0
145,47.866000,47.786800,-0.079200,3,2,2.059990,2.147519,2.000000,5,0.160000,0.079200,0
146,47.906000,47.826800,-0.079200,3,0,1.999545,2.011144,2.000000,5,0.156000,0.079200,0
146,47.906000,47.826800,-0.079200,3,1,2.855278,2.736068,2.828427,5,0.156000,0.079200,0
146,47.906000,47.826800,-0.079200,3,2,2.073248,2.136067,2.000000,5,0.156000,0.079200,0
147,47.946000,47.866000,-0.080000,3,0,2.025392,2.044375,2.000000,5,0.160000,0.080000,0
147,47.946000,47.866000,-0.080000,3,1,2.859418,2.936729,2.828427,5,0.160000,0.080000,0
147,47.946000,47.866000,-0.080000,3,2,2.083697,1.995299,2.000000,5,0.160000,0.080000,0
148,47.986000,47.906000,-0.080000,3,0,2.031454,1.951258,2.000000,5,0.160000,0.080000,0
148,47.986000,47.906000,-0.080000,3,1,2.857075,2.896040,2.828427,5,0.160000,0.080000,0
148,47.986000,47.906000,-0.080000,3,2,2.089459,2.036963,2.000000,5,0.160000,0.080000,0
149,48.026000,47.946000,-0.080000,3,0,2.024896,2.037553,2.000000,5,0.160000,0.080000,0
149,48.026000,47.946000,-0.080000,3,1,2.894293,2.939525,2.828427,5,0.160000,0.080000,0
149,48.026000,47.946000,-0.080000,3,2,2.040479,1.886548,2.000000,5,0.160000,0.080000,0
150,48.066000,47.986000,-0.080000,3,0,2.014786,2.029599,2.000000,5,0.160000,0.080000,0
150,48.066000,47.986000,-0.080000,3,1,2.873740,2.860339,2.828427,5,0.160000,0.080000,0
150,48.066000,47.986000,-0.080000,3,2,1.991559,1.902917,2.000000,5,0.160000,0.080000,0
151,48.108000,48.026400,-0.081600,3,0,2.025200,2.063216,2.000000,5,0.162000,0.081600,0
151,48.108000,48.026400,-0.081600,3,1,2.900920,2.871968,2.828427,5,0.162000,0.081600,0
151,48.108000,48.026400,-0.081600,3,2,1.965070,2.003624,2.000000,5,0.162000,0.081600,0
152,48.146000,48.066400,-0.079600,3,0,2.004146,1.939105,2.000000,5,0.160000,0.079600,0
152,48.146000,48.066400,-0.079600,3,1,2.882272,2.843488,2.828427,5,0.160000,0.079600,0
152,48.146000,48.066400,-0.079600,3,2,1.938628,1.863090,2.000000,5,0.160000,0.079600,0
153,48.186000,48.106400,-0.079600,3,0,1.995960,1.910328,2.000000,5,0.160000,0.079600,0
153,48.186000,48.106400,-0.079600,3,1,2.854586,2.757609,2.828427,5,0.160000,0.079600,0
153,48.186000,48.106400,-0.079600,3,2,1.902892,1.858280,2.000000,5,0.160000,0.079600,0
154,48.226000,48.146400,-0.079600,3,0,1.964332,1.879412,2.000000,5,0.160000,0.079600,0
154,48.226000,48.146400,-0.079600,3,1,2.825811,2.795649,2.828427,5,0.160000,0.079600,0
154,48.226000,48.146400,-0.079600,3,2,1.947802,2.111099,2.000000,5,0.160000,0.079600,0
155,48.266000,48.186400,-0.079600,3,0,1.959790,2.006891,2.000000,5,0.158000,0.079600,0
155,48.266000,48.186400,-0.079600,3,1,2.815705,2.809810,2.828427,5,0.158000,0.079600,0
155,48.266000,48.186400,-0.079600,3,2,1.974106,2.034437,2.000000,5,0.158000,0.079600,0
156,48.306000,48.226000,-0.080000,3,0,1.952068,2.024603,2.000000,5,0.160000,0.080000,0
156,48.306000,48.226000,-0.080000,3,1,2.819014,2.888516,2.828427,5,0.160000,0.080000,0
156,48.306000,48.226000,-0.080000,3,2,1.977591,2.021051,2.000000,5,0.160000,0.080000,0
157,48.346000,48.266000,-0.080000,3,0,1.983350,2.095517,2.000000,5,0.160000,0.080000,0
157,48.346000,48.266000,-0.080000,3,1,2.793603,2.716433,2.828427,5,0.160000,0.080000,0
157,48.346000,48.266000,-0.080000,3,2,2.011340,2.031831,2.000000,5,0.160000,0.080000,0
158,48.386000,48.306000,-0.080000,3,0,1.975240,1.869777,2.000000,5,0.160000,0.080000,0
158,48.386000,48.306000,-0.080000,3,1,2.819761,2.888398,2.828427,5,0.160000,0.080000,0
158,48.386000,48.306000,-0.080000,3,2,2.055784,2.080502,2.000000,5,0.160000,0.080000,0
159,48.426000,48.346000,-0.080000,3,0,2.011507,2.060745,2.000000,5,0.160000,0.080000,0
159,48.426000,48.346000,-0.080000,3,1,2.846088,2.927282,2.828427,5,0.160000,0.080000,0
159,48.426000,48.346000,-0.080000,3,2,2.033864,2.001497,2.000000,5,0.160000,0.080000,0
160,48.466000,48.386000,-0.080000,3,0,2.008044,1.989581,2.000000,5,0.160000,0.080000,0
160,48.466000,48.386000,-0.080000,3,1,2.883242,2.995580,2.828427,5,0.160000,0.080000,0
160,48.466000,48.386000,-0.080000,3,2,2.048157,2.105903,2.000000,5,0.160000,0.080000,0
161,48.506000,48.426000,-0.080000,3,0,2.000068,1.984719,2.000000,5,0.160000,0.080000,0
161,48.506000,48.426000,-0.080000,3,1,2.876367,2.854140,2.828427,5,0.160000,0.080000,0
161,48.506000,48.426000,-0.080000,3,2,2.044598,2.003255,2.000000,5,0.160000,0.080000,0
162,48.546000,48.466000,-0.080000,3,0,1.976267,1.976513,2.000000,5,0.160000,0.080000,0
162,48.546000,48.466000,-0.080000,3,1,2.916725,2.918224,2.828427,5,0.160000,0.080000,0
162,48.546000,48.466000,-0.080000,3,2,2.016121,1.889448,2.000000,5,0.160000,0.080000,0
163,48.586000,48.506000,-0.080000,3,0,2.002344,2.000161,2.000000,5,0.160000,0.080000,0
163,48.586000,48.506000,-0.080000,3,1,2.920817,2.908860,2.828427,5,0.160000,0.080000,0
163,48.586000,48.506000,-0.080000,3,2,2.010842,2.054105,2.000000,5,0.160000,0.080000,0
164,48.626000,48.546000,-0.080000,3,0,1.991611,2.007081,2.000000,5,0.160000,0.080000,0
164,48.626000,48.546000,-0.080000,3,1,2.909991,2.873150,2.828427,5,0.160000,0.080000,0
164,48.626000,48.546000,-0.080000,3,2,2.006713,1.980853,2.000000,5,0.160000,0.080000,0
165,48.666000,48.586000,-0.080000,3,0,1.985007,1.956560,2.000000,5,0.160000,0.080000,0
165,48.666000,48.586000,-0.080000,3,1,2.882212,2.856687,2.828427,5,0.160000,0.080000,0
165,48.666000,48.586000,-0.080000,3,2,1.994723,2.045951,2.000000,5,0.160000,0.080000,0
166,48.706000,48.626000,-0.080000,3,0,1.972712,1.923244,2.000000,5,0.160000,0.080000,0
166,48.706000,48.626000,-0.080000,3,1,2.875146,2.818811,2.828427,5,0.160000,0.080000,0
166,48.706000,48.626000,-0.080000,3,2,2.002287,2.041078,2.000000,5,0.160000,0.080000,0
167,48.746000,48.666000,-0.080000,3,0,1.961902,1.922465,2.000000,5,0.160000,0.080000,0
167,48.746000,48.666000,-0.080000,3,1,2.859088,2.837934,2.828427,5,0.160000,0.080000,0
167,48.746000,48.666000,-0.080000,3,2,2.014567,1.950848,2.000000,5,0.160000,0.080000,0
168,48.786000,48.706000,-0.080000,3,0,1.966112,2.021208,2.000000,5,0.160000,0.080000,0
168,48.786000,48.706000,-0.080000,3,1,2.869464,2.960738,2.828427,5,0.160000,0.080000,0
168,48.786000,48.706000,-0.080000,3,2,2.028811,2.125324,2.000000,5,0.160000,0.080000,0
169,48.826000,48.746000,-0.080000,3,0,1.956119,1.957120,2.000000,5,0.160000,0.080000,0
169,48.826000,48.746000,-0.080000,3,1,2.876802,2.909840,2.828427,5,0.160000,0.080000,0
169,48.826000,48.746000,-0.080000,3,2,2.025585,1.964721,2.000000,5,0.160000,0.080000,0
170,48.866000,48.786000,-0.080000,3,0,1.925623,1.804079,2.000000,5,0.160000,0.080000,0
170,48.866000,48.786000,-0.080000,3,1,2.874411,2.844733,2.828427,5,0.160000,0.080000,0
170,48.866000,48.786000,-0.080000,3,2,2.016217,1.999113,2.000000,5,0.160000,0.080000,0
171,48.906000,48.826000,-0.080000,3,0,1.937016,1.980207,2.000000,5,0.160000,0.080000,0
171,48.906000,48.826000,-0.080000,3,1,2.855375,2.723631,2.828427,5,0.160000,0.080000,0
171,48.906000,48.826000,-0.080000,3,2,2.021655,2.068266,2.000000,5,0.160000,0.080000,0
172,48.946000,48.866000,-0.080000,3,0,1.959140,2.033086,2.000000,5,0.160000,0.080000,0
172,48.946000,48.866000,-0.080000,3,1,2.879523,2.958671,2.828427,5,0.160000,0.080000,0
172,48.946000,48.866000,-0.080000,3,2,2.046372,2.074432,2.000000,5,0.160000,0.080000,0
173,48.986000,48.906000,-0.080000,3,0,1.949683,1.973922,2.000000,5,0.160000,0.080000,0
173,48.986000,48.906000,-0.080000,3,1,2.867351,2.899880,2.828427,5,0.160000,0.080000,0
173,48.986000,48.906000,-0.080000,3,2,2.033917,2.063051,2.000000,5,0.160000,0.080000,0
174,49.026000,48.946000,-0.080000,3,0,1.963078,2.024097,2.000000,5,0.160000,0.080000,0
174,49.026000,48.946000,-0.080000,3,1,2.854441,2.845288,2.828427,5,0.160000,0.080000,0
174,49.026000,48.946000,-0.080000,3,2,2.029879,1.944533,2.000000,5,0.160000,0.080000,0
175,49.066000,48.986000,-0.080000,3,0,2.004239,2.009881,2.000000,5,0.160000,0.080000,0
175,49.066000,48.986000,-0.080000,3,1,2.850703,2.826043,2.828427,5,0.160000,0.080000,0
175,49.066000,48.986000,-0.080000,3,2,2.014962,1.924525,2.000000,5,0.160000,0.080000,0
176,49.106000,49.026000,-0.080000,3,0,1.997477,1.946400,2.000000,5,0.160000,0.080000,0
176,49.106000,49.026000,-0.080000,3,1,2.864423,2.792232,2.828427,5,0.160000,0.080000,0
176,49.106000,49.026000,-0.080000,3,2,1.984351,1.915211,2.000000,5,0.160000,0.080000,0
177,49.146000,49.066000,-0.080000,3,0,1.999569,2.043545,2.000000,5,0.160000,0.080000,0
177,49.146000,49.066000,-0.080000,3,1,2.831762,2.795365,2.828427,5,0.160000,0.080000,0
177,49.146000,49.066000,-0.080000,3,2,2.010221,2.203786,2.000000,5,0.160000,0.080000,0
178,49.186000,49.106000,-0.080000,3,0,2.018675,2.069452,2.000000,5,0.160000,0.080000,0
178,49.186000,49.106000,-0.080000,3,1,2.832021,2.901177,2.828427,5,0.160000,0.080000,0
178,49.186000,49.106000,-0.080000,3,2,1.999015,2.007019,2.000000,5,0.160000,0.080000,0
179,49.226000,49.146000,-0.080000,3,0,2.002510,1.943270,2.000000,5,0.160000,0.080000,0
179,49.226000,49.146000,-0.080000,3,1,2.831034,2.840354,2.828427,5,0.160000,0.080000,0
179,49.226000,49.146000,-0.080000,3,2,2.009269,1.995806,2.000000,5,0.160000,0.080000,0
180,49.266000,49.186000,-0.080000,3,0,2.044363,2.219150,2.000000,5,0.160000,0.080000,0
180,49.266000,49.186000,-0.080000,3,1,2.837238,2.857061,2.828427,5,0.160000,0.080000,0
180,49.266000,49.186000,-0.080000,3,2,2.050174,2.129048,2.000000,5,0.160000,0.080000,0
181,49.306000,49.226000,-0.080000,3,0,2.037820,1.913682,2.000000,5,0.160000,0.080000,0
181,49.306000,49.226000,-0.080000,3,1,2.855673,2.884408,2.828427,5,0.160000,0.080000,0
181,49.306000,49.226000,-0.080000,3,2,2.045330,1.890991,2.000000,5,0.160000,0.080000,0
182,49.346000,49.266000,-0.080000,3,0,2.033719,2.023042,2.000000,5,0.160000,0.080000,0
182,49.346000,49.266000,-0.080000,3,1,2.870310,2.868551,2.828427,5,0.160000,0.080000,0
182,49.346000,49.266000,-0.080000,3,2,1.996235,1.958309,2.000000,5,0.160000,0.080000,0
183,49.386000,49.306000,-0.080000,3,0,2.019396,1.997838,2.000000,5,0.160000,0.080000,0
183,49.386000,49.306000,-0.080000,3,1,2.868189,2.890568,2.828414,5,0.160000,0.080000,0
183,49.386000,49.306000,-0.080000,3,2,2.004953,2.050610,2.000000,5,0.160000,0.080000,0
184,49.426000,49.346000,-0.080000,3,0,2.005043,1.871506,2.000002,5,0.160000,0.080000,0
184,49.426000,49.346000,-0.080000,3,1,2.857351,2.786168,2.828369,5,0.160000,0.080000,0
184,49.426000,49.346000,-0.080000,3,2,2.019072,2.066404,2.000000,5,0.160000,0.080000,0
185,49.466000,49.386000,-0.080000,3,0,1.971713,2.052498,2.000004,5,0.160000,0.080000,0
185,49.466000,49.386000,-0.080000,3,1,2.868634,2.913474,2.828316,5,0.160000,0.080000,0
185,49.466000,49.386000,-0.080000,3,2,1.991755,1.992463,2.000000,5,0.160000,0.080000,0
186,49.506000,49.426000,-0.080000,3,0,1.973359,1.921910,2.000008,5,0.160000,0.080000,0
186,49.506000,49.426000,-0.080000,3,1,2.854164,2.812055,2.828223,5,0.160000,0.080000,0
186,49.506000,49.426000,-0.080000,3,2,2.002154,1.942984,2.000000,5,0.160000,0.080000,0
187,49.546000,49.466000,-0.080000,3,0,1.964775,1.980124,2.000015,5,0.160000,0.080000,0
187,49.546000,49.466000,-0.080000,3,1,2.876326,2.979363,2.828080,5,0.160000,0.080000,0
187,49.546000,49.466000,-0.080000,3,2,2.013118,2.013128,2.000000,5,0.160000,0.080000,0
188,49.586000,49.506000,-0.080000,3,0,1.983650,2.092210,2.000031,5,0.160000,0.080000,0
188,49.586000,49.506000,-0.080000,3,1,2.868112,2.849498,2.827846,5,0.160000,0.080000,0
188,49.586000,49.506000,-0.080000,3,2,1.996301,1.966525,2.000002,5,0.160000,0.080000,0
189,49.626000,49.546000,-0.080000,3,0,2.029467,2.100593,2.000058,5,0.160000,0.080000,0
189,49.626000,49.546000,-0.080000,3,1,2.895154,2.921379,2.827527,5,0.160000,0.080000,0
189,49.626000,49.546000,-0.080000,3,2,2.009141,2.130604,2.000018,5,0.160000,0.080000,0
190,49.666000,49.586000,-0.080000,3,0,2.002927,1.919798,2.000101,5,0.160000,0.080000,0
190,49.666000,49.586000,-0.080000,3,1,2.892919,2.902298,2.827057,5,0.160000,0.080000,0
190,49.666000,49.586000,-0.080000,3,2,1.993006,1.911788,2.000070,5,0.160000,0.080000,0
191,49.706000,49.626000,-0.080000,3,0,2.009101,1.952777,2.000169,5,0.160000,0.080000,0
191,49.706000,49.626000,-0.080000,3,1,2.922631,2.960617,2.826422,5,0.160000,0.080000,0
191,49.706000,49.626000,-0.080000,3,2,2.009892,2.027414,2.000156,5,0.160000,0.080000,0
192,49.746000,49.666000,-0.080000,3,0,2.026459,2.066916,2.000256,5,0.160000,0.080000,0
192,49.746000,49.666000,-0.080000,3,1,2.867735,2.704880,2.825739,5,0.160000,0.080000,0
192,49.746000,49.666000,-0.080000,3,2,2.002168,1.974511,2.000283,5,0.160000,0.080000,0
193,49.786000,49.706000,-0.080000,3,0,2.013377,2.026799,2.000366,5,0.160000,0.080000,0
193,49.786000,49.706000,-0.080000,3,1,2.857520,2.798424,2.824932,5,0.160000,0.080000,0
193,49.786000,49.706000,-0.080000,3,2,1.973429,1.822828,2.000498,5,0.160000,0.080000,0
194,49.826000,49.746000,-0.080000,3,0,1.964754,1.857481,2.000481,5,0.160000,0.080000,0
194,49.826000,49.746000,-0.080000,3,1,2.845349,2.860528,2.824109,5,0.160000,0.080000,0
194,49.826000,49.746000,-0.080000,3,2,1.942365,1.975286,2.000805,5,0.160000,0.080000,0
195,49.866000,49.786000,-0.080000,3,0,1.994206,2.067054,2.000595,5,0.160000,0.080000,0
195,49.866000,49.786000,-0.080000,3,1,2.824434,2.797721,2.823258,5,0.160000,0.080000,0
195,49.866000,49.786000,-0.080000,3,2,1.925490,1.827410,2.001232,5,0.160000,0.080000,0
196,49.906000,49.826000,-0.080000,3,0,2.023565,2.099576,2.000699,5,0.160000,0.080000,0
196,49.906000,49.826000,-0.080000,3,1,2.807504,2.875965,2.822401,5,0.160000,0.080000,0
196,49.906000,49.826000,-0.080000,3,2,1.936229,2.081109,2.001788,5,0.160000,0.080000,0
197,49.946000,49.866000,-0.080000,3,0,1.997923,1.938706,2.000849,5,0.160000,0.080000,0
197,49.946000,49.866000,-0.080000,3,1,2.823627,2.785498,2.820771,5,0.160000,0.080000,0
197,49.946000,49.866000,-0.080000,3,2,1.943860,2.012666,2.003230,5,0.160000,0.080000,0
198,49.988000,49.906400,-0.081600,3,0,1.983330,1.953832,2.000891,5,0.162000,0.081600,0
198,49.988000,49.906400,-0.081600,3,1,2.839149,2.876034,2.819968,5,0.162000,0.081600,0
198,49.988000,49.906400,-0.081600,3,2,2.013900,2.173031,2.004133,5,0.162000,0.081600,0
199,50.026000,49.946400,-0.079600,3,0,2.044537,2.163518,2.000909,5,0.160000,0.079600,0
199,50.026000,49.946400,-0.079600,3,1,2.829614,2.812852,2.819107,5,0.160000,0.079600,0
199,50.026000,49.946400,-0.079600,3,2,2.027528,2.043427,2.005232,5,0.160000,0.079600,0
200,50.066000,49.986400,-0.079600,3,0,2.023022,1.959477,2.000899,5,0.160000,0.079600,0
200,50.066000,49.986400,-0.079600,3,1,2.826063,2.779968,2.818348,5,0.160000,0.079600,0
200,50.066000,49.986400,-0.079600,3,2,2.063437,2.006951,2.006298,5,0.160000,0.079600,0
201,50.106000,50.026400,-0.079600,3,0,2.012350,2.046215,2.000864,5,0.160000,0.079600,0
201,50.106000,50.026400,-0.079600,3,1,2.806386,2.777579,2.817564,5,0.160000,0.079600,0
201,50.106000,50.026400,-0.079600,3,2,2.046226,1.995054,2.007470,5,0.160000,0.079600,0
202,50.146000,50.066400,-0.079600,3,0,1.987378,1.813849,2.000808,5,0.158000,0.079600,0
202,50.146000,50.066400,-0.079600,3,1,2.821675,2.861942,2.816793,5,0.158000,0.079600,0
202,50.146000,50.066400,-0.079600,3,2,2.035231,1.957694,2.008677,5,0.158000,0.079600,0
203,50.188000,50.106400,-0.081600,3,0,1.980249,1.918188,2.000734,5,0.162000,0.081600,0
203,50.188000,50.106400,-0.081600,3,1,2.813301,2.834162,2.816033,5,0.162000,0.081600,0
203,50.188000,50.106400,-0.081600,3,2,1.979779,1.895769,2.009904,5,0.162000,0.081600,0
204,50.226000,50.146400,-0.079600,3,0,1.942704,1.975790,2.000651,5,0.160000,0.079600,0
204,50.226000,50.146400,-0.079600,3,1,2.812221,2.807453,2.815319,5,0.160000,0.079600,0
204,50.226000,50.146400,-0.079600,3,2,1.978771,2.038385,2.011077,5,0.160000,0.079600,0
205,50.266000,50.186400,-0.079600,3,0,1.933753,1.914723,2.000554,5,0.160000,0.079600,0
205,50.266000,50.186400,-0.079600,3,1,2.826117,2.849448,2.814612,5,0.160000,0.079600,0
205,50.266000,50.186400,-0.079600,3,2,1.977590,2.001048,2.012249,5,0.160000,0.079600,0
206,50.306000,50.226400,-0.079600,3,1,2.836840,2.831192,2.813948,5,0.160000,0.079600,0
206,50.306000,50.226400,-0.079600,3,2,1.993477,2.074488,2.013355,5,0.160000,0.079600,0
207,50.346000,50.234400,-0.111600,3,0,1.949252,2.123707,2.000329,5,0.200000,0.111600,0
207,50.346000,50.266400,-0.079600,3,1,2.822801,2.791749,2.813254,5,0.158000,0.079600,0
207,50.346000,50.266400,-0.079600,3,2,2.005993,2.020274,2.014514,5,0.158000,0.079600,0
208,50.386000,50.282400,-0.103600,3,0,1.982772,1.981451,2.000184,5,0.198000,0.103600,0
208,50.386000,50.306000,-0.080000,3,1,2.833474,2.887527,2.812533,5,0.160000,0.080000,0
208,50.386000,50.306000,-0.080000,3,2,2.006969,1.900651,2.015718,5,0.160000,0.080000,0
209,50.426000,50.330000,-0.096000,3,0,2.010573,2.057192,2.000028,5,0.200000,0.096000,0
209,50.426000,50.346000,-0.080000,3,1,2.834356,2.811862,2.811856,5,0.160000,0.080000,0
209,50.426000,50.346000,-0.080000,3,2,1.962042,1.813750,2.016846,5,0.160000,0.080000,0
210,50.466000,50.378000,-0.088000,3,0,2.006974,1.957798,1.999855,5,0.200000,0.088000,0
210,50.466000,50.386000,-0.080000,3,1,2.838318,2.869262,2.811189,5,0.160000,0.080000,0
210,50.466000,50.386000,-0.080000,3,2,1.960903,1.995354,2.017953,5,0.160000,0.080000,0
211,50.506000,50.426000,-0.080000,3,0,2.030856,2.034132,1.999678,5,0.160000,0.080000,0
211,50.506000,50.426000,-0.080000,3,1,2.843960,2.859401,2.810568,5,0.160000,0.080000,0
211,50.506000,50.426000,-0.080000,3,2,1.967196,2.105952,2.018983,5,0.160000,0.080000,0
212,50.546000,50.466000,-0.080000,3,0,2.034961,2.144232,1.999479,5,0.160000,0.080000,0
212,50.546000,50.466000,-0.080000,3,1,2.821699,2.680445,2.809926,5,0.160000,0.080000,0
212,50.546000,50.466000,-0.080000,3,2,1.956924,1.968913,2.020047,5,0.160000,0.080000,0
213,50.586000,50.506000,-0.080000,3,0,2.033447,1.973883,1.999271,5,0.160000,0.080000,0
213,50.586000,50.506000,-0.080000,3,1,2.802885,2.793457,2.809299,5,0.160000,0.080000,0
213,50.586000,50.506000,-0.080000,3,2,2.007086,2.151461,2.021084,5,0.160000,0.080000,0
214,50.626000,50.546000,-0.080000,3,0,2.028503,2.032473,1.999069,5,0.160000,0.080000,0
214,50.626000,50.546000,-0.080000,3,1,2.807134,2.833106,2.808723,5,0.160000,0.080000,0
214,50.626000,50.546000,-0.080000,3,2,2.046136,2.009001,2.022040,5,0.160000,0.080000,0
215,50.666000,50.586000,-0.080000,3,0,2.046360,2.047082,1.998857,5,0.160000,0.080000,0
215,50.666000,50.586000,-0.080000,3,1,2.764840,2.657790,2.808138,5,0.160000,0.080000,0
215,50.666000,50.586000,-0.080000,3,2,2.028398,1.906663,2.023015,5,0.160000,0.080000,0
216,50.706000,50.626000,-0.080000,3,0,2.057319,2.088926,1.998658,5,0.160000,0.080000,0
216,50.706000,50.626000,-0.080000,3,1,2.766630,2.868352,2.807608,5,0.160000,0.080000,0
216,50.706000,50.626000,-0.080000,3,2,2.011151,2.019717,2.023904,5,0.160000,0.080000,0
217,50.746000,50.666000,-0.080000,3,0,2.014233,1.928804,1.998448,5,0.160000,0.080000,0
217,50.746000,50.666000,-0.080000,3,1,2.785508,2.774835,2.807049,5,0.160000,0.080000,0
217,50.746000,50.666000,-0.080000,3,2,1.987861,1.852462,2.024849,5,0.160000,0.080000,0
218,50.786000,50.706000,-0.080000,3,0,2.028514,2.045283,1.998232,5,0.160000,0.080000,0
218,50.786000,50.706000,-0.080000,3,1,2.783536,2.783597,2.806475,5,0.160000,0.080000,0
218,50.786000,50.706000,-0.080000,3,2,1.961460,2.019459,2.025834,5,0.160000,0.080000,0
219,50.828000,50.746400,-0.081600,3,0,1.997743,1.878619,1.998067,5,0.162000,0.081600,0
219,50.828000,50.746400,-0.081600,3,1,2.770060,2.765728,2.806039,5,0.162000,0.081600,0
219,50.828000,50.746400,-0.081600,3,2,1.981853,2.110964,2.026593,5,0.162000,0.081600,0
220,50.866000,50.786400,-0.079600,3,0,1.989300,2.004868,1.997889,5,0.160000,0.079600,0
220,50.866000,50.786400,-0.079600,3,1,2.815912,2.887046,2.805570,5,0.160000,0.079600,0
220,50.866000,50.786400,-0.079600,3,2,2.002979,2.012294,2.027425,5,0.160000,0.079600,0
221,50.908000,50.826800,-0.081200,3,0,1.979956,2.042206,1.997732,5,0.162000,0.081200,0
221,50.908000,50.826800,-0.081200,3,1,2.809186,2.834726,2.805165,5,0.162000,0.081200,0
221,50.908000,50.826800,-0.081200,3,2,2.006237,2.036006,2.028162,5,0.162000,0.081200,0
222,50.946000,50.866800,-0.079200,3,0,1.971344,1.885742,1.997609,5,0.160000,0.079200,0
222,50.946000,50.866800,-0.079200,3,1,2.802336,2.740584,2.804853,5,0.160000,0.079200,0
222,50.946000,50.866800,-0.079200,3,2,2.066713,2.154841,2.028747,5,0.160000,0.079200,0
223,50.986000,50.906800,-0.079200,3,0,1.946938,1.923254,1.997470,5,0.158000,0.079200,0
223,50.986000,50.906800,-0.079200,3,1,2.844201,2.992919,2.804508,5,0.158000,0.079200,0
223,50.986000,50.906800,-0.079200,3,2,2.069195,2.031870,2.029417,5,0.158000,0.079200,0
224,51.026000,50.946400,-0.079600,3,0,1.984044,2.064148,1.997344,5,0.160000,0.079600,0
224,51.026000,50.946400,-0.079600,3,1,2.871814,2.903793,2.804206,5,0.160000,0.079600,0
224,51.026000,50.946400,-0.079600,3,2,2.063101,2.080493,2.030031,5,0.160000,0.079600,0
225,51.066000,50.986400,-0.079600,3,0,1.965740,1.913350,1.997229,5,0.158000,0.079600,0
225,51.066000,50.986400,-0.079600,3,1,2.870589,2.880924,2.803947,5,0.158000,0.079600,0
225,51.066000,50.986400,-0.079600,3,2,2.051118,1.952381,2.030590,5,0.158000,0.079600,0
226,51.106000,51.026000,-0.080000,3,0,1.973274,2.079873,1.997133,5,0.160000,0.080000,0
226,51.106000,51.026000,-0.080000,3,1,2.885963,2.911596,2.803748,5,0.160000,0.080000,0
226,51.106000,51.026000,-0.080000,3,2,2.055490,2.057867,2.031049,5,0.160000,0.080000,0
227,51.146000,51.066000,-0.080000,3,0,2.032548,2.182116,1.997045,5,0.160000,0.080000,0
227,51.146000,51.066000,-0.080000,3,1,2.883158,2.726556,2.803582,5,0.160000,0.080000,0
227,51.146000,51.066000,-0.080000,3,2,2.032771,2.041244,2.031466,5,0.160000,0.080000,0
228,51.188000,51.106400,-0.081600,3,0,2.060554,2.063283,1.996951,5,0.162000,0.081600,0
228,51.188000,51.106400,-0.081600,3,1,2.841819,2.786228,2.803427,5,0.162000,0.081600,0
228,51.188000,51.106400,-0.081600,3,2,2.025832,1.997175,2.031896,5,0.162000,0.081600,0
229,51.226000,51.146400,-0.079600,3,0,2.016327,1.843013,1.996876,5,0.160000,0.079600,0
229,51.226000,51.146400,-0.079600,3,1,2.854270,2.966047,2.803322,5,0.160000,0.079600,0
229,51.226000,51.146400,-0.079600,3,2,2.004355,1.973110,2.032241,5,0.160000,0.079600,0
230,51.266000,51.186400,-0.079600,3,0,2.016664,1.915038,1.996811,5,0.160000,0.079600,0
230,51.266000,51.186400,-0.079600,3,1,2.830094,2.760041,2.803245,5,0.160000,0.079600,0
230,51.266000,51.186400,-0.079600,3,2,2.022856,2.044883,2.032558,5,0.160000,0.079600,0
231,51.306000,51.226400,-0.079600,3,0,1.967127,1.832188,1.996762,5,0.160000,0.079600,0
231,51.306000,51.226400,-0.079600,3,1,2.823643,2.879346,2.803205,5,0.160000,0.079600,0
231,51.306000,51.226400,-0.079600,3,2,2.017744,2.032309,2.032816,5,0.160000,0.079600,0
232,51.346000,51.266400,-0.079600,3,0,1.946441,2.078683,1.996729,5,0.158000,0.079600,0
232,51.346000,51.266400,-0.079600,3,1,2.826490,2.740791,2.803195,5,0.158000,0.079600,0
232,51.346000,51.266400,-0.079600,3,2,2.013829,2.021671,2.033013,5,0.158000,0.079600,0
233,51.386000,51.306000,-0.080000,3,0,1.923649,1.949322,1.996700,5,0.160000,0.080000,0
233,51.386000,51.306000,-0.080000,3,1,2.860084,2.954198,2.803216,5,0.160000,0.080000,0
233,51.386000,51.306000,-0.080000,3,2,1.995205,1.904052,2.033208,5,0.160000,0.080000,0
234,51.426000,51.346000,-0.080000,3,0,1.949172,1.970629,1.996675,5,0.160000,0.080000,0
234,51.426000,51.346000,-0.080000,3,1,2.815571,2.743482,2.803268,5,0.160000,0.080000,0
234,51.426000,51.346000,-0.080000,3,2,2.013897,2.066570,2.033348,5,0.160000,0.080000,0
235,51.466000,51.386000,-0.080000,3,0,1.966300,2.000678,1.996648,5,0.160000,0.080000,0
235,51.466000,51.386000,-0.080000,3,1,2.815498,2.759672,2.803340,5,0.160000,0.080000,0
235,51.466000,51.386000,-0.080000,3,2,2.023195,2.091376,2.033435,5,0.160000,0.080000,0
236,51.508000,51.426400,-0.081600,3,0,2.010154,2.051457,1.996608,5,0.162000,0.081600,0
236,51.508000,51.426400,-0.081600,3,1,2.792766,2.765685,2.803441,5,0.162000,0.081600,0
236,51.508000,51.426400,-0.081600,3,2,2.025430,2.043484,2.033485,5,0.162000,0.081600,0
237,51.546000,51.466400,-0.079600,3,0,1.964833,1.852079,1.996539,5,0.160000,0.079600,0
237,51.546000,51.466400,-0.079600,3,1,2.827701,2.915468,2.803584,5,0.160000,0.079600,0
237,51.546000,51.466400,-0.079600,3,2,2.040637,2.097702,2.033488,5,0.160000,0.079600,0
238,51.586000,51.506400,-0.079600,3,0,1.967624,1.963278,1.996401,5,0.160000,0.079600,0
238,51.586000,51.506400,-0.079600,3,1,2.787390,2.752644,2.803818,5,0.160000,0.079600,0
238,51.586000,51.506400,-0.079600,3,2,2.048526,1.943500,2.033397,5,0.160000,0.079600,0
239,51.626000,51.546400,-0.079600,3,0,1.930953,1.787274,1.996289,5,0.160000,0.079600,0
239,51.626000,51.546400,-0.079600,3,1,2.819319,2.903126,2.803981,5,0.160000,0.079600,0
239,51.626000,51.546400,-0.079600,3,2,2.042378,2.035827,2.033285,5,0.160000,0.079600,0
240,51.666000,51.586400,-0.079600,3,0,1.930266,1.997241,1.996159,5,0.158000,0.079600,0
240,51.666000,51.586400,-0.079600,3,1,2.796682,2.646488,2.804152,5,0.158000,0.079600,0
240,51.666000,51.586400,-0.079600,3,2,2.058899,2.173981,2.033129,5,0.158000,0.079600,0
241,51.706000,51.626000,-0.080000,3,0,1.927962,2.039936,1.996011,5,0.160000,0.080000,0
241,51.706000,51.626000,-0.080000,3,1,2.789293,2.728736,2.804330,5,0.160000,0.080000,0
241,51.706000,51.626000,-0.080000,3,2,2.042155,1.959764,2.032929,5,0.160000,0.080000,0
242,51.746000,51.666000,-0.080000,3,0,1.974253,2.083536,1.995858,5,0.160000,0.080000,0
242,51.746000,51.666000,-0.080000,3,1,2.763627,2.787138,2.804501,5,0.160000,0.080000,0
242,51.746000,51.666000,-0.080000,3,2,2.036865,2.071253,2.032699,5,0.160000,0.080000,0
243,51.786000,51.706000,-0.080000,3,0,1.974428,1.964153,1.995692,5,0.160000,0.080000,0
243,51.786000,51.706000,-0.080000,3,1,2.767699,2.773008,2.804673,5,0.160000,0.080000,0
243,51.786000,51.706000,-0.080000,3,2,2.052741,2.022882,2.032432,5,0.160000,0.080000,0
244,51.826000,51.746000,-0.080000,3,0,2.037373,2.102002,1.995507,5,0.160000,0.080000,0
244,51.826000,51.746000,-0.080000,3,1,2.741290,2.771080,2.804854,5,0.160000,0.080000,0
244,51.826000,51.746000,-0.080000,3,2,2.075600,2.150120,2.032113,5,0.160000,0.080000,0
245,51.866000,51.786000,-0.080000,3,0,2.031714,1.968944,1.995314,5,0.160000,0.080000,0
245,51.866000,51.786000,-0.080000,3,1,2.757851,2.729295,2.805031,5,0.160000,0.080000,0
245,51.866000,51.786000,-0.080000,3,2,2.063149,2.111729,2.031760,5,0.160000,0.080000,0
246,51.906000,51.826000,-0.080000,3,1,2.766297,2.770963,2.805213,5,0.160000,0.080000,0
246,51.906000,51.826000,-0.080000,3,2,2.092789,2.107959,2.031359,5,0.160000,0.080000,0
247,51.946000,51.834000,-0.112000,3,0,1.992791,1.845322,1.994912,5,0.200000,0.112000,0
247,51.946000,51.866000,-0.080000,3,1,2.775738,2.834346,2.805381,5,0.160000,0.080000,0
247,51.946000,51.866000,-0.080000,3,2,2.104164,2.128131,2.030954,5,0.160000,0.080000,0
248,51.986000,51.882000,-0.104000,3,0,1.973430,1.986728,1.994721,5,0.200000,0.104000,0
248,51.986000,51.906000,-0.080000,3,1,2.808216,2.935398,2.805544,5,0.160000,0.080000,0
248,51.986000,51.906000,-0.080000,3,2,2.109343,2.048775,2.030526,5,0.160000,0.080000,0
249,52.026000,51.946000,-0.080000,3,1,2.800084,2.730420,2.805708,5,0.160000,0.080000,0
249,52.026000,51.946000,-0.080000,3,2,2.074034,1.973574,2.030052,5,0.160000,0.080000,0
250,52.066000,51.938000,-0.128000,3,0,1.971832,1.956165,1.994343,5,0.240000,0.128000,0
250,52.066000,51.986000,-0.080000,3,1,2.820930,2.833522,2.805876,5,0.160000,0.080000,0
250,52.066000,51.986000,-0.080000,3,2,2.067525,2.079186,2.029498,5,0.160000,0.080000,0
251,52.106000,51.994000,-0.112000,3,0,1.966041,2.073048,1.994190,5,0.240000,0.112000,0
251,52.106000,52.026000,-0.080000,3,1,2.832092,2.826774,2.806026,5,0.160000,0.080000,0
251,52.106000,52.026000,-0.080000,3,2,2.060268,2.071672,2.028936,5,0.160000,0.080000,0
252,52.148000,52.050400,-0.097600,3,0,1.991285,2.095162,1.994085,5,0.202000,0.097600,0
252,52.148000,52.066400,-0.081600,3,1,2.838763,2.867699,2.806146,5,0.162000,0.081600,0
252,52.148000,52.066400,-0.081600,3,2,2.028401,1.968799,2.028427,5,0.162000,0.081600,0
253,52.186000,52.098400,-0.087600,3,0,2.018411,1.980950,1.993977,5,0.200000,0.087600,0
253,52.186000,52.106400,-0.079600,3,1,2.803973,2.761449,2.806312,5,0.160000,0.079600,0
253,52.186000,52.106400,-0.079600,3,2,2.026118,2.037359,2.027610,5,0.160000,0.079600,0
254,52.226000,52.146400,-0.079600,3,0,2.003780,1.913574,1.993939,5,0.160000,0.079600,0
254,52.226000,52.146400,-0.079600,3,1,2.834241,2.881762,2.806415,5,0.160000,0.079600,0
254,52.226000,52.146400,-0.079600,3,2,2.042299,2.054480,2.027027,5,0.160000,0.079600,0
255,52.266000,52.186400,-0.079600,3,0,2.005273,1.963629,1.993927,5,0.160000,0.079600,0
255,52.266000,52.186400,-0.079600,3,1,2.828872,2.806678,2.806506,5,0.160000,0.079600,0
255,52.266000,52.186400,-0.079600,3,2,2.013028,1.932828,2.026447,5,0.160000,0.079600,0
256,52.306000,52.226400,-0.079600,3,0,1.995250,2.022934,1.993938,5,0.158000,0.079600,0
256,52.306000,52.226400,-0.079600,3,1,2.804191,2.703366,2.806598,5,0.158000,0.079600,0
256,52.306000,52.226400,-0.079600,3,2,2.009846,2.055763,2.025805,5,0.158000,0.079600,0
257,52.346000,52.266000,-0.080000,3,0,1.992036,2.079093,1.993963,5,0.160000,0.080000,0
257,52.346000,52.266000,-0.080000,3,1,2.789580,2.794644,2.806671,5,0.160000,0.080000,0
257,52.346000,52.266000,-0.080000,3,2,2.017357,2.006356,2.025248,5,0.160000,0.080000,0
258,52.386000,52.306000,-0.080000,3,0,2.028887,2.165207,1.994013,5,0.160000,0.080000,0
258,52.386000,52.306000,-0.080000,3,1,2.821873,2.922915,2.806760,5,0.160000,0.080000,0
258,52.386000,52.306000,-0.080000,3,2,2.029805,2.099599,2.024518,5,0.160000,0.080000,0
259,52.426000,52.346000,-0.080000,3,0,2.020066,1.869468,1.994141,5,0.160000,0.080000,0
259,52.426000,52.346000,-0.080000,3,1,2.820216,2.873479,2.806912,5,0.160000,0.080000,0
259,52.426000,52.346000,-0.080000,3,2,2.023439,2.022651,2.023155,5,0.160000,0.080000,0
260,52.466000,52.386000,-0.080000,3,0,2.034679,2.036694,1.994236,5,0.160000,0.080000,0
260,52.466000,52.386000,-0.080000,3,1,2.825324,2.832214,2.806999,5,0.160000,0.080000,0
260,52.466000,52.386000,-0.080000,3,2,2.028323,1.957247,2.022327,5,0.160000,0.080000,0
261,52.506000,52.426000,-0.080000,3,0,2.021069,1.954885,1.994327,5,0.160000,0.080000,0
261,52.506000,52.426000,-0.080000,3,1,2.856448,2.858986,2.807072,5,0.160000,0.080000,0
261,52.506000,52.426000,-0.080000,3,2,2.003545,1.931873,2.021612,5,0.160000,0.080000,0
262,52.546000,52.466000,-0.080000,3,0,1.986702,1.907255,1.994448,5,0.160000,0.080000,0
262,52.546000,52.466000,-0.080000,3,1,2.866404,2.844427,2.807157,5,0.160000,0.080000,0
262,52.546000,52.466000,-0.080000,3,2,2.000236,1.989810,2.020757,5,0.160000,0.080000,0
263,52.586000,52.506000,-0.080000,3,0,1.937533,1.919362,1.994575,5,0.160000,0.080000,0
263,52.586000,52.506000,-0.080000,3,1,2.837597,2.778880,2.807237,5,0.160000,0.080000,0
263,52.586000,52.506000,-0.080000,3,2,2.000464,2.100740,2.019932,5,0.160000,0.080000,0
264,52.628000,52.546400,-0.081600,3,0,1.955784,1.960725,1.994709,5,0.162000,0.081600,0
264,52.628000,52.546400,-0.081600,3,1,2.817255,2.771769,2.807312,5,0.162000,0.081600,0
264,52.628000,52.546400,-0.081600,3,2,2.013887,2.089765,2.019140,5,0.162000,0.081600,0
265,52.666000,52.586400,-0.079600,3,0,1.930143,1.908489,1.994888,5,0.160000,0.079600,0
265,52.666000,52.586400,-0.079600,3,1,2.825105,2.871463,2.807403,5,0.160000,0.079600,0
265,52.666000,52.586400,-0.079600,3,2,2.046328,2.119454,2.018158,5,0.160000,0.079600,0
266,52.708000,52.626800,-0.081200,3,0,1.964178,2.125060,1.995065,5,0.162000,0.081200,0
266,52.708000,52.626800,-0.081200,3,1,2.812735,2.797138,2.807486,5,0.162000,0.081200,0
266,52.708000,52.626800,-0.081200,3,2,2.056442,1.982440,2.017255,5,0.162000,0.081200,0
267,52.746000,52.666800,-0.079200,3,0,1.960920,1.890966,1.995256,5,0.160000,0.079200,0
267,52.746000,52.666800,-0.079200,3,1,2.813213,2.846814,2.807570,5,0.160000,0.079200,0
267,52.746000,52.666800,-0.079200,3,2,2.091163,2.163416,2.016342,5,0.160000,0.079200,0
268,52.786000,52.706800,-0.079200,3,0,1.958123,1.905376,1.995428,5,0.158000,0.079200,0
268,52.786000,52.706800,-0.079200,3,1,2.828021,2.852923,2.807642,5,0.158000,0.079200,0
268,52.786000,52.706800,-0.079200,3,2,2.063061,1.960232,2.015560,5,0.158000,0.079200,0
269,52.826000,52.746400,-0.079600,3,0,1.937403,1.857125,1.995631,5,0.160000,0.079600,0
269,52.826000,52.746400,-0.079600,3,1,2.829066,2.776992,2.807724,5,0.160000,0.079600,0
269,52.826000,52.746400,-0.079600,3,2,2.042295,1.985934,2.014679,5,0.160000,0.079600,0
270,52.866000,52.786400,-0.079600,3,0,1.949347,1.968209,1.995854,5,0.158000,0.079600,0
270,52.866000,52.786400,-0.079600,3,1,2.810109,2.776676,2.807809,5,0.158000,0.079600,0
270,52.866000,52.786400,-0.079600,3,2,2.006213,1.939042,2.013742,5,0.158000,0.079600,0
271,52.906000,52.826000,-0.080000,3,0,1.935003,2.053338,1.996097,5,0.160000,0.080000,0
271,52.906000,52.826000,-0.080000,3,1,2.840922,2.951203,2.807897,5,0.160000,0.080000,0
271,52.906000,52.826000,-0.080000,3,2,2.025129,2.077022,2.012745,5,0.160000,0.080000,0
272,52.946000,52.866000,-0.080000,3,0,1.959754,2.014723,1.996346,5,0.160000,0.080000,0
272,52.946000,52.866000,-0.080000,3,1,2.836967,2.827040,2.807980,5,0.160000,0.080000,0
272,52.946000,52.866000,-0.080000,3,2,1.990397,1.989754,2.011730,5,0.160000,0.080000,0
273,52.986000,52.906000,-0.080000,3,0,1.968631,1.949761,1.996576,5,0.160000,0.080000,0
273,52.986000,52.906000,-0.080000,3,1,2.841405,2.875113,2.808050,5,0.160000,0.080000,0
273,52.986000,52.906000,-0.080000,3,2,2.034506,2.180777,2.010793,5,0.160000,0.080000,0
274,53.026000,52.946000,-0.080000,3,0,1.983667,1.932305,1.996834,5,0.160000,0.080000,0
274,53.026000,52.946000,-0.080000,3,1,2.838509,2.762516,2.808120,5,0.160000,0.080000,0
274,53.026000,52.946000,-0.080000,3,2,2.080674,2.216773,2.009734,5,0.160000,0.080000,0
275,53.066000,52.986000,-0.080000,3,0,1.996234,2.031044,1.997083,5,0.160000,0.080000,0
275,53.066000,52.986000,-0.080000,3,1,2.875637,2.962314,2.808180,5,0.160000,0.080000,0
275,53.066000,52.986000,-0.080000,3,2,2.093293,2.002139,2.008701,5,0.160000,0.080000,0
276,53.106000,53.026000,-0.080000,3,0,1.996873,2.056533,1.997309,5,0.160000,0.080000,0
276,53.106000,53.026000,-0.080000,3,1,2.829562,2.720829,2.808231,5,0.160000,0.080000,0
276,53.106000,53.026000,-0.080000,3,2,2.114787,2.184491,2.007752,5,0.160000,0.080000,0
277,53.146000,53.066000,-0.080000,3,0,1.973713,1.898922,1.997538,5,0.160000,0.080000,0
277,53.146000,53.066000,-0.080000,3,1,2.838114,2.869797,2.808280,5,0.160000,0.080000,0
277,53.146000,53.066000,-0.080000,3,2,2.127317,2.052406,2.006786,5,0.160000,0.080000,0
278,53.186000,53.106000,-0.080000,3,0,1.996686,2.064628,1.997822,5,0.160000,0.080000,0
278,53.186000,53.106000,-0.080000,3,1,2.813242,2.750757,2.808342,5,0.160000,0.080000,0
278,53.186000,53.106000,-0.080000,3,2,2.086257,1.975478,2.005583,5,0.160000,0.080000,0
279,53.226000,53.146000,-0.080000,3,0,1.990233,1.900040,1.998169,5,0.160000,0.080000,0
279,53.226000,53.146000,-0.080000,3,1,2.802745,2.710031,2.808426,5,0.160000,0.080000,0
279,53.226000,53.146000,-0.080000,3,2,2.028130,1.926134,2.004137,5,0.160000,0.080000,0
280,53.266000,53.186000,-0.080000,3,0,1.988356,2.021656,1.998491,5,0.160000,0.080000,0
280,53.266000,53.186000,-0.080000,3,1,2.765160,2.774388,2.808518,5,0.160000,0.080000,0
280,53.266000,53.186000,-0.080000,3,2,2.023051,1.976746,2.002845,5,0.160000,0.080000,0
281,53.306000,53.226000,-0.080000,3,0,1.965185,1.940681,1.998770,5,0.160000,0.080000,0
281,53.306000,53.226000,-0.080000,3,1,2.801386,2.901955,2.808610,5,0.160000,0.080000,0
281,53.306000,53.226000,-0.080000,3,2,1.984660,1.992539,2.001770,5,0.160000,0.080000,0
282,53.346000,53.266000,-0.080000,3,0,2.009890,2.122444,1.999080,5,0.160000,0.080000,0
282,53.346000,53.266000,-0.080000,3,1,2.784877,2.787253,2.808723,5,0.160000,0.080000,0
282,53.346000,53.266000,-0.080000,3,2,1.968299,1.970597,2.000635,5,0.160000,0.080000,0
283,53.386000,53.306000,-0.080000,3,0,1.986676,1.948557,1.999423,5,0.160000,0.080000,0
283,53.386000,53.306000,-0.080000,3,1,2.835564,3.004193,2.808861,5,0.160000,0.080000,0
283,53.386000,53.306000,-0.080000,3,2,1.953129,1.899629,1.999441,5,0.160000,0.080000,0
284,53.428000,53.346400,-0.081600,3,0,2.012108,2.027204,1.999789,5,0.162000,0.081600,0
284,53.428000,53.346400,-0.081600,3,1,2.861690,2.840659,2.809015,5,0.162000,0.081600,0
284,53.428000,53.346400,-0.081600,3,2,1.956435,1.942663,1.998248,5,0.162000,0.081600,0
285,53.466000,53.386400,-0.079600,3,0,1.991337,1.917800,1.999807,5,0.160000,0.079600,0
285,53.466000,53.386400,-0.079600,3,1,2.834237,2.637123,2.809023,5,0.160000,0.079600,0
285,53.466000,53.386400,-0.079600,3,2,1.967752,2.033332,1.998191,5,0.160000,0.079600,0
286,53.506000,53.426400,-0.079600,3,0,1.994053,1.954259,2.000216,5,0.160000,0.079600,0
286,53.506000,53.426400,-0.079600,3,1,2.829501,2.878277,2.809198,5,0.160000,0.079600,0
286,53.506000,53.426400,-0.079600,3,2,1.971745,2.012506,1.996948,5,0.160000,0.079600,0
287,53.546000,53.466400,-0.079600,3,0,1.953871,1.921534,2.000671,5,0.160000,0.079600,0
287,53.546000,53.466400,-0.079600,3,1,2.839622,2.837856,2.809386,5,0.160000,0.079600,0
287,53.546000,53.466400,-0.079600,3,2,1.992952,2.076631,1.995657,5,0.160000,0.079600,0
288,53.586000,53.506400,-0.079600,3,0,1.941347,1.885939,2.001043,5,0.158000,0.079600,0
288,53.586000,53.506400,-0.079600,3,1,2.782168,2.716926,2.809531,5,0.158000,0.079600,0
288,53.586000,53.506400,-0.079600,3,2,2.018087,2.025302,1.994656,5,0.158000,0.079600,0
289,53.626000,53.546000,-0.080000,3,0,1.923148,1.936211,2.001448,5,0.160000,0.080000,0
289,53.626000,53.546000,-0.080000,3,1,2.747407,2.666854,2.809675,5,0.160000,0.080000,0
289,53.626000,53.546000,-0.080000,3,2,2.015102,1.927737,1.993610,5,0.160000,0.080000,0
290,53.666000,53.586000,-0.080000,3,0,1.931471,1.959414,2.002252,5,0.160000,0.080000,0
290,53.666000,53.586000,-0.080000,3,1,2.766948,2.734830,2.809913,5,0.160000,0.080000,0
290,53.666000,53.586000,-0.080000,3,2,2.015071,2.033177,1.991612,5,0.160000,0.080000,0
291,53.706000,53.626000,-0.080000,3,0,1.933402,1.963910,2.002704,5,0.160000,0.080000,0
291,53.706000,53.626000,-0.080000,3,1,2.739286,2.739967,2.810015,5,0.160000,0.080000,0
291,53.706000,53.626000,-0.080000,3,2,1.976924,1.821773,1.990509,5,0.160000,0.080000,0
292,53.748000,53.666400,-0.081600,3,0,1.962862,2.068835,2.002725,5,0.162000,0.081600,0
292,53.748000,53.666400,-0.081600,3,1,2.713840,2.710626,2.810020,5,0.162000,0.081600,0
292,53.748000,53.666400,-0.081600,3,2,1.977026,2.077142,1.990457,5,0.162000,0.081600,0
293,53.786000,53.706400,-0.079600,3,0,1.973853,1.940896,2.003523,5,0.160000,0.079600,0
293,53.786000,53.706400,-0.079600,3,1,2.735024,2.822842,2.810137,5,0.160000,0.079600,0
293,53.786000,53.706400,-0.079600,3,2,1.949985,1.890097,1.988487,5,0.160000,0.079600,0
294,53.826000,53.746400,-0.079600,3,0,1.982657,1.980229,2.003543,5,0.160000,0.079600,0
294,53.826000,53.746400,-0.079600,3,1,2.788131,2.932391,2.810138,5,0.160000,0.079600,0
294,53.826000,53.746400,-0.079600,3,2,1.941851,1.887067,1.988438,5,0.160000,0.079600,0
295,53.866000,53.786400,-0.079600,3,0,2.009162,2.091938,2.003956,5,0.160000,0.079600,0
295,53.866000,53.786400,-0.079600,3,1,2.785283,2.720590,2.810164,5,0.160000,0.079600,0
295,53.866000,53.786400,-0.079600,3,2,1.935586,2.001853,1.987378,5,0.160000,0.079600,0
296,53.906000,53.826400,-0.079600,3,0,2.009483,1.965518,2.004305,5,0.158000,0.079600,0
296,53.906000,53.826400,-0.079600,3,1,2.801164,2.819371,2.810167,5,0.158000,0.079600,0
296,53.906000,53.826400,-0.079600,3,2,1.962935,1.958517,1.986449,5,0.158000,0.079600,0
297,53.946000,53.866000,-0.080000,3,0,2.013101,2.086921,2.004626,5,0.160000,0.080000,0
297,53.946000,53.866000,-0.080000,3,1,2.836857,2.889094,2.810152,5,0.160000,0.080000,0
297,53.946000,53.866000,-0.080000,3,2,1.955058,2.037755,1.985556,5,0.160000,0.080000,0
298,53.986000,53.906000,-0.080000,3,0,2.020209,1.976438,2.004902,5,0.160000,0.080000,0
298,53.986000,53.906000,-0.080000,3,1,2.835566,2.816385,2.810123,5,0.160000,0.080000,0
298,53.986000,53.906000,-0.080000,3,2,1.982013,2.024872,1.984743,5,0.160000,0.080000,0
299,54.026000,53.946000,-0.080000,3,0,2.025616,2.007265,2.005360,5,0.160000,0.080000,0
299,54.026000,53.946000,-0.080000,3,1,2.820810,2.858607,2.810029,5,0.160000,0.080000,0
299,54.026000,53.946000,-0.080000,3,2,1.991388,1.933942,1.983233,5,0.160000,0.080000,0
300,54.066000,53.986000,-0.080000,3,0,1.986142,1.894567,2.005544,5,0.160000,0.080000,0
300,54.066000,53.986000,-0.080000,3,1,2.827278,2.752931,2.809963,5,0.160000,0.080000,0
300,54.066000,53.986000,-0.080000,3,2,1.972068,1.905252,1.982505,5,0.160000,0.080000,0
301,54.106000,54.026000,-0.080000,3,0,1.981304,1.941328,2.005679,5,0.160000,0.080000,0
301,54.106000,54.026000,-0.080000,3,1,2.809155,2.728756,2.809894,5,0.160000,0.080000,0
301,54.106000,54.026000,-0.080000,3,2,1.985585,2.026102,1.981862,5,0.160000,0.080000,0
302,54.146000,54.066000,-0.080000,3,0,1.958318,1.971994,2.005773,5,0.160000,0.080000,0
302,54.146000,54.066000,-0.080000,3,1,2.799570,2.841169,2.809826,5,0.160000,0.080000,0
302,54.146000,54.066000,-0.080000,3,2,1.972207,1.970867,1.981299,5,0.160000,0.080000,0
303,54.186000,54.106000,-0.080000,3,0,1.971279,2.041240,2.005840,5,0.160000,0.080000,0
303,54.186000,54.106000,-0.080000,3,1,2.812186,2.879467,2.809754,5,0.160000,0.080000,0
303,54.186000,54.106000,-0.080000,3,2,1.964768,1.987678,1.980731,5,0.160000,0.080000,0
304,54.226000,54.146000,-0.080000,3,0,1.955349,1.927615,2.005840,5,0.160000,0.080000,0
304,54.226000,54.146000,-0.080000,3,1,2.797445,2.784904,2.809754,5,0.160000,0.080000,0
304,54.226000,54.146000,-0.080000,3,2,1.993364,2.076923,1.980731,5,0.160000,0.080000,0
305,54.266000,54.186000,-0.080000,3,0,1.999298,2.114311,2.005875,5,0.160000,0.080000,0
305,54.266000,54.186000,-0.080000,3,1,2.815060,2.841005,2.809679,5,0.160000,0.080000,0
305,54.266000,54.186000,-0.080000,3,2,2.013410,2.005479,1.980131,5,0.160000,0.080000,0
306,54.306000,54.226000,-0.080000,3,0,1.997888,1.934279,2.005873,5,0.160000,0.080000,0
306,54.306000,54.226000,-0.080000,3,1,2.823265,2.769778,2.809634,5,0.160000,0.080000,0
306,54.306000,54.226000,-0.080000,3,2,1.999890,1.958503,1.979681,5,0.160000,0.080000,0
307,54.346000,54.266000,-0.080000,3,0,1.998816,1.976633,2.005851,5,0.160000,0.080000,0
307,54.346000,54.266000,-0.080000,3,1,2.823542,2.842557,2.809616,5,0.160000,0.080000,0
307,54.346000,54.266000,-0.080000,3,2,2.008243,2.012632,1.979303,5,0.160000,0.080000,0
308,54.386000,54.306000,-0.080000,3,0,2.001738,2.055851,2.005816,5,0.160000,0.080000,0
308,54.386000,54.306000,-0.080000,3,1,2.790719,2.715349,2.809633,5,0.160000,0.080000,0
308,54.386000,54.306000,-0.080000,3,2,1.986257,1.877749,1.978996,5,0.160000,0.080000,0
309,54.426000,54.346000,-0.080000,3,0,2.051107,2.174459,2.005780,5,0.160000,0.080000,0
309,54.426000,54.346000,-0.080000,3,1,2.794490,2.803761,2.809684,5,0.160000,0.080000,0
309,54.426000,54.346000,-0.080000,3,2,1.967210,1.981686,1.978780,5,0.160000,0.080000,0
310,54.466000,54.386000,-0.080000,3,0,2.016142,1.939487,2.005735,5,0.160000,0.080000,0
310,54.466000,54.386000,-0.080000,3,1,2.773049,2.733800,2.809802,5,0.160000,0.080000,0
310,54.466000,54.386000,-0.080000,3,2,1.961356,1.976211,1.978590,5,0.160000,0.080000,0
311,54.506000,54.426000,-0.080000,3,0,2.047380,2.090470,2.005699,5,0.160000,0.080000,0
311,54.506000,54.426000,-0.080000,3,1,2.772608,2.767573,2.809942,5,0.160000,0.080000,0
311,54.506000,54.426000,-0.080000,3,2,1.969441,1.998926,1.978501,5,0.160000,0.080000,0
312,54.546000,54.466000,-0.080000,3,0,2.059518,2.037320,2.005659,5,0.160000,0.080000,0
312,54.546000,54.466000,-0.080000,3,1,2.771555,2.837290,2.810131,5,0.160000,0.080000,0
313,54.586000,54.506000,-0.080000,3,0,2.044978,1.983155,2.005617,5,0.160000,0.080000,0
313,54.586000,54.506000,-0.080000,3,1,2.783223,2.773693,2.810351,5,0.160000,0.080000,0
313,54.586000,54.474000,-0.112000,3,2,1.965130,1.991080,1.978468,5,0.200000,0.112000,0
314,54.626000,54.546000,-0.080000,3,0,2.009501,1.997075,2.005566,5,0.160000,0.080000,0
314,54.626000,54.546000,-0.080000,3,1,2.758207,2.678680,2.810608,5,0.160000,0.080000,0
314,54.626000,54.522000,-0.104000,3,2,1.991279,2.008491,1.978513,5,0.200000,0.104000,0
315,54.666000,54.586000,-0.080000,3,0,2.020642,1.995193,2.005505,5,0.160000,0.080000,0
315,54.666000,54.586000,-0.080000,3,1,2.776360,2.824564,2.810901,5,0.160000,0.080000,0
315,54.666000,54.570000,-0.096000,3,2,2.007476,2.062674,1.978590,5,0.200000,0.096000,0
316,54.706000,54.626000,-0.080000,3,0,2.003161,2.003064,2.005427,5,0.160000,0.080000,0
316,54.706000,54.626000,-0.080000,3,1,2.781287,2.792208,2.811247,5,0.160000,0.080000,0
316,54.706000,54.618000,-0.088000,3,2,1.983876,1.858207,1.978701,5,0.200000,0.088000,0
317,54.746000,54.666000,-0.080000,3,0,1.990171,1.972371,2.005319,5,0.160000,0.080000,0
317,54.746000,54.666000,-0.080000,3,1,2.762155,2.741631,2.811693,5,0.160000,0.080000,0
317,54.746000,54.666000,-0.080000,3,2,1.973309,1.946094,1.978863,5,0.160000,0.080000,0
318,54.786000,54.706000,-0.080000,3,0,1.995850,2.011550,2.005205,5,0.160000,0.080000,0
318,54.786000,54.706000,-0.080000,3,1,2.773465,2.830240,2.812123,5,0.160000,0.080000,0
318,54.786000,54.706000,-0.080000,3,2,1.953968,1.894375,1.979035,5,0.160000,0.080000,0
319,54.826000,54.746000,-0.080000,3,0,1.984873,1.942189,2.005086,5,0.160000,0.080000,0
319,54.826000,54.746000,-0.080000,3,1,2.806063,2.841671,2.812544,5,0.160000,0.080000,0
319,54.826000,54.746000,-0.080000,3,2,1.964837,2.062833,1.979218,5,0.160000,0.080000,0
320,54.868000,54.786400,-0.081600,3,0,1.974862,1.945136,2.004931,5,0.162000,0.081600,0
320,54.868000,54.786400,-0.081600,3,1,2.778883,2.688664,2.813053,5,0.162000,0.081600,0
320,54.868000,54.786400,-0.081600,3,2,1.938667,1.931823,1.979456,5,0.162000,0.081600,0
321,54.906000,54.826400,-0.079600,3,0,1.994719,2.102350,2.004759,5,0.160000,0.079600,0
321,54.906000,54.826400,-0.079600,3,1,2.784135,2.818471,2.813578,5,0.160000,0.079600,0
321,54.906000,54.826400,-0.079600,3,2,1.973869,2.034217,1.979721,5,0.160000,0.079600,0
322,54.946000,54.866400,-0.079600,3,0,2.011499,2.056269,2.004552,5,0.160000,0.079600,0
322,54.946000,54.866400,-0.079600,3,1,2.834370,2.992802,2.814178,5,0.160000,0.079600,0
322,54.946000,54.866400,-0.079600,3,2,1.958463,1.869068,1.980044,5,0.160000,0.079600,0
323,54.986000,54.906400,-0.079600,3,0,2.037413,2.141122,2.004100,5,0.160000,0.079600,0
323,54.986000,54.906400,-0.079600,3,1,2.855368,2.935234,2.815433,5,0.160000,0.079600,0
323,54.986000,54.906400,-0.079600,3,2,1.963827,1.921195,1.980771,5,0.160000,0.079600,0
324,55.026000,54.946400,-0.079600,3,0,2.058485,2.047548,2.004100,5,0.158000,0.079600,0
324,55.026000,54.946400,-0.079600,3,1,2.848834,2.808999,2.815433,5,0.158000,0.079600,0
324,55.026000,54.946400,-0.079600,3,2,1.983910,2.163250,1.980771,5,0.158000,0.079600,0
325,55.066000,54.986000,-0.080000,3,0,2.078125,2.043338,2.003780,5,0.160000,0.080000,0
325,55.066000,54.986000,-0.080000,3,1,2.881041,2.849699,2.816311,5,0.160000,0.080000,0
325,55.066000,54.986000,-0.080000,3,2,1.992063,1.972585,1.981309,5,0.160000,0.080000,0
326,55.108000,55.026400,-0.081600,3,0,2.040034,1.911894,2.003469,5,0.162000,0.081600,0
326,55.108000,55.026400,-0.081600,3,1,2.883461,2.830572,2.817179,5,0.162000,0.081600,0
326,55.108000,55.026400,-0.081600,3,2,1.967769,1.912745,1.981853,5,0.162000,0.081600,0
327,55.146000,55.066400,-0.079600,3,0,2.031467,2.013432,2.003113,5,0.160000,0.079600,0
327,55.146000,55.066400,-0.079600,3,1,2.858046,2.865726,2.818200,5,0.160000,0.079600,0
327,55.146000,55.066400,-0.079600,3,2,2.001629,2.038368,1.982499,5,0.160000,0.079600,0
328,55.186000,55.106400,-0.079600,3,0,2.019632,2.081948,2.002796,5,0.160000,0.079600,0
328,55.186000,55.106400,-0.079600,3,1,2.858532,2.937663,2.819144,5,0.160000,0.079600,0
328,55.186000,55.106400,-0.079600,3,2,2.018192,2.004014,1.983094,5,0.160000,0.079600,0
329,55.226000,55.146400,-0.079600,3,0,2.012546,2.012116,2.002492,5,0.160000,0.079600,0
329,55.226000,55.146400,-0.079600,3,1,2.887590,2.954290,2.820087,5,0.160000,0.079600,0
329,55.226000,55.146400,-0.079600,3,2,1.991520,2.029888,1.983680,5,0.160000,0.079600,0
330,55.266000,55.186400,-0.079600,3,0,2.027941,2.120317,2.002140,5,0.158000,0.079600,0
330,55.266000,55.186400,-0.079600,3,1,2.869780,2.760650,2.821232,5,0.158000,0.079600,0
330,55.266000,55.186400,-0.079600,3,2,1.963670,1.833336,1.984374,5,0.158000,0.079600,0
331,55.306000,55.226000,-0.080000,3,0,2.053958,2.041976,2.001838,5,0.160000,0.080000,0
331,55.306000,55.226000,-0.080000,3,1,2.865392,2.808632,2.822264,5,0.160000,0.080000,0
331,55.306000,55.226000,-0.080000,3,2,1.972895,1.958871,1.984980,5,0.160000,0.080000,0
332,55.346000,55.266000,-0.080000,3,0,2.063413,2.060709,2.001504,5,0.160000,0.080000,0
332,55.346000,55.266000,-0.080000,3,1,2.846792,2.772726,2.823446,5,0.160000,0.080000,0
332,55.346000,55.266000,-0.080000,3,2,1.961871,1.983247,1.985653,5,0.160000,0.080000,0
333,55.386000,55.306000,-0.080000,3,0,2.037956,1.954664,2.001200,5,0.160000,0.080000,0
333,55.386000,55.306000,-0.080000,3,1,2.830407,2.855740,2.824548,5,0.160000,0.080000,0
333,55.386000,55.306000,-0.080000,3,2,1.991279,2.151053,1.986263,5,0.160000,0.080000,0
334,55.426000,55.346000,-0.080000,3,0,2.018337,1.914018,2.000893,5,0.160000,0.080000,0
334,55.426000,55.346000,-0.080000,3,1,2.787576,2.740134,2.825676,5,0.160000,0.080000,0
334,55.426000,55.346000,-0.080000,3,2,1.987692,2.011951,1.986873,5,0.160000,0.080000,0
335,55.466000,55.386000,-0.080000,3,0,2.004137,2.049315,2.000546,5,0.160000,0.080000,0
335,55.466000,55.386000,-0.080000,3,1,2.794523,2.795385,2.826948,5,0.160000,0.080000,0
335,55.466000,55.386000,-0.080000,3,2,2.017607,1.982915,1.987549,5,0.160000,0.080000,0
336,55.510000,55.426800,-0.083200,3,0,1.990210,1.972341,2.000223,5,0.164000,0.083200,0
336,55.510000,55.426800,-0.083200,3,1,2.782527,2.748648,2.828116,5,0.164000,0.083200,0
336,55.510000,55.426800,-0.083200,3,2,2.036811,2.054890,1.988166,5,0.164000,0.083200,0
337,55.546000,55.466800,-0.079200,3,0,1.971873,1.969025,1.999798,5,0.160000,0.079200,0
337,55.546000,55.466800,-0.079200,3,1,2.795458,2.837383,2.829605,5,0.160000,0.079200,0
337,55.546000,55.466800,-0.079200,3,2,2.032772,1.963050,1.988954,5,0.160000,0.079200,0
338,55.586000,55.506800,-0.079200,3,0,1.958226,1.886431,1.999391,5,0.160000,0.079200,0
338,55.586000,55.506800,-0.079200,3,1,2.808523,2.921063,2.830974,5,0.160000,0.079200,0
338,55.586000,55.506800,-0.079200,3,2,2.000738,1.990884,1.989686,5,0.160000,0.079200,0
339,55.626000,55.546800,-0.079200,3,0,1.962763,1.936703,1.998985,5,0.160000,0.079200,0
339,55.626000,55.546800,-0.079200,3,1,2.843021,2.912624,2.832277,5,0.160000,0.079200,0
339,55.626000,55.546800,-0.079200,3,2,2.019751,2.107014,1.990391,5,0.160000,0.079200,0
340,55.666000,55.586800,-0.079200,3,0,1.948193,1.976464,1.998562,5,0.156000,0.079200,0
340,55.666000,55.586800,-0.079200,3,1,2.855896,2.859761,2.833569,5,0.156000,0.079200,0
340,55.666000,55.586800,-0.079200,3,2,2.012375,1.946038,1.991103,5,0.156000,0.079200,0
341,55.706000,55.626000,-0.080000,3,0,1.954954,2.006149,1.998167,5,0.160000,0.080000,0
341,55.706000,55.626000,-0.080000,3,1,2.865193,2.795131,2.834725,5,0.160000,0.080000,0
341,55.706000,55.626000,-0.080000,3,2,2.002575,2.005890,1.991751,5,0.160000,0.080000,0
342,55.746000,55.666000,-0.080000,3,0,1.943010,1.909302,1.997697,5,0.160000,0.080000,0
342,55.746000,55.666000,-0.080000,3,1,2.864525,2.834043,2.836043,5,0.160000,0.080000,0
342,55.746000,55.666000,-0.080000,3,2,2.017061,2.035477,1.992505,5,0.160000,0.080000,0
343,55.786000,55.706000,-0.080000,3,0,1.957567,1.959214,1.997306,5,0.160000,0.080000,0
343,55.786000,55.706000,-0.080000,3,1,2.841038,2.803630,2.837103,5,0.160000,0.080000,0
343,55.786000,55.706000,-0.080000,3,2,2.022800,2.019582,1.993126,5,0.160000,0.080000,0
344,55.826000,55.746000,-0.080000,3,0,1.969366,1.995700,1.996825,5,0.160000,0.080000,0
344,55.826000,55.746000,-0.080000,3,1,2.814616,2.780515,2.838373,5,0.160000,0.080000,0
344,55.826000,55.746000,-0.080000,3,2,2.021734,2.101683,1.993887,5,0.160000,0.080000,0
345,55.866000,55.786000,-0.080000,3,0,1.989604,2.077655,1.996408,5,0.160000,0.080000,0
345,55.866000,55.786000,-0.080000,3,1,2.816375,2.868556,2.839446,5,0.160000,0.080000,0
345,55.866000,55.786000,-0.080000,3,2,2.052317,2.098953,1.994546,5,0.160000,0.080000,0
346,55.906000,55.826000,-0.080000,3,0,2.013890,2.127576,1.996017,5,0.160000,0.080000,0
346,55.906000,55.826000,-0.080000,3,1,2.833150,2.879005,2.840443,5,0.160000,0.080000,0
346,55.906000,55.826000,-0.080000,3,2,2.045238,1.970494,1.995171,5,0.160000,0.080000,0
347,55.946000,55.866000,-0.080000,3,0,2.018824,1.933973,1.995611,5,0.160000,0.080000,0
347,55.946000,55.866000,-0.080000,3,1,2.847888,2.907732,2.841476,5,0.160000,0.080000,0
347,55.946000,55.866000,-0.080000,3,2,2.041676,2.017669,1.995831,5,0.160000,0.080000,0
348,55.986000,55.906000,-0.080000,3,0,2.030404,2.017114,1.995237,5,0.160000,0.080000,0
348,55.986000,55.906000,-0.080000,3,1,2.856490,2.846640,2.842439,5,0.160000,0.080000,0
348,55.986000,55.906000,-0.080000,3,2,2.027666,1.949531,1.996458,5,0.160000,0.080000,0
349,56.026000,55.946000,-0.080000,3,0,2.035094,2.019150,1.994855,5,0.160000,0.080000,0
349,56.026000,55.946000,-0.080000,3,1,2.866051,2.828323,2.843438,5,0.160000,0.080000,0
349,56.026000,55.946000,-0.080000,3,2,2.015088,2.038792,1.997121,5,0.160000,0.080000,0
350,56.066000,55.986000,-0.080000,3,0,2.016219,1.983279,1.994487,5,0.160000,0.080000,0
350,56.066000,55.986000,-0.080000,3,1,2.865326,2.864930,2.844421,5,0.160000,0.080000,0
350,56.066000,55.986000,-0.080000,3,2,1.972557,1.886301,1.997784,5,0.160000,0.080000,0
351,56.106000,56.026000,-0.080000,3,0,2.006294,2.077952,1.994152,5,0.160000,0.080000,0
351,56.106000,56.026000,-0.080000,3,1,2.862040,2.862574,2.845339,5,0.160000,0.080000,0
351,56.106000,56.026000,-0.080000,3,2,1.980280,2.009106,1.998414,5,0.160000,0.080000,0
352,56.146000,56.066000,-0.080000,3,0,2.007713,1.941071,1.993810,5,0.160000,0.080000,0
352,56.146000,56.066000,-0.080000,3,1,2.853536,2.865216,2.846296,5,0.160000,0.080000,0
352,56.146000,56.066000,-0.080000,3,2,1.951952,1.876031,1.999080,5,0.160000,0.080000,0
353,56.186000,56.106000,-0.080000,3,0,2.010011,2.028603,1.993476,5,0.160000,0.080000,0
353,56.186000,56.106000,-0.080000,3,1,2.852205,2.839981,2.847238,5,0.160000,0.080000,0
353,56.186000,56.106000,-0.080000,3,2,1.973825,2.058896,1.999746,5,0.160000,0.080000,0
354,56.226000,56.146000,-0.080000,3,0,1.982193,1.880060,1.993149,5,0.160000,0.080000,0
354,56.226000,56.146000,-0.080000,3,1,2.830955,2.722076,2.848165,5,0.160000,0.080000,0
354,56.226000,56.146000,-0.080000,3,2,1.980783,2.073582,2.000413,5,0.160000,0.080000,0
355,56.266000,56.186000,-0.080000,3,0,1.966349,1.904061,1.992503,5,0.160000,0.080000,0
355,56.266000,56.186000,-0.080000,3,1,2.812791,2.774106,2.849959,5,0.160000,0.080000,0
355,56.266000,56.186000,-0.080000,3,2,1.995917,1.961971,2.001749,5,0.160000,0.080000,0
356,56.306000,56.226000,-0.080000,3,0,1.936505,1.928730,1.992182,5,0.160000,0.080000,0
356,56.306000,56.226000,-0.080000,3,1,2.816750,2.882372,2.850821,5,0.160000,0.080000,0
356,56.306000,56.226000,-0.080000,3,2,1.984934,1.954190,2.002417,5,0.160000,0.080000,0
357,56.346000,56.266000,-0.080000,3,0,1.939424,1.955662,1.991865,5,0.160000,0.080000,0
357,56.346000,56.266000,-0.080000,3,1,2.813091,2.846918,2.851657,5,0.160000,0.080000,0
357,56.346000,56.266000,-0.080000,3,2,2.011011,2.006417,2.003085,5,0.160000,0.080000,0
358,56.386000,56.306000,-0.080000,3,0,1.919273,1.927853,1.991552,5,0.160000,0.080000,0
358,56.386000,56.306000,-0.080000,3,1,2.824014,2.894598,2.852466,5,0.160000,0.080000,0
358,56.386000,56.306000,-0.080000,3,2,2.017330,2.090490,2.003752,5,0.160000,0.080000,0
359,56.426000,56.346000,-0.080000,3,0,1.956498,2.066181,1.991257,5,0.160000,0.080000,0
359,56.426000,56.346000,-0.080000,3,1,2.846897,2.836491,2.853206,5,0.160000,0.080000,0
359,56.426000,56.346000,-0.080000,3,2,1.986988,1.921875,2.004382,5,0.160000,0.080000,0
360,56.466000,56.386000,-0.080000,3,0,1.984520,2.044174,1.990949,5,0.160000,0.080000,0
360,56.466000,56.386000,-0.080000,3,1,2.856150,2.820370,2.853958,5,0.160000,0.080000,0
360,56.466000,56.386000,-0.080000,3,2,1.982843,1.941242,2.005044,5,0.160000,0.080000,0
361,56.506000,56.426000,-0.080000,3,0,2.003560,2.023927,1.990644,5,0.160000,0.080000,0
361,56.506000,56.426000,-0.080000,3,1,2.843015,2.816698,2.854681,5,0.160000,0.080000,0
361,56.506000,56.426000,-0.080000,3,2,1.998340,2.031678,2.005703,5,0.160000,0.080000,0
362,56.546000,56.466000,-0.080000,3,0,2.015089,2.013312,1.990359,5,0.160000,0.080000,0
362,56.546000,56.466000,-0.080000,3,1,2.829913,2.781407,2.855340,5,0.160000,0.080000,0
362,56.546000,56.466000,-0.080000,3,2,1.984158,1.935504,2.006326,5,0.160000,0.080000,0
363,56.586000,56.506000,-0.080000,3,0,2.044004,2.072427,1.990064,5,0.160000,0.080000,0
363,56.586000,56.506000,-0.080000,3,1,2.820984,2.849956,2.856014,5,0.160000,0.080000,0
363,56.586000,56.506000,-0.080000,3,2,1.988276,2.111083,2.006984,5,0.160000,0.080000,0
364,56.626000,56.546000,-0.080000,3,0,2.030255,1.997433,1.989750,5,0.160000,0.080000,0
364,56.626000,56.546000,-0.080000,3,1,2.820296,2.833047,2.856738,5,0.160000,0.080000,0
364,56.626000,56.546000,-0.080000,3,2,2.019853,2.079758,2.007712,5,0.160000,0.080000,0
365,56.666000,56.586000,-0.080000,3,0,2.042107,2.103434,1.989466,5,0.160000,0.080000,0
365,56.666000,56.586000,-0.080000,3,1,2.830364,2.870710,2.857410,5,0.160000,0.080000,0
365,56.666000,56.586000,-0.080000,3,2,2.031558,1.999765,2.008408,5,0.160000,0.080000,0
366,56.706000,56.626000,-0.080000,3,0,2.007793,1.852357,1.989203,5,0.160000,0.080000,0
366,56.706000,56.626000,-0.080000,3,1,2.861399,2.971873,2.858070,5,0.160000,0.080000,0
366,56.706000,56.626000,-0.080000,3,2,2.035934,2.053562,2.009107,5,0.160000,0.080000,0
367,56.746000,56.666000,-0.080000,3,0,2.026848,2.108586,1.988929,5,0.160000,0.080000,0
367,56.746000,56.666000,-0.080000,3,1,2.887053,2.909679,2.858816,5,0.160000,0.080000,0
367,56.746000,56.666000,-0.080000,3,2,2.056128,2.036473,2.009911,5,0.160000,0.080000,0
368,56.786000,56.706000,-0.080000,3,0,2.021729,2.046834,1.988729,5,0.160000,0.080000,0
368,56.786000,56.706000,-0.080000,3,1,2.926809,3.048737,2.859425,5,0.160000,0.080000,0
368,56.786000,56.706000,-0.080000,3,2,2.062394,2.142412,2.010572,5,0.160000,0.080000,0
369,56.826000,56.746000,-0.080000,3,0,1.994151,1.859545,1.988532,5,0.160000,0.080000,0
369,56.826000,56.746000,-0.080000,3,1,2.953965,2.968827,2.860091,5,0.160000,0.080000,0
369,56.826000,56.746000,-0.080000,3,2,2.024555,1.890564,2.011296,5,0.160000,0.080000,0
370,56.866000,56.786000,-0.080000,3,0,1.970844,1.986899,1.988381,5,0.160000,0.080000,0
370,56.866000,56.786000,-0.080000,3,1,2.962291,2.912338,2.860656,5,0.160000,0.080000,0
370,56.866000,56.786000,-0.080000,3,2,2.034307,2.048525,2.011907,5,0.160000,0.080000,0
371,56.906000,56.826000,-0.080000,3,0,1.993754,1.966905,1.988236,5,0.160000,0.080000,0
371,56.906000,56.826000,-0.080000,3,1,2.954846,2.934650,2.861248,5,0.160000,0.080000,0
371,56.906000,56.826000,-0.080000,3,2,2.044547,2.104759,2.012542,5,0.160000,0.080000,0
372,56.946000,56.866000,-0.080000,3,0,1.972958,2.004605,1.988101,5,0.160000,0.080000,0
372,56.946000,56.866000,-0.080000,3,1,2.966526,2.968080,2.861833,5,0.160000,0.080000,0
372,56.946000,56.866000,-0.080000,3,2,2.059017,2.108826,2.013163,5,0.160000,0.080000,0
373,56.986000,56.906000,-0.080000,3,0,1.970048,2.032287,1.987975,5,0.160000,0.080000,0
373,56.986000,56.906000,-0.080000,3,1,2.965634,3.044277,2.862407,5,0.160000,0.080000,0
373,56.986000,56.906000,-0.080000,3,2,2.052852,2.111583,2.013770,5,0.160000,0.080000,0
374,57.026000,56.946000,-0.080000,3,0,2.023397,2.126291,1.987856,5,0.160000,0.080000,0
374,57.026000,56.946000,-0.080000,3,1,2.928057,2.780943,2.862967,5,0.160000,0.080000,0
374,57.026000,56.946000,-0.080000,3,2,2.061055,1.931582,2.014361,5,0.160000,0.080000,0
375,57.066000,56.986000,-0.080000,3,0,2.033464,2.037231,1.987750,5,0.160000,0.080000,0
375,57.066000,56.986000,-0.080000,3,1,2.935806,2.951082,2.863481,5,0.160000,0.080000,0
375,57.066000,56.986000,-0.080000,3,2,2.067111,2.078804,2.014905,5,0.160000,0.080000,0
376,57.106000,57.026000,-0.080000,3,0,2.065750,2.128337,1.987646,5,0.160000,0.080000,0
376,57.106000,57.026000,-0.080000,3,1,2.948537,2.998305,2.864004,5,0.160000,0.080000,0
376,57.106000,57.026000,-0.080000,3,2,2.048583,2.012121,2.015461,5,0.160000,0.080000,0
377,57.146000,57.066000,-0.080000,3,0,2.052797,1.939839,1.987468,5,0.160000,0.080000,0
377,57.146000,57.066000,-0.080000,3,1,2.924652,2.848656,2.864909,5,0.160000,0.080000,0
377,57.146000,57.066000,-0.080000,3,2,2.020405,1.967933,2.016436,5,0.160000,0.080000,0
378,57.186000,57.106000,-0.080000,3,0,2.042975,1.983176,1.987373,5,0.160000,0.080000,0
378,57.186000,57.106000,-0.080000,3,1,2.888841,2.865219,2.865390,5,0.160000,0.080000,0
378,57.186000,57.106000,-0.080000,3,2,2.003214,2.025632,2.016967,5,0.160000,0.080000,0
379,57.226000,57.146000,-0.080000,3,0,2.016588,1.994359,1.987373,5,0.160000,0.080000,0
379,57.226000,57.146000,-0.080000,3,1,2.902877,2.851126,2.865390,5,0.160000,0.080000,0
379,57.226000,57.146000,-0.080000,3,2,2.022348,2.027251,2.016967,5,0.160000,0.080000,0
380,57.266000,57.186000,-0.080000,3,0,2.019099,2.049782,1.987268,5,0.160000,0.080000,0
380,57.266000,57.186000,-0.080000,3,1,2.893426,2.903825,2.865914,5,0.160000,0.080000,0
380,57.266000,57.186000,-0.080000,3,2,2.023839,2.086260,2.017560,5,0.160000,0.080000,0
381,57.306000,57.226000,-0.080000,3,0,2.007456,2.070126,1.987186,5,0.160000,0.080000,0
381,57.306000,57.226000,-0.080000,3,1,2.842321,2.742781,2.866329,5,0.160000,0.080000,0
381,57.306000,57.226000,-0.080000,3,2,2.018504,1.985442,2.018040,5,0.160000,0.080000,0
382,57.346000,57.266000,-0.080000,3,0,2.028491,2.045012,1.987099,5,0.160000,0.080000,0
382,57.346000,57.266000,-0.080000,3,1,2.805124,2.662669,2.866791,5,0.160000,0.080000,0
382,57.346000,57.266000,-0.080000,3,2,2.018069,1.965758,2.018588,5,0.160000,0.080000,0
383,57.386000,57.306000,-0.080000,3,0,2.038049,2.030964,1.987034,5,0.160000,0.080000,0
383,57.386000,57.306000,-0.080000,3,1,2.819361,2.936402,2.867197,5,0.160000,0.080000,0
383,57.386000,57.306000,-0.080000,3,2,2.008482,1.977698,2.019080,5,0.160000,0.080000,0
384,57.426000,57.346000,-0.080000,3,0,2.044573,2.026982,1.986987,5,0.160000,0.080000,0
384,57.426000,57.346000,-0.080000,3,1,2.823789,2.873266,2.867568,5,0.160000,0.080000,0
384,57.426000,57.346000,-0.080000,3,2,2.040377,2.186726,2.019541,5,0.160000,0.080000,0
385,57.466000,57.386000,-0.080000,3,0,2.031920,1.986514,1.986954,5,0.160000,0.080000,0
385,57.466000,57.386000,-0.080000,3,1,2.802722,2.798490,2.867960,5,0.160000,0.080000,0
385,57.466000,57.386000,-0.080000,3,2,2.014255,1.955654,2.020039,5,0.160000,0.080000,0
386,57.508000,57.426400,-0.081600,3,0,2.021118,2.016119,1.986943,5,0.162000,0.081600,0
386,57.508000,57.426400,-0.081600,3,1,2.832814,2.893243,2.868295,5,0.162000,0.081600,0
386,57.508000,57.426400,-0.081600,3,2,1.992999,1.879160,2.020477,5,0.162000,0.081600,0
387,57.546000,57.466400,-0.079600,3,0,2.005068,1.964764,1.986951,5,0.160000,0.079600,0
387,57.546000,57.466400,-0.079600,3,1,2.888048,2.938838,2.868656,5,0.160000,0.079600,0
387,57.546000,57.466400,-0.079600,3,2,1.985876,1.930142,2.020963,5,0.160000,0.079600,0
388,57.586000,57.506400,-0.079600,3,0,2.016649,2.088869,1.986979,5,0.160000,0.079600,0
388,57.586000,57.506400,-0.079600,3,1,2.885612,2.924225,2.868946,5,0.160000,0.079600,0
388,57.586000,57.506400,-0.079600,3,2,2.001886,2.057746,2.021365,5,0.160000,0.079600,0
389,57.626000,57.546400,-0.079600,3,0,2.045767,2.172568,1.987027,5,0.160000,0.079600,0
389,57.626000,57.546400,-0.079600,3,1,2.882324,2.856823,2.869216,5,0.160000,0.079600,0
389,57.626000,57.546400,-0.079600,3,2,1.952833,1.941462,2.021751,5,0.160000,0.079600,0
390,57.666000,57.586400,-0.079600,3,0,2.052305,2.019205,1.987109,5,0.158000,0.079600,0
390,57.666000,57.586400,-0.079600,3,1,2.873185,2.752797,2.869503,5,0.158000,0.079600,0
390,57.666000,57.586400,-0.079600,3,2,1.971395,2.048465,2.022182,5,0.158000,0.079600,0
391,57.706000,57.626000,-0.080000,3,0,2.054763,2.028408,1.987195,5,0.160000,0.080000,0
391,57.706000,57.626000,-0.080000,3,1,2.851586,2.785249,2.869716,5,0.160000,0.080000,0
391,57.706000,57.626000,-0.080000,3,2,2.021828,2.131323,2.022524,5,0.160000,0.080000,0
392,57.746000,57.666000,-0.080000,3,0,2.052864,1.955270,1.987310,5,0.160000,0.080000,0
392,57.746000,57.666000,-0.080000,3,1,2.814901,2.755409,2.869930,5,0.160000,0.080000,0
392,57.746000,57.666000,-0.080000,3,2,2.048234,2.062173,2.022896,5,0.160000,0.080000,0
393,57.786000,57.706000,-0.080000,3,0,2.027447,1.961784,1.987549,5,0.160000,0.080000,0
393,57.786000,57.706000,-0.080000,3,1,2.796701,2.833229,2.870233,5,0.160000,0.080000,0
393,57.786000,57.706000,-0.080000,3,2,2.059381,2.113480,2.023534,5,0.160000,0.080000,0
394,57.826000,57.746000,-0.080000,3,0,1.985536,1.963014,1.987698,5,0.160000,0.080000,0
394,57.826000,57.746000,-0.080000,3,1,2.781262,2.779625,2.870351,5,0.160000,0.080000,0
394,57.826000,57.746000,-0.080000,3,2,2.083830,2.063707,2.023877,5,0.160000,0.080000,0
395,57.866000,57.786000,-0.080000,3,0,1.945353,1.818290,1.987837,5,0.160000,0.080000,0
395,57.866000,57.786000,-0.080000,3,1,2.817657,2.934775,2.870416,5,0.160000,0.080000,0
395,57.866000,57.786000,-0.080000,3,2,2.091555,2.087094,2.024158,5,0.160000,0.080000,0
396,57.906000,57.826000,-0.080000,3,0,1.964038,2.121834,1.987976,5,0.160000,0.080000,0
396,57.906000,57.826000,-0.080000,3,1,2.837940,2.886663,2.870440,5,0.160000,0.080000,0
396,57.906000,57.826000,-0.080000,3,2,2.048168,1.914388,2.024409,5,0.160000,0.080000,0
397,57.946000,57.866000,-0.080000,3,0,1.970466,1.987409,1.988117,5,0.160000,0.080000,0
397,57.946000,57.866000,-0.080000,3,1,2.869903,2.915226,2.870422,5,0.160000,0.080000,0
397,57.946000,57.866000,-0.080000,3,2,2.026365,1.953157,2.024627,5,0.160000,0.080000,0
398,57.986000,57.906000,-0.080000,3,0,1.982006,2.019482,1.988249,5,0.160000,0.080000,0
398,57.986000,57.906000,-0.080000,3,1,2.872280,2.845113,2.870364,5,0.160000,0.080000,0
398,57.986000,57.906000,-0.080000,3,2,2.011500,2.039152,2.024801,5,0.160000,0.080000,0
399,58.026000,57.946000,-0.080000,3,0,2.007431,2.090139,1.988388,5,0.160000,0.080000,0
399,58.026000,57.946000,-0.080000,3,1,2.894770,2.892076,2.870262,5,0.160000,0.080000,0
399,58.026000,57.946000,-0.080000,3,2,1.974034,1.876380,2.024954,5,0.160000,0.080000,0
400,58.066000,57.986000,-0.080000,3,0,2.027906,1.920665,1.988526,5,0.160000,0.080000,0
400,58.066000,57.986000,-0.080000,3,1,2.861981,2.770828,2.870119,5,0.160000,0.080000,0
400,58.066000,57.986000,-0.080000,3,2,1.959596,2.014904,2.025075,5,0.160000,0.080000,0
401,58.106000,58.026000,-0.080000,3,0,2.000717,1.985889,1.988652,5,0.160000,0.080000,0
401,58.106000,58.026000,-0.080000,3,1,2.830705,2.730285,2.869946,5,0.160000,0.080000,0
401,58.106000,58.026000,-0.080000,3,2,2.003065,2.131733,2.025164,5,0.160000,0.080000,0
402,58.146000,58.066000,-0.080000,3,0,2.013904,2.053342,1.988781,5,0.160000,0.080000,0
402,58.146000,58.066000,-0.080000,3,1,2.795913,2.741266,2.869727,5,0.160000,0.080000,0
402,58.146000,58.066000,-0.080000,3,2,2.032760,2.101633,2.025233,5,0.160000,0.080000,0
403,58.186000,58.106000,-0.080000,3,0,2.019216,2.046044,1.988904,5,0.160000,0.080000,0
403,58.186000,58.106000,-0.080000,3,1,2.781788,2.774488,2.869471,5,0.160000,0.080000,0
403,58.186000,58.106000,-0.080000,3,2,2.023290,1.991799,2.025277,5,0.160000,0.080000,0
404,58.226000,58.146000,-0.080000,3,0,2.034715,2.167637,1.989019,5,0.160000,0.080000,0
404,58.226000,58.146000,-0.080000,3,1,2.774723,2.856750,2.869181,5,0.160000,0.080000,0
404,58.226000,58.146000,-0.080000,3,2,2.039051,1.955184,2.025302,5,0.160000,0.080000,0
405,58.266000,58.186000,-0.080000,3,0,2.035059,1.922380,1.989127,5,0.160000,0.080000,0
405,58.266000,58.186000,-0.080000,3,1,2.805446,2.924441,2.868860,5,0.160000,0.080000,0
405,58.266000,58.186000,-0.080000,3,2,2.031867,1.978986,2.025308,5,0.160000,0.080000,0
406,58.306000,58.226000,-0.080000,3,0,2.055865,2.089921,1.989220,5,0.160000,0.080000,0
406,58.306000,58.226000,-0.080000,3,1,2.867442,3.040264,2.868528,5,0.160000,0.080000,0
406,58.306000,58.226000,-0.080000,3,2,2.031817,2.131481,2.025296,5,0.160000,0.080000,0
407,58.346000,58.266000,-0.080000,3,0,2.057845,2.063245,1.989308,5,0.160000,0.080000,0
407,58.346000,58.266000,-0.080000,3,1,2.900788,2.907998,2.868150,5,0.160000,0.080000,0
407,58.346000,58.266000,-0.080000,3,2,2.019963,2.042365,2.025268,5,0.160000,0.080000,0
408,58.386000,58.306000,-0.080000,3,0,2.039191,1.952771,1.989437,5,0.160000,0.080000,0
408,58.386000,58.306000,-0.080000,3,1,2.912192,2.831507,2.867352,5,0.160000,0.080000,0
408,58.386000,58.306000,-0.080000,3,2,2.007725,1.930607,2.025163,5,0.160000,0.080000,0
409,58.426000,58.346000,-0.080000,3,0,2.004001,1.991690,1.989481,5,0.160000,0.080000,0
409,58.426000,58.346000,-0.080000,3,1,2.942899,3.010287,2.866856,5,0.160000,0.080000,0
409,58.426000,58.346000,-0.080000,3,2,2.025511,2.044115,2.025075,5,0.160000,0.080000,0
410,58.466000,58.386000,-0.080000,3,0,2.009800,1.951371,1.989496,5,0.160000,0.080000,0
410,58.466000,58.386000,-0.080000,3,1,2.914935,2.784618,2.866540,5,0.160000,0.080000,0
410,58.466000,58.386000,-0.080000,3,2,2.030541,2.004136,2.025012,5,0.160000,0.080000,0
411,58.506000,58.426000,-0.080000,3,0,1.971696,1.899402,1.989499,5,0.160000,0.080000,0
411,58.506000,58.426000,-0.080000,3,1,2.899802,2.964603,2.866007,5,0.160000,0.080000,0
411,58.506000,58.426000,-0.080000,3,2,2.017662,2.067088,2.024896,5,0.160000,0.080000,0
412,58.546000,58.466000,-0.080000,3,0,1.962721,2.018373,1.989475,5,0.160000,0.080000,0
412,58.546000,58.466000,-0.080000,3,1,2.882145,2.819713,2.865435,5,0.160000,0.080000,0
412,58.546000,58.466000,-0.080000,3,2,2.016917,2.038638,2.024763,5,0.160000,0.080000,0
413,58.586000,58.506000,-0.080000,3,0,1.969676,1.987543,1.989424,5,0.160000,0.080000,0
413,58.586000,58.506000,-0.080000,3,1,2.889073,2.866146,2.864858,5,0.160000,0.080000,0
413,58.586000,58.506000,-0.080000,3,2,2.009519,1.893615,2.024624,5,0.160000,0.080000,0
414,58.626000,58.546000,-0.080000,3,0,1.968626,1.986441,1.989352,5,0.160000,0.080000,0
414,58.626000,58.546000,-0.080000,3,1,2.869617,2.913004,2.864285,5,0.160000,0.080000,0
414,58.626000,58.546000,-0.080000,3,2,2.016178,2.077411,2.024482,5,0.160000,0.080000,0
415,58.666000,58.586000,-0.080000,3,0,1.960746,1.911971,1.989210,5,0.160000,0.080000,0
415,58.666000,58.586000,-0.080000,3,1,2.902201,2.947539,2.863433,5,0.160000,0.080000,0
415,58.666000,58.586000,-0.080000,3,2,2.050083,2.173660,2.024273,5,0.160000,0.080000,0
416,58.706000,58.626000,-0.080000,3,0,1.990782,2.049582,1.989076,5,0.160000,0.080000,0
416,58.706000,58.626000,-0.080000,3,1,2.885980,2.883498,2.862767,5,0.160000,0.080000,0
416,58.706000,58.626000,-0.080000,3,2,2.053782,2.085586,2.024112,5,0.160000,0.080000,0
417,58.746000,58.666000,-0.080000,3,0,1.993312,2.031024,1.988901,5,0.160000,0.080000,0
417,58.746000,58.666000,-0.080000,3,1,2.895052,2.865073,2.862004,5,0.160000,0.080000,0
417,58.746000,58.666000,-0.080000,3,2,2.064030,2.089876,2.023933,5,0.160000,0.080000,0
418,58.788000,58.706400,-0.081600,3,0,2.003345,2.037708,1.988691,5,0.162000,0.081600,0
418,58.788000,58.706400,-0.081600,3,1,2.898866,2.885218,2.861183,5,0.162000,0.081600,0
418,58.788000,58.706400,-0.081600,3,2,2.079964,1.973285,2.023749,5,0.162000,0.081600,0
419,58.826000,58.746400,-0.079600,3,0,2.017510,2.057265,1.988481,5,0.160000,0.079600,0
419,58.826000,58.746400,-0.079600,3,1,2.906690,2.952121,2.860424,5,0.160000,0.079600,0
419,58.826000,58.746400,-0.079600,3,2,2.091430,2.134742,2.023586,5,0.160000,0.079600,0
420,58.866000,58.786400,-0.079600,3,0,2.019612,1.922482,1.988243,5,0.160000,0.079600,0
420,58.866000,58.786400,-0.079600,3,1,2.889508,2.861630,2.859614,5,0.160000,0.079600,0
420,58.866000,58.786400,-0.079600,3,2,2.051781,1.975417,2.023422,5,0.160000,0.079600,0
421,58.906000,58.826400,-0.079600,3,0,2.005731,1.980175,1.988018,5,0.160000,0.079600,0
421,58.906000,58.826400,-0.079600,3,1,2.896331,2.917616,2.858876,5,0.160000,0.079600,0
421,58.906000,58.826400,-0.079600,3,2,2.043225,2.042804,2.023280,5,0.160000,0.079600,0
422,58.946000,58.866400,-0.079600,3,0,1.988012,1.942430,1.987562,5,0.158000,0.079600,0
422,58.946000,58.866400,-0.079600,3,1,2.896990,2.868365,2.857421,5,0.158000,0.079600,0
422,58.946000,58.866400,-0.079600,3,2,2.027991,2.013705,2.023018,5,0.158000,0.079600,0
423,58.986000,58.906000,-0.080000,3,0,1.948665,1.840974,1.987298,5,0.160000,0.080000,0
423,58.986000,58.906000,-0.080000,3,1,2.888389,2.842215,2.856582,5,0.160000,0.080000,0
423,58.986000,58.906000,-0.080000,3,2,2.052890,2.097780,2.022871,5,0.160000,0.080000,0
424,59.026000,58.946000,-0.080000,3,0,1.919638,1.912128,1.987030,5,0.160000,0.080000,0
424,59.026000,58.946000,-0.080000,3,1,2.877867,2.899509,2.855737,5,0.160000,0.080000,0
424,59.026000,58.946000,-0.080000,3,2,2.052394,2.132266,2.022725,5,0.160000,0.080000,0
425,59.066000,58.986000,-0.080000,3,0,1.950541,2.076998,1.987030,5,0.160000,0.080000,0
425,59.066000,58.986000,-0.080000,3,1,2.888149,2.913041,2.855737,5,0.160000,0.080000,0
425,59.066000,58.986000,-0.080000,3,2,2.084143,2.134162,2.022725,5,0.160000,0.080000,0
426,59.106000,59.026000,-0.080000,3,0,1.980349,2.129216,1.986728,5,0.160000,0.080000,0
426,59.106000,59.026000,-0.080000,3,1,2.892304,2.938387,2.854803,5,0.160000,0.080000,0
426,59.106000,59.026000,-0.080000,3,2,2.105961,2.151892,2.022551,5,0.160000,0.080000,0
427,59.146000,59.066000,-0.080000,3,0,1.986590,1.973637,1.986444,5,0.160000,0.080000,0
427,59.146000,59.066000,-0.080000,3,1,2.890448,2.859085,2.853961,5,0.160000,0.080000,0
427,59.146000,59.066000,-0.080000,3,2,2.109505,2.031428,2.022370,5,0.160000,0.080000,0
428,59.186000,59.106000,-0.080000,3,0,2.037769,2.096867,1.986189,5,0.160000,0.080000,0
428,59.186000,59.106000,-0.080000,3,1,2.898557,2.882763,2.853211,5,0.160000,0.080000,0
428,59.186000,59.106000,-0.080000,3,2,2.120921,2.154856,2.022200,5,0.160000,0.080000,0
429,59.228000,59.146400,-0.081600,3,0,2.029804,1.872304,1.985903,5,0.162000,0.081600,0
429,59.228000,59.146400,-0.081600,3,1,2.907624,2.944842,2.852152,5,0.162000,0.081600,0
429,59.228000,59.146400,-0.081600,3,2,2.078880,1.922065,2.022072,5,0.162000,0.081600,0
430,59.266000,59.186400,-0.079600,3,0,2.015521,2.005583,1.986010,5,0.160000,0.079600,0
430,59.266000,59.186400,-0.079600,3,1,2.903381,2.891830,2.852037,5,0.160000,0.079600,0
430,59.266000,59.186400,-0.079600,3,2,2.079033,2.134926,2.022267,5,0.160000,0.079600,0
431,59.306000,59.226400,-0.079600,3,0,1.998423,2.043721,1.986380,5,0.160000,0.079600,0
431,59.306000,59.226400,-0.079600,3,1,2.879832,2.820639,2.852361,5,0.160000,0.079600,0
431,59.306000,59.226400,-0.079600,3,2,2.072730,2.120378,2.022730,5,0.160000,0.079600,0
432,59.346000,59.266400,-0.079600,3,0,2.025235,2.107697,1.987093,5,0.160000,0.079600,0
432,59.346000,59.266400,-0.079600,3,1,2.885766,2.888755,2.853216,5,0.160000,0.079600,0
432,59.346000,59.266400,-0.079600,3,2,2.081422,2.074886,2.023544,5,0.160000,0.079600,0
433,59.386000,59.306400,-0.079600,3,0,2.040567,2.173531,1.988296,5,0.158000,0.079600,0
433,59.386000,59.306400,-0.079600,3,1,2.873708,2.822475,2.854800,5,0.158000,0.079600,0
433,59.386000,59.306400,-0.079600,3,2,2.070966,2.102575,2.024861,5,0.158000,0.079600,0
434,59.426000,59.346000,-0.080000,3,0,2.076734,2.053135,1.989746,5,0.160000,0.080000,0
434,59.426000,59.346000,-0.080000,3,1,2.837723,2.764916,2.856778,5,0.160000,0.080000,0
434,59.426000,59.346000,-0.080000,3,2,2.081935,1.976908,2.026406,5,0.160000,0.080000,0
435,59.466000,59.386000,-0.080000,3,0,2.064984,1.946837,1.992018,5,0.160000,0.080000,0
435,59.466000,59.386000,-0.080000,3,1,2.821353,2.809981,2.859932,5,0.160000,0.080000,0
435,59.466000,59.386000,-0.080000,3,2,2.059022,2.020364,2.028786,5,0.160000,0.080000,0
436,59.508000,59.426400,-0.081600,3,0,2.030027,1.868936,1.994963,5,0.162000,0.081600,0
436,59.508000,59.426400,-0.081600,3,1,2.824218,2.834961,2.864062,5,0.162000,0.081600,0
436,59.508000,59.426400,-0.081600,3,2,2.036256,2.006547,2.031828,5,0.162000,0.081600,0
437,59.546000,59.466400,-0.079600,3,0,2.023872,2.076919,1.998434,5,0.160000,0.079600,0
437,59.546000,59.466400,-0.079600,3,1,2.823620,2.885764,2.868951,5,0.160000,0.079600,0
437,59.546000,59.466400,-0.079600,3,2,2.025247,2.019840,2.035377,5,0.160000,0.079600,0
438,59.586000,59.506400,-0.079600,3,0,2.009209,2.100219,2.001894,5,0.160000,0.079600,0
438,59.586000,59.506400,-0.079600,3,2,2.002161,1.987146,2.038892,5,0.160000,0.079600,0
439,59.626000,59.546400,-0.079600,3,0,1.987019,1.942182,2.005084,5,0.160000,0.079600,0
439,59.626000,59.514400,-0.111600,3,1,2.846629,2.937521,2.878342,5,0.200000,0.111600,0
439,59.626000,59.546400,-0.079600,3,2,2.023932,2.085764,2.042116,5,0.160000,0.079600,0
440,59.668000,59.586800,-0.081200,3,0,2.001877,2.021130,2.016440,5,0.160000,0.081200,0
440,59.668000,59.562800,-0.105200,3,1,2.865253,2.858035,2.894407,5,0.202000,0.105200,0
440,59.668000,59.586800,-0.081200,3,2,2.041317,2.107287,2.053532,5,0.160000,0.081200,0
441,59.706000,59.626400,-0.079600,3,0,2.040291,2.061004,2.022920,5,0.160000,0.079600,0
441,59.706000,59.610800,-0.095200,3,1,2.882370,2.895569,2.903585,5,0.198000,0.095200,0
441,59.706000,59.626400,-0.079600,3,2,2.051221,2.056067,2.060026,5,0.160000,0.079600,0
442,59.746000,59.666400,-0.079600,3,0,2.027741,2.014169,2.031412,5,0.160000,0.079600,0
442,59.746000,59.658400,-0.087600,3,1,2.900392,2.925071,2.915617,5,0.200000,0.087600,0
442,59.746000,59.666400,-0.079600,3,2,2.054837,2.037922,2.068524,5,0.160000,0.079600,0
443,59.786000,59.706400,-0.079600,3,0,2.027434,2.098686,2.032273,5,0.160000,0.079600,0
443,59.786000,59.706400,-0.079600,3,1,2.921958,2.993593,2.916839,5,0.160000,0.079600,0
443,59.786000,59.706400,-0.079600,3,2,2.084845,2.137184,2.069386,5,0.160000,0.079600,0
444,59.826000,59.746400,-0.079600,3,0,2.059549,2.102759,2.049413,5,0.158000,0.079600,0
444,59.826000,59.746400,-0.079600,3,1,2.917677,2.916116,2.941149,5,0.158000,0.079600,0
444,59.826000,59.746400,-0.079600,3,2,2.077943,2.051255,2.086524,5,0.158000,0.079600,0
445,59.866000,59.786000,-0.080000,3,0,2.042222,1.934492,2.058602,5,0.160000,0.080000,0
445,59.866000,59.786000,-0.080000,3,1,2.931488,2.927091,2.954189,5,0.160000,0.080000,0
445,59.866000,59.786000,-0.080000,3,2,2.083387,2.134507,2.095707,5,0.160000,0.080000,0
446,59.908000,59.826400,-0.081600,3,0,2.070465,2.202222,2.069728,5,0.162000,0.081600,0
446,59.908000,59.826400,-0.081600,3,1,2.960942,3.042841,2.969979,5,0.162000,0.081600,0
446,59.908000,59.826400,-0.081600,3,2,2.108663,2.182447,2.106818,5,0.162000,0.081600,0
447,59.946000,59.866400,-0.079600,3,0,2.093257,2.128126,2.083104,5,0.160000,0.079600,0
447,59.946000,59.866400,-0.079600,3,1,2.992323,3.081976,2.988954,5,0.160000,0.079600,0
447,59.946000,59.866400,-0.079600,3,2,2.106379,2.026502,2.120163,5,0.160000,0.079600,0
448,59.992000,59.907600,-0.084400,3,0,2.093543,2.100114,2.099086,5,0.166000,0.084400,0
448,59.992000,59.907600,-0.084400,3,1,2.975363,2.908793,3.011608,5,0.166000,0.084400,0
448,59.992000,59.907600,-0.084400,3,2,2.107230,2.141439,2.136085,5,0.166000,0.084400,0
449,60.026000,59.947600,-0.078400,3,0,2.094074,2.105416,2.114924,5,0.160000,0.078400,0
449,60.026000,59.947600,-0.078400,3,1,3.001771,3.048156,3.034037,5,0.160000,0.078400,0
449,60.026000,59.947600,-0.078400,3,2,2.123581,2.133008,2.151839,5,0.160000,0.078400,0
450,60.066000,59.987600,-0.078400,3,0,2.148110,2.204670,2.131137,5,0.158000,0.078400,0
450,60.066000,59.987600,-0.078400,3,1,3.043895,3.137709,3.056974,5,0.158000,0.078400,0
450,60.066000,59.987600,-0.078400,3,2,2.138442,2.208815,2.167942,5,0.158000,0.078400,0
451,60.106000,60.027200,-0.078800,3,0,2.132633,2.124841,2.148471,5,0.160000,0.078800,0
451,60.106000,60.027200,-0.078800,3,1,3.016462,2.905675,3.081476,5,0.160000,0.078800,0
451,60.106000,60.027200,-0.078800,3,2,2.113807,2.059270,2.185137,5,0.160000,0.078800,0
452,60.146000,60.067200,-0.078800,3,0,2.115167,2.040793,2.168854,5,0.154000,0.078800,0
452,60.146000,60.067200,-0.078800,3,1,2.997216,2.985747,3.110262,5,0.154000,0.078800,0
452,60.146000,60.067200,-0.078800,3,2,2.144487,2.179901,2.205332,5,0.154000,0.078800,0
453,60.186000,60.106000,-0.080000,3,0,2.163756,2.343059,2.187581,5,0.160000,0.080000,0
453,60.186000,60.106000,-0.080000,3,1,3.020000,3.022713,3.136691,5,0.160000,0.080000,0
453,60.186000,60.106000,-0.080000,3,2,2.156668,2.202344,2.223868,5,0.160000,0.080000,0
454,60.226000,60.146000,-0.080000,3,0,2.214931,2.361294,2.192685,5,0.160000,0.080000,0
454,60.226000,60.146000,-0.080000,3,1,3.005896,2.977634,3.143890,5,0.160000,0.080000,0
454,60.226000,60.146000,-0.080000,3,2,2.171924,2.209288,2.228917,5,0.160000,0.080000,0
455,60.266000,60.186000,-0.080000,3,0,2.223319,2.246608,2.214922,5,0.160000,0.080000,0
455,60.266000,60.186000,-0.080000,3,2,2.168103,2.189714,2.250907,5,0.160000,0.080000,0
456,60.306000,60.226000,-0.080000,3,0,2.221106,2.113774,2.235027,5,0.160000,0.080000,0
456,60.306000,60.194000,-0.112000,3,1,3.011988,3.168169,3.203572,5,0.200000,0.112000,0
456,60.306000,60.226000,-0.080000,3,2,2.197317,2.205339,2.270776,5,0.160000,0.080000,0
457,60.346000,60.266000,-0.080000,3,0,2.269878,2.284657,2.257304,5,0.160000,0.080000,0
457,60.346000,60.242000,-0.104000,3,1,3.083307,3.262271,3.234947,5,0.200000,0.104000,0
457,60.346000,60.266000,-0.080000,3,2,2.208478,2.235703,2.292786,5,0.160000,0.080000,0
458,60.386000,60.306000,-0.080000,3,0,2.264436,2.315847,2.305153,5,0.160000,0.080000,0
458,60.386000,60.290000,-0.096000,3,1,3.148010,3.309264,3.302288,5,0.200000,0.096000,0
458,60.386000,60.306000,-0.080000,3,2,2.234940,2.334654,2.340041,5,0.160000,0.080000,0
459,60.428000,60.346400,-0.081600,3,0,2.249746,2.287844,2.330744,5,0.162000,0.081600,0
459,60.428000,60.338400,-0.089600,3,1,3.212150,3.343414,3.338278,5,0.202000,0.089600,0
459,60.428000,60.346400,-0.081600,3,2,2.270204,2.385608,2.365304,5,0.162000,0.081600,0
460,60.466000,60.386400,-0.079600,3,0,2.274733,2.371542,2.358894,5,0.160000,0.079600,0
460,60.466000,60.386400,-0.079600,3,1,3.280260,3.318184,3.377849,5,0.160000,0.079600,0
460,60.466000,60.386400,-0.079600,3,2,2.315976,2.418575,2.393082,5,0.160000,0.079600,0
461,60.506000,60.426400,-0.079600,3,0,2.317812,2.329168,2.386792,5,0.160000,0.079600,0
461,60.506000,60.426400,-0.079600,3,1,3.303057,3.282151,3.417052,5,0.160000,0.079600,0
461,60.506000,60.426400,-0.079600,3,2,2.355414,2.402528,2.420605,5,0.160000,0.079600,0
462,60.548000,60.466800,-0.081200,3,0,2.335209,2.371643,2.417382,5,0.162000,0.081200,0
462,60.548000,60.466800,-0.081200,3,1,3.357628,3.535129,3.460022,5,0.162000,0.081200,0
462,60.548000,60.466800,-0.081200,3,2,2.386770,2.392485,2.450776,5,0.162000,0.081200,0
463,60.586000,60.506800,-0.079200,3,0,2.349968,2.389644,2.449231,5,0.158000,0.079200,0
463,60.586000,60.506800,-0.079200,3,1,3.383198,3.437111,3.504744,5,0.158000,0.079200,0
463,60.586000,60.506800,-0.079200,3,2,2.417835,2.489980,2.482185,5,0.158000,0.079200,0
464,60.626000,60.546400,-0.079600,3,0,2.387993,2.477969,2.484033,5,0.160000,0.079600,0
464,60.626000,60.546400,-0.079600,3,1,3.424145,3.548151,3.553597,5,0.160000,0.079600,0
464,60.626000,60.546400,-0.079600,3,2,2.425713,2.424997,2.516504,5,0.160000,0.079600,0
465,60.666000,60.586400,-0.079600,3,0,2.380179,2.332471,2.518481,5,0.160000,0.079600,0
465,60.666000,60.586400,-0.079600,3,1,3.505295,3.723932,3.601937,5,0.160000,0.079600,0
465,60.666000,60.586400,-0.079600,3,2,2.452348,2.551750,2.550472,5,0.160000,0.079600,0
466,60.706000,60.626400,-0.079600,3,0,2.427107,2.563808,2.550578,5,0.158000,0.079600,0
466,60.706000,60.626400,-0.079600,3,1,3.580883,3.660091,3.646964,5,0.158000,0.079600,0
467,60.750000,60.666800,-0.083200,3,1,3.599775,3.629592,3.696062,5,0.164000,0.083200,0
467,60.750000,60.635200,-0.114800,3,2,2.509182,2.686699,2.616654,5,0.202000,0.114800,0
468,60.786000,60.674000,-0.112000,3,0,2.484072,2.656468,2.629524,5,0.200000,0.112000,0
468,60.786000,60.706800,-0.079200,3,1,3.627366,3.575065,3.757646,5,0.160000,0.079200,0
468,60.786000,60.682800,-0.103200,3,2,2.576287,2.728009,2.659987,5,0.200000,0.103200,0
469,60.826000,60.722000,-0.104000,3,0,2.503130,2.484931,2.669087,5,0.200000,0.104000,0
469,60.826000,60.746800,-0.079200,3,1,3.678444,3.803538,3.813079,5,0.160000,0.079200,0
469,60.826000,60.730800,-0.095200,3,2,2.603455,2.625820,2.699014,5,0.200000,0.095200,0
470,60.866000,60.770000,-0.096000,3,0,2.526989,2.597266,2.709869,5,0.200000,0.096000,0
470,60.866000,60.786800,-0.079200,3,1,3.700716,3.835294,3.870205,5,0.160000,0.079200,0
470,60.866000,60.778800,-0.087200,3,2,2.688717,2.851305,2.739254,5,0.200000,0.087200,0
471,60.906000,60.818000,-0.088000,3,0,2.605916,2.727108,2.747565,5,0.200000,0.088000,0
471,60.906000,60.826800,-0.079200,3,1,3.737996,3.846492,3.922997,5,0.156000,0.079200,0
471,60.906000,60.826800,-0.079200,3,2,2.732741,2.771872,2.776459,5,0.156000,0.079200,0
472,60.948000,60.866400,-0.081600,3,0,2.653498,2.801717,2.797016,5,0.162000,0.081600,0
472,60.948000,60.866400,-0.081600,3,1,3.803538,3.957300,3.992237,5,0.162000,0.081600,0
472,60.948000,60.866400,-0.081600,3,2,2.763819,2.842088,2.825278,5,0.162000,0.081600,0
473,60.986000,60.906400,-0.079600,3,0,2.683178,2.804868,2.797016,5,0.160000,0.079600,0
473,60.986000,60.906400,-0.079600,3,1,3.904437,4.079563,3.992237,5,0.160000,0.079600,0
473,60.986000,60.906400,-0.079600,3,2,2.783150,2.824665,2.825278,5,0.160000,0.079600,0
474,61.026000,60.946400,-0.079600,3,0,2.759960,2.868839,2.886108,5,0.160000,0.079600,0
474,61.026000,60.946400,-0.079600,3,1,3.968718,4.124942,4.116944,5,0.160000,0.079600,0
474,61.026000,60.946400,-0.079600,3,2,2.863022,3.025182,2.913254,5,0.160000,0.079600,0
475,61.066000,60.986400,-0.079600,3,0,2.828118,2.938059,2.925031,5,0.160000,0.079600,0
475,61.066000,60.986400,-0.079600,3,1,4.013546,4.059434,4.171411,5,0.160000,0.079600,0
475,61.066000,60.986400,-0.079600,3,2,2.870848,2.890436,2.951693,5,0.160000,0.079600,0
476,61.106000,61.026400,-0.079600,3,0,2.851468,2.843856,2.927339,5,0.158000,0.079600,0
476,61.106000,61.026400,-0.079600,3,1,4.075287,4.155197,4.174639,5,0.158000,0.079600,0
476,61.106000,61.026400,-0.079600,3,2,2.916965,3.002454,2.953972,5,0.158000,0.079600,0
477,61.150000,61.066800,-0.083200,3,0,2.894825,3.018502,3.021140,5,0.164000,0.083200,0
477,61.150000,61.066800,-0.083200,3,1,4.138266,4.272191,4.305865,5,0.164000,0.083200,0
477,61.150000,61.066800,-0.083200,3,2,2.973582,3.125173,3.046619,5,0.164000,0.083200,0
478,61.188000,61.107200,-0.080800,3,0,2.930561,2.983549,3.025902,5,0.162000,0.080800,0
478,61.188000,61.107200,-0.080800,3,1,4.185596,4.316214,4.312526,5,0.162000,0.080800,0
478,61.188000,61.107200,-0.080800,3,2,3.002850,2.971004,3.051323,5,0.162000,0.080800,0
479,61.228000,61.147600,-0.080400,3,0,2.965439,3.043229,3.083531,5,0.162000,0.080400,0
479,61.228000,61.147600,-0.080400,3,2,3.004740,3.034634,3.108257,5,0.162000,0.080400,0
480,61.266000,61.155200,-0.110800,3,1,4.239148,4.392706,4.471485,5,0.200000,0.110800,0
480,61.266000,61.187600,-0.078400,3,2,3.036801,3.050740,3.163616,5,0.160000,0.078400,0
481,61.306000,61.195600,-0.110400,3,0,2.980869,3.015210,3.188824,5,0.200000,0.110400,0
481,61.306000,61.203200,-0.102800,3,1,4.319803,4.462708,4.540421,5,0.200000,0.102800,0
481,61.306000,61.227600,-0.078400,3,2,3.051508,3.075991,3.212344,5,0.156000,0.078400,0
482,61.346000,61.243600,-0.102400,3,0,3.038154,3.130278,3.236098,5,0.196000,0.102400,0
482,61.346000,61.266800,-0.079200,3,2,3.079889,3.267078,3.259113,5,0.158000,0.079200,0
483,61.386000,61.290800,-0.095200,3,0,3.070407,3.179771,3.291358,5,0.198000,0.095200,0
483,61.386000,61.306400,-0.079600,3,2,3.138442,3.263764,3.313815,5,0.158000,0.079600,0
484,61.426000,61.338400,-0.087600,3,0,3.132820,3.295612,3.336961,5,0.198000,0.087600,0
484,61.426000,61.346000,-0.080000,3,2,3.219814,3.441495,3.358987,5,0.160000,0.080000,0
485,61.466000,61.386000,-0.080000,3,2,3.304317,3.473257,3.417221,5,0.160000,0.080000,0
486,61.506000,61.394000,-0.112000,3,0,3.208681,3.422535,3.444619,5,0.200000,0.112000,0
486,61.506000,61.506000,0.000000,3,1,4.962228,4.962228,4.898343,1,0.000000,0.000000,0
486,61.506000,61.426000,-0.080000,3,2,3.380641,3.457610,3.465736,5,0.160000,0.080000,0
487,61.546000,61.442000,-0.104000,3,0,3.295963,3.451617,3.491247,5,0.200000,0.104000,0
487,61.546000,61.526000,-0.020000,3,1,4.906051,4.849875,4.963611,2,0.040000,0.020000,0
487,61.546000,61.466000,-0.080000,3,2,3.441203,3.569888,3.512020,5,0.160000,0.080000,0
488,61.586000,61.490000,-0.096000,3,0,3.385952,3.580225,3.540753,5,0.200000,0.096000,0
488,61.586000,61.546000,-0.040000,3,1,4.970510,5.099428,5.032921,3,0.080000,0.040000,0
488,61.586000,61.506000,-0.080000,3,2,3.509756,3.606530,3.561196,5,0.160000,0.080000,0
489,61.626000,61.538000,-0.088000,3,0,3.479839,3.649206,3.590531,5,0.200000,0.088000,0
489,61.626000,61.566000,-0.060000,3,1,5.007826,5.119774,5.102627,4,0.120000,0.060000,0
489,61.626000,61.546000,-0.080000,3,2,3.520787,3.496651,3.610685,5,0.160000,0.080000,0
490,61.666000,61.586000,-0.080000,3,0,3.549280,3.642814,3.643199,5,0.160000,0.080000,0
490,61.666000,61.586000,-0.080000,3,1,5.054865,5.243022,5.176402,5,0.160000,0.080000,0
490,61.666000,61.586000,-0.080000,3,2,3.539360,3.566124,3.663098,5,0.160000,0.080000,0
491,61.706000,61.626000,-0.080000,3,0,3.607511,3.713691,3.727995,5,0.160000,0.080000,0
491,61.706000,61.626000,-0.080000,3,1,5.145871,5.417259,5.295224,5,0.160000,0.080000,0
492,61.746000,61.666000,-0.080000,3,0,3.678336,3.805742,3.754618,5,0.160000,0.080000,0
492,61.746000,61.666000,-0.080000,3,1,5.259405,5.417543,5.332539,5,0.160000,0.080000,0
492,61.746000,61.634000,-0.112000,3,2,3.597633,3.748973,3.774161,5,0.200000,0.112000,0
493,61.786000,61.706000,-0.080000,3,0,3.732785,3.852474,3.805351,5,0.160000,0.080000,0
493,61.786000,61.706000,-0.080000,3,1,5.310844,5.356624,5.403656,5,0.160000,0.080000,0
494,61.826000,61.746000,-0.080000,3,0,3.767515,3.822856,3.856264,5,0.160000,0.080000,0
494,61.826000,61.746000,-0.080000,3,1,5.375023,5.440666,5.475033,5,0.160000,0.080000,0
495,61.866000,61.786000,-0.080000,3,0,3.840126,4.005869,3.907330,5,0.160000,0.080000,0
495,61.866000,61.786000,-0.080000,3,1,5.424880,5.492307,5.546628,5,0.160000,0.080000,0
496,61.906000,61.826000,-0.080000,3,0,3.862945,3.827785,4.007058,5,0.160000,0.080000,0
497,61.946000,61.866000,-0.080000,3,0,3.902895,4.005490,4.058309,5,0.160000,0.080000,0
497,61.946000,61.946000,0.000000,3,2,3.998987,3.998987,4.077741,1,0.000000,0.000000,0
498,61.986000,61.906000,-0.080000,3,0,3.953362,4.104812,4.112189,5,0.160000,0.080000,0
498,61.986000,61.966000,-0.020000,3,2,4.032736,4.066484,4.131598,2,0.040000,0.020000,0
499,62.028000,61.946400,-0.081600,3,0,4.027462,4.193354,4.163230,5,0.162000,0.081600,0
499,62.028000,61.986667,-0.041333,3,2,4.095585,4.221282,4.182588,3,0.082000,0.041333,0
500,62.066000,61.986400,-0.079600,3,0,4.059579,4.166452,4.219388,5,0.160000,0.079600,0
500,62.066000,62.066000,0.000000,3,1,6.168706,6.168706,5.983873,1,0.000000,0.000000,0
500,62.066000,62.006500,-0.059500,3,2,4.140880,4.276767,4.238650,4,0.120000,0.059500,0
501,62.106000,62.026400,-0.079600,3,0,4.164844,4.354114,4.272533,5,0.160000,0.079600,0
501,62.106000,62.086000,-0.020000,3,1,6.175935,6.183164,6.058245,2,0.040000,0.020000,0
501,62.106000,62.026400,-0.079600,3,2,4.157425,4.223606,4.291661,5,0.160000,0.079600,0
502,62.146000,62.066400,-0.079600,3,0,4.220289,4.282711,4.322642,5,0.160000,0.079600,0
502,62.146000,62.106000,-0.040000,3,1,6.174723,6.172299,6.128337,3,0.080000,0.040000,0
502,62.146000,62.066400,-0.079600,3,2,4.210203,4.262877,4.341603,5,0.160000,0.079600,0
503,62.186000,62.106400,-0.079600,3,0,4.243182,4.219279,4.372314,5,0.158000,0.079600,0
503,62.186000,62.126000,-0.060000,3,1,6.188824,6.231128,6.197790,4,0.120000,0.060000,0
503,62.186000,62.106400,-0.079600,3,2,4.261808,4.324506,4.391070,5,0.158000,0.079600,0
504,62.226000,62.146000,-0.080000,3,0,4.277101,4.362948,4.421489,5,0.160000,0.080000,0
504,62.226000,62.146000,-0.080000,3,1,6.219701,6.343206,6.266522,5,0.160000,0.080000,0
504,62.226000,62.146000,-0.080000,3,2,4.274907,4.286779,4.440008,5,0.160000,0.080000,0
505,62.266000,62.186000,-0.080000,3,0,4.341045,4.486172,4.470111,5,0.160000,0.080000,0
505,62.266000,62.186000,-0.080000,3,1,6.251061,6.325509,6.334458,5,0.160000,0.080000,0
505,62.266000,62.186000,-0.080000,3,2,4.305021,4.427335,4.488367,5,0.160000,0.080000,0
506,62.306000,62.226000,-0.080000,3,0,4.381079,4.554281,4.518127,5,0.160000,0.080000,0
506,62.306000,62.226000,-0.080000,3,1,6.261602,6.235869,6.401530,5,0.160000,0.080000,0
507,62.348000,62.266400,-0.081600,3,0,4.448342,4.619028,4.565493,5,0.162000,0.081600,0
507,62.348000,62.266400,-0.081600,3,1,6.325032,6.489452,6.467679,5,0.162000,0.081600,0
507,62.348000,62.234400,-0.113600,3,2,4.357963,4.488316,4.583190,5,0.202000,0.113600,0
508,62.386000,62.306400,-0.079600,3,0,4.517916,4.567152,4.614603,5,0.160000,0.079600,0
508,62.386000,62.306400,-0.079600,3,1,6.382809,6.520010,6.536254,5,0.160000,0.079600,0
508,62.386000,62.282400,-0.103600,3,2,4.405842,4.502274,4.632004,5,0.200000,0.103600,0
509,62.426000,62.346400,-0.079600,3,0,4.563683,4.591783,4.660510,5,0.160000,0.079600,0
509,62.426000,62.346400,-0.079600,3,1,6.442342,6.640872,6.600348,5,0.160000,0.079600,0
510,62.466000,62.386400,-0.079600,3,0,4.612362,4.729565,4.705660,5,0.160000,0.079600,0
510,62.466000,62.386400,-0.079600,3,1,6.519617,6.711883,6.663375,5,0.160000,0.079600,0
510,62.466000,62.338400,-0.127600,3,2,4.457933,4.584963,4.722522,5,0.240000,0.127600,0
511,62.506000,62.426400,-0.079600,3,0,4.648763,4.736288,4.752339,5,0.158000,0.079600,0
511,62.506000,62.426400,-0.079600,3,1,6.643131,6.853437,6.728521,5,0.158000,0.079600,0
511,62.506000,62.394400,-0.111600,3,2,4.548305,4.738637,4.768932,5,0.240000,0.111600,0
512,62.546000,62.466000,-0.080000,3,0,4.683325,4.791835,4.793585,5,0.160000,0.080000,0
512,62.546000,62.466000,-0.080000,3,1,6.700388,6.775739,6.786070,5,0.160000,0.080000,0
512,62.546000,62.450400,-0.095600,3,2,4.633603,4.853825,4.809943,5,0.198000,0.095600,0
513,62.586000,62.506000,-0.080000,3,0,4.715120,4.726130,4.834085,5,0.160000,0.080000,0
513,62.586000,62.506000,-0.080000,3,1,6.788874,6.962439,6.842563,5,0.160000,0.080000,0
513,62.586000,62.498000,-0.088000,3,2,4.698844,4.814519,4.850215,5,0.200000,0.088000,0
514,62.626000,62.546000,-0.080000,3,0,4.744274,4.737552,4.876005,5,0.160000,0.080000,0
514,62.626000,62.546000,-0.080000,3,1,6.846817,6.930587,6.901023,5,0.160000,0.080000,0
514,62.626000,62.546000,-0.080000,3,2,4.784423,4.930169,4.891899,5,0.160000,0.080000,0
515,62.666000,62.586000,-0.080000,3,0,4.786557,4.940980,4.917049,5,0.160000,0.080000,0
515,62.666000,62.586000,-0.080000,3,1,6.873309,6.844343,6.958251,5,0.160000,0.080000,0
515,62.666000,62.586000,-0.080000,3,2,4.859566,4.960681,4.932715,5,0.160000,0.080000,0
516,62.706000,62.626000,-0.080000,3,0,4.818104,4.894022,4.957196,5,0.160000,0.080000,0
516,62.706000,62.626000,-0.080000,3,2,4.900174,4.941673,4.972638,5,0.160000,0.080000,0
517,62.746000,62.666000,-0.080000,3,0,4.872136,5.061995,5.030724,5,0.160000,0.080000,0
517,62.746000,62.634000,-0.112000,3,1,6.924403,7.108907,7.116715,5,0.200000,0.112000,0
517,62.746000,62.666000,-0.080000,3,2,4.948020,5.093057,5.045769,5,0.160000,0.080000,0
518,62.786000,62.706000,-0.080000,3,0,4.955315,5.142025,5.066208,5,0.160000,0.080000,0
518,62.786000,62.682000,-0.104000,3,1,6.984922,7.078332,7.166180,5,0.200000,0.104000,0
518,62.786000,62.706000,-0.080000,3,2,4.998726,5.068047,5.081072,5,0.160000,0.080000,0
519,62.826000,62.746000,-0.080000,3,0,5.038906,5.155506,5.100818,5,0.160000,0.080000,0
519,62.826000,62.730000,-0.096000,3,1,7.038201,7.228838,7.214429,5,0.200000,0.096000,0
519,62.826000,62.746000,-0.080000,3,2,5.029883,5.085954,5.115515,5,0.160000,0.080000,0
520,62.866000,62.786000,-0.080000,3,0,5.081714,5.155021,5.134540,5,0.160000,0.080000,0
520,62.866000,62.778000,-0.088000,3,1,7.114497,7.312064,7.261440,5,0.200000,0.088000,0
520,62.866000,62.786000,-0.080000,3,2,5.065588,5.139208,5.149084,5,0.160000,0.080000,0
521,62.906000,62.826000,-0.080000,3,0,5.142160,5.196254,5.169156,5,0.160000,0.080000,0
521,62.906000,62.826000,-0.080000,3,1,7.236166,7.452690,7.309695,5,0.160000,0.080000,0
521,62.906000,62.826000,-0.080000,3,2,5.106890,5.148182,5.183553,5,0.160000,0.080000,0
522,62.950000,62.866800,-0.083200,3,0,5.175077,5.226581,5.202752,5,0.164000,0.083200,0
522,62.950000,62.866800,-0.083200,3,1,7.281338,7.334765,7.356523,5,0.164000,0.083200,0
522,62.950000,62.866800,-0.083200,3,2,5.154941,5.333311,5.217012,5,0.164000,0.083200,0
523,62.986000,62.906800,-0.079200,3,0,5.163586,5.084568,5.238680,5,0.160000,0.079200,0
523,62.986000,62.906800,-0.079200,3,1,7.350885,7.426067,7.406598,5,0.160000,0.079200,0
523,62.986000,62.906800,-0.079200,3,2,5.163908,5.112885,5.252800,5,0.160000,0.079200,0
524,63.026000,62.946800,-0.079200,3,0,5.196869,5.321922,5.271711,5,0.160000,0.079200,0
524,63.026000,62.946800,-0.079200,3,1,7.408841,7.518618,7.452627,5,0.160000,0.079200,0
524,63.026000,62.946800,-0.079200,3,2,5.210311,5.317971,5.285706,5,0.160000,0.079200,0
525,63.066000,62.986800,-0.079200,3,0,5.225837,5.299860,5.300440,5,0.160000,0.079200,0
525,63.066000,62.986800,-0.079200,3,1,7.459319,7.564458,7.492654,5,0.160000,0.079200,0
525,63.066000,62.986800,-0.079200,3,2,5.219699,5.186146,5.314328,5,0.160000,0.079200,0
526,63.106000,63.026800,-0.079200,3,0,5.268363,5.408886,5.329729,5,0.156000,0.079200,0
526,63.106000,63.026800,-0.079200,3,1,7.479800,7.555093,7.533455,5,0.156000,0.079200,0
526,63.106000,63.026800,-0.079200,3,2,5.263342,5.366395,5.343510,5,0.156000,0.079200,0
527,63.146000,63.066000,-0.080000,3,0,5.310934,5.439435,5.357945,5,0.160000,0.080000,0
527,63.146000,63.066000,-0.080000,3,1,7.524402,7.557772,7.572752,5,0.160000,0.080000,0
527,63.146000,63.066000,-0.080000,3,2,5.254748,5.290345,5.371627,5,0.160000,0.080000,0
528,63.186000,63.106000,-0.080000,3,0,5.352279,5.291294,5.383678,5,0.160000,0.080000,0
528,63.186000,63.106000,-0.080000,3,1,7.553019,7.569155,7.608583,5,0.160000,0.080000,0
528,63.186000,63.106000,-0.080000,3,2,5.308855,5.383421,5.397273,5,0.160000,0.080000,0
529,63.226000,63.146000,-0.080000,3,0,5.390895,5.514998,5.409779,5,0.160000,0.080000,0
529,63.226000,63.146000,-0.080000,3,1,7.572534,7.616193,7.644921,5,0.160000,0.080000,0
529,63.226000,63.146000,-0.080000,3,2,5.324400,5.395695,5.423290,5,0.160000,0.080000,0
530,63.266000,63.186000,-0.080000,3,0,5.404091,5.365840,5.434783,5,0.160000,0.080000,0
530,63.266000,63.186000,-0.080000,3,1,7.572977,7.566673,7.679721,5,0.160000,0.080000,0
530,63.266000,63.186000,-0.080000,3,2,5.378215,5.455219,5.448214,5,0.160000,0.080000,0
531,63.306000,63.226000,-0.080000,3,0,5.413955,5.458207,5.458680,5,0.160000,0.080000,0
531,63.306000,63.226000,-0.080000,3,1,7.586500,7.622705,7.712972,5,0.160000,0.080000,0
532,63.346000,63.266000,-0.080000,3,0,5.410218,5.420750,5.500890,5,0.160000,0.080000,0
532,63.346000,63.234000,-0.112000,3,2,5.393934,5.444991,5.514130,5,0.200000,0.112000,0
533,63.386000,63.306000,-0.080000,3,0,5.446305,5.471730,5.522587,5,0.160000,0.080000,0
533,63.386000,63.282000,-0.104000,3,2,5.407610,5.358726,5.535777,5,0.200000,0.104000,0
534,63.426000,63.346000,-0.080000,3,0,5.451175,5.539348,5.543021,5,0.160000,0.080000,0
534,63.426000,63.330000,-0.096000,3,2,5.457874,5.634738,5.556175,5,0.200000,0.096000,0
535,63.466000,63.386000,-0.080000,3,0,5.488858,5.554255,5.560325,5,0.160000,0.080000,0
535,63.466000,63.290000,-0.176000,3,1,7.620411,7.727328,7.854344,5,0.280000,0.176000,0
535,63.466000,63.378000,-0.088000,3,2,5.495984,5.586246,5.573458,5,0.200000,0.088000,0
536,63.506000,63.426000,-0.080000,3,0,5.522341,5.625622,5.577468,5,0.160000,0.080000,0
536,63.506000,63.426000,-0.080000,3,2,5.524145,5.596024,5.590590,5,0.160000,0.080000,0
537,63.548000,63.466400,-0.081600,3,0,5.556445,5.591269,5.593455,5,0.162000,0.081600,0
537,63.548000,63.466400,-0.081600,3,2,5.564902,5.648776,5.606571,5,0.162000,0.081600,0
538,63.586000,63.506400,-0.079600,3,0,5.579675,5.587879,5.608279,5,0.160000,0.079600,0
538,63.586000,63.506400,-0.079600,3,2,5.606393,5.566180,5.621391,5,0.160000,0.079600,0
539,63.626000,63.546400,-0.079600,3,0,5.595447,5.618210,5.622624,5,0.160000,0.079600,0
539,63.626000,63.546400,-0.079600,3,2,5.584856,5.527053,5.635732,5,0.160000,0.079600,0
540,63.666000,63.586400,-0.079600,3,0,5.579810,5.476069,5.636293,5,0.160000,0.079600,0
540,63.666000,63.666000,0.000000,3,1,8.065118,8.065118,7.959932,1,0.000000,0.000000,0
540,63.666000,63.586400,-0.079600,3,2,5.581138,5.567654,5.649394,5,0.160000,0.079600,0
541,63.706000,63.626400,-0.079600,3,0,5.602186,5.737504,5.647979,5,0.158000,0.079600,0
541,63.706000,63.686000,-0.020000,3,1,8.049332,8.033546,7.976143,2,0.040000,0.020000,0
541,63.706000,63.626400,-0.079600,3,2,5.594690,5.663787,5.661075,5,0.158000,0.079600,0
542,63.746000,63.666000,-0.080000,3,0,5.646897,5.814824,5.657877,5,0.160000,0.080000,0
542,63.746000,63.706000,-0.040000,3,1,7.996920,7.892096,7.989860,3,0.080000,0.040000,0
542,63.746000,63.666000,-0.080000,3,2,5.612590,5.738278,5.670968,5,0.160000,0.080000,0
543,63.786000,63.706000,-0.080000,3,0,5.663035,5.668568,5.665297,5,0.160000,0.080000,0
543,63.786000,63.726000,-0.060000,3,1,7.980669,7.931918,8.000139,4,0.120000,0.060000,0
543,63.786000,63.706000,-0.080000,3,2,5.645980,5.733127,5.678390,5,0.160000,0.080000,0
544,63.826000,63.746000,-0.080000,3,0,5.663620,5.621132,5.673022,5,0.160000,0.080000,0
544,63.826000,63.746000,-0.080000,3,1,7.988881,8.021727,8.010834,5,0.160000,0.080000,0
544,63.826000,63.746000,-0.080000,3,2,5.662574,5.610023,5.686125,5,0.160000,0.080000,0
545,63.868000,63.786400,-0.081600,3,0,5.722814,5.772044,5.680791,5,0.162000,0.081600,0
545,63.868000,63.786400,-0.081600,3,1,7.985075,8.046091,8.021579,5,0.162000,0.081600,0
545,63.868000,63.786400,-0.081600,3,2,5.711488,5.812225,5.693920,5,0.162000,0.081600,0
546,63.908000,63.826800,-0.081200,3,0,5.713834,5.692601,5.686137,5,0.162000,0.081200,0
546,63.908000,63.826800,-0.081200,3,1,7.969347,7.954906,8.028958,5,0.162000,0.081200,0
546,63.908000,63.826800,-0.081200,3,2,5.720878,5.710736,5.699300,5,0.162000,0.081200,0
547,63.946000,63.866800,-0.079200,3,0,5.718184,5.836574,5.689827,5,0.160000,0.079200,0
547,63.946000,63.866800,-0.079200,3,1,7.983710,7.963911,8.034035,5,0.160000,0.079200,0
547,63.946000,63.866800,-0.079200,3,2,5.711840,5.693090,5.703025,5,0.160000,0.079200,0
548,63.986000,63.906800,-0.079200,3,0,5.722418,5.689739,5.692571,5,0.160000,0.079200,0
548,63.986000,63.906800,-0.079200,3,1,8.019658,8.111657,8.037785,5,0.160000,0.079200,0
548,63.986000,63.906800,-0.079200,3,2,5.697553,5.661692,5.705806,5,0.160000,0.079200,0
549,64.026000,63.946800,-0.079200,3,0,5.736091,5.689496,5.694135,5,0.158000,0.079200,0
549,64.026000,63.946800,-0.079200,3,1,8.014885,7.997861,8.039878,5,0.158000,0.079200,0
549,64.026000,63.946800,-0.079200,3,2,5.722955,5.737031,5.707400,5,0.158000,0.079200,0
550,64.066000,63.986400,-0.079600,3,0,5.700861,5.595895,5.694516,5,0.158000,0.079600,0
550,64.066000,63.986400,-0.079600,3,1,8.001598,7.979654,8.040308,5,0.158000,0.079600,0
550,64.066000,63.986400,-0.079600,3,2,5.688131,5.638105,5.707800,5,0.158000,0.079600,0
551,64.106000,64.026000,-0.080000,3,0,5.683440,5.605493,5.693850,5,0.160000,0.080000,0
551,64.106000,64.026000,-0.080000,3,1,8.034729,8.120560,8.039279,5,0.160000,0.080000,0
551,64.106000,64.026000,-0.080000,3,2,5.703704,5.788601,5.707143,5,0.160000,0.080000,0
552,64.146000,64.066000,-0.080000,3,0,5.653274,5.685747,5.691978,5,0.160000,0.080000,0
552,64.146000,64.066000,-0.080000,3,1,8.052711,8.053821,8.036542,5,0.160000,0.080000,0
552,64.146000,64.066000,-0.080000,3,2,5.722355,5.786347,5.705269,5,0.160000,0.080000,0
553,64.188000,64.106400,-0.081600,3,0,5.658138,5.714057,5.685400,5,0.162000,0.081600,0
553,64.188000,64.106400,-0.081600,3,1,8.030213,7.999168,8.027114,5,0.162000,0.081600,0
553,64.188000,64.106400,-0.081600,3,2,5.715811,5.628971,5.698663,5,0.162000,0.081600,0
554,64.226000,64.146400,-0.079600,3,0,5.673504,5.766327,5.679820,5,0.160000,0.079600,0
554,64.226000,64.146400,-0.079600,3,1,8.033821,8.015902,8.019178,5,0.160000,0.079600,0
554,64.226000,64.146400,-0.079600,3,2,5.716019,5.738069,5.693056,5,0.160000,0.079600,0
555,64.266000,64.186400,-0.079600,3,0,5.698464,5.720694,5.672917,5,0.160000,0.079600,0
555,64.266000,64.186400,-0.079600,3,1,8.057650,8.098797,8.009390,5,0.160000,0.079600,0
555,64.266000,64.186400,-0.079600,3,2,5.726728,5.691652,5.686121,5,0.160000,0.079600,0
556,64.306000,64.226400,-0.079600,3,0,5.710328,5.664815,5.664244,5,0.160000,0.079600,0
556,64.306000,64.226400,-0.079600,3,1,8.024848,7.956550,7.997119,5,0.160000,0.079600,0
556,64.306000,64.226400,-0.079600,3,2,5.676968,5.539798,5.677408,5,0.160000,0.079600,0
557,64.346000,64.266400,-0.079600,3,0,5.713816,5.703189,5.655138,5,0.158000,0.079600,0
557,64.346000,64.266400,-0.079600,3,1,7.988726,7.873215,7.984253,5,0.158000,0.079600,0
557,64.346000,64.266400,-0.079600,3,2,5.635679,5.579906,5.668261,5,0.158000,0.079600,0
558,64.386000,64.306000,-0.080000,3,0,5.705304,5.671496,5.643679,5,0.160000,0.080000,0
558,64.386000,64.306000,-0.080000,3,1,7.991131,8.011193,7.968075,5,0.160000,0.080000,0
558,64.386000,64.306000,-0.080000,3,2,5.629178,5.596464,5.656746,5,0.160000,0.080000,0
559,64.426000,64.346000,-0.080000,3,0,5.701002,5.744816,5.632044,5,0.160000,0.080000,0
559,64.426000,64.346000,-0.080000,3,1,7.981104,7.965764,7.951661,5,0.160000,0.080000,0
559,64.426000,64.346000,-0.080000,3,2,5.621362,5.698992,5.645050,5,0.160000,0.080000,0
560,64.466000,64.386000,-0.080000,3,0,5.670422,5.567794,5.618494,5,0.160000,0.080000,0
560,64.466000,64.386000,-0.080000,3,1,7.960462,7.995590,7.932553,5,0.160000,0.080000,0
560,64.466000,64.386000,-0.080000,3,2,5.624347,5.706576,5.631421,5,0.160000,0.080000,0
561,64.506000,64.426000,-0.080000,3,0,5.679156,5.708486,5.605156,5,0.160000,0.080000,0
561,64.506000,64.426000,-0.080000,3,1,7.929176,7.800119,7.913746,5,0.160000,0.080000,0
561,64.506000,64.426000,-0.080000,3,2,5.657185,5.703987,5.617994,5,0.160000,0.080000,0
562,64.546000,64.466000,-0.080000,3,0,5.644540,5.530107,5.589902,5,0.160000,0.080000,0
562,64.546000,64.466000,-0.080000,3,1,7.935698,7.905825,7.892234,5,0.160000,0.080000,0
562,64.546000,64.466000,-0.080000,3,2,5.664053,5.614249,5.602620,5,0.160000,0.080000,0
563,64.586000,64.506000,-0.080000,3,0,5.613183,5.514713,5.572544,5,0.160000,0.080000,0
563,64.586000,64.506000,-0.080000,3,1,7.887179,7.768598,7.867748,5,0.160000,0.080000,0
563,64.586000,64.506000,-0.080000,3,2,5.668225,5.617324,5.585101,5,0.160000,0.080000,0
564,64.626000,64.546000,-0.080000,3,0,5.558455,5.471176,5.553866,5,0.160000,0.080000,0
564,64.626000,64.546000,-0.080000,3,1,7.861211,7.835923,7.841384,5,0.160000,0.080000,0
564,64.626000,64.546000,-0.080000,3,2,5.654719,5.631460,5.566218,5,0.160000,0.080000,0
565,64.666000,64.586000,-0.080000,3,0,5.550571,5.528371,5.534927,5,0.160000,0.080000,0
565,64.666000,64.586000,-0.080000,3,1,7.802223,7.700650,7.814639,5,0.160000,0.080000,0
565,64.666000,64.586000,-0.080000,3,2,5.632728,5.596622,5.547042,5,0.160000,0.080000,0
566,64.706000,64.626000,-0.080000,3,0,5.497561,5.443440,5.511603,5,0.160000,0.080000,0
566,64.706000,64.626000,-0.080000,3,1,7.795192,7.764966,7.781702,5,0.160000,0.080000,0
566,64.706000,64.626000,-0.080000,3,2,5.592501,5.502852,5.523400,5,0.160000,0.080000,0
567,64.746000,64.666000,-0.080000,3,0,5.482978,5.457190,5.488033,5,0.160000,0.080000,0
567,64.746000,64.666000,-0.080000,3,1,7.779702,7.828374,7.748438,5,0.160000,0.080000,0
567,64.746000,64.666000,-0.080000,3,2,5.556994,5.436714,5.499500,5,0.160000,0.080000,0
568,64.786000,64.706000,-0.080000,3,0,5.461051,5.405079,5.463297,5,0.160000,0.080000,0
568,64.786000,64.706000,-0.080000,3,1,7.784571,7.792941,7.713579,5,0.160000,0.080000,0
568,64.786000,64.706000,-0.080000,3,2,5.526633,5.465518,5.474429,5,0.160000,0.080000,0
569,64.828000,64.746400,-0.081600,3,0,5.458588,5.458862,5.441270,5,0.162000,0.081600,0
569,64.828000,64.746400,-0.081600,3,1,7.759785,7.711993,7.682589,5,0.162000,0.081600,0
569,64.828000,64.746400,-0.081600,3,2,5.483808,5.417333,5.452120,5,0.162000,0.081600,0
570,64.866000,64.786400,-0.079600,3,0,5.437265,5.421754,5.416024,5,0.160000,0.079600,0
570,64.866000,64.786400,-0.079600,3,1,7.744737,7.625412,7.647138,5,0.160000,0.079600,0
570,64.866000,64.786400,-0.079600,3,2,5.426825,5.311709,5.426575,5,0.160000,0.079600,0
571,64.906000,64.826400,-0.079600,3,0,5.399969,5.256962,5.391411,5,0.160000,0.079600,0
571,64.906000,64.826400,-0.079600,3,1,7.705059,7.566573,7.612644,5,0.160000,0.079600,0
571,64.906000,64.826400,-0.079600,3,2,5.407048,5.403967,5.401697,5,0.160000,0.079600,0
572,64.946000,64.866400,-0.079600,3,0,5.380230,5.358495,5.367638,5,0.160000,0.079600,0
572,64.946000,64.866400,-0.079600,3,1,7.649248,7.549322,7.579390,5,0.160000,0.079600,0
572,64.946000,64.866400,-0.079600,3,2,5.397531,5.389128,5.377695,5,0.160000,0.079600,0
573,64.986000,64.906400,-0.079600,3,0,5.385414,5.430996,5.339481,5,0.158000,0.079600,0
573,64.986000,64.906400,-0.079600,3,1,7.580914,7.451270,7.540071,5,0.158000,0.079600,0
573,64.986000,64.906400,-0.079600,3,2,5.372004,5.337884,5.349298,5,0.158000,0.079600,0
574,65.026000,64.946000,-0.080000,3,0,5.358496,5.324273,5.312368,5,0.160000,0.080000,0
574,65.026000,64.946000,-0.080000,3,1,7.505955,7.337195,7.502277,5,0.160000,0.080000,0
574,65.026000,64.946000,-0.080000,3,2,5.390587,5.510248,5.321983,5,0.160000,0.080000,0
575,65.066000,64.986000,-0.080000,3,0,5.321851,5.238531,5.283714,5,0.160000,0.080000,0
575,65.066000,64.986000,-0.080000,3,1,7.484374,7.517508,7.462402,5,0.160000,0.080000,0
575,65.066000,64.986000,-0.080000,3,2,5.391753,5.317538,5.293148,5,0.160000,0.080000,0
576,65.106000,65.026000,-0.080000,3,0,5.323086,5.263134,5.257724,5,0.160000,0.080000,0
576,65.106000,65.026000,-0.080000,3,1,7.441663,7.353018,7.426291,5,0.160000,0.080000,0
576,65.106000,65.026000,-0.080000,3,2,5.364349,5.266949,5.267022,5,0.160000,0.080000,0
577,65.146000,65.066000,-0.080000,3,0,5.272258,5.104358,5.238583,5,0.160000,0.080000,0
577,65.146000,65.066000,-0.080000,3,1,7.417698,7.429497,7.399731,5,0.160000,0.080000,0
577,65.146000,65.066000,-0.080000,3,2,5.341749,5.276125,5.247797,5,0.160000,0.080000,0
578,65.186000,65.106000,-0.080000,3,0,5.202614,5.082773,5.211318,5,0.160000,0.080000,0
578,65.186000,65.106000,-0.080000,3,1,7.382223,7.273897,7.361947,5,0.160000,0.080000,0
578,65.186000,65.106000,-0.080000,3,2,5.319982,5.229051,5.220433,5,0.160000,0.080000,0
579,65.228000,65.146400,-0.081600,3,0,5.180647,5.214441,5.185568,5,0.162000,0.081600,0
579,65.228000,65.146400,-0.081600,3,1,7.384669,7.349424,7.326313,5,0.162000,0.081600,0
579,65.228000,65.146400,-0.081600,3,2,5.281162,5.316148,5.194608,5,0.162000,0.081600,0
580,65.266000,65.186400,-0.079600,3,0,5.173448,5.202533,5.156025,5,0.160000,0.079600,0
580,65.266000,65.186400,-0.079600,3,1,7.319567,7.191998,7.285482,5,0.160000,0.079600,0
580,65.266000,65.186400,-0.079600,3,2,5.234413,5.083794,5.164994,5,0.160000,0.079600,0
581,65.306000,65.226400,-0.079600,3,0,5.136272,5.077257,5.130814,5,0.160000,0.079600,0
581,65.306000,65.226400,-0.079600,3,1,7.276832,7.139342,7.250679,5,0.160000,0.079600,0
581,65.306000,65.226400,-0.079600,3,2,5.199015,5.089956,5.139735,5,0.160000,0.079600,0
582,65.346000,65.266400,-0.079600,3,0,5.145250,5.149246,5.104650,5,0.160000,0.079600,0
582,65.346000,65.266400,-0.079600,3,1,7.211830,7.104489,7.214592,5,0.160000,0.079600,0
582,65.346000,65.266400,-0.079600,3,2,5.136677,4.964435,5.113527,5,0.160000,0.079600,0
583,65.386000,65.306400,-0.079600,3,0,5.125023,4.981641,5.081483,5,0.158000,0.079600,0
583,65.386000,65.306400,-0.079600,3,1,7.218033,7.304910,7.182662,5,0.158000,0.079600,0
583,65.386000,65.306400,-0.079600,3,2,5.121020,5.150767,5.090328,5,0.158000,0.079600,0
584,65.426000,65.346000,-0.080000,3,0,5.097608,5.077362,5.057472,5,0.160000,0.080000,0
584,65.426000,65.346000,-0.080000,3,1,7.171470,7.116612,7.149587,5,0.160000,0.080000,0
584,65.426000,65.346000,-0.080000,3,2,5.075507,5.088585,5.066289,5,0.160000,0.080000,0
585,65.466000,65.386000,-0.080000,3,0,5.070820,5.068594,5.032738,5,0.160000,0.080000,0
585,65.466000,65.386000,-0.080000,3,1,7.159420,7.131747,7.115539,5,0.160000,0.080000,0
585,65.466000,65.386000,-0.080000,3,2,5.069726,5.054887,5.041536,5,0.160000,0.080000,0
586,65.506000,65.426000,-0.080000,3,0,5.037671,4.911511,5.009801,5,0.160000,0.080000,0
586,65.506000,65.426000,-0.080000,3,1,7.141873,7.051604,7.083983,5,0.160000,0.080000,0
586,65.506000,65.426000,-0.080000,3,2,5.082258,5.152618,5.018591,5,0.160000,0.080000,0
587,65.546000,65.466000,-0.080000,3,0,4.984690,4.884343,4.983981,5,0.160000,0.080000,0
587,65.546000,65.466000,-0.080000,3,1,7.133160,7.060924,7.048479,5,0.160000,0.080000,0
587,65.546000,65.466000,-0.080000,3,2,5.065929,4.882787,4.992770,5,0.160000,0.080000,0
588,65.586000,65.506000,-0.080000,3,0,4.970518,4.910779,4.962366,5,0.160000,0.080000,0
588,65.586000,65.506000,-0.080000,3,1,7.045159,6.864909,7.018771,5,0.160000,0.080000,0
588,65.586000,65.506000,-0.080000,3,2,5.026835,4.955299,4.971160,5,0.160000,0.080000,0
589,65.626000,65.546000,-0.080000,3,0,4.937946,4.914504,4.941424,5,0.160000,0.080000,0
589,65.626000,65.546000,-0.080000,3,1,7.032885,7.055239,6.989997,5,0.160000,0.080000,0
589,65.626000,65.546000,-0.080000,3,2,4.992402,4.916416,4.950225,5,0.160000,0.080000,0
590,65.666000,65.586000,-0.080000,3,0,4.889515,4.826439,4.922239,5,0.160000,0.080000,0
590,65.666000,65.586000,-0.080000,3,1,6.987736,6.906001,6.963642,5,0.160000,0.080000,0
590,65.666000,65.586000,-0.080000,3,2,4.978619,4.985977,4.931041,5,0.160000,0.080000,0
591,65.706000,65.626000,-0.080000,3,0,4.904718,4.987525,4.902710,5,0.160000,0.080000,0
591,65.706000,65.626000,-0.080000,3,1,6.980431,7.015080,6.936819,5,0.160000,0.080000,0
591,65.706000,65.626000,-0.080000,3,2,4.943671,4.977875,4.911503,5,0.160000,0.080000,0
592,65.746000,65.666000,-0.080000,3,0,4.910688,4.914191,4.873460,5,0.160000,0.080000,0
592,65.746000,65.666000,-0.080000,3,1,6.956518,6.941360,6.896655,5,0.160000,0.080000,0
592,65.746000,65.666000,-0.080000,3,2,4.945791,4.893387,4.882204,5,0.160000,0.080000,0
593,65.786000,65.706000,-0.080000,3,0,4.880473,4.759705,4.847998,5,0.160000,0.080000,0
593,65.786000,65.706000,-0.080000,3,1,6.946383,6.814237,6.861710,5,0.160000,0.080000,0
593,65.786000,65.706000,-0.080000,3,2,4.923973,4.846209,4.856653,5,0.160000,0.080000,0
594,65.826000,65.746000,-0.080000,3,0,4.868404,4.854158,4.830938,5,0.160000,0.080000,0
594,65.826000,65.746000,-0.080000,3,1,6.880638,6.726513,6.838314,5,0.160000,0.080000,0
594,65.826000,65.746000,-0.080000,3,2,4.940511,4.999107,4.839511,5,0.160000,0.080000,0
595,65.866000,65.786000,-0.080000,3,0,4.852072,4.744780,4.814840,5,0.160000,0.080000,0
595,65.866000,65.786000,-0.080000,3,1,6.878863,6.897125,6.816255,5,0.160000,0.080000,0
596,65.908000,65.826400,-0.081600,3,0,4.815096,4.802643,4.800443,5,0.162000,0.081600,0
596,65.908000,65.826400,-0.081600,3,1,6.823202,6.736774,6.796552,5,0.162000,0.081600,0
596,65.908000,65.794400,-0.113600,3,2,4.902485,4.795845,4.808841,5,0.202000,0.113600,0
597,65.946000,65.866400,-0.079600,3,0,4.817791,4.927671,4.786226,5,0.160000,0.079600,0
597,65.946000,65.866400,-0.079600,3,1,6.785189,6.751293,6.777124,5,0.160000,0.079600,0
597,65.946000,65.842400,-0.103600,3,2,4.886686,4.898881,4.794552,5,0.200000,0.103600,0
598,65.986000,65.906400,-0.079600,3,0,4.816312,4.752307,4.774238,5,0.160000,0.079600,0
598,65.986000,65.906400,-0.079600,3,1,6.761313,6.694860,6.760765,5,0.160000,0.079600,0
598,65.986000,65.890400,-0.095600,3,2,4.863470,4.777308,4.782517,5,0.200000,0.095600,0
599,66.026000,65.946400,-0.079600,3,0,4.798409,4.764642,4.762386,5,0.160000,0.079600,0
599,66.026000,65.946400,-0.079600,3,1,6.771040,6.775149,6.744611,5,0.160000,0.079600,0
599,66.026000,65.938400,-0.087600,3,2,4.879794,4.927831,4.770639,5,0.200000,0.087600,0
600,66.066000,65.986400,-0.079600,3,0,4.780490,4.655187,4.751887,5,0.158000,0.079600,0
600,66.066000,65.986400,-0.079600,3,1,6.759527,6.839559,6.730314,5,0.158000,0.079600,0
601,66.106000,66.026000,-0.080000,3,0,4.759683,4.698609,4.741007,5,0.160000,0.080000,0
601,66.106000,66.026000,-0.080000,3,1,6.771883,6.798554,6.715510,5,0.160000,0.080000,0
601,66.106000,65.994400,-0.111600,3,2,4.852745,4.863861,4.749286,5,0.198000,0.111600,0
602,66.146000,66.066000,-0.080000,3,0,4.712335,4.690931,4.731392,5,0.160000,0.080000,0
602,66.146000,66.066000,-0.080000,3,1,6.742200,6.602881,6.702434,5,0.160000,0.080000,0
602,66.146000,66.042000,-0.104000,3,2,4.840415,4.734195,4.739722,5,0.200000,0.104000,0
603,66.186000,66.106000,-0.080000,3,0,4.720972,4.795492,4.722433,5,0.160000,0.080000,0
603,66.186000,66.106000,-0.080000,3,1,6.751925,6.743481,6.690253,5,0.160000,0.080000,0
603,66.186000,66.090000,-0.096000,3,2,4.804329,4.718450,4.730837,5,0.200000,0.096000,0
604,66.226000,66.146000,-0.080000,3,0,4.685194,4.585749,4.714512,5,0.160000,0.080000,0
604,66.226000,66.146000,-0.080000,3,1,6.729685,6.663952,6.679484,5,0.160000,0.080000,0
604,66.226000,66.138000,-0.088000,3,2,4.809334,4.802335,4.723003,5,0.200000,0.088000,0
605,66.266000,66.186000,-0.080000,3,0,4.676234,4.610390,4.705534,5,0.160000,0.080000,0
605,66.266000,66.186000,-0.080000,3,1,6.725759,6.819927,6.667273,5,0.160000,0.080000,0
605,66.266000,66.186000,-0.080000,3,2,4.777917,4.770744,4.714145,5,0.160000,0.080000,0
606,66.306000,66.226000,-0.080000,3,0,4.691882,4.776846,4.697642,5,0.160000,0.080000,0
606,66.306000,66.226000,-0.080000,3,1,6.692403,6.631776,6.656529,5,0.160000,0.080000,0
606,66.306000,66.226000,-0.080000,3,2,4.728775,4.618152,4.706371,5,0.160000,0.080000,0
607,66.346000,66.266000,-0.080000,3,0,4.699466,4.728852,4.690701,5,0.160000,0.080000,0
607,66.346000,66.266000,-0.080000,3,1,6.667151,6.476616,6.647074,5,0.160000,0.080000,0
607,66.346000,66.266000,-0.080000,3,2,4.701401,4.597324,4.699544,5,0.160000,0.080000,0
608,66.386000,66.306000,-0.080000,3,0,4.649844,4.547385,4.684600,5,0.160000,0.080000,0
608,66.386000,66.306000,-0.080000,3,1,6.658435,6.699902,6.638754,5,0.160000,0.080000,0
608,66.386000,66.306000,-0.080000,3,2,4.700075,4.711819,4.693548,5,0.160000,0.080000,0
609,66.426000,66.346000,-0.080000,3,0,4.655174,4.612399,4.678954,5,0.160000,0.080000,0
609,66.426000,66.346000,-0.080000,3,1,6.675597,6.749763,6.631054,5,0.160000,0.080000,0
609,66.426000,66.346000,-0.080000,3,2,4.679179,4.697855,4.688003,5,0.160000,0.080000,0
610,66.466000,66.386000,-0.080000,3,0,4.680367,4.736356,4.674007,5,0.160000,0.080000,0
610,66.466000,66.386000,-0.080000,3,1,6.628832,6.586104,6.624308,5,0.160000,0.080000,0
610,66.466000,66.386000,-0.080000,3,2,4.675709,4.753393,4.683148,5,0.160000,0.080000,0
611,66.506000,66.426000,-0.080000,3,0,4.669416,4.722086,4.669188,5,0.160000,0.080000,0
611,66.506000,66.426000,-0.080000,3,1,6.630405,6.639639,6.617746,5,0.160000,0.080000,0
611,66.506000,66.426000,-0.080000,3,2,4.710324,4.791228,4.678425,5,0.160000,0.080000,0
612,66.546000,66.466000,-0.080000,3,0,4.650795,4.635751,4.664766,5,0.160000,0.080000,0
612,66.546000,66.466000,-0.080000,3,1,6.646083,6.555006,6.611734,5,0.160000,0.080000,0
612,66.546000,66.466000,-0.080000,3,2,4.738414,4.737773,4.674097,5,0.160000,0.080000,0
613,66.586000,66.506000,-0.080000,3,0,4.679804,4.692429,4.660722,5,0.160000,0.080000,0
613,66.586000,66.506000,-0.080000,3,1,6.621065,6.574811,6.606251,5,0.160000,0.080000,0
613,66.586000,66.506000,-0.080000,3,2,4.732076,4.680131,4.670148,5,0.160000,0.080000,0
614,66.626000,66.546000,-0.080000,3,0,4.688637,4.656565,4.656130,5,0.160000,0.080000,0
614,66.626000,66.546000,-0.080000,3,1,6.591180,6.600339,6.600043,5,0.160000,0.080000,0
614,66.626000,66.546000,-0.080000,3,2,4.730755,4.691250,4.665676,5,0.160000,0.080000,0
615,66.666000,66.586000,-0.080000,3,0,4.669331,4.639824,4.652716,5,0.160000,0.080000,0
615,66.666000,66.586000,-0.080000,3,1,6.555177,6.406090,6.595441,5,0.160000,0.080000,0
615,66.666000,66.586000,-0.080000,3,2,4.717454,4.686885,4.662363,5,0.160000,0.080000,0
616,66.706000,66.626000,-0.080000,3,0,4.658944,4.670149,4.649773,5,0.160000,0.080000,0
616,66.706000,66.626000,-0.080000,3,1,6.554623,6.636868,6.591488,5,0.160000,0.080000,0
616,66.706000,66.626000,-0.080000,3,2,4.704302,4.725472,4.659519,5,0.160000,0.080000,0
617,66.746000,66.666000,-0.080000,3,0,4.647398,4.578022,4.646919,5,0.160000,0.080000,0
617,66.746000,66.666000,-0.080000,3,1,6.595997,6.761876,6.587672,5,0.160000,0.080000,0
617,66.746000,66.666000,-0.080000,3,2,4.689511,4.663818,4.656778,5,0.160000,0.080000,0
618,66.786000,66.706000,-0.080000,3,0,4.616334,4.537113,4.644483,5,0.160000,0.080000,0
618,66.786000,66.706000,-0.080000,3,1,6.589601,6.542832,6.584437,5,0.160000,0.080000,0
618,66.786000,66.706000,-0.080000,3,2,4.679594,4.630546,4.654459,5,0.160000,0.080000,0
619,66.826000,66.746000,-0.080000,3,0,4.631812,4.733953,4.641958,5,0.160000,0.080000,0
619,66.826000,66.746000,-0.080000,3,1,6.551820,6.411434,6.581106,5,0.160000,0.080000,0
619,66.826000,66.746000,-0.080000,3,2,4.662318,4.604869,4.652076,5,0.160000,0.080000,0
620,66.866000,66.786000,-0.080000,3,0,4.605704,4.509286,4.639384,5,0.160000,0.080000,0
620,66.866000,66.786000,-0.080000,3,1,6.597649,6.635236,6.577730,5,0.160000,0.080000,0
620,66.866000,66.786000,-0.080000,3,2,4.651513,4.632862,4.649664,5,0.160000,0.080000,0
621,66.906000,66.826000,-0.080000,3,0,4.597076,4.627005,4.636665,5,0.160000,0.080000,0
621,66.906000,66.826000,-0.080000,3,1,6.587053,6.583888,6.574171,5,0.160000,0.080000,0
621,66.906000,66.826000,-0.080000,3,2,4.607028,4.503045,4.647129,5,0.160000,0.080000,0
622,66.946000,66.866000,-0.080000,3,0,4.621044,4.697862,4.633548,5,0.160000,0.080000,0
622,66.946000,66.866000,-0.080000,3,1,6.555574,6.604480,6.570083,5,0.160000,0.080000,0
622,66.946000,66.866000,-0.080000,3,2,4.594692,4.602138,4.644225,5,0.160000,0.080000,0
623,66.986000,66.906000,-0.080000,3,0,4.629696,4.580373,4.626993,5,0.160000,0.080000,0
623,66.986000,66.906000,-0.080000,3,1,6.539897,6.464449,6.561416,5,0.160000,0.080000,0
623,66.986000,66.906000,-0.080000,3,2,4.582518,4.569676,4.638088,5,0.160000,0.080000,0
624,67.026000,66.946000,-0.080000,3,0,4.585860,4.514776,4.626791,5,0.160000,0.080000,0
624,67.026000,66.946000,-0.080000,3,1,6.566470,6.544297,6.561146,5,0.160000,0.080000,0
624,67.026000,66.946000,-0.080000,3,2,4.584829,4.616425,4.637897,5,0.160000,0.080000,0
625,67.066000,66.986000,-0.080000,3,0,4.601599,4.587978,4.617838,5,0.160000,0.080000,0
625,67.066000,66.986000,-0.080000,3,1,6.534244,6.474105,6.549129,5,0.160000,0.080000,0
625,67.066000,66.986000,-0.080000,3,2,4.546005,4.438739,4.629429,5,0.160000,0.080000,0
626,67.106000,67.026000,-0.080000,3,0,4.579416,4.516093,4.617580,5,0.160000,0.080000,0
626,67.106000,67.026000,-0.080000,3,1,6.525858,6.541960,6.548780,5,0.160000,0.080000,0
626,67.106000,67.026000,-0.080000,3,2,4.531868,4.432361,4.629183,5,0.160000,0.080000,0
627,67.146000,67.066000,-0.080000,3,0,4.563578,4.618672,4.611796,5,0.160000,0.080000,0
627,67.146000,67.066000,-0.080000,3,1,6.483127,6.390826,6.540929,5,0.160000,0.080000,0
627,67.146000,67.066000,-0.080000,3,2,4.516153,4.523564,4.623670,5,0.160000,0.080000,0
628,67.188000,67.106400,-0.081600,3,0,4.575778,4.641373,4.599095,5,0.162000,0.081600,0
628,67.188000,67.106400,-0.081600,3,1,6.482284,6.460233,6.523543,5,0.162000,0.081600,0
628,67.188000,67.106400,-0.081600,3,2,4.546120,4.719511,4.611483,5,0.162000,0.081600,0
629,67.226000,67.146400,-0.079600,3,0,4.580198,4.536872,4.598371,5,0.160000,0.079600,0
629,67.226000,67.146400,-0.079600,3,1,6.486340,6.564578,6.522548,5,0.160000,0.079600,0
629,67.226000,67.146400,-0.079600,3,2,4.516643,4.469039,4.610785,5,0.160000,0.079600,0
630,67.266000,67.186400,-0.079600,3,0,4.586968,4.621828,4.589907,5,0.160000,0.079600,0
630,67.266000,67.186400,-0.079600,3,1,6.488289,6.483847,6.510887,5,0.160000,0.079600,0
630,67.266000,67.186400,-0.079600,3,2,4.550597,4.608509,4.602620,5,0.160000,0.079600,0
631,67.306000,67.226400,-0.079600,3,0,4.605070,4.606606,4.581843,5,0.160000,0.079600,0
631,67.306000,67.226400,-0.079600,3,1,6.483163,6.516334,6.499741,5,0.160000,0.079600,0
631,67.306000,67.226400,-0.079600,3,2,4.595906,4.658906,4.594817,5,0.160000,0.079600,0
632,67.346000,67.266400,-0.079600,3,0,4.581720,4.501919,4.564537,5,0.158000,0.079600,0
632,67.346000,67.266400,-0.079600,3,1,6.514797,6.548991,6.475747,5,0.158000,0.079600,0
632,67.346000,67.266400,-0.079600,3,2,4.589455,4.491312,4.578023,5,0.158000,0.079600,0
633,67.386000,67.306000,-0.080000,3,0,4.578640,4.625977,4.554283,5,0.160000,0.080000,0
633,67.386000,67.306000,-0.080000,3,1,6.538999,6.581246,6.461498,5,0.160000,0.080000,0
633,67.386000,67.306000,-0.080000,3,2,4.551119,4.527828,4.568046,5,0.160000,0.080000,0
634,67.426000,67.346000,-0.080000,3,0,4.579122,4.539281,4.553721,5,0.160000,0.080000,0
634,67.426000,67.346000,-0.080000,3,1,6.487814,6.308651,6.460716,5,0.160000,0.080000,0
634,67.426000,67.346000,-0.080000,3,2,4.591518,4.671036,4.567499,5,0.160000,0.080000,0
635,67.466000,67.386000,-0.080000,3,0,4.554691,4.499673,4.529382,5,0.160000,0.080000,0
635,67.466000,67.386000,-0.080000,3,1,6.476833,6.428941,6.426804,5,0.160000,0.080000,0
635,67.466000,67.386000,-0.080000,3,2,4.586820,4.585017,4.543735,5,0.160000,0.080000,0
636,67.506000,67.426000,-0.080000,3,0,4.545942,4.562858,4.529382,5,0.160000,0.080000,0
636,67.506000,67.426000,-0.080000,3,1,6.458861,6.426476,6.426804,5,0.160000,0.080000,0
636,67.506000,67.426000,-0.080000,3,2,4.584738,4.648498,4.543735,5,0.160000,0.080000,0
637,67.546000,67.466000,-0.080000,3,0,4.551452,4.529473,4.501993,5,0.160000,0.080000,0
637,67.546000,67.466000,-0.080000,3,1,6.404128,6.275323,6.388528,5,0.160000,0.080000,0
637,67.546000,67.466000,-0.080000,3,2,4.590380,4.519519,4.516868,5,0.160000,0.080000,0
638,67.586000,67.506000,-0.080000,3,0,4.509386,4.415644,4.487275,5,0.160000,0.080000,0
638,67.586000,67.506000,-0.080000,3,1,6.356607,6.343641,6.367934,5,0.160000,0.080000,0
638,67.586000,67.506000,-0.080000,3,2,4.588917,4.520516,4.502388,5,0.160000,0.080000,0
639,67.626000,67.546000,-0.080000,3,0,4.485017,4.417436,4.487275,5,0.160000,0.080000,0
639,67.626000,67.546000,-0.080000,3,1,6.383250,6.441866,6.367934,5,0.160000,0.080000,0
639,67.626000,67.546000,-0.080000,3,2,4.528630,4.369598,4.502388,5,0.160000,0.080000,0
640,67.666000,67.586000,-0.080000,3,0,4.503702,4.593097,4.468205,5,0.160000,0.080000,0
640,67.666000,67.586000,-0.080000,3,1,6.331197,6.168680,6.341242,5,0.160000,0.080000,0
640,67.666000,67.586000,-0.080000,3,2,4.493861,4.411176,4.483601,5,0.160000,0.080000,0
641,67.706000,67.626000,-0.080000,3,0,4.470859,4.398645,4.449565,5,0.160000,0.080000,0
641,67.706000,67.626000,-0.080000,3,1,6.312908,6.335030,6.315151,5,0.160000,0.080000,0
641,67.706000,67.626000,-0.080000,3,2,4.453697,4.447675,4.465221,5,0.160000,0.080000,0
642,67.746000,67.666000,-0.080000,3,0,4.471081,4.530582,4.413792,5,0.160000,0.080000,0
642,67.746000,67.666000,-0.080000,3,1,6.337236,6.396962,6.265088,5,0.160000,0.080000,0
642,67.746000,67.666000,-0.080000,3,2,4.435889,4.430480,4.429940,5,0.160000,0.080000,0
643,67.786000,67.706000,-0.080000,3,0,4.435159,4.236033,4.393938,5,0.160000,0.080000,0
643,67.786000,67.706000,-0.080000,3,1,6.319398,6.254451,6.237309,5,0.160000,0.080000,0
643,67.786000,67.706000,-0.080000,3,2,4.425639,4.469268,4.410367,5,0.160000,0.080000,0
644,67.826000,67.746000,-0.080000,3,0,4.404406,4.263672,4.370800,5,0.160000,0.080000,0
644,67.826000,67.746000,-0.080000,3,1,6.267972,6.184736,6.204936,5,0.160000,0.080000,0
644,67.826000,67.746000,-0.080000,3,2,4.445035,4.466576,4.387571,5,0.160000,0.080000,0
645,67.866000,67.786000,-0.080000,3,0,4.355439,4.348260,4.348770,5,0.160000,0.080000,0
645,67.866000,67.786000,-0.080000,3,1,6.273712,6.197380,6.174112,5,0.160000,0.080000,0
645,67.866000,67.786000,-0.080000,3,2,4.417519,4.273595,4.365880,5,0.160000,0.080000,0
646,67.906000,67.826000,-0.080000,3,0,4.311956,4.181231,4.326928,5,0.160000,0.080000,0
646,67.906000,67.826000,-0.080000,3,1,6.231851,6.125728,6.143548,5,0.160000,0.080000,0
646,67.906000,67.826000,-0.080000,3,2,4.403140,4.375778,4.344387,5,0.160000,0.080000,0
647,67.946000,67.866000,-0.080000,3,0,4.263568,4.288642,4.300237,5,0.160000,0.080000,0
647,67.946000,67.866000,-0.080000,3,1,6.168656,6.080986,6.106197,5,0.160000,0.080000,0
647,67.946000,67.866000,-0.080000,3,2,4.381166,4.320611,4.318137,5,0.160000,0.080000,0
648,67.986000,67.906000,-0.080000,3,0,4.243206,4.134224,4.273593,5,0.160000,0.080000,0
648,67.986000,67.906000,-0.080000,3,1,6.130360,6.062970,6.068909,5,0.160000,0.080000,0
648,67.986000,67.906000,-0.080000,3,2,4.326998,4.198429,4.291946,5,0.160000,0.080000,0
649,68.026000,67.946000,-0.080000,3,0,4.233444,4.214864,4.245742,5,0.160000,0.080000,0
649,68.026000,67.946000,-0.080000,3,1,6.094808,6.006976,6.029930,5,0.160000,0.080000,0
649,68.026000,67.946000,-0.080000,3,2,4.280642,4.234798,4.264577,5,0.160000,0.080000,0
650,68.066000,67.986000,-0.080000,3,0,4.214814,4.255108,4.219634,5,0.160000,0.080000,0
650,68.066000,67.986000,-0.080000,3,1,6.054316,5.994921,5.993390,5,0.160000,0.080000,0
650,68.066000,67.986000,-0.080000,3,2,4.275144,4.246103,4.238928,5,0.160000,0.080000,0
651,68.106000,68.026000,-0.080000,3,0,4.196655,4.090438,4.190996,5,0.160000,0.080000,0
651,68.106000,68.026000,-0.080000,3,1,6.047917,6.093734,5.953309,5,0.160000,0.080000,0
651,68.106000,68.026000,-0.080000,3,2,4.231245,4.156285,4.210798,5,0.160000,0.080000,0
652,68.146000,68.066000,-0.080000,3,0,4.163620,4.123465,4.159649,5,0.160000,0.080000,0
652,68.146000,68.066000,-0.080000,3,2,4.192753,4.128148,4.180007,5,0.160000,0.080000,0
653,68.186000,68.106000,-0.080000,3,0,4.147396,4.053105,4.125399,5,0.160000,0.080000,0
653,68.186000,68.074000,-0.112000,3,1,6.020052,5.941661,5.861490,5,0.200000,0.112000,0
653,68.186000,68.106000,-0.080000,3,2,4.192739,4.198362,4.146365,5,0.160000,0.080000,0
654,68.226000,68.146000,-0.080000,3,0,4.108571,4.020742,4.091503,5,0.160000,0.080000,0
654,68.226000,68.122000,-0.104000,3,1,5.973910,5.832259,5.814041,5,0.200000,0.104000,0
654,68.226000,68.146000,-0.080000,3,2,4.169457,4.118387,4.113071,5,0.160000,0.080000,0
655,68.266000,68.186000,-0.080000,3,0,4.058497,4.004733,4.059927,5,0.160000,0.080000,0
655,68.266000,68.170000,-0.096000,3,1,5.932242,5.798635,5.769834,5,0.200000,0.096000,0
655,68.266000,68.186000,-0.080000,3,2,4.127354,4.035586,4.082056,5,0.160000,0.080000,0
656,68.306000,68.226000,-0.080000,3,0,4.062509,4.110502,4.025489,5,0.160000,0.080000,0
656,68.306000,68.218000,-0.088000,3,1,5.871374,5.690582,5.721621,5,0.200000,0.088000,0
656,68.306000,68.226000,-0.080000,3,2,4.107509,4.057064,4.048236,5,0.160000,0.080000,0
657,68.346000,68.266000,-0.080000,3,0,4.024900,3.935417,3.988004,5,0.160000,0.080000,0
657,68.346000,68.266000,-0.080000,3,1,5.770293,5.588330,5.669142,5,0.160000,0.080000,0
657,68.346000,68.266000,-0.080000,3,2,4.113480,4.158004,4.011433,5,0.160000,0.080000,0
658,68.386000,68.306000,-0.080000,3,0,3.974776,3.802485,3.953184,5,0.160000,0.080000,0
658,68.386000,68.306000,-0.080000,3,1,5.696041,5.570397,5.620402,5,0.160000,0.080000,0
658,68.386000,68.306000,-0.080000,3,2,4.076168,4.011801,3.977260,5,0.160000,0.080000,0
659,68.426000,68.346000,-0.080000,3,0,3.951757,3.905647,3.911284,5,0.160000,0.080000,0
659,68.426000,68.346000,-0.080000,3,1,5.644414,5.574124,5.561761,5,0.160000,0.080000,0
659,68.426000,68.346000,-0.080000,3,2,4.046178,3.968436,3.936152,5,0.160000,0.080000,0
660,68.466000,68.386000,-0.080000,3,0,3.923076,3.861329,3.872222,5,0.160000,0.080000,0
660,68.466000,68.386000,-0.080000,3,1,5.583829,5.495713,5.507105,5,0.160000,0.080000,0
660,68.466000,68.386000,-0.080000,3,2,4.009712,3.853256,3.897845,5,0.160000,0.080000,0
661,68.506000,68.426000,-0.080000,3,0,3.889830,3.944272,3.834249,5,0.160000,0.080000,0
661,68.506000,68.426000,-0.080000,3,1,5.525729,5.400078,5.453985,5,0.160000,0.080000,0
661,68.506000,68.426000,-0.080000,3,2,3.976141,3.889206,3.860620,5,0.160000,0.080000,0
662,68.546000,68.466000,-0.080000,3,0,3.832717,3.649849,3.788825,5,0.160000,0.080000,0
662,68.546000,68.466000,-0.080000,3,1,5.505191,5.485640,5.390456,5,0.160000,0.080000,0
662,68.546000,68.466000,-0.080000,3,2,3.897858,3.766590,3.816108,5,0.160000,0.080000,0
663,68.586000,68.506000,-0.080000,3,0,3.819206,3.734931,3.746756,5,0.160000,0.080000,0
663,68.586000,68.506000,-0.080000,3,1,5.444523,5.267057,5.331631,5,0.160000,0.080000,0
663,68.586000,68.506000,-0.080000,3,2,3.833162,3.688321,3.774899,5,0.160000,0.080000,0
664,68.626000,68.546000,-0.080000,3,0,3.812549,3.872365,3.703834,5,0.160000,0.080000,0
664,68.626000,68.546000,-0.080000,3,1,5.359322,5.148121,5.271624,5,0.160000,0.080000,0
664,68.626000,68.546000,-0.080000,3,2,3.827882,3.942039,3.732869,5,0.160000,0.080000,0
665,68.666000,68.586000,-0.080000,3,0,3.773310,3.665131,3.660125,5,0.160000,0.080000,0
665,68.666000,68.586000,-0.080000,3,1,5.314057,5.269388,5.210528,5,0.160000,0.080000,0
665,68.666000,68.586000,-0.080000,3,2,3.792717,3.677430,3.690086,5,0.160000,0.080000,0
666,68.706000,68.626000,-0.080000,3,0,3.723477,3.695107,3.618048,5,0.160000,0.080000,0
666,68.706000,68.626000,-0.080000,3,1,5.265769,5.158639,5.151723,5,0.160000,0.080000,0
666,68.706000,68.626000,-0.080000,3,2,3.712079,3.486014,3.648915,5,0.160000,0.080000,0
667,68.746000,68.666000,-0.080000,3,0,3.709108,3.578007,3.570595,5,0.160000,0.080000,0
667,68.746000,68.666000,-0.080000,3,1,5.177753,5.045561,5.085416,5,0.160000,0.080000,0
667,68.746000,68.666000,-0.080000,3,2,3.661713,3.514761,3.602502,5,0.160000,0.080000,0
668,68.786000,68.706000,-0.080000,3,0,3.668763,3.533203,3.524882,5,0.160000,0.080000,0
668,68.786000,68.706000,-0.080000,3,2,3.660572,3.682618,3.557814,5,0.160000,0.080000,0
669,68.826000,68.746000,-0.080000,3,0,3.595132,3.504214,3.478601,5,0.160000,0.080000,0
669,68.826000,68.746000,-0.080000,3,2,3.575394,3.516148,3.512592,5,0.160000,0.080000,0
670,68.866000,68.786000,-0.080000,3,0,3.535581,3.367375,3.426836,5,0.160000,0.080000,0
670,68.866000,68.786000,-0.080000,3,2,3.530771,3.454313,3.462035,5,0.160000,0.080000,0
671,68.906000,68.826000,-0.080000,3,0,3.471483,3.374618,3.379487,5,0.160000,0.080000,0
671,68.906000,68.826000,-0.080000,3,2,3.516767,3.415997,3.415811,5,0.160000,0.080000,0
672,68.946000,68.866000,-0.080000,3,0,3.411754,3.279362,3.326627,5,0.160000,0.080000,0
672,68.946000,68.946000,0.000000,3,1,4.682450,4.682450,4.744714,1,0.000000,0.000000,0
673,68.986000,68.906000,-0.080000,3,0,3.362906,3.288963,3.275803,5,0.160000,0.080000,0
673,68.986000,68.966000,-0.020000,3,1,4.646556,4.610661,4.673768,2,0.040000,0.020000,0
673,68.986000,68.874000,-0.112000,3,2,3.488965,3.375750,3.314645,5,0.200000,0.112000,0
674,69.026000,68.946000,-0.080000,3,0,3.313484,3.257105,3.180644,5,0.160000,0.080000,0
674,69.026000,68.986000,-0.040000,3,1,4.642210,4.633519,4.540957,3,0.080000,0.040000,0
674,69.026000,68.922000,-0.104000,3,2,3.393578,3.205681,3.221856,5,0.200000,0.104000,0
675,69.066000,69.006000,-0.060000,3,1,4.618555,4.547588,4.472035,4,0.120000,0.060000,0
675,69.066000,68.970000,-0.096000,3,2,3.312038,3.108452,3.173713,5,0.200000,0.096000,0
676,69.106000,68.994000,-0.112000,3,0,3.267084,3.135372,3.128640,5,0.200000,0.112000,0
676,69.106000,69.026000,-0.080000,3,1,4.598294,4.517248,4.468395,5,0.160000,0.080000,0
676,69.106000,69.018000,-0.088000,3,2,3.255532,3.171781,3.171170,5,0.200000,0.088000,0
677,69.146000,69.042000,-0.104000,3,0,3.206909,3.073745,3.071014,5,0.200000,0.104000,0
677,69.146000,69.066000,-0.080000,3,1,4.536901,4.375487,4.388005,5,0.160000,0.080000,0
677,69.146000,69.066000,-0.080000,3,2,3.214155,3.209114,3.115023,5,0.160000,0.080000,0
678,69.186000,69.106000,-0.080000,3,1,4.486444,4.358376,4.310749,5,0.160000,0.080000,0
678,69.186000,69.106000,-0.080000,3,2,3.143002,3.019982,3.061067,5,0.160000,0.080000,0
679,69.226000,69.146000,-0.080000,3,1,4.409185,4.247224,4.240445,5,0.160000,0.080000,0
679,69.226000,69.146000,-0.080000,3,2,3.130424,3.142794,3.011966,5,0.160000,0.080000,0
680,69.266000,69.106000,-0.160000,3,0,3.143886,2.964247,2.909216,5,0.280000,0.160000,0
680,69.266000,69.186000,-0.080000,3,1,4.326387,4.133602,4.162326,5,0.160000,0.080000,0
680,69.266000,69.186000,-0.080000,3,2,3.115219,3.032422,2.957406,5,0.160000,0.080000,0
681,69.306000,69.170000,-0.136000,3,0,3.072405,2.931553,2.810002,5,0.280000,0.136000,0
681,69.306000,69.226000,-0.080000,3,1,4.253375,4.152187,4.023813,5,0.160000,0.080000,0
681,69.306000,69.226000,-0.080000,3,2,3.064021,2.915792,2.860638,5,0.160000,0.080000,0
682,69.346000,69.266000,-0.080000,3,1,4.184534,4.031281,3.948629,5,0.160000,0.080000,0
682,69.346000,69.266000,-0.080000,3,2,2.975236,2.765189,2.808076,5,0.160000,0.080000,0
683,69.386000,69.242000,-0.144000,3,0,2.983654,2.813354,2.705129,5,0.280000,0.144000,0
683,69.386000,69.306000,-0.080000,3,1,4.100687,3.939143,3.877130,5,0.160000,0.080000,0
683,69.386000,69.306000,-0.080000,3,2,2.949213,2.889869,2.758052,5,0.160000,0.080000,0
684,69.426000,69.306000,-0.120000,3,0,2.902910,2.731652,2.656808,5,0.280000,0.120000,0
684,69.426000,69.346000,-0.080000,3,1,4.008445,3.786015,3.809433,5,0.160000,0.080000,0
684,69.426000,69.346000,-0.080000,3,2,2.894633,2.869893,2.710644,5,0.160000,0.080000,0
685,69.466000,69.386000,-0.080000,3,1,3.914302,3.662887,3.741878,5,0.160000,0.080000,0
685,69.466000,69.386000,-0.080000,3,2,2.825659,2.687555,2.663286,5,0.160000,0.080000,0
686,69.506000,69.426000,-0.080000,3,1,3.838452,3.772932,3.670836,5,0.160000,0.080000,0
687,69.546000,69.386000,-0.160000,3,0,2.806138,2.589882,2.505119,5,0.280000,0.160000,0
687,69.546000,69.466000,-0.080000,3,1,3.744205,3.560047,3.596479,5,0.160000,0.080000,0
687,69.546000,69.434000,-0.112000,3,2,2.763182,2.603407,2.561188,5,0.200000,0.112000,0
688,69.586000,69.450000,-0.136000,3,0,2.699008,2.428601,2.455263,5,0.280000,0.136000,0
688,69.586000,69.506000,-0.080000,3,1,3.654159,3.488915,3.526356,5,0.160000,0.080000,0
688,69.586000,69.482000,-0.104000,3,2,2.721410,2.556327,2.511863,5,0.200000,0.104000,0
689,69.626000,69.514000,-0.112000,3,0,2.576715,2.320085,2.403289,5,0.240000,0.112000,0
689,69.626000,69.530000,-0.096000,3,2,2.610390,2.334770,2.460344,5,0.200000,0.096000,0
690,69.666000,69.570000,-0.096000,3,0,2.473883,2.299198,2.354455,5,0.240000,0.096000,0
690,69.666000,69.554000,-0.112000,3,1,3.575781,3.394124,3.384398,5,0.200000,0.112000,0
690,69.666000,69.578000,-0.088000,3,2,2.560003,2.617955,2.411848,5,0.200000,0.088000,0
691,69.706000,69.626000,-0.080000,3,0,2.388190,2.303184,2.306199,5,0.160000,0.080000,0
691,69.706000,69.602000,-0.104000,3,1,3.540609,3.487027,3.316366,5,0.200000,0.104000,0
691,69.706000,69.626000,-0.080000,3,2,2.476613,2.270607,2.363845,5,0.160000,0.080000,0
692,69.748000,69.666400,-0.081600,3,0,2.322159,2.259730,2.253587,5,0.162000,0.081600,0
692,69.748000,69.650400,-0.097600,3,1,3.425593,3.197850,3.242136,5,0.202000,0.097600,0
692,69.748000,69.666400,-0.081600,3,2,2.443911,2.439894,2.311421,5,0.162000,0.081600,0
693,69.786000,69.706400,-0.079600,3,0,2.274531,2.190461,2.206681,5,0.160000,0.079600,0
693,69.786000,69.698400,-0.087600,3,1,3.367118,3.267675,3.175909,5,0.200000,0.087600,0
693,69.786000,69.706400,-0.079600,3,2,2.396425,2.318898,2.264608,5,0.160000,0.079600,0
694,69.826000,69.746400,-0.079600,3,0,2.260775,2.251301,2.153238,5,0.160000,0.079600,0
694,69.826000,69.746400,-0.079600,3,2,2.389115,2.298221,2.211189,5,0.160000,0.079600,0
695,69.866000,69.786400,-0.079600,3,0,2.222926,2.109956,2.107864,5,0.160000,0.079600,0
695,69.866000,69.786400,-0.079600,3,2,2.283982,2.092289,2.165771,5,0.160000,0.079600,0
696,69.906000,69.826400,-0.079600,3,0,2.179247,2.084787,2.065571,5,0.158000,0.079600,0
696,69.906000,69.762400,-0.143600,3,1,3.273265,3.019646,2.976414,5,0.240000,0.143600,0
696,69.906000,69.826400,-0.079600,3,2,2.256772,2.134558,2.123384,5,0.158000,0.079600,0
697,69.946000,69.866000,-0.080000,3,0,2.116309,1.945041,2.019398,5,0.160000,0.080000,0
697,69.946000,69.818400,-0.127600,3,1,3.189909,2.977347,2.911058,5,0.240000,0.127600,0
697,69.946000,69.866000,-0.080000,3,2,2.174749,2.029780,2.077053,5,0.160000,0.080000,0
698,69.986000,69.906000,-0.080000,3,0,2.090238,2.060104,1.976364,5,0.160000,0.080000,0
698,69.986000,69.874400,-0.111600,3,1,3.040872,2.741841,2.850104,5,0.238000,0.111600,0
698,69.986000,69.906000,-0.080000,3,2,2.098748,1.938894,2.033815,5,0.160000,0.080000,0
699,70.026000,69.946000,-0.080000,3,0,2.054243,2.071326,1.936369,5,0.160000,0.080000,0
699,70.026000,69.930000,-0.096000,3,1,2.936932,2.678149,2.793411,5,0.240000,0.096000,0
699,70.026000,69.946000,-0.080000,3,2,2.027504,1.942001,1.993577,5,0.160000,0.080000,0
700,70.066000,69.986000,-0.080000,3,0,1.995408,1.815783,1.894997,5,0.160000,0.080000,0
700,70.066000,69.986000,-0.080000,3,1,2.820794,2.686988,2.734717,5,0.160000,0.080000,0
700,70.066000,69.986000,-0.080000,3,2,1.990734,1.908438,1.951895,5,0.160000,0.080000,0
701,70.106000,70.026000,-0.080000,3,0,1.942750,1.821495,1.854520,5,0.160000,0.080000,0
701,70.106000,70.026000,-0.080000,3,1,2.743332,2.632333,2.677237,5,0.160000,0.080000,0
701,70.106000,70.026000,-0.080000,3,2,1.924283,1.802304,1.911051,5,0.160000,0.080000,0
702,70.146000,70.066000,-0.080000,3,0,1.910676,1.784671,1.808803,5,0.160000,0.080000,0
702,70.146000,70.066000,-0.080000,3,1,2.651413,2.517755,2.612244,5,0.160000,0.080000,0
703,70.186000,70.106000,-0.080000,3,0,1.842992,1.721682,1.766345,5,0.160000,0.080000,0
703,70.186000,70.106000,-0.080000,3,1,2.603282,2.501187,2.551813,5,0.160000,0.080000,0
703,70.186000,70.074000,-0.112000,3,2,1.866801,1.742369,1.821831,5,0.200000,0.112000,0
704,70.226000,70.146000,-0.080000,3,0,1.777353,1.743132,1.728943,5,0.160000,0.080000,0
704,70.226000,70.146000,-0.080000,3,1,2.563935,2.481410,2.498524,5,0.160000,0.080000,0
704,70.226000,70.122000,-0.104000,3,2,1.853030,1.870040,1.783883,5,0.200000,0.104000,0
705,70.266000,70.186000,-0.080000,3,0,1.761033,1.734184,1.692516,5,0.160000,0.080000,0
705,70.266000,70.186000,-0.080000,3,1,2.517234,2.453485,2.446578,5,0.160000,0.080000,0
705,70.266000,70.170000,-0.096000,3,2,1.828151,1.817606,1.746865,5,0.200000,0.096000,0
706,70.306000,70.226000,-0.080000,3,0,1.720778,1.620222,1.657079,5,0.160000,0.080000,0
706,70.306000,70.226000,-0.080000,3,1,2.477769,2.435007,2.396003,5,0.160000,0.080000,0
706,70.306000,70.218000,-0.088000,3,2,1.785454,1.694951,1.710797,5,0.200000,0.088000,0
707,70.346000,70.266000,-0.080000,3,0,1.680354,1.582549,1.624433,5,0.160000,0.080000,0
707,70.346000,70.266000,-0.080000,3,1,2.458071,2.419265,2.349374,5,0.160000,0.080000,0
707,70.346000,70.266000,-0.080000,3,2,1.750075,1.625408,1.677519,5,0.160000,0.080000,0
708,70.386000,70.306000,-0.080000,3,0,1.678111,1.710467,1.560212,5,0.160000,0.080000,0
708,70.386000,70.306000,-0.080000,3,2,1.712539,1.554690,1.611893,5,0.160000,0.080000,0
709,70.426000,70.346000,-0.080000,3,0,1.633601,1.520582,1.528774,5,0.160000,0.080000,0
709,70.426000,70.314000,-0.112000,3,1,2.409956,2.260615,2.212482,5,0.200000,0.112000,0
709,70.426000,70.346000,-0.080000,3,2,1.647436,1.544526,1.579671,5,0.160000,0.080000,0
710,70.466000,70.386000,-0.080000,3,0,1.604173,1.587046,1.496831,5,0.160000,0.080000,0
710,70.466000,70.386000,-0.080000,3,2,1.564130,1.401074,1.546851,5,0.160000,0.080000,0
711,70.508000,70.426400,-0.081600,3,0,1.575824,1.478476,1.495265,5,0.162000,0.081600,0
711,70.508000,70.426400,-0.081600,3,2,1.523574,1.492170,1.545240,5,0.162000,0.081600,0
712,70.546000,70.466400,-0.079600,3,0,1.538718,1.397021,1.460077,5,0.160000,0.079600,0
712,70.546000,70.466400,-0.079600,3,2,1.498644,1.500758,1.508971,5,0.160000,0.079600,0
713,70.586000,70.506400,-0.079600,3,0,1.463330,1.333527,1.406839,5,0.160000,0.079600,0
713,70.586000,70.506400,-0.079600,3,2,1.465704,1.389992,1.453830,5,0.160000,0.079600,0
714,70.626000,70.546400,-0.079600,3,0,1.444331,1.425587,1.405459,5,0.160000,0.079600,0
714,70.626000,70.626000,0.000000,3,1,1.999261,1.999261,2.035110,1,0.000000,0.000000,0
714,70.626000,70.546400,-0.079600,3,2,1.464667,1.539338,1.452395,5,0.160000,0.079600,0
715,70.666000,70.586400,-0.079600,3,0,1.408144,1.406108,1.377176,5,0.158000,0.079600,0
715,70.666000,70.646000,-0.020000,3,1,1.936300,1.873339,1.994243,2,0.040000,0.020000,0
715,70.666000,70.586400,-0.079600,3,2,1.484556,1.500522,1.422948,5,0.158000,0.079600,0
716,70.706000,70.626000,-0.080000,3,0,1.383096,1.353238,1.330676,5,0.160000,0.080000,0
716,70.706000,70.666000,-0.040000,3,1,1.918815,1.883846,1.926879,3,0.080000,0.040000,0
716,70.706000,70.626000,-0.080000,3,2,1.472121,1.429996,1.374272,5,0.160000,0.080000,0
717,70.746000,70.666000,-0.080000,3,0,1.366123,1.312155,1.308459,5,0.160000,0.080000,0
717,70.746000,70.686000,-0.060000,3,1,1.858230,1.676474,1.894608,4,0.120000,0.060000,0
717,70.746000,70.666000,-0.080000,3,2,1.440249,1.341396,1.350886,5,0.160000,0.080000,0
718,70.786000,70.706000,-0.080000,3,0,1.371973,1.362776,1.287375,5,0.160000,0.080000,0
718,70.786000,70.706000,-0.080000,3,1,1.866279,1.898474,1.863925,5,0.160000,0.080000,0
718,70.786000,70.706000,-0.080000,3,2,1.406855,1.223023,1.328603,5,0.160000,0.080000,0
719,70.826000,70.746000,-0.080000,3,0,1.341181,1.271630,1.264383,5,0.160000,0.080000,0
719,70.826000,70.746000,-0.080000,3,1,1.835856,1.847148,1.830385,5,0.160000,0.080000,0
719,70.826000,70.746000,-0.080000,3,2,1.362943,1.319780,1.304186,5,0.160000,0.080000,0
720,70.866000,70.786000,-0.080000,3,0,1.307866,1.239530,1.245756,5,0.160000,0.080000,0
720,70.866000,70.786000,-0.080000,3,1,1.832044,1.854276,1.803141,5,0.160000,0.080000,0
720,70.866000,70.786000,-0.080000,3,2,1.324585,1.308728,1.284295,5,0.160000,0.080000,0
721,70.906000,70.826000,-0.080000,3,0,1.326295,1.445385,1.229164,5,0.160000,0.080000,0
721,70.906000,70.826000,-0.080000,3,1,1.813328,1.790267,1.778808,5,0.160000,0.080000,0
721,70.906000,70.826000,-0.080000,3,2,1.287575,1.244950,1.266477,5,0.160000,0.080000,0
722,70.946000,70.866000,-0.080000,3,0,1.304530,1.203328,1.212771,5,0.160000,0.080000,0
722,70.946000,70.866000,-0.080000,3,1,1.813027,1.674968,1.754688,5,0.160000,0.080000,0
722,70.946000,70.866000,-0.080000,3,2,1.273138,1.269210,1.248755,5,0.160000,0.080000,0
723,70.986000,70.906000,-0.080000,3,0,1.274578,1.213020,1.197534,5,0.160000,0.080000,0
723,70.986000,70.906000,-0.080000,3,1,1.782871,1.747696,1.732181,5,0.160000,0.080000,0
723,70.986000,70.906000,-0.080000,3,2,1.297128,1.342974,1.232153,5,0.160000,0.080000,0
724,71.026000,70.946000,-0.080000,3,0,1.286931,1.333393,1.183462,5,0.160000,0.080000,0
724,71.026000,70.946000,-0.080000,3,1,1.770205,1.783817,1.711293,5,0.160000,0.080000,0
724,71.026000,70.946000,-0.080000,3,2,1.257261,1.120441,1.216676,5,0.160000,0.080000,0
725,71.066000,70.986000,-0.080000,3,0,1.244195,1.025849,1.171211,5,0.160000,0.080000,0
725,71.066000,70.986000,-0.080000,3,1,1.745870,1.732603,1.693006,5,0.160000,0.080000,0
725,71.066000,70.986000,-0.080000,3,2,1.254299,1.293918,1.203055,5,0.160000,0.080000,0
726,71.106000,71.026000,-0.080000,3,0,1.178726,1.118039,1.159425,5,0.160000,0.080000,0
726,71.106000,71.026000,-0.080000,3,1,1.763234,1.877084,1.675297,5,0.160000,0.080000,0
726,71.106000,71.026000,-0.080000,3,2,1.244802,1.197466,1.189784,5,0.160000,0.080000,0
727,71.146000,71.066000,-0.080000,3,0,1.156721,1.093306,1.148823,5,0.160000,0.080000,0
727,71.146000,71.066000,-0.080000,3,1,1.766663,1.692116,1.659233,5,0.160000,0.080000,0
727,71.146000,71.066000,-0.080000,3,2,1.217756,1.133983,1.177655,5,0.160000,0.080000,0
728,71.186000,71.106000,-0.080000,3,0,1.133058,1.094703,1.139407,5,0.160000,0.080000,0
728,71.186000,71.106000,-0.080000,3,1,1.757460,1.701678,1.644820,5,0.160000,0.080000,0
728,71.186000,71.106000,-0.080000,3,2,1.194319,1.225786,1.166673,5,0.160000,0.080000,0
729,71.226000,71.146000,-0.080000,3,0,1.097523,1.155718,1.131583,5,0.160000,0.080000,0
729,71.226000,71.146000,-0.080000,3,1,1.709151,1.542275,1.632692,5,0.160000,0.080000,0
729,71.226000,71.146000,-0.080000,3,2,1.195634,1.127018,1.157331,5,0.160000,0.080000,0
730,71.266000,71.186000,-0.080000,3,0,1.101318,1.044823,1.124144,5,0.160000,0.080000,0
730,71.266000,71.186000,-0.080000,3,1,1.702535,1.699522,1.620960,5,0.160000,0.080000,0
730,71.266000,71.186000,-0.080000,3,2,1.138507,1.008284,1.148164,5,0.160000,0.080000,0
731,71.306000,71.226000,-0.080000,3,0,1.077219,0.997544,1.118300,5,0.160000,0.080000,0
731,71.306000,71.226000,-0.080000,3,1,1.668529,1.707055,1.611517,5,0.160000,0.080000,0
731,71.306000,71.226000,-0.080000,3,2,1.119351,1.101682,1.140640,5,0.160000,0.080000,0
732,71.346000,71.266000,-0.080000,3,0,1.078142,1.097924,1.113651,5,0.160000,0.080000,0
732,71.346000,71.266000,-0.080000,3,1,1.663947,1.669208,1.603736,5,0.160000,0.080000,0
732,71.346000,71.266000,-0.080000,3,2,1.139460,1.234528,1.134273,5,0.160000,0.080000,0
733,71.386000,71.306000,-0.080000,3,0,1.071107,1.059526,1.108123,5,0.160000,0.080000,0
733,71.386000,71.306000,-0.080000,3,1,1.639184,1.577862,1.593552,5,0.160000,0.080000,0
733,71.386000,71.306000,-0.080000,3,2,1.124797,1.152471,1.125393,5,0.160000,0.080000,0
734,71.426000,71.346000,-0.080000,3,0,1.050281,1.051587,1.106936,5,0.160000,0.080000,0
734,71.426000,71.346000,-0.080000,3,1,1.674106,1.716885,1.590590,5,0.160000,0.080000,0
734,71.426000,71.346000,-0.080000,3,2,1.106098,1.033524,1.122391,5,0.160000,0.080000,0
735,71.466000,71.386000,-0.080000,3,0,1.058758,1.087208,1.106946,5,0.160000,0.080000,0
735,71.466000,71.386000,-0.080000,3,1,1.680000,1.728993,1.589299,5,0.160000,0.080000,0
735,71.466000,71.386000,-0.080000,3,2,1.115445,1.055021,1.120558,5,0.160000,0.080000,0
736,71.506000,71.426000,-0.080000,3,0,1.086630,1.136906,1.108246,5,0.160000,0.080000,0
736,71.506000,71.426000,-0.080000,3,1,1.691713,1.765619,1.589754,5,0.160000,0.080000,0
736,71.506000,71.426000,-0.080000,3,2,1.106652,1.057716,1.119892,5,0.160000,0.080000,0
737,71.546000,71.466000,-0.080000,3,0,1.097691,1.153230,1.110706,5,0.160000,0.080000,0
737,71.546000,71.466000,-0.080000,3,1,1.659784,1.509563,1.591911,5,0.160000,0.080000,0
737,71.546000,71.466000,-0.080000,3,2,1.075101,1.076772,1.120461,5,0.160000,0.080000,0
738,71.586000,71.506000,-0.080000,3,0,1.117541,1.158775,1.114359,5,0.160000,0.080000,0
738,71.586000,71.506000,-0.080000,3,1,1.644831,1.503096,1.595751,5,0.160000,0.080000,0
738,71.586000,71.506000,-0.080000,3,2,1.059247,1.073201,1.122200,5,0.160000,0.080000,0
739,71.626000,71.546000,-0.080000,3,0,1.123955,1.083658,1.119494,5,0.160000,0.080000,0
739,71.626000,71.546000,-0.080000,3,1,1.634077,1.663117,1.601612,5,0.160000,0.080000,0
739,71.626000,71.546000,-0.080000,3,2,1.056255,1.018567,1.125296,5,0.160000,0.080000,0
740,71.666000,71.586000,-0.080000,3,0,1.121319,1.074026,1.125248,5,0.160000,0.080000,0
740,71.666000,71.586000,-0.080000,3,1,1.615046,1.633833,1.608481,5,0.160000,0.080000,0
740,71.666000,71.586000,-0.080000,3,2,1.044241,0.994947,1.129191,5,0.160000,0.080000,0
741,71.706000,71.626000,-0.080000,3,0,1.122202,1.141321,1.132486,5,0.160000,0.080000,0
741,71.706000,71.626000,-0.080000,3,1,1.596206,1.671421,1.617374,5,0.160000,0.080000,0
741,71.706000,71.626000,-0.080000,3,2,1.082278,1.247904,1.134445,5,0.160000,0.080000,0
742,71.746000,71.666000,-0.080000,3,0,1.107774,1.081090,1.141884,5,0.160000,0.080000,0
742,71.746000,71.666000,-0.080000,3,1,1.596557,1.511317,1.629168,5,0.160000,0.080000,0
742,71.746000,71.666000,-0.080000,3,2,1.080272,1.066741,1.141622,5,0.160000,0.080000,0
743,71.786000,71.706000,-0.080000,3,0,1.104498,1.142395,1.152203,5,0.160000,0.080000,0
743,71.786000,71.706000,-0.080000,3,1,1.644347,1.742046,1.642325,5,0.160000,0.080000,0
743,71.786000,71.706000,-0.080000,3,2,1.107181,1.207747,1.149805,5,0.160000,0.080000,0
744,71.826000,71.746000,-0.080000,3,0,1.120184,1.162088,1.163863,5,0.160000,0.080000,0
744,71.826000,71.746000,-0.080000,3,1,1.629610,1.589434,1.657363,5,0.160000,0.080000,0
744,71.826000,71.746000,-0.080000,3,2,1.132237,1.143846,1.159309,5,0.160000,0.080000,0
745,71.866000,71.786000,-0.080000,3,0,1.143572,1.190964,1.176184,5,0.160000,0.080000,0
745,71.866000,71.786000,-0.080000,3,1,1.647247,1.722019,1.673398,5,0.160000,0.080000,0
745,71.866000,71.786000,-0.080000,3,2,1.186289,1.265205,1.169567,5,0.160000,0.080000,0
746,71.906000,71.826000,-0.080000,3,0,1.161979,1.233359,1.189720,5,0.160000,0.080000,0
746,71.906000,71.826000,-0.080000,3,1,1.668656,1.778467,1.691139,5,0.160000,0.080000,0
746,71.906000,71.826000,-0.080000,3,2,1.169729,1.165107,1.181024,5,0.160000,0.080000,0
747,71.946000,71.866000,-0.080000,3,0,1.189624,1.219312,1.206098,5,0.160000,0.080000,0
747,71.946000,71.866000,-0.080000,3,1,1.724450,1.790283,1.712739,5,0.160000,0.080000,0
747,71.946000,71.866000,-0.080000,3,2,1.212344,1.279813,1.195085,5,0.160000,0.080000,0
748,71.986000,71.906000,-0.080000,3,0,1.207468,1.231614,1.222198,5,0.160000,0.080000,0
748,71.986000,71.906000,-0.080000,3,1,1.731667,1.778133,1.734082,5,0.160000,0.080000,0
748,71.986000,71.906000,-0.080000,3,2,1.197354,1.132802,1.209069,5,0.160000,0.080000,0
749,72.026000,71.946000,-0.080000,3,0,1.217317,1.211335,1.240458,5,0.160000,0.080000,0
749,72.026000,71.946000,-0.080000,3,1,1.726004,1.561119,1.758393,5,0.160000,0.080000,0
749,72.026000,71.946000,-0.080000,3,2,1.211821,1.216179,1.225079,5,0.160000,0.080000,0
750,72.066000,71.986000,-0.080000,3,0,1.225352,1.231138,1.259047,5,0.160000,0.080000,0
750,72.066000,71.986000,-0.080000,3,1,1.731091,1.747453,1.783233,5,0.160000,0.080000,0
750,72.066000,71.986000,-0.080000,3,2,1.190139,1.156792,1.241512,5,0.160000,0.080000,0
751,72.106000,72.026000,-0.080000,3,0,1.263155,1.422373,1.277759,5,0.160000,0.080000,0
751,72.106000,72.026000,-0.080000,3,1,1.750418,1.875100,1.808319,5,0.160000,0.080000,0
751,72.106000,72.026000,-0.080000,3,2,1.217708,1.302957,1.258176,5,0.160000,0.080000,0
752,72.146000,72.066000,-0.080000,3,0,1.296498,1.386032,1.299770,5,0.160000,0.080000,0
752,72.146000,72.066000,-0.080000,3,1,1.734750,1.711945,1.837922,5,0.160000,0.080000,0
752,72.146000,72.066000,-0.080000,3,2,1.230625,1.344397,1.277935,5,0.160000,0.080000,0
753,72.186000,72.106000,-0.080000,3,0,1.311528,1.306762,1.321808,5,0.160000,0.080000,0
753,72.186000,72.106000,-0.080000,3,1,1.732918,1.768971,1.867654,5,0.160000,0.080000,0
753,72.186000,72.106000,-0.080000,3,2,1.245578,1.207568,1.297888,5,0.160000,0.080000,0
754,72.226000,72.146000,-0.080000,3,0,1.320962,1.258506,1.343620,5,0.160000,0.080000,0
754,72.226000,72.146000,-0.080000,3,1,1.798855,1.890806,1.897160,5,0.160000,0.080000,0
754,72.226000,72.146000,-0.080000,3,2,1.276074,1.368655,1.317802,5,0.160000,0.080000,0
755,72.266000,72.186000,-0.080000,3,0,1.344478,1.348718,1.368807,5,0.160000,0.080000,0
755,72.266000,72.186000,-0.080000,3,1,1.815494,1.830647,1.931321,5,0.160000,0.080000,0
755,72.266000,72.186000,-0.080000,3,2,1.300600,1.279424,1.340999,5,0.160000,0.080000,0
756,72.306000,72.226000,-0.080000,3,0,1.352295,1.461459,1.393539,5,0.160000,0.080000,0
756,72.306000,72.226000,-0.080000,3,1,1.847439,2.034827,1.964947,5,0.160000,0.080000,0
756,72.306000,72.226000,-0.080000,3,2,1.299022,1.295068,1.363979,5,0.160000,0.080000,0
757,72.346000,72.266000,-0.080000,3,0,1.366014,1.454625,1.418926,5,0.160000,0.080000,0
757,72.346000,72.266000,-0.080000,3,1,1.925623,2.102865,1.999538,5,0.160000,0.080000,0
757,72.346000,72.266000,-0.080000,3,2,1.319801,1.448290,1.387761,5,0.160000,0.080000,0
758,72.386000,72.306000,-0.080000,3,0,1.388353,1.418456,1.468362,5,0.160000,0.080000,0
758,72.386000,72.306000,-0.080000,3,1,2.003248,2.157096,2.067105,5,0.160000,0.080000,0
758,72.386000,72.306000,-0.080000,3,2,1.374168,1.479403,1.434579,5,0.160000,0.080000,0
759,72.426000,72.346000,-0.080000,3,0,1.401579,1.324639,1.496328,5,0.160000,0.080000,0
759,72.426000,72.346000,-0.080000,3,1,2.067326,2.211196,2.105445,5,0.160000,0.080000,0
759,72.426000,72.346000,-0.080000,3,2,1.387935,1.437489,1.461323,5,0.160000,0.080000,0
760,72.466000,72.386000,-0.080000,3,0,1.436840,1.525018,1.524491,5,0.160000,0.080000,0
760,72.466000,72.386000,-0.080000,3,1,2.127548,2.131757,2.144134,5,0.160000,0.080000,0
760,72.466000,72.386000,-0.080000,3,2,1.437021,1.524855,1.488416,5,0.160000,0.080000,0
761,72.506000,72.426000,-0.080000,3,0,1.458842,1.571471,1.549911,5,0.160000,0.080000,0
761,72.506000,72.426000,-0.080000,3,1,2.163025,2.212209,2.179117,5,0.160000,0.080000,0
762,72.546000,72.466000,-0.080000,3,0,1.463445,1.477642,1.575326,5,0.160000,0.080000,0
762,72.546000,72.466000,-0.080000,3,1,2.208795,2.331717,2.214146,5,0.160000,0.080000,0
762,72.546000,72.434000,-0.112000,3,2,1.493242,1.576174,1.537672,5,0.200000,0.112000,0
763,72.586000,72.506000,-0.080000,3,0,1.499098,1.596718,1.602076,5,0.160000,0.080000,0
763,72.586000,72.506000,-0.080000,3,1,2.230378,2.265010,2.251066,5,0.160000,0.080000,0
763,72.586000,72.482000,-0.104000,3,2,1.499269,1.478422,1.563750,5,0.200000,0.104000,0
764,72.626000,72.546000,-0.080000,3,0,1.553201,1.595157,1.630076,5,0.160000,0.080000,0
764,72.626000,72.546000,-0.080000,3,1,2.249680,2.307708,2.289760,5,0.160000,0.080000,0
764,72.626000,72.530000,-0.096000,3,2,1.495003,1.458073,1.591154,5,0.200000,0.096000,0
765,72.666000,72.586000,-0.080000,3,0,1.576833,1.643178,1.656463,5,0.160000,0.080000,0
765,72.666000,72.586000,-0.080000,3,1,2.289353,2.330121,2.326263,5,0.160000,0.080000,0
765,72.666000,72.578000,-0.088000,3,2,1.534183,1.633389,1.617074,5,0.200000,0.088000,0
766,72.706000,72.626000,-0.080000,3,0,1.568507,1.529840,1.681214,5,0.160000,0.080000,0
766,72.706000,72.626000,-0.080000,3,1,2.295910,2.244995,2.360535,5,0.160000,0.080000,0
766,72.706000,72.626000,-0.080000,3,2,1.532324,1.515563,1.641470,5,0.160000,0.080000,0
767,72.746000,72.666000,-0.080000,3,0,1.604878,1.659499,1.708376,5,0.160000,0.080000,0
767,72.746000,72.666000,-0.080000,3,1,2.333698,2.520654,2.398180,5,0.160000,0.080000,0
767,72.746000,72.666000,-0.080000,3,2,1.562939,1.729249,1.668332,5,0.160000,0.080000,0
768,72.786000,72.706000,-0.080000,3,1,2.373373,2.463387,2.433440,5,0.160000,0.080000,0
768,72.786000,72.706000,-0.080000,3,2,1.604357,1.685511,1.693552,5,0.160000,0.080000,0
769,72.826000,72.714000,-0.112000,3,0,1.648590,1.815276,1.761383,5,0.200000,0.112000,0
769,72.826000,72.746000,-0.080000,3,1,2.383131,2.356498,2.471752,5,0.160000,0.080000,0
769,72.826000,72.746000,-0.080000,3,2,1.662837,1.750474,1.721021,5,0.160000,0.080000,0
770,72.866000,72.762000,-0.104000,3,0,1.670265,1.703532,1.783286,5,0.200000,0.104000,0
770,72.866000,72.786000,-0.080000,3,1,2.398665,2.407790,2.502196,5,0.160000,0.080000,0
770,72.866000,72.786000,-0.080000,3,2,1.674143,1.689916,1.742895,5,0.160000,0.080000,0
771,72.906000,72.810000,-0.096000,3,0,1.689742,1.740564,1.807265,5,0.200000,0.096000,0
771,72.906000,72.826000,-0.080000,3,1,2.461576,2.559551,2.535556,5,0.160000,0.080000,0
771,72.906000,72.826000,-0.080000,3,2,1.737061,1.830153,1.766912,5,0.160000,0.080000,0
772,72.946000,72.858000,-0.088000,3,0,1.757950,1.870881,1.833100,5,0.200000,0.088000,0
772,72.946000,72.866000,-0.080000,3,1,2.472481,2.575176,2.571539,5,0.160000,0.080000,0
772,72.946000,72.866000,-0.080000,3,2,1.753027,1.809082,1.792872,5,0.160000,0.080000,0
773,72.986000,72.906000,-0.080000,3,0,1.808584,1.912666,1.855826,5,0.160000,0.080000,0
773,72.986000,72.906000,-0.080000,3,1,2.519751,2.699737,2.603227,5,0.160000,0.080000,0
773,72.986000,72.906000,-0.080000,3,2,1.772207,1.781411,1.815782,5,0.160000,0.080000,0
774,73.026000,72.946000,-0.080000,3,0,1.817621,1.860464,1.876750,5,0.160000,0.080000,0
774,73.026000,72.946000,-0.080000,3,1,2.606041,2.787952,2.632438,5,0.160000,0.080000,0
774,73.026000,72.946000,-0.080000,3,2,1.756140,1.670138,1.836942,5,0.160000,0.080000,0
775,73.066000,72.986000,-0.080000,3,0,1.865589,1.943372,1.898161,5,0.160000,0.080000,0
775,73.066000,72.986000,-0.080000,3,1,2.675052,2.752844,2.662366,5,0.160000,0.080000,0
775,73.066000,72.986000,-0.080000,3,2,1.792779,1.873113,1.858667,5,0.160000,0.080000,0
776,73.106000,73.026000,-0.080000,3,0,1.889826,1.861750,1.935677,5,0.160000,0.080000,0
776,73.106000,73.026000,-0.080000,3,1,2.721542,2.792002,2.714907,5,0.160000,0.080000,0
777,73.146000,73.066000,-0.080000,3,0,1.899568,1.919591,1.954946,5,0.160000,0.080000,0
777,73.146000,73.066000,-0.080000,3,1,2.760384,2.769387,2.741948,5,0.160000,0.080000,0
777,73.146000,73.034000,-0.112000,3,2,1.798918,1.860847,1.916707,5,0.200000,0.112000,0
778,73.186000,73.106000,-0.080000,3,0,1.898402,1.906835,1.974360,5,0.160000,0.080000,0
778,73.186000,73.106000,-0.080000,3,1,2.750131,2.648470,2.769232,5,0.160000,0.080000,0
778,73.186000,73.082000,-0.104000,3,2,1.808104,1.855013,1.936717,5,0.200000,0.104000,0
779,73.226000,73.146000,-0.080000,3,0,1.903763,1.887269,1.991955,5,0.160000,0.080000,0
779,73.226000,73.146000,-0.080000,3,1,2.734101,2.707803,2.793994,5,0.160000,0.080000,0
779,73.226000,73.130000,-0.096000,3,2,1.839885,1.940316,1.954939,5,0.200000,0.096000,0
780,73.266000,73.186000,-0.080000,3,0,1.893973,1.894418,2.008702,5,0.160000,0.080000,0
780,73.266000,73.186000,-0.080000,3,1,2.741405,2.789361,2.817593,5,0.160000,0.080000,0
780,73.266000,73.178000,-0.088000,3,2,1.918878,2.065102,1.972370,5,0.200000,0.088000,0
781,73.306000,73.226000,-0.080000,3,1,2.739971,2.784834,2.839994,5,0.160000,0.080000,0
781,73.306000,73.226000,-0.080000,3,2,1.950617,2.031807,1.988984,5,0.160000,0.080000,0
782,73.346000,73.234000,-0.112000,3,0,1.917228,1.978027,2.038809,5,0.200000,0.112000,0
782,73.346000,73.266000,-0.080000,3,1,2.762692,2.882993,2.860088,5,0.160000,0.080000,0
782,73.346000,73.266000,-0.080000,3,2,1.981801,2.016765,2.003949,5,0.160000,0.080000,0
783,73.386000,73.282000,-0.104000,3,0,1.940733,2.037114,2.052964,5,0.200000,0.104000,0
783,73.386000,73.306000,-0.080000,3,1,2.785172,2.760870,2.880094,5,0.160000,0.080000,0
783,73.386000,73.306000,-0.080000,3,2,1.982947,1.860744,2.018909,5,0.160000,0.080000,0
784,73.426000,73.346000,-0.080000,3,1,2.828100,2.922441,2.897913,5,0.160000,0.080000,0
784,73.426000,73.346000,-0.080000,3,2,2.009276,2.071961,2.032279,5,0.160000,0.080000,0
785,73.466000,73.338000,-0.128000,3,0,1.958239,1.994369,2.077385,5,0.240000,0.128000,0
785,73.466000,73.386000,-0.080000,3,1,2.842662,2.862172,2.914649,5,0.160000,0.080000,0
785,73.466000,73.386000,-0.080000,3,2,2.019220,2.114825,2.044867,5,0.160000,0.080000,0
786,73.506000,73.394000,-0.112000,3,0,1.994611,2.069128,2.089057,5,0.240000,0.112000,0
786,73.506000,73.426000,-0.080000,3,1,2.862584,2.884446,2.931181,5,0.160000,0.080000,0
786,73.506000,73.426000,-0.080000,3,2,2.037293,2.122169,2.057317,5,0.160000,0.080000,0
787,73.546000,73.450000,-0.096000,3,0,2.032367,2.083199,2.099938,5,0.200000,0.096000,0
787,73.546000,73.466000,-0.080000,3,1,2.854076,2.840452,2.946602,5,0.160000,0.080000,0
787,73.546000,73.466000,-0.080000,3,2,2.051156,2.086081,2.068933,5,0.160000,0.080000,0
788,73.586000,73.498000,-0.088000,3,0,2.025480,1.943591,2.110075,5,0.200000,0.088000,0
788,73.586000,73.506000,-0.080000,3,1,2.918780,3.084389,2.960976,5,0.160000,0.080000,0
788,73.586000,73.506000,-0.080000,3,2,2.110773,2.158828,2.079751,5,0.160000,0.080000,0
789,73.626000,73.546000,-0.080000,3,0,2.049215,2.155789,2.119034,5,0.160000,0.080000,0
789,73.626000,73.546000,-0.080000,3,1,2.923347,2.945275,2.973687,5,0.160000,0.080000,0
789,73.626000,73.546000,-0.080000,3,2,2.130160,2.168897,2.089303,5,0.160000,0.080000,0
790,73.666000,73.586000,-0.080000,3,0,2.082946,2.163024,2.128302,5,0.160000,0.080000,0
790,73.666000,73.586000,-0.080000,3,1,2.945728,2.974081,2.986843,5,0.160000,0.080000,0
790,73.666000,73.586000,-0.080000,3,2,2.123369,2.080870,2.099173,5,0.160000,0.080000,0
791,73.706000,73.626000,-0.080000,3,0,2.101312,2.160956,2.136482,5,0.160000,0.080000,0
791,73.706000,73.626000,-0.080000,3,1,2.958931,2.950460,2.998460,5,0.160000,0.080000,0
791,73.706000,73.626000,-0.080000,3,2,2.109627,2.053457,2.107873,5,0.160000,0.080000,0
792,73.746000,73.666000,-0.080000,3,0,2.127326,2.213271,2.150808,5,0.160000,0.080000,0
792,73.746000,73.666000,-0.080000,3,1,3.003052,3.061054,3.018825,5,0.160000,0.080000,0
792,73.746000,73.666000,-0.080000,3,2,2.119010,2.132997,2.123098,5,0.160000,0.080000,0
793,73.786000,73.706000,-0.080000,3,0,2.151821,2.066065,2.151168,5,0.160000,0.080000,0
793,73.786000,73.706000,-0.080000,3,1,3.014480,3.141528,3.019336,5,0.160000,0.080000,0
793,73.786000,73.706000,-0.080000,3,2,2.139197,2.259761,2.123480,5,0.160000,0.080000,0
794,73.826000,73.746000,-0.080000,3,0,2.125088,2.022126,2.164131,5,0.160000,0.080000,0
794,73.826000,73.746000,-0.080000,3,1,2.996055,2.853153,3.037790,5,0.160000,0.080000,0
794,73.826000,73.746000,-0.080000,3,2,2.145316,2.199496,2.137273,5,0.160000,0.080000,0
795,73.866000,73.786000,-0.080000,3,0,2.135548,2.215324,2.169739,5,0.160000,0.080000,0
795,73.866000,73.786000,-0.080000,3,1,3.023479,3.111198,3.045780,5,0.160000,0.080000,0
795,73.866000,73.786000,-0.080000,3,2,2.184014,2.274359,2.143256,5,0.160000,0.080000,0
796,73.906000,73.826000,-0.080000,3,0,2.140455,2.185488,2.175173,5,0.160000,0.080000,0
796,73.906000,73.826000,-0.080000,3,1,3.043669,3.051413,3.053527,5,0.160000,0.080000,0
796,73.906000,73.826000,-0.080000,3,2,2.222667,2.246720,2.149069,5,0.160000,0.080000,0
797,73.946000,73.866000,-0.080000,3,0,2.171209,2.367042,2.180152,5,0.160000,0.080000,0
797,73.946000,73.866000,-0.080000,3,1,3.047839,3.081905,3.060628,5,0.160000,0.080000,0
797,73.946000,73.866000,-0.080000,3,2,2.208880,2.064064,2.154411,5,0.160000,0.080000,0
798,73.986000,73.906000,-0.080000,3,0,2.207319,2.246617,2.184485,5,0.160000,0.080000,0
798,73.986000,73.906000,-0.080000,3,1,3.031794,3.061303,3.066807,5,0.160000,0.080000,0
798,73.986000,73.906000,-0.080000,3,2,2.190792,2.169319,2.159074,5,0.160000,0.080000,0
799,74.026000,73.946000,-0.080000,3,0,2.259390,2.282478,2.188254,5,0.160000,0.080000,0
799,74.026000,73.946000,-0.080000,3,1,3.064235,3.015356,3.072179,5,0.160000,0.080000,0
799,74.026000,73.946000,-0.080000,3,2,2.156424,2.027661,2.163140,5,0.160000,0.080000,0
800,74.066000,73.986000,-0.080000,3,0,2.262002,2.228385,2.191713,5,0.160000,0.080000,0
800,74.066000,73.986000,-0.080000,3,1,3.058992,3.084983,3.077106,5,0.160000,0.080000,0
800,74.066000,73.986000,-0.080000,3,2,2.144511,2.214790,2.166883,5,0.160000,0.080000,0
801,74.106000,74.026000,-0.080000,3,0,2.279457,2.272764,2.195213,5,0.160000,0.080000,0
801,74.106000,74.026000,-0.080000,3,1,3.063143,3.072166,3.082085,5,0.160000,0.080000,0
801,74.106000,74.026000,-0.080000,3,2,2.151378,2.281055,2.170681,5,0.160000,0.080000,0
802,74.146000,74.066000,-0.080000,3,0,2.261324,2.276379,2.197768,5,0.160000,0.080000,0
802,74.146000,74.066000,-0.080000,3,1,3.043373,2.983058,3.085714,5,0.160000,0.080000,0
802,74.146000,74.066000,-0.080000,3,2,2.141454,2.014444,2.173461,5,0.160000,0.080000,0
803,74.186000,74.106000,-0.080000,3,0,2.250135,2.190672,2.200269,5,0.160000,0.080000,0
803,74.186000,74.106000,-0.080000,3,1,3.046549,3.077179,3.089258,5,0.160000,0.080000,0
803,74.186000,74.106000,-0.080000,3,2,2.128476,2.104432,2.176186,5,0.160000,0.080000,0
804,74.226000,74.146000,-0.080000,3,0,2.238666,2.225128,2.202717,5,0.160000,0.080000,0
804,74.226000,74.146000,-0.080000,3,1,3.069534,3.130285,3.092713,5,0.160000,0.080000,0
804,74.226000,74.146000,-0.080000,3,2,2.158359,2.177072,2.178849,5,0.160000,0.080000,0
805,74.266000,74.186000,-0.080000,3,0,2.210341,2.086763,2.205009,5,0.160000,0.080000,0
805,74.266000,74.186000,-0.080000,3,1,3.070965,3.092139,3.095926,5,0.160000,0.080000,0
805,74.266000,74.186000,-0.080000,3,2,2.136957,2.107783,2.181325,5,0.160000,0.080000,0
806,74.306000,74.226000,-0.080000,3,0,2.222766,2.334888,2.207309,5,0.160000,0.080000,0
806,74.306000,74.226000,-0.080000,3,1,3.097905,3.206866,3.099121,5,0.160000,0.080000,0
806,74.306000,74.226000,-0.080000,3,2,2.116458,2.178557,2.183782,5,0.160000,0.080000,0
807,74.346000,74.266000,-0.080000,3,0,2.225641,2.290756,2.211708,5,0.160000,0.080000,0
807,74.346000,74.266000,-0.080000,3,1,3.102132,3.004192,3.105123,5,0.160000,0.080000,0
807,74.346000,74.266000,-0.080000,3,2,2.142140,2.142858,2.188362,5,0.160000,0.080000,0
808,74.386000,74.306000,-0.080000,3,0,2.228030,2.202615,2.213858,5,0.160000,0.080000,0
808,74.386000,74.306000,-0.080000,3,1,3.108897,3.111005,3.108003,5,0.160000,0.080000,0
808,74.386000,74.306000,-0.080000,3,2,2.164199,2.214727,2.190541,5,0.160000,0.080000,0
809,74.426000,74.346000,-0.080000,3,0,2.215452,2.162240,2.216212,5,0.160000,0.080000,0
809,74.426000,74.346000,-0.080000,3,1,3.106028,3.115939,3.111123,5,0.160000,0.080000,0
809,74.426000,74.346000,-0.080000,3,2,2.186675,2.289452,2.192890,5,0.160000,0.080000,0
810,74.466000,74.386000,-0.080000,3,0,2.233535,2.177176,2.218215,5,0.160000,0.080000,0
810,74.466000,74.386000,-0.080000,3,1,3.095646,3.040227,3.113750,5,0.160000,0.080000,0
810,74.466000,74.386000,-0.080000,3,2,2.224281,2.295813,2.194859,5,0.160000,0.080000,0
811,74.508000,74.426400,-0.081600,3,0,2.220478,2.269603,2.220199,5,0.162000,0.081600,0
811,74.508000,74.426400,-0.081600,3,1,3.053805,2.997665,3.116333,5,0.162000,0.081600,0
811,74.508000,74.426400,-0.081600,3,2,2.214926,2.131779,2.196790,5,0.162000,0.081600,0
812,74.546000,74.466400,-0.079600,3,0,2.210183,2.239280,2.222376,5,0.160000,0.079600,0
812,74.546000,74.466400,-0.079600,3,1,3.076870,3.119514,3.119148,5,0.160000,0.079600,0
812,74.546000,74.466400,-0.079600,3,2,2.202703,2.081747,2.198887,5,0.160000,0.079600,0
813,74.586000,74.506400,-0.079600,3,0,2.212784,2.215622,2.224409,5,0.160000,0.079600,0
813,74.586000,74.506400,-0.079600,3,1,3.074122,3.097266,3.121762,5,0.160000,0.079600,0
813,74.586000,74.506400,-0.079600,3,2,2.197131,2.186865,2.200824,5,0.160000,0.079600,0
814,74.626000,74.546400,-0.079600,3,0,2.230065,2.248642,2.226401,5,0.160000,0.079600,0
814,74.626000,74.546400,-0.079600,3,1,3.083913,3.164891,3.124312,5,0.160000,0.079600,0
814,74.626000,74.546400,-0.079600,3,2,2.194834,2.277965,2.202703,5,0.160000,0.079600,0
815,74.670000,74.587200,-0.082800,3,0,2.230094,2.177324,2.228552,5,0.162000,0.082800,0
815,74.670000,74.587200,-0.082800,3,1,3.098511,3.113219,3.127050,5,0.162000,0.082800,0
815,74.670000,74.587200,-0.082800,3,2,2.214737,2.395329,2.204703,5,0.162000,0.082800,0
816,74.706000,74.626800,-0.079200,3,0,2.204435,2.141309,2.230253,5,0.160000,0.079200,0
816,74.706000,74.626800,-0.079200,3,1,3.134948,3.179848,3.129203,5,0.160000,0.079200,0
816,74.706000,74.626800,-0.079200,3,2,2.236217,2.239180,2.206259,5,0.160000,0.079200,0
817,74.746000,74.666800,-0.079200,3,0,2.203348,2.233842,2.231726,5,0.160000,0.079200,0
817,74.746000,74.666800,-0.079200,3,1,3.145659,3.173070,3.131055,5,0.160000,0.079200,0
817,74.746000,74.666800,-0.079200,3,2,2.248770,2.144512,2.207584,5,0.160000,0.079200,0
818,74.786000,74.706800,-0.079200,3,0,2.195468,2.176224,2.233459,5,0.160000,0.079200,0
818,74.786000,74.706800,-0.079200,3,1,3.133024,3.034092,3.133218,5,0.160000,0.079200,0
818,74.786000,74.706800,-0.079200,3,2,2.259577,2.240897,2.209112,5,0.160000,0.079200,0
819,74.826000,74.746800,-0.079200,3,0,2.223793,2.390266,2.235250,5,0.156000,0.079200,0
819,74.826000,74.746800,-0.079200,3,1,3.147335,3.236447,3.135434,5,0.156000,0.079200,0
819,74.826000,74.746800,-0.079200,3,2,2.249191,2.226036,2.210654,5,0.156000,0.079200,0
820,74.866000,74.786000,-0.080000,3,0,2.234142,2.229067,2.237005,5,0.160000,0.080000,0
820,74.866000,74.786000,-0.080000,3,1,3.167178,3.212431,3.137582,5,0.160000,0.080000,0
820,74.866000,74.786000,-0.080000,3,2,2.205315,2.175948,2.212126,5,0.160000,0.080000,0
821,74.906000,74.826000,-0.080000,3,0,2.239969,2.170447,2.238731,5,0.160000,0.080000,0
821,74.906000,74.826000,-0.080000,3,1,3.164381,3.165864,3.139669,5,0.160000,0.080000,0
821,74.906000,74.826000,-0.080000,3,2,2.186048,2.142847,2.213533,5,0.160000,0.080000,0
822,74.946000,74.866000,-0.080000,3,0,2.235695,2.212473,2.240430,5,0.160000,0.080000,0
822,74.946000,74.866000,-0.080000,3,1,3.150182,3.102078,3.141698,5,0.160000,0.080000,0
822,74.946000,74.866000,-0.080000,3,2,2.197848,2.203509,2.214880,5,0.160000,0.080000,0
823,74.986000,74.906000,-0.080000,3,0,2.258838,2.291939,2.242456,5,0.160000,0.080000,0
823,74.986000,74.906000,-0.080000,3,1,3.171188,3.139119,3.144084,5,0.160000,0.080000,0
823,74.986000,74.906000,-0.080000,3,2,2.208619,2.294756,2.216438,5,0.160000,0.080000,0
824,75.032000,74.947200,-0.084800,3,0,2.228159,2.236871,2.244279,5,0.166000,0.084800,0
824,75.032000,74.947200,-0.084800,3,1,3.161009,3.185552,3.146202,5,0.166000,0.084800,0
824,75.032000,74.947200,-0.084800,3,2,2.206363,2.214755,2.217796,5,0.166000,0.084800,0
825,75.068000,74.987600,-0.080400,3,0,2.217539,2.175963,2.245650,5,0.162000,0.080400,0
825,75.068000,74.987600,-0.080400,3,1,3.167219,3.243482,3.147781,5,0.162000,0.080400,0
825,75.068000,74.987600,-0.080400,3,2,2.221834,2.253301,2.218794,5,0.162000,0.080400,0
826,75.106000,75.027600,-0.078400,3,0,2.243664,2.301076,2.247849,5,0.160000,0.078400,0
826,75.106000,75.027600,-0.078400,3,1,3.160038,3.129960,3.150290,5,0.160000,0.078400,0
826,75.106000,75.027600,-0.078400,3,2,2.223955,2.153455,2.220351,5,0.160000,0.078400,0
827,75.146000,75.067600,-0.078400,3,0,2.242107,2.204688,2.250009,5,0.160000,0.078400,0
827,75.146000,75.067600,-0.078400,3,1,3.154733,3.075553,3.152738,5,0.160000,0.078400,0
827,75.146000,75.067600,-0.078400,3,2,2.203636,2.101912,2.221837,5,0.160000,0.078400,0
828,75.186000,75.107600,-0.078400,3,0,2.238951,2.276155,2.251807,5,0.154000,0.078400,0
828,75.186000,75.107600,-0.078400,3,1,3.158735,3.159126,3.154767,5,0.154000,0.078400,0
828,75.186000,75.107600,-0.078400,3,2,2.195972,2.256434,2.223041,5,0.154000,0.078400,0
829,75.226000,75.146400,-0.079600,3,0,2.231262,2.198429,2.253256,5,0.158000,0.079600,0
829,75.226000,75.146400,-0.079600,3,1,3.163075,3.207256,3.156401,5,0.158000,0.079600,0
829,75.226000,75.146400,-0.079600,3,2,2.221018,2.339986,2.223993,5,0.158000,0.079600,0
830,75.266000,75.186000,-0.080000,3,0,2.226825,2.153778,2.254765,5,0.160000,0.080000,0
830,75.266000,75.186000,-0.080000,3,1,3.172332,3.289766,3.158102,5,0.160000,0.080000,0
830,75.266000,75.186000,-0.080000,3,2,2.240095,2.348687,2.224965,5,0.160000,0.080000,0
831,75.306000,75.226000,-0.080000,3,0,2.214909,2.241497,2.256254,5,0.160000,0.080000,0
831,75.306000,75.226000,-0.080000,3,1,3.174667,3.141634,3.159778,5,0.160000,0.080000,0
831,75.306000,75.226000,-0.080000,3,2,2.252965,2.217807,2.225905,5,0.160000,0.080000,0
832,75.346000,75.266000,-0.080000,3,0,2.238128,2.320784,2.257650,5,0.160000,0.080000,0
832,75.346000,75.266000,-0.080000,3,1,3.209994,3.252187,3.161342,5,0.160000,0.080000,0
832,75.346000,75.266000,-0.080000,3,2,2.291153,2.292852,2.226766,5,0.160000,0.080000,0
833,75.386000,75.306000,-0.080000,3,0,2.237693,2.273977,2.259032,5,0.160000,0.080000,0
833,75.386000,75.306000,-0.080000,3,1,3.221284,3.215574,3.162882,5,0.160000,0.080000,0
833,75.386000,75.306000,-0.080000,3,2,2.283829,2.219816,2.227599,5,0.160000,0.080000,0
834,75.426000,75.346000,-0.080000,3,0,2.263795,2.328941,2.260478,5,0.160000,0.080000,0
834,75.426000,75.346000,-0.080000,3,1,3.208234,3.142010,3.164478,5,0.160000,0.080000,0
834,75.426000,75.346000,-0.080000,3,2,2.262363,2.232656,2.228447,5,0.160000,0.080000,0
835,75.466000,75.386000,-0.080000,3,0,2.275029,2.209948,2.261910,5,0.160000,0.080000,0
835,75.466000,75.386000,-0.080000,3,1,3.180420,3.150694,3.166039,5,0.160000,0.080000,0
835,75.466000,75.386000,-0.080000,3,2,2.232728,2.200511,2.229261,5,0.160000,0.080000,0
836,75.506000,75.426000,-0.080000,3,0,2.269088,2.211792,2.263330,5,0.160000,0.080000,0
836,75.506000,75.426000,-0.080000,3,1,3.199540,3.237234,3.167562,5,0.160000,0.080000,0
836,75.506000,75.426000,-0.080000,3,2,2.225127,2.179800,2.230043,5,0.160000,0.080000,0
837,75.546000,75.466000,-0.080000,3,0,2.256390,2.257291,2.264736,5,0.160000,0.080000,0
837,75.546000,75.466000,-0.080000,3,1,3.181302,3.161000,3.169044,5,0.160000,0.080000,0
837,75.546000,75.466000,-0.080000,3,2,2.205196,2.193196,2.230790,5,0.160000,0.080000,0
838,75.586000,75.506000,-0.080000,3,0,2.270634,2.345199,2.267424,5,0.160000,0.080000,0
838,75.586000,75.506000,-0.080000,3,1,3.193406,3.276092,3.171805,5,0.160000,0.080000,0
838,75.586000,75.506000,-0.080000,3,2,2.201732,2.202497,2.232152,5,0.160000,0.080000,0
839,75.626000,75.546000,-0.080000,3,0,2.263998,2.295758,2.268846,5,0.160000,0.080000,0
839,75.626000,75.546000,-0.080000,3,1,3.240469,3.377328,3.173229,5,0.160000,0.080000,0
839,75.626000,75.546000,-0.080000,3,2,2.180360,2.125798,2.232839,5,0.160000,0.080000,0
840,75.666000,75.586000,-0.080000,3,0,2.281255,2.296235,2.270106,5,0.160000,0.080000,0
840,75.666000,75.586000,-0.080000,3,1,3.261600,3.256349,3.174471,5,0.160000,0.080000,0
840,75.666000,75.586000,-0.080000,3,2,2.197154,2.284479,2.233430,5,0.160000,0.080000,0
841,75.706000,75.626000,-0.080000,3,0,2.299090,2.300965,2.271416,5,0.160000,0.080000,0
841,75.706000,75.626000,-0.080000,3,1,3.243678,3.147624,3.175742,5,0.160000,0.080000,0
841,75.706000,75.626000,-0.080000,3,2,2.196223,2.175144,2.234027,5,0.160000,0.080000,0
842,75.746000,75.666000,-0.080000,3,0,2.308508,2.304385,2.272706,5,0.160000,0.080000,0
842,75.746000,75.666000,-0.080000,3,1,3.260339,3.244302,3.176973,5,0.160000,0.080000,0
842,75.746000,75.666000,-0.080000,3,2,2.225468,2.339422,2.234598,5,0.160000,0.080000,0
843,75.786000,75.706000,-0.080000,3,0,2.302450,2.314909,2.273913,5,0.160000,0.080000,0
843,75.786000,75.706000,-0.080000,3,2,2.231226,2.231286,2.235114,5,0.160000,0.080000,0
844,75.826000,75.746000,-0.080000,3,0,2.283186,2.199434,2.275174,5,0.160000,0.080000,0
844,75.826000,75.714000,-0.112000,3,1,3.223814,3.093466,3.179256,5,0.200000,0.112000,0
844,75.826000,75.746000,-0.080000,3,2,2.229605,2.117692,2.235635,5,0.160000,0.080000,0
845,75.866000,75.786000,-0.080000,3,0,2.269750,2.229059,2.276429,5,0.160000,0.080000,0
845,75.866000,75.762000,-0.104000,3,1,3.156143,3.038975,3.180375,5,0.200000,0.104000,0
845,75.866000,75.786000,-0.080000,3,2,2.234764,2.310275,2.236130,5,0.160000,0.080000,0
846,75.906000,75.826000,-0.080000,3,0,2.262420,2.264315,2.277679,5,0.160000,0.080000,0
846,75.906000,75.810000,-0.096000,3,1,3.173033,3.340796,3.181463,5,0.200000,0.096000,0
846,75.906000,75.826000,-0.080000,3,2,2.235162,2.177134,2.236600,5,0.160000,0.080000,0
847,75.946000,75.866000,-0.080000,3,0,2.286170,2.423133,2.278928,5,0.160000,0.080000,0
847,75.946000,75.858000,-0.088000,3,1,3.175946,3.162191,3.182523,5,0.200000,0.088000,0
847,75.946000,75.866000,-0.080000,3,2,2.202325,2.175237,2.237047,5,0.160000,0.080000,0
848,75.986000,75.906000,-0.080000,3,0,2.271374,2.240929,2.280240,5,0.160000,0.080000,0
848,75.986000,75.906000,-0.080000,3,1,3.138613,3.057637,3.183609,5,0.160000,0.080000,0
848,75.986000,75.906000,-0.080000,3,2,2.200902,2.224169,2.237492,5,0.160000,0.080000,0
849,76.026000,75.946000,-0.080000,3,0,2.283856,2.261845,2.281483,5,0.160000,0.080000,0
849,76.026000,75.946000,-0.080000,3,1,3.177843,3.289617,3.184616,5,0.160000,0.080000,0
849,76.026000,75.946000,-0.080000,3,2,2.206001,2.143189,2.237894,5,0.160000,0.080000,0
850,76.066000,75.986000,-0.080000,3,0,2.282811,2.223832,2.282718,5,0.160000,0.080000,0
850,76.066000,75.986000,-0.080000,3,1,3.214521,3.222363,3.185601,5,0.160000,0.080000,0
850,76.066000,75.986000,-0.080000,3,2,2.166435,2.112448,2.238277,5,0.160000,0.080000,0
851,76.106000,76.026000,-0.080000,3,0,2.266990,2.185213,2.283881,5,0.160000,0.080000,0
851,76.106000,76.026000,-0.080000,3,1,3.150254,3.019463,3.186518,5,0.160000,0.080000,0
851,76.106000,76.026000,-0.080000,3,2,2.193557,2.312740,2.238625,5,0.160000,0.080000,0
852,76.146000,76.066000,-0.080000,3,0,2.263311,2.404737,2.285095,5,0.160000,0.080000,0
852,76.146000,76.066000,-0.080000,3,1,3.156835,3.195095,3.187468,5,0.160000,0.080000,0
852,76.146000,76.066000,-0.080000,3,2,2.211555,2.265229,2.238976,5,0.160000,0.080000,0
853,76.186000,76.106000,-0.080000,3,0,2.266100,2.254871,2.286294,5,0.160000,0.080000,0
853,76.186000,76.106000,-0.080000,3,1,3.154308,3.045002,3.188399,5,0.160000,0.080000,0
853,76.186000,76.106000,-0.080000,3,2,2.219134,2.262065,2.239308,5,0.160000,0.080000,0
854,76.226000,76.146000,-0.080000,3,0,2.256005,2.211372,2.287475,5,0.160000,0.080000,0
854,76.226000,76.146000,-0.080000,3,1,3.139977,3.217960,3.189306,5,0.160000,0.080000,0
854,76.226000,76.146000,-0.080000,3,2,2.251303,2.304032,2.239618,5,0.160000,0.080000,0
855,76.266000,76.186000,-0.080000,3,0,2.244987,2.168740,2.289710,5,0.160000,0.080000,0
855,76.266000,76.186000,-0.080000,3,1,3.146697,3.255967,3.190986,5,0.160000,0.080000,0
855,76.266000,76.186000,-0.080000,3,2,2.273988,2.225876,2.240152,5,0.160000,0.080000,0
856,76.306000,76.226000,-0.080000,3,0,2.272817,2.324366,2.290823,5,0.160000,0.080000,0
856,76.306000,76.226000,-0.080000,3,1,3.163896,3.105456,3.191799,5,0.160000,0.080000,0
856,76.306000,76.226000,-0.080000,3,2,2.267761,2.281603,2.240386,5,0.160000,0.080000,0
857,76.346000,76.266000,-0.080000,3,0,2.261621,2.348754,2.291970,5,0.160000,0.080000,0
857,76.346000,76.266000,-0.080000,3,1,3.157117,3.161203,3.192617,5,0.160000,0.080000,0
857,76.346000,76.266000,-0.080000,3,2,2.257764,2.215244,2.240600,5,0.160000,0.080000,0
858,76.386000,76.306000,-0.080000,3,0,2.285353,2.373532,2.292983,5,0.160000,0.080000,0
858,76.386000,76.306000,-0.080000,3,1,3.185513,3.186979,3.193322,5,0.160000,0.080000,0
858,76.386000,76.306000,-0.080000,3,2,2.250980,2.228146,2.240767,5,0.160000,0.080000,0
859,76.426000,76.346000,-0.080000,3,0,2.313438,2.351799,2.294038,5,0.160000,0.080000,0
859,76.426000,76.346000,-0.080000,3,1,3.197373,3.277260,3.194037,5,0.160000,0.080000,0
859,76.426000,76.346000,-0.080000,3,2,2.235820,2.228229,2.240918,5,0.160000,0.080000,0
860,76.466000,76.386000,-0.080000,3,0,2.337727,2.290185,2.295083,5,0.160000,0.080000,0
860,76.466000,76.386000,-0.080000,3,1,3.179076,3.164482,3.194726,5,0.160000,0.080000,0
860,76.466000,76.386000,-0.080000,3,2,2.246552,2.279537,2.241046,5,0.160000,0.080000,0
861,76.506000,76.426000,-0.080000,3,0,2.302914,2.150300,2.296120,5,0.160000,0.080000,0
861,76.506000,76.426000,-0.080000,3,1,3.192374,3.171948,3.195393,5,0.160000,0.080000,0
861,76.506000,76.426000,-0.080000,3,2,2.223946,2.168574,2.241154,5,0.160000,0.080000,0
862,76.546000,76.466000,-0.080000,3,0,2.321724,2.442802,2.297150,5,0.160000,0.080000,0
862,76.546000,76.466000,-0.080000,3,1,3.220594,3.302299,3.196040,5,0.160000,0.080000,0
862,76.546000,76.466000,-0.080000,3,2,2.248843,2.339731,2.241247,5,0.160000,0.080000,0
863,76.586000,76.506000,-0.080000,3,0,2.311581,2.322817,2.298117,5,0.160000,0.080000,0
863,76.586000,76.506000,-0.080000,3,1,3.259328,3.380651,3.196635,5,0.160000,0.080000,0
863,76.586000,76.506000,-0.080000,3,2,2.249491,2.231385,2.241322,5,0.160000,0.080000,0
864,76.626000,76.546000,-0.080000,3,0,2.291893,2.253361,2.299127,5,0.160000,0.080000,0
864,76.626000,76.546000,-0.080000,3,1,3.232560,3.143421,3.197247,5,0.160000,0.080000,0
864,76.626000,76.546000,-0.080000,3,2,2.229927,2.130409,2.241388,5,0.160000,0.080000,0
865,76.666000,76.586000,-0.080000,3,0,2.275090,2.206170,2.300123,5,0.160000,0.080000,0
865,76.666000,76.586000,-0.080000,3,1,3.218853,3.095949,3.197839,5,0.160000,0.080000,0
865,76.666000,76.586000,-0.080000,3,2,2.215245,2.206126,2.241438,5,0.160000,0.080000,0
866,76.706000,76.626000,-0.080000,3,0,2.278597,2.167835,2.301052,5,0.160000,0.080000,0
866,76.706000,76.626000,-0.080000,3,1,3.207543,3.115396,3.198383,5,0.160000,0.080000,0
866,76.706000,76.626000,-0.080000,3,2,2.255133,2.368015,2.241470,5,0.160000,0.080000,0
867,76.746000,76.666000,-0.080000,3,0,2.263269,2.366164,2.302016,5,0.160000,0.080000,0
867,76.746000,76.666000,-0.080000,3,1,3.159705,3.063109,3.198936,5,0.160000,0.080000,0
867,76.746000,76.666000,-0.080000,3,2,2.239456,2.261344,2.241486,5,0.160000,0.080000,0
868,76.786000,76.706000,-0.080000,3,0,2.254362,2.278279,2.302966,5,0.160000,0.080000,0
868,76.786000,76.706000,-0.080000,3,1,3.133015,3.247202,3.199467,5,0.160000,0.080000,0
868,76.786000,76.706000,-0.080000,3,2,2.221376,2.140988,2.241483,5,0.160000,0.080000,0
869,76.826000,76.746000,-0.080000,3,0,2.286883,2.415967,2.303903,5,0.160000,0.080000,0
869,76.826000,76.746000,-0.080000,3,1,3.150961,3.233150,3.199974,5,0.160000,0.080000,0
869,76.826000,76.746000,-0.080000,3,2,2.281913,2.433094,2.241462,5,0.160000,0.080000,0
870,76.866000,76.786000,-0.080000,3,0,2.310293,2.323219,2.305650,5,0.160000,0.080000,0
870,76.866000,76.786000,-0.080000,3,1,3.171278,3.197533,3.200868,5,0.160000,0.080000,0
870,76.866000,76.786000,-0.080000,3,2,2.291562,2.254367,2.241382,5,0.160000,0.080000,0
871,76.906000,76.826000,-0.080000,3,0,2.347141,2.352076,2.306611,5,0.160000,0.080000,0
871,76.906000,76.826000,-0.080000,3,1,3.204845,3.283232,3.201329,5,0.160000,0.080000,0
871,76.906000,76.826000,-0.080000,3,2,2.275646,2.288438,2.241320,5,0.160000,0.080000,0
872,76.946000,76.866000,-0.080000,3,0,2.344507,2.352995,2.307520,5,0.160000,0.080000,0
872,76.946000,76.866000,-0.080000,3,1,3.227131,3.174538,3.201744,5,0.160000,0.080000,0
872,76.946000,76.866000,-0.080000,3,2,2.298758,2.376905,2.241251,5,0.160000,0.080000,0
873,76.986000,76.906000,-0.080000,3,0,2.359963,2.355560,2.308379,5,0.160000,0.080000,0
873,76.986000,76.906000,-0.080000,3,1,3.228691,3.255004,3.202118,5,0.160000,0.080000,0
873,76.986000,76.906000,-0.080000,3,2,2.325695,2.275669,2.241178,5,0.160000,0.080000,0
874,77.026000,76.946000,-0.080000,3,0,2.331712,2.274711,2.309285,5,0.160000,0.080000,0
874,77.026000,76.946000,-0.080000,3,1,3.244113,3.310259,3.202492,5,0.160000,0.080000,0
874,77.026000,76.946000,-0.080000,3,2,2.313169,2.370466,2.241088,5,0.160000,0.080000,0
875,77.066000,76.986000,-0.080000,3,0,2.362322,2.476271,2.310191,5,0.160000,0.080000,0
875,77.066000,76.986000,-0.080000,3,1,3.229229,3.123114,3.202846,5,0.160000,0.080000,0
875,77.066000,76.986000,-0.080000,3,2,2.326901,2.323028,2.240983,5,0.160000,0.080000,0
876,77.106000,77.026000,-0.080000,3,0,2.356415,2.322537,2.311096,5,0.160000,0.080000,0
876,77.106000,77.026000,-0.080000,3,1,3.234924,3.311707,3.203180,5,0.160000,0.080000,0
876,77.106000,77.026000,-0.080000,3,2,2.326890,2.288381,2.240860,5,0.160000,0.080000,0
877,77.146000,77.066000,-0.080000,3,0,2.352157,2.331706,2.312000,5,0.160000,0.080000,0
877,77.146000,77.066000,-0.080000,3,1,3.242138,3.210606,3.203495,5,0.160000,0.080000,0
877,77.146000,77.066000,-0.080000,3,2,2.317408,2.329496,2.240718,5,0.160000,0.080000,0
878,77.186000,77.106000,-0.080000,3,0,2.362970,2.409624,2.312856,5,0.160000,0.080000,0
878,77.186000,77.106000,-0.080000,3,1,3.228029,3.184461,3.203778,5,0.160000,0.080000,0
878,77.186000,77.106000,-0.080000,3,2,2.324262,2.309940,2.240565,5,0.160000,0.080000,0
879,77.226000,77.146000,-0.080000,3,0,2.370254,2.311132,2.313758,5,0.160000,0.080000,0
879,77.226000,77.146000,-0.080000,3,1,3.180318,3.071701,3.204062,5,0.160000,0.080000,0
879,77.226000,77.146000,-0.080000,3,2,2.286066,2.179484,2.240387,5,0.160000,0.080000,0
880,77.266000,77.186000,-0.080000,3,0,2.324388,2.246944,2.314704,5,0.160000,0.080000,0
880,77.266000,77.186000,-0.080000,3,1,3.199412,3.218584,3.204344,5,0.160000,0.080000,0
880,77.266000,77.186000,-0.080000,3,2,2.261356,2.199480,2.240183,5,0.160000,0.080000,0
881,77.306000,77.226000,-0.080000,3,0,2.330362,2.352403,2.315551,5,0.160000,0.080000,0
881,77.306000,77.226000,-0.080000,3,1,3.192595,3.277626,3.204583,5,0.160000,0.080000,0
881,77.306000,77.226000,-0.080000,3,2,2.221864,2.090920,2.239989,5,0.160000,0.080000,0
882,77.346000,77.266000,-0.080000,3,0,2.287129,2.115541,2.316345,5,0.160000,0.080000,0
882,77.346000,77.266000,-0.080000,3,1,3.180334,3.149298,3.204794,5,0.160000,0.080000,0
882,77.346000,77.266000,-0.080000,3,2,2.213913,2.289742,2.239800,5,0.160000,0.080000,0
883,77.386000,77.306000,-0.080000,3,0,2.268441,2.316183,2.317224,5,0.160000,0.080000,0
883,77.386000,77.306000,-0.080000,3,1,3.176056,3.163069,3.205013,5,0.160000,0.080000,0
883,77.386000,77.306000,-0.080000,3,2,2.213299,2.306872,2.239582,5,0.160000,0.080000,0
884,77.426000,77.346000,-0.080000,3,0,2.276805,2.352953,2.318858,5,0.160000,0.080000,0
884,77.426000,77.346000,-0.080000,3,1,3.193935,3.161098,3.205369,5,0.160000,0.080000,0
884,77.426000,77.346000,-0.080000,3,2,2.220046,2.213215,2.239156,5,0.160000,0.080000,0
885,77.466000,77.386000,-0.080000,3,0,2.300602,2.365930,2.319702,5,0.160000,0.080000,0
885,77.466000,77.386000,-0.080000,3,1,3.195741,3.227612,3.205523,5,0.160000,0.080000,0
885,77.466000,77.386000,-0.080000,3,2,2.215535,2.176926,2.238921,5,0.160000,0.080000,0
886,77.506000,77.426000,-0.080000,3,0,2.319093,2.444860,2.320405,5,0.160000,0.080000,0
886,77.506000,77.426000,-0.080000,3,1,3.183454,3.216194,3.205634,5,0.160000,0.080000,0
886,77.506000,77.426000,-0.080000,3,2,2.281708,2.421785,2.238715,5,0.160000,0.080000,0
887,77.546000,77.466000,-0.080000,3,0,2.358196,2.311053,2.321229,5,0.160000,0.080000,0
887,77.546000,77.466000,-0.080000,3,1,3.196424,3.214145,3.205740,5,0.160000,0.080000,0
887,77.546000,77.466000,-0.080000,3,2,2.302708,2.394745,2.238458,5,0.160000,0.080000,0
888,77.586000,77.506000,-0.080000,3,0,2.366571,2.358061,2.322044,5,0.160000,0.080000,0
888,77.586000,77.506000,-0.080000,3,1,3.195302,3.157459,3.205817,5,0.160000,0.080000,0
888,77.586000,77.506000,-0.080000,3,2,2.278517,2.185916,2.238185,5,0.160000,0.080000,0
889,77.626000,77.546000,-0.080000,3,0,2.361043,2.325312,2.322808,5,0.160000,0.080000,0
889,77.626000,77.546000,-0.080000,3,1,3.208235,3.225767,3.205862,5,0.160000,0.080000,0
889,77.626000,77.546000,-0.080000,3,2,2.252858,2.084918,2.237912,5,0.160000,0.080000,0
890,77.666000,77.586000,-0.080000,3,0,2.382674,2.474087,2.323609,5,0.160000,0.080000,0
890,77.666000,77.586000,-0.080000,3,1,3.209561,3.234239,3.205882,5,0.160000,0.080000,0
890,77.666000,77.586000,-0.080000,3,2,2.225067,2.037970,2.237608,5,0.160000,0.080000,0
891,77.706000,77.626000,-0.080000,3,0,2.337004,2.216510,2.324405,5,0.160000,0.080000,0
891,77.706000,77.626000,-0.080000,3,1,3.200140,3.169091,3.205876,5,0.160000,0.080000,0
891,77.706000,77.626000,-0.080000,3,2,2.205099,2.321947,2.237289,5,0.160000,0.080000,0
892,77.746000,77.666000,-0.080000,3,0,2.331960,2.285833,2.325196,5,0.160000,0.080000,0
892,77.746000,77.666000,-0.080000,3,1,3.209859,3.262740,3.205846,5,0.160000,0.080000,0
892,77.746000,77.666000,-0.080000,3,2,2.179234,2.265421,2.236956,5,0.160000,0.080000,0
893,77.786000,77.706000,-0.080000,3,0,2.315037,2.273443,2.325942,5,0.160000,0.080000,0
893,77.786000,77.706000,-0.080000,3,1,3.215235,3.184338,3.205797,5,0.160000,0.080000,0
893,77.786000,77.706000,-0.080000,3,2,2.173761,2.158547,2.236629,5,0.160000,0.080000,0
894,77.826000,77.746000,-0.080000,3,0,2.300399,2.252123,2.326722,5,0.160000,0.080000,0
894,77.826000,77.746000,-0.080000,3,1,3.202688,3.163032,3.205723,5,0.160000,0.080000,0
894,77.826000,77.746000,-0.080000,3,2,2.183046,2.131348,2.236272,5,0.160000,0.080000,0
895,77.866000,77.786000,-0.080000,3,0,2.292640,2.435293,2.327495,5,0.160000,0.080000,0
895,77.866000,77.786000,-0.080000,3,1,3.184885,3.145226,3.205627,5,0.160000,0.080000,0
895,77.866000,77.786000,-0.080000,3,2,2.194990,2.097690,2.235904,5,0.160000,0.080000,0
896,77.906000,77.826000,-0.080000,3,0,2.320675,2.356684,2.328218,5,0.160000,0.080000,0
896,77.906000,77.826000,-0.080000,3,1,3.189142,3.190373,3.205514,5,0.160000,0.080000,0
896,77.906000,77.826000,-0.080000,3,2,2.186832,2.281156,2.235543,5,0.160000,0.080000,0
897,77.946000,77.866000,-0.080000,3,0,2.318253,2.273721,2.329712,5,0.160000,0.080000,0
897,77.946000,77.866000,-0.080000,3,1,3.163258,3.133320,3.205214,5,0.160000,0.080000,0
897,77.946000,77.866000,-0.080000,3,2,2.205527,2.358898,2.234748,5,0.160000,0.080000,0
898,77.986000,77.906000,-0.080000,3,0,2.342508,2.394718,2.330439,5,0.160000,0.080000,0
898,77.986000,77.906000,-0.080000,3,1,3.165150,3.193798,3.205032,5,0.160000,0.080000,0
898,77.986000,77.906000,-0.080000,3,2,2.208712,2.174469,2.234331,5,0.160000,0.080000,0
899,78.026000,77.946000,-0.080000,3,0,2.365694,2.368053,2.331115,5,0.160000,0.080000,0
899,78.026000,77.946000,-0.080000,3,1,3.194177,3.308170,3.204836,5,0.160000,0.080000,0
899,78.026000,77.946000,-0.080000,3,2,2.219848,2.187030,2.233923,5,0.160000,0.080000,0
900,78.066000,77.986000,-0.080000,3,0,2.350703,2.360338,2.331777,5,0.160000,0.080000,0
900,78.066000,77.986000,-0.080000,3,1,3.223839,3.293534,3.204618,5,0.160000,0.080000,0
900,78.066000,77.986000,-0.080000,3,2,2.223602,2.116460,2.233503,5,0.160000,0.080000,0
901,78.106000,78.026000,-0.080000,3,0,2.347907,2.342705,2.332461,5,0.160000,0.080000,0
901,78.106000,78.026000,-0.080000,3,1,3.248561,3.313981,3.204362,5,0.160000,0.080000,0
901,78.106000,78.026000,-0.080000,3,2,2.201259,2.169440,2.233048,5,0.160000,0.080000,0
902,78.146000,78.066000,-0.080000,3,0,2.328440,2.176387,2.333135,5,0.160000,0.080000,0
902,78.146000,78.066000,-0.080000,3,1,3.291020,3.345616,3.204081,5,0.160000,0.080000,0
902,78.146000,78.066000,-0.080000,3,2,2.174075,2.222979,2.232579,5,0.160000,0.080000,0
903,78.186000,78.106000,-0.080000,3,0,2.307233,2.288684,2.333803,5,0.160000,0.080000,0
903,78.186000,78.106000,-0.080000,3,1,3.303320,3.255301,3.203776,5,0.160000,0.080000,0
903,78.186000,78.106000,-0.080000,3,2,2.194001,2.274096,2.232098,5,0.160000,0.080000,0
904,78.226000,78.146000,-0.080000,3,0,2.321302,2.438397,2.334469,5,0.160000,0.080000,0
904,78.226000,78.146000,-0.080000,3,1,3.270294,3.143038,3.203449,5,0.160000,0.080000,0
904,78.226000,78.146000,-0.080000,3,2,2.221951,2.326783,2.231603,5,0.160000,0.080000,0
905,78.266000,78.186000,-0.080000,3,0,2.328131,2.394484,2.335138,5,0.160000,0.080000,0
905,78.266000,78.186000,-0.080000,3,1,3.231476,3.099443,3.203099,5,0.160000,0.080000,0
905,78.266000,78.186000,-0.080000,3,2,2.244020,2.226802,2.231096,5,0.160000,0.080000,0
906,78.308000,78.226400,-0.081600,3,0,2.322379,2.313945,2.335812,5,0.162000,0.081600,0
906,78.308000,78.226400,-0.081600,3,1,3.208170,3.197451,3.202728,5,0.162000,0.081600,0
906,78.308000,78.226400,-0.081600,3,2,2.258560,2.242142,2.230574,5,0.162000,0.081600,0
907,78.346000,78.266400,-0.079600,3,0,2.338528,2.257132,2.336491,5,0.160000,0.079600,0
907,78.346000,78.266400,-0.079600,3,1,3.196305,3.286294,3.202337,5,0.160000,0.079600,0
907,78.346000,78.266400,-0.079600,3,2,2.242260,2.141477,2.230039,5,0.160000,0.079600,0
908,78.386000,78.306400,-0.079600,3,0,2.319810,2.195094,2.337139,5,0.160000,0.079600,0
908,78.386000,78.306400,-0.079600,3,1,3.168135,3.114448,3.201950,5,0.160000,0.079600,0
908,78.386000,78.306400,-0.079600,3,2,2.235926,2.242428,2.229521,5,0.160000,0.079600,0
909,78.426000,78.346400,-0.079600,3,0,2.281188,2.245286,2.337822,5,0.160000,0.079600,0
909,78.426000,78.346400,-0.079600,3,1,3.177865,3.191690,3.201524,5,0.160000,0.079600,0
909,78.426000,78.346400,-0.079600,3,2,2.210802,2.201160,2.228960,5,0.160000,0.079600,0
910,78.466000,78.386400,-0.079600,3,0,2.269524,2.336163,2.338497,5,0.158000,0.079600,0
910,78.466000,78.386400,-0.079600,3,1,3.195920,3.189719,3.201075,5,0.158000,0.079600,0
910,78.466000,78.386400,-0.079600,3,2,2.197614,2.160862,2.228385,5,0.158000,0.079600,0
911,78.506000,78.426000,-0.080000,3,0,2.276744,2.350046,2.339678,5,0.160000,0.080000,0
911,78.506000,78.426000,-0.080000,3,1,3.212215,3.278925,3.200121,5,0.160000,0.080000,0
911,78.506000,78.426000,-0.080000,3,2,2.193007,2.219111,2.227249,5,0.160000,0.080000,0
912,78.546000,78.466000,-0.080000,3,0,2.258853,2.167677,2.340208,5,0.160000,0.080000,0
912,78.546000,78.466000,-0.080000,3,1,3.204771,3.249075,3.199534,5,0.160000,0.080000,0
912,78.546000,78.466000,-0.080000,3,2,2.193274,2.142810,2.226622,5,0.160000,0.080000,0
913,78.586000,78.506000,-0.080000,3,1,3.224309,3.212137,3.198833,5,0.160000,0.080000,0
913,78.586000,78.506000,-0.080000,3,2,2.199624,2.274177,2.225937,5,0.160000,0.080000,0
914,78.626000,78.514000,-0.112000,3,0,2.289464,2.348148,2.340988,5,0.200000,0.112000,0
914,78.626000,78.546000,-0.080000,3,1,3.214862,3.144452,3.198121,5,0.160000,0.080000,0
914,78.626000,78.546000,-0.080000,3,2,2.197095,2.188518,2.225298,5,0.160000,0.080000,0
915,78.666000,78.562000,-0.104000,3,0,2.304199,2.318964,2.341223,5,0.200000,0.104000,0
915,78.666000,78.586000,-0.080000,3,1,3.218634,3.208579,3.197282,5,0.160000,0.080000,0
915,78.666000,78.586000,-0.080000,3,2,2.222441,2.287589,2.224598,5,0.160000,0.080000,0
916,78.706000,78.610000,-0.096000,3,0,2.285385,2.242093,2.341347,5,0.200000,0.096000,0
916,78.706000,78.626000,-0.080000,3,1,3.190693,3.139224,3.196456,5,0.160000,0.080000,0
916,78.706000,78.626000,-0.080000,3,2,2.203850,2.126158,2.223947,5,0.160000,0.080000,0
917,78.746000,78.658000,-0.088000,3,0,2.271222,2.279229,2.341392,5,0.200000,0.088000,0
917,78.746000,78.666000,-0.080000,3,1,3.167028,3.130750,3.195451,5,0.160000,0.080000,0
917,78.746000,78.666000,-0.080000,3,2,2.228915,2.268134,2.223192,5,0.160000,0.080000,0
918,78.786000,78.706000,-0.080000,3,0,2.309654,2.359835,2.341350,5,0.160000,0.080000,0
918,78.786000,78.706000,-0.080000,3,1,3.177335,3.263670,3.194364,5,0.160000,0.080000,0
918,78.786000,78.706000,-0.080000,3,2,2.223808,2.248640,2.222407,5,0.160000,0.080000,0
919,78.826000,78.746000,-0.080000,3,0,2.275955,2.179656,2.341223,5,0.160000,0.080000,0
919,78.826000,78.746000,-0.080000,3,1,3.204254,3.279048,3.193140,5,0.160000,0.080000,0
919,78.826000,78.746000,-0.080000,3,2,2.230481,2.221886,2.221547,5,0.160000,0.080000,0
920,78.866000,78.786000,-0.080000,3,0,2.279932,2.338845,2.341033,5,0.160000,0.080000,0
920,78.866000,78.786000,-0.080000,3,1,3.241104,3.392830,3.191908,5,0.160000,0.080000,0
920,78.866000,78.786000,-0.080000,3,2,2.207177,2.171069,2.220703,5,0.160000,0.080000,0
921,78.906000,78.826000,-0.080000,3,0,2.283660,2.260734,2.340786,5,0.160000,0.080000,0
921,78.906000,78.826000,-0.080000,3,1,3.237727,3.122336,3.190617,5,0.160000,0.080000,0
921,78.906000,78.826000,-0.080000,3,2,2.197847,2.079507,2.219833,5,0.160000,0.080000,0
922,78.946000,78.866000,-0.080000,3,0,2.323541,2.478637,2.340473,5,0.160000,0.080000,0
922,78.946000,78.866000,-0.080000,3,1,3.244465,3.164439,3.189205,5,0.160000,0.080000,0
922,78.946000,78.866000,-0.080000,3,2,2.201120,2.284499,2.218895,5,0.160000,0.080000,0
923,78.986000,78.906000,-0.080000,3,0,2.333450,2.409380,2.340153,5,0.160000,0.080000,0
923,78.986000,78.906000,-0.080000,3,1,3.224580,3.164249,3.187895,5,0.160000,0.080000,0
923,78.986000,78.906000,-0.080000,3,2,2.211621,2.301143,2.218034,5,0.160000,0.080000,0
924,79.026000,78.946000,-0.080000,3,0,2.368805,2.356431,2.339781,5,0.160000,0.080000,0
924,79.026000,78.946000,-0.080000,3,1,3.200127,3.156782,3.186479,5,0.160000,0.080000,0
924,79.026000,78.946000,-0.080000,3,2,2.210347,2.215519,2.217111,5,0.160000,0.080000,0
925,79.066000,78.986000,-0.080000,3,0,2.368345,2.336544,2.339357,5,0.160000,0.080000,0
925,79.066000,78.986000,-0.080000,3,1,3.118136,2.982875,3.184959,5,0.160000,0.080000,0
925,79.066000,78.986000,-0.080000,3,2,2.244123,2.339946,2.216130,5,0.160000,0.080000,0
926,79.106000,79.026000,-0.080000,3,0,2.389857,2.368294,2.338924,5,0.160000,0.080000,0
926,79.106000,79.026000,-0.080000,3,1,3.141744,3.240374,3.183491,5,0.160000,0.080000,0
926,79.106000,79.026000,-0.080000,3,2,2.260340,2.160592,2.215191,5,0.160000,0.080000,0
927,79.146000,79.066000,-0.080000,3,0,2.376683,2.412764,2.338387,5,0.160000,0.080000,0
927,79.146000,79.066000,-0.080000,3,1,3.146728,3.189357,3.181765,5,0.160000,0.080000,0
927,79.146000,79.066000,-0.080000,3,2,2.220680,2.086201,2.214095,5,0.160000,0.080000,0
928,79.186000,79.106000,-0.080000,3,0,2.354663,2.299282,2.337897,5,0.160000,0.080000,0
928,79.186000,79.106000,-0.080000,3,1,3.141402,3.137621,3.180251,5,0.160000,0.080000,0
928,79.186000,79.106000,-0.080000,3,2,2.193830,2.166893,2.213141,5,0.160000,0.080000,0
929,79.226000,79.146000,-0.080000,3,0,2.348703,2.326631,2.337413,5,0.160000,0.080000,0
929,79.226000,79.146000,-0.080000,3,1,3.132419,3.111867,3.178794,5,0.160000,0.080000,0
929,79.226000,79.146000,-0.080000,3,2,2.193307,2.212906,2.212230,5,0.160000,0.080000,0
930,79.266000,79.186000,-0.080000,3,0,2.373326,2.459657,2.336854,5,0.160000,0.080000,0
930,79.266000,79.186000,-0.080000,3,1,3.155485,3.098208,3.177149,5,0.160000,0.080000,0
930,79.266000,79.186000,-0.080000,3,2,2.152250,2.134659,2.211207,5,0.160000,0.080000,0
931,79.306000,79.226000,-0.080000,3,0,2.375157,2.377452,2.335785,5,0.160000,0.080000,0
931,79.306000,79.226000,-0.080000,3,1,3.123590,3.080897,3.174104,5,0.160000,0.080000,0
931,79.306000,79.226000,-0.080000,3,2,2.146765,2.133165,2.209332,5,0.160000,0.080000,0
932,79.346000,79.266000,-0.080000,3,0,2.368945,2.381703,2.335189,5,0.160000,0.080000,0
932,79.346000,79.266000,-0.080000,3,1,3.121100,3.176908,3.172451,5,0.160000,0.080000,0
932,79.346000,79.266000,-0.080000,3,2,2.180595,2.255351,2.208324,5,0.160000,0.080000,0
933,79.386000,79.306000,-0.080000,3,0,2.365872,2.283918,2.334571,5,0.160000,0.080000,0
933,79.386000,79.306000,-0.080000,3,1,3.119210,3.128170,3.170763,5,0.160000,0.080000,0
933,79.386000,79.306000,-0.080000,3,2,2.201056,2.269200,2.207302,5,0.160000,0.080000,0
934,79.428000,79.346400,-0.081600,3,0,2.355665,2.275593,2.333932,5,0.162000,0.081600,0
934,79.428000,79.346400,-0.081600,3,1,3.130733,3.169483,3.169040,5,0.162000,0.081600,0
934,79.428000,79.346400,-0.081600,3,2,2.161379,2.014520,2.206265,5,0.162000,0.081600,0
935,79.466000,79.386400,-0.079600,3,0,2.321584,2.289252,2.333274,5,0.160000,0.079600,0
935,79.466000,79.386400,-0.079600,3,1,3.137341,3.131245,3.167282,5,0.160000,0.079600,0
935,79.466000,79.386400,-0.079600,3,2,2.151938,2.087453,2.205213,5,0.160000,0.079600,0
936,79.506000,79.426400,-0.079600,3,0,2.315864,2.348852,2.332599,5,0.160000,0.079600,0
936,79.506000,79.426400,-0.079600,3,1,3.174834,3.268363,3.165489,5,0.160000,0.079600,0
936,79.506000,79.426400,-0.079600,3,2,2.139039,2.068669,2.204141,5,0.160000,0.079600,0
937,79.546000,79.466400,-0.079600,3,0,2.303798,2.321373,2.331943,5,0.160000,0.079600,0
937,79.546000,79.466400,-0.079600,3,1,3.152272,3.064096,3.163755,5,0.160000,0.079600,0
937,79.546000,79.466400,-0.079600,3,2,2.132073,2.220522,2.203103,5,0.160000,0.079600,0
938,79.586000,79.506400,-0.079600,3,0,2.322068,2.375268,2.331236,5,0.158000,0.079600,0
938,79.586000,79.506400,-0.079600,3,1,3.143453,3.084075,3.161885,5,0.158000,0.079600,0
938,79.586000,79.506400,-0.079600,3,2,2.117487,2.196272,2.201977,5,0.158000,0.079600,0
939,79.626000,79.546000,-0.080000,3,0,2.323490,2.282708,2.330553,5,0.160000,0.080000,0
939,79.626000,79.546000,-0.080000,3,1,3.109755,3.000994,3.160071,5,0.160000,0.080000,0
939,79.626000,79.546000,-0.080000,3,2,2.141582,2.134996,2.200875,5,0.160000,0.080000,0
940,79.666000,79.586000,-0.080000,3,0,2.315033,2.246967,2.329858,5,0.160000,0.080000,0
940,79.666000,79.586000,-0.080000,3,1,3.105019,3.107567,3.158211,5,0.160000,0.080000,0
940,79.666000,79.586000,-0.080000,3,2,2.190444,2.331763,2.199731,5,0.160000,0.080000,0
941,79.708000,79.626400,-0.081600,3,0,2.296558,2.256473,2.329111,5,0.162000,0.081600,0
941,79.708000,79.626400,-0.081600,3,1,3.067503,3.080782,3.156190,5,0.162000,0.081600,0
941,79.708000,79.626400,-0.081600,3,2,2.224845,2.240670,2.198471,5,0.162000,0.081600,0
942,79.746000,79.666400,-0.079600,3,0,2.290009,2.288629,2.328351,5,0.160000,0.079600,0
942,79.746000,79.666400,-0.079600,3,1,3.083436,3.143762,3.154105,5,0.160000,0.079600,0
942,79.746000,79.666400,-0.079600,3,2,2.244817,2.320383,2.197146,5,0.160000,0.079600,0
943,79.786000,79.706400,-0.079600,3,0,2.302215,2.436298,2.327582,5,0.160000,0.079600,0
943,79.786000,79.706400,-0.079600,3,1,3.089871,3.116252,3.151948,5,0.160000,0.079600,0
943,79.786000,79.706400,-0.079600,3,2,2.256081,2.252592,2.195749,5,0.160000,0.079600,0
944,79.826000,79.746400,-0.079600,3,0,2.306518,2.304225,2.326846,5,0.160000,0.079600,0
944,79.826000,79.746400,-0.079600,3,1,3.125981,3.181540,3.149837,5,0.160000,0.079600,0
944,79.826000,79.746400,-0.079600,3,2,2.270992,2.209554,2.194354,5,0.160000,0.079600,0
945,79.866000,79.786400,-0.079600,3,0,2.341867,2.423707,2.325301,5,0.158000,0.079600,0
945,79.866000,79.786400,-0.079600,3,1,3.123912,3.097225,3.145275,5,0.158000,0.079600,0
945,79.866000,79.786400,-0.079600,3,2,2.249897,2.226283,2.191254,5,0.158000,0.079600,0
946,79.906000,79.826000,-0.080000,3,0,2.352553,2.309907,2.324470,5,0.160000,0.080000,0
946,79.906000,79.826000,-0.080000,3,1,3.155644,3.239441,3.142813,5,0.160000,0.080000,0
946,79.906000,79.826000,-0.080000,3,2,2.236555,2.173961,2.189541,5,0.160000,0.080000,0
947,79.946000,79.866000,-0.080000,3,0,2.359545,2.323587,2.323534,5,0.160000,0.080000,0
947,79.946000,79.866000,-0.080000,3,1,3.163257,3.181824,3.140127,5,0.160000,0.080000,0
947,79.946000,79.866000,-0.080000,3,2,2.240625,2.340733,2.187654,5,0.160000,0.080000,0
948,79.986000,79.906000,-0.080000,3,0,2.344326,2.360205,2.322552,5,0.160000,0.080000,0
948,79.986000,79.906000,-0.080000,3,1,3.171083,3.155383,3.137472,5,0.160000,0.080000,0
948,79.986000,79.906000,-0.080000,3,2,2.241537,2.257154,2.185785,5,0.160000,0.080000,0
949,80.026000,79.946000,-0.080000,3,0,2.368707,2.426129,2.321381,5,0.160000,0.080000,0
949,80.026000,79.946000,-0.080000,3,1,3.176678,3.209516,3.134552,5,0.160000,0.080000,0
949,80.026000,79.946000,-0.080000,3,2,2.220460,2.104168,2.183743,5,0.160000,0.080000,0
950,80.066000,79.986000,-0.080000,3,0,2.343322,2.296780,2.320105,5,0.160000,0.080000,0
950,80.066000,79.986000,-0.080000,3,1,3.180440,3.116034,3.131643,5,0.160000,0.080000,0
950,80.066000,79.986000,-0.080000,3,2,2.192004,2.084003,2.181734,5,0.160000,0.080000,0
951,80.108000,80.026400,-0.081600,3,0,2.335376,2.270180,2.318730,5,0.162000,0.081600,0
951,80.108000,80.026400,-0.081600,3,1,3.154807,3.111280,3.128758,5,0.162000,0.081600,0
951,80.108000,80.026400,-0.081600,3,2,2.179820,2.113043,2.179776,5,0.162000,0.081600,0
952,80.146000,80.066400,-0.079600,3,0,2.350070,2.397058,2.317094,5,0.160000,0.079600,0
952,80.146000,80.066400,-0.079600,3,1,3.154266,3.179115,3.125574,5,0.160000,0.079600,0
952,80.146000,80.066400,-0.079600,3,2,2.173146,2.307361,2.177656,5,0.160000,0.079600,0
953,80.186000,80.106400,-0.079600,3,0,2.345021,2.334956,2.315270,5,0.160000,0.079600,0
953,80.186000,80.106400,-0.079600,3,1,3.149931,3.133711,3.122251,5,0.160000,0.079600,0
953,80.186000,80.106400,-0.079600,3,2,2.151061,2.146731,2.175489,5,0.160000,0.079600,0
954,80.226000,80.146400,-0.079600,3,0,2.313308,2.267565,2.312937,5,0.160000,0.079600,0
954,80.226000,80.146400,-0.079600,3,1,3.111263,3.016172,3.118241,5,0.160000,0.079600,0
954,80.226000,80.146400,-0.079600,3,2,2.171144,2.204581,2.172933,5,0.160000,0.079600,0
955,80.266000,80.186400,-0.079600,3,0,2.312374,2.292110,2.310867,5,0.158000,0.079600,0
955,80.266000,80.186400,-0.079600,3,1,3.125615,3.187799,3.114844,5,0.158000,0.079600,0
955,80.266000,80.186400,-0.079600,3,2,2.152870,1.992636,2.170810,5,0.158000,0.079600,0
956,80.306000,80.226000,-0.080000,3,0,2.338638,2.401500,2.308543,5,0.160000,0.080000,0
956,80.306000,80.226000,-0.080000,3,1,3.124807,3.107239,3.111159,5,0.160000,0.080000,0
956,80.306000,80.226000,-0.080000,3,2,2.177428,2.235830,2.168543,5,0.160000,0.080000,0
957,80.346000,80.266000,-0.080000,3,0,2.341278,2.410258,2.306092,5,0.160000,0.080000,0
957,80.346000,80.266000,-0.080000,3,1,3.083408,2.972120,3.107385,5,0.160000,0.080000,0
957,80.346000,80.266000,-0.080000,3,2,2.165772,2.249082,2.166256,5,0.160000,0.080000,0
958,80.386000,80.306000,-0.080000,3,0,2.304581,2.151471,2.303529,5,0.160000,0.080000,0
958,80.386000,80.306000,-0.080000,3,1,3.052183,2.977587,3.103532,5,0.160000,0.080000,0
958,80.386000,80.306000,-0.080000,3,2,2.163020,2.132970,2.163950,5,0.160000,0.080000,0
959,80.426000,80.346000,-0.080000,3,0,2.304643,2.267876,2.301007,5,0.160000,0.080000,0
959,80.426000,80.346000,-0.080000,3,1,3.047197,2.991238,3.099820,5,0.160000,0.080000,0
959,80.426000,80.346000,-0.080000,3,2,2.118523,1.982096,2.161752,5,0.160000,0.080000,0
960,80.466000,80.386000,-0.080000,3,0,2.313264,2.335214,2.298258,5,0.160000,0.080000,0
960,80.466000,80.386000,-0.080000,3,1,3.020082,3.052228,3.095847,5,0.160000,0.080000,0
960,80.466000,80.386000,-0.080000,3,2,2.142388,2.111961,2.159421,5,0.160000,0.080000,0
961,80.506000,80.426000,-0.080000,3,0,2.246737,2.068865,2.295426,5,0.160000,0.080000,0
961,80.506000,80.426000,-0.080000,3,1,3.026267,3.138164,3.091828,5,0.160000,0.080000,0
961,80.506000,80.426000,-0.080000,3,2,2.137291,2.210345,2.157081,5,0.160000,0.080000,0
962,80.546000,80.466000,-0.080000,3,0,2.244754,2.400346,2.292673,5,0.160000,0.080000,0
962,80.546000,80.466000,-0.080000,3,1,3.045101,3.066290,3.087984,5,0.160000,0.080000,0
962,80.546000,80.466000,-0.080000,3,2,2.136980,2.247527,2.154858,5,0.160000,0.080000,0
963,80.586000,80.506000,-0.080000,3,0,2.282858,2.341989,2.289699,5,0.160000,0.080000,0
963,80.586000,80.506000,-0.080000,3,1,3.082995,3.167055,3.083894,5,0.160000,0.080000,0
963,80.586000,80.506000,-0.080000,3,2,2.137811,2.137124,2.152508,5,0.160000,0.080000,0
964,80.626000,80.546000,-0.080000,3,0,2.290343,2.305300,2.283738,5,0.160000,0.080000,0
964,80.626000,80.546000,-0.080000,3,1,3.104319,3.097859,3.075856,5,0.160000,0.080000,0
964,80.626000,80.546000,-0.080000,3,2,2.186348,2.224782,2.147927,5,0.160000,0.080000,0
965,80.666000,80.586000,-0.080000,3,0,2.281486,2.290931,2.280437,5,0.160000,0.080000,0
965,80.666000,80.586000,-0.080000,3,1,3.106738,3.064324,3.071480,5,0.160000,0.080000,0
965,80.666000,80.586000,-0.080000,3,2,2.173733,2.048884,2.145456,5,0.160000,0.080000,0
966,80.706000,80.626000,-0.080000,3,0,2.314675,2.234808,2.277424,5,0.160000,0.080000,0
966,80.706000,80.626000,-0.080000,3,1,3.075122,2.980081,3.067529,5,0.160000,0.080000,0
966,80.706000,80.626000,-0.080000,3,2,2.163683,2.160099,2.143239,5,0.160000,0.080000,0
967,80.746000,80.666000,-0.080000,3,0,2.271243,2.183185,2.274372,5,0.160000,0.080000,0
967,80.746000,80.666000,-0.080000,3,1,3.080536,3.093363,3.063569,5,0.160000,0.080000,0
967,80.746000,80.666000,-0.080000,3,2,2.188112,2.369668,2.141030,5,0.160000,0.080000,0
968,80.786000,80.706000,-0.080000,3,0,2.271137,2.341459,2.271110,5,0.160000,0.080000,0
968,80.786000,80.706000,-0.080000,3,1,3.034335,2.936050,3.059383,5,0.160000,0.080000,0
968,80.786000,80.706000,-0.080000,3,2,2.210270,2.247915,2.138711,5,0.160000,0.080000,0
969,80.826000,80.746000,-0.080000,3,0,2.255627,2.227753,2.267984,5,0.160000,0.080000,0
969,80.826000,80.746000,-0.080000,3,1,3.029912,3.075742,3.055414,5,0.160000,0.080000,0
969,80.826000,80.746000,-0.080000,3,2,2.186034,2.103601,2.136524,5,0.160000,0.080000,0
970,80.866000,80.786000,-0.080000,3,0,2.248744,2.256514,2.264647,5,0.160000,0.080000,0
970,80.866000,80.786000,-0.080000,3,1,3.028984,3.059683,3.051226,5,0.160000,0.080000,0
970,80.866000,80.786000,-0.080000,3,2,2.198329,2.110360,2.134229,5,0.160000,0.080000,0
971,80.906000,80.826000,-0.080000,3,0,2.262193,2.302054,2.261279,5,0.160000,0.080000,0
971,80.906000,80.826000,-0.080000,3,1,3.037909,3.024706,3.047042,5,0.160000,0.080000,0
971,80.906000,80.826000,-0.080000,3,2,2.215181,2.244360,2.131948,5,0.160000,0.080000,0
972,80.946000,80.866000,-0.080000,3,0,2.295999,2.352216,2.258062,5,0.160000,0.080000,0
972,80.946000,80.866000,-0.080000,3,1,3.021934,3.013487,3.043084,5,0.160000,0.080000,0
972,80.946000,80.866000,-0.080000,3,2,2.159000,2.088763,2.129800,5,0.160000,0.080000,0
973,80.986000,80.906000,-0.080000,3,0,2.255181,2.137368,2.254645,5,0.160000,0.080000,0
973,80.986000,80.906000,-0.080000,3,1,3.053571,3.094235,3.038916,5,0.160000,0.080000,0
973,80.986000,80.906000,-0.080000,3,2,2.142780,2.166815,2.127548,5,0.160000,0.080000,0
974,81.026000,80.946000,-0.080000,3,0,2.254565,2.224674,2.251393,5,0.160000,0.080000,0
974,81.026000,80.946000,-0.080000,3,1,3.029695,2.956363,3.034979,5,0.160000,0.080000,0
974,81.026000,80.946000,-0.080000,3,2,2.139177,2.085588,2.125429,5,0.160000,0.080000,0
975,81.066000,80.986000,-0.080000,3,0,2.229046,2.128918,2.248129,5,0.160000,0.080000,0
975,81.066000,80.986000,-0.080000,3,1,3.001515,2.918784,3.031056,5,0.160000,0.080000,0
975,81.066000,80.986000,-0.080000,3,2,2.129974,2.064346,2.123324,5,0.160000,0.080000,0
976,81.106000,81.026000,-0.080000,3,0,2.240793,2.360788,2.244674,5,0.160000,0.080000,0
976,81.106000,81.026000,-0.080000,3,1,3.033975,3.187007,3.026935,5,0.160000,0.080000,0
976,81.106000,81.026000,-0.080000,3,2,2.128204,2.235511,2.121118,5,0.160000,0.080000,0
977,81.146000,81.066000,-0.080000,3,0,2.205330,2.174901,2.237921,5,0.160000,0.080000,0
977,81.146000,81.066000,-0.080000,3,1,2.999315,2.840186,3.018977,5,0.160000,0.080000,0
977,81.146000,81.066000,-0.080000,3,2,2.132477,2.110124,2.116865,5,0.160000,0.080000,0
978,81.186000,81.106000,-0.080000,3,0,2.209429,2.157865,2.234257,5,0.160000,0.080000,0
978,81.186000,81.106000,-0.080000,3,1,3.011612,3.155719,3.014719,5,0.160000,0.080000,0
978,81.186000,81.106000,-0.080000,3,2,2.105805,2.033454,2.114587,5,0.160000,0.080000,0
979,81.226000,81.146000,-0.080000,3,0,2.207719,2.216124,2.230583,5,0.160000,0.080000,0
979,81.226000,81.146000,-0.080000,3,1,3.028871,3.042658,3.010495,5,0.160000,0.080000,0
979,81.226000,81.146000,-0.080000,3,2,2.113496,2.124047,2.112323,5,0.160000,0.080000,0
980,81.266000,81.186000,-0.080000,3,0,2.239990,2.290272,2.226904,5,0.160000,0.080000,0
980,81.266000,81.186000,-0.080000,3,1,3.044946,2.999158,3.006311,5,0.160000,0.080000,0
980,81.266000,81.186000,-0.080000,3,2,2.140278,2.198255,2.110072,5,0.160000,0.080000,0
981,81.306000,81.226000,-0.080000,3,0,2.220861,2.265142,2.223409,5,0.160000,0.080000,0
981,81.306000,81.226000,-0.080000,3,1,2.998360,2.954077,3.002376,5,0.160000,0.080000,0
981,81.306000,81.226000,-0.080000,3,2,2.102625,2.047245,2.107946,5,0.160000,0.080000,0
982,81.346000,81.266000,-0.080000,3,0,2.206579,2.103492,2.220103,5,0.160000,0.080000,0
982,81.346000,81.266000,-0.080000,3,1,3.018519,2.940985,2.998687,5,0.160000,0.080000,0
982,81.346000,81.266000,-0.080000,3,2,2.109650,2.145249,2.105947,5,0.160000,0.080000,0
983,81.386000,81.306000,-0.080000,3,0,2.218845,2.219195,2.216623,5,0.160000,0.080000,0
983,81.386000,81.306000,-0.080000,3,1,2.996037,3.043306,2.994839,5,0.160000,0.080000,0
983,81.386000,81.306000,-0.080000,3,2,2.140424,2.187325,2.103857,5,0.160000,0.080000,0
984,81.426000,81.346000,-0.080000,3,0,2.185884,2.051317,2.213156,5,0.160000,0.080000,0
984,81.426000,81.346000,-0.080000,3,1,2.964779,2.886370,2.991040,5,0.160000,0.080000,0
984,81.426000,81.346000,-0.080000,3,2,2.126050,2.052176,2.101789,5,0.160000,0.080000,0
985,81.466000,81.386000,-0.080000,3,0,2.175133,2.236519,2.209706,5,0.160000,0.080000,0
985,81.466000,81.386000,-0.080000,3,1,2.943843,2.894479,2.987291,5,0.160000,0.080000,0
985,81.466000,81.386000,-0.080000,3,2,2.105105,2.093528,2.099747,5,0.160000,0.080000,0
986,81.506000,81.426000,-0.080000,3,0,2.152145,2.150201,2.206274,5,0.160000,0.080000,0
986,81.506000,81.426000,-0.080000,3,1,2.946176,2.965738,2.983595,5,0.160000,0.080000,0
986,81.506000,81.426000,-0.080000,3,2,2.116869,2.106066,2.097732,5,0.160000,0.080000,0
987,81.546000,81.466000,-0.080000,3,0,2.179626,2.240900,2.202861,5,0.160000,0.080000,0
987,81.546000,81.466000,-0.080000,3,1,2.947247,2.946341,2.979953,5,0.160000,0.080000,0
987,81.546000,81.466000,-0.080000,3,2,2.108105,2.101430,2.095742,5,0.160000,0.080000,0
988,81.586000,81.506000,-0.080000,3,0,2.173836,2.190242,2.199467,5,0.160000,0.080000,0
988,81.586000,81.506000,-0.080000,3,1,2.911807,2.866106,2.976366,5,0.160000,0.080000,0
988,81.586000,81.506000,-0.080000,3,2,2.073614,2.014870,2.093777,5,0.160000,0.080000,0
989,81.626000,81.546000,-0.080000,3,0,2.191590,2.140088,2.196095,5,0.160000,0.080000,0
989,81.626000,81.546000,-0.080000,3,1,2.912519,2.889930,2.972833,5,0.160000,0.080000,0
989,81.626000,81.546000,-0.080000,3,2,2.079430,2.081255,2.091832,5,0.160000,0.080000,0
990,81.666000,81.586000,-0.080000,3,0,2.176847,2.162803,2.192923,5,0.160000,0.080000,0
990,81.666000,81.586000,-0.080000,3,1,2.937210,3.017937,2.969538,5,0.160000,0.080000,0
990,81.666000,81.586000,-0.080000,3,2,2.110203,2.247395,2.090009,5,0.160000,0.080000,0
991,81.706000,81.626000,-0.080000,3,0,2.200548,2.268705,2.189602,5,0.160000,0.080000,0
991,81.706000,81.626000,-0.080000,3,1,2.945827,3.008822,2.966114,5,0.160000,0.080000,0
991,81.706000,81.626000,-0.080000,3,2,2.069241,1.901255,2.088100,5,0.160000,0.080000,0
992,81.746000,81.666000,-0.080000,3,0,2.170553,2.090927,2.186312,5,0.160000,0.080000,0
992,81.746000,81.666000,-0.080000,3,1,2.980804,3.121223,2.962745,5,0.160000,0.080000,0
992,81.746000,81.666000,-0.080000,3,2,2.048846,1.999455,2.086208,5,0.160000,0.080000,0
993,81.786000,81.706000,-0.080000,3,0,2.153189,2.103423,2.183055,5,0.160000,0.080000,0
993,81.786000,81.706000,-0.080000,3,1,2.976972,2.846950,2.959433,5,0.160000,0.080000,0
993,81.786000,81.706000,-0.080000,3,2,2.065279,2.097034,2.084331,5,0.160000,0.080000,0
994,81.826000,81.746000,-0.080000,3,0,2.161902,2.183652,2.180001,5,0.160000,0.080000,0
994,81.826000,81.746000,-0.080000,3,1,2.999293,3.001534,2.956348,5,0.160000,0.080000,0
994,81.826000,81.746000,-0.080000,3,2,2.050726,2.008490,2.082568,5,0.160000,0.080000,0
995,81.866000,81.786000,-0.080000,3,0,2.154149,2.124036,2.173824,5,0.160000,0.080000,0
995,81.866000,81.786000,-0.080000,3,1,2.981752,2.930230,2.950173,5,0.160000,0.080000,0
995,81.866000,81.786000,-0.080000,3,2,2.032538,2.156459,2.079000,5,0.160000,0.080000,0
996,81.906000,81.826000,-0.080000,3,0,2.108693,2.041429,2.170703,5,0.160000,0.080000,0
996,81.906000,81.826000,-0.080000,3,1,2.953605,2.868085,2.947093,5,0.160000,0.080000,0
996,81.906000,81.826000,-0.080000,3,2,2.066740,2.072263,2.077205,5,0.160000,0.080000,0
997,81.946000,81.866000,-0.080000,3,0,2.100109,2.048004,2.167616,5,0.160000,0.080000,0
997,81.946000,81.866000,-0.080000,3,1,2.923964,2.973020,2.944078,5,0.160000,0.080000,0
997,81.946000,81.866000,-0.080000,3,2,2.060966,1.970586,2.075439,5,0.160000,0.080000,0
998,81.986000,81.906000,-0.080000,3,0,2.087367,2.039716,2.164561,5,0.160000,0.080000,0
998,81.986000,81.906000,-0.080000,3,1,2.929028,2.872269,2.941129,5,0.160000,0.080000,0
998,81.986000,81.906000,-0.080000,3,2,2.084363,2.214016,2.073703,5,0.160000,0.080000,0
999,82.026000,81.946000,-0.080000,3,0,2.054963,2.021630,2.161540,5,0.160000,0.080000,0
999,82.026000,81.946000,-0.080000,3,1,2.930879,3.010789,2.938249,5,0.160000,0.080000,0
999,82.026000,81.946000,-0.080000,3,2,2.112868,2.151014,2.071996,5,0.160000,0.080000,0
1000,82.066000,81.986000,-0.080000,3,0,2.067115,2.184795,2.158553,5,0.160000,0.080000,0
1000,82.066000,81.986000,-0.080000,3,1,2.921654,2.884107,2.935435,5,0.160000,0.080000,0
1000,82.066000,81.986000,-0.080000,3,2,2.119231,2.188278,2.070318,5,0.160000,0.080000,0
1001,82.106000,82.026000,-0.080000,3,0,2.088397,2.147838,2.155600,5,0.160000,0.080000,0
1001,82.106000,82.026000,-0.080000,3,1,2.942879,2.974208,2.932687,5,0.160000,0.080000,0
1001,82.106000,82.026000,-0.080000,3,2,2.134341,2.147810,2.068665,5,0.160000,0.080000,0
1002,82.146000,82.066000,-0.080000,3,0,2.114985,2.180948,2.152683,5,0.160000,0.080000,0
1002,82.146000,82.066000,-0.080000,3,1,2.904900,2.783126,2.930001,5,0.160000,0.080000,0
1002,82.146000,82.066000,-0.080000,3,2,2.139785,1.997807,2.067034,5,0.160000,0.080000,0
1003,82.186000,82.106000,-0.080000,3,0,2.118865,2.059114,2.149353,5,0.160000,0.080000,0
1003,82.186000,82.106000,-0.080000,3,1,2.934516,3.020352,2.926965,5,0.160000,0.080000,0
1004,82.226000,82.146000,-0.080000,3,0,2.156373,2.209171,2.146520,5,0.160000,0.080000,0
1004,82.226000,82.146000,-0.080000,3,1,2.895300,2.814705,2.924405,5,0.160000,0.080000,0
1004,82.226000,82.114000,-0.112000,3,2,2.099608,2.013130,2.063581,5,0.200000,0.112000,0
1005,82.266000,82.186000,-0.080000,3,0,2.144656,2.126209,2.143731,5,0.160000,0.080000,0
1005,82.266000,82.186000,-0.080000,3,1,2.907707,2.946145,2.921900,5,0.160000,0.080000,0
1005,82.266000,82.162000,-0.104000,3,2,2.085284,2.079395,2.062008,5,0.200000,0.104000,0
1006,82.306000,82.226000,-0.080000,3,0,2.136834,2.108726,2.141129,5,0.160000,0.080000,0
1006,82.306000,82.226000,-0.080000,3,1,2.876942,2.820383,2.919577,5,0.160000,0.080000,0
1006,82.306000,82.210000,-0.096000,3,2,2.088933,2.206522,2.060534,5,0.200000,0.096000,0
1007,82.346000,82.266000,-0.080000,3,0,2.124404,2.118798,2.138427,5,0.160000,0.080000,0
1007,82.346000,82.266000,-0.080000,3,1,2.886700,2.831915,2.917175,5,0.160000,0.080000,0
1007,82.346000,82.258000,-0.088000,3,2,2.073422,2.070256,2.058995,5,0.200000,0.088000,0
1008,82.386000,82.306000,-0.080000,3,0,2.131626,2.095225,2.135771,5,0.160000,0.080000,0
1008,82.386000,82.306000,-0.080000,3,1,2.871842,2.946061,2.914824,5,0.160000,0.080000,0
1008,82.386000,82.306000,-0.080000,3,2,2.075050,2.005948,2.057474,5,0.160000,0.080000,0
1009,82.426000,82.346000,-0.080000,3,0,2.113266,2.117370,2.133297,5,0.160000,0.080000,0
1009,82.426000,82.346000,-0.080000,3,1,2.873034,2.820664,2.912643,5,0.160000,0.080000,0
1009,82.426000,82.346000,-0.080000,3,2,2.089816,2.086960,2.056048,5,0.160000,0.080000,0
1010,82.466000,82.386000,-0.080000,3,0,2.121458,2.167171,2.130459,5,0.160000,0.080000,0
1010,82.466000,82.386000,-0.080000,3,1,2.883096,2.996457,2.910157,5,0.160000,0.080000,0
1010,82.466000,82.386000,-0.080000,3,2,2.085543,2.058026,2.054402,5,0.160000,0.080000,0
1011,82.506000,82.426000,-0.080000,3,0,2.127569,2.139282,2.127936,5,0.160000,0.080000,0
1011,82.506000,82.426000,-0.080000,3,1,2.911149,2.960648,2.907961,5,0.160000,0.080000,0
1011,82.506000,82.426000,-0.080000,3,2,2.028403,1.920822,2.052929,5,0.160000,0.080000,0
1012,82.546000,82.466000,-0.080000,3,0,2.135530,2.158601,2.125451,5,0.160000,0.080000,0
1012,82.546000,82.466000,-0.080000,3,1,2.896155,2.756947,2.905814,5,0.160000,0.080000,0
1012,82.546000,82.466000,-0.080000,3,2,2.039234,2.124414,2.051469,5,0.160000,0.080000,0
1013,82.586000,82.506000,-0.080000,3,0,2.131691,2.076029,2.123003,5,0.160000,0.080000,0
1013,82.586000,82.506000,-0.080000,3,1,2.877270,2.851635,2.903715,5,0.160000,0.080000,0
1013,82.586000,82.506000,-0.080000,3,2,2.047385,2.046704,2.050023,5,0.160000,0.080000,0
1014,82.626000,82.546000,-0.080000,3,0,2.134894,2.133388,2.120714,5,0.160000,0.080000,0
1014,82.626000,82.546000,-0.080000,3,1,2.893419,2.901408,2.901770,5,0.160000,0.080000,0
1014,82.626000,82.546000,-0.080000,3,2,2.049492,2.097492,2.048668,5,0.160000,0.080000,0
1015,82.666000,82.586000,-0.080000,3,0,2.117476,2.080078,2.117583,5,0.160000,0.080000,0
1015,82.666000,82.586000,-0.080000,3,1,2.842711,2.742917,2.899138,5,0.160000,0.080000,0
1015,82.666000,82.586000,-0.080000,3,2,2.044371,2.032424,2.046813,5,0.160000,0.080000,0
1016,82.706000,82.626000,-0.080000,3,0,2.081784,1.960826,2.113779,5,0.160000,0.080000,0
1016,82.706000,82.626000,-0.080000,3,1,2.805717,2.775679,2.895986,5,0.160000,0.080000,0
1016,82.706000,82.626000,-0.080000,3,2,2.070122,2.049577,2.044559,5,0.160000,0.080000,0
1017,82.746000,82.666000,-0.080000,3,0,2.096337,2.231362,2.111494,5,0.160000,0.080000,0
1017,82.746000,82.666000,-0.080000,3,1,2.839841,2.927566,2.894116,5,0.160000,0.080000,0
1017,82.746000,82.666000,-0.080000,3,2,2.024583,1.896717,2.043205,5,0.160000,0.080000,0
1018,82.786000,82.706000,-0.080000,3,0,2.095194,2.070316,2.109248,5,0.160000,0.080000,0
1018,82.786000,82.706000,-0.080000,3,1,2.830814,2.806498,2.892292,5,0.160000,0.080000,0
1018,82.786000,82.706000,-0.080000,3,2,1.984532,1.846448,2.041871,5,0.160000,0.080000,0
1019,82.826000,82.746000,-0.080000,3,0,2.111505,2.214945,2.107039,5,0.160000,0.080000,0
1019,82.826000,82.746000,-0.080000,3,1,2.829295,2.893813,2.890513,5,0.160000,0.080000,0
1019,82.826000,82.746000,-0.080000,3,2,1.965557,2.002617,2.040558,5,0.160000,0.080000,0
1020,82.866000,82.786000,-0.080000,3,0,2.105887,2.051984,2.104868,5,0.160000,0.080000,0
1020,82.866000,82.786000,-0.080000,3,1,2.829341,2.743148,2.888779,5,0.160000,0.080000,0
1020,82.866000,82.786000,-0.080000,3,2,1.962129,2.015288,2.039265,5,0.160000,0.080000,0
1021,82.906000,82.826000,-0.080000,3,0,2.171848,2.290634,2.102843,5,0.160000,0.080000,0
1021,82.906000,82.826000,-0.080000,3,1,2.850027,2.879107,2.887179,5,0.160000,0.080000,0
1021,82.906000,82.826000,-0.080000,3,2,1.961487,2.046366,2.038058,5,0.160000,0.080000,0
1022,82.946000,82.866000,-0.080000,3,1,2.831278,2.833821,2.885621,5,0.160000,0.080000,0
1022,82.946000,82.866000,-0.080000,3,2,1.983428,2.006421,2.036868,5,0.160000,0.080000,0
1023,82.986000,82.874000,-0.112000,3,0,2.140631,2.075274,2.098775,5,0.200000,0.112000,0
1023,82.986000,82.906000,-0.080000,3,1,2.829081,2.795514,2.884024,5,0.160000,0.080000,0
1023,82.986000,82.906000,-0.080000,3,2,2.042849,2.143552,2.035630,5,0.160000,0.080000,0
1024,83.026000,82.922000,-0.104000,3,0,2.143689,2.085608,2.096735,5,0.200000,0.104000,0
1024,83.026000,82.946000,-0.080000,3,1,2.837723,2.937023,2.882476,5,0.160000,0.080000,0
1024,83.026000,82.946000,-0.080000,3,2,2.057701,2.076878,2.034409,5,0.160000,0.080000,0
1025,83.066000,82.970000,-0.096000,3,0,2.125658,2.124789,2.094728,5,0.200000,0.096000,0
1025,83.066000,82.986000,-0.080000,3,1,2.866992,2.889494,2.880974,5,0.160000,0.080000,0
1025,83.066000,82.986000,-0.080000,3,2,2.058041,2.016989,2.033204,5,0.160000,0.080000,0
1026,83.106000,83.018000,-0.088000,3,0,2.140429,2.125841,2.092756,5,0.200000,0.088000,0
1026,83.106000,83.026000,-0.080000,3,1,2.859345,2.840873,2.879518,5,0.160000,0.080000,0
1026,83.106000,83.026000,-0.080000,3,2,2.074655,2.129432,2.032015,5,0.160000,0.080000,0
1027,83.146000,83.066000,-0.080000,3,0,2.071106,1.944019,2.090820,5,0.160000,0.080000,0
1027,83.146000,83.066000,-0.080000,3,1,2.875586,2.915029,2.878107,5,0.160000,0.080000,0
1027,83.146000,83.066000,-0.080000,3,2,2.045393,1.860114,2.030843,5,0.160000,0.080000,0
1028,83.186000,83.106000,-0.080000,3,0,2.075367,2.096577,2.088922,5,0.160000,0.080000,0
1028,83.186000,83.106000,-0.080000,3,1,2.890630,2.870730,2.876741,5,0.160000,0.080000,0
1028,83.186000,83.106000,-0.080000,3,2,2.025437,2.043770,2.029688,5,0.160000,0.080000,0
1029,83.226000,83.146000,-0.080000,3,0,2.074706,2.082302,2.085528,5,0.160000,0.080000,0
1029,83.226000,83.146000,-0.080000,3,1,2.887751,2.922631,2.874338,5,0.160000,0.080000,0
1029,83.226000,83.146000,-0.080000,3,2,2.003252,1.965956,2.027609,5,0.160000,0.080000,0
1030,83.266000,83.186000,-0.080000,3,0,2.072528,2.113898,2.083740,5,0.160000,0.080000,0
1030,83.266000,83.186000,-0.080000,3,1,2.889953,2.900505,2.873095,5,0.160000,0.080000,0
1030,83.266000,83.186000,-0.080000,3,2,1.997250,1.986977,2.026508,5,0.160000,0.080000,0
1031,83.306000,83.226000,-0.080000,3,0,2.061445,2.070427,2.081989,5,0.160000,0.080000,0
1031,83.306000,83.226000,-0.080000,3,1,2.893953,2.860869,2.871893,5,0.160000,0.080000,0
1031,83.306000,83.226000,-0.080000,3,2,1.998922,2.137795,2.025427,5,0.160000,0.080000,0
1032,83.346000,83.266000,-0.080000,3,0,2.097929,2.126438,2.080270,5,0.160000,0.080000,0
1032,83.346000,83.266000,-0.080000,3,1,2.872087,2.805698,2.870731,5,0.160000,0.080000,0
1032,83.346000,83.266000,-0.080000,3,2,2.032757,2.029288,2.024365,5,0.160000,0.080000,0
1033,83.386000,83.306000,-0.080000,3,0,2.101917,2.116520,2.078669,5,0.160000,0.080000,0
1033,83.386000,83.306000,-0.080000,3,1,2.861801,2.819301,2.869664,5,0.160000,0.080000,0
1033,83.386000,83.306000,-0.080000,3,2,2.043427,2.097121,2.023374,5,0.160000,0.080000,0
1034,83.426000,83.346000,-0.080000,3,0,2.107761,2.111523,2.077004,5,0.160000,0.080000,0
1034,83.426000,83.346000,-0.080000,3,1,2.875781,2.992531,2.868571,5,0.160000,0.080000,0
1034,83.426000,83.346000,-0.080000,3,2,2.034587,1.921756,2.022340,5,0.160000,0.080000,0
1035,83.466000,83.386000,-0.080000,3,0,2.074260,1.946392,2.075362,5,0.160000,0.080000,0
1035,83.466000,83.386000,-0.080000,3,1,2.866992,2.856559,2.867509,5,0.160000,0.080000,0
1035,83.466000,83.386000,-0.080000,3,2,2.021634,1.922209,2.021316,5,0.160000,0.080000,0
1036,83.506000,83.426000,-0.080000,3,0,2.074115,2.069700,2.073827,5,0.160000,0.080000,0
1036,83.506000,83.426000,-0.080000,3,1,2.855455,2.803184,2.866530,5,0.160000,0.080000,0
1036,83.506000,83.426000,-0.080000,3,2,1.987724,1.968248,2.020353,5,0.160000,0.080000,0
1037,83.546000,83.466000,-0.080000,3,0,2.028588,1.898805,2.072240,5,0.160000,0.080000,0
1037,83.546000,83.466000,-0.080000,3,1,2.869294,2.874894,2.865531,5,0.160000,0.080000,0
1037,83.546000,83.466000,-0.080000,3,2,1.978707,1.984200,2.019347,5,0.160000,0.080000,0
1038,83.586000,83.506000,-0.080000,3,0,2.031156,2.129359,2.070705,5,0.160000,0.080000,0
1038,83.586000,83.506000,-0.080000,3,1,2.896244,2.954052,2.864576,5,0.160000,0.080000,0
1038,83.586000,83.506000,-0.080000,3,2,1.990502,2.156099,2.018359,5,0.160000,0.080000,0
1039,83.626000,83.546000,-0.080000,3,0,2.027316,2.092322,2.069241,5,0.160000,0.080000,0
1039,83.626000,83.546000,-0.080000,3,1,2.885534,2.938980,2.863678,5,0.160000,0.080000,0
1039,83.626000,83.546000,-0.080000,3,2,2.013852,2.038503,2.017395,5,0.160000,0.080000,0
1040,83.666000,83.586000,-0.080000,3,0,2.047709,2.048360,2.067864,5,0.160000,0.080000,0
1040,83.666000,83.586000,-0.080000,3,1,2.890525,2.881516,2.862847,5,0.160000,0.080000,0
1040,83.666000,83.586000,-0.080000,3,2,2.026125,1.983577,2.016462,5,0.160000,0.080000,0
1041,83.706000,83.626000,-0.080000,3,0,2.032546,1.993884,2.066648,5,0.160000,0.080000,0
1041,83.706000,83.626000,-0.080000,3,1,2.890406,2.802590,2.862126,5,0.160000,0.080000,0
1041,83.706000,83.626000,-0.080000,3,2,2.034980,2.012521,2.015612,5,0.160000,0.080000,0
1042,83.746000,83.666000,-0.080000,3,0,2.075190,2.112024,2.065461,5,0.160000,0.080000,0
1042,83.746000,83.666000,-0.080000,3,1,2.860763,2.726676,2.861437,5,0.160000,0.080000,0
1042,83.746000,83.666000,-0.080000,3,2,2.023703,1.927816,2.014752,5,0.160000,0.080000,0
1043,83.786000,83.706000,-0.080000,3,0,2.061021,2.058514,2.064374,5,0.160000,0.080000,0
1043,83.786000,83.706000,-0.080000,3,1,2.839842,2.849450,2.860822,5,0.160000,0.080000,0
1043,83.786000,83.706000,-0.080000,3,2,2.008270,2.078936,2.013932,5,0.160000,0.080000,0
1044,83.826000,83.746000,-0.080000,3,0,2.031571,1.945072,2.062568,5,0.160000,0.080000,0
1044,83.826000,83.746000,-0.080000,3,1,2.803610,2.757820,2.859843,5,0.160000,0.080000,0
1044,83.826000,83.746000,-0.080000,3,2,2.009400,2.044152,2.012476,5,0.160000,0.080000,0
1045,83.866000,83.786000,-0.080000,3,0,2.035212,2.066568,2.061729,5,0.160000,0.080000,0
1045,83.866000,83.786000,-0.080000,3,1,2.795861,2.842771,2.859415,5,0.160000,0.080000,0
1045,83.866000,83.786000,-0.080000,3,2,1.995927,1.916209,2.011752,5,0.160000,0.080000,0
1046,83.906000,83.826000,-0.080000,3,0,2.059648,2.116064,2.060955,5,0.160000,0.080000,0
1046,83.906000,83.826000,-0.080000,3,2,1.987133,1.968554,2.011050,5,0.160000,0.080000,0
1047,83.946000,83.866000,-0.080000,3,0,2.020185,1.914708,2.060237,5,0.160000,0.080000,0
1047,83.946000,83.834000,-0.112000,3,1,2.815812,2.902343,2.858714,5,0.200000,0.112000,0
1047,83.946000,83.866000,-0.080000,3,2,2.022498,2.104641,2.010367,5,0.160000,0.080000,0
1048,83.986000,83.906000,-0.080000,3,0,2.019187,2.053523,2.059603,5,0.160000,0.080000,0
1048,83.986000,83.882000,-0.104000,3,1,2.838727,2.841251,2.858439,5,0.200000,0.104000,0
1048,83.986000,83.906000,-0.080000,3,2,1.997051,1.951700,2.009732,5,0.160000,0.080000,0
1049,84.026000,83.946000,-0.080000,3,0,2.032822,2.013248,2.058978,5,0.160000,0.080000,0
1049,84.026000,83.930000,-0.096000,3,1,2.876139,3.036507,2.858180,5,0.200000,0.096000,0
1049,84.026000,83.946000,-0.080000,3,2,1.972631,1.922053,2.009073,5,0.160000,0.080000,0
1050,84.066000,83.986000,-0.080000,3,0,2.014736,1.976139,2.058394,5,0.160000,0.080000,0
1050,84.066000,83.978000,-0.088000,3,1,2.903711,2.895681,2.857945,5,0.200000,0.088000,0
1050,84.066000,83.986000,-0.080000,3,2,1.973859,1.922348,2.008421,5,0.160000,0.080000,0
1051,84.106000,84.026000,-0.080000,3,0,1.992462,2.004693,2.057875,5,0.160000,0.080000,0
1051,84.106000,84.026000,-0.080000,3,1,2.914138,2.894906,2.857742,5,0.160000,0.080000,0
1051,84.106000,84.026000,-0.080000,3,2,1.986491,2.031712,2.007810,5,0.160000,0.080000,0
1052,84.146000,84.066000,-0.080000,3,0,2.018242,2.043604,2.057362,5,0.160000,0.080000,0
1052,84.146000,84.066000,-0.080000,3,1,2.881295,2.738131,2.857546,5,0.160000,0.080000,0
1052,84.146000,84.066000,-0.080000,3,2,1.943712,1.890750,2.007171,5,0.160000,0.080000,0
1053,84.186000,84.106000,-0.080000,3,0,1.992562,1.925125,2.056885,5,0.160000,0.080000,0
1053,84.186000,84.106000,-0.080000,3,1,2.887202,2.870786,2.857367,5,0.160000,0.080000,0
1053,84.186000,84.106000,-0.080000,3,2,1.934871,1.907490,2.006536,5,0.160000,0.080000,0
1054,84.226000,84.146000,-0.080000,3,0,1.995114,2.026008,2.056442,5,0.160000,0.080000,0
1054,84.226000,84.146000,-0.080000,3,1,2.859571,2.898349,2.857205,5,0.160000,0.080000,0
1055,84.266000,84.186000,-0.080000,3,0,2.016370,2.082417,2.056054,5,0.160000,0.080000,0
1055,84.266000,84.186000,-0.080000,3,1,2.855804,2.876849,2.857067,5,0.160000,0.080000,0
1055,84.266000,84.154000,-0.112000,3,2,1.960890,2.052148,2.005313,5,0.200000,0.112000,0
1056,84.306000,84.226000,-0.080000,3,0,2.011689,1.981292,2.055694,5,0.160000,0.080000,0
1056,84.306000,84.226000,-0.080000,3,1,2.856248,2.897123,2.856946,5,0.160000,0.080000,0
1056,84.306000,84.202000,-0.104000,3,2,1.960869,1.922246,2.004722,5,0.200000,0.104000,0
1057,84.346000,84.266000,-0.080000,3,0,2.023222,2.101269,2.055036,5,0.160000,0.080000,0
1057,84.346000,84.266000,-0.080000,3,1,2.885791,2.885850,2.856746,5,0.160000,0.080000,0
1057,84.346000,84.250000,-0.096000,3,2,1.966269,2.058710,2.003521,5,0.200000,0.096000,0
1058,84.386000,84.306000,-0.080000,3,0,2.055083,2.084430,2.054739,5,0.160000,0.080000,0
1058,84.386000,84.306000,-0.080000,3,1,2.875974,2.821698,2.856667,5,0.160000,0.080000,0
1058,84.386000,84.298000,-0.088000,3,2,1.987438,1.996596,2.002913,5,0.200000,0.088000,0
1059,84.426000,84.346000,-0.080000,3,0,2.065443,2.077806,2.054469,5,0.160000,0.080000,0
1059,84.426000,84.346000,-0.080000,3,1,2.897651,3.006734,2.856603,5,0.160000,0.080000,0
1059,84.426000,84.346000,-0.080000,3,2,1.993515,1.937877,2.002311,5,0.160000,0.080000,0
1060,84.466000,84.386000,-0.080000,3,0,2.047147,1.990940,2.054225,5,0.160000,0.080000,0
1060,84.466000,84.386000,-0.080000,3,1,2.883299,2.805088,2.856553,5,0.160000,0.080000,0
1060,84.466000,84.386000,-0.080000,3,2,1.986923,2.019188,2.001715,5,0.160000,0.080000,0
1061,84.506000,84.426000,-0.080000,3,0,2.039646,1.943784,2.054004,5,0.160000,0.080000,0
1061,84.506000,84.426000,-0.080000,3,1,2.861351,2.787387,2.856513,5,0.160000,0.080000,0
1061,84.506000,84.426000,-0.080000,3,2,1.996698,1.971121,2.001125,5,0.160000,0.080000,0
1062,84.546000,84.466000,-0.080000,3,0,2.023771,2.021895,2.053805,5,0.160000,0.080000,0
1062,84.546000,84.466000,-0.080000,3,1,2.848718,2.822683,2.856482,5,0.160000,0.080000,0
1062,84.546000,84.466000,-0.080000,3,2,2.010133,2.125881,2.000540,5,0.160000,0.080000,0
1063,84.586000,84.506000,-0.080000,3,0,1.989116,1.911156,2.053634,5,0.160000,0.080000,0
1063,84.586000,84.506000,-0.080000,3,1,2.878473,2.970472,2.856460,5,0.160000,0.080000,0
1063,84.586000,84.506000,-0.080000,3,2,2.006797,1.979918,1.999990,5,0.160000,0.080000,0
1064,84.626000,84.546000,-0.080000,3,0,1.984310,2.053777,2.053471,5,0.160000,0.080000,0
1064,84.626000,84.546000,-0.080000,3,1,2.859841,2.913573,2.856444,5,0.160000,0.080000,0
1064,84.626000,84.546000,-0.080000,3,2,2.006253,1.935158,1.999412,5,0.160000,0.080000,0
1065,84.666000,84.586000,-0.080000,3,0,1.976262,1.950699,2.053323,5,0.160000,0.080000,0
1065,84.666000,84.586000,-0.080000,3,1,2.882157,2.916668,2.856437,5,0.160000,0.080000,0
1065,84.666000,84.586000,-0.080000,3,2,2.009783,2.036835,1.998839,5,0.160000,0.080000,0
1066,84.706000,84.626000,-0.080000,3,0,1.962722,1.876081,2.053187,5,0.160000,0.080000,0
1066,84.706000,84.626000,-0.080000,3,1,2.892770,2.840453,2.856440,5,0.160000,0.080000,0
1066,84.706000,84.626000,-0.080000,3,2,2.013239,1.988403,1.998269,5,0.160000,0.080000,0
1067,84.746000,84.666000,-0.080000,3,0,1.963546,2.026015,2.053060,5,0.160000,0.080000,0
1067,84.746000,84.666000,-0.080000,3,1,2.902005,2.868859,2.856451,5,0.160000,0.080000,0
1067,84.746000,84.666000,-0.080000,3,2,2.000269,2.061028,1.997704,5,0.160000,0.080000,0
1068,84.786000,84.706000,-0.080000,3,0,1.999381,2.090334,2.052945,5,0.160000,0.080000,0
1068,84.786000,84.706000,-0.080000,3,1,2.870951,2.815204,2.856466,5,0.160000,0.080000,0
1068,84.786000,84.706000,-0.080000,3,2,1.995704,1.957096,1.997174,5,0.160000,0.080000,0
1069,84.826000,84.746000,-0.080000,3,0,2.020870,2.161222,2.052839,5,0.160000,0.080000,0
1069,84.826000,84.746000,-0.080000,3,1,2.871744,2.917538,2.856481,5,0.160000,0.080000,0
1069,84.826000,84.746000,-0.080000,3,2,2.006552,1.989398,1.996678,5,0.160000,0.080000,0
1070,84.866000,84.786000,-0.080000,3,0,2.035694,2.024819,2.052694,5,0.160000,0.080000,0
1070,84.866000,84.786000,-0.080000,3,1,2.869843,2.907160,2.856499,5,0.160000,0.080000,0
1070,84.866000,84.786000,-0.080000,3,2,1.987179,1.939969,1.996014,5,0.160000,0.080000,0
1071,84.910000,84.826800,-0.083200,3,0,2.091839,2.156803,2.052518,5,0.164000,0.083200,0
1071,84.910000,84.826800,-0.083200,3,1,2.885523,2.918855,2.856508,5,0.164000,0.083200,0
1071,84.910000,84.826800,-0.083200,3,2,1.991921,2.012113,1.995246,5,0.164000,0.083200,0
1072,84.946000,84.866800,-0.079200,3,0,2.117860,2.156124,2.052371,5,0.160000,0.079200,0
1072,84.946000,84.866800,-0.079200,3,1,2.858499,2.733740,2.856505,5,0.160000,0.079200,0
1072,84.946000,84.866800,-0.079200,3,2,1.970702,1.954936,1.994630,5,0.160000,0.079200,0
1073,84.986000,84.906800,-0.079200,3,0,2.114239,2.072227,2.052245,5,0.160000,0.079200,0
1073,84.986000,84.906800,-0.079200,3,1,2.890962,2.977516,2.856497,5,0.160000,0.079200,0
1073,84.986000,84.906800,-0.079200,3,2,1.981444,2.010806,1.994106,5,0.160000,0.079200,0
1074,85.026000,84.946800,-0.079200,3,0,2.085331,2.016681,2.052132,5,0.160000,0.079200,0
1074,85.026000,84.946800,-0.079200,3,1,2.878618,2.855820,2.856487,5,0.160000,0.079200,0
1074,85.026000,84.946800,-0.079200,3,2,1.978405,1.974200,1.993615,5,0.160000,0.079200,0
1075,85.066000,84.986800,-0.079200,3,0,2.086414,2.030237,2.052034,5,0.156000,0.079200,0
1075,85.066000,84.986800,-0.079200,3,1,2.877330,2.900719,2.856478,5,0.156000,0.079200,0
1075,85.066000,84.986800,-0.079200,3,2,1.987526,1.985573,1.993156,5,0.156000,0.079200,0
1076,85.106000,85.026000,-0.080000,3,0,2.086839,2.158925,2.051927,5,0.160000,0.080000,0
1076,85.106000,85.026000,-0.080000,3,1,2.865412,2.859266,2.856472,5,0.160000,0.080000,0
1076,85.106000,85.026000,-0.080000,3,2,1.986676,2.007867,1.992594,5,0.160000,0.080000,0
1077,85.148000,85.066400,-0.081600,3,0,2.074839,2.096126,2.051833,5,0.162000,0.081600,0
1077,85.148000,85.066400,-0.081600,3,1,2.896313,2.888245,2.856471,5,0.162000,0.081600,0
1077,85.148000,85.066400,-0.081600,3,2,1.991738,1.980245,1.992006,5,0.162000,0.081600,0
1078,85.186000,85.106400,-0.079600,3,0,2.088240,2.139232,2.051754,5,0.160000,0.079600,0
1078,85.186000,85.106400,-0.079600,3,1,2.904790,3.019899,2.856477,5,0.160000,0.079600,0
1078,85.186000,85.106400,-0.079600,3,2,1.980783,1.956032,1.991445,5,0.160000,0.079600,0
1079,85.226000,85.146400,-0.079600,3,0,2.083610,1.993532,2.051682,5,0.160000,0.079600,0
1079,85.226000,85.146400,-0.079600,3,1,2.909233,2.878037,2.856488,5,0.160000,0.079600,0
1079,85.226000,85.146400,-0.079600,3,2,1.958220,1.861383,1.990910,5,0.160000,0.079600,0
1080,85.266000,85.186400,-0.079600,3,0,2.099516,2.109763,2.051604,5,0.160000,0.079600,0
1080,85.266000,85.186400,-0.079600,3,1,2.910279,2.905949,2.856506,5,0.160000,0.079600,0
1080,85.266000,85.186400,-0.079600,3,2,1.963164,2.010294,1.990348,5,0.160000,0.079600,0
1081,85.308000,85.226800,-0.081200,3,0,2.051519,1.918941,2.051516,5,0.160000,0.081200,0
1081,85.308000,85.226800,-0.081200,3,1,2.936286,2.989301,2.856530,5,0.160000,0.081200,0
1081,85.308000,85.226800,-0.081200,3,2,1.983474,2.109418,1.989789,5,0.160000,0.081200,0
1082,85.348000,85.266800,-0.081200,3,0,2.049447,2.085769,2.051414,5,0.162000,0.081200,0
1082,85.348000,85.266800,-0.081200,3,1,2.911795,2.765787,2.856561,5,0.162000,0.081200,0
1082,85.348000,85.266800,-0.081200,3,2,1.957253,1.849136,1.989236,5,0.162000,0.081200,0
1083,85.386000,85.306800,-0.079200,3,0,2.050843,2.146209,2.051294,5,0.160000,0.079200,0
1083,85.386000,85.306800,-0.079200,3,1,2.887544,2.898646,2.856593,5,0.160000,0.079200,0
1083,85.386000,85.306800,-0.079200,3,2,1.985571,2.097622,1.988693,5,0.160000,0.079200,0
1084,85.426000,85.346800,-0.079200,3,0,2.033826,1.908446,2.051155,5,0.160000,0.079200,0
1084,85.426000,85.346800,-0.079200,3,1,2.903228,2.956455,2.856625,5,0.160000,0.079200,0
1084,85.426000,85.346800,-0.079200,3,2,2.010021,1.983637,1.988161,5,0.160000,0.079200,0
1085,85.466000,85.386800,-0.079200,3,0,1.991650,1.898885,2.051004,5,0.158000,0.079200,0
1085,85.466000,85.386800,-0.079200,3,1,2.893116,2.855388,2.856652,5,0.158000,0.079200,0
1085,85.466000,85.386800,-0.079200,3,2,1.989466,1.907519,1.987662,5,0.158000,0.079200,0
1086,85.506000,85.426400,-0.079600,3,0,2.023654,2.078959,2.050831,5,0.158000,0.079600,0
1086,85.506000,85.426400,-0.079600,3,1,2.901328,3.030363,2.856675,5,0.158000,0.079600,0
1086,85.506000,85.426400,-0.079600,3,2,1.957599,1.950082,1.987144,5,0.158000,0.079600,0
1087,85.548000,85.466400,-0.081600,3,0,2.000787,1.971436,2.050831,5,0.162000,0.081600,0
1087,85.548000,85.466400,-0.081600,3,1,2.913377,2.826033,2.856675,5,0.162000,0.081600,0
1087,85.548000,85.466400,-0.081600,3,2,1.974626,1.934271,1.987144,5,0.162000,0.081600,0
1088,85.588000,85.506800,-0.081200,3,0,1.950114,1.892845,2.050627,5,0.162000,0.081200,0
1088,85.588000,85.506800,-0.081200,3,1,2.902460,2.844060,2.856693,5,0.162000,0.081200,0
1088,85.588000,85.506800,-0.081200,3,2,1.972387,2.086424,1.986577,5,0.162000,0.081200,0
1089,85.626000,85.546800,-0.079200,3,0,1.969718,2.006467,2.050426,5,0.160000,0.079200,0
1089,85.626000,85.546800,-0.079200,3,1,2.906783,2.978072,2.856701,5,0.160000,0.079200,0
1089,85.626000,85.546800,-0.079200,3,2,1.971535,1.979381,1.986030,5,0.160000,0.079200,0
1090,85.666000,85.586800,-0.079200,3,0,1.979172,1.946151,2.050234,5,0.160000,0.079200,0
1090,85.666000,85.586800,-0.079200,3,1,2.957657,3.109759,2.856701,5,0.160000,0.079200,0
1090,85.666000,85.586800,-0.079200,3,2,2.007416,2.086921,1.985505,5,0.160000,0.079200,0
1091,85.706000,85.626800,-0.079200,3,0,1.966881,2.017508,2.050064,5,0.158000,0.079200,0
1091,85.706000,85.626800,-0.079200,3,1,2.921243,2.848292,2.856696,5,0.158000,0.079200,0
1091,85.706000,85.626800,-0.079200,3,2,1.986239,1.844198,1.985028,5,0.158000,0.079200,0
1092,85.746000,85.666400,-0.079600,3,0,1.996858,2.121319,2.049908,5,0.158000,0.079600,0
1092,85.746000,85.666400,-0.079600,3,1,2.914941,2.794522,2.856689,5,0.158000,0.079600,0
1092,85.746000,85.666400,-0.079600,3,2,2.019054,2.098346,1.984578,5,0.158000,0.079600,0
1093,85.786000,85.706000,-0.080000,3,0,2.004285,1.929978,2.049605,5,0.160000,0.080000,0
1093,85.786000,85.706000,-0.080000,3,1,2.921114,2.874926,2.856684,5,0.160000,0.080000,0
1093,85.786000,85.706000,-0.080000,3,2,2.002669,2.004501,1.983670,5,0.160000,0.080000,0
1094,85.826000,85.746000,-0.080000,3,0,2.010958,2.039836,2.049451,5,0.160000,0.080000,0
1094,85.826000,85.746000,-0.080000,3,1,2.912562,2.935312,2.856697,5,0.160000,0.080000,0
1094,85.826000,85.746000,-0.080000,3,2,2.002978,1.980926,1.983193,5,0.160000,0.080000,0
1095,85.866000,85.786000,-0.080000,3,0,2.040989,2.096302,2.049310,5,0.160000,0.080000,0
1095,85.866000,85.786000,-0.080000,3,1,2.852000,2.806948,2.856725,5,0.160000,0.080000,0
1095,85.866000,85.786000,-0.080000,3,2,1.962826,1.886160,1.982750,5,0.160000,0.080000,0
1096,85.906000,85.826000,-0.080000,3,0,2.041531,2.020219,2.049170,5,0.160000,0.080000,0
1096,85.906000,85.826000,-0.080000,3,1,2.836139,2.768988,2.856772,5,0.160000,0.080000,0
1096,85.906000,85.826000,-0.080000,3,2,1.971108,1.885609,1.982315,5,0.160000,0.080000,0
1097,85.946000,85.866000,-0.080000,3,0,2.045898,2.143157,2.049031,5,0.160000,0.080000,0
1097,85.946000,85.866000,-0.080000,3,1,2.832620,2.776928,2.856839,5,0.160000,0.080000,0
1097,85.946000,85.866000,-0.080000,3,2,1.960385,2.044728,1.981888,5,0.160000,0.080000,0
1098,85.986000,85.906000,-0.080000,3,0,2.043851,1.919740,2.048888,5,0.160000,0.080000,0
1098,85.986000,85.906000,-0.080000,3,1,2.812224,2.772941,2.856926,5,0.160000,0.080000,0
1098,85.986000,85.906000,-0.080000,3,2,1.972996,2.067555,1.981468,5,0.160000,0.080000,0
1099,86.026000,85.946000,-0.080000,3,0,2.030501,1.973086,2.048730,5,0.160000,0.080000,0
1099,86.026000,85.946000,-0.080000,3,1,2.819696,2.972676,2.857038,5,0.160000,0.080000,0
1099,86.026000,85.946000,-0.080000,3,2,1.984615,2.039023,1.981031,5,0.160000,0.080000,0
1100,86.066000,85.986000,-0.080000,3,0,2.004423,1.965913,2.048570,5,0.160000,0.080000,0
1100,86.066000,85.986000,-0.080000,3,1,2.821587,2.816403,2.857161,5,0.160000,0.080000,0
1100,86.066000,85.986000,-0.080000,3,2,1.998510,1.955637,1.980619,5,0.160000,0.080000,0
1101,86.106000,86.026000,-0.080000,3,0,2.008872,2.042466,2.048408,5,0.160000,0.080000,0
1101,86.106000,86.026000,-0.080000,3,1,2.831973,2.820916,2.857289,5,0.160000,0.080000,0
1101,86.106000,86.026000,-0.080000,3,2,2.027592,2.031018,1.980231,5,0.160000,0.080000,0
1102,86.146000,86.066000,-0.080000,3,0,1.982817,2.012879,2.048228,5,0.160000,0.080000,0
1102,86.146000,86.066000,-0.080000,3,1,2.866131,2.947720,2.857433,5,0.160000,0.080000,0
1102,86.146000,86.066000,-0.080000,3,2,2.028536,2.049447,1.979824,5,0.160000,0.080000,0
1103,86.186000,86.106000,-0.080000,3,0,2.006022,2.035768,2.048037,5,0.160000,0.080000,0
1103,86.186000,86.106000,-0.080000,3,1,2.884979,2.867180,2.857581,5,0.160000,0.080000,0
1103,86.186000,86.106000,-0.080000,3,2,2.006802,1.958886,1.979420,5,0.160000,0.080000,0
1104,86.226000,86.146000,-0.080000,3,0,2.003781,1.961878,2.047829,5,0.160000,0.080000,0
1104,86.226000,86.146000,-0.080000,3,1,2.877975,2.937655,2.857738,5,0.160000,0.080000,0
1104,86.226000,86.146000,-0.080000,3,2,1.991725,1.963639,1.978997,5,0.160000,0.080000,0
1105,86.266000,86.186000,-0.080000,3,0,2.047354,2.183776,2.047637,5,0.160000,0.080000,0
1105,86.266000,86.186000,-0.080000,3,1,2.886007,2.856567,2.857878,5,0.160000,0.080000,0
1105,86.266000,86.186000,-0.080000,3,2,1.983772,1.915869,1.978620,5,0.160000,0.080000,0
1106,86.306000,86.226000,-0.080000,3,0,2.042453,2.017962,2.047433,5,0.160000,0.080000,0
1106,86.306000,86.226000,-0.080000,3,1,2.881262,2.797187,2.858025,5,0.160000,0.080000,0
1106,86.306000,86.226000,-0.080000,3,2,1.952180,1.873060,1.978226,5,0.160000,0.080000,0
1107,86.346000,86.266000,-0.080000,3,0,2.062407,2.112651,2.047229,5,0.160000,0.080000,0
1107,86.346000,86.266000,-0.080000,3,1,2.875525,2.919037,2.858171,5,0.160000,0.080000,0
1108,86.386000,86.306000,-0.080000,3,0,2.046837,1.957920,2.047027,5,0.160000,0.080000,0
1108,86.386000,86.306000,-0.080000,3,1,2.851610,2.747604,2.858318,5,0.160000,0.080000,0
1108,86.386000,86.274000,-0.112000,3,2,1.931915,1.948123,1.977457,5,0.200000,0.112000,0
1109,86.426000,86.346000,-0.080000,3,0,2.075464,2.105013,2.046665,5,0.160000,0.080000,0
1109,86.426000,86.346000,-0.080000,3,1,2.851605,2.937632,2.858586,5,0.160000,0.080000,0
1109,86.426000,86.322000,-0.104000,3,2,1.910784,1.853230,1.976788,5,0.200000,0.104000,0
1110,86.466000,86.386000,-0.080000,3,0,2.050364,2.058272,2.046448,5,0.160000,0.080000,0
1110,86.466000,86.386000,-0.080000,3,1,2.840012,2.798603,2.858746,5,0.160000,0.080000,0
1110,86.466000,86.370000,-0.096000,3,2,1.903433,1.926885,1.976402,5,0.200000,0.096000,0
1111,86.506000,86.426000,-0.080000,3,0,2.050375,2.018021,2.046248,5,0.160000,0.080000,0
1111,86.506000,86.426000,-0.080000,3,1,2.859425,2.894249,2.858893,5,0.160000,0.080000,0
1111,86.506000,86.418000,-0.088000,3,2,1.877546,1.786430,1.976060,5,0.200000,0.088000,0
1112,86.546000,86.466000,-0.080000,3,0,2.047482,2.098185,2.046030,5,0.160000,0.080000,0
1112,86.546000,86.466000,-0.080000,3,1,2.877961,3.011719,2.859051,5,0.160000,0.080000,0
1112,86.546000,86.466000,-0.080000,3,2,1.891396,1.942310,1.975706,5,0.160000,0.080000,0
1113,86.586000,86.506000,-0.080000,3,0,2.074377,2.092395,2.045803,5,0.160000,0.080000,0
1113,86.586000,86.506000,-0.080000,3,1,2.914240,2.928996,2.859211,5,0.160000,0.080000,0
1113,86.586000,86.506000,-0.080000,3,2,1.899627,1.989282,1.975359,5,0.160000,0.080000,0
1114,86.626000,86.546000,-0.080000,3,0,2.047871,1.972480,2.045531,5,0.160000,0.080000,0
1114,86.626000,86.546000,-0.080000,3,1,2.904866,2.890766,2.859400,5,0.160000,0.080000,0
1114,86.626000,86.546000,-0.080000,3,2,1.934204,2.026112,1.974968,5,0.160000,0.080000,0
1115,86.666000,86.586000,-0.080000,3,0,2.062707,2.132454,2.045287,5,0.160000,0.080000,0
1115,86.666000,86.586000,-0.080000,3,1,2.944312,2.995830,2.859565,5,0.160000,0.080000,0
1115,86.666000,86.586000,-0.080000,3,2,1.928506,1.898397,1.974642,5,0.160000,0.080000,0
1116,86.706000,86.626000,-0.080000,3,0,2.051937,1.964169,2.045051,5,0.160000,0.080000,0
1116,86.706000,86.626000,-0.080000,3,1,2.931291,2.829145,2.859722,5,0.160000,0.080000,0
1116,86.706000,86.626000,-0.080000,3,2,1.961681,1.952305,1.974345,5,0.160000,0.080000,0
1117,86.746000,86.666000,-0.080000,3,0,2.021280,1.944903,2.044794,5,0.160000,0.080000,0
1117,86.746000,86.666000,-0.080000,3,1,2.893064,2.820585,2.859889,5,0.160000,0.080000,0
1117,86.746000,86.666000,-0.080000,3,2,1.981076,2.039284,1.974042,5,0.160000,0.080000,0
1118,86.786000,86.706000,-0.080000,3,0,2.011397,2.042978,2.044530,5,0.160000,0.080000,0
1118,86.786000,86.706000,-0.080000,3,1,2.883438,2.880862,2.860054,5,0.160000,0.080000,0
1118,86.786000,86.706000,-0.080000,3,2,1.993509,2.051448,1.973750,5,0.160000,0.080000,0
1119,86.826000,86.746000,-0.080000,3,0,2.023056,2.030775,2.044259,5,0.160000,0.080000,0
1119,86.826000,86.746000,-0.080000,3,1,2.869164,2.819396,2.860217,5,0.160000,0.080000,0
1119,86.826000,86.746000,-0.080000,3,2,1.974438,1.930758,1.973466,5,0.160000,0.080000,0
1120,86.866000,86.786000,-0.080000,3,0,2.031174,2.173046,2.043997,5,0.160000,0.080000,0
1120,86.866000,86.786000,-0.080000,3,1,2.844246,2.871241,2.860369,5,0.160000,0.080000,0
1120,86.866000,86.786000,-0.080000,3,2,2.006278,2.057596,1.973204,5,0.160000,0.080000,0
1121,86.906000,86.826000,-0.080000,3,0,2.039523,2.005915,2.043716,5,0.160000,0.080000,0
1121,86.906000,86.826000,-0.080000,3,1,2.852000,2.867917,2.860528,5,0.160000,0.080000,0
1121,86.906000,86.826000,-0.080000,3,2,1.985964,1.850732,1.972933,5,0.160000,0.080000,0
1122,86.946000,86.866000,-0.080000,3,0,2.060936,2.051965,2.043432,5,0.160000,0.080000,0
1122,86.946000,86.866000,-0.080000,3,1,2.865995,2.890558,2.860687,5,0.160000,0.080000,0
1122,86.946000,86.866000,-0.080000,3,2,1.941376,1.816347,1.972665,5,0.160000,0.080000,0
1123,86.986000,86.906000,-0.080000,3,0,2.057162,2.024108,2.043146,5,0.160000,0.080000,0
1123,86.986000,86.906000,-0.080000,3,1,2.843970,2.770737,2.860846,5,0.160000,0.080000,0
1123,86.986000,86.906000,-0.080000,3,2,1.937062,2.029876,1.972400,5,0.160000,0.080000,0
1124,87.026000,86.946000,-0.080000,3,0,2.032077,1.905351,2.042872,5,0.160000,0.080000,0
1124,87.026000,86.946000,-0.080000,3,1,2.872912,2.964105,2.860996,5,0.160000,0.080000,0
1124,87.026000,86.946000,-0.080000,3,2,1.946624,1.978569,1.972153,5,0.160000,0.080000,0
1125,87.066000,86.986000,-0.080000,3,0,2.033282,2.179070,2.042593,5,0.160000,0.080000,0
1125,87.066000,86.986000,-0.080000,3,1,2.868859,2.850980,2.861146,5,0.160000,0.080000,0
1125,87.066000,86.986000,-0.080000,3,2,1.915367,1.901311,1.971910,5,0.160000,0.080000,0
1126,87.108000,87.026400,-0.081600,3,0,2.021137,1.945190,2.041996,5,0.162000,0.081600,0
1126,87.108000,87.026400,-0.081600,3,1,2.888215,2.964695,2.861452,5,0.162000,0.081600,0
1126,87.108000,87.026400,-0.081600,3,2,1.932047,1.934132,1.971426,5,0.162000,0.081600,0
1127,87.146000,87.066400,-0.079600,3,0,2.022069,2.056627,2.041979,5,0.160000,0.079600,0
1127,87.146000,87.066400,-0.079600,3,1,2.859984,2.749405,2.861460,5,0.160000,0.079600,0
1127,87.146000,87.066400,-0.079600,3,2,1.956877,1.940495,1.971414,5,0.160000,0.079600,0
1128,87.186000,87.106400,-0.079600,3,0,1.999401,1.910768,2.041330,5,0.160000,0.079600,0
1128,87.186000,87.106400,-0.079600,3,1,2.881368,2.877656,2.861784,5,0.160000,0.079600,0
1128,87.186000,87.106400,-0.079600,3,2,1.950730,1.999146,1.970939,5,0.160000,0.079600,0
1129,87.226000,87.146400,-0.079600,3,0,2.051748,2.167087,2.040979,5,0.160000,0.079600,0
1129,87.226000,87.146400,-0.079600,3,1,2.870964,2.912082,2.861963,5,0.160000,0.079600,0
1129,87.226000,87.146400,-0.079600,3,2,1.975319,2.101513,1.970694,5,0.160000,0.079600,0
1130,87.266000,87.186400,-0.079600,3,0,2.009504,1.967851,2.040643,5,0.158000,0.079600,0
1130,87.266000,87.186400,-0.079600,3,1,2.874084,2.866581,2.862139,5,0.158000,0.079600,0
1130,87.266000,87.186400,-0.079600,3,2,2.001694,2.033183,1.970464,5,0.158000,0.079600,0
1131,87.306000,87.226000,-0.080000,3,0,2.034894,2.072141,2.040326,5,0.160000,0.080000,0
1131,87.306000,87.226000,-0.080000,3,1,2.846497,2.826761,2.862311,5,0.160000,0.080000,0
1131,87.306000,87.226000,-0.080000,3,2,1.996734,1.909334,1.970245,5,0.160000,0.080000,0
1132,87.346000,87.266000,-0.080000,3,0,2.056326,2.163785,2.039991,5,0.160000,0.080000,0
1132,87.346000,87.266000,-0.080000,3,1,2.888584,2.959841,2.862498,5,0.160000,0.080000,0
1132,87.346000,87.266000,-0.080000,3,2,1.990342,1.908532,1.970015,5,0.160000,0.080000,0
1133,87.386000,87.306000,-0.080000,3,0,2.081386,2.036065,2.039674,5,0.160000,0.080000,0
1133,87.386000,87.306000,-0.080000,3,1,2.891175,2.890608,2.862681,5,0.160000,0.080000,0
1133,87.386000,87.306000,-0.080000,3,2,1.988023,1.987552,1.969800,5,0.160000,0.080000,0
1134,87.426000,87.346000,-0.080000,3,0,2.047830,1.999311,2.039325,5,0.160000,0.080000,0
1134,87.426000,87.346000,-0.080000,3,1,2.877084,2.841632,2.862892,5,0.160000,0.080000,0
1134,87.426000,87.346000,-0.080000,3,2,1.921075,1.766776,1.969569,5,0.160000,0.080000,0
1135,87.466000,87.386000,-0.080000,3,0,2.065645,2.056924,2.039013,5,0.160000,0.080000,0
1135,87.466000,87.386000,-0.080000,3,1,2.862325,2.792781,2.863091,5,0.160000,0.080000,0
1135,87.466000,87.386000,-0.080000,3,2,1.907401,1.964810,1.969371,5,0.160000,0.080000,0
1136,87.506000,87.426000,-0.080000,3,0,2.049035,1.989089,2.038686,5,0.160000,0.080000,0
1136,87.506000,87.426000,-0.080000,3,1,2.875461,2.892444,2.863315,5,0.160000,0.080000,0
1136,87.506000,87.426000,-0.080000,3,2,1.914759,1.946125,1.969177,5,0.160000,0.080000,0
1137,87.546000,87.466000,-0.080000,3,0,2.024382,2.040520,2.038364,5,0.160000,0.080000,0
1137,87.546000,87.466000,-0.080000,3,1,2.893281,3.048938,2.863552,5,0.160000,0.080000,0
1137,87.546000,87.466000,-0.080000,3,2,1.927559,1.972533,1.969000,5,0.160000,0.080000,0
1138,87.586000,87.506000,-0.080000,3,0,2.034069,2.084498,2.038063,5,0.160000,0.080000,0
1138,87.586000,87.506000,-0.080000,3,1,2.872520,2.786803,2.863788,5,0.160000,0.080000,0
1138,87.586000,87.506000,-0.080000,3,2,1.929539,1.997450,1.968846,5,0.160000,0.080000,0
1139,87.626000,87.546000,-0.080000,3,0,2.052836,2.093147,2.037520,5,0.160000,0.080000,0
1139,87.626000,87.546000,-0.080000,3,1,2.870843,2.833248,2.864250,5,0.160000,0.080000,0
1139,87.626000,87.546000,-0.080000,3,2,1.970881,1.973488,1.968593,5,0.160000,0.080000,0
1140,87.666000,87.586000,-0.080000,3,0,2.062169,2.103591,2.037213,5,0.160000,0.080000,0
1140,87.666000,87.586000,-0.080000,3,1,2.888572,2.881427,2.864530,5,0.160000,0.080000,0
1140,87.666000,87.586000,-0.080000,3,2,1.990883,2.064818,1.968461,5,0.160000,0.080000,0
1141,87.706000,87.626000,-0.080000,3,0,2.092365,2.140069,2.036908,5,0.160000,0.080000,0
1141,87.706000,87.626000,-0.080000,3,1,2.888451,2.891838,2.864820,5,0.160000,0.080000,0
1141,87.706000,87.626000,-0.080000,3,2,1.982637,1.904893,1.968335,5,0.160000,0.080000,0
1142,87.746000,87.666000,-0.080000,3,0,2.084604,2.001713,2.036608,5,0.160000,0.080000,0
1142,87.746000,87.666000,-0.080000,3,1,2.845622,2.834795,2.865121,5,0.160000,0.080000,0
1142,87.746000,87.666000,-0.080000,3,2,1.996050,2.039600,1.968215,5,0.160000,0.080000,0
1143,87.786000,87.706000,-0.080000,3,0,2.084805,2.085503,2.036312,5,0.160000,0.080000,0
1143,87.786000,87.706000,-0.080000,3,1,2.886184,2.989613,2.865432,5,0.160000,0.080000,0
1143,87.786000,87.706000,-0.080000,3,2,2.008637,2.060386,1.968101,5,0.160000,0.080000,0
1144,87.826000,87.746000,-0.080000,3,0,2.056998,1.954112,2.036022,5,0.160000,0.080000,0
1144,87.826000,87.746000,-0.080000,3,1,2.931690,3.060780,2.865754,5,0.160000,0.080000,0
1144,87.826000,87.746000,-0.080000,3,2,2.017376,2.017182,1.967993,5,0.160000,0.080000,0
1145,87.866000,87.786000,-0.080000,3,0,2.014508,1.891143,2.035737,5,0.160000,0.080000,0
1145,87.866000,87.786000,-0.080000,3,1,2.923146,2.838705,2.866085,5,0.160000,0.080000,0
1145,87.866000,87.786000,-0.080000,3,2,1.998898,1.972430,1.967891,5,0.160000,0.080000,0
1146,87.906000,87.826000,-0.080000,3,0,1.989648,2.015771,2.035474,5,0.160000,0.080000,0
1146,87.906000,87.826000,-0.080000,3,1,2.940255,2.977385,2.866407,5,0.160000,0.080000,0
1146,87.906000,87.826000,-0.080000,3,2,1.987557,1.848188,1.967800,5,0.160000,0.080000,0
1147,87.946000,87.866000,-0.080000,3,0,2.000008,2.053512,2.035218,5,0.160000,0.080000,0
1147,87.946000,87.866000,-0.080000,3,1,2.934396,2.805499,2.866736,5,0.160000,0.080000,0
1147,87.946000,87.866000,-0.080000,3,2,1.985397,2.028802,1.967716,5,0.160000,0.080000,0
1148,87.986000,87.906000,-0.080000,3,0,1.959806,1.884490,2.034958,5,0.160000,0.080000,0
1148,87.986000,87.906000,-0.080000,3,1,2.890523,2.770244,2.867093,5,0.160000,0.080000,0
1148,87.986000,87.906000,-0.080000,3,2,1.944109,1.853942,1.967634,5,0.160000,0.080000,0
1149,88.026000,87.946000,-0.080000,3,0,1.949913,1.904650,2.034719,5,0.160000,0.080000,0
1149,88.026000,87.946000,-0.080000,3,1,2.837976,2.798047,2.867440,5,0.160000,0.080000,0
1149,88.026000,87.946000,-0.080000,3,2,1.948665,2.039964,1.967565,5,0.160000,0.080000,0
1150,88.066000,87.986000,-0.080000,3,0,1.971496,1.999058,2.034477,5,0.160000,0.080000,0
1150,88.066000,87.986000,-0.080000,3,1,2.859421,2.945930,2.867814,5,0.160000,0.080000,0
1150,88.066000,87.986000,-0.080000,3,2,1.931806,1.888133,1.967500,5,0.160000,0.080000,0
1151,88.106000,88.026000,-0.080000,3,0,2.000787,2.162226,2.034232,5,0.160000,0.080000,0
1151,88.106000,88.026000,-0.080000,3,1,2.857133,2.965946,2.868215,5,0.160000,0.080000,0
1151,88.106000,88.026000,-0.080000,3,2,1.932225,1.850287,1.967441,5,0.160000,0.080000,0
1152,88.146000,88.066000,-0.080000,3,0,1.993420,2.016674,2.034005,5,0.160000,0.080000,0
1152,88.146000,88.066000,-0.080000,3,1,2.864899,2.844329,2.868599,5,0.160000,0.080000,0
1152,88.146000,88.066000,-0.080000,3,2,1.914499,1.940171,1.967393,5,0.160000,0.080000,0
1153,88.186000,88.106000,-0.080000,3,0,2.050390,2.169339,2.033780,5,0.160000,0.080000,0
1153,88.186000,88.106000,-0.080000,3,1,2.907366,2.982581,2.868984,5,0.160000,0.080000,0
1153,88.186000,88.106000,-0.080000,3,2,1.919466,1.878774,1.967353,5,0.160000,0.080000,0
1154,88.226000,88.146000,-0.080000,3,0,2.085717,2.081286,2.033565,5,0.160000,0.080000,0
1154,88.226000,88.146000,-0.080000,3,1,2.900209,2.762260,2.869348,5,0.160000,0.080000,0
1154,88.226000,88.146000,-0.080000,3,2,1.883035,1.857811,1.967323,5,0.160000,0.080000,0
1155,88.268000,88.186400,-0.081600,3,0,2.097782,2.059383,2.033107,5,0.162000,0.081600,0
1155,88.268000,88.186400,-0.081600,3,1,2.884113,2.865448,2.870115,5,0.162000,0.081600,0
1155,88.268000,88.186400,-0.081600,3,2,1.918112,2.063514,1.967297,5,0.162000,0.081600,0
1156,88.306000,88.226400,-0.079600,3,0,2.046349,1.905061,2.032888,5,0.160000,0.079600,0
1156,88.306000,88.226400,-0.079600,3,1,2.825188,2.671324,2.870482,5,0.160000,0.079600,0
1156,88.306000,88.226400,-0.079600,3,2,1.923527,1.877364,1.967306,5,0.160000,0.079600,0
1157,88.346000,88.266400,-0.079600,3,0,2.026923,1.919545,2.032706,5,0.160000,0.079600,0
1157,88.346000,88.266400,-0.079600,3,1,2.830414,2.870458,2.870791,5,0.160000,0.079600,0
1157,88.346000,88.266400,-0.079600,3,2,1.923118,1.938128,1.967326,5,0.160000,0.079600,0
1158,88.386000,88.306400,-0.079600,3,0,1.987408,1.971767,2.032474,5,0.160000,0.079600,0
1158,88.386000,88.306400,-0.079600,3,1,2.814524,2.903130,2.871190,5,0.160000,0.079600,0
1158,88.386000,88.306400,-0.079600,3,2,1.937840,1.952381,1.967367,5,0.160000,0.079600,0
1159,88.426000,88.346400,-0.079600,3,0,1.987124,2.079863,2.032229,5,0.158000,0.079600,0
1159,88.426000,88.346400,-0.079600,3,1,2.861412,2.996699,2.871621,5,0.158000,0.079600,0
1159,88.426000,88.346400,-0.079600,3,2,1.945652,1.896872,1.967428,5,0.158000,0.079600,0
1160,88.466000,88.386000,-0.080000,3,0,1.991857,2.083048,2.031996,5,0.160000,0.080000,0
1160,88.466000,88.386000,-0.080000,3,1,2.876936,2.943067,2.872039,5,0.160000,0.080000,0
1160,88.466000,88.386000,-0.080000,3,2,1.916299,1.916751,1.967498,5,0.160000,0.080000,0
1161,88.506000,88.426000,-0.080000,3,0,2.025852,2.075039,2.031776,5,0.160000,0.080000,0
1161,88.506000,88.426000,-0.080000,3,1,2.919767,2.885480,2.872444,5,0.160000,0.080000,0
1161,88.506000,88.426000,-0.080000,3,2,1.956333,2.077533,1.967573,5,0.160000,0.080000,0
1162,88.546000,88.466000,-0.080000,3,0,2.045325,2.016911,2.031543,5,0.160000,0.080000,0
1162,88.546000,88.466000,-0.080000,3,1,2.922818,2.885715,2.872879,5,0.160000,0.080000,0
1162,88.546000,88.466000,-0.080000,3,2,1.960940,1.961164,1.967657,5,0.160000,0.080000,0
1163,88.586000,88.506000,-0.080000,3,0,2.069937,2.094826,2.031310,5,0.160000,0.080000,0
1163,88.586000,88.506000,-0.080000,3,1,2.890213,2.740105,2.873319,5,0.160000,0.080000,0
1163,88.586000,88.506000,-0.080000,3,2,1.934225,1.818804,1.967744,5,0.160000,0.080000,0
1164,88.626000,88.546000,-0.080000,3,0,2.056141,2.010881,2.031073,5,0.160000,0.080000,0
1164,88.626000,88.546000,-0.080000,3,1,2.853769,2.814481,2.873760,5,0.160000,0.080000,0
1164,88.626000,88.546000,-0.080000,3,2,1.966494,2.058216,1.967833,5,0.160000,0.080000,0
1165,88.666000,88.586000,-0.080000,3,0,2.040286,2.003771,2.030834,5,0.160000,0.080000,0
1165,88.666000,88.586000,-0.080000,3,1,2.839928,2.873858,2.874200,5,0.160000,0.080000,0
1165,88.666000,88.586000,-0.080000,3,2,1.961340,1.890982,1.967924,5,0.160000,0.080000,0
1166,88.706000,88.626000,-0.080000,3,0,2.024804,1.997633,2.030608,5,0.160000,0.080000,0
1166,88.706000,88.626000,-0.080000,3,1,2.831647,2.844077,2.874615,5,0.160000,0.080000,0
1166,88.706000,88.626000,-0.080000,3,2,1.928773,1.914698,1.968013,5,0.160000,0.080000,0
1167,88.746000,88.666000,-0.080000,3,0,2.037138,2.078579,2.030356,5,0.160000,0.080000,0
1167,88.746000,88.666000,-0.080000,3,1,2.822673,2.840845,2.875072,5,0.160000,0.080000,0
1167,88.746000,88.666000,-0.080000,3,2,1.948127,2.057936,1.968116,5,0.160000,0.080000,0
1168,88.786000,88.706000,-0.080000,3,0,2.032208,2.070176,2.029883,5,0.160000,0.080000,0
1168,88.786000,88.706000,-0.080000,3,1,2.851322,2.883349,2.875904,5,0.160000,0.080000,0
1168,88.786000,88.706000,-0.080000,3,2,1.990299,2.029662,1.968318,5,0.160000,0.080000,0
1169,88.826000,88.746000,-0.080000,3,0,2.048429,2.091988,2.029662,5,0.160000,0.080000,0
1169,88.826000,88.746000,-0.080000,3,1,2.852335,2.819547,2.876283,5,0.160000,0.080000,0
1169,88.826000,88.746000,-0.080000,3,2,1.954565,1.879545,1.968416,5,0.160000,0.080000,0
1170,88.866000,88.786000,-0.080000,3,0,2.054871,2.035978,2.029412,5,0.160000,0.080000,0
1170,88.866000,88.786000,-0.080000,3,1,2.843163,2.827999,2.876707,5,0.160000,0.080000,0
1170,88.866000,88.786000,-0.080000,3,2,1.955136,1.893839,1.968526,5,0.160000,0.080000,0
1171,88.906000,88.826000,-0.080000,3,0,2.051625,1.981404,2.029158,5,0.160000,0.080000,0
1171,88.906000,88.826000,-0.080000,3,1,2.850379,2.880155,2.877134,5,0.160000,0.080000,0
1171,88.906000,88.826000,-0.080000,3,2,1.953611,1.907074,1.968636,5,0.160000,0.080000,0
1172,88.946000,88.866000,-0.080000,3,0,2.042777,2.034337,2.028915,5,0.160000,0.080000,0
1172,88.946000,88.866000,-0.080000,3,1,2.848904,2.833472,2.877544,5,0.160000,0.080000,0
1172,88.946000,88.866000,-0.080000,3,2,1.947060,2.025182,1.968739,5,0.160000,0.080000,0
1173,88.986000,88.906000,-0.080000,3,0,2.038808,2.050331,2.028669,5,0.160000,0.080000,0
1173,88.986000,88.906000,-0.080000,3,1,2.855359,2.915623,2.877960,5,0.160000,0.080000,0
1174,89.026000,88.946000,-0.080000,3,0,2.013051,1.963205,2.028407,5,0.160000,0.080000,0
1174,89.026000,88.946000,-0.080000,3,1,2.855826,2.821881,2.878407,5,0.160000,0.080000,0
1174,89.026000,88.914000,-0.112000,3,2,1.908696,1.837840,1.968943,5,0.200000,0.112000,0
1175,89.066000,88.986000,-0.080000,3,0,1.986984,1.905646,2.028144,5,0.160000,0.080000,0
1175,89.066000,88.986000,-0.080000,3,1,2.849492,2.796327,2.878864,5,0.160000,0.080000,0
1175,89.066000,88.962000,-0.104000,3,2,1.936173,2.016932,1.969045,5,0.200000,0.104000,0
1176,89.106000,89.026000,-0.080000,3,0,1.985411,1.973537,2.027880,5,0.160000,0.080000,0
1176,89.106000,89.026000,-0.080000,3,1,2.870946,2.987426,2.879329,5,0.160000,0.080000,0
1176,89.106000,89.010000,-0.096000,3,2,1.927019,1.848067,1.969145,5,0.200000,0.096000,0
1177,89.146000,89.066000,-0.080000,3,0,1.981635,2.015457,2.027613,5,0.160000,0.080000,0
1177,89.146000,89.066000,-0.080000,3,1,2.899771,2.977599,2.879802,5,0.160000,0.080000,0
1177,89.146000,89.058000,-0.088000,3,2,1.973130,2.137631,1.969245,5,0.200000,0.088000,0
1178,89.186000,89.106000,-0.080000,3,0,1.967160,1.977955,2.027358,5,0.160000,0.080000,0
1178,89.186000,89.106000,-0.080000,3,1,2.897812,2.905826,2.880258,5,0.160000,0.080000,0
1178,89.186000,89.106000,-0.080000,3,2,1.975640,2.037733,1.969344,5,0.160000,0.080000,0
1179,89.226000,89.146000,-0.080000,3,0,1.964571,1.950261,2.027083,5,0.160000,0.080000,0
1179,89.226000,89.146000,-0.080000,3,1,2.930621,2.985928,2.880750,5,0.160000,0.080000,0
1179,89.226000,89.146000,-0.080000,3,2,1.989122,1.905247,1.969455,5,0.160000,0.080000,0
1180,89.266000,89.186000,-0.080000,3,0,1.951205,1.838813,2.026802,5,0.160000,0.080000,0
1180,89.266000,89.186000,-0.080000,3,1,2.955726,2.921850,2.881252,5,0.160000,0.080000,0
1180,89.266000,89.186000,-0.080000,3,2,1.970625,1.924448,1.969575,5,0.160000,0.080000,0
1181,89.306000,89.226000,-0.080000,3,0,1.951799,1.976510,2.026256,5,0.160000,0.080000,0
1181,89.306000,89.226000,-0.080000,3,1,2.955396,2.985775,2.882241,5,0.160000,0.080000,0
1181,89.306000,89.226000,-0.080000,3,2,1.987056,1.930221,1.969832,5,0.160000,0.080000,0
1182,89.346000,89.266000,-0.080000,3,0,1.944823,1.980576,2.025950,5,0.160000,0.080000,0
1182,89.346000,89.266000,-0.080000,3,1,2.974973,3.075486,2.882813,5,0.160000,0.080000,0
1182,89.346000,89.266000,-0.080000,3,2,1.938784,1.896270,1.969994,5,0.160000,0.080000,0
1183,89.386000,89.306000,-0.080000,3,0,1.955073,2.029207,2.025660,5,0.160000,0.080000,0
1183,89.386000,89.306000,-0.080000,3,1,2.990134,2.981633,2.883373,5,0.160000,0.080000,0
1183,89.386000,89.306000,-0.080000,3,2,1.948011,2.083867,1.970160,5,0.160000,0.080000,0
1184,89.426000,89.346000,-0.080000,3,1,2.951884,2.794677,2.883885,5,0.160000,0.080000,0
1184,89.426000,89.346000,-0.080000,3,2,1.951035,1.920367,1.970320,5,0.160000,0.080000,0
1185,89.466000,89.354000,-0.112000,3,0,1.954214,1.945966,2.025131,5,0.200000,0.112000,0
1185,89.466000,89.386000,-0.080000,3,1,2.936497,2.844916,2.884439,5,0.160000,0.080000,0
1185,89.466000,89.386000,-0.080000,3,2,1.957356,1.956053,1.970500,5,0.160000,0.080000,0
1186,89.506000,89.402000,-0.104000,3,0,1.984714,1.991313,2.024844,5,0.200000,0.104000,0
1186,89.506000,89.426000,-0.080000,3,1,2.883347,2.720025,2.885032,5,0.160000,0.080000,0
1186,89.506000,89.426000,-0.080000,3,2,1.947550,1.881191,1.970703,5,0.160000,0.080000,0
1187,89.546000,89.450000,-0.096000,3,0,2.011942,2.112649,2.024552,5,0.200000,0.096000,0
1187,89.546000,89.466000,-0.080000,3,1,2.850442,2.910960,2.885625,5,0.160000,0.080000,0
1187,89.546000,89.466000,-0.080000,3,2,1.947449,1.895765,1.970919,5,0.160000,0.080000,0
1188,89.586000,89.498000,-0.088000,3,0,2.026776,2.054747,2.024267,5,0.200000,0.088000,0
1188,89.586000,89.506000,-0.080000,3,1,2.842248,2.940662,2.886176,5,0.160000,0.080000,0
1188,89.586000,89.506000,-0.080000,3,2,1.908099,1.887116,1.971135,5,0.160000,0.080000,0
1189,89.626000,89.546000,-0.080000,3,0,2.022572,2.008183,2.023953,5,0.160000,0.080000,0
1189,89.626000,89.546000,-0.080000,3,1,2.832757,2.747220,2.886736,5,0.160000,0.080000,0
1189,89.626000,89.546000,-0.080000,3,2,1.905874,1.909245,1.971373,5,0.160000,0.080000,0
1190,89.666000,89.586000,-0.080000,3,0,2.045984,2.063026,2.023623,5,0.160000,0.080000,0
1190,89.666000,89.586000,-0.080000,3,1,2.845650,2.909381,2.887261,5,0.160000,0.080000,0
1190,89.666000,89.586000,-0.080000,3,2,1.912281,1.988088,1.971619,5,0.160000,0.080000,0
1191,89.706000,89.626000,-0.080000,3,0,2.069697,2.109878,2.023277,5,0.160000,0.080000,0
1191,89.706000,89.626000,-0.080000,3,1,2.876774,2.875645,2.887745,5,0.160000,0.080000,0
1191,89.706000,89.626000,-0.080000,3,2,1.927836,1.958967,1.971870,5,0.160000,0.080000,0
1192,89.746000,89.666000,-0.080000,3,0,2.063259,2.080459,2.022916,5,0.160000,0.080000,0
1192,89.746000,89.666000,-0.080000,3,1,2.861226,2.833222,2.888181,5,0.160000,0.080000,0
1192,89.746000,89.666000,-0.080000,3,2,1.937782,1.945491,1.972123,5,0.160000,0.080000,0
1193,89.786000,89.706000,-0.080000,3,0,2.043501,1.955958,2.022561,5,0.160000,0.080000,0
1193,89.786000,89.706000,-0.080000,3,1,2.836751,2.818286,2.888551,5,0.160000,0.080000,0
1193,89.786000,89.706000,-0.080000,3,2,1.961854,2.007481,1.972364,5,0.160000,0.080000,0
1194,89.826000,89.746000,-0.080000,3,1,2.885692,2.991928,2.888997,5,0.160000,0.080000,0
1194,89.826000,89.746000,-0.080000,3,2,1.967383,1.936886,1.972696,5,0.160000,0.080000,0
1195,89.866000,89.754000,-0.112000,3,0,2.073421,2.157785,2.021400,5,0.200000,0.112000,0
1195,89.866000,89.786000,-0.080000,3,1,2.856882,2.765327,2.889457,5,0.160000,0.080000,0
1195,89.866000,89.786000,-0.080000,3,2,1.961593,1.959142,1.973102,5,0.160000,0.080000,0
1196,89.906000,89.802000,-0.104000,3,0,2.062401,2.007924,2.020990,5,0.200000,0.104000,0
1196,89.906000,89.826000,-0.080000,3,1,2.871576,2.949117,2.889696,5,0.160000,0.080000,0
1196,89.906000,89.826000,-0.080000,3,2,1.954835,1.925177,1.973350,5,0.160000,0.080000,0
1197,89.946000,89.850000,-0.096000,3,0,2.055211,2.073931,2.020573,5,0.200000,0.096000,0
1197,89.946000,89.866000,-0.080000,3,1,2.858381,2.767248,2.889907,5,0.160000,0.080000,0
1197,89.946000,89.866000,-0.080000,3,2,1.957011,1.956367,1.973597,5,0.160000,0.080000,0
1198,89.986000,89.898000,-0.088000,3,0,2.020403,1.906418,2.020151,5,0.200000,0.088000,0
1198,89.986000,89.906000,-0.080000,3,1,2.889580,2.974282,2.890096,5,0.160000,0.080000,0
1198,89.986000,89.906000,-0.080000,3,2,1.937114,1.908000,1.973844,5,0.160000,0.080000,0
1199,90.026000,89.946000,-0.080000,3,0,2.035740,2.032645,2.019728,5,0.160000,0.080000,0
1199,90.026000,89.946000,-0.080000,3,1,2.840946,2.748754,2.890266,5,0.160000,0.080000,0
1199,90.026000,89.946000,-0.080000,3,2,1.936627,1.934448,1.974093,5,0.160000,0.080000,0
1200,90.066000,89.986000,-0.080000,3,0,2.006493,2.011550,2.019328,5,0.160000,0.080000,0
1200,90.066000,89.986000,-0.080000,3,1,2.883890,2.980047,2.890412,5,0.160000,0.080000,0
1200,90.066000,89.986000,-0.080000,3,2,1.924240,1.897208,1.974332,5,0.160000,0.080000,0
1201,90.106000,90.026000,-0.080000,3,0,2.015443,2.052672,2.018910,5,0.160000,0.080000,0
1201,90.106000,90.026000,-0.080000,3,1,2.847746,2.768399,2.890556,5,0.160000,0.080000,0
1201,90.106000,90.026000,-0.080000,3,2,1.932502,1.966485,1.974587,5,0.160000,0.080000,0
1202,90.146000,90.066000,-0.080000,3,0,2.009112,2.042276,2.018499,5,0.160000,0.080000,0
1202,90.146000,90.066000,-0.080000,3,1,2.901669,3.036864,2.890690,5,0.160000,0.080000,0
1202,90.146000,90.066000,-0.080000,3,2,1.924235,1.915033,1.974848,5,0.160000,0.080000,0
1203,90.186000,90.106000,-0.080000,3,0,2.030162,2.011669,2.018118,5,0.160000,0.080000,0
1203,90.186000,90.106000,-0.080000,3,1,2.902575,2.978810,2.890812,5,0.160000,0.080000,0
1203,90.186000,90.106000,-0.080000,3,2,1.938228,1.977967,1.975101,5,0.160000,0.080000,0
1204,90.226000,90.146000,-0.080000,3,0,2.019552,1.979594,2.017726,5,0.160000,0.080000,0
1204,90.226000,90.146000,-0.080000,3,1,2.923767,2.854713,2.890936,5,0.160000,0.080000,0
1204,90.226000,90.146000,-0.080000,3,2,1.921429,1.850452,1.975377,5,0.160000,0.080000,0
1205,90.266000,90.186000,-0.080000,3,0,2.012545,1.976516,2.017345,5,0.160000,0.080000,0
1205,90.266000,90.186000,-0.080000,3,1,2.904030,2.881366,2.891056,5,0.160000,0.080000,0
1205,90.266000,90.186000,-0.080000,3,2,1.910849,1.844309,1.975661,5,0.160000,0.080000,0
1206,90.306000,90.226000,-0.080000,3,0,2.001774,1.998815,2.016974,5,0.160000,0.080000,0
1206,90.306000,90.226000,-0.080000,3,1,2.916911,2.832802,2.891173,5,0.160000,0.080000,0
1206,90.306000,90.226000,-0.080000,3,2,1.919762,2.011048,1.975953,5,0.160000,0.080000,0
1207,90.346000,90.266000,-0.080000,3,0,2.034099,2.203903,2.016630,5,0.160000,0.080000,0
1207,90.346000,90.266000,-0.080000,3,1,2.894265,2.923631,2.891279,5,0.160000,0.080000,0
1207,90.346000,90.266000,-0.080000,3,2,1.947350,2.052976,1.976236,5,0.160000,0.080000,0
1208,90.386000,90.306000,-0.080000,3,0,2.012933,1.905837,2.016291,5,0.160000,0.080000,0
1208,90.386000,90.306000,-0.080000,3,1,2.888991,2.952443,2.891378,5,0.160000,0.080000,0
1208,90.386000,90.306000,-0.080000,3,2,1.926336,1.872897,1.976522,5,0.160000,0.080000,0
1209,90.426000,90.346000,-0.080000,3,0,1.984797,1.838912,2.015600,5,0.160000,0.080000,0
1209,90.426000,90.346000,-0.080000,3,1,2.892317,2.871341,2.891543,5,0.160000,0.080000,0
1209,90.426000,90.346000,-0.080000,3,2,1.940996,1.923750,1.977115,5,0.160000,0.080000,0
1210,90.466000,90.386000,-0.080000,3,0,1.974666,1.925860,2.015223,5,0.160000,0.080000,0
1210,90.466000,90.386000,-0.080000,3,1,2.875298,2.796274,2.891604,5,0.160000,0.080000,0
1210,90.466000,90.386000,-0.080000,3,2,1.965659,1.967624,1.977432,5,0.160000,0.080000,0
1211,90.506000,90.426000,-0.080000,3,0,1.977354,2.012256,2.014863,5,0.160000,0.080000,0
1211,90.506000,90.426000,-0.080000,3,1,2.892268,2.917649,2.891638,5,0.160000,0.080000,0
1211,90.506000,90.426000,-0.080000,3,2,1.955486,1.960181,1.977729,5,0.160000,0.080000,0
1212,90.546000,90.466000,-0.080000,3,0,1.922243,1.928348,2.014500,5,0.160000,0.080000,0
1212,90.546000,90.466000,-0.080000,3,1,2.873314,2.828863,2.891649,5,0.160000,0.080000,0
1212,90.546000,90.466000,-0.080000,3,2,1.939679,1.973941,1.978020,5,0.160000,0.080000,0
1213,90.586000,90.506000,-0.080000,3,0,1.953749,2.063366,2.014138,5,0.160000,0.080000,0
1213,90.586000,90.506000,-0.080000,3,1,2.863999,2.905868,2.891635,5,0.160000,0.080000,0
1213,90.586000,90.506000,-0.080000,3,2,1.964926,1.999131,1.978305,5,0.160000,0.080000,0
1214,90.626000,90.546000,-0.080000,3,0,1.968936,1.914852,2.013799,5,0.160000,0.080000,0
1214,90.626000,90.546000,-0.080000,3,1,2.867997,2.891333,2.891598,5,0.160000,0.080000,0
1214,90.626000,90.546000,-0.080000,3,2,1.987081,2.034530,1.978570,5,0.160000,0.080000,0
1215,90.666000,90.586000,-0.080000,3,0,1.969786,1.930106,2.013464,5,0.160000,0.080000,0
1215,90.666000,90.586000,-0.080000,3,1,2.904125,2.976913,2.891540,5,0.160000,0.080000,0
1215,90.666000,90.586000,-0.080000,3,2,1.972461,1.894523,1.978831,5,0.160000,0.080000,0
1216,90.706000,90.626000,-0.080000,3,0,1.983667,2.081665,2.013117,5,0.160000,0.080000,0
1216,90.706000,90.626000,-0.080000,3,1,2.909056,2.942301,2.891456,5,0.160000,0.080000,0
1216,90.706000,90.626000,-0.080000,3,2,1.993054,2.063145,1.979105,5,0.160000,0.080000,0
1217,90.746000,90.666000,-0.080000,3,0,1.983625,1.928135,2.012775,5,0.160000,0.080000,0
1217,90.746000,90.666000,-0.080000,3,1,2.921798,2.892574,2.891351,5,0.160000,0.080000,0
1217,90.746000,90.666000,-0.080000,3,2,1.971844,1.867891,1.979378,5,0.160000,0.080000,0
1218,90.786000,90.706000,-0.080000,3,0,1.985125,2.070867,2.012438,5,0.160000,0.080000,0
1218,90.786000,90.706000,-0.080000,3,1,2.883569,2.714721,2.891229,5,0.160000,0.080000,0
1218,90.786000,90.706000,-0.080000,3,2,1.961983,1.949826,1.979653,5,0.160000,0.080000,0
1219,90.826000,90.746000,-0.080000,3,0,2.026421,2.121332,2.012108,5,0.160000,0.080000,0
1219,90.826000,90.746000,-0.080000,3,1,2.913147,3.039225,2.891093,5,0.160000,0.080000,0
1219,90.826000,90.746000,-0.080000,3,2,1.946505,1.957141,1.979930,5,0.160000,0.080000,0
1220,90.866000,90.786000,-0.080000,3,0,2.045122,2.023611,2.011788,5,0.160000,0.080000,0
1220,90.866000,90.786000,-0.080000,3,1,2.897045,2.896401,2.890948,5,0.160000,0.080000,0
1220,90.866000,90.786000,-0.080000,3,2,1.957720,1.950599,1.980209,5,0.160000,0.080000,0
1221,90.906000,90.826000,-0.080000,3,0,2.020770,1.959904,2.011478,5,0.160000,0.080000,0
1221,90.906000,90.826000,-0.080000,3,1,2.890771,2.910932,2.890796,5,0.160000,0.080000,0
1221,90.906000,90.826000,-0.080000,3,2,1.944131,1.995200,1.980488,5,0.160000,0.080000,0
1222,90.946000,90.866000,-0.080000,3,0,2.048814,2.068357,2.011197,5,0.160000,0.080000,0
1222,90.946000,90.866000,-0.080000,3,1,2.871507,2.796254,2.890645,5,0.160000,0.080000,0
1222,90.946000,90.866000,-0.080000,3,2,1.954244,1.918453,1.980754,5,0.160000,0.080000,0
1223,90.986000,90.906000,-0.080000,3,0,2.042571,2.039651,2.010674,5,0.160000,0.080000,0
1223,90.986000,90.906000,-0.080000,3,1,2.895839,2.836382,2.890331,5,0.160000,0.080000,0
1223,90.986000,90.906000,-0.080000,3,2,1.970003,2.028619,1.981290,5,0.160000,0.080000,0
1224,91.026000,90.946000,-0.080000,3,0,2.003579,1.926373,2.010421,5,0.160000,0.080000,0
1224,91.026000,90.946000,-0.080000,3,1,2.857034,2.845202,2.890162,5,0.160000,0.080000,0
1224,91.026000,90.946000,-0.080000,3,2,1.999815,2.106201,1.981577,5,0.160000,0.080000,0
1225,91.066000,90.986000,-0.080000,3,0,1.991784,1.964637,2.010172,5,0.160000,0.080000,0
1225,91.066000,90.986000,-0.080000,3,1,2.857807,2.900263,2.889983,5,0.160000,0.080000,0
1225,91.066000,90.986000,-0.080000,3,2,1.996500,1.934026,1.981884,5,0.160000,0.080000,0
1226,91.106000,91.026000,-0.080000,3,0,2.007871,2.040336,2.009951,5,0.160000,0.080000,0
1226,91.106000,91.026000,-0.080000,3,1,2.862690,2.935352,2.889812,5,0.160000,0.080000,0
1226,91.106000,91.026000,-0.080000,3,2,1.991366,1.969528,1.982183,5,0.160000,0.080000,0
1227,91.146000,91.066000,-0.080000,3,0,1.998921,2.023609,2.009755,5,0.160000,0.080000,0
1227,91.146000,91.066000,-0.080000,3,1,2.915556,3.060582,2.889649,5,0.160000,0.080000,0
1227,91.146000,91.066000,-0.080000,3,2,2.015604,2.039646,1.982473,5,0.160000,0.080000,0
1228,91.186000,91.106000,-0.080000,3,0,1.986894,1.979516,2.009560,5,0.160000,0.080000,0
1228,91.186000,91.106000,-0.080000,3,1,2.904125,2.779226,2.889475,5,0.160000,0.080000,0
1228,91.186000,91.106000,-0.080000,3,2,2.011744,2.009321,1.982786,5,0.160000,0.080000,0
1229,91.226000,91.146000,-0.080000,3,0,2.005320,2.018503,2.009374,5,0.160000,0.080000,0
1229,91.226000,91.146000,-0.080000,3,1,2.927626,2.962704,2.889293,5,0.160000,0.080000,0
1229,91.226000,91.146000,-0.080000,3,2,1.977461,1.934785,1.983104,5,0.160000,0.080000,0
1230,91.266000,91.186000,-0.080000,3,0,2.018152,2.028795,2.009202,5,0.160000,0.080000,0
1230,91.266000,91.186000,-0.080000,3,1,2.930866,2.916465,2.889113,5,0.160000,0.080000,0
1230,91.266000,91.186000,-0.080000,3,2,1.977547,1.934456,1.983408,5,0.160000,0.080000,0
1231,91.306000,91.226000,-0.080000,3,0,2.016455,2.031849,2.009022,5,0.160000,0.080000,0
1231,91.306000,91.226000,-0.080000,3,1,2.909858,2.830311,2.888910,5,0.160000,0.080000,0
1231,91.306000,91.226000,-0.080000,3,2,1.982058,1.992084,1.983730,5,0.160000,0.080000,0
1232,91.346000,91.266000,-0.080000,3,0,2.018962,2.036148,2.008801,5,0.160000,0.080000,0
1232,91.346000,91.266000,-0.080000,3,1,2.841283,2.717706,2.888645,5,0.160000,0.080000,0
1232,91.346000,91.266000,-0.080000,3,2,1.950929,1.883999,1.984117,5,0.160000,0.080000,0
1233,91.386000,91.306000,-0.080000,3,0,2.014275,1.956080,2.008618,5,0.160000,0.080000,0
1233,91.386000,91.306000,-0.080000,3,1,2.841946,2.782543,2.888407,5,0.160000,0.080000,0
1233,91.386000,91.306000,-0.080000,3,2,1.942377,1.966562,1.984431,5,0.160000,0.080000,0
1234,91.426000,91.346000,-0.080000,3,0,2.022210,2.058178,2.008444,5,0.160000,0.080000,0
1234,91.426000,91.346000,-0.080000,3,1,2.843879,2.972370,2.888163,5,0.160000,0.080000,0
1234,91.426000,91.346000,-0.080000,3,2,1.983568,2.140741,1.984722,5,0.160000,0.080000,0
1235,91.466000,91.386000,-0.080000,3,0,2.029144,2.063464,2.008263,5,0.160000,0.080000,0
1235,91.466000,91.386000,-0.080000,3,1,2.831967,2.856905,2.887885,5,0.160000,0.080000,0
1235,91.466000,91.386000,-0.080000,3,2,1.993601,1.984623,1.985020,5,0.160000,0.080000,0
1236,91.506000,91.426000,-0.080000,3,0,2.020858,1.990422,2.008085,5,0.160000,0.080000,0
1236,91.506000,91.426000,-0.080000,3,1,2.829939,2.820168,2.887585,5,0.160000,0.080000,0
1236,91.506000,91.426000,-0.080000,3,2,2.011250,2.080329,1.985306,5,0.160000,0.080000,0
1237,91.546000,91.466000,-0.080000,3,0,2.001723,1.940469,2.007912,5,0.160000,0.080000,0
1237,91.546000,91.466000,-0.080000,3,1,2.876372,2.949871,2.887262,5,0.160000,0.080000,0
1237,91.546000,91.466000,-0.080000,3,2,2.047260,2.064048,1.985581,5,0.160000,0.080000,0
1238,91.586000,91.506000,-0.080000,3,0,2.028086,2.087898,2.007744,5,0.160000,0.080000,0
1238,91.586000,91.506000,-0.080000,3,1,2.912610,2.963733,2.886915,5,0.160000,0.080000,0
1238,91.586000,91.506000,-0.080000,3,2,2.068190,2.071209,1.985844,5,0.160000,0.080000,0
1239,91.626000,91.546000,-0.080000,3,0,1.996900,1.902246,2.007580,5,0.160000,0.080000,0
1239,91.626000,91.546000,-0.080000,3,1,2.884095,2.829795,2.886546,5,0.160000,0.080000,0
1239,91.626000,91.546000,-0.080000,3,2,2.043007,2.014825,1.986098,5,0.160000,0.080000,0
1240,91.666000,91.586000,-0.080000,3,0,2.000148,2.079705,2.007417,5,0.160000,0.080000,0
1240,91.666000,91.586000,-0.080000,3,1,2.863504,2.753954,2.886156,5,0.160000,0.080000,0
1240,91.666000,91.586000,-0.080000,3,2,2.042606,1.982621,1.986344,5,0.160000,0.080000,0
1241,91.706000,91.626000,-0.080000,3,0,1.993867,1.959017,2.007252,5,0.160000,0.080000,0
1241,91.706000,91.626000,-0.080000,3,1,2.868787,2.846584,2.885747,5,0.160000,0.080000,0
1241,91.706000,91.626000,-0.080000,3,2,2.028668,2.010635,1.986584,5,0.160000,0.080000,0
1242,91.746000,91.666000,-0.080000,3,0,2.023010,2.086183,2.006925,5,0.160000,0.080000,0
1242,91.746000,91.666000,-0.080000,3,1,2.869259,2.952231,2.884929,5,0.160000,0.080000,0
1242,91.746000,91.666000,-0.080000,3,2,2.035219,2.096806,1.987039,5,0.160000,0.080000,0
1243,91.786000,91.706000,-0.080000,3,0,2.012050,2.033098,2.006916,5,0.160000,0.080000,0
1243,91.786000,91.706000,-0.080000,3,1,2.844807,2.841471,2.884906,5,0.160000,0.080000,0
1243,91.786000,91.706000,-0.080000,3,2,2.021181,2.001020,1.987052,5,0.160000,0.080000,0
1244,91.826000,91.746000,-0.080000,3,0,2.042428,2.054136,2.006551,5,0.160000,0.080000,0
1244,91.826000,91.746000,-0.080000,3,1,2.879235,3.001933,2.883972,5,0.160000,0.080000,0
1244,91.826000,91.746000,-0.080000,3,2,2.029119,2.054513,1.987559,5,0.160000,0.080000,0
1245,91.866000,91.786000,-0.080000,3,0,2.049951,2.117321,2.006381,5,0.160000,0.080000,0
1245,91.866000,91.786000,-0.080000,3,1,2.899037,2.852965,2.883506,5,0.160000,0.080000,0
1245,91.866000,91.786000,-0.080000,3,2,2.019419,1.934121,1.987814,5,0.160000,0.080000,0
1246,91.906000,91.826000,-0.080000,3,0,2.075929,2.088905,2.006232,5,0.160000,0.080000,0
1246,91.906000,91.826000,-0.080000,3,1,2.900980,2.856298,2.883060,5,0.160000,0.080000,0
1246,91.906000,91.826000,-0.080000,3,2,1.997056,1.898822,1.988058,5,0.160000,0.080000,0
1247,91.946000,91.866000,-0.080000,3,0,2.079949,2.106284,2.006093,5,0.160000,0.080000,0
1247,91.946000,91.866000,-0.080000,3,1,2.879938,2.847024,2.882587,5,0.160000,0.080000,0
1247,91.946000,91.866000,-0.080000,3,2,2.011752,2.170287,1.988315,5,0.160000,0.080000,0
1248,91.986000,91.906000,-0.080000,3,0,2.081455,2.040630,2.005976,5,0.160000,0.080000,0
1248,91.986000,91.906000,-0.080000,3,1,2.854821,2.715884,2.882113,5,0.160000,0.080000,0
1248,91.986000,91.906000,-0.080000,3,2,2.001833,1.951423,1.988568,5,0.160000,0.080000,0
1249,92.026000,91.946000,-0.080000,3,0,2.104092,2.167321,2.005884,5,0.160000,0.080000,0
1249,92.026000,91.946000,-0.080000,3,1,2.827110,2.863377,2.881662,5,0.160000,0.080000,0
1249,92.026000,91.946000,-0.080000,3,2,1.980569,1.948190,1.988801,5,0.160000,0.080000,0
1250,92.066000,91.986000,-0.080000,3,0,2.103793,2.115824,2.005806,5,0.160000,0.080000,0
1250,92.066000,91.986000,-0.080000,3,1,2.843129,2.933061,2.881210,5,0.160000,0.080000,0
1250,92.066000,91.986000,-0.080000,3,2,1.996745,2.015005,1.989025,5,0.160000,0.080000,0
1251,92.106000,92.026000,-0.080000,3,0,2.106270,2.101292,2.005735,5,0.160000,0.080000,0
1251,92.106000,92.026000,-0.080000,3,1,2.843960,2.860453,2.880731,5,0.160000,0.080000,0
1251,92.106000,92.026000,-0.080000,3,2,2.043691,2.133550,1.989249,5,0.160000,0.080000,0
1252,92.146000,92.066000,-0.080000,3,0,2.130374,2.226801,2.005669,5,0.160000,0.080000,0
1252,92.146000,92.066000,-0.080000,3,1,2.864274,2.948595,2.880250,5,0.160000,0.080000,0
1252,92.146000,92.066000,-0.080000,3,2,1.998471,1.944186,1.989463,5,0.160000,0.080000,0
1253,92.186000,92.106000,-0.080000,3,0,2.121877,1.998147,2.005603,5,0.160000,0.080000,0
1253,92.186000,92.106000,-0.080000,3,1,2.919195,2.990488,2.879767,5,0.160000,0.080000,0
1253,92.186000,92.106000,-0.080000,3,2,2.020294,2.060541,1.989666,5,0.160000,0.080000,0
1254,92.226000,92.146000,-0.080000,3,0,2.109032,2.103094,2.005539,5,0.160000,0.080000,0
1254,92.226000,92.146000,-0.080000,3,1,2.900255,2.768675,2.879306,5,0.160000,0.080000,0
1254,92.226000,92.146000,-0.080000,3,2,2.049685,2.095144,1.989851,5,0.160000,0.080000,0
1255,92.266000,92.186000,-0.080000,3,0,2.098028,2.060805,2.005467,5,0.160000,0.080000,0
1255,92.266000,92.186000,-0.080000,3,1,2.917535,3.019465,2.878814,5,0.160000,0.080000,0
1255,92.266000,92.186000,-0.080000,3,2,2.047083,2.001993,1.990043,5,0.160000,0.080000,0
1256,92.306000,92.226000,-0.080000,3,1,2.937053,2.958042,2.878316,5,0.160000,0.080000,0
1256,92.306000,92.226000,-0.080000,3,2,1.989532,1.845796,1.990235,5,0.160000,0.080000,0
1257,92.346000,92.234000,-0.112000,3,0,2.104233,2.132316,2.005249,5,0.200000,0.112000,0
1257,92.346000,92.266000,-0.080000,3,1,2.941707,2.971866,2.877356,5,0.160000,0.080000,0
1257,92.346000,92.266000,-0.080000,3,2,2.036243,2.177743,1.990604,5,0.160000,0.080000,0
1258,92.386000,92.282000,-0.104000,3,0,2.056851,1.989892,2.005175,5,0.200000,0.104000,0
1258,92.386000,92.306000,-0.080000,3,1,2.911168,2.837790,2.876816,5,0.160000,0.080000,0
1258,92.386000,92.306000,-0.080000,3,2,2.031350,2.036072,1.990816,5,0.160000,0.080000,0
1259,92.426000,92.330000,-0.096000,3,0,2.071201,2.069897,2.005111,5,0.200000,0.096000,0
1259,92.426000,92.346000,-0.080000,3,1,2.900623,2.715951,2.876301,5,0.160000,0.080000,0
1259,92.426000,92.346000,-0.080000,3,2,1.987692,1.876858,1.991022,5,0.160000,0.080000,0
1260,92.466000,92.378000,-0.088000,3,0,2.048072,1.987450,2.005054,5,0.200000,0.088000,0
1260,92.466000,92.386000,-0.080000,3,1,2.882621,2.929457,2.875786,5,0.160000,0.080000,0
1260,92.466000,92.386000,-0.080000,3,2,2.007199,2.099527,1.991232,5,0.160000,0.080000,0
1261,92.506000,92.426000,-0.080000,3,0,2.050027,2.070579,2.005008,5,0.160000,0.080000,0
1261,92.506000,92.426000,-0.080000,3,1,2.874486,2.917364,2.875299,5,0.160000,0.080000,0
1261,92.506000,92.426000,-0.080000,3,2,2.043966,2.029630,1.991435,5,0.160000,0.080000,0
1262,92.546000,92.466000,-0.080000,3,0,2.007084,1.917602,2.004963,5,0.160000,0.080000,0
1262,92.546000,92.466000,-0.080000,3,1,2.859575,2.897315,2.874783,5,0.160000,0.080000,0
1262,92.546000,92.466000,-0.080000,3,2,2.037076,2.143295,1.991652,5,0.160000,0.080000,0
1263,92.586000,92.506000,-0.080000,3,0,2.020291,2.055928,2.004920,5,0.160000,0.080000,0
1263,92.586000,92.506000,-0.080000,3,1,2.857845,2.829139,2.874264,5,0.160000,0.080000,0
1263,92.586000,92.506000,-0.080000,3,2,2.031668,2.009031,1.991872,5,0.160000,0.080000,0
1264,92.626000,92.546000,-0.080000,3,0,2.013370,2.035288,2.004875,5,0.160000,0.080000,0
1264,92.626000,92.546000,-0.080000,3,1,2.876976,2.811606,2.873739,5,0.160000,0.080000,0
1264,92.626000,92.546000,-0.080000,3,2,2.060853,2.022781,1.992096,5,0.160000,0.080000,0
1265,92.666000,92.586000,-0.080000,3,0,1.991554,1.878375,2.004825,5,0.160000,0.080000,0
1265,92.666000,92.586000,-0.080000,3,1,2.870353,2.896340,2.873206,5,0.160000,0.080000,0
1265,92.666000,92.586000,-0.080000,3,2,2.058973,2.090130,1.992323,5,0.160000,0.080000,0
1266,92.706000,92.626000,-0.080000,3,0,1.969405,1.959834,2.004770,5,0.160000,0.080000,0
1266,92.706000,92.626000,-0.080000,3,1,2.866546,2.898330,2.872662,5,0.160000,0.080000,0
1266,92.706000,92.626000,-0.080000,3,2,2.035807,1.913796,1.992555,5,0.160000,0.080000,0
1267,92.746000,92.666000,-0.080000,3,0,2.007769,2.109421,2.004708,5,0.160000,0.080000,0
1267,92.746000,92.666000,-0.080000,3,1,2.859855,2.863860,2.872106,5,0.160000,0.080000,0
1267,92.746000,92.666000,-0.080000,3,2,2.000912,1.968823,1.992790,5,0.160000,0.080000,0
1268,92.786000,92.706000,-0.080000,3,0,1.981567,1.924919,2.004643,5,0.160000,0.080000,0
1268,92.786000,92.706000,-0.080000,3,1,2.865613,2.857927,2.871568,5,0.160000,0.080000,0
1268,92.786000,92.706000,-0.080000,3,2,1.981508,1.912011,1.993016,5,0.160000,0.080000,0
1269,92.826000,92.746000,-0.080000,3,0,1.964491,1.949905,2.004570,5,0.160000,0.080000,0
1269,92.826000,92.746000,-0.080000,3,1,2.873651,2.851796,2.870991,5,0.160000,0.080000,0
1269,92.826000,92.746000,-0.080000,3,2,1.986367,2.047075,1.993259,5,0.160000,0.080000,0
1270,92.866000,92.786000,-0.080000,3,0,1.969764,1.904743,2.004494,5,0.160000,0.080000,0
1270,92.866000,92.786000,-0.080000,3,1,2.886102,2.958594,2.870409,5,0.160000,0.080000,0
1270,92.866000,92.786000,-0.080000,3,2,1.973849,2.027540,1.993504,5,0.160000,0.080000,0
1271,92.906000,92.826000,-0.080000,3,0,1.973620,1.979111,2.004411,5,0.160000,0.080000,0
1271,92.906000,92.826000,-0.080000,3,1,2.871080,2.823223,2.869851,5,0.160000,0.080000,0
1271,92.906000,92.826000,-0.080000,3,2,1.984156,1.965330,1.993731,5,0.160000,0.080000,0
1272,92.946000,92.866000,-0.080000,3,0,1.942165,1.952147,2.004290,5,0.160000,0.080000,0
1272,92.946000,92.866000,-0.080000,3,1,2.862665,2.821786,2.869232,5,0.160000,0.080000,0
1272,92.946000,92.866000,-0.080000,3,2,1.999786,2.046976,1.993945,5,0.160000,0.080000,0
1273,92.986000,92.906000,-0.080000,3,0,1.949884,1.963511,2.003828,5,0.160000,0.080000,0
1273,92.986000,92.906000,-0.080000,3,1,2.850504,2.797119,2.867778,5,0.160000,0.080000,0
1273,92.986000,92.906000,-0.080000,3,2,2.019822,2.012192,1.994147,5,0.160000,0.080000,0
1274,93.026000,92.946000,-0.080000,3,0,1.945844,1.929709,2.003386,5,0.160000,0.080000,0
1274,93.026000,92.946000,-0.080000,3,1,2.840494,2.801746,2.866779,5,0.160000,0.080000,0
1274,93.026000,92.946000,-0.080000,3,2,2.021826,2.057095,1.994046,5,0.160000,0.080000,0
1275,93.066000,92.986000,-0.080000,3,0,1.981960,2.085321,2.002781,5,0.160000,0.080000,0
1275,93.066000,92.986000,-0.080000,3,1,2.837473,2.943492,2.865586,5,0.160000,0.080000,0
1275,93.066000,92.986000,-0.080000,3,2,2.030690,2.071857,1.993755,5,0.160000,0.080000,0
1276,93.106000,93.026000,-0.080000,3,0,1.986536,2.001992,2.001896,5,0.160000,0.080000,0
1276,93.106000,93.026000,-0.080000,3,1,2.823284,2.752275,2.863988,5,0.160000,0.080000,0
1276,93.106000,93.026000,-0.080000,3,2,2.038984,2.006801,1.993188,5,0.160000,0.080000,0
1277,93.146000,93.066000,-0.080000,3,0,2.005225,2.045590,2.000714,5,0.160000,0.080000,0
1277,93.146000,93.066000,-0.080000,3,1,2.818238,2.796558,2.861972,5,0.160000,0.080000,0
1277,93.146000,93.066000,-0.080000,3,2,2.028874,1.996427,1.992300,5,0.160000,0.080000,0
1278,93.186000,93.106000,-0.080000,3,0,2.016731,2.021042,1.999189,5,0.160000,0.080000,0
1278,93.186000,93.106000,-0.080000,3,1,2.828204,2.846947,2.859468,5,0.160000,0.080000,0
1278,93.186000,93.106000,-0.080000,3,2,2.041907,2.077355,1.991044,5,0.160000,0.080000,0
1279,93.226000,93.146000,-0.080000,3,0,2.055809,2.125100,1.997284,5,0.160000,0.080000,0
1279,93.226000,93.146000,-0.080000,3,1,2.830244,2.811950,2.856417,5,0.160000,0.080000,0
1279,93.226000,93.146000,-0.080000,3,2,2.025213,1.973626,1.989383,5,0.160000,0.080000,0
1280,93.266000,93.186000,-0.080000,3,0,2.064424,2.128397,1.994966,5,0.160000,0.080000,0
1280,93.266000,93.186000,-0.080000,3,1,2.821730,2.900922,2.852770,5,0.160000,0.080000,0
1280,93.266000,93.186000,-0.080000,3,2,2.018437,2.037974,1.987286,5,0.160000,0.080000,0
1281,93.306000,93.226000,-0.080000,3,0,2.070600,2.032873,1.992206,5,0.160000,0.080000,0
1281,93.306000,93.226000,-0.080000,3,1,2.827535,2.781300,2.848484,5,0.160000,0.080000,0
1281,93.306000,93.226000,-0.080000,3,2,1.985804,1.843640,1.984725,5,0.160000,0.080000,0
1282,93.346000,93.266000,-0.080000,3,0,2.091505,2.150115,1.988983,5,0.160000,0.080000,0
1282,93.346000,93.266000,-0.080000,3,1,2.826283,2.790298,2.843524,5,0.160000,0.080000,0
1282,93.346000,93.266000,-0.080000,3,2,1.966527,1.900041,1.981678,5,0.160000,0.080000,0
1283,93.386000,93.306000,-0.080000,3,0,2.121138,2.169207,1.985486,5,0.160000,0.080000,0
1283,93.386000,93.306000,-0.080000,3,1,2.823199,2.831527,2.838176,5,0.160000,0.080000,0
1283,93.386000,93.306000,-0.080000,3,2,1.940553,1.947481,1.978322,5,0.160000,0.080000,0
1284,93.426000,93.346000,-0.080000,3,0,2.072821,1.883515,1.981310,5,0.160000,0.080000,0
1284,93.426000,93.346000,-0.080000,3,1,2.824996,2.820934,2.831819,5,0.160000,0.080000,0
1284,93.426000,93.346000,-0.080000,3,2,1.943332,1.987522,1.974266,5,0.160000,0.080000,0
1285,93.466000,93.386000,-0.080000,3,0,2.069671,2.112645,1.976625,5,0.160000,0.080000,0
1285,93.466000,93.386000,-0.080000,3,1,2.806390,2.807891,2.824709,5,0.160000,0.080000,0
1285,93.466000,93.386000,-0.080000,3,2,1.918862,1.915624,1.969663,5,0.160000,0.080000,0
1286,93.506000,93.426000,-0.080000,3,0,2.077399,2.071516,1.971419,5,0.160000,0.080000,0
1286,93.506000,93.426000,-0.080000,3,1,2.821857,2.858634,2.816824,5,0.160000,0.080000,0
1286,93.506000,93.426000,-0.080000,3,2,1.915231,1.825490,1.964496,5,0.160000,0.080000,0
1287,93.546000,93.466000,-0.080000,3,0,2.056447,2.045351,1.965683,5,0.160000,0.080000,0
1287,93.546000,93.466000,-0.080000,3,1,2.847234,2.917186,2.808149,5,0.160000,0.080000,0
1287,93.546000,93.466000,-0.080000,3,2,1.922618,1.936973,1.958752,5,0.160000,0.080000,0
1288,93.586000,93.506000,-0.080000,3,0,1.998013,1.877040,1.953322,5,0.160000,0.080000,0
1288,93.586000,93.506000,-0.080000,3,1,2.852117,2.855940,2.789482,5,0.160000,0.080000,0
1288,93.586000,93.506000,-0.080000,3,2,1.915268,1.910730,1.946231,5,0.160000,0.080000,0
1289,93.626000,93.546000,-0.080000,3,0,2.030530,2.046098,1.945994,5,0.160000,0.080000,0
1289,93.626000,93.546000,-0.080000,3,1,2.850147,2.811083,2.778426,5,0.160000,0.080000,0
1289,93.626000,93.546000,-0.080000,3,2,1.892577,1.874067,1.938737,5,0.160000,0.080000,0
1290,93.666000,93.586000,-0.080000,3,0,2.000316,1.961574,1.938530,5,0.160000,0.080000,0
1290,93.666000,93.586000,-0.080000,3,1,2.824903,2.681674,2.767168,5,0.160000,0.080000,0
1290,93.666000,93.586000,-0.080000,3,2,1.920954,2.057511,1.931063,5,0.160000,0.080000,0
1291,93.708000,93.626400,-0.081600,3,0,1.972791,1.933891,1.930093,5,0.162000,0.081600,0
1291,93.708000,93.626400,-0.081600,3,1,2.804536,2.756796,2.754445,5,0.162000,0.081600,0
1291,93.708000,93.626400,-0.081600,3,2,1.962931,2.035375,1.922352,5,0.162000,0.081600,0
1292,93.746000,93.666400,-0.079600,3,0,1.948957,1.926182,1.921079,5,0.160000,0.079600,0
1292,93.746000,93.666400,-0.079600,3,1,2.769911,2.744064,2.740854,5,0.160000,0.079600,0
1292,93.746000,93.666400,-0.079600,3,2,1.962060,1.932617,1.913010,5,0.160000,0.079600,0
1293,93.786000,93.706400,-0.079600,3,0,1.979862,2.031566,1.911487,5,0.160000,0.079600,0
1293,93.786000,93.706400,-0.079600,3,1,2.750475,2.758758,2.726389,5,0.160000,0.079600,0
1293,93.786000,93.706400,-0.079600,3,2,1.955668,1.878771,1.903033,5,0.160000,0.079600,0
1294,93.826000,93.746400,-0.079600,3,0,1.959031,1.941944,1.901320,5,0.160000,0.079600,0
1294,93.826000,93.746400,-0.079600,3,1,2.717594,2.646679,2.711055,5,0.160000,0.079600,0
1294,93.826000,93.746400,-0.079600,3,2,1.967979,1.935623,1.892422,5,0.160000,0.079600,0
1295,93.866000,93.786400,-0.079600,3,0,1.937377,1.853301,1.891162,5,0.158000,0.079600,0
1295,93.866000,93.786400,-0.079600,3,1,2.730802,2.747712,2.695734,5,0.158000,0.079600,0
1295,93.866000,93.786400,-0.079600,3,2,1.942415,1.929690,1.881790,5,0.158000,0.079600,0
1296,93.906000,93.826000,-0.080000,3,0,1.914645,1.820230,1.879904,5,0.160000,0.080000,0
1296,93.906000,93.826000,-0.080000,3,1,2.707042,2.637995,2.678751,5,0.160000,0.080000,0
1296,93.906000,93.826000,-0.080000,3,2,1.901940,1.833000,1.869971,5,0.160000,0.080000,0
1297,93.946000,93.866000,-0.080000,3,0,1.904491,1.875412,1.868755,5,0.160000,0.080000,0
1297,93.946000,93.866000,-0.080000,3,1,2.709561,2.756660,2.661931,5,0.160000,0.080000,0
1297,93.946000,93.866000,-0.080000,3,2,1.905210,1.948965,1.858239,5,0.160000,0.080000,0
1298,93.986000,93.906000,-0.080000,3,0,1.848742,1.752820,1.857173,5,0.160000,0.080000,0
1298,93.986000,93.906000,-0.080000,3,2,1.926649,1.985967,1.846023,5,0.160000,0.080000,0
1299,94.026000,93.946000,-0.080000,3,0,1.841189,1.904182,1.844520,5,0.160000,0.080000,0
1299,94.026000,93.914000,-0.112000,3,1,2.678925,2.605581,2.625366,5,0.200000,0.112000,0
1299,94.026000,93.946000,-0.080000,3,2,1.919863,1.901691,1.832656,5,0.160000,0.080000,0
1300,94.066000,93.986000,-0.080000,3,0,1.819040,1.742556,1.831484,5,0.160000,0.080000,0
1300,94.066000,93.962000,-0.104000,3,1,2.684520,2.674651,2.605699,5,0.200000,0.104000,0
1300,94.066000,93.986000,-0.080000,3,2,1.886368,1.762217,1.818862,5,0.160000,0.080000,0
1301,94.106000,94.026000,-0.080000,3,0,1.818800,1.819031,1.805937,5,0.160000,0.080000,0
1301,94.106000,94.010000,-0.096000,3,1,2.672604,2.688133,2.567150,5,0.200000,0.096000,0
1301,94.106000,94.026000,-0.080000,3,2,1.922108,2.011699,1.791785,5,0.160000,0.080000,0
1302,94.146000,94.066000,-0.080000,3,0,1.809927,1.831047,1.792847,5,0.160000,0.080000,0
1302,94.146000,94.058000,-0.088000,3,1,2.645971,2.504832,2.547387,5,0.200000,0.088000,0
1302,94.146000,94.066000,-0.080000,3,2,1.900896,1.842905,1.777889,5,0.160000,0.080000,0
1303,94.186000,94.106000,-0.080000,3,0,1.815225,1.779307,1.778866,5,0.160000,0.080000,0
1303,94.186000,94.106000,-0.080000,3,1,2.579791,2.425756,2.526267,5,0.160000,0.080000,0
1303,94.186000,94.106000,-0.080000,3,2,1.878508,1.874026,1.763036,5,0.160000,0.080000,0
1304,94.226000,94.146000,-0.080000,3,0,1.771533,1.685726,1.764764,5,0.160000,0.080000,0
1304,94.226000,94.146000,-0.080000,3,1,2.562270,2.517978,2.504946,5,0.160000,0.080000,0
1304,94.226000,94.146000,-0.080000,3,2,1.870726,1.862782,1.748041,5,0.160000,0.080000,0
1305,94.266000,94.186000,-0.080000,3,0,1.751465,1.642212,1.750584,5,0.160000,0.080000,0
1305,94.266000,94.186000,-0.080000,3,1,2.500521,2.365906,2.483486,5,0.160000,0.080000,0
1305,94.266000,94.186000,-0.080000,3,2,1.872829,1.772732,1.732951,5,0.160000,0.080000,0
1306,94.306000,94.226000,-0.080000,3,0,1.712203,1.622725,1.736364,5,0.160000,0.080000,0
1306,94.306000,94.226000,-0.080000,3,1,2.460571,2.488386,2.461945,5,0.160000,0.080000,0
1306,94.306000,94.226000,-0.080000,3,2,1.817811,1.736610,1.717808,5,0.160000,0.080000,0
1307,94.346000,94.266000,-0.080000,3,0,1.643999,1.490025,1.722139,5,0.160000,0.080000,0
1307,94.346000,94.266000,-0.080000,3,1,2.455490,2.479425,2.440375,5,0.160000,0.080000,0
1307,94.346000,94.266000,-0.080000,3,2,1.790976,1.708729,1.702651,5,0.160000,0.080000,0
1308,94.386000,94.306000,-0.080000,3,0,1.633941,1.729019,1.707942,5,0.160000,0.080000,0
1308,94.386000,94.306000,-0.080000,3,1,2.430384,2.300225,2.418826,5,0.160000,0.080000,0
1308,94.386000,94.306000,-0.080000,3,2,1.761323,1.725759,1.687516,5,0.160000,0.080000,0
1309,94.426000,94.346000,-0.080000,3,0,1.622023,1.626134,1.694548,5,0.160000,0.080000,0
1309,94.426000,94.346000,-0.080000,3,1,2.385578,2.293947,2.398473,5,0.160000,0.080000,0
1309,94.426000,94.346000,-0.080000,3,2,1.715379,1.633067,1.673229,5,0.160000,0.080000,0
1310,94.466000,94.386000,-0.080000,3,0,1.611426,1.589225,1.681234,5,0.160000,0.080000,0
1310,94.466000,94.386000,-0.080000,3,1,2.394376,2.409894,2.378222,5,0.160000,0.080000,0
1310,94.466000,94.386000,-0.080000,3,2,1.672600,1.558835,1.659022,5,0.160000,0.080000,0
1311,94.506000,94.426000,-0.080000,3,0,1.604651,1.588852,1.667293,5,0.160000,0.080000,0
1311,94.506000,94.426000,-0.080000,3,1,2.398528,2.509148,2.356997,5,0.160000,0.080000,0
1311,94.506000,94.426000,-0.080000,3,2,1.642273,1.584972,1.644145,5,0.160000,0.080000,0
1312,94.546000,94.466000,-0.080000,3,0,1.641731,1.675426,1.654221,5,0.160000,0.080000,0
1312,94.546000,94.466000,-0.080000,3,1,2.338494,2.179256,2.337070,5,0.160000,0.080000,0
1312,94.546000,94.466000,-0.080000,3,2,1.629382,1.644276,1.630190,5,0.160000,0.080000,0
1313,94.586000,94.506000,-0.080000,3,0,1.645997,1.750346,1.640591,5,0.160000,0.080000,0
1313,94.586000,94.506000,-0.080000,3,1,2.331717,2.266342,2.316269,5,0.160000,0.080000,0
1313,94.586000,94.506000,-0.080000,3,2,1.612371,1.640704,1.615636,5,0.160000,0.080000,0
1314,94.626000,94.546000,-0.080000,3,0,1.650505,1.648673,1.627161,5,0.160000,0.080000,0
1314,94.626000,94.546000,-0.080000,3,1,2.324199,2.256355,2.295748,5,0.160000,0.080000,0
1314,94.626000,94.546000,-0.080000,3,2,1.590892,1.525671,1.601295,5,0.160000,0.080000,0
1315,94.666000,94.586000,-0.080000,3,0,1.662320,1.648304,1.601686,5,0.160000,0.080000,0
1315,94.666000,94.586000,-0.080000,3,1,2.293801,2.257904,2.256746,5,0.160000,0.080000,0
1315,94.666000,94.586000,-0.080000,3,2,1.613101,1.669884,1.574086,5,0.160000,0.080000,0
1316,94.706000,94.626000,-0.080000,3,0,1.700460,1.779548,1.589009,5,0.160000,0.080000,0
1316,94.706000,94.626000,-0.080000,3,1,2.278618,2.433232,2.237293,5,0.160000,0.080000,0
1316,94.706000,94.626000,-0.080000,3,2,1.618950,1.614217,1.560542,5,0.160000,0.080000,0
1317,94.746000,94.666000,-0.080000,3,0,1.674117,1.543714,1.576645,5,0.160000,0.080000,0
1317,94.746000,94.666000,-0.080000,3,1,2.264515,2.108740,2.218283,5,0.160000,0.080000,0
1317,94.746000,94.666000,-0.080000,3,2,1.581234,1.455697,1.547328,5,0.160000,0.080000,0
1318,94.786000,94.706000,-0.080000,3,0,1.632604,1.542781,1.565246,5,0.160000,0.080000,0
1318,94.786000,94.706000,-0.080000,3,1,2.231649,2.102012,2.200719,5,0.160000,0.080000,0
1318,94.786000,94.706000,-0.080000,3,2,1.554650,1.507781,1.535141,5,0.160000,0.080000,0
1319,94.826000,94.746000,-0.080000,3,0,1.636025,1.665779,1.553570,5,0.160000,0.080000,0
1319,94.826000,94.746000,-0.080000,3,1,2.209013,2.143176,2.182685,5,0.160000,0.080000,0
1319,94.826000,94.746000,-0.080000,3,2,1.550659,1.505719,1.522654,5,0.160000,0.080000,0
1320,94.866000,94.786000,-0.080000,3,0,1.639191,1.664131,1.542284,5,0.160000,0.080000,0
1320,94.866000,94.786000,-0.080000,3,1,2.181187,2.118778,2.165205,5,0.160000,0.080000,0
1320,94.866000,94.786000,-0.080000,3,2,1.504245,1.437811,1.510583,5,0.160000,0.080000,0
1321,94.906000,94.826000,-0.080000,3,0,1.599712,1.582157,1.531971,5,0.160000,0.080000,0
1321,94.906000,94.826000,-0.080000,3,1,2.130694,2.180763,2.149187,5,0.160000,0.080000,0
1321,94.906000,94.826000,-0.080000,3,2,1.487040,1.528194,1.499558,5,0.160000,0.080000,0
1322,94.946000,94.866000,-0.080000,3,0,1.621553,1.652918,1.521501,5,0.160000,0.080000,0
1322,94.946000,94.866000,-0.080000,3,1,2.136967,2.140105,2.132886,5,0.160000,0.080000,0
1322,94.946000,94.866000,-0.080000,3,2,1.501961,1.530300,1.488377,5,0.160000,0.080000,0
1323,94.986000,94.906000,-0.080000,3,0,1.638126,1.625643,1.511477,5,0.160000,0.080000,0
1323,94.986000,94.906000,-0.080000,3,1,2.159282,2.213590,2.117240,5,0.160000,0.080000,0
1323,94.986000,94.906000,-0.080000,3,2,1.494381,1.469880,1.477691,5,0.160000,0.080000,0
1324,95.026000,94.946000,-0.080000,3,0,1.603141,1.490856,1.501914,5,0.160000,0.080000,0
1324,95.026000,94.946000,-0.080000,3,1,2.140482,2.049176,2.102280,5,0.160000,0.080000,0
1324,95.026000,94.946000,-0.080000,3,2,1.489210,1.479865,1.467524,5,0.160000,0.080000,0
1325,95.066000,94.986000,-0.080000,3,0,1.586231,1.579579,1.493297,5,0.160000,0.080000,0
1325,95.066000,94.986000,-0.080000,3,1,2.144679,2.139762,2.088769,5,0.160000,0.080000,0
1325,95.066000,94.986000,-0.080000,3,2,1.481305,1.398287,1.458388,5,0.160000,0.080000,0
1326,95.106000,95.026000,-0.080000,3,0,1.544130,1.371652,1.485125,5,0.160000,0.080000,0
1326,95.106000,95.026000,-0.080000,3,1,2.131140,2.113068,2.075927,5,0.160000,0.080000,0
1326,95.106000,95.026000,-0.080000,3,2,1.475896,1.501149,1.449751,5,0.160000,0.080000,0
1327,95.146000,95.066000,-0.080000,3,0,1.517627,1.520403,1.476998,5,0.160000,0.080000,0
1327,95.146000,95.066000,-0.080000,3,1,2.130622,2.137514,2.063121,5,0.160000,0.080000,0
1327,95.146000,95.066000,-0.080000,3,2,1.458711,1.444376,1.441189,5,0.160000,0.080000,0
1328,95.186000,95.106000,-0.080000,3,0,1.498440,1.529711,1.469398,5,0.160000,0.080000,0
1328,95.186000,95.106000,-0.080000,3,1,2.115283,2.136897,2.051110,5,0.160000,0.080000,0
1328,95.186000,95.106000,-0.080000,3,2,1.455104,1.451841,1.433214,5,0.160000,0.080000,0
1329,95.226000,95.146000,-0.080000,3,0,1.468165,1.339482,1.456174,5,0.160000,0.080000,0
1329,95.226000,95.146000,-0.080000,3,1,2.139581,2.170665,2.030095,5,0.160000,0.080000,0
1329,95.226000,95.146000,-0.080000,3,2,1.425230,1.330497,1.419427,5,0.160000,0.080000,0
1330,95.266000,95.186000,-0.080000,3,0,1.450203,1.489765,1.450220,5,0.160000,0.080000,0
1330,95.266000,95.186000,-0.080000,3,1,2.104099,1.962350,2.020571,5,0.160000,0.080000,0
1330,95.266000,95.186000,-0.080000,3,2,1.447493,1.509600,1.413275,5,0.160000,0.080000,0
1331,95.306000,95.226000,-0.080000,3,0,1.472054,1.480909,1.444849,5,0.160000,0.080000,0
1331,95.306000,95.226000,-0.080000,3,1,2.096253,2.073840,2.011938,5,0.160000,0.080000,0
1331,95.306000,95.226000,-0.080000,3,2,1.421537,1.371372,1.407779,5,0.160000,0.080000,0
1332,95.346000,95.266000,-0.080000,3,0,1.461956,1.469915,1.440072,5,0.160000,0.080000,0
1332,95.346000,95.266000,-0.080000,3,1,2.076944,2.040967,2.004220,5,0.160000,0.080000,0
1332,95.346000,95.266000,-0.080000,3,2,1.400154,1.337456,1.402953,5,0.160000,0.080000,0
1333,95.386000,95.306000,-0.080000,3,0,1.455064,1.495248,1.435902,5,0.160000,0.080000,0
1333,95.386000,95.306000,-0.080000,3,1,2.092133,2.212842,1.997438,5,0.160000,0.080000,0
1333,95.386000,95.306000,-0.080000,3,2,1.390216,1.402153,1.398815,5,0.160000,0.080000,0
1334,95.426000,95.346000,-0.080000,3,0,1.446105,1.294686,1.432346,5,0.160000,0.080000,0
1334,95.426000,95.346000,-0.080000,3,1,2.038010,1.900050,1.991614,5,0.160000,0.080000,0
1334,95.426000,95.346000,-0.080000,3,2,1.386660,1.312718,1.395377,5,0.160000,0.080000,0
1335,95.466000,95.386000,-0.080000,3,0,1.439260,1.455543,1.429415,5,0.160000,0.080000,0
1335,95.466000,95.386000,-0.080000,3,1,2.032369,1.934145,1.986765,5,0.160000,0.080000,0
1335,95.466000,95.386000,-0.080000,3,2,1.368594,1.419272,1.392651,5,0.160000,0.080000,0
1336,95.506000,95.426000,-0.080000,3,0,1.434885,1.459033,1.427120,5,0.160000,0.080000,0
1336,95.506000,95.426000,-0.080000,3,1,2.030283,2.063409,1.982911,5,0.160000,0.080000,0
1336,95.506000,95.426000,-0.080000,3,2,1.345574,1.256270,1.390645,5,0.160000,0.080000,0
1337,95.546000,95.466000,-0.080000,3,0,1.424092,1.415950,1.425470,5,0.160000,0.080000,0
1337,95.546000,95.466000,-0.080000,3,1,1.980633,1.792721,1.980067,5,0.160000,0.080000,0
1337,95.546000,95.466000,-0.080000,3,2,1.365284,1.436005,1.389368,5,0.160000,0.080000,0
1338,95.586000,95.506000,-0.080000,3,0,1.429958,1.524578,1.424475,5,0.160000,0.080000,0
1338,95.586000,95.506000,-0.080000,3,1,1.921257,1.915961,1.978247,5,0.160000,0.080000,0
1338,95.586000,95.506000,-0.080000,3,2,1.372241,1.436942,1.388826,5,0.160000,0.080000,0
1339,95.626000,95.546000,-0.080000,3,0,1.417157,1.230680,1.424143,5,0.160000,0.080000,0
1339,95.626000,95.546000,-0.080000,3,1,1.914812,1.867824,1.977461,5,0.160000,0.080000,0
1339,95.626000,95.546000,-0.080000,3,2,1.420383,1.553424,1.389024,5,0.160000,0.080000,0
1340,95.666000,95.586000,-0.080000,3,0,1.408536,1.412440,1.424482,5,0.160000,0.080000,0
1340,95.666000,95.586000,-0.080000,3,1,1.902755,1.873859,1.977716,5,0.160000,0.080000,0
1340,95.666000,95.586000,-0.080000,3,2,1.413962,1.387169,1.389967,5,0.160000,0.080000,0
1341,95.706000,95.626000,-0.080000,3,0,1.396899,1.400847,1.425495,5,0.160000,0.080000,0
1341,95.706000,95.626000,-0.080000,3,1,1.872250,1.910886,1.979017,5,0.160000,0.080000,0
1341,95.706000,95.626000,-0.080000,3,2,1.468266,1.527789,1.391656,5,0.160000,0.080000,0
1342,95.746000,95.666000,-0.080000,3,0,1.416780,1.515352,1.427185,5,0.160000,0.080000,0
1342,95.746000,95.666000,-0.080000,3,1,1.928368,2.073309,1.981362,5,0.160000,0.080000,0
1342,95.746000,95.666000,-0.080000,3,2,1.449007,1.339708,1.394093,5,0.160000,0.080000,0
1343,95.786000,95.706000,-0.080000,3,0,1.396866,1.425009,1.429551,5,0.160000,0.080000,0
1343,95.786000,95.706000,-0.080000,3,1,1.950430,2.026270,1.984747,5,0.160000,0.080000,0
1343,95.786000,95.706000,-0.080000,3,2,1.444564,1.414731,1.397273,5,0.160000,0.080000,0
1344,95.826000,95.746000,-0.080000,3,0,1.417255,1.332628,1.432589,5,0.160000,0.080000,0
1344,95.826000,95.746000,-0.080000,3,1,1.977490,2.003126,1.989164,5,0.160000,0.080000,0
1344,95.826000,95.746000,-0.080000,3,2,1.402797,1.344587,1.401192,5,0.160000,0.080000,0
1345,95.866000,95.786000,-0.080000,3,0,1.414498,1.398655,1.436290,5,0.160000,0.080000,0
1345,95.866000,95.786000,-0.080000,3,1,2.041219,2.192505,1.994595,5,0.160000,0.080000,0
1345,95.866000,95.786000,-0.080000,3,2,1.419413,1.470251,1.405841,5,0.160000,0.080000,0
1346,95.906000,95.826000,-0.080000,3,0,1.435258,1.504645,1.440644,5,0.160000,0.080000,0
1346,95.906000,95.826000,-0.080000,3,1,2.082699,2.118284,2.001019,5,0.160000,0.080000,0
1346,95.906000,95.826000,-0.080000,3,2,1.369160,1.276521,1.411207,5,0.160000,0.080000,0
1347,95.946000,95.866000,-0.080000,3,0,1.459781,1.637969,1.445633,5,0.160000,0.080000,0
1347,95.946000,95.866000,-0.080000,3,1,2.055030,1.934967,2.008408,5,0.160000,0.080000,0
1347,95.946000,95.866000,-0.080000,3,2,1.364053,1.314173,1.417273,5,0.160000,0.080000,0
1348,95.986000,95.906000,-0.080000,3,0,1.492550,1.588852,1.457093,5,0.160000,0.080000,0
1348,95.986000,95.906000,-0.080000,3,1,2.056362,2.032926,2.025434,5,0.160000,0.080000,0
1348,95.986000,95.906000,-0.080000,3,2,1.350419,1.346562,1.431005,5,0.160000,0.080000,0
1349,96.026000,95.946000,-0.080000,3,0,1.482400,1.281877,1.463824,5,0.160000,0.080000,0
1349,96.026000,95.946000,-0.080000,3,1,2.091696,2.179796,2.035449,5,0.160000,0.080000,0
1349,96.026000,95.946000,-0.080000,3,2,1.343154,1.308262,1.438982,5,0.160000,0.080000,0
1350,96.066000,95.986000,-0.080000,3,0,1.490110,1.437206,1.471092,5,0.160000,0.080000,0
1350,96.066000,95.986000,-0.080000,3,1,2.042240,1.945224,2.046264,5,0.160000,0.080000,0
1350,96.066000,95.986000,-0.080000,3,2,1.329867,1.403814,1.447541,5,0.160000,0.080000,0
1351,96.106000,96.026000,-0.080000,3,0,1.493900,1.523594,1.478866,5,0.160000,0.080000,0
1351,96.106000,96.026000,-0.080000,3,1,2.030205,2.058113,2.057825,5,0.160000,0.080000,0
1351,96.106000,96.026000,-0.080000,3,2,1.384846,1.551420,1.456641,5,0.160000,0.080000,0
1352,96.146000,96.066000,-0.080000,3,0,1.448669,1.411816,1.488908,5,0.160000,0.080000,0
1352,96.146000,96.066000,-0.080000,3,1,2.034353,1.955706,2.072742,5,0.160000,0.080000,0
1352,96.146000,96.066000,-0.080000,3,2,1.415729,1.468585,1.468323,5,0.160000,0.080000,0
1353,96.186000,96.106000,-0.080000,3,0,1.436393,1.527473,1.497683,5,0.160000,0.080000,0
1353,96.186000,96.106000,-0.080000,3,1,2.047443,2.098376,2.085764,5,0.160000,0.080000,0
1353,96.186000,96.106000,-0.080000,3,2,1.454518,1.540508,1.478478,5,0.160000,0.080000,0
1354,96.226000,96.146000,-0.080000,3,0,1.490139,1.550606,1.506859,5,0.160000,0.080000,0
1354,96.226000,96.146000,-0.080000,3,1,2.062487,2.255014,2.099364,5,0.160000,0.080000,0
1354,96.226000,96.146000,-0.080000,3,2,1.470319,1.387267,1.489047,5,0.160000,0.080000,0
1355,96.266000,96.186000,-0.080000,3,0,1.512770,1.550361,1.516405,5,0.160000,0.080000,0
1355,96.266000,96.186000,-0.080000,3,1,2.112038,2.192979,2.113494,5,0.160000,0.080000,0
1355,96.266000,96.186000,-0.080000,3,2,1.492045,1.512444,1.499991,5,0.160000,0.080000,0
1356,96.306000,96.226000,-0.080000,3,0,1.532093,1.620210,1.525766,5,0.160000,0.080000,0
1356,96.306000,96.226000,-0.080000,3,1,2.136863,2.182237,2.127325,5,0.160000,0.080000,0
1356,96.306000,96.226000,-0.080000,3,2,1.481163,1.497010,1.510672,5,0.160000,0.080000,0
1357,96.346000,96.266000,-0.080000,3,0,1.551503,1.508863,1.535955,5,0.160000,0.080000,0
1357,96.346000,96.266000,-0.080000,3,1,2.167422,2.108506,2.142344,5,0.160000,0.080000,0
1357,96.346000,96.266000,-0.080000,3,2,1.469083,1.408184,1.522238,5,0.160000,0.080000,0
1358,96.386000,96.306000,-0.080000,3,0,1.530159,1.420754,1.546429,5,0.160000,0.080000,0
1358,96.386000,96.306000,-0.080000,3,1,2.173426,2.128392,2.157744,5,0.160000,0.080000,0
1358,96.386000,96.306000,-0.080000,3,2,1.478585,1.588021,1.534068,5,0.160000,0.080000,0
1359,96.426000,96.346000,-0.080000,3,0,1.529250,1.546060,1.556584,5,0.160000,0.080000,0
1359,96.426000,96.346000,-0.080000,3,1,2.145348,2.114626,2.172639,5,0.160000,0.080000,0
1359,96.426000,96.346000,-0.080000,3,2,1.509354,1.541111,1.545487,5,0.160000,0.080000,0
1360,96.466000,96.386000,-0.080000,3,0,1.527055,1.539388,1.566934,5,0.160000,0.080000,0
1360,96.466000,96.386000,-0.080000,3,1,2.146277,2.197624,2.187789,5,0.160000,0.080000,0
1360,96.466000,96.386000,-0.080000,3,2,1.543461,1.682980,1.557084,5,0.160000,0.080000,0
1361,96.506000,96.426000,-0.080000,3,0,1.484961,1.409741,1.578036,5,0.160000,0.080000,0
1361,96.506000,96.426000,-0.080000,3,1,2.151790,2.209801,2.204012,5,0.160000,0.080000,0
1361,96.506000,96.426000,-0.080000,3,2,1.569095,1.625181,1.569486,5,0.160000,0.080000,0
1362,96.546000,96.466000,-0.080000,3,0,1.492111,1.544613,1.589285,5,0.160000,0.080000,0
1362,96.546000,96.466000,-0.080000,3,1,2.167626,2.187689,2.220427,5,0.160000,0.080000,0
1362,96.546000,96.466000,-0.080000,3,2,1.576044,1.442929,1.582021,5,0.160000,0.080000,0
1363,96.586000,96.506000,-0.080000,3,0,1.524090,1.580650,1.600647,5,0.160000,0.080000,0
1363,96.586000,96.506000,-0.080000,3,1,2.162451,2.102513,2.236987,5,0.160000,0.080000,0
1363,96.586000,96.506000,-0.080000,3,2,1.597216,1.693879,1.594656,5,0.160000,0.080000,0
1364,96.626000,96.546000,-0.080000,3,1,2.186716,2.235954,2.253644,5,0.160000,0.080000,0
1364,96.626000,96.546000,-0.080000,3,2,1.604678,1.578421,1.607358,5,0.160000,0.080000,0
1365,96.666000,96.554000,-0.112000,3,0,1.559254,1.721877,1.633879,5,0.200000,0.112000,0
1365,96.666000,96.586000,-0.080000,3,1,2.190572,2.216901,2.285303,5,0.160000,0.080000,0
1365,96.666000,96.586000,-0.080000,3,2,1.586742,1.593300,1.631499,5,0.160000,0.080000,0
1366,96.706000,96.602000,-0.104000,3,0,1.567254,1.579389,1.645393,5,0.200000,0.104000,0
1366,96.706000,96.626000,-0.080000,3,1,2.195853,2.236207,2.301986,5,0.160000,0.080000,0
1366,96.706000,96.626000,-0.080000,3,2,1.588861,1.635778,1.644227,5,0.160000,0.080000,0
1367,96.746000,96.650000,-0.096000,3,0,1.629047,1.718707,1.656886,5,0.200000,0.096000,0
1367,96.746000,96.666000,-0.080000,3,1,2.218222,2.299533,2.318605,5,0.160000,0.080000,0
1367,96.746000,96.666000,-0.080000,3,2,1.629862,1.647930,1.656915,5,0.160000,0.080000,0
1368,96.786000,96.698000,-0.088000,3,0,1.646964,1.634195,1.668338,5,0.200000,0.088000,0
1368,96.786000,96.706000,-0.080000,3,1,2.283959,2.431202,2.335130,5,0.160000,0.080000,0
1368,96.786000,96.706000,-0.080000,3,2,1.653107,1.810109,1.669540,5,0.160000,0.080000,0
1369,96.826000,96.746000,-0.080000,3,0,1.665581,1.673737,1.679729,5,0.160000,0.080000,0
1369,96.826000,96.746000,-0.080000,3,1,2.321674,2.424527,2.351528,5,0.160000,0.080000,0
1369,96.826000,96.746000,-0.080000,3,2,1.668641,1.656089,1.682080,5,0.160000,0.080000,0
1370,96.866000,96.786000,-0.080000,3,0,1.649950,1.643723,1.690449,5,0.160000,0.080000,0
1370,96.866000,96.786000,-0.080000,3,1,2.338836,2.302710,2.366921,5,0.160000,0.080000,0
1370,96.866000,96.786000,-0.080000,3,2,1.691666,1.708427,1.693859,5,0.160000,0.080000,0
1371,96.906000,96.826000,-0.080000,3,0,1.658711,1.623194,1.702260,5,0.160000,0.080000,0
1371,96.906000,96.826000,-0.080000,3,1,2.371545,2.399756,2.383834,5,0.160000,0.080000,0
1371,96.906000,96.826000,-0.080000,3,2,1.704204,1.698466,1.706810,5,0.160000,0.080000,0
1372,96.946000,96.866000,-0.080000,3,0,1.650272,1.676511,1.712783,5,0.160000,0.080000,0
1372,96.946000,96.866000,-0.080000,3,1,2.420172,2.542665,2.398861,5,0.160000,0.080000,0
1372,96.946000,96.866000,-0.080000,3,2,1.720147,1.727647,1.718321,5,0.160000,0.080000,0
1373,96.986000,96.906000,-0.080000,3,0,1.664698,1.706328,1.723766,5,0.160000,0.080000,0
1373,96.986000,96.906000,-0.080000,3,1,2.402151,2.341098,2.414503,5,0.160000,0.080000,0
1373,96.986000,96.906000,-0.080000,3,2,1.695370,1.686224,1.730307,5,0.160000,0.080000,0
1374,97.026000,96.946000,-0.080000,3,0,1.657713,1.638810,1.734606,5,0.160000,0.080000,0
1374,97.026000,96.946000,-0.080000,3,1,2.394792,2.387729,2.429903,5,0.160000,0.080000,0
1374,97.026000,96.946000,-0.080000,3,2,1.741189,1.885180,1.742109,5,0.160000,0.080000,0
1375,97.066000,96.986000,-0.080000,3,0,1.678454,1.747428,1.745291,5,0.160000,0.080000,0
1375,97.066000,96.986000,-0.080000,3,1,2.427886,2.468181,2.445048,5,0.160000,0.080000,0
1375,97.066000,96.986000,-0.080000,3,2,1.725519,1.630080,1.753717,5,0.160000,0.080000,0
1376,97.106000,97.026000,-0.080000,3,0,1.716101,1.811431,1.755808,5,0.160000,0.080000,0
1376,97.106000,97.026000,-0.080000,3,1,2.442448,2.472569,2.459926,5,0.160000,0.080000,0
1376,97.106000,97.026000,-0.080000,3,2,1.750456,1.823147,1.765124,5,0.160000,0.080000,0
1377,97.146000,97.066000,-0.080000,3,0,1.746624,1.829122,1.765606,5,0.160000,0.080000,0
1377,97.146000,97.066000,-0.080000,3,1,2.436948,2.515164,2.473764,5,0.160000,0.080000,0
1377,97.146000,97.066000,-0.080000,3,2,1.778651,1.868622,1.775737,5,0.160000,0.080000,0
1378,97.188000,97.106400,-0.081600,3,0,1.739848,1.672451,1.775232,5,0.162000,0.081600,0
1378,97.188000,97.106400,-0.081600,3,1,2.482062,2.566667,2.487344,5,0.162000,0.081600,0
1378,97.188000,97.106400,-0.081600,3,2,1.816842,1.877179,1.786159,5,0.162000,0.081600,0
1379,97.226000,97.146400,-0.079600,3,0,1.795349,1.916314,1.786238,5,0.160000,0.079600,0
1379,97.226000,97.146400,-0.079600,3,1,2.534363,2.649232,2.502853,5,0.160000,0.079600,0
1379,97.226000,97.146400,-0.079600,3,2,1.805061,1.826275,1.798070,5,0.160000,0.079600,0
1380,97.266000,97.186400,-0.079600,3,0,1.804845,1.794907,1.796490,5,0.160000,0.079600,0
1380,97.266000,97.186400,-0.079600,3,1,2.547275,2.532741,2.517275,5,0.160000,0.079600,0
1380,97.266000,97.186400,-0.079600,3,2,1.857057,1.890064,1.809159,5,0.160000,0.079600,0
1381,97.306000,97.226400,-0.079600,3,0,1.781004,1.692226,1.805520,5,0.160000,0.079600,0
1381,97.306000,97.226400,-0.079600,3,1,2.553248,2.502438,2.529945,5,0.160000,0.079600,0
1381,97.306000,97.226400,-0.079600,3,2,1.862984,1.852780,1.818914,5,0.160000,0.079600,0
1382,97.346000,97.266400,-0.079600,3,0,1.773324,1.790723,1.815328,5,0.158000,0.079600,0
1382,97.346000,97.266400,-0.079600,3,1,2.571642,2.607131,2.543647,5,0.158000,0.079600,0
1382,97.346000,97.266400,-0.079600,3,2,1.846987,1.788637,1.829482,5,0.158000,0.079600,0
1383,97.386000,97.306000,-0.080000,3,0,1.787811,1.744884,1.832332,5,0.160000,0.080000,0
1383,97.386000,97.306000,-0.080000,3,1,2.533187,2.374395,2.567217,5,0.160000,0.080000,0
1383,97.386000,97.306000,-0.080000,3,2,1.833426,1.809375,1.847698,5,0.160000,0.080000,0
1384,97.426000,97.346000,-0.080000,3,0,1.770040,1.827463,1.841374,5,0.160000,0.080000,0
1384,97.426000,97.346000,-0.080000,3,1,2.511940,2.542996,2.579658,5,0.160000,0.080000,0
1384,97.426000,97.346000,-0.080000,3,2,1.827846,1.798376,1.857324,5,0.160000,0.080000,0
1385,97.466000,97.386000,-0.080000,3,0,1.792898,1.909196,1.850095,5,0.160000,0.080000,0
1385,97.466000,97.386000,-0.080000,3,1,2.510229,2.524183,2.591616,5,0.160000,0.080000,0
1385,97.466000,97.386000,-0.080000,3,2,1.801182,1.756744,1.866577,5,0.160000,0.080000,0
1386,97.506000,97.426000,-0.080000,3,0,1.819425,1.824860,1.858066,5,0.160000,0.080000,0
1386,97.506000,97.426000,-0.080000,3,1,2.528450,2.593544,2.602526,5,0.160000,0.080000,0
1387,97.546000,97.466000,-0.080000,3,0,1.843621,1.911704,1.865325,5,0.160000,0.080000,0
1387,97.546000,97.466000,-0.080000,3,1,2.529545,2.612609,2.612465,5,0.160000,0.080000,0
1387,97.546000,97.434000,-0.112000,3,2,1.784959,1.771666,1.882696,5,0.200000,0.112000,0
1388,97.586000,97.506000,-0.080000,3,0,1.853939,1.796473,1.872299,5,0.160000,0.080000,0
1388,97.586000,97.506000,-0.080000,3,1,2.575189,2.602614,2.622026,5,0.160000,0.080000,0
1388,97.586000,97.482000,-0.104000,3,2,1.819297,1.960324,1.890079,5,0.200000,0.104000,0
1389,97.626000,97.546000,-0.080000,3,0,1.859969,1.857610,1.879355,5,0.160000,0.080000,0
1389,97.626000,97.546000,-0.080000,3,1,2.613315,2.733624,2.631725,5,0.160000,0.080000,0
1389,97.626000,97.530000,-0.096000,3,2,1.860406,2.014921,1.897561,5,0.200000,0.096000,0
1390,97.666000,97.586000,-0.080000,3,0,1.847400,1.846354,1.886104,5,0.160000,0.080000,0
1390,97.666000,97.586000,-0.080000,3,1,2.636675,2.640984,2.641033,5,0.160000,0.080000,0
1390,97.666000,97.578000,-0.088000,3,2,1.882981,1.911247,1.904737,5,0.200000,0.088000,0
1391,97.706000,97.626000,-0.080000,3,0,1.881471,1.995216,1.892558,5,0.160000,0.080000,0
1391,97.706000,97.626000,-0.080000,3,1,2.679447,2.807407,2.649968,5,0.160000,0.080000,0
1391,97.706000,97.626000,-0.080000,3,2,1.902277,1.853227,1.911622,5,0.160000,0.080000,0
1392,97.746000,97.666000,-0.080000,3,0,1.875873,1.883712,1.898731,5,0.160000,0.080000,0
1392,97.746000,97.666000,-0.080000,3,1,2.718181,2.806275,2.658547,5,0.160000,0.080000,0
1392,97.746000,97.666000,-0.080000,3,2,1.957012,2.045339,1.918231,5,0.160000,0.080000,0
1393,97.786000,97.706000,-0.080000,3,0,1.893647,1.885344,1.904638,5,0.160000,0.080000,0
1393,97.786000,97.706000,-0.080000,3,1,2.741770,2.720559,2.666783,5,0.160000,0.080000,0
1393,97.786000,97.706000,-0.080000,3,2,1.948749,1.919012,1.924577,5,0.160000,0.080000,0
1394,97.826000,97.746000,-0.080000,3,0,1.902464,1.901696,1.910292,5,0.160000,0.080000,0
1394,97.826000,97.746000,-0.080000,3,1,2.739833,2.723943,2.674690,5,0.160000,0.080000,0
1394,97.826000,97.746000,-0.080000,3,2,1.890294,1.722645,1.930670,5,0.160000,0.080000,0
1395,97.866000,97.786000,-0.080000,3,0,1.909924,1.883654,1.915706,5,0.160000,0.080000,0
1395,97.866000,97.786000,-0.080000,3,1,2.749300,2.688315,2.682278,5,0.160000,0.080000,0
1395,97.866000,97.786000,-0.080000,3,2,1.897759,1.948574,1.936518,5,0.160000,0.080000,0
1396,97.906000,97.826000,-0.080000,3,0,1.883889,1.865039,1.920623,5,0.160000,0.080000,0
1396,97.906000,97.826000,-0.080000,3,1,2.698667,2.554242,2.689180,5,0.160000,0.080000,0
1396,97.906000,97.826000,-0.080000,3,2,1.906976,1.899310,1.941837,5,0.160000,0.080000,0
1397,97.946000,97.866000,-0.080000,3,0,1.888218,1.905355,1.925597,5,0.160000,0.080000,0
1397,97.946000,97.866000,-0.080000,3,1,2.686263,2.744259,2.696172,5,0.160000,0.080000,0
1397,97.946000,97.866000,-0.080000,3,2,1.903018,2.025548,1.947222,5,0.160000,0.080000,0
1398,97.986000,97.906000,-0.080000,3,0,1.893902,1.913765,1.930354,5,0.160000,0.080000,0
1398,97.986000,97.906000,-0.080000,3,1,2.683037,2.704426,2.702870,5,0.160000,0.080000,0
1398,97.986000,97.906000,-0.080000,3,2,1.910368,1.955762,1.952373,5,0.160000,0.080000,0
1399,98.026000,97.946000,-0.080000,3,0,1.879626,1.830320,1.939020,5,0.160000,0.080000,0
1399,98.026000,97.946000,-0.080000,3,1,2.715444,2.885978,2.715102,5,0.160000,0.080000,0
1399,98.026000,97.946000,-0.080000,3,2,1.956915,1.955379,1.961753,5,0.160000,0.080000,0
1400,98.066000,97.986000,-0.080000,3,0,1.894284,1.956940,1.943169,5,0.160000,0.080000,0
1400,98.066000,97.986000,-0.080000,3,1,2.714618,2.684189,2.720981,5,0.160000,0.080000,0
1400,98.066000,97.986000,-0.080000,3,2,1.951975,1.923874,1.966250,5,0.160000,0.080000,0
1401,98.106000,98.026000,-0.080000,3,0,1.915613,1.971687,1.947118,5,0.160000,0.080000,0
1401,98.106000,98.026000,-0.080000,3,1,2.746815,2.715225,2.726599,5,0.160000,0.080000,0
1401,98.106000,98.026000,-0.080000,3,2,1.979455,2.036710,1.970543,5,0.160000,0.080000,0
1402,98.146000,98.066000,-0.080000,3,0,1.943277,2.043674,1.950681,5,0.160000,0.080000,0
1402,98.146000,98.066000,-0.080000,3,1,2.756731,2.793839,2.731691,5,0.160000,0.080000,0
1402,98.146000,98.066000,-0.080000,3,2,1.947899,1.867771,1.974434,5,0.160000,0.080000,0
1403,98.186000,98.106000,-0.080000,3,0,1.961080,2.002779,1.954075,5,0.160000,0.080000,0
1403,98.186000,98.106000,-0.080000,3,1,2.736734,2.604441,2.736568,5,0.160000,0.080000,0
1403,98.186000,98.106000,-0.080000,3,2,1.927961,1.856071,1.978161,5,0.160000,0.080000,0
1404,98.226000,98.146000,-0.080000,3,0,1.979800,1.923921,1.957482,5,0.160000,0.080000,0
1404,98.226000,98.146000,-0.080000,3,1,2.701122,2.707918,2.741493,5,0.160000,0.080000,0
1404,98.226000,98.146000,-0.080000,3,2,1.954756,2.089353,1.981929,5,0.160000,0.080000,0
1405,98.266000,98.186000,-0.080000,3,0,1.992692,2.021400,1.960718,5,0.160000,0.080000,0
1405,98.266000,98.186000,-0.080000,3,1,2.710254,2.729845,2.746200,5,0.160000,0.080000,0
1405,98.266000,98.186000,-0.080000,3,2,1.965263,1.976408,1.985535,5,0.160000,0.080000,0
1406,98.306000,98.226000,-0.080000,3,0,1.979185,1.904153,1.963794,5,0.160000,0.080000,0
1406,98.306000,98.226000,-0.080000,3,1,2.739734,2.862628,2.750697,5,0.160000,0.080000,0
1406,98.306000,98.226000,-0.080000,3,2,1.977603,2.098411,1.988985,5,0.160000,0.080000,0
1407,98.346000,98.266000,-0.080000,3,0,1.969812,1.996806,1.966712,5,0.160000,0.080000,0
1407,98.346000,98.266000,-0.080000,3,1,2.731787,2.754101,2.754990,5,0.160000,0.080000,0
1407,98.346000,98.266000,-0.080000,3,2,2.014772,2.053619,1.992281,5,0.160000,0.080000,0
1408,98.386000,98.306000,-0.080000,3,0,1.949082,1.899132,1.969466,5,0.160000,0.080000,0
1408,98.386000,98.306000,-0.080000,3,1,2.757433,2.732674,2.759075,5,0.160000,0.080000,0
1408,98.386000,98.306000,-0.080000,3,2,2.016137,1.862896,1.995419,5,0.160000,0.080000,0
1409,98.426000,98.346000,-0.080000,3,0,1.969963,2.028323,1.972038,5,0.160000,0.080000,0
1409,98.426000,98.346000,-0.080000,3,1,2.754842,2.694963,2.762929,5,0.160000,0.080000,0
1409,98.426000,98.346000,-0.080000,3,2,2.006061,2.038971,1.998379,5,0.160000,0.080000,0
1410,98.466000,98.386000,-0.080000,3,0,1.983142,2.087293,1.974281,5,0.160000,0.080000,0
1410,98.466000,98.386000,-0.080000,3,1,2.745015,2.680711,2.766333,5,0.160000,0.080000,0
1410,98.466000,98.386000,-0.080000,3,2,1.989943,1.895821,2.000992,5,0.160000,0.080000,0
1411,98.506000,98.426000,-0.080000,3,0,2.001529,1.996088,1.976304,5,0.160000,0.080000,0
1411,98.506000,98.426000,-0.080000,3,1,2.737219,2.823648,2.769454,5,0.160000,0.080000,0
1411,98.506000,98.426000,-0.080000,3,2,1.987643,2.086907,2.003383,5,0.160000,0.080000,0
1412,98.546000,98.466000,-0.080000,3,0,1.976198,1.870154,1.978161,5,0.160000,0.080000,0
1412,98.546000,98.466000,-0.080000,3,1,2.729791,2.716960,2.772383,5,0.160000,0.080000,0
1412,98.546000,98.466000,-0.080000,3,2,1.985344,2.042125,2.005624,5,0.160000,0.080000,0
1413,98.586000,98.506000,-0.080000,3,0,1.991057,1.973426,1.980786,5,0.160000,0.080000,0
1413,98.586000,98.506000,-0.080000,3,1,2.743744,2.802440,2.776783,5,0.160000,0.080000,0
1413,98.586000,98.506000,-0.080000,3,2,1.993275,1.902550,2.008977,5,0.160000,0.080000,0
1414,98.626000,98.546000,-0.080000,3,0,1.996438,2.055229,1.981541,5,0.160000,0.080000,0
1414,98.626000,98.546000,-0.080000,3,1,2.746894,2.710709,2.778258,5,0.160000,0.080000,0
1414,98.626000,98.546000,-0.080000,3,2,1.985309,1.999142,2.010096,5,0.160000,0.080000,0
1415,98.666000,98.586000,-0.080000,3,0,1.961390,1.912054,1.981839,5,0.160000,0.080000,0
1415,98.666000,98.586000,-0.080000,3,1,2.754437,2.718425,2.779102,5,0.160000,0.080000,0
1415,98.666000,98.586000,-0.080000,3,2,1.996255,1.950550,2.010732,5,0.160000,0.080000,0
1416,98.706000,98.626000,-0.080000,3,0,1.953436,1.956318,1.981684,5,0.160000,0.080000,0
1416,98.706000,98.626000,-0.080000,3,1,2.740284,2.752884,2.779363,5,0.160000,0.080000,0
1416,98.706000,98.626000,-0.080000,3,2,1.996115,2.086209,2.010921,5,0.160000,0.080000,0
1417,98.746000,98.666000,-0.080000,3,0,2.004669,2.126319,1.981020,5,0.160000,0.080000,0
1417,98.746000,98.666000,-0.080000,3,1,2.784871,2.939896,2.778939,5,0.160000,0.080000,0
1417,98.746000,98.666000,-0.080000,3,2,1.992323,2.023165,2.010588,5,0.160000,0.080000,0
1418,98.786000,98.706000,-0.080000,3,0,2.014415,2.022154,1.979823,5,0.160000,0.080000,0
1418,98.786000,98.706000,-0.080000,3,1,2.790337,2.829773,2.777795,5,0.160000,0.080000,0
1418,98.786000,98.706000,-0.080000,3,2,1.981121,1.846540,2.009709,5,0.160000,0.080000,0
1419,98.826000,98.746000,-0.080000,3,0,1.990002,1.933166,1.978078,5,0.160000,0.080000,0
1419,98.826000,98.746000,-0.080000,3,1,2.838940,2.953720,2.775903,5,0.160000,0.080000,0
1419,98.826000,98.746000,-0.080000,3,2,1.984193,2.014499,2.008264,5,0.160000,0.080000,0
1420,98.866000,98.786000,-0.080000,3,0,2.012438,2.024233,1.975769,5,0.160000,0.080000,0
1420,98.866000,98.786000,-0.080000,3,1,2.888056,2.964009,2.773237,5,0.160000,0.080000,0
1420,98.866000,98.786000,-0.080000,3,2,1.991649,1.987830,2.006236,5,0.160000,0.080000,0
1421,98.906000,98.826000,-0.080000,3,0,2.031585,2.052053,1.972885,5,0.160000,0.080000,0
1421,98.906000,98.826000,-0.080000,3,1,2.869892,2.662065,2.769776,5,0.160000,0.080000,0
1421,98.906000,98.826000,-0.080000,3,2,1.983244,2.044187,2.003612,5,0.160000,0.080000,0
1422,98.946000,98.866000,-0.080000,3,0,1.998265,1.959719,1.969613,5,0.160000,0.080000,0
1422,98.946000,98.866000,-0.080000,3,1,2.833610,2.758483,2.765747,5,0.160000,0.080000,0
1422,98.946000,98.866000,-0.080000,3,2,1.951405,1.863969,2.000564,5,0.160000,0.080000,0
1423,98.986000,98.906000,-0.080000,3,0,2.000506,2.033358,1.965807,5,0.160000,0.080000,0
1423,98.986000,98.906000,-0.080000,3,1,2.827970,2.801576,2.760975,5,0.160000,0.080000,0
1423,98.986000,98.906000,-0.080000,3,2,1.985219,2.015610,1.996961,5,0.160000,0.080000,0
1424,99.026000,98.946000,-0.080000,3,0,2.009656,1.978918,1.961206,5,0.160000,0.080000,0
1424,99.026000,98.946000,-0.080000,3,1,2.767300,2.650371,2.755120,5,0.160000,0.080000,0
1424,99.026000,98.946000,-0.080000,3,2,1.988371,2.030261,1.992547,5,0.160000,0.080000,0
1425,99.066000,98.986000,-0.080000,3,0,2.002009,1.985998,1.955710,5,0.160000,0.080000,0
1425,99.066000,98.986000,-0.080000,3,1,2.741457,2.834793,2.748038,5,0.160000,0.080000,0
1425,99.066000,98.986000,-0.080000,3,2,1.972648,1.909215,1.987217,5,0.160000,0.080000,0
1426,99.106000,99.026000,-0.080000,3,0,2.017240,2.128209,1.949865,5,0.160000,0.080000,0
1426,99.106000,99.026000,-0.080000,3,1,2.760298,2.756269,2.740428,5,0.160000,0.080000,0
1426,99.106000,99.026000,-0.080000,3,2,1.960031,1.981101,1.981494,5,0.160000,0.080000,0
1427,99.146000,99.066000,-0.080000,3,0,2.019540,1.971216,1.942338,5,0.160000,0.080000,0
1427,99.146000,99.066000,-0.080000,3,1,2.746293,2.688459,2.730530,5,0.160000,0.080000,0
1427,99.146000,99.066000,-0.080000,3,2,1.988182,2.004723,1.974060,5,0.160000,0.080000,0
1428,99.186000,99.106000,-0.080000,3,0,2.000298,1.937150,1.934784,5,0.160000,0.080000,0
1428,99.186000,99.106000,-0.080000,3,1,2.722793,2.684074,2.720514,5,0.160000,0.080000,0
1428,99.186000,99.106000,-0.080000,3,2,1.991134,2.030372,1.966543,5,0.160000,0.080000,0
1429,99.226000,99.146000,-0.080000,3,0,1.973834,1.846595,1.926983,5,0.160000,0.080000,0
1429,99.226000,99.146000,-0.080000,3,1,2.754843,2.810619,2.710099,5,0.160000,0.080000,0
1429,99.226000,99.146000,-0.080000,3,2,1.992328,2.036226,1.958729,5,0.160000,0.080000,0
1430,99.266000,99.186000,-0.080000,3,0,1.966719,1.950428,1.917653,5,0.160000,0.080000,0
1430,99.266000,99.186000,-0.080000,3,1,2.739563,2.758394,2.697570,5,0.160000,0.080000,0
1430,99.266000,99.186000,-0.080000,3,2,1.992701,1.911081,1.949328,5,0.160000,0.080000,0
1431,99.308000,99.226400,-0.081600,3,0,1.916022,1.874720,1.909069,5,0.162000,0.081600,0
1431,99.308000,99.226400,-0.081600,3,1,2.720058,2.658745,2.685983,5,0.162000,0.081600,0
1431,99.308000,99.226400,-0.081600,3,2,1.983414,1.934668,1.940630,5,0.162000,0.081600,0
1432,99.346000,99.266400,-0.079600,3,0,1.865608,1.719146,1.898373,5,0.160000,0.079600,0
1432,99.346000,99.266400,-0.079600,3,1,2.703397,2.605153,2.671484,5,0.160000,0.079600,0
1432,99.346000,99.266400,-0.079600,3,2,1.962146,1.898383,1.929735,5,0.160000,0.079600,0
1433,99.386000,99.306400,-0.079600,3,0,1.874211,1.980168,1.888074,5,0.160000,0.079600,0
1433,99.386000,99.306400,-0.079600,3,1,2.684366,2.588918,2.657472,5,0.160000,0.079600,0
1433,99.386000,99.306400,-0.079600,3,2,1.923846,1.838871,1.919189,5,0.160000,0.079600,0
1434,99.426000,99.346400,-0.079600,3,0,1.836847,1.659774,1.877789,5,0.160000,0.079600,0
1434,99.426000,99.346400,-0.079600,3,1,2.636928,2.573427,2.643438,5,0.160000,0.079600,0
1434,99.426000,99.346400,-0.079600,3,2,1.908258,1.958285,1.908612,5,0.160000,0.079600,0
1435,99.466000,99.386400,-0.079600,3,0,1.802112,1.776754,1.864562,5,0.158000,0.079600,0
1435,99.466000,99.386400,-0.079600,3,1,2.588135,2.514433,2.625343,5,0.158000,0.079600,0
1435,99.466000,99.386400,-0.079600,3,2,1.900958,1.874584,1.894948,5,0.158000,0.079600,0
1436,99.506000,99.426000,-0.080000,3,0,1.770597,1.717144,1.851963,5,0.160000,0.080000,0
1436,99.506000,99.426000,-0.080000,3,1,2.579899,2.617562,2.608073,5,0.160000,0.080000,0
1436,99.506000,99.426000,-0.080000,3,2,1.878646,1.823107,1.881880,5,0.160000,0.080000,0
1437,99.546000,99.466000,-0.080000,3,0,1.813450,1.933410,1.838216,5,0.160000,0.080000,0
1437,99.546000,99.466000,-0.080000,3,1,2.542932,2.420319,2.589199,5,0.160000,0.080000,0
1437,99.546000,99.466000,-0.080000,3,2,1.869372,1.852010,1.867574,5,0.160000,0.080000,0
1438,99.586000,99.506000,-0.080000,3,0,1.788924,1.857536,1.825386,5,0.160000,0.080000,0
1438,99.586000,99.506000,-0.080000,3,1,2.547335,2.610934,2.571562,5,0.160000,0.080000,0
1438,99.586000,99.506000,-0.080000,3,2,1.896042,1.972222,1.854184,5,0.160000,0.080000,0
1439,99.626000,99.546000,-0.080000,3,0,1.804545,1.737882,1.811547,5,0.160000,0.080000,0
1439,99.626000,99.546000,-0.080000,3,1,2.552519,2.599349,2.552518,5,0.160000,0.080000,0
1439,99.626000,99.546000,-0.080000,3,2,1.858428,1.770214,1.839707,5,0.160000,0.080000,0
1440,99.666000,99.586000,-0.080000,3,0,1.840703,1.957544,1.797434,5,0.160000,0.080000,0
1440,99.666000,99.586000,-0.080000,3,1,2.565374,2.578709,2.533076,5,0.160000,0.080000,0
1440,99.666000,99.586000,-0.080000,3,2,1.818633,1.675613,1.824909,5,0.160000,0.080000,0
1441,99.706000,99.626000,-0.080000,3,0,1.876001,1.893632,1.783829,5,0.160000,0.080000,0
1441,99.706000,99.626000,-0.080000,3,1,2.544770,2.514538,2.514319,5,0.160000,0.080000,0
1441,99.706000,99.626000,-0.080000,3,2,1.799831,1.729096,1.810614,5,0.160000,0.080000,0
1442,99.746000,99.666000,-0.080000,3,0,1.841136,1.759085,1.770810,5,0.160000,0.080000,0
1442,99.746000,99.666000,-0.080000,3,1,2.563390,2.513422,2.496356,5,0.160000,0.080000,0
1442,99.746000,99.666000,-0.080000,3,2,1.771343,1.709570,1.796906,5,0.160000,0.080000,0
1443,99.786000,99.706000,-0.080000,3,0,1.803391,1.668813,1.743808,5,0.160000,0.080000,0
1443,99.786000,99.706000,-0.080000,3,1,2.537880,2.483383,2.459069,5,0.160000,0.080000,0
1443,99.786000,99.706000,-0.080000,3,2,1.734533,1.788172,1.768382,5,0.160000,0.080000,0
1444,99.826000,99.746000,-0.080000,3,0,1.809665,1.769250,1.729155,5,0.160000,0.080000,0
1444,99.826000,99.746000,-0.080000,3,1,2.510064,2.460269,2.438823,5,0.160000,0.080000,0
1444,99.826000,99.746000,-0.080000,3,2,1.740684,1.800972,1.752849,5,0.160000,0.080000,0
1445,99.866000,99.786000,-0.080000,3,0,1.759022,1.704329,1.715245,5,0.160000,0.080000,0
1445,99.866000,99.786000,-0.080000,3,1,2.503870,2.547736,2.419598,5,0.160000,0.080000,0
1445,99.866000,99.786000,-0.080000,3,2,1.765302,1.798702,1.738066,5,0.160000,0.080000,0
1446,99.906000,99.826000,-0.080000,3,0,1.699748,1.597267,1.701375,5,0.160000,0.080000,0
1446,99.906000,99.826000,-0.080000,3,1,2.471441,2.352396,2.400426,5,0.160000,0.080000,0
1446,99.906000,99.826000,-0.080000,3,2,1.768849,1.746831,1.723293,5,0.160000,0.080000,0
1447,99.946000,99.866000,-0.080000,3,0,1.653400,1.527344,1.687574,5,0.160000,0.080000,0
1447,99.946000,99.866000,-0.080000,3,1,2.443329,2.372862,2.381350,5,0.160000,0.080000,0
1447,99.946000,99.866000,-0.080000,3,2,1.757670,1.653671,1.708563,5,0.160000,0.080000,0
1448,99.986000,99.906000,-0.080000,3,0,1.671054,1.757083,1.674592,5,0.160000,0.080000,0
1448,99.986000,99.906000,-0.080000,3,1,2.450956,2.521519,2.363405,5,0.160000,0.080000,0
1448,99.986000,99.906000,-0.080000,3,2,1.750642,1.753034,1.694680,5,0.160000,0.080000,0
1449,100.026000,99.946000,-0.080000,3,0,1.665795,1.742954,1.661012,5,0.160000,0.080000,0
1449,100.026000,99.946000,-0.080000,3,1,2.420566,2.308319,2.344637,5,0.160000,0.080000,0
1449,100.026000,99.946000,-0.080000,3,2,1.727658,1.686052,1.680132,5,0.160000,0.080000,0
1450,100.066000,99.986000,-0.080000,3,0,1.660495,1.677826,1.646885,5,0.160000,0.080000,0
1450,100.066000,99.986000,-0.080000,3,1,2.365087,2.270339,2.325119,5,0.160000,0.080000,0
1450,100.066000,99.986000,-0.080000,3,2,1.705272,1.686774,1.664971,5,0.160000,0.080000,0
1451,100.106000,100.026000,-0.080000,3,0,1.661001,1.599798,1.634347,5,0.160000,0.080000,0
1451,100.106000,100.026000,-0.080000,3,1,2.392883,2.491374,2.307799,5,0.160000,0.080000,0
1451,100.106000,100.026000,-0.080000,3,2,1.675723,1.599084,1.651489,5,0.160000,0.080000,0
1452,100.146000,100.066000,-0.080000,3,0,1.663758,1.541128,1.621999,5,0.160000,0.080000,0
1452,100.146000,100.066000,-0.080000,3,1,2.364674,2.231819,2.290750,5,0.160000,0.080000,0
1452,100.146000,100.066000,-0.080000,3,2,1.671427,1.632190,1.638185,5,0.160000,0.080000,0
1453,100.186000,100.106000,-0.080000,3,0,1.643963,1.658107,1.609199,5,0.160000,0.080000,0
1453,100.186000,100.106000,-0.080000,3,1,2.307098,2.233640,2.273085,5,0.160000,0.080000,0
1453,100.186000,100.106000,-0.080000,3,2,1.650324,1.647519,1.624358,5,0.160000,0.080000,0
1454,100.226000,100.146000,-0.080000,3,0,1.636221,1.704247,1.596664,5,0.160000,0.080000,0
1454,100.226000,100.146000,-0.080000,3,1,2.293437,2.240014,2.255798,5,0.160000,0.080000,0
1454,100.226000,100.146000,-0.080000,3,2,1.661295,1.740908,1.610778,5,0.160000,0.080000,0
1455,100.266000,100.186000,-0.080000,3,0,1.590272,1.448080,1.583781,5,0.160000,0.080000,0
1455,100.266000,100.186000,-0.080000,3,1,2.290147,2.253887,2.238052,5,0.160000,0.080000,0
1455,100.266000,100.186000,-0.080000,3,2,1.657016,1.665378,1.596778,5,0.160000,0.080000,0
1456,100.308000,100.226400,-0.081600,3,0,1.593103,1.613955,1.572480,5,0.162000,0.081600,0
1456,100.308000,100.226400,-0.081600,3,1,2.255722,2.319250,2.222510,5,0.162000,0.081600,0
1456,100.308000,100.226400,-0.081600,3,2,1.647655,1.552281,1.584459,5,0.162000,0.081600,0
1457,100.346000,100.266400,-0.079600,3,0,1.616157,1.656395,1.559072,5,0.160000,0.079600,0
1457,100.346000,100.266400,-0.079600,3,1,2.249451,2.200462,2.204111,5,0.160000,0.079600,0
1457,100.346000,100.266400,-0.079600,3,2,1.630678,1.547302,1.569799,5,0.160000,0.079600,0
1458,100.386000,100.306400,-0.079600,3,0,1.586612,1.510382,1.547293,5,0.160000,0.079600,0
1458,100.386000,100.306400,-0.079600,3,1,2.237659,2.174681,2.187995,5,0.160000,0.079600,0
1458,100.386000,100.306400,-0.079600,3,2,1.642106,1.704661,1.556879,5,0.160000,0.079600,0
1459,100.426000,100.346400,-0.079600,3,0,1.552896,1.535668,1.538167,5,0.160000,0.079600,0
1459,100.426000,100.346400,-0.079600,3,1,2.215487,2.129156,2.175545,5,0.160000,0.079600,0
1459,100.426000,100.346400,-0.079600,3,2,1.618456,1.622656,1.546844,5,0.160000,0.079600,0
1460,100.466000,100.386400,-0.079600,3,0,1.577963,1.573413,1.527150,5,0.158000,0.079600,0
1460,100.466000,100.386400,-0.079600,3,1,2.209010,2.221502,2.160566,5,0.158000,0.079600,0
1460,100.466000,100.386400,-0.079600,3,2,1.606317,1.604685,1.534698,5,0.158000,0.079600,0
1461,100.506000,100.426000,-0.080000,3,0,1.534423,1.396256,1.517105,5,0.160000,0.080000,0
1461,100.506000,100.426000,-0.080000,3,1,2.155870,2.053547,2.146965,5,0.160000,0.080000,0
1461,100.506000,100.426000,-0.080000,3,2,1.575836,1.399876,1.523591,5,0.160000,0.080000,0
1462,100.546000,100.466000,-0.080000,3,0,1.533731,1.652937,1.506507,5,0.160000,0.080000,0
1462,100.546000,100.466000,-0.080000,3,1,2.122452,2.033371,2.132681,5,0.160000,0.080000,0
1462,100.546000,100.466000,-0.080000,3,2,1.574928,1.542763,1.511831,5,0.160000,0.080000,0
1463,100.586000,100.506000,-0.080000,3,0,1.538944,1.536446,1.489192,5,0.160000,0.080000,0
1463,100.586000,100.506000,-0.080000,3,1,2.091336,2.019104,2.109532,5,0.160000,0.080000,0
1463,100.586000,100.506000,-0.080000,3,2,1.548016,1.570101,1.492512,5,0.160000,0.080000,0
1464,100.626000,100.546000,-0.080000,3,0,1.546349,1.572693,1.481008,5,0.160000,0.080000,0
1464,100.626000,100.546000,-0.080000,3,1,2.097191,2.158431,2.098697,5,0.160000,0.080000,0
1464,100.626000,100.546000,-0.080000,3,2,1.513494,1.450043,1.483323,5,0.160000,0.080000,0
1465,100.666000,100.586000,-0.080000,3,0,1.519986,1.441598,1.472936,5,0.160000,0.080000,0
1465,100.666000,100.586000,-0.080000,3,1,2.057936,2.025226,2.088099,5,0.160000,0.080000,0
1465,100.666000,100.586000,-0.080000,3,2,1.489282,1.483626,1.474214,5,0.160000,0.080000,0
1466,100.706000,100.626000,-0.080000,3,0,1.521218,1.402415,1.465799,5,0.160000,0.080000,0
1466,100.706000,100.626000,-0.080000,3,1,2.094029,2.234014,2.078823,5,0.160000,0.080000,0
1466,100.706000,100.626000,-0.080000,3,2,1.537126,1.639096,1.466114,5,0.160000,0.080000,0
1467,100.746000,100.666000,-0.080000,3,0,1.490568,1.499687,1.458201,5,0.160000,0.080000,0
1467,100.746000,100.666000,-0.080000,3,1,2.058992,1.858186,2.069074,5,0.160000,0.080000,0
1467,100.746000,100.666000,-0.080000,3,2,1.521918,1.466726,1.457435,5,0.160000,0.080000,0
1468,100.786000,100.706000,-0.080000,3,0,1.470604,1.436627,1.452228,5,0.160000,0.080000,0
1468,100.786000,100.706000,-0.080000,3,1,2.037837,1.913330,2.061531,5,0.160000,0.080000,0
1468,100.786000,100.706000,-0.080000,3,2,1.503707,1.479041,1.450563,5,0.160000,0.080000,0
1469,100.826000,100.746000,-0.080000,3,0,1.462134,1.530346,1.446811,5,0.160000,0.080000,0
1469,100.826000,100.746000,-0.080000,3,1,2.034765,2.143069,2.054819,5,0.160000,0.080000,0
1469,100.826000,100.746000,-0.080000,3,2,1.471374,1.288383,1.444288,5,0.160000,0.080000,0
1470,100.866000,100.786000,-0.080000,3,0,1.465956,1.460704,1.441959,5,0.160000,0.080000,0
1470,100.866000,100.786000,-0.080000,3,1,2.023275,1.967775,2.048953,5,0.160000,0.080000,0
1470,100.866000,100.786000,-0.080000,3,2,1.456062,1.407063,1.438626,5,0.160000,0.080000,0
1471,100.906000,100.826000,-0.080000,3,0,1.476628,1.455778,1.437678,5,0.160000,0.080000,0
1471,100.906000,100.826000,-0.080000,3,1,1.975402,1.994649,2.043946,5,0.160000,0.080000,0
1471,100.906000,100.826000,-0.080000,3,2,1.417561,1.446594,1.433592,5,0.160000,0.080000,0
1472,100.948000,100.866400,-0.081600,3,0,1.462412,1.428603,1.433974,5,0.162000,0.081600,0
1472,100.948000,100.866400,-0.081600,3,1,2.006331,2.012833,2.039809,5,0.162000,0.081600,0
1472,100.948000,100.866400,-0.081600,3,2,1.417032,1.464079,1.429195,5,0.162000,0.081600,0
1473,100.986000,100.906400,-0.079600,3,0,1.473242,1.490778,1.430708,5,0.160000,0.079600,0
1473,100.986000,100.906400,-0.079600,3,1,2.017835,1.970851,2.036405,5,0.160000,0.079600,0
1473,100.986000,100.906400,-0.079600,3,2,1.424151,1.514635,1.425266,5,0.160000,0.079600,0
1474,101.026000,100.946400,-0.079600,3,0,1.443614,1.382210,1.427986,5,0.160000,0.079600,0
1474,101.026000,100.946400,-0.079600,3,1,1.974494,1.926364,2.033891,5,0.160000,0.079600,0
1474,101.026000,100.946400,-0.079600,3,2,1.444243,1.388843,1.421920,5,0.160000,0.079600,0
1475,101.066000,100.986400,-0.079600,3,0,1.415783,1.321548,1.426157,5,0.160000,0.079600,0
1475,101.066000,100.986400,-0.079600,3,1,1.969241,1.941509,2.032563,5,0.160000,0.079600,0
1475,101.066000,100.986400,-0.079600,3,2,1.435697,1.364334,1.419587,5,0.160000,0.079600,0
1476,101.108000,101.026800,-0.081200,3,0,1.408790,1.420812,1.424891,5,0.160000,0.081200,0
1476,101.108000,101.026800,-0.081200,3,1,1.981685,2.056866,2.032143,5,0.160000,0.081200,0
1476,101.108000,101.026800,-0.081200,3,2,1.417586,1.356040,1.417848,5,0.160000,0.081200,0
1477,101.146000,101.066400,-0.079600,3,0,1.407385,1.421577,1.424299,5,0.160000,0.079600,0
1477,101.146000,101.066400,-0.079600,3,2,1.419571,1.474005,1.416820,5,0.160000,0.079600,0
1478,101.186000,101.106400,-0.079600,3,0,1.380638,1.357046,1.424496,5,0.160000,0.079600,0
1478,101.186000,101.074400,-0.111600,3,1,1.981677,2.012795,2.034670,5,0.200000,0.111600,0
1478,101.186000,101.106400,-0.079600,3,2,1.385897,1.346262,1.416625,5,0.160000,0.079600,0
1479,101.228000,101.146800,-0.081200,3,0,1.365672,1.307377,1.425469,5,0.162000,0.081200,0
1479,101.228000,101.122800,-0.105200,3,1,1.995087,2.037900,2.037617,5,0.202000,0.105200,0
1479,101.228000,101.146800,-0.081200,3,2,1.394782,1.433271,1.417287,5,0.162000,0.081200,0
1480,101.266000,101.186800,-0.079200,3,0,1.368566,1.336016,1.427214,5,0.158000,0.079200,0
1480,101.266000,101.170800,-0.095200,3,1,2.000477,1.953313,2.041694,5,0.200000,0.095200,0
1480,101.266000,101.186800,-0.079200,3,2,1.411566,1.448252,1.418785,5,0.158000,0.079200,0
1481,101.306000,101.226400,-0.079600,3,0,1.358399,1.369979,1.429601,5,0.160000,0.079600,0
1481,101.306000,101.218800,-0.087200,3,1,2.011946,1.998855,2.046627,5,0.198000,0.087200,0
1481,101.306000,101.226400,-0.079600,3,2,1.423009,1.413257,1.420991,5,0.160000,0.079600,0
1482,101.346000,101.266400,-0.079600,3,0,1.337844,1.318802,1.432707,5,0.160000,0.079600,0
1482,101.346000,101.266400,-0.079600,3,1,2.017598,2.085125,2.052581,5,0.160000,0.079600,0
1482,101.346000,101.266400,-0.079600,3,2,1.405923,1.388576,1.423959,5,0.160000,0.079600,0
1483,101.386000,101.306400,-0.079600,3,0,1.369936,1.517507,1.436120,5,0.158000,0.079600,0
1483,101.386000,101.306400,-0.079600,3,1,2.018125,2.015433,2.058803,5,0.158000,0.079600,0
1483,101.386000,101.306400,-0.079600,3,2,1.410567,1.369481,1.427274,5,0.158000,0.079600,0
1484,101.426000,101.346000,-0.080000,3,0,1.407930,1.497344,1.440598,5,0.160000,0.080000,0
1484,101.426000,101.346000,-0.080000,3,1,2.019596,2.045255,2.066658,5,0.160000,0.080000,0
1484,101.426000,101.346000,-0.080000,3,2,1.400741,1.384138,1.431660,5,0.160000,0.080000,0
1485,101.466000,101.386000,-0.080000,3,0,1.422336,1.408048,1.440598,5,0.160000,0.080000,0
1485,101.466000,101.386000,-0.080000,3,1,2.036179,2.036227,2.066658,5,0.160000,0.080000,0
1485,101.466000,101.386000,-0.080000,3,2,1.400397,1.446535,1.431660,5,0.160000,0.080000,0
1486,101.508000,101.426400,-0.081600,3,0,1.423456,1.375581,1.446908,5,0.162000,0.081600,0
1486,101.508000,101.426400,-0.081600,3,1,2.023420,1.935060,2.077353,5,0.162000,0.081600,0
1486,101.508000,101.426400,-0.081600,3,2,1.410646,1.464498,1.437873,5,0.162000,0.081600,0
1487,101.548000,101.466800,-0.081200,3,0,1.452426,1.463651,1.453241,5,0.162000,0.081200,0
1487,101.548000,101.466800,-0.081200,3,1,1.999232,1.964186,2.087798,5,0.162000,0.081200,0
1487,101.548000,101.466800,-0.081200,3,2,1.442760,1.549147,1.444126,5,0.162000,0.081200,0
1488,101.586000,101.506800,-0.079200,3,0,1.442686,1.468808,1.459944,5,0.160000,0.079200,0
1488,101.586000,101.506800,-0.079200,3,1,2.015718,2.097865,2.098637,5,0.160000,0.079200,0
1488,101.586000,101.506800,-0.079200,3,2,1.494441,1.627888,1.450756,5,0.160000,0.079200,0
1489,101.626000,101.546800,-0.079200,3,0,1.413768,1.352752,1.466887,5,0.160000,0.079200,0
1489,101.626000,101.546800,-0.079200,3,1,2.039647,2.164899,2.109694,5,0.160000,0.079200,0
1489,101.626000,101.546800,-0.079200,3,2,1.532893,1.576399,1.457631,5,0.160000,0.079200,0
1490,101.666000,101.586800,-0.079200,3,0,1.453469,1.606552,1.482308,5,0.158000,0.079200,0
1490,101.666000,101.586800,-0.079200,3,1,2.034288,2.009427,2.133840,5,0.158000,0.079200,0
1490,101.666000,101.586800,-0.079200,3,2,1.534275,1.453443,1.472950,5,0.158000,0.079200,0
1491,101.706000,101.626400,-0.079600,3,0,1.454956,1.383016,1.490253,5,0.158000,0.079600,0
1491,101.706000,101.626400,-0.079600,3,1,2.061720,2.072222,2.146131,5,0.158000,0.079600,0
1491,101.706000,101.626400,-0.079600,3,2,1.547463,1.530436,1.480877,5,0.158000,0.079600,0
1492,101.746000,101.666000,-0.080000,3,0,1.449959,1.438666,1.499029,5,0.160000,0.080000,0
1492,101.746000,101.666000,-0.080000,3,1,2.109448,2.202828,2.159632,5,0.160000,0.080000,0
1492,101.746000,101.666000,-0.080000,3,2,1.527539,1.449531,1.489668,5,0.160000,0.080000,0
1493,101.786000,101.706000,-0.080000,3,0,1.464994,1.543982,1.508164,5,0.160000,0.080000,0
1493,101.786000,101.706000,-0.080000,3,1,2.096741,2.034326,2.173625,5,0.160000,0.080000,0
1493,101.786000,101.706000,-0.080000,3,2,1.518648,1.583429,1.498862,5,0.160000,0.080000,0
1494,101.826000,101.746000,-0.080000,3,0,1.501658,1.536073,1.517112,5,0.160000,0.080000,0
1494,101.826000,101.746000,-0.080000,3,1,2.088064,2.121515,2.187291,5,0.160000,0.080000,0
1494,101.826000,101.746000,-0.080000,3,2,1.472049,1.343405,1.507912,5,0.160000,0.080000,0
1495,101.866000,101.786000,-0.080000,3,0,1.503091,1.613718,1.526829,5,0.160000,0.080000,0
1495,101.866000,101.786000,-0.080000,3,1,2.118369,2.160956,2.202100,5,0.160000,0.080000,0
1495,101.866000,101.786000,-0.080000,3,2,1.468508,1.435737,1.517791,5,0.160000,0.080000,0
1496,101.906000,101.826000,-0.080000,3,0,1.504978,1.392451,1.536788,5,0.160000,0.080000,0
1496,101.906000,101.826000,-0.080000,3,1,2.139959,2.180169,2.217255,5,0.160000,0.080000,0
1496,101.906000,101.826000,-0.080000,3,2,1.453883,1.457313,1.527971,5,0.160000,0.080000,0
1497,101.946000,101.866000,-0.080000,3,0,1.539116,1.609358,1.546952,5,0.160000,0.080000,0
1497,101.946000,101.866000,-0.080000,3,1,2.153989,2.272979,2.232710,5,0.160000,0.080000,0
1497,101.946000,101.866000,-0.080000,3,2,1.463791,1.499072,1.538418,5,0.160000,0.080000,0
1498,101.986000,101.906000,-0.080000,3,0,1.555236,1.624578,1.557840,5,0.160000,0.080000,0
1498,101.986000,101.906000,-0.080000,3,1,2.192841,2.228589,2.249253,5,0.160000,0.080000,0
1499,102.026000,101.946000,-0.080000,3,0,1.570553,1.612662,1.567774,5,0.160000,0.080000,0
1499,102.026000,101.946000,-0.080000,3,1,2.234729,2.330951,2.264338,5,0.160000,0.080000,0
1499,102.026000,101.914000,-0.112000,3,2,1.450490,1.516924,1.559967,5,0.200000,0.112000,0
1500,102.066000,101.986000,-0.080000,3,0,1.590594,1.713920,1.578933,5,0.160000,0.080000,0
1500,102.066000,101.986000,-0.080000,3,1,2.282557,2.400098,2.281272,5,0.160000,0.080000,0
1500,102.066000,101.962000,-0.104000,3,2,1.492717,1.554541,1.571583,5,0.200000,0.104000,0
1501,102.106000,102.026000,-0.080000,3,0,1.671175,1.795359,1.589624,5,0.160000,0.080000,0
1501,102.106000,102.026000,-0.080000,3,1,2.305016,2.292466,2.297487,5,0.160000,0.080000,0
1501,102.106000,102.010000,-0.096000,3,2,1.525518,1.599738,1.582750,5,0.200000,0.096000,0
1502,102.146000,102.066000,-0.080000,3,0,1.693035,1.718659,1.599809,5,0.160000,0.080000,0
1502,102.146000,102.066000,-0.080000,3,1,2.305125,2.273523,2.312928,5,0.160000,0.080000,0
1502,102.146000,102.058000,-0.088000,3,2,1.552350,1.591474,1.593419,5,0.200000,0.088000,0
1503,102.186000,102.106000,-0.080000,3,0,1.681891,1.568854,1.611168,5,0.160000,0.080000,0
1503,102.186000,102.106000,-0.080000,3,1,2.342218,2.414052,2.330142,5,0.160000,0.080000,0
1503,102.186000,102.106000,-0.080000,3,2,1.533393,1.404286,1.605352,5,0.160000,0.080000,0
1504,102.226000,102.146000,-0.080000,3,0,1.693780,1.672108,1.621974,5,0.160000,0.080000,0
1504,102.226000,102.146000,-0.080000,3,1,2.348436,2.362043,2.346516,5,0.160000,0.080000,0
1505,102.266000,102.186000,-0.080000,3,0,1.682444,1.657240,1.632204,5,0.160000,0.080000,0
1505,102.266000,102.186000,-0.080000,3,1,2.341983,2.367832,2.362018,5,0.160000,0.080000,0
1505,102.266000,102.154000,-0.112000,3,2,1.577363,1.736777,1.627550,5,0.200000,0.112000,0
1506,102.306000,102.226000,-0.080000,3,0,1.656934,1.667810,1.642973,5,0.160000,0.080000,0
1506,102.306000,102.226000,-0.080000,3,1,2.355080,2.357952,2.378344,5,0.160000,0.080000,0
1506,102.306000,102.202000,-0.104000,3,2,1.578042,1.557937,1.638970,5,0.200000,0.104000,0
1507,102.346000,102.266000,-0.080000,3,0,1.634561,1.606795,1.664339,5,0.160000,0.080000,0
1507,102.346000,102.266000,-0.080000,3,1,2.399340,2.494823,2.410762,5,0.160000,0.080000,0
1507,102.346000,102.250000,-0.096000,3,2,1.604929,1.734173,1.661754,5,0.200000,0.096000,0
1508,102.386000,102.306000,-0.080000,3,0,1.658395,1.688020,1.675452,5,0.160000,0.080000,0
1508,102.386000,102.306000,-0.080000,3,1,2.391822,2.376459,2.427637,5,0.160000,0.080000,0
1508,102.386000,102.298000,-0.088000,3,2,1.597416,1.553909,1.673672,5,0.200000,0.088000,0
1509,102.426000,102.346000,-0.080000,3,0,1.667784,1.719055,1.685901,5,0.160000,0.080000,0
1509,102.426000,102.346000,-0.080000,3,1,2.417361,2.489738,2.443511,5,0.160000,0.080000,0
1509,102.426000,102.346000,-0.080000,3,2,1.662221,1.728311,1.684921,5,0.160000,0.080000,0
1510,102.466000,102.386000,-0.080000,3,0,1.671840,1.677520,1.696228,5,0.160000,0.080000,0
1510,102.466000,102.386000,-0.080000,3,1,2.396627,2.264162,2.459207,5,0.160000,0.080000,0
1510,102.466000,102.386000,-0.080000,3,2,1.652262,1.686980,1.696083,5,0.160000,0.080000,0
1511,102.506000,102.426000,-0.080000,3,0,1.704665,1.831933,1.706416,5,0.160000,0.080000,0
1511,102.506000,102.426000,-0.080000,3,1,2.410708,2.428360,2.474699,5,0.160000,0.080000,0
1511,102.506000,102.426000,-0.080000,3,2,1.671247,1.652860,1.707138,5,0.160000,0.080000,0
1512,102.546000,102.466000,-0.080000,3,0,1.708039,1.623669,1.716452,5,0.160000,0.080000,0
1512,102.546000,102.466000,-0.080000,3,1,2.398281,2.432687,2.489964,5,0.160000,0.080000,0
1512,102.546000,102.466000,-0.080000,3,2,1.678793,1.771906,1.718067,5,0.160000,0.080000,0
1513,102.586000,102.506000,-0.080000,3,0,1.746804,1.881843,1.725807,5,0.160000,0.080000,0
1513,102.586000,102.506000,-0.080000,3,1,2.418619,2.478151,2.504201,5,0.160000,0.080000,0
1513,102.586000,102.506000,-0.080000,3,2,1.707044,1.695162,1.728292,5,0.160000,0.080000,0
1514,102.626000,102.546000,-0.080000,3,0,1.736804,1.669053,1.736522,5,0.160000,0.080000,0
1514,102.626000,102.546000,-0.080000,3,1,2.437866,2.585969,2.520512,5,0.160000,0.080000,0
1514,102.626000,102.546000,-0.080000,3,2,1.705638,1.721280,1.740044,5,0.160000,0.080000,0
1515,102.666000,102.586000,-0.080000,3,0,1.748456,1.735779,1.746021,5,0.160000,0.080000,0
1515,102.666000,102.586000,-0.080000,3,1,2.496231,2.555988,2.534974,5,0.160000,0.080000,0
1515,102.666000,102.586000,-0.080000,3,2,1.713215,1.724865,1.750499,5,0.160000,0.080000,0
1516,102.706000,102.626000,-0.080000,3,0,1.747623,1.827770,1.756293,5,0.160000,0.080000,0
1516,102.706000,102.626000,-0.080000,3,1,2.492214,2.408279,2.550615,5,0.160000,0.080000,0
1516,102.706000,102.626000,-0.080000,3,2,1.718688,1.680226,1.761842,5,0.160000,0.080000,0
1517,102.746000,102.666000,-0.080000,3,0,1.772066,1.745883,1.765849,5,0.160000,0.080000,0
1517,102.746000,102.666000,-0.080000,3,1,2.533714,2.640182,2.565162,5,0.160000,0.080000,0
1517,102.746000,102.666000,-0.080000,3,2,1.704519,1.701061,1.772426,5,0.160000,0.080000,0
1518,102.786000,102.706000,-0.080000,3,0,1.790931,1.976169,1.775176,5,0.160000,0.080000,0
1518,102.786000,102.706000,-0.080000,3,1,2.538738,2.503273,2.579359,5,0.160000,0.080000,0
1518,102.786000,102.706000,-0.080000,3,2,1.700042,1.672780,1.782787,5,0.160000,0.080000,0
1519,102.826000,102.746000,-0.080000,3,0,1.813812,1.783458,1.785616,5,0.160000,0.080000,0
1519,102.826000,102.746000,-0.080000,3,1,2.540066,2.592608,2.595235,5,0.160000,0.080000,0
1519,102.826000,102.746000,-0.080000,3,2,1.731487,1.878503,1.794416,5,0.160000,0.080000,0
1520,102.866000,102.786000,-0.080000,3,0,1.833919,1.836317,1.794007,5,0.160000,0.080000,0
1520,102.866000,102.786000,-0.080000,3,1,2.542336,2.567341,2.607970,5,0.160000,0.080000,0
1520,102.866000,102.786000,-0.080000,3,2,1.748747,1.811163,1.803781,5,0.160000,0.080000,0
1521,102.906000,102.826000,-0.080000,3,0,1.844560,1.880972,1.802188,5,0.160000,0.080000,0
1521,102.906000,102.826000,-0.080000,3,1,2.609573,2.744461,2.620344,5,0.160000,0.080000,0
1521,102.906000,102.826000,-0.080000,3,2,1.763175,1.752369,1.812915,5,0.160000,0.080000,0
1522,102.946000,102.866000,-0.080000,3,0,1.849515,1.770659,1.810984,5,0.160000,0.080000,0
1522,102.946000,102.866000,-0.080000,3,1,2.589200,2.538320,2.633585,5,0.160000,0.080000,0
1522,102.946000,102.866000,-0.080000,3,2,1.791185,1.841110,1.822720,5,0.160000,0.080000,0
1523,102.986000,102.906000,-0.080000,3,0,1.837526,1.916225,1.818717,5,0.160000,0.080000,0
1523,102.986000,102.906000,-0.080000,3,1,2.616197,2.638257,2.645155,5,0.160000,0.080000,0
1523,102.986000,102.906000,-0.080000,3,2,1.787192,1.652817,1.831305,5,0.160000,0.080000,0
1524,103.026000,102.946000,-0.080000,3,0,1.844491,1.818282,1.826996,5,0.160000,0.080000,0
1524,103.026000,102.946000,-0.080000,3,1,2.627519,2.649214,2.657477,5,0.160000,0.080000,0
1524,103.026000,102.946000,-0.080000,3,2,1.767121,1.778148,1.840458,5,0.160000,0.080000,0
1525,103.066000,102.986000,-0.080000,3,0,1.869039,1.959058,1.834221,5,0.160000,0.080000,0
1525,103.066000,102.986000,-0.080000,3,1,2.645252,2.656005,2.668188,5,0.160000,0.080000,0
1525,103.066000,102.986000,-0.080000,3,2,1.779178,1.871447,1.848422,5,0.160000,0.080000,0
1526,103.108000,103.026400,-0.081600,3,0,1.856247,1.817011,1.841526,5,0.162000,0.081600,0
1526,103.108000,103.026400,-0.081600,3,1,2.648518,2.760795,2.679003,5,0.162000,0.081600,0
1526,103.108000,103.026400,-0.081600,3,2,1.793354,1.823250,1.856473,5,0.162000,0.081600,0
1527,103.146000,103.066400,-0.079600,3,0,1.876026,1.869555,1.847820,5,0.160000,0.079600,0
1527,103.146000,103.066400,-0.079600,3,1,2.676010,2.675781,2.688329,5,0.160000,0.079600,0
1527,103.146000,103.066400,-0.079600,3,2,1.802381,1.886242,1.863431,5,0.160000,0.079600,0
1528,103.186000,103.106400,-0.079600,3,0,1.838045,1.726320,1.853840,5,0.160000,0.079600,0
1528,103.186000,103.106400,-0.079600,3,1,2.695131,2.733860,2.697272,5,0.160000,0.079600,0
1528,103.186000,103.106400,-0.079600,3,2,1.856971,1.925771,1.870119,5,0.160000,0.079600,0
1529,103.226000,103.146400,-0.079600,3,0,1.818730,1.721708,1.858961,5,0.160000,0.079600,0
1529,103.226000,103.146400,-0.079600,3,1,2.690569,2.626402,2.704904,5,0.160000,0.079600,0
1529,103.226000,103.146400,-0.079600,3,2,1.873527,1.860924,1.875844,5,0.160000,0.079600,0
1530,103.266000,103.186400,-0.079600,3,0,1.825616,1.993484,1.864765,5,0.158000,0.079600,0
1530,103.266000,103.186400,-0.079600,3,1,2.698159,2.693956,2.713590,5,0.158000,0.079600,0
1530,103.266000,103.186400,-0.079600,3,2,1.883424,1.920931,1.882385,5,0.158000,0.079600,0
1531,103.306000,103.226000,-0.080000,3,0,1.853286,1.955362,1.870280,5,0.160000,0.080000,0
1531,103.306000,103.226000,-0.080000,3,1,2.710299,2.821497,2.721882,5,0.160000,0.080000,0
1531,103.306000,103.226000,-0.080000,3,2,1.900564,1.908951,1.888655,5,0.160000,0.080000,0
1532,103.346000,103.266000,-0.080000,3,0,1.859338,1.899817,1.875250,5,0.160000,0.080000,0
1532,103.346000,103.266000,-0.080000,3,1,2.717287,2.710723,2.729384,5,0.160000,0.080000,0
1532,103.346000,103.266000,-0.080000,3,2,1.878386,1.775352,1.894357,5,0.160000,0.080000,0
1533,103.386000,103.306000,-0.080000,3,0,1.889381,1.876537,1.880240,5,0.160000,0.080000,0
1533,103.386000,103.306000,-0.080000,3,1,2.739845,2.846647,2.736946,5,0.160000,0.080000,0
1533,103.386000,103.306000,-0.080000,3,2,1.891474,1.991209,1.900134,5,0.160000,0.080000,0
1534,103.426000,103.346000,-0.080000,3,0,1.927460,1.912102,1.889258,5,0.160000,0.080000,0
1534,103.426000,103.346000,-0.080000,3,1,2.790512,2.879737,2.750664,5,0.160000,0.080000,0
1534,103.426000,103.346000,-0.080000,3,2,1.925447,2.030793,1.910707,5,0.160000,0.080000,0
1535,103.466000,103.386000,-0.080000,3,0,1.907507,1.893718,1.893769,5,0.160000,0.080000,0
1535,103.466000,103.386000,-0.080000,3,1,2.831333,2.898062,2.757551,5,0.160000,0.080000,0
1535,103.466000,103.386000,-0.080000,3,2,1.935167,1.969527,1.916067,5,0.160000,0.080000,0
1536,103.506000,103.426000,-0.080000,3,0,1.913561,1.985631,1.897831,5,0.160000,0.080000,0
1536,103.506000,103.426000,-0.080000,3,1,2.815931,2.744485,2.763767,5,0.160000,0.080000,0
1536,103.506000,103.426000,-0.080000,3,2,1.945609,1.961163,1.920938,5,0.160000,0.080000,0
1537,103.546000,103.466000,-0.080000,3,0,1.918994,1.926980,1.901683,5,0.160000,0.080000,0
1537,103.546000,103.466000,-0.080000,3,1,2.862878,2.945457,2.769673,5,0.160000,0.080000,0
1537,103.546000,103.466000,-0.080000,3,2,1.961214,1.853378,1.925599,5,0.160000,0.080000,0
1538,103.586000,103.506000,-0.080000,3,0,1.924310,1.903118,1.905333,5,0.160000,0.080000,0
1538,103.586000,103.506000,-0.080000,3,1,2.847765,2.771083,2.775280,5,0.160000,0.080000,0
1538,103.586000,103.506000,-0.080000,3,2,1.967389,2.022085,1.930055,5,0.160000,0.080000,0
1539,103.626000,103.546000,-0.080000,3,0,1.914343,1.862268,1.908612,5,0.160000,0.080000,0
1539,103.626000,103.546000,-0.080000,3,1,2.810951,2.695669,2.780322,5,0.160000,0.080000,0
1539,103.626000,103.546000,-0.080000,3,2,1.946590,1.926799,1.934090,5,0.160000,0.080000,0
1540,103.666000,103.586000,-0.080000,3,0,1.940544,2.024721,1.911724,5,0.160000,0.080000,0
1540,103.666000,103.586000,-0.080000,3,1,2.794194,2.814277,2.785110,5,0.160000,0.080000,0
1540,103.666000,103.586000,-0.080000,3,2,1.944586,1.959506,1.937949,5,0.160000,0.080000,0
1541,103.706000,103.626000,-0.080000,3,0,1.946296,2.014391,1.914836,5,0.160000,0.080000,0
1541,103.706000,103.626000,-0.080000,3,1,2.814483,2.845927,2.789896,5,0.160000,0.080000,0
1541,103.706000,103.626000,-0.080000,3,2,1.943426,1.955364,1.941838,5,0.160000,0.080000,0
1542,103.746000,103.666000,-0.080000,3,0,1.911418,1.752591,1.917779,5,0.160000,0.080000,0
1542,103.746000,103.666000,-0.080000,3,1,2.767230,2.709194,2.794417,5,0.160000,0.080000,0
1542,103.746000,103.666000,-0.080000,3,2,1.963505,1.953775,1.945544,5,0.160000,0.080000,0
1543,103.786000,103.706000,-0.080000,3,0,1.927090,1.981479,1.920562,5,0.160000,0.080000,0
1543,103.786000,103.706000,-0.080000,3,1,2.742159,2.645728,2.798684,5,0.160000,0.080000,0
1543,103.786000,103.706000,-0.080000,3,2,1.941469,1.911904,1.949077,5,0.160000,0.080000,0
1544,103.826000,103.746000,-0.080000,3,0,1.956392,2.008776,1.923196,5,0.160000,0.080000,0
1544,103.826000,103.746000,-0.080000,3,1,2.778137,2.875557,2.802709,5,0.160000,0.080000,0
1544,103.826000,103.746000,-0.080000,3,2,1.934517,1.892038,1.952442,5,0.160000,0.080000,0
1545,103.866000,103.786000,-0.080000,3,0,1.946364,1.974585,1.925692,5,0.160000,0.080000,0
1545,103.866000,103.786000,-0.080000,3,1,2.783542,2.841305,2.806505,5,0.160000,0.080000,0
1545,103.866000,103.786000,-0.080000,3,2,1.922185,1.897845,1.955645,5,0.160000,0.080000,0
1546,103.906000,103.826000,-0.080000,3,0,1.945018,2.007660,1.928056,5,0.160000,0.080000,0
1546,103.906000,103.826000,-0.080000,3,1,2.797310,2.914768,2.810082,5,0.160000,0.080000,0
1546,103.906000,103.826000,-0.080000,3,2,1.939074,2.039810,1.958691,5,0.160000,0.080000,0
1547,103.946000,103.866000,-0.080000,3,0,1.974314,1.899070,1.930182,5,0.160000,0.080000,0
1547,103.946000,103.866000,-0.080000,3,1,2.800463,2.724959,2.813277,5,0.160000,0.080000,0
1547,103.946000,103.866000,-0.080000,3,2,1.967222,2.094514,1.961436,5,0.160000,0.080000,0
1548,103.986000,103.906000,-0.080000,3,0,1.950591,1.862863,1.932196,5,0.160000,0.080000,0
1548,103.986000,103.906000,-0.080000,3,1,2.824086,2.763842,2.816287,5,0.160000,0.080000,0
1548,103.986000,103.906000,-0.080000,3,2,2.002961,2.090596,1.964046,5,0.160000,0.080000,0
1549,104.026000,103.946000,-0.080000,3,0,1.915944,1.835544,1.935976,5,0.160000,0.080000,0
1549,104.026000,103.946000,-0.080000,3,1,2.841617,2.963211,2.821894,5,0.160000,0.080000,0
1549,104.026000,103.946000,-0.080000,3,2,2.039858,2.076524,1.969000,5,0.160000,0.080000,0
1550,104.066000,103.986000,-0.080000,3,0,1.899643,1.893077,1.937745,5,0.160000,0.080000,0
1550,104.066000,103.986000,-0.080000,3,1,2.830326,2.784850,2.824470,5,0.160000,0.080000,0
1550,104.066000,103.986000,-0.080000,3,2,2.050883,1.952970,1.971373,5,0.160000,0.080000,0
1551,104.106000,104.026000,-0.080000,3,0,1.889118,1.955038,1.939422,5,0.160000,0.080000,0
1551,104.106000,104.026000,-0.080000,3,1,2.818673,2.856502,2.826846,5,0.160000,0.080000,0
1551,104.106000,104.026000,-0.080000,3,2,2.055862,2.064705,1.973667,5,0.160000,0.080000,0
1552,104.146000,104.066000,-0.080000,3,0,1.899109,1.949022,1.941034,5,0.160000,0.080000,0
1552,104.146000,104.066000,-0.080000,3,1,2.807947,2.671328,2.829028,5,0.160000,0.080000,0
1552,104.146000,104.066000,-0.080000,3,2,2.022079,1.925598,1.975900,5,0.160000,0.080000,0
1553,104.186000,104.106000,-0.080000,3,0,1.938559,2.060115,1.942600,5,0.160000,0.080000,0
1553,104.186000,104.106000,-0.080000,3,1,2.826406,2.856137,2.831020,5,0.160000,0.080000,0
1553,104.186000,104.106000,-0.080000,3,2,2.013171,2.046060,1.978084,5,0.160000,0.080000,0
1554,104.226000,104.146000,-0.080000,3,0,1.995161,2.118554,1.944057,5,0.160000,0.080000,0
1554,104.226000,104.146000,-0.080000,3,1,2.806314,2.862752,2.832737,5,0.160000,0.080000,0
1554,104.226000,104.146000,-0.080000,3,2,2.017229,2.096811,1.980110,5,0.160000,0.080000,0
1555,104.266000,104.186000,-0.080000,3,0,1.981421,1.824377,1.945496,5,0.160000,0.080000,0
1555,104.266000,104.186000,-0.080000,3,1,2.796699,2.736775,2.834293,5,0.160000,0.080000,0
1555,104.266000,104.186000,-0.080000,3,2,2.025291,1.993278,1.982093,5,0.160000,0.080000,0
1556,104.326000,104.230000,-0.096000,3,0,1.981611,1.955986,1.947077,5,0.180000,0.096000,0
1556,104.326000,104.230000,-0.096000,3,1,2.819235,2.969184,2.835842,5,0.180000,0.096000,0
1556,104.326000,104.230000,-0.096000,3,2,2.012206,1.999281,1.984241,5,0.180000,0.096000,0
1557,104.346000,104.270000,-0.076000,3,0,1.972095,1.901445,1.949183,5,0.160000,0.076000,0
1557,104.346000,104.270000,-0.076000,3,1,2.878696,2.968633,2.837644,5,0.160000,0.076000,0
1557,104.346000,104.270000,-0.076000,3,2,2.023716,1.983150,1.987028,5,0.160000,0.076000,0
1558,104.386000,104.310000,-0.076000,3,0,1.948726,1.943267,1.950717,5,0.160000,0.076000,0
1558,104.386000,104.310000,-0.076000,3,1,2.915562,3.040465,2.838775,5,0.160000,0.076000,0
1558,104.386000,104.310000,-0.076000,3,2,2.006838,1.961667,1.988994,5,0.160000,0.076000,0
1559,104.426000,104.350000,-0.076000,3,0,1.931639,2.033118,1.950717,5,0.160000,0.076000,0
1559,104.426000,104.350000,-0.076000,3,1,2.912894,2.849414,2.838775,5,0.160000,0.076000,0
1559,104.426000,104.350000,-0.076000,3,2,1.978374,1.954492,1.988994,5,0.160000,0.076000,0
1560,104.466000,104.390000,-0.076000,3,0,1.976271,2.047536,1.953749,5,0.140000,0.076000,0
1560,104.466000,104.390000,-0.076000,3,1,2.935017,2.847391,2.840572,5,0.140000,0.076000,0
1560,104.466000,104.390000,-0.076000,3,2,1.986710,2.034958,1.992708,5,0.140000,0.076000,0
1561,104.506000,104.426000,-0.080000,3,0,1.960112,1.875195,1.955087,5,0.160000,0.080000,0
1561,104.506000,104.426000,-0.080000,3,1,2.886634,2.727267,2.841173,5,0.160000,0.080000,0
1561,104.506000,104.426000,-0.080000,3,2,1.979416,1.962812,1.994269,5,0.160000,0.080000,0
1562,104.546000,104.466000,-0.080000,3,0,1.955740,1.879584,1.956375,5,0.160000,0.080000,0
1562,104.546000,104.466000,-0.080000,3,1,2.851913,2.795030,2.841634,5,0.160000,0.080000,0
1562,104.546000,104.466000,-0.080000,3,2,1.974149,1.956817,1.995723,5,0.160000,0.080000,0
1563,104.586000,104.506000,-0.080000,3,0,1.971195,2.020542,1.957549,5,0.160000,0.080000,0
1563,104.586000,104.506000,-0.080000,3,1,2.793402,2.747911,2.841948,5,0.160000,0.080000,0
1563,104.586000,104.506000,-0.080000,3,2,1.978600,1.983918,1.997003,5,0.160000,0.080000,0
1564,104.626000,104.546000,-0.080000,3,0,1.955139,1.952838,1.958738,5,0.160000,0.080000,0
1564,104.626000,104.546000,-0.080000,3,1,2.800593,2.885367,2.842154,5,0.160000,0.080000,0
1564,104.626000,104.546000,-0.080000,3,2,1.987771,2.000349,1.998253,5,0.160000,0.080000,0
1565,104.666000,104.586000,-0.080000,3,0,1.963053,2.087106,1.959880,5,0.160000,0.080000,0
1565,104.666000,104.586000,-0.080000,3,1,2.804464,2.866743,2.842238,5,0.160000,0.080000,0
1565,104.666000,104.586000,-0.080000,3,2,1.977984,1.986022,1.999402,5,0.160000,0.080000,0
1566,104.706000,104.626000,-0.080000,3,0,1.946644,1.793150,1.960975,5,0.160000,0.080000,0
1566,104.706000,104.626000,-0.080000,3,1,2.820879,2.809345,2.842203,5,0.160000,0.080000,0
1566,104.706000,104.626000,-0.080000,3,2,2.006610,2.105941,2.000454,5,0.160000,0.080000,0
1567,104.746000,104.666000,-0.080000,3,0,2.008502,2.188877,1.962027,5,0.160000,0.080000,0
1567,104.746000,104.666000,-0.080000,3,1,2.821030,2.795782,2.842057,5,0.160000,0.080000,0
1567,104.746000,104.666000,-0.080000,3,2,2.017077,2.009153,2.001413,5,0.160000,0.080000,0
1568,104.786000,104.706000,-0.080000,3,0,2.013513,2.045593,1.963036,5,0.160000,0.080000,0
1568,104.786000,104.706000,-0.080000,3,1,2.833815,2.811836,2.841802,5,0.160000,0.080000,0
1568,104.786000,104.706000,-0.080000,3,2,2.029378,2.045424,2.002284,5,0.160000,0.080000,0
1569,104.826000,104.746000,-0.080000,3,0,2.006922,1.919887,1.964004,5,0.160000,0.080000,0
1569,104.826000,104.746000,-0.080000,3,1,2.813778,2.785185,2.841443,5,0.160000,0.080000,0
1569,104.826000,104.746000,-0.080000,3,2,2.034605,2.026485,2.003069,5,0.160000,0.080000,0
1570,104.866000,104.786000,-0.080000,3,0,1.965186,1.878426,1.964929,5,0.160000,0.080000,0
1570,104.866000,104.786000,-0.080000,3,1,2.850244,3.049073,2.840982,5,0.160000,0.080000,0
1570,104.866000,104.786000,-0.080000,3,2,2.027143,1.948708,2.003769,5,0.160000,0.080000,0
1571,104.906000,104.826000,-0.080000,3,0,2.033295,2.133694,1.965763,5,0.160000,0.080000,0
1571,104.906000,104.826000,-0.080000,3,1,2.877151,2.943881,2.840454,5,0.160000,0.080000,0
1571,104.906000,104.826000,-0.080000,3,2,2.018491,2.062685,2.004355,5,0.160000,0.080000,0
1572,104.946000,104.866000,-0.080000,3,0,1.996254,2.003671,1.966594,5,0.160000,0.080000,0
1572,104.946000,104.866000,-0.080000,3,1,2.898355,2.901798,2.839803,5,0.160000,0.080000,0
1572,104.946000,104.866000,-0.080000,3,2,2.058277,2.208080,2.004891,5,0.160000,0.080000,0
1573,104.986000,104.906000,-0.080000,3,0,1.975727,1.942955,1.967375,5,0.160000,0.080000,0
1573,104.986000,104.906000,-0.080000,3,1,2.898728,2.813704,2.839058,5,0.160000,0.080000,0
1573,104.986000,104.906000,-0.080000,3,2,2.060744,2.057760,2.005348,5,0.160000,0.080000,0
1574,105.026000,104.946000,-0.080000,3,0,1.997391,2.028206,1.968104,5,0.160000,0.080000,0
1574,105.026000,104.946000,-0.080000,3,1,2.905722,2.820155,2.838224,5,0.160000,0.080000,0
1574,105.026000,104.946000,-0.080000,3,2,2.069048,2.068008,2.005727,5,0.160000,0.080000,0
1575,105.066000,104.986000,-0.080000,3,0,2.021889,2.000918,1.969319,5,0.160000,0.080000,0
1575,105.066000,104.986000,-0.080000,3,1,2.843062,2.735772,2.836475,5,0.160000,0.080000,0
1575,105.066000,104.986000,-0.080000,3,2,2.070892,1.957927,2.006240,5,0.160000,0.080000,0
1576,105.114000,105.027600,-0.086400,3,0,1.979774,1.923117,1.969913,5,0.168000,0.086400,0
1576,105.114000,105.027600,-0.086400,3,1,2.828113,2.869135,2.835418,5,0.168000,0.086400,0
1576,105.114000,105.027600,-0.086400,3,2,2.035649,1.886469,2.006425,5,0.168000,0.086400,0
1577,105.146000,105.067600,-0.078400,3,0,1.930496,1.757282,1.969943,5,0.160000,0.078400,0
1577,105.146000,105.067600,-0.078400,3,1,2.799282,2.757646,2.835361,5,0.160000,0.078400,0
1577,105.146000,105.067600,-0.078400,3,2,1.977643,1.918051,2.006434,5,0.160000,0.078400,0
1578,105.186000,105.107600,-0.078400,3,0,1.960433,2.092643,1.970630,5,0.160000,0.078400,0
1578,105.186000,105.107600,-0.078400,3,1,2.827529,2.954939,2.833923,5,0.160000,0.078400,0
1578,105.186000,105.107600,-0.078400,3,2,1.999966,2.169374,2.006578,5,0.160000,0.078400,0
1579,105.226000,105.147600,-0.078400,3,0,1.940131,1.926696,1.971129,5,0.160000,0.078400,0
1579,105.226000,105.147600,-0.078400,3,1,2.848495,2.924981,2.832714,5,0.160000,0.078400,0
1579,105.226000,105.147600,-0.078400,3,2,1.977228,1.954320,2.006629,5,0.160000,0.078400,0
1580,105.266000,105.187600,-0.078400,3,0,1.934863,1.974576,1.972020,5,0.152000,0.078400,0
1580,105.266000,105.187600,-0.078400,3,1,2.876842,2.877506,2.830125,5,0.152000,0.078400,0
1580,105.266000,105.187600,-0.078400,3,2,1.983211,1.987838,2.006574,5,0.152000,0.078400,0
1581,105.306000,105.226000,-0.080000,3,0,1.950515,2.001378,1.972413,5,0.160000,0.080000,0
1581,105.306000,105.226000,-0.080000,3,1,2.872965,2.849755,2.828755,5,0.160000,0.080000,0
1581,105.306000,105.226000,-0.080000,3,2,1.979831,1.869571,2.006472,5,0.160000,0.080000,0
1582,105.346000,105.266000,-0.080000,3,0,1.981677,1.913094,1.972754,5,0.160000,0.080000,0
1582,105.346000,105.266000,-0.080000,3,1,2.903488,2.910260,2.827418,5,0.160000,0.080000,0
1582,105.346000,105.266000,-0.080000,3,2,1.997704,2.007415,2.006334,5,0.160000,0.080000,0
1583,105.386000,105.306000,-0.080000,3,0,1.956337,1.965939,1.973083,5,0.160000,0.080000,0
1583,105.386000,105.306000,-0.080000,3,1,2.859341,2.734205,2.825970,5,0.160000,0.080000,0
1583,105.386000,105.306000,-0.080000,3,2,1.948798,1.924848,2.006147,5,0.160000,0.080000,0
1584,105.426000,105.346000,-0.080000,3,0,1.983211,2.061069,1.973380,5,0.160000,0.080000,0
1584,105.426000,105.346000,-0.080000,3,1,2.816394,2.710244,2.824490,5,0.160000,0.080000,0
1584,105.426000,105.346000,-0.080000,3,2,1.969620,2.058427,2.005920,5,0.160000,0.080000,0
1585,105.466000,105.386000,-0.080000,3,0,1.955685,1.836945,1.973632,5,0.160000,0.080000,0
1585,105.466000,105.386000,-0.080000,3,1,2.816338,2.877226,2.823061,5,0.160000,0.080000,0
1586,105.506000,105.426000,-0.080000,3,0,1.964126,2.043580,1.973868,5,0.160000,0.080000,0
1586,105.506000,105.426000,-0.080000,3,1,2.826879,2.902458,2.821529,5,0.160000,0.080000,0
1586,105.506000,105.394000,-0.112000,3,2,1.977738,2.028427,2.005379,5,0.200000,0.112000,0
1587,105.546000,105.466000,-0.080000,3,0,1.949438,1.839656,1.974064,5,0.160000,0.080000,0
1587,105.546000,105.466000,-0.080000,3,1,2.805842,2.805075,2.820056,5,0.160000,0.080000,0
1587,105.546000,105.442000,-0.104000,3,2,2.003868,2.000225,2.005072,5,0.200000,0.104000,0
1588,105.586000,105.506000,-0.080000,3,0,1.971808,2.077789,1.974234,5,0.160000,0.080000,0
1588,105.586000,105.506000,-0.080000,3,1,2.846505,2.937522,2.818562,5,0.160000,0.080000,0
1588,105.586000,105.490000,-0.096000,3,2,2.005594,2.016041,2.004739,5,0.200000,0.096000,0
1589,105.626000,105.546000,-0.080000,3,0,1.970669,2.055373,1.974386,5,0.160000,0.080000,0
1589,105.626000,105.546000,-0.080000,3,1,2.867150,2.813466,2.816962,5,0.160000,0.080000,0
1589,105.626000,105.538000,-0.088000,3,2,2.008840,1.941079,2.004363,5,0.200000,0.088000,0
1590,105.666000,105.586000,-0.080000,3,0,2.033999,2.153599,1.974510,5,0.160000,0.080000,0
1590,105.666000,105.586000,-0.080000,3,1,2.865490,2.868928,2.815340,5,0.160000,0.080000,0
1590,105.666000,105.586000,-0.080000,3,2,1.968400,1.856229,2.003962,5,0.160000,0.080000,0
1591,105.706000,105.626000,-0.080000,3,0,2.027213,2.009649,1.974608,5,0.160000,0.080000,0
1591,105.706000,105.626000,-0.080000,3,1,2.850437,2.827192,2.813695,5,0.160000,0.080000,0
1591,105.706000,105.626000,-0.080000,3,2,1.971362,2.043239,2.003538,5,0.160000,0.080000,0
1592,105.746000,105.666000,-0.080000,3,0,2.060854,2.007860,1.974681,5,0.160000,0.080000,0
1592,105.746000,105.666000,-0.080000,3,1,2.840655,2.756165,2.812030,5,0.160000,0.080000,0
1592,105.746000,105.666000,-0.080000,3,2,2.007869,2.182759,2.003092,5,0.160000,0.080000,0
1593,105.786000,105.706000,-0.080000,3,1,2.822182,2.845160,2.810437,5,0.160000,0.080000,0
1593,105.786000,105.706000,-0.080000,3,2,2.029382,2.123604,2.002648,5,0.160000,0.080000,0
1594,105.826000,105.714000,-0.112000,3,0,2.027078,1.908909,1.974800,5,0.200000,0.112000,0
1594,105.826000,105.746000,-0.080000,3,1,2.832130,2.863204,2.807140,5,0.160000,0.080000,0
1594,105.826000,105.746000,-0.080000,3,2,2.038637,1.987351,2.001675,5,0.160000,0.080000,0
1595,105.866000,105.762000,-0.104000,3,0,2.023970,2.039834,1.974830,5,0.200000,0.104000,0
1595,105.866000,105.786000,-0.080000,3,1,2.838524,2.900900,2.805444,5,0.160000,0.080000,0
1595,105.866000,105.786000,-0.080000,3,2,2.077804,2.052064,2.001145,5,0.160000,0.080000,0
1596,105.906000,105.810000,-0.096000,3,0,1.973531,1.901405,1.974863,5,0.200000,0.096000,0
1596,105.906000,105.826000,-0.080000,3,1,2.811735,2.693244,2.803756,5,0.160000,0.080000,0
1596,105.906000,105.826000,-0.080000,3,2,2.065008,1.979258,2.000597,5,0.160000,0.080000,0
1597,105.946000,105.858000,-0.088000,3,0,1.982415,2.054066,1.974903,5,0.200000,0.088000,0
1597,105.946000,105.866000,-0.080000,3,1,2.824567,2.820327,2.802082,5,0.160000,0.080000,0
1597,105.946000,105.866000,-0.080000,3,2,2.040594,2.060693,2.000032,5,0.160000,0.080000,0
1598,105.986000,105.906000,-0.080000,3,0,1.984395,2.017761,1.974956,5,0.160000,0.080000,0
1598,105.986000,105.906000,-0.080000,3,1,2.824784,2.846247,2.800430,5,0.160000,0.080000,0
1598,105.986000,105.906000,-0.080000,3,2,2.015435,1.997810,1.999458,5,0.160000,0.080000,0
1599,106.026000,105.946000,-0.080000,3,0,2.003434,2.004105,1.975020,5,0.160000,0.080000,0
1599,106.026000,105.946000,-0.080000,3,1,2.807572,2.777139,2.798889,5,0.160000,0.080000,0
1599,106.026000,105.946000,-0.080000,3,2,1.994933,1.884842,1.998909,5,0.160000,0.080000,0
1600,106.066000,105.986000,-0.080000,3,0,2.000866,2.026991,1.975104,5,0.160000,0.080000,0
1600,106.066000,105.986000,-0.080000,3,1,2.790699,2.816536,2.797295,5,0.160000,0.080000,0
1600,106.066000,105.986000,-0.080000,3,2,1.987500,2.014894,1.998326,5,0.160000,0.080000,0
1601,106.106000,106.026000,-0.080000,3,0,2.007798,1.936066,1.975213,5,0.160000,0.080000,0
1601,106.106000,106.026000,-0.080000,3,1,2.831285,2.896174,2.795654,5,0.160000,0.080000,0
1601,106.106000,106.026000,-0.080000,3,2,1.956638,1.824952,1.997714,5,0.160000,0.080000,0
1602,106.146000,106.066000,-0.080000,3,0,1.998306,2.006609,1.975341,5,0.160000,0.080000,0
1602,106.146000,106.066000,-0.080000,3,1,2.841534,2.871576,2.794055,5,0.160000,0.080000,0
1602,106.146000,106.066000,-0.080000,3,2,1.929412,1.924561,1.997104,5,0.160000,0.080000,0
1603,106.186000,106.106000,-0.080000,3,0,1.995541,2.003932,1.975472,5,0.160000,0.080000,0
1603,106.186000,106.106000,-0.080000,3,1,2.837594,2.826544,2.792652,5,0.160000,0.080000,0
1603,106.186000,106.106000,-0.080000,3,2,1.925995,1.980725,1.996558,5,0.160000,0.080000,0
1604,106.226000,106.146000,-0.080000,3,0,2.002620,2.039503,1.975625,5,0.160000,0.080000,0
1604,106.226000,106.146000,-0.080000,3,1,2.838615,2.782243,2.791210,5,0.160000,0.080000,0
1604,106.226000,106.146000,-0.080000,3,2,1.970017,2.104951,1.995985,5,0.160000,0.080000,0
1605,106.266000,106.186000,-0.080000,3,0,1.980958,1.918680,1.975792,5,0.160000,0.080000,0
1605,106.266000,106.186000,-0.080000,3,1,2.828635,2.766641,2.789806,5,0.160000,0.080000,0
1605,106.266000,106.186000,-0.080000,3,2,1.950815,1.918886,1.995414,5,0.160000,0.080000,0
1606,106.306000,106.226000,-0.080000,3,0,1.965477,1.858662,1.975970,5,0.160000,0.080000,0
1606,106.306000,106.226000,-0.080000,3,1,2.806713,2.786563,2.788441,5,0.160000,0.080000,0
1606,106.306000,106.226000,-0.080000,3,2,1.975809,1.949920,1.994842,5,0.160000,0.080000,0
1607,106.346000,106.266000,-0.080000,3,0,1.967618,2.017313,1.976156,5,0.160000,0.080000,0
1607,106.346000,106.266000,-0.080000,3,1,2.798052,2.828269,2.787112,5,0.160000,0.080000,0
1607,106.346000,106.266000,-0.080000,3,2,1.998178,2.036405,1.994269,5,0.160000,0.080000,0
1608,106.386000,106.306000,-0.080000,3,0,1.951145,1.921569,1.976351,5,0.160000,0.080000,0
1608,106.386000,106.306000,-0.080000,3,1,2.801579,2.844179,2.785819,5,0.160000,0.080000,0
1608,106.386000,106.306000,-0.080000,3,2,1.986108,1.920379,1.993696,5,0.160000,0.080000,0
1609,106.426000,106.346000,-0.080000,3,0,1.963575,2.101650,1.976565,5,0.160000,0.080000,0
1609,106.426000,106.346000,-0.080000,3,1,2.817764,2.863169,2.784496,5,0.160000,0.080000,0
1609,106.426000,106.346000,-0.080000,3,2,1.943367,1.891242,1.993093,5,0.160000,0.080000,0
1610,106.466000,106.386000,-0.080000,3,0,1.986705,2.034330,1.976778,5,0.160000,0.080000,0
1610,106.466000,106.386000,-0.080000,3,1,2.795372,2.654681,2.783277,5,0.160000,0.080000,0
1610,106.466000,106.386000,-0.080000,3,2,1.938338,1.893742,1.992524,5,0.160000,0.080000,0
1611,106.506000,106.426000,-0.080000,3,0,2.005015,1.950214,1.977210,5,0.160000,0.080000,0
1611,106.506000,106.426000,-0.080000,3,1,2.810718,2.863294,2.781075,5,0.160000,0.080000,0
1611,106.506000,106.426000,-0.080000,3,2,1.932049,1.918478,1.991458,5,0.160000,0.080000,0
1612,106.546000,106.466000,-0.080000,3,0,2.016417,2.074320,1.977468,5,0.160000,0.080000,0
1612,106.546000,106.466000,-0.080000,3,1,2.807784,2.813598,2.779915,5,0.160000,0.080000,0
1612,106.546000,106.466000,-0.080000,3,2,1.906730,1.909811,1.990872,5,0.160000,0.080000,0
1613,106.586000,106.506000,-0.080000,3,0,2.014156,1.910265,1.977726,5,0.160000,0.080000,0
1613,106.586000,106.506000,-0.080000,3,1,2.796916,2.789836,2.778857,5,0.160000,0.080000,0
1613,106.586000,106.506000,-0.080000,3,2,1.947361,2.123533,1.990322,5,0.160000,0.080000,0
1614,106.626000,106.546000,-0.080000,3,0,1.998744,2.024590,1.977981,5,0.160000,0.080000,0
1614,106.626000,106.546000,-0.080000,3,1,2.805991,2.908547,2.777892,5,0.160000,0.080000,0
1614,106.626000,106.546000,-0.080000,3,2,1.974657,2.027720,1.989807,5,0.160000,0.080000,0
1615,106.666000,106.586000,-0.080000,3,0,2.000673,2.043978,1.978257,5,0.160000,0.080000,0
1615,106.666000,106.586000,-0.080000,3,1,2.825496,2.752207,2.776911,5,0.160000,0.080000,0
1615,106.666000,106.586000,-0.080000,3,2,2.005438,2.047647,1.989266,5,0.160000,0.080000,0
1616,106.706000,106.626000,-0.080000,3,0,1.998843,1.941062,1.978538,5,0.160000,0.080000,0
1616,106.706000,106.626000,-0.080000,3,1,2.802942,2.750520,2.775967,5,0.160000,0.080000,0
1616,106.706000,106.626000,-0.080000,3,2,2.004290,1.912739,1.988726,5,0.160000,0.080000,0
1617,106.746000,106.666000,-0.080000,3,0,2.002195,2.091082,1.978823,5,0.160000,0.080000,0
1617,106.746000,106.666000,-0.080000,3,1,2.787184,2.734811,2.775058,5,0.160000,0.080000,0
1617,106.746000,106.666000,-0.080000,3,2,2.029672,2.036724,1.988191,5,0.160000,0.080000,0
1618,106.786000,106.706000,-0.080000,3,0,2.038237,2.090473,1.979095,5,0.160000,0.080000,0
1618,106.786000,106.706000,-0.080000,3,1,2.779088,2.749356,2.774228,5,0.160000,0.080000,0
1618,106.786000,106.706000,-0.080000,3,2,2.004127,1.995805,1.987691,5,0.160000,0.080000,0
1619,106.826000,106.746000,-0.080000,3,0,2.017249,1.919648,1.979385,5,0.160000,0.080000,0
1619,106.826000,106.746000,-0.080000,3,1,2.718803,2.607120,2.773387,5,0.160000,0.080000,0
1619,106.826000,106.746000,-0.080000,3,2,1.982352,1.918847,1.987175,5,0.160000,0.080000,0
1620,106.866000,106.786000,-0.080000,3,0,2.037994,2.147705,1.979681,5,0.160000,0.080000,0
1620,106.866000,106.786000,-0.080000,3,1,2.717042,2.743406,2.772582,5,0.160000,0.080000,0
1620,106.866000,106.786000,-0.080000,3,2,1.950340,1.887583,1.986673,5,0.160000,0.080000,0
1621,106.906000,106.826000,-0.080000,3,0,2.050044,2.001312,1.979967,5,0.160000,0.080000,0
1621,106.906000,106.826000,-0.080000,3,1,2.710803,2.719321,2.771854,5,0.160000,0.080000,0
1621,106.906000,106.826000,-0.080000,3,2,1.978081,2.051447,1.986215,5,0.160000,0.080000,0
1622,106.946000,106.866000,-0.080000,3,0,2.038986,2.035791,1.980275,5,0.160000,0.080000,0
1622,106.946000,106.866000,-0.080000,3,1,2.707941,2.720503,2.771125,5,0.160000,0.080000,0
1622,106.946000,106.866000,-0.080000,3,2,1.963652,1.964576,1.985751,5,0.160000,0.080000,0
1623,106.986000,106.906000,-0.080000,3,0,2.005424,1.922665,1.980592,5,0.160000,0.080000,0
1623,106.986000,106.906000,-0.080000,3,1,2.703005,2.724672,2.770436,5,0.160000,0.080000,0
1623,106.986000,106.906000,-0.080000,3,2,1.955587,1.955484,1.985309,5,0.160000,0.080000,0
1624,107.026000,106.946000,-0.080000,3,0,2.027308,2.029066,1.980918,5,0.160000,0.080000,0
1624,107.026000,106.946000,-0.080000,3,1,2.735034,2.767266,2.769782,5,0.160000,0.080000,0
1624,107.026000,106.946000,-0.080000,3,2,1.955459,1.918206,1.984888,5,0.160000,0.080000,0
1625,107.066000,106.986000,-0.080000,3,0,2.004313,2.032733,1.981538,5,0.160000,0.080000,0
1625,107.066000,106.986000,-0.080000,3,1,2.743300,2.784735,2.768657,5,0.160000,0.080000,0
1625,107.066000,106.986000,-0.080000,3,2,2.015279,2.186684,1.984154,5,0.160000,0.080000,0
1626,107.106000,107.026000,-0.080000,3,0,2.004589,2.002690,1.981886,5,0.160000,0.080000,0
1626,107.106000,107.026000,-0.080000,3,1,2.747593,2.740787,2.768086,5,0.160000,0.080000,0
1626,107.106000,107.026000,-0.080000,3,2,2.003327,1.991684,1.983772,5,0.160000,0.080000,0
1627,107.146000,107.066000,-0.080000,3,0,2.006353,2.044612,1.982262,5,0.160000,0.080000,0
1627,107.146000,107.066000,-0.080000,3,1,2.767162,2.818350,2.767514,5,0.160000,0.080000,0
1627,107.146000,107.066000,-0.080000,3,2,2.022695,2.061419,1.983382,5,0.160000,0.080000,0
1628,107.186000,107.106000,-0.080000,3,0,2.015813,1.969964,1.982610,5,0.160000,0.080000,0
1628,107.186000,107.106000,-0.080000,3,1,2.796846,2.873095,2.767027,5,0.160000,0.080000,0
1628,107.186000,107.106000,-0.080000,3,2,2.031005,1.997034,1.983042,5,0.160000,0.080000,0
1629,107.226000,107.146000,-0.080000,3,0,2.017983,2.039917,1.982991,5,0.160000,0.080000,0
1629,107.226000,107.146000,-0.080000,3,1,2.781548,2.690775,2.766542,5,0.160000,0.080000,0
1629,107.226000,107.146000,-0.080000,3,2,2.036763,1.946993,1.982699,5,0.160000,0.080000,0
1630,107.266000,107.186000,-0.080000,3,0,2.030531,2.095472,1.983387,5,0.160000,0.080000,0
1630,107.266000,107.186000,-0.080000,3,1,2.770068,2.727334,2.766091,5,0.160000,0.080000,0
1630,107.266000,107.186000,-0.080000,3,2,1.999577,2.000756,1.982378,5,0.160000,0.080000,0
1631,107.306000,107.226000,-0.080000,3,0,2.019100,1.945536,1.983821,5,0.160000,0.080000,0
1631,107.306000,107.226000,-0.080000,3,1,2.764621,2.713554,2.765659,5,0.160000,0.080000,0
1631,107.306000,107.226000,-0.080000,3,2,2.026827,2.127932,1.982069,5,0.160000,0.080000,0
1632,107.346000,107.266000,-0.080000,3,0,2.001212,1.955169,1.984181,5,0.160000,0.080000,0
1632,107.346000,107.266000,-0.080000,3,1,2.728792,2.639200,2.765347,5,0.160000,0.080000,0
1632,107.346000,107.266000,-0.080000,3,2,2.045500,2.154787,1.981846,5,0.160000,0.080000,0
1633,107.386000,107.306000,-0.080000,3,0,1.987742,1.902614,1.984624,5,0.160000,0.080000,0
1633,107.386000,107.306000,-0.080000,3,1,2.708497,2.771624,2.765020,5,0.160000,0.080000,0
1633,107.386000,107.306000,-0.080000,3,2,2.082612,2.182593,1.981615,5,0.160000,0.080000,0
1634,107.426000,107.346000,-0.080000,3,0,1.994367,2.073043,1.985082,5,0.160000,0.080000,0
1634,107.426000,107.346000,-0.080000,3,1,2.734792,2.822247,2.764746,5,0.160000,0.080000,0
1634,107.426000,107.346000,-0.080000,3,2,2.099863,2.033248,1.981422,5,0.160000,0.080000,0
1635,107.466000,107.386000,-0.080000,3,0,1.942284,1.835058,1.985735,5,0.160000,0.080000,0
1635,107.466000,107.386000,-0.080000,3,1,2.720884,2.657795,2.764465,5,0.160000,0.080000,0
1635,107.466000,107.386000,-0.080000,3,2,2.121786,2.110368,1.981223,5,0.160000,0.080000,0
1636,107.508000,107.426400,-0.081600,3,0,1.950129,1.984760,1.986230,5,0.162000,0.081600,0
1636,107.508000,107.426400,-0.081600,3,1,2.701715,2.617707,2.764332,5,0.162000,0.081600,0
1636,107.508000,107.426400,-0.081600,3,2,2.102418,2.031091,1.981125,5,0.162000,0.081600,0
1637,107.546000,107.466400,-0.079600,3,0,1.965232,2.030687,1.986797,5,0.160000,0.079600,0
1637,107.546000,107.466400,-0.079600,3,1,2.729662,2.778937,2.764259,5,0.160000,0.079600,0
1637,107.546000,107.466400,-0.079600,3,2,2.096452,2.124958,1.981059,5,0.160000,0.079600,0
1638,107.586000,107.506400,-0.079600,3,0,1.977042,1.961664,1.987328,5,0.160000,0.079600,0
1638,107.586000,107.506400,-0.079600,3,1,2.716206,2.704346,2.764258,5,0.160000,0.079600,0
1638,107.586000,107.506400,-0.079600,3,2,2.063584,2.018257,1.981035,5,0.160000,0.079600,0
1639,107.630000,107.547200,-0.082800,3,0,1.940527,1.890465,1.987993,5,0.164000,0.082800,0
1639,107.630000,107.547200,-0.082800,3,1,2.713342,2.807927,2.764334,5,0.164000,0.082800,0
1639,107.630000,107.547200,-0.082800,3,2,2.073181,2.081230,1.981044,5,0.164000,0.082800,0
1640,107.666000,107.587200,-0.078800,3,0,1.952064,1.892744,1.988588,5,0.158000,0.078800,0
1640,107.666000,107.587200,-0.078800,3,1,2.734540,2.763785,2.764459,5,0.158000,0.078800,0
1640,107.666000,107.587200,-0.078800,3,2,2.050188,1.995404,1.981078,5,0.158000,0.078800,0
1641,107.726000,107.630800,-0.095200,3,0,1.942062,1.934749,1.989072,5,0.180000,0.095200,0
1641,107.726000,107.630800,-0.095200,3,1,2.761473,2.752369,2.764593,5,0.180000,0.095200,0
1641,107.726000,107.630800,-0.095200,3,2,2.039778,1.979041,1.981116,5,0.180000,0.095200,0
1642,107.746000,107.670800,-0.075200,3,0,1.931023,1.975493,1.989902,5,0.160000,0.075200,0
1642,107.746000,107.670800,-0.075200,3,1,2.761862,2.780883,2.764884,5,0.160000,0.075200,0
1642,107.746000,107.670800,-0.075200,3,2,2.024093,2.046534,1.981197,5,0.160000,0.075200,0
1643,107.786000,107.710800,-0.075200,3,0,1.942681,2.019952,1.990493,5,0.156000,0.075200,0
1643,107.786000,107.710800,-0.075200,3,1,2.770670,2.748387,2.765134,5,0.156000,0.075200,0
1643,107.786000,107.710800,-0.075200,3,2,2.025739,2.026485,1.981263,5,0.156000,0.075200,0
1644,107.826000,107.750000,-0.076000,3,0,1.963996,1.997042,1.990493,5,0.160000,0.076000,0
1644,107.826000,107.750000,-0.076000,3,1,2.767547,2.792311,2.765134,5,0.160000,0.076000,0
1644,107.826000,107.750000,-0.076000,3,2,2.017056,2.037813,1.981263,5,0.160000,0.076000,0
1645,107.866000,107.790000,-0.076000,3,0,1.954588,1.845704,1.991244,5,0.140000,0.076000,0
1645,107.866000,107.790000,-0.076000,3,1,2.745455,2.653326,2.765499,5,0.140000,0.076000,0
1645,107.866000,107.790000,-0.076000,3,2,2.026840,2.044327,1.981352,5,0.140000,0.076000,0
1646,107.906000,107.826000,-0.080000,3,0,1.980405,2.063836,1.991837,5,0.160000,0.080000,0
1646,107.906000,107.826000,-0.080000,3,1,2.770205,2.876116,2.765825,5,0.160000,0.080000,0
1646,107.906000,107.826000,-0.080000,3,2,2.000153,1.845607,1.981425,5,0.160000,0.080000,0
1647,107.946000,107.866000,-0.080000,3,0,2.003779,2.092363,1.992969,5,0.160000,0.080000,0
1647,107.946000,107.866000,-0.080000,3,1,2.792633,2.893027,2.766534,5,0.160000,0.080000,0
1647,107.946000,107.866000,-0.080000,3,2,1.985231,1.971924,1.981567,5,0.160000,0.080000,0
1648,107.986000,107.906000,-0.080000,3,0,1.992339,1.962752,1.993528,5,0.160000,0.080000,0
1648,107.986000,107.906000,-0.080000,3,1,2.799228,2.781361,2.766928,5,0.160000,0.080000,0
1648,107.986000,107.906000,-0.080000,3,2,1.992422,2.062438,1.981634,5,0.160000,0.080000,0
1649,108.026000,107.946000,-0.080000,3,0,2.000273,2.036711,1.994068,5,0.160000,0.080000,0
1649,108.026000,107.946000,-0.080000,3,1,2.806586,2.829100,2.767338,5,0.160000,0.080000,0
1649,108.026000,107.946000,-0.080000,3,2,1.985983,2.005619,1.981694,5,0.160000,0.080000,0
1650,108.066000,107.986000,-0.080000,3,0,2.026874,1.978706,1.994587,5,0.160000,0.080000,0
1650,108.066000,107.986000,-0.080000,3,1,2.829675,2.768772,2.767761,5,0.160000,0.080000,0
1650,108.066000,107.986000,-0.080000,3,2,1.999801,2.113421,1.981745,5,0.160000,0.080000,0
1651,108.106000,108.026000,-0.080000,3,0,2.013022,1.994577,1.995060,5,0.160000,0.080000,0
1651,108.106000,108.026000,-0.080000,3,1,2.805504,2.755261,2.768172,5,0.160000,0.080000,0
1651,108.106000,108.026000,-0.080000,3,2,2.022426,1.958732,1.981781,5,0.160000,0.080000,0
1652,108.146000,108.066000,-0.080000,3,0,1.970843,1.881468,1.995544,5,0.160000,0.080000,0
1652,108.146000,108.066000,-0.080000,3,1,2.788363,2.807320,2.768616,5,0.160000,0.080000,0
1652,108.146000,108.066000,-0.080000,3,2,2.050506,2.112321,1.981806,5,0.160000,0.080000,0
1653,108.186000,108.106000,-0.080000,3,0,1.992772,2.072399,1.996016,5,0.160000,0.080000,0
1653,108.186000,108.106000,-0.080000,3,1,2.785887,2.768980,2.769068,5,0.160000,0.080000,0
1653,108.186000,108.106000,-0.080000,3,2,2.029891,1.959365,1.981819,5,0.160000,0.080000,0
1654,108.226000,108.146000,-0.080000,3,0,1.978290,1.964300,1.996480,5,0.160000,0.080000,0
1654,108.226000,108.146000,-0.080000,3,1,2.773819,2.768762,2.769528,5,0.160000,0.080000,0
1654,108.226000,108.146000,-0.080000,3,2,2.026891,1.990617,1.981818,5,0.160000,0.080000,0
1655,108.266000,108.186000,-0.080000,3,0,1.981371,1.994109,1.996914,5,0.160000,0.080000,0
1655,108.266000,108.186000,-0.080000,3,1,2.787485,2.837104,2.769970,5,0.160000,0.080000,0
1655,108.266000,108.186000,-0.080000,3,2,2.012808,2.043003,1.981802,5,0.160000,0.080000,0
1656,108.306000,108.226000,-0.080000,3,0,1.968247,1.928959,1.997343,5,0.160000,0.080000,0
1656,108.306000,108.226000,-0.080000,3,1,2.787099,2.753331,2.770415,5,0.160000,0.080000,0
1656,108.306000,108.226000,-0.080000,3,2,2.025068,2.020033,1.981772,5,0.160000,0.080000,0
1657,108.346000,108.266000,-0.080000,3,0,2.006586,2.073163,1.997788,5,0.160000,0.080000,0
1657,108.346000,108.266000,-0.080000,3,1,2.777513,2.759389,2.770890,5,0.160000,0.080000,0
1657,108.346000,108.266000,-0.080000,3,2,1.992583,1.949895,1.981719,5,0.160000,0.080000,0
1658,108.386000,108.306000,-0.080000,3,0,2.000270,2.040817,1.998226,5,0.160000,0.080000,0
1658,108.386000,108.306000,-0.080000,3,1,2.812347,2.943151,2.771368,5,0.160000,0.080000,0
1658,108.386000,108.306000,-0.080000,3,2,1.999254,1.992719,1.981643,5,0.160000,0.080000,0
1659,108.426000,108.346000,-0.080000,3,0,1.970653,1.816216,1.998633,5,0.160000,0.080000,0
1659,108.426000,108.346000,-0.080000,3,1,2.826039,2.837220,2.771825,5,0.160000,0.080000,0
1659,108.426000,108.346000,-0.080000,3,2,1.987357,1.931133,1.981547,5,0.160000,0.080000,0
1660,108.466000,108.386000,-0.080000,3,0,1.977586,2.028774,1.999448,5,0.160000,0.080000,0
1660,108.466000,108.386000,-0.080000,3,1,2.812661,2.770213,2.772775,5,0.160000,0.080000,0
1660,108.466000,108.386000,-0.080000,3,2,1.978978,2.001110,1.981274,5,0.160000,0.080000,0
1661,108.506000,108.426000,-0.080000,3,0,1.992659,2.004325,1.999878,5,0.160000,0.080000,0
1661,108.506000,108.426000,-0.080000,3,1,2.840745,2.893750,2.773295,5,0.160000,0.080000,0
1661,108.506000,108.426000,-0.080000,3,2,1.989389,2.072087,1.981079,5,0.160000,0.080000,0
1662,108.546000,108.466000,-0.080000,3,0,1.975462,1.987178,2.000261,5,0.160000,0.080000,0
1662,108.546000,108.466000,-0.080000,3,1,2.824105,2.676190,2.773766,5,0.160000,0.080000,0
1662,108.546000,108.466000,-0.080000,3,2,1.977260,1.889252,1.980875,5,0.160000,0.080000,0
1663,108.586000,108.506000,-0.080000,3,1,2.808913,2.867191,2.774239,5,0.160000,0.080000,0
1663,108.586000,108.506000,-0.080000,3,2,1.982673,2.019784,1.980645,5,0.160000,0.080000,0
1664,108.626000,108.514000,-0.112000,3,0,1.963712,1.982068,2.001042,5,0.200000,0.112000,0
1664,108.626000,108.546000,-0.080000,3,1,2.801725,2.801282,2.774738,5,0.160000,0.080000,0
1664,108.626000,108.546000,-0.080000,3,2,1.988993,1.962731,1.980374,5,0.160000,0.080000,0
1665,108.666000,108.562000,-0.104000,3,0,1.999421,1.994758,2.001442,5,0.200000,0.104000,0
1665,108.666000,108.586000,-0.080000,3,1,2.802943,2.776301,2.775237,5,0.160000,0.080000,0
1665,108.666000,108.586000,-0.080000,3,2,1.970597,1.909132,1.980079,5,0.160000,0.080000,0
1666,108.706000,108.610000,-0.096000,3,0,1.980488,1.934110,2.001818,5,0.200000,0.096000,0
1666,108.706000,108.626000,-0.080000,3,1,2.781190,2.784988,2.775709,5,0.160000,0.080000,0
1666,108.706000,108.626000,-0.080000,3,2,1.930457,1.871385,1.979779,5,0.160000,0.080000,0
1667,108.746000,108.658000,-0.088000,3,0,1.963087,1.917320,2.002213,5,0.200000,0.088000,0
1667,108.746000,108.666000,-0.080000,3,1,2.797939,2.759933,2.776209,5,0.160000,0.080000,0
1667,108.746000,108.666000,-0.080000,3,2,1.967704,2.075487,1.979443,5,0.160000,0.080000,0
1668,108.786000,108.706000,-0.080000,3,0,1.956911,1.956297,2.002607,5,0.160000,0.080000,0
1668,108.786000,108.706000,-0.080000,3,1,2.774479,2.749889,2.776713,5,0.160000,0.080000,0
1668,108.786000,108.706000,-0.080000,3,2,1.932815,1.845342,1.979094,5,0.160000,0.080000,0
1669,108.826000,108.746000,-0.080000,3,0,1.965285,2.023942,2.003000,5,0.160000,0.080000,0
1669,108.826000,108.746000,-0.080000,3,1,2.769744,2.777610,2.777226,5,0.160000,0.080000,0
1669,108.826000,108.746000,-0.080000,3,2,1.948031,2.038808,1.978735,5,0.160000,0.080000,0
1670,108.866000,108.786000,-0.080000,3,0,1.962982,1.983242,2.003391,5,0.160000,0.080000,0
1670,108.866000,108.786000,-0.080000,3,1,2.763496,2.745061,2.777747,5,0.160000,0.080000,0
1670,108.866000,108.786000,-0.080000,3,2,1.995102,2.144490,1.978371,5,0.160000,0.080000,0
1671,108.908000,108.826400,-0.081600,3,0,1.981865,2.028525,2.003759,5,0.162000,0.081600,0
1671,108.908000,108.826400,-0.081600,3,1,2.784574,2.890375,2.778250,5,0.162000,0.081600,0
1671,108.908000,108.826400,-0.081600,3,2,2.026805,2.029898,1.978020,5,0.162000,0.081600,0
1672,108.946000,108.866400,-0.079600,3,0,2.008478,2.050386,2.004144,5,0.160000,0.079600,0
1672,108.946000,108.866400,-0.079600,3,1,2.769015,2.682142,2.778790,5,0.160000,0.079600,0
1672,108.946000,108.866400,-0.079600,3,2,2.034383,2.113378,1.977646,5,0.160000,0.079600,0
1673,108.986000,108.906400,-0.079600,3,0,2.021792,2.022868,2.004526,5,0.160000,0.079600,0
1673,108.986000,108.906400,-0.079600,3,1,2.762997,2.719797,2.779340,5,0.160000,0.079600,0
1673,108.986000,108.906400,-0.079600,3,2,2.069068,2.018765,1.977271,5,0.160000,0.079600,0
1674,109.026000,108.946400,-0.079600,3,0,2.050895,2.169453,2.005235,5,0.160000,0.079600,0
1674,109.026000,108.946400,-0.079600,3,1,2.747390,2.699576,2.780398,5,0.160000,0.079600,0
1674,109.026000,108.946400,-0.079600,3,2,2.057515,1.981043,1.976563,5,0.160000,0.079600,0
1675,109.066000,108.986400,-0.079600,3,0,2.045875,1.958143,2.005618,5,0.158000,0.079600,0
1675,109.066000,108.986400,-0.079600,3,1,2.750619,2.761206,2.780988,5,0.158000,0.079600,0
1675,109.066000,108.986400,-0.079600,3,2,2.053132,2.122575,1.976170,5,0.158000,0.079600,0
1676,109.106000,109.026000,-0.080000,3,0,2.046325,2.030775,2.005973,5,0.160000,0.080000,0
1676,109.106000,109.026000,-0.080000,3,1,2.735866,2.816607,2.781545,5,0.160000,0.080000,0
1676,109.106000,109.026000,-0.080000,3,2,2.070149,2.114986,1.975797,5,0.160000,0.080000,0
1677,109.146000,109.066000,-0.080000,3,0,2.059321,2.115368,2.006302,5,0.160000,0.080000,0
1677,109.146000,109.066000,-0.080000,3,1,2.752151,2.763566,2.782066,5,0.160000,0.080000,0
1677,109.146000,109.066000,-0.080000,3,2,2.029681,1.911035,1.975442,5,0.160000,0.080000,0
1678,109.186000,109.106000,-0.080000,3,0,2.073477,2.093646,2.006625,5,0.160000,0.080000,0
1678,109.186000,109.106000,-0.080000,3,1,2.771105,2.814568,2.782581,5,0.160000,0.080000,0
1678,109.186000,109.106000,-0.080000,3,2,2.042072,2.080723,1.975086,5,0.160000,0.080000,0
1679,109.226000,109.146000,-0.080000,3,0,2.014382,1.873976,2.006961,5,0.160000,0.080000,0
1679,109.226000,109.146000,-0.080000,3,1,2.757299,2.630545,2.783117,5,0.160000,0.080000,0
1679,109.226000,109.146000,-0.080000,3,2,2.059936,2.070363,1.974709,5,0.160000,0.080000,0
1680,109.266000,109.186000,-0.080000,3,0,2.053989,2.156179,2.007295,5,0.160000,0.080000,0
1680,109.266000,109.186000,-0.080000,3,1,2.795635,2.952889,2.783648,5,0.160000,0.080000,0
1681,109.306000,109.226000,-0.080000,3,0,2.058732,2.054491,2.007630,5,0.160000,0.080000,0
1681,109.306000,109.226000,-0.080000,3,1,2.774485,2.710855,2.784179,5,0.160000,0.080000,0
1681,109.306000,109.194000,-0.112000,3,2,2.028470,1.965242,1.973951,5,0.200000,0.112000,0
1682,109.346000,109.266000,-0.080000,3,0,2.027628,1.959850,2.007967,5,0.160000,0.080000,0
1682,109.346000,109.266000,-0.080000,3,1,2.767905,2.730668,2.784713,5,0.160000,0.080000,0
1682,109.346000,109.242000,-0.104000,3,2,1.997192,1.958597,1.973568,5,0.200000,0.104000,0
1683,109.386000,109.306000,-0.080000,3,0,2.024825,2.079629,2.008310,5,0.160000,0.080000,0
1683,109.386000,109.306000,-0.080000,3,1,2.756113,2.755607,2.785252,5,0.160000,0.080000,0
1683,109.386000,109.290000,-0.096000,3,2,2.005587,1.953009,1.973184,5,0.200000,0.096000,0
1684,109.426000,109.346000,-0.080000,3,0,2.069369,2.096695,2.008659,5,0.160000,0.080000,0
1684,109.426000,109.346000,-0.080000,3,1,2.800617,2.853067,2.785801,5,0.160000,0.080000,0
1684,109.426000,109.338000,-0.088000,3,2,1.979485,1.950215,1.972799,5,0.200000,0.088000,0
1685,109.466000,109.386000,-0.080000,3,0,2.047520,2.046937,2.009015,5,0.160000,0.080000,0
1685,109.466000,109.386000,-0.080000,3,1,2.758397,2.741786,2.786360,5,0.160000,0.080000,0
1685,109.466000,109.386000,-0.080000,3,2,1.995016,2.148016,1.972414,5,0.160000,0.080000,0
1686,109.506000,109.426000,-0.080000,3,0,2.055880,2.096292,2.009357,5,0.160000,0.080000,0
1686,109.506000,109.426000,-0.080000,3,1,2.813271,2.985225,2.786901,5,0.160000,0.080000,0
1686,109.506000,109.426000,-0.080000,3,2,1.987038,1.925352,1.972051,5,0.160000,0.080000,0
1687,109.546000,109.466000,-0.080000,3,0,2.071825,2.039572,2.009720,5,0.160000,0.080000,0
1687,109.546000,109.466000,-0.080000,3,1,2.825476,2.791697,2.787485,5,0.160000,0.080000,0
1687,109.546000,109.466000,-0.080000,3,2,1.997258,2.009701,1.971669,5,0.160000,0.080000,0
1688,109.586000,109.506000,-0.080000,3,0,2.055310,1.997056,2.010082,5,0.160000,0.080000,0
1688,109.586000,109.506000,-0.080000,3,1,2.856139,2.908919,2.788085,5,0.160000,0.080000,0
1688,109.586000,109.506000,-0.080000,3,2,2.018874,2.061088,1.971290,5,0.160000,0.080000,0
1689,109.626000,109.546000,-0.080000,3,0,2.035174,1.996014,2.010439,5,0.160000,0.080000,0
1689,109.626000,109.546000,-0.080000,3,1,2.840645,2.775596,2.788700,5,0.160000,0.080000,0
1689,109.626000,109.546000,-0.080000,3,2,2.037252,2.042103,1.970918,5,0.160000,0.080000,0
1690,109.666000,109.586000,-0.080000,3,0,2.028911,2.015620,2.011086,5,0.160000,0.080000,0
1690,109.666000,109.586000,-0.080000,3,1,2.847889,2.778009,2.789907,5,0.160000,0.080000,0
1690,109.666000,109.586000,-0.080000,3,2,1.999063,1.957069,1.970243,5,0.160000,0.080000,0
1691,109.706000,109.626000,-0.080000,3,0,1.993436,1.918919,2.011421,5,0.160000,0.080000,0
1691,109.706000,109.626000,-0.080000,3,1,2.816747,2.829515,2.790601,5,0.160000,0.080000,0
1691,109.706000,109.626000,-0.080000,3,2,1.974046,1.800268,1.969893,5,0.160000,0.080000,0
1692,109.746000,109.666000,-0.080000,3,0,1.984040,1.992591,2.011723,5,0.160000,0.080000,0
1692,109.746000,109.666000,-0.080000,3,1,2.844152,2.928723,2.791277,5,0.160000,0.080000,0
1692,109.746000,109.666000,-0.080000,3,2,1.985692,2.067932,1.969581,5,0.160000,0.080000,0
1693,109.786000,109.706000,-0.080000,3,0,1.977995,1.966831,2.011994,5,0.160000,0.080000,0
1693,109.786000,109.706000,-0.080000,3,1,2.806700,2.721658,2.791932,5,0.160000,0.080000,0
1693,109.786000,109.706000,-0.080000,3,2,1.996460,2.114929,1.969309,5,0.160000,0.080000,0
1694,109.826000,109.746000,-0.080000,3,0,1.992491,2.068493,2.012267,5,0.160000,0.080000,0
1694,109.826000,109.746000,-0.080000,3,1,2.785243,2.668311,2.792637,5,0.160000,0.080000,0
1694,109.826000,109.746000,-0.080000,3,2,1.952366,1.821635,1.969047,5,0.160000,0.080000,0
1695,109.866000,109.786000,-0.080000,3,0,2.023876,2.172545,2.012528,5,0.160000,0.080000,0
1695,109.866000,109.786000,-0.080000,3,1,2.797770,2.840640,2.793355,5,0.160000,0.080000,0
1695,109.866000,109.786000,-0.080000,3,2,1.921482,1.802646,1.968812,5,0.160000,0.080000,0
1696,109.906000,109.826000,-0.080000,3,0,2.048538,2.042233,2.012780,5,0.160000,0.080000,0
1696,109.906000,109.826000,-0.080000,3,1,2.801912,2.850229,2.794084,5,0.160000,0.080000,0
1696,109.906000,109.826000,-0.080000,3,2,1.964343,2.014576,1.968604,5,0.160000,0.080000,0
1697,109.946000,109.866000,-0.080000,3,0,2.041711,1.958455,2.013022,5,0.160000,0.080000,0
1697,109.946000,109.866000,-0.080000,3,1,2.767044,2.754384,2.794823,5,0.160000,0.080000,0
1697,109.946000,109.866000,-0.080000,3,2,1.932754,1.909983,1.968417,5,0.160000,0.080000,0
1698,109.986000,109.906000,-0.080000,3,0,2.067429,2.095419,2.013243,5,0.160000,0.080000,0
1698,109.986000,109.906000,-0.080000,3,1,2.763960,2.706236,2.795533,5,0.160000,0.080000,0
1698,109.986000,109.906000,-0.080000,3,2,1.908721,1.994765,1.968258,5,0.160000,0.080000,0
1699,110.026000,109.946000,-0.080000,3,0,2.083372,2.148207,2.013467,5,0.160000,0.080000,0
1699,110.026000,109.946000,-0.080000,3,1,2.796593,2.831478,2.796293,5,0.160000,0.080000,0
1699,110.026000,109.946000,-0.080000,3,2,1.927415,1.915103,1.968106,5,0.160000,0.080000,0
1700,110.066000,109.986000,-0.080000,3,0,2.066177,2.086570,2.013680,5,0.160000,0.080000,0
1700,110.066000,109.986000,-0.080000,3,1,2.763577,2.675559,2.797063,5,0.160000,0.080000,0
1700,110.066000,109.986000,-0.080000,3,2,1.933877,1.834955,1.967968,5,0.160000,0.080000,0
1701,110.106000,110.026000,-0.080000,3,0,2.062898,2.025841,2.013873,5,0.160000,0.080000,0
1701,110.106000,110.026000,-0.080000,3,1,2.740341,2.734050,2.797803,5,0.160000,0.080000,0
1701,110.106000,110.026000,-0.080000,3,2,1.940888,2.049633,1.967847,5,0.160000,0.080000,0
1702,110.146000,110.066000,-0.080000,3,0,2.088567,2.086796,2.014067,5,0.160000,0.080000,0
1702,110.146000,110.066000,-0.080000,3,1,2.749192,2.798637,2.798598,5,0.160000,0.080000,0
1702,110.146000,110.066000,-0.080000,3,2,1.956673,1.988907,1.967728,5,0.160000,0.080000,0
1703,110.186000,110.106000,-0.080000,3,0,2.054359,1.924383,2.014254,5,0.160000,0.080000,0
1703,110.186000,110.106000,-0.080000,3,1,2.779276,2.856656,2.799406,5,0.160000,0.080000,0
1703,110.186000,110.106000,-0.080000,3,2,1.929073,1.856765,1.967618,5,0.160000,0.080000,0
1704,110.226000,110.146000,-0.080000,3,0,2.015882,1.955818,2.014584,5,0.160000,0.080000,0
1704,110.226000,110.146000,-0.080000,3,1,2.754652,2.708359,2.800936,5,0.160000,0.080000,0
1704,110.226000,110.146000,-0.080000,3,2,1.919387,1.866676,1.967440,5,0.160000,0.080000,0
1705,110.266000,110.186000,-0.080000,3,0,2.032118,2.167750,2.014759,5,0.160000,0.080000,0
1705,110.266000,110.186000,-0.080000,3,1,2.779377,2.799185,2.801792,5,0.160000,0.080000,0
1705,110.266000,110.186000,-0.080000,3,2,1.960796,2.041999,1.967357,5,0.160000,0.080000,0
1706,110.306000,110.226000,-0.080000,3,0,2.021213,1.971319,2.014932,5,0.160000,0.080000,0
1706,110.306000,110.226000,-0.080000,3,1,2.814017,2.907247,2.802667,5,0.160000,0.080000,0
1706,110.306000,110.226000,-0.080000,3,2,1.960303,2.047166,1.967285,5,0.160000,0.080000,0
1707,110.346000,110.266000,-0.080000,3,0,1.987079,1.916123,2.015102,5,0.160000,0.080000,0
1707,110.346000,110.266000,-0.080000,3,1,2.809935,2.778230,2.803562,5,0.160000,0.080000,0
1707,110.346000,110.266000,-0.080000,3,2,1.948497,1.929878,1.967223,5,0.160000,0.080000,0
1708,110.386000,110.306000,-0.080000,3,0,1.994449,1.961235,2.015260,5,0.160000,0.080000,0
1708,110.386000,110.306000,-0.080000,3,1,2.796361,2.788786,2.804431,5,0.160000,0.080000,0
1708,110.386000,110.306000,-0.080000,3,2,1.979700,2.012782,1.967178,5,0.160000,0.080000,0
1709,110.426000,110.346000,-0.080000,3,0,2.045059,2.208868,2.015424,5,0.160000,0.080000,0
1709,110.426000,110.346000,-0.080000,3,1,2.820652,2.829812,2.805371,5,0.160000,0.080000,0
1709,110.426000,110.346000,-0.080000,3,2,1.995291,1.944628,1.967144,5,0.160000,0.080000,0
1710,110.466000,110.386000,-0.080000,3,0,2.029963,2.092269,2.015584,5,0.160000,0.080000,0
1710,110.466000,110.386000,-0.080000,3,1,2.813250,2.762177,2.806335,5,0.160000,0.080000,0
1710,110.466000,110.386000,-0.080000,3,2,1.972166,1.926378,1.967124,5,0.160000,0.080000,0
1711,110.506000,110.426000,-0.080000,3,0,2.042642,2.034714,2.015736,5,0.160000,0.080000,0
1711,110.506000,110.426000,-0.080000,3,1,2.781942,2.750704,2.807322,5,0.160000,0.080000,0
1711,110.506000,110.426000,-0.080000,3,2,1.977924,2.075952,1.967116,5,0.160000,0.080000,0
1712,110.546000,110.466000,-0.080000,3,0,2.058857,1.997200,2.015880,5,0.160000,0.080000,0
1712,110.546000,110.466000,-0.080000,3,1,2.781607,2.776556,2.808329,5,0.160000,0.080000,0
1712,110.546000,110.466000,-0.080000,3,2,1.998774,2.034132,1.967119,5,0.160000,0.080000,0
1713,110.586000,110.506000,-0.080000,3,0,2.065639,1.995140,2.016006,5,0.160000,0.080000,0
1713,110.586000,110.506000,-0.080000,3,1,2.780064,2.781072,2.809298,5,0.160000,0.080000,0
1713,110.586000,110.506000,-0.080000,3,2,2.011269,2.075256,1.967131,5,0.160000,0.080000,0
1714,110.626000,110.546000,-0.080000,3,0,2.028353,2.022440,2.016140,5,0.160000,0.080000,0
1714,110.626000,110.546000,-0.080000,3,1,2.779501,2.826998,2.810441,5,0.160000,0.080000,0
1714,110.626000,110.546000,-0.080000,3,2,2.018773,1.982148,1.967154,5,0.160000,0.080000,0
1715,110.666000,110.586000,-0.080000,3,1,2.795280,2.841072,2.811427,5,0.160000,0.080000,0
1715,110.666000,110.586000,-0.080000,3,2,2.051821,2.091616,1.967180,5,0.160000,0.080000,0
1716,110.706000,110.594000,-0.112000,3,0,2.017846,2.039734,2.016338,5,0.200000,0.112000,0
1716,110.706000,110.626000,-0.080000,3,1,2.807058,2.809590,2.812414,5,0.160000,0.080000,0
1716,110.706000,110.626000,-0.080000,3,2,2.046953,2.051613,1.967207,5,0.160000,0.080000,0
1717,110.746000,110.642000,-0.104000,3,0,1.983127,1.861122,2.016436,5,0.200000,0.104000,0
1717,110.746000,110.666000,-0.080000,3,1,2.809647,2.789504,2.813509,5,0.160000,0.080000,0
1717,110.746000,110.666000,-0.080000,3,2,2.057396,2.086345,1.967236,5,0.160000,0.080000,0
1718,110.786000,110.690000,-0.096000,3,0,1.977951,1.971320,2.016525,5,0.200000,0.096000,0
1718,110.786000,110.706000,-0.080000,3,1,2.783310,2.649385,2.814544,5,0.160000,0.080000,0
1718,110.786000,110.706000,-0.080000,3,2,2.063768,2.107118,1.967260,5,0.160000,0.080000,0
1719,110.826000,110.738000,-0.088000,3,0,1.988887,2.049818,2.016613,5,0.200000,0.088000,0
1719,110.826000,110.746000,-0.080000,3,1,2.774907,2.784981,2.815571,5,0.160000,0.080000,0
1719,110.826000,110.746000,-0.080000,3,2,2.051036,1.918486,1.967277,5,0.160000,0.080000,0
1720,110.866000,110.786000,-0.080000,3,0,2.013495,2.145480,2.016702,5,0.160000,0.080000,0
1720,110.866000,110.786000,-0.080000,3,1,2.736447,2.648776,2.816588,5,0.160000,0.080000,0
1720,110.866000,110.786000,-0.080000,3,2,2.057234,2.122607,1.967288,5,0.160000,0.080000,0
1721,110.906000,110.826000,-0.080000,3,0,2.026609,2.105304,2.016807,5,0.160000,0.080000,0
1721,110.906000,110.826000,-0.080000,3,1,2.731687,2.785790,2.817750,5,0.160000,0.080000,0
1721,110.906000,110.826000,-0.080000,3,2,2.017982,1.855352,1.967295,5,0.160000,0.080000,0
1722,110.946000,110.866000,-0.080000,3,0,2.043945,1.947801,2.016910,5,0.160000,0.080000,0
1722,110.946000,110.866000,-0.080000,3,1,2.733030,2.796219,2.818848,5,0.160000,0.080000,0
1722,110.946000,110.866000,-0.080000,3,2,1.986482,1.928845,1.967300,5,0.160000,0.080000,0
1723,110.986000,110.906000,-0.080000,3,0,2.092354,2.213369,2.017003,5,0.160000,0.080000,0
1723,110.986000,110.906000,-0.080000,3,1,2.778274,2.875604,2.819782,5,0.160000,0.080000,0
1723,110.986000,110.906000,-0.080000,3,2,1.936883,1.859125,1.967307,5,0.160000,0.080000,0
1724,111.028000,110.946400,-0.081600,3,0,2.108159,2.128841,2.017201,5,0.162000,0.081600,0
1724,111.028000,110.946400,-0.081600,3,1,2.797691,2.882064,2.821592,5,0.162000,0.081600,0
1724,111.028000,110.946400,-0.081600,3,2,1.949118,1.979659,1.967340,5,0.162000,0.081600,0
1725,111.090000,110.991200,-0.098800,3,1,2.838220,2.851425,2.822161,5,0.184000,0.098800,0
1725,111.090000,110.991200,-0.098800,3,2,1.916941,1.961725,1.967359,5,0.184000,0.098800,0
1726,111.106000,110.994400,-0.111600,3,0,2.088857,2.048972,2.017271,5,0.200000,0.111600,0
1726,111.106000,111.031200,-0.074800,3,1,2.848781,2.838595,2.822161,5,0.160000,0.074800,0
1726,111.106000,111.031200,-0.074800,3,2,1.958608,2.063684,1.967359,5,0.160000,0.074800,0
1727,111.146000,111.042400,-0.103600,3,0,2.097800,2.150018,2.017551,5,0.200000,0.103600,0
1727,111.146000,111.071200,-0.074800,3,1,2.879602,2.950324,2.824132,5,0.160000,0.074800,0
1727,111.146000,111.071200,-0.074800,3,2,1.955915,1.915384,1.967458,5,0.160000,0.074800,0
1728,111.188000,111.090800,-0.097200,3,0,2.105051,1.984056,2.017702,5,0.202000,0.097200,0
1728,111.188000,111.111600,-0.076400,3,1,2.859107,2.773127,2.825065,5,0.160000,0.076400,0
1728,111.188000,111.111600,-0.076400,3,2,1.947859,1.818843,1.967525,5,0.160000,0.076400,0
1729,111.228000,111.139200,-0.088800,3,0,2.056932,1.972774,2.017877,5,0.200000,0.088800,0
1729,111.228000,111.151600,-0.076400,3,1,2.856246,2.867760,2.826096,5,0.138000,0.076400,0
1729,111.228000,111.151600,-0.076400,3,2,1.931029,1.895510,1.967615,5,0.138000,0.076400,0
1730,111.266000,111.186800,-0.079200,3,0,2.063146,2.159910,2.018185,5,0.160000,0.079200,0
1730,111.266000,111.186800,-0.079200,3,1,2.868709,2.913740,2.827887,5,0.160000,0.079200,0
1730,111.266000,111.186800,-0.079200,3,2,1.924664,1.929901,1.967805,5,0.160000,0.079200,0
1731,111.306000,111.226800,-0.079200,3,0,2.072860,2.097542,2.018193,5,0.160000,0.079200,0
1731,111.306000,111.226800,-0.079200,3,1,2.858809,2.789095,2.827937,5,0.160000,0.079200,0
1731,111.306000,111.226800,-0.079200,3,2,1.905000,1.965360,1.967811,5,0.160000,0.079200,0
1732,111.346000,111.266800,-0.079200,3,0,2.044638,2.008907,2.018517,5,0.158000,0.079200,0
1732,111.346000,111.266800,-0.079200,3,1,2.822970,2.771131,2.829900,5,0.158000,0.079200,0
1732,111.346000,111.266800,-0.079200,3,2,1.921681,1.998790,1.968062,5,0.158000,0.079200,0
1733,111.386000,111.306400,-0.079600,3,0,2.059462,2.058180,2.018668,5,0.158000,0.079600,0
1733,111.386000,111.306400,-0.079600,3,1,2.832604,2.821295,2.830840,5,0.158000,0.079600,0
1733,111.386000,111.306400,-0.079600,3,2,1.950707,1.963972,1.968195,5,0.158000,0.079600,0
1734,111.426000,111.346000,-0.080000,3,0,2.085033,2.100628,2.018818,5,0.160000,0.080000,0
1734,111.426000,111.346000,-0.080000,3,1,2.829052,2.850001,2.831769,5,0.160000,0.080000,0
1734,111.426000,111.346000,-0.080000,3,2,1.958017,1.932062,1.968335,5,0.160000,0.080000,0
1735,111.466000,111.386000,-0.080000,3,0,2.056476,2.017122,2.018968,5,0.160000,0.080000,0
1735,111.466000,111.386000,-0.080000,3,1,2.820624,2.871597,2.832686,5,0.160000,0.080000,0
1735,111.466000,111.386000,-0.080000,3,2,1.982889,2.054262,1.968484,5,0.160000,0.080000,0
1736,111.510000,111.426800,-0.083200,3,0,2.056770,2.099014,2.019113,5,0.164000,0.083200,0
1736,111.510000,111.426800,-0.083200,3,1,2.837892,2.875437,2.833545,5,0.164000,0.083200,0
1736,111.510000,111.426800,-0.083200,3,2,1.986749,1.984657,1.968633,5,0.164000,0.083200,0
1737,111.546000,111.466800,-0.079200,3,0,2.061736,2.033737,2.019283,5,0.160000,0.079200,0
1737,111.546000,111.466800,-0.079200,3,1,2.868370,2.923520,2.834535,5,0.160000,0.079200,0
1737,111.546000,111.466800,-0.079200,3,2,1.974183,1.935961,1.968818,5,0.160000,0.079200,0
1738,111.586000,111.506800,-0.079200,3,0,2.038848,1.943737,2.019438,5,0.160000,0.079200,0
1738,111.586000,111.506800,-0.079200,3,1,2.875632,2.857605,2.835422,5,0.160000,0.079200,0
1738,111.586000,111.506800,-0.079200,3,2,1.971556,1.950836,1.968999,5,0.160000,0.079200,0
1739,111.626000,111.546800,-0.079200,3,0,2.009087,1.951826,2.019560,5,0.160000,0.079200,0
1739,111.626000,111.546800,-0.079200,3,1,2.904754,2.995611,2.836115,5,0.160000,0.079200,0
1739,111.626000,111.546800,-0.079200,3,2,1.963905,1.893811,1.969150,5,0.160000,0.079200,0
1740,111.666000,111.586800,-0.079200,3,0,1.989698,1.920178,2.019777,5,0.156000,0.079200,0
1740,111.666000,111.586800,-0.079200,3,1,2.888087,2.788261,2.837350,5,0.156000,0.079200,0
1740,111.666000,111.586800,-0.079200,3,2,1.964698,2.058227,1.969443,5,0.156000,0.079200,0
1741,111.718000,111.628400,-0.089600,3,0,1.965361,1.977328,2.019924,5,0.172000,0.089600,0
1741,111.718000,111.628400,-0.089600,3,1,2.868849,2.779247,2.838206,5,0.172000,0.089600,0
1741,111.718000,111.628400,-0.089600,3,2,1.945176,1.887045,1.969666,5,0.172000,0.089600,0
1742,111.746000,111.668400,-0.077600,3,0,1.978950,2.101681,2.019924,5,0.160000,0.077600,0
1742,111.746000,111.668400,-0.077600,3,1,2.821360,2.686073,2.838206,5,0.160000,0.077600,0
1742,111.746000,111.668400,-0.077600,3,2,1.945900,1.939581,1.969666,5,0.160000,0.077600,0
1743,111.786000,111.708400,-0.077600,3,0,1.983784,1.967907,2.020250,5,0.160000,0.077600,0
1743,111.786000,111.708400,-0.077600,3,1,2.788649,2.694051,2.840103,5,0.160000,0.077600,0
1743,111.786000,111.708400,-0.077600,3,2,1.938316,1.912913,1.970226,5,0.160000,0.077600,0
1744,111.826000,111.748400,-0.077600,3,0,2.008259,2.074199,2.020399,5,0.160000,0.077600,0
1744,111.826000,111.748400,-0.077600,3,1,2.756024,2.832487,2.840924,5,0.160000,0.077600,0
1744,111.826000,111.748400,-0.077600,3,2,1.942216,1.913312,1.970496,5,0.160000,0.077600,0
1745,111.866000,111.788400,-0.077600,3,0,2.035059,2.054182,2.020548,5,0.148000,0.077600,0
1745,111.866000,111.788400,-0.077600,3,1,2.776323,2.889756,2.841694,5,0.148000,0.077600,0
1745,111.866000,111.788400,-0.077600,3,2,1.922856,1.961428,1.970763,5,0.148000,0.077600,0
1746,111.906000,111.826000,-0.080000,3,0,2.031553,1.959795,2.020717,5,0.160000,0.080000,0
1746,111.906000,111.826000,-0.080000,3,2,1.939829,1.971913,1.971054,5,0.160000,0.080000,0
1747,111.946000,111.866000,-0.080000,3,0,2.038483,2.136331,2.020282,5,0.160000,0.080000,0
1747,111.946000,111.834000,-0.112000,3,1,2.809986,2.947561,2.842972,5,0.200000,0.112000,0
1747,111.946000,111.866000,-0.080000,3,2,1.923277,1.856821,1.971254,5,0.160000,0.080000,0
1748,111.986000,111.906000,-0.080000,3,0,2.048923,2.020109,2.019890,5,0.160000,0.080000,0
1748,111.986000,111.882000,-0.104000,3,1,2.842166,2.846975,2.843323,5,0.200000,0.104000,0
1748,111.986000,111.906000,-0.080000,3,2,1.940450,1.998776,1.971329,5,0.160000,0.080000,0
1749,112.026000,111.946000,-0.080000,3,0,2.039243,2.025801,2.019499,5,0.160000,0.080000,0
1749,112.026000,111.930000,-0.096000,3,1,2.875696,2.861699,2.843708,5,0.200000,0.096000,0
1749,112.026000,111.946000,-0.080000,3,2,1.911138,1.766752,1.971448,5,0.160000,0.080000,0
1750,112.066000,111.986000,-0.080000,3,0,2.025335,1.984640,2.019115,5,0.160000,0.080000,0
1750,112.066000,111.978000,-0.088000,3,1,2.875654,2.832281,2.844107,5,0.200000,0.088000,0
1750,112.066000,111.986000,-0.080000,3,2,1.915795,1.984710,1.971626,5,0.160000,0.080000,0
1751,112.106000,112.026000,-0.080000,3,0,2.063130,2.148768,2.018733,5,0.160000,0.080000,0
1751,112.106000,112.026000,-0.080000,3,1,2.885358,2.938272,2.844521,5,0.160000,0.080000,0
1751,112.106000,112.026000,-0.080000,3,2,1.910787,1.946874,1.971866,5,0.160000,0.080000,0
1752,112.146000,112.066000,-0.080000,3,0,2.046557,2.053466,2.018395,5,0.160000,0.080000,0
1752,112.146000,112.066000,-0.080000,3,1,2.875703,2.899286,2.844905,5,0.160000,0.080000,0
1752,112.146000,112.066000,-0.080000,3,2,1.955426,2.080016,1.972129,5,0.160000,0.080000,0
1753,112.186000,112.106000,-0.080000,3,0,2.048705,2.030851,2.018045,5,0.160000,0.080000,0
1753,112.186000,112.106000,-0.080000,3,1,2.869337,2.815148,2.845325,5,0.160000,0.080000,0
1753,112.186000,112.106000,-0.080000,3,2,1.934534,1.894319,1.972453,5,0.160000,0.080000,0
1754,112.226000,112.146000,-0.080000,3,0,2.049015,2.027348,2.017681,5,0.160000,0.080000,0
1754,112.226000,112.146000,-0.080000,3,1,2.850185,2.765938,2.845778,5,0.160000,0.080000,0
1754,112.226000,112.146000,-0.080000,3,2,1.983439,2.011274,1.972838,5,0.160000,0.080000,0
1755,112.266000,112.186000,-0.080000,3,0,2.078157,2.130352,2.017322,5,0.160000,0.080000,0
1755,112.266000,112.186000,-0.080000,3,1,2.864956,2.906137,2.846234,5,0.160000,0.080000,0
1755,112.266000,112.186000,-0.080000,3,2,1.990347,2.019254,1.973260,5,0.160000,0.080000,0
1756,112.306000,112.226000,-0.080000,3,0,2.058012,2.048043,2.016651,5,0.160000,0.080000,0
1756,112.306000,112.226000,-0.080000,3,1,2.865279,2.939884,2.847097,5,0.160000,0.080000,0
1756,112.306000,112.226000,-0.080000,3,2,1.985891,1.924591,1.974141,5,0.160000,0.080000,0
1757,112.346000,112.266000,-0.080000,3,0,2.062982,2.078316,2.016305,5,0.160000,0.080000,0
1757,112.346000,112.266000,-0.080000,3,1,2.892117,3.033475,2.847505,5,0.160000,0.080000,0
1757,112.346000,112.266000,-0.080000,3,2,1.948232,1.891721,1.974637,5,0.160000,0.080000,0
1758,112.386000,112.306000,-0.080000,3,0,2.072843,2.080154,2.015960,5,0.160000,0.080000,0
1758,112.386000,112.306000,-0.080000,3,1,2.900618,2.857654,2.847876,5,0.160000,0.080000,0
1758,112.386000,112.306000,-0.080000,3,2,1.964555,1.975937,1.975167,5,0.160000,0.080000,0
1759,112.426000,112.346000,-0.080000,3,0,2.080033,2.063299,2.015667,5,0.160000,0.080000,0
1759,112.426000,112.346000,-0.080000,3,1,2.920419,2.864946,2.848233,5,0.160000,0.080000,0
1759,112.426000,112.346000,-0.080000,3,2,1.953171,1.954355,1.975663,5,0.160000,0.080000,0
1760,112.466000,112.386000,-0.080000,3,0,2.062312,2.041747,2.015444,5,0.160000,0.080000,0
1760,112.466000,112.386000,-0.080000,3,1,2.907842,2.843252,2.848569,5,0.160000,0.080000,0
1760,112.466000,112.386000,-0.080000,3,2,1.929277,1.899779,1.976112,5,0.160000,0.080000,0
1761,112.506000,112.426000,-0.080000,3,0,2.062786,2.050415,2.015297,5,0.160000,0.080000,0
1761,112.506000,112.426000,-0.080000,3,1,2.892849,2.864919,2.848932,5,0.160000,0.080000,0
1761,112.506000,112.426000,-0.080000,3,2,1.914578,1.851096,1.976524,5,0.160000,0.080000,0
1762,112.546000,112.466000,-0.080000,3,0,2.042544,1.977104,2.015255,5,0.160000,0.080000,0
1762,112.546000,112.466000,-0.080000,3,1,2.867021,2.904334,2.849345,5,0.160000,0.080000,0
1762,112.546000,112.466000,-0.080000,3,2,1.948492,2.061294,1.976902,5,0.160000,0.080000,0
1763,112.586000,112.506000,-0.080000,3,0,2.023142,1.983143,2.015342,5,0.160000,0.080000,0
1763,112.586000,112.506000,-0.080000,3,1,2.884355,2.944325,2.849736,5,0.160000,0.080000,0
1763,112.586000,112.506000,-0.080000,3,2,1.948746,1.977207,1.977194,5,0.160000,0.080000,0
1764,112.626000,112.546000,-0.080000,3,0,2.017235,2.033765,2.015574,5,0.160000,0.080000,0
1764,112.626000,112.546000,-0.080000,3,1,2.877113,2.828733,2.850184,5,0.160000,0.080000,0
1764,112.626000,112.546000,-0.080000,3,2,1.957370,1.997471,1.977423,5,0.160000,0.080000,0
1765,112.666000,112.586000,-0.080000,3,0,1.996551,1.938328,2.015951,5,0.160000,0.080000,0
1765,112.666000,112.586000,-0.080000,3,1,2.894892,2.932147,2.850664,5,0.160000,0.080000,0
1765,112.666000,112.586000,-0.080000,3,2,1.971222,1.969043,1.977564,5,0.160000,0.080000,0
1766,112.706000,112.626000,-0.080000,3,0,1.992159,2.028452,2.016465,5,0.160000,0.080000,0
1766,112.706000,112.626000,-0.080000,3,1,2.927921,3.030066,2.851169,5,0.160000,0.080000,0
1766,112.706000,112.626000,-0.080000,3,2,1.977438,1.882177,1.977618,5,0.160000,0.080000,0
1767,112.746000,112.666000,-0.080000,3,0,2.017171,2.102167,2.017104,5,0.160000,0.080000,0
1767,112.746000,112.666000,-0.080000,3,1,2.943002,2.979740,2.851691,5,0.160000,0.080000,0
1767,112.746000,112.666000,-0.080000,3,2,1.949868,1.923441,1.977588,5,0.160000,0.080000,0
1768,112.786000,112.706000,-0.080000,3,0,2.044026,2.117420,2.017809,5,0.160000,0.080000,0
1768,112.786000,112.706000,-0.080000,3,1,2.923005,2.844338,2.852197,5,0.160000,0.080000,0
1768,112.786000,112.706000,-0.080000,3,2,1.945656,1.956149,1.977489,5,0.160000,0.080000,0
1769,112.826000,112.746000,-0.080000,3,0,2.029321,1.960239,2.018640,5,0.160000,0.080000,0
1769,112.826000,112.746000,-0.080000,3,1,2.897691,2.702164,2.852739,5,0.160000,0.080000,0
1769,112.826000,112.746000,-0.080000,3,2,1.920755,1.872965,1.977322,5,0.160000,0.080000,0
1770,112.866000,112.786000,-0.080000,3,0,2.056795,2.075695,2.019593,5,0.160000,0.080000,0
1770,112.866000,112.786000,-0.080000,3,1,2.912120,3.004290,2.853313,5,0.160000,0.080000,0
1770,112.866000,112.786000,-0.080000,3,2,1.936221,2.046373,1.977088,5,0.160000,0.080000,0
1771,112.906000,112.826000,-0.080000,3,0,2.038738,1.938171,2.021461,5,0.160000,0.080000,0
1771,112.906000,112.826000,-0.080000,3,1,2.898031,2.959622,2.854347,5,0.160000,0.080000,0
1771,112.906000,112.826000,-0.080000,3,2,1.987104,2.136592,1.976563,5,0.160000,0.080000,0
1772,112.946000,112.866000,-0.080000,3,0,2.027467,2.045811,2.022563,5,0.160000,0.080000,0
1772,112.946000,112.866000,-0.080000,3,1,2.885224,2.915707,2.854922,5,0.160000,0.080000,0
1772,112.946000,112.866000,-0.080000,3,2,2.001750,1.996670,1.976235,5,0.160000,0.080000,0
1773,112.986000,112.906000,-0.080000,3,0,2.030469,2.132430,2.023642,5,0.160000,0.080000,0
1773,112.986000,112.906000,-0.080000,3,1,2.882849,2.832461,2.855467,5,0.160000,0.080000,0
1773,112.986000,112.906000,-0.080000,3,2,2.022821,2.061504,1.975911,5,0.160000,0.080000,0
1774,113.026000,112.946000,-0.080000,3,0,2.038166,1.998725,2.024687,5,0.160000,0.080000,0
1774,113.026000,112.946000,-0.080000,3,1,2.919076,2.883300,2.855983,5,0.160000,0.080000,0
1774,113.026000,112.946000,-0.080000,3,2,2.035235,1.935038,1.975598,5,0.160000,0.080000,0
1775,113.066000,112.986000,-0.080000,3,0,2.030847,2.039100,2.025753,5,0.160000,0.080000,0
1775,113.066000,112.986000,-0.080000,3,1,2.891361,2.865713,2.856497,5,0.160000,0.080000,0
1775,113.066000,112.986000,-0.080000,3,2,2.018396,1.962174,1.975282,5,0.160000,0.080000,0
1776,113.106000,113.026000,-0.080000,3,0,2.042892,1.998393,2.026897,5,0.160000,0.080000,0
1776,113.106000,113.026000,-0.080000,3,1,2.865520,2.830418,2.857038,5,0.160000,0.080000,0
1776,113.106000,113.026000,-0.080000,3,2,1.979268,1.940953,1.974947,5,0.160000,0.080000,0
1777,113.146000,113.066000,-0.080000,3,0,2.035834,2.010524,2.028058,5,0.160000,0.080000,0
1777,113.146000,113.066000,-0.080000,3,1,2.867883,2.927526,2.857576,5,0.160000,0.080000,0
1777,113.146000,113.066000,-0.080000,3,2,1.971835,1.959504,1.974378,5,0.160000,0.080000,0
1778,113.186000,113.106000,-0.080000,3,0,2.032915,2.117835,2.029236,5,0.160000,0.080000,0
1778,113.186000,113.106000,-0.080000,3,1,2.884866,2.917375,2.858113,5,0.160000,0.080000,0
1778,113.186000,113.106000,-0.080000,3,2,1.940158,1.903122,1.973357,5,0.160000,0.080000,0
1779,113.226000,113.146000,-0.080000,3,0,2.026123,1.964765,2.030429,5,0.160000,0.080000,0
1779,113.226000,113.146000,-0.080000,3,1,2.866612,2.792030,2.858648,5,0.160000,0.080000,0
1779,113.226000,113.146000,-0.080000,3,2,1.974616,2.107325,1.972308,5,0.160000,0.080000,0
1780,113.266000,113.186000,-0.080000,3,0,2.012536,1.971164,2.031571,5,0.160000,0.080000,0
1780,113.266000,113.186000,-0.080000,3,1,2.850991,2.787605,2.859153,5,0.160000,0.080000,0
1780,113.266000,113.186000,-0.080000,3,2,1.983599,2.007092,1.971321,5,0.160000,0.080000,0
1781,113.306000,113.226000,-0.080000,3,0,2.034041,2.105916,2.032789,5,0.160000,0.080000,0
1781,113.306000,113.226000,-0.080000,3,1,2.897355,3.062242,2.859686,5,0.160000,0.080000,0
1781,113.306000,113.226000,-0.080000,3,2,1.988174,1.963827,1.970282,5,0.160000,0.080000,0
1782,113.346000,113.266000,-0.080000,3,0,2.061954,2.150092,2.033952,5,0.160000,0.080000,0
1782,113.346000,113.266000,-0.080000,3,1,2.901820,2.949848,2.860190,5,0.160000,0.080000,0
1782,113.346000,113.266000,-0.080000,3,2,2.014847,2.092871,1.969301,5,0.160000,0.080000,0
1783,113.386000,113.306000,-0.080000,3,0,2.037610,1.996114,2.035122,5,0.160000,0.080000,0
1783,113.386000,113.306000,-0.080000,3,1,2.867335,2.744950,2.860694,5,0.160000,0.080000,0
1783,113.386000,113.306000,-0.080000,3,2,2.019868,1.928227,1.968329,5,0.160000,0.080000,0
1784,113.426000,113.346000,-0.080000,3,0,2.058395,2.068688,2.036360,5,0.160000,0.080000,0
1784,113.426000,113.346000,-0.080000,3,1,2.879891,2.854812,2.861229,5,0.160000,0.080000,0
1784,113.426000,113.346000,-0.080000,3,2,1.996049,1.988226,1.967316,5,0.160000,0.080000,0
1785,113.466000,113.386000,-0.080000,3,0,2.068490,2.021641,2.038767,5,0.160000,0.080000,0
1785,113.466000,113.386000,-0.080000,3,1,2.868912,2.732707,2.862276,5,0.160000,0.080000,0
1785,113.466000,113.386000,-0.080000,3,2,1.971710,1.885402,1.965399,5,0.160000,0.080000,0
1786,113.506000,113.426000,-0.080000,3,0,2.097411,2.250519,2.039990,5,0.160000,0.080000,0
1786,113.506000,113.426000,-0.080000,3,1,2.851195,2.973656,2.862815,5,0.160000,0.080000,0
1786,113.506000,113.426000,-0.080000,3,2,1.957147,1.891011,1.964451,5,0.160000,0.080000,0
1787,113.546000,113.466000,-0.080000,3,0,2.075848,2.042277,2.041134,5,0.160000,0.080000,0
1787,113.546000,113.466000,-0.080000,3,1,2.835058,2.869165,2.863325,5,0.160000,0.080000,0
1787,113.546000,113.466000,-0.080000,3,2,1.917207,1.893172,1.963578,5,0.160000,0.080000,0
1788,113.586000,113.506000,-0.080000,3,0,2.091489,2.074319,2.042317,5,0.160000,0.080000,0
1788,113.586000,113.506000,-0.080000,3,1,2.839446,2.766891,2.863859,5,0.160000,0.080000,0
1788,113.586000,113.506000,-0.080000,3,2,1.919474,1.939560,1.962684,5,0.160000,0.080000,0
1789,113.626000,113.546000,-0.080000,3,0,2.053602,1.879252,2.043412,5,0.160000,0.080000,0
1789,113.626000,113.546000,-0.080000,3,1,2.837383,2.844494,2.864361,5,0.160000,0.080000,0
1789,113.626000,113.546000,-0.080000,3,2,1.930603,2.043871,1.961865,5,0.160000,0.080000,0
1790,113.666000,113.586000,-0.080000,3,0,2.044586,1.976563,2.044478,5,0.160000,0.080000,0
1790,113.666000,113.586000,-0.080000,3,1,2.883449,2.963038,2.864857,5,0.160000,0.080000,0
1790,113.666000,113.586000,-0.080000,3,2,1.936481,1.914792,1.961073,5,0.160000,0.080000,0
1791,113.706000,113.626000,-0.080000,3,0,1.974939,1.902282,2.045572,5,0.160000,0.080000,0
1791,113.706000,113.626000,-0.080000,3,1,2.867057,2.891695,2.865376,5,0.160000,0.080000,0
1791,113.706000,113.626000,-0.080000,3,2,1.956626,1.991735,1.960269,5,0.160000,0.080000,0
1792,113.746000,113.666000,-0.080000,3,0,2.001876,2.176963,2.046632,5,0.160000,0.080000,0
1792,113.746000,113.666000,-0.080000,3,1,2.875077,2.909269,2.865890,5,0.160000,0.080000,0
1792,113.746000,113.666000,-0.080000,3,2,1.956926,1.894674,1.959497,5,0.160000,0.080000,0
1793,113.786000,113.706000,-0.080000,3,0,1.991356,2.021720,2.047660,5,0.160000,0.080000,0
1793,113.786000,113.706000,-0.080000,3,1,2.904356,2.913283,2.866400,5,0.160000,0.080000,0
1793,113.786000,113.706000,-0.080000,3,2,1.991496,2.112408,1.958759,5,0.160000,0.080000,0
1794,113.826000,113.746000,-0.080000,3,0,2.012143,1.983188,2.048661,5,0.160000,0.080000,0
1794,113.826000,113.746000,-0.080000,3,1,2.892273,2.784083,2.866908,5,0.160000,0.080000,0
1794,113.826000,113.746000,-0.080000,3,2,1.970813,1.940455,1.958056,5,0.160000,0.080000,0
1795,113.866000,113.786000,-0.080000,3,0,2.014321,1.987451,2.049586,5,0.160000,0.080000,0
1795,113.866000,113.786000,-0.080000,3,1,2.866203,2.832685,2.867390,5,0.160000,0.080000,0
1795,113.866000,113.786000,-0.080000,3,2,1.965949,1.890472,1.957424,5,0.160000,0.080000,0
1796,113.906000,113.826000,-0.080000,3,0,2.063927,2.150315,2.050539,5,0.160000,0.080000,0
1796,113.906000,113.826000,-0.080000,3,1,2.893020,3.025781,2.867899,5,0.160000,0.080000,0
1796,113.906000,113.826000,-0.080000,3,2,1.958994,1.956960,1.956792,5,0.160000,0.080000,0
1797,113.946000,113.866000,-0.080000,3,0,2.040427,2.059462,2.052377,5,0.160000,0.080000,0
1797,113.946000,113.866000,-0.080000,3,1,2.884281,2.865573,2.868778,5,0.160000,0.080000,0
1797,113.946000,113.866000,-0.080000,3,2,1.995519,2.077299,1.955621,5,0.160000,0.080000,0
1798,113.986000,113.906000,-0.080000,3,0,2.048965,2.064410,2.053608,5,0.160000,0.080000,0
1798,113.986000,113.906000,-0.080000,3,1,2.877024,2.877001,2.869189,5,0.160000,0.080000,0
1798,113.986000,113.906000,-0.080000,3,2,1.981868,2.044154,1.954839,5,0.160000,0.080000,0
1799,114.026000,113.946000,-0.080000,3,0,2.055338,2.015052,2.054025,5,0.160000,0.080000,0
1799,114.026000,113.946000,-0.080000,3,1,2.894850,2.873211,2.869226,5,0.160000,0.080000,0
1799,114.026000,113.946000,-0.080000,3,2,1.994935,2.005791,1.954469,5,0.160000,0.080000,0
1800,114.066000,113.986000,-0.080000,3,0,2.072810,2.074813,2.054025,5,0.160000,0.080000,0
1800,114.066000,113.986000,-0.080000,3,1,2.901555,2.866209,2.869226,5,0.160000,0.080000,0
1800,114.066000,113.986000,-0.080000,3,2,2.002007,1.925830,1.954469,5,0.160000,0.080000,0
1801,114.106000,114.026000,-0.080000,3,0,2.051632,2.044421,2.054024,5,0.160000,0.080000,0
1801,114.106000,114.026000,-0.080000,3,1,2.893745,2.986735,2.869226,5,0.160000,0.080000,0
1801,114.106000,114.026000,-0.080000,3,2,2.027071,2.082279,1.954469,5,0.160000,0.080000,0
1802,114.146000,114.066000,-0.080000,3,0,2.062832,2.115464,2.054023,5,0.160000,0.080000,0
1802,114.146000,114.066000,-0.080000,3,1,2.899329,2.893488,2.869226,5,0.160000,0.080000,0
1802,114.146000,114.066000,-0.080000,3,2,1.989655,1.890221,1.954469,5,0.160000,0.080000,0
1803,114.186000,114.106000,-0.080000,3,0,2.045767,1.979085,2.054023,5,0.160000,0.080000,0
1803,114.186000,114.106000,-0.080000,3,1,2.884189,2.801301,2.869226,5,0.160000,0.080000,0
1803,114.186000,114.106000,-0.080000,3,2,1.966179,1.926775,1.954469,5,0.160000,0.080000,0
1804,114.226000,114.146000,-0.080000,3,0,2.078435,2.178391,2.054022,5,0.160000,0.080000,0
1804,114.226000,114.146000,-0.080000,3,1,2.916866,3.036600,2.869226,5,0.160000,0.080000,0
1804,114.226000,114.146000,-0.080000,3,2,1.946000,1.904894,1.954469,5,0.160000,0.080000,0
1805,114.266000,114.186000,-0.080000,3,0,2.058504,1.975157,2.054022,5,0.160000,0.080000,0
1805,114.266000,114.186000,-0.080000,3,1,2.904835,2.806049,2.869226,5,0.160000,0.080000,0
1805,114.266000,114.186000,-0.080000,3,2,1.968794,2.039802,1.954469,5,0.160000,0.080000,0
1806,114.306000,114.226000,-0.080000,3,0,2.063964,2.071724,2.054021,5,0.160000,0.080000,0
1806,114.306000,114.226000,-0.080000,3,1,2.865463,2.789875,2.869226,5,0.160000,0.080000,0
1806,114.306000,114.226000,-0.080000,3,2,1.961590,2.046255,1.954469,5,0.160000,0.080000,0
1807,114.346000,114.266000,-0.080000,3,0,2.059310,2.092192,2.054021,5,0.160000,0.080000,0
1807,114.346000,114.266000,-0.080000,3,1,2.888734,3.009845,2.869226,5,0.160000,0.080000,0
1807,114.346000,114.266000,-0.080000,3,2,1.968710,1.925821,1.954469,5,0.160000,0.080000,0
1808,114.386000,114.306000,-0.080000,3,0,2.075367,2.059373,2.054020,5,0.160000,0.080000,0
1808,114.386000,114.306000,-0.080000,3,1,2.925316,2.984210,2.869226,5,0.160000,0.080000,0
1808,114.386000,114.306000,-0.080000,3,2,1.982743,1.996943,1.954469,5,0.160000,0.080000,0
1809,114.426000,114.346000,-0.080000,3,0,2.018995,1.896531,2.054020,5,0.160000,0.080000,0
1809,114.426000,114.346000,-0.080000,3,1,2.882739,2.823715,2.869226,5,0.160000,0.080000,0
1809,114.426000,114.346000,-0.080000,3,2,2.012088,2.051617,1.954469,5,0.160000,0.080000,0
1810,114.466000,114.386000,-0.080000,3,0,2.019960,1.979983,2.054019,5,0.160000,0.080000,0
1810,114.466000,114.386000,-0.080000,3,1,2.893902,2.861864,2.869226,5,0.160000,0.080000,0
1810,114.466000,114.386000,-0.080000,3,2,2.000882,1.983773,1.954469,5,0.160000,0.080000,0
1811,114.508000,114.426400,-0.081600,3,0,2.009510,2.019474,2.054018,5,0.162000,0.081600,0
1811,114.508000,114.426400,-0.081600,3,1,2.920644,2.923586,2.869226,5,0.162000,0.081600,0
1811,114.508000,114.426400,-0.081600,3,2,1.982072,1.952206,1.954469,5,0.162000,0.081600,0
1812,114.546000,114.466400,-0.079600,3,0,2.000305,2.046165,2.054018,5,0.160000,0.079600,0
1812,114.546000,114.466400,-0.079600,3,1,2.934428,3.078765,2.869226,5,0.160000,0.079600,0
1812,114.546000,114.466400,-0.079600,3,2,2.010809,2.069508,1.954469,5,0.160000,0.079600,0
1813,114.586000,114.506400,-0.079600,3,0,1.998853,2.052113,2.054017,5,0.160000,0.079600,0
1813,114.586000,114.506400,-0.079600,3,1,2.939618,3.010159,2.869226,5,0.160000,0.079600,0
1813,114.586000,114.506400,-0.079600,3,2,1.987123,1.878508,1.954469,5,0.160000,0.079600,0
1814,114.626000,114.546400,-0.079600,3,0,2.033507,2.069799,2.054017,5,0.160000,0.079600,0
1814,114.626000,114.546400,-0.079600,3,1,2.926657,2.758910,2.869226,5,0.160000,0.079600,0
1814,114.626000,114.546400,-0.079600,3,2,1.971123,1.971621,1.954469,5,0.160000,0.079600,0
1815,114.666000,114.586400,-0.079600,3,0,2.038929,2.007095,2.054016,5,0.158000,0.079600,0
1815,114.666000,114.586400,-0.079600,3,1,2.937253,2.914844,2.869226,5,0.158000,0.079600,0
1815,114.666000,114.586400,-0.079600,3,2,1.964364,1.949976,1.954469,5,0.158000,0.079600,0
1816,114.706000,114.626000,-0.080000,3,0,2.065371,2.151683,2.054015,5,0.160000,0.080000,0
1816,114.706000,114.626000,-0.080000,3,1,2.931322,2.893931,2.869226,5,0.160000,0.080000,0
1816,114.706000,114.626000,-0.080000,3,2,1.955765,1.909213,1.954469,5,0.160000,0.080000,0
1817,114.746000,114.666000,-0.080000,3,0,2.084907,2.143846,2.054015,5,0.160000,0.080000,0
1817,114.746000,114.666000,-0.080000,3,1,2.882713,2.835722,2.869226,5,0.160000,0.080000,0
1817,114.746000,114.666000,-0.080000,3,2,1.930695,1.944156,1.954469,5,0.160000,0.080000,0
1818,114.786000,114.706000,-0.080000,3,0,2.105111,2.153130,2.054014,5,0.160000,0.080000,0
1818,114.786000,114.706000,-0.080000,3,1,2.861062,2.901903,2.869226,5,0.160000,0.080000,0
1818,114.786000,114.706000,-0.080000,3,2,1.927521,1.862641,1.954469,5,0.160000,0.080000,0
1819,114.826000,114.746000,-0.080000,3,0,2.103802,2.063254,2.054013,5,0.160000,0.080000,0
1819,114.826000,114.746000,-0.080000,3,1,2.869905,2.803128,2.869226,5,0.160000,0.080000,0
1819,114.826000,114.746000,-0.080000,3,2,1.930437,1.986201,1.954469,5,0.160000,0.080000,0
1820,114.866000,114.786000,-0.080000,3,0,2.129188,2.134025,2.054013,5,0.160000,0.080000,0
1820,114.866000,114.786000,-0.080000,3,1,2.846902,2.799828,2.869226,5,0.160000,0.080000,0
1820,114.866000,114.786000,-0.080000,3,2,1.909362,1.844603,1.954469,5,0.160000,0.080000,0
1821,114.908000,114.826400,-0.081600,3,0,2.109094,2.051217,2.054012,5,0.162000,0.081600,0
1821,114.908000,114.826400,-0.081600,3,1,2.824540,2.782119,2.869226,5,0.162000,0.081600,0
1821,114.908000,114.826400,-0.081600,3,2,1.915066,1.937731,1.954469,5,0.162000,0.081600,0
1822,114.946000,114.866400,-0.079600,3,0,2.104400,2.120373,2.054011,5,0.160000,0.079600,0
1822,114.946000,114.866400,-0.079600,3,1,2.833455,2.880296,2.869226,5,0.160000,0.079600,0
1822,114.946000,114.866400,-0.079600,3,2,1.904802,1.892833,1.954469,5,0.160000,0.079600,0
1823,114.986000,114.906400,-0.079600,3,0,2.086668,2.064473,2.054011,5,0.160000,0.079600,0
1823,114.986000,114.906400,-0.079600,3,1,2.837661,2.922932,2.869226,5,0.160000,0.079600,0
1823,114.986000,114.906400,-0.079600,3,2,1.938289,2.030075,1.954469,5,0.160000,0.079600,0
1824,115.028000,114.946800,-0.081200,3,0,2.095414,2.106983,2.054010,5,0.162000,0.081200,0
1824,115.028000,114.946800,-0.081200,3,1,2.849617,2.862912,2.869227,5,0.162000,0.081200,0
1824,115.028000,114.946800,-0.081200,3,2,1.922490,1.907208,1.954469,5,0.162000,0.081200,0
1825,115.066000,114.986800,-0.079200,3,0,2.087620,2.095053,2.054010,5,0.158000,0.079200,0
1825,115.066000,114.986800,-0.079200,3,1,2.852305,2.813264,2.869227,5,0.158000,0.079200,0
1825,115.066000,114.986800,-0.079200,3,2,1.962323,2.043768,1.954469,5,0.158000,0.079200,0
1826,115.106000,115.026400,-0.079600,3,0,2.111574,2.170991,2.054010,5,0.160000,0.079600,0
1826,115.106000,115.026400,-0.079600,3,1,2.885638,2.948787,2.869227,5,0.160000,0.079600,0
1826,115.106000,115.026400,-0.079600,3,2,1.989057,2.071401,1.954469,5,0.160000,0.079600,0
1827,115.146000,115.066400,-0.079600,3,0,2.075247,1.938735,2.054010,5,0.160000,0.079600,0
1827,115.146000,115.066400,-0.079600,3,1,2.891651,2.910359,2.869227,5,0.160000,0.079600,0
1827,115.146000,115.066400,-0.079600,3,2,1.983606,1.865580,1.954469,5,0.160000,0.079600,0
1828,115.186000,115.106400,-0.079600,3,0,2.068164,2.029059,2.054010,5,0.158000,0.079600,0
1828,115.186000,115.106400,-0.079600,3,1,2.871046,2.819910,2.869227,5,0.158000,0.079600,0
1828,115.186000,115.106400,-0.079600,3,2,1.958151,1.902799,1.954469,5,0.158000,0.079600,0
1829,115.226000,115.146000,-0.080000,3,0,2.078527,2.158796,2.054010,5,0.160000,0.080000,0
1829,115.226000,115.146000,-0.080000,3,1,2.883802,2.926691,2.869227,5,0.160000,0.080000,0
1829,115.226000,115.146000,-0.080000,3,2,1.950878,1.870841,1.954469,5,0.160000,0.080000,0
1830,115.266000,115.186000,-0.080000,3,0,2.084802,2.126427,2.054010,5,0.160000,0.080000,0
1830,115.266000,115.186000,-0.080000,3,1,2.897033,2.879419,2.869227,5,0.160000,0.080000,0
1830,115.266000,115.186000,-0.080000,3,2,1.953913,2.058943,1.954469,5,0.160000,0.080000,0
1831,115.306000,115.226000,-0.080000,3,0,2.063754,2.065754,2.054010,5,0.160000,0.080000,0
1831,115.306000,115.226000,-0.080000,3,1,2.890870,2.917970,2.869227,5,0.160000,0.080000,0
1831,115.306000,115.226000,-0.080000,3,2,1.942203,2.012854,1.954469,5,0.160000,0.080000,0
1832,115.346000,115.266000,-0.080000,3,0,2.126982,2.254876,2.054010,5,0.160000,0.080000,0
1832,115.346000,115.266000,-0.080000,3,1,2.881186,2.861937,2.869227,5,0.160000,0.080000,0
1832,115.346000,115.266000,-0.080000,3,2,1.943654,1.872834,1.954469,5,0.160000,0.080000,0
1833,115.386000,115.306000,-0.080000,3,0,2.137400,2.081145,2.054010,5,0.160000,0.080000,0
1833,115.386000,115.306000,-0.080000,3,1,2.885826,2.843112,2.869227,5,0.160000,0.080000,0
1833,115.386000,115.306000,-0.080000,3,2,1.953229,1.950674,1.954469,5,0.160000,0.080000,0
1834,115.426000,115.346000,-0.080000,3,0,2.122819,2.085893,2.054010,5,0.160000,0.080000,0
1834,115.426000,115.346000,-0.080000,3,1,2.838504,2.690084,2.869222,5,0.160000,0.080000,0
1834,115.426000,115.346000,-0.080000,3,2,1.975556,1.982474,1.954469,5,0.160000,0.080000,0
1835,115.466000,115.386000,-0.080000,3,0,2.143679,2.230726,2.054010,5,0.160000,0.080000,0
1835,115.466000,115.386000,-0.080000,3,1,2.858208,2.977936,2.869222,5,0.160000,0.080000,0
1835,115.466000,115.386000,-0.080000,3,2,1.993638,2.149352,1.954469,5,0.160000,0.080000,0
1836,115.506000,115.426000,-0.080000,3,0,2.139777,2.046245,2.054010,5,0.160000,0.080000,0
1836,115.506000,115.426000,-0.080000,3,1,2.857336,2.913610,2.869222,5,0.160000,0.080000,0
1836,115.506000,115.426000,-0.080000,3,2,1.986864,1.978985,1.954469,5,0.160000,0.080000,0
1837,115.546000,115.466000,-0.080000,3,0,2.091942,2.015701,2.054010,5,0.160000,0.080000,0
1837,115.546000,115.466000,-0.080000,3,1,2.852725,2.838882,2.869222,5,0.160000,0.080000,0
1837,115.546000,115.466000,-0.080000,3,2,2.008886,1.982942,1.954469,5,0.160000,0.080000,0
1838,115.586000,115.506000,-0.080000,3,0,2.074264,1.992754,2.054010,5,0.160000,0.080000,0
1838,115.586000,115.506000,-0.080000,3,1,2.866844,2.913707,2.869222,5,0.160000,0.080000,0
1838,115.586000,115.506000,-0.080000,3,2,1.985215,1.832320,1.954469,5,0.160000,0.080000,0
1839,115.626000,115.546000,-0.080000,3,0,2.092946,2.179304,2.054010,5,0.160000,0.080000,0
1839,115.626000,115.546000,-0.080000,3,1,2.915687,2.934301,2.869221,5,0.160000,0.080000,0
1839,115.626000,115.546000,-0.080000,3,2,1.982116,1.966983,1.954469,5,0.160000,0.080000,0
1840,115.666000,115.586000,-0.080000,3,0,2.053811,2.035051,2.054009,5,0.160000,0.080000,0
1840,115.666000,115.586000,-0.080000,3,1,2.895622,2.877608,2.869221,5,0.160000,0.080000,0
1840,115.666000,115.586000,-0.080000,3,2,1.968062,2.079082,1.954469,5,0.160000,0.080000,0
1841,115.708000,115.626400,-0.081600,3,0,2.039002,1.972201,2.054009,5,0.162000,0.081600,0
1841,115.708000,115.626400,-0.081600,3,2,1.971767,1.997512,1.954469,5,0.162000,0.081600,0
1842,115.746000,115.666400,-0.079600,3,0,2.035567,1.998524,2.054009,5,0.160000,0.079600,0
1842,115.746000,115.634000,-0.112000,3,1,2.901675,2.943876,2.869221,5,0.200000,0.112000,0
1842,115.746000,115.666400,-0.079600,3,2,1.966593,1.957070,1.954469,5,0.160000,0.079600,0
1843,115.786000,115.706400,-0.079600,3,0,2.028294,1.956389,2.054009,5,0.160000,0.079600,0
1843,115.786000,115.682000,-0.104000,3,1,2.922706,2.944040,2.869221,5,0.200000,0.104000,0
1843,115.786000,115.706400,-0.079600,3,2,2.010858,2.053642,1.954469,5,0.160000,0.079600,0
1844,115.826000,115.746400,-0.079600,3,0,2.017401,2.124841,2.054009,5,0.160000,0.079600,0
1844,115.826000,115.730000,-0.096000,3,1,2.920492,2.902636,2.869221,5,0.200000,0.096000,0
1844,115.826000,115.746400,-0.079600,3,2,2.005733,1.941359,1.954469,5,0.160000,0.079600,0
1845,115.866000,115.786400,-0.079600,3,0,2.031673,2.106410,2.054009,5,0.158000,0.079600,0
1845,115.866000,115.778000,-0.088000,3,1,2.899983,2.831755,2.869221,5,0.200000,0.088000,0
1845,115.866000,115.786400,-0.079600,3,2,1.955730,1.829068,1.954469,5,0.158000,0.079600,0
1846,115.906000,115.826000,-0.080000,3,0,2.064538,2.136527,2.054009,5,0.160000,0.080000,0
1846,115.906000,115.826000,-0.080000,3,1,2.906731,2.911349,2.869221,5,0.160000,0.080000,0
1846,115.906000,115.826000,-0.080000,3,2,1.944730,1.942509,1.954469,5,0.160000,0.080000,0
1847,115.946000,115.866000,-0.080000,3,0,2.058247,1.967070,2.054009,5,0.160000,0.080000,0
1847,115.946000,115.866000,-0.080000,3,1,2.899773,2.909084,2.869221,5,0.160000,0.080000,0
1847,115.946000,115.866000,-0.080000,3,2,1.939752,1.932181,1.954469,5,0.160000,0.080000,0
1848,115.986000,115.906000,-0.080000,3,0,2.111851,2.224404,2.054009,5,0.160000,0.080000,0
1848,115.986000,115.906000,-0.080000,3,1,2.889872,2.894535,2.869221,5,0.160000,0.080000,0
1848,115.986000,115.906000,-0.080000,3,2,1.913126,1.920512,1.954469,5,0.160000,0.080000,0
1849,116.026000,115.946000,-0.080000,3,0,2.072869,1.929935,2.054009,5,0.160000,0.080000,0
1849,116.026000,115.946000,-0.080000,3,1,2.900201,2.954281,2.869221,5,0.160000,0.080000,0
1849,116.026000,115.946000,-0.080000,3,2,1.935363,2.052544,1.954469,5,0.160000,0.080000,0
1850,116.066000,115.986000,-0.080000,3,0,2.050193,1.993027,2.054009,5,0.160000,0.080000,0
1850,116.066000,115.986000,-0.080000,3,1,2.917327,2.917388,2.869220,5,0.160000,0.080000,0
1850,116.066000,115.986000,-0.080000,3,2,1.965874,1.981622,1.954469,5,0.160000,0.080000,0
1851,116.106000,116.026000,-0.080000,3,0,2.013146,1.951294,2.054009,5,0.160000,0.080000,0
1851,116.106000,116.026000,-0.080000,3,1,2.900542,2.827422,2.869220,5,0.160000,0.080000,0
1851,116.106000,116.026000,-0.080000,3,2,1.969319,1.959736,1.954469,5,0.160000,0.080000,0
1852,116.146000,116.066000,-0.080000,3,0,2.036970,2.086187,2.054009,5,0.160000,0.080000,0
1852,116.146000,116.066000,-0.080000,3,1,2.900785,2.910298,2.869220,5,0.160000,0.080000,0
1852,116.146000,116.066000,-0.080000,3,2,1.979278,1.981973,1.954469,5,0.160000,0.080000,0
1853,116.186000,116.106000,-0.080000,3,0,1.998643,2.032768,2.054009,5,0.160000,0.080000,0
1853,116.186000,116.106000,-0.080000,3,1,2.889332,2.837269,2.869220,5,0.160000,0.080000,0
1853,116.186000,116.106000,-0.080000,3,2,1.983299,1.940621,1.954469,5,0.160000,0.080000,0
1854,116.226000,116.146000,-0.080000,3,0,2.022430,2.048873,2.054009,5,0.160000,0.080000,0
1854,116.226000,116.146000,-0.080000,3,1,2.867688,2.846065,2.869220,5,0.160000,0.080000,0
1854,116.226000,116.146000,-0.080000,3,2,1.963190,1.951995,1.954469,5,0.160000,0.080000,0
1855,116.266000,116.186000,-0.080000,3,0,2.045582,2.108785,2.054009,5,0.160000,0.080000,0
1855,116.266000,116.186000,-0.080000,3,1,2.856156,2.859725,2.869220,5,0.160000,0.080000,0
1855,116.266000,116.186000,-0.080000,3,2,1.965779,1.994567,1.954469,5,0.160000,0.080000,0
1856,116.306000,116.226000,-0.080000,3,0,2.064989,2.048331,2.054009,5,0.160000,0.080000,0
1856,116.306000,116.226000,-0.080000,3,1,2.869187,2.892576,2.869220,5,0.160000,0.080000,0
1856,116.306000,116.226000,-0.080000,3,2,1.973435,1.998020,1.954469,5,0.160000,0.080000,0
1857,116.346000,116.266000,-0.080000,3,0,2.027030,1.896393,2.054009,5,0.160000,0.080000,0
1857,116.346000,116.266000,-0.080000,3,1,2.840318,2.765957,2.869220,5,0.160000,0.080000,0
1857,116.346000,116.266000,-0.080000,3,2,1.963330,1.931445,1.954469,5,0.160000,0.080000,0
1858,116.386000,116.306000,-0.080000,3,0,2.043608,2.115659,2.054008,5,0.160000,0.080000,0
1858,116.386000,116.306000,-0.080000,3,1,2.831350,2.792429,2.869220,5,0.160000,0.080000,0
1858,116.386000,116.306000,-0.080000,3,2,1.976132,2.004634,1.954469,5,0.160000,0.080000,0
1859,116.426000,116.346000,-0.080000,3,0,2.049197,2.076816,2.054008,5,0.160000,0.080000,0
1859,116.426000,116.346000,-0.080000,3,1,2.836792,2.873274,2.869219,5,0.160000,0.080000,0
1859,116.426000,116.346000,-0.080000,3,2,1.968904,1.915855,1.954469,5,0.160000,0.080000,0
1860,116.466000,116.386000,-0.080000,3,0,2.030241,2.014007,2.054008,5,0.160000,0.080000,0
1860,116.466000,116.386000,-0.080000,3,1,2.825766,2.804592,2.869219,5,0.160000,0.080000,0
1860,116.466000,116.386000,-0.080000,3,2,1.971885,2.009473,1.954469,5,0.160000,0.080000,0
1861,116.506000,116.426000,-0.080000,3,0,2.025438,2.024316,2.054008,5,0.160000,0.080000,0
1861,116.506000,116.426000,-0.080000,3,1,2.820532,2.866406,2.869219,5,0.160000,0.080000,0
1861,116.506000,116.426000,-0.080000,3,2,1.971332,1.995251,1.954469,5,0.160000,0.080000,0
1862,116.546000,116.466000,-0.080000,3,0,2.063948,2.088941,2.054008,5,0.160000,0.080000,0
1862,116.546000,116.466000,-0.080000,3,1,2.829101,2.808805,2.869219,5,0.160000,0.080000,0
1862,116.546000,116.466000,-0.080000,3,2,1.964779,1.898679,1.954469,5,0.160000,0.080000,0
1863,116.586000,116.506000,-0.080000,3,0,2.037555,1.983696,2.054008,5,0.160000,0.080000,0
1863,116.586000,116.506000,-0.080000,3,1,2.817425,2.734049,2.869219,5,0.160000,0.080000,0
1863,116.586000,116.506000,-0.080000,3,2,1.921872,1.790099,1.954469,5,0.160000,0.080000,0
1864,116.626000,116.546000,-0.080000,3,0,2.042480,2.101440,2.054008,5,0.160000,0.080000,0
1864,116.626000,116.546000,-0.080000,3,1,2.790556,2.738929,2.869219,5,0.160000,0.080000,0
1864,116.626000,116.546000,-0.080000,3,2,1.938858,2.000789,1.954469,5,0.160000,0.080000,0
1865,116.666000,116.586000,-0.080000,3,0,2.027743,1.940323,2.054008,5,0.160000,0.080000,0
1865,116.666000,116.586000,-0.080000,3,1,2.820252,2.953071,2.869219,5,0.160000,0.080000,0
1865,116.666000,116.586000,-0.080000,3,2,1.936418,1.997271,1.954469,5,0.160000,0.080000,0
1866,116.706000,116.626000,-0.080000,3,0,2.035309,2.062147,2.054008,5,0.160000,0.080000,0
1866,116.706000,116.626000,-0.080000,3,1,2.836418,2.947237,2.869219,5,0.160000,0.080000,0
1866,116.706000,116.626000,-0.080000,3,2,1.921118,1.918751,1.954463,5,0.160000,0.080000,0
1867,116.746000,116.666000,-0.080000,3,0,2.031478,2.069785,2.054008,5,0.160000,0.080000,0
1867,116.746000,116.666000,-0.080000,3,1,2.868422,2.968824,2.869218,5,0.160000,0.080000,0
1867,116.746000,116.666000,-0.080000,3,2,1.904824,1.817209,1.954463,5,0.160000,0.080000,0
1868,116.786000,116.706000,-0.080000,3,0,2.053365,2.093129,2.054008,5,0.160000,0.080000,0
1868,116.786000,116.706000,-0.080000,3,1,2.912281,2.953342,2.869218,5,0.160000,0.080000,0
1868,116.786000,116.706000,-0.080000,3,2,1.929755,1.914756,1.954463,5,0.160000,0.080000,0
1869,116.826000,116.746000,-0.080000,3,0,2.034233,2.005782,2.054008,5,0.160000,0.080000,0
1869,116.826000,116.746000,-0.080000,3,1,2.923457,2.794813,2.869218,5,0.160000,0.080000,0
1869,116.826000,116.746000,-0.080000,3,2,1.904655,1.875288,1.954463,5,0.160000,0.080000,0
1870,116.866000,116.786000,-0.080000,3,0,2.070369,2.121004,2.054008,5,0.160000,0.080000,0
1870,116.866000,116.786000,-0.080000,3,1,2.922844,2.950007,2.869218,5,0.160000,0.080000,0
1870,116.866000,116.786000,-0.080000,3,2,1.916474,2.056367,1.954463,5,0.160000,0.080000,0
1871,116.906000,116.826000,-0.080000,3,0,2.084205,2.131323,2.054008,5,0.160000,0.080000,0
1871,116.906000,116.826000,-0.080000,3,1,2.929422,2.980124,2.869218,5,0.160000,0.080000,0
1871,116.906000,116.826000,-0.080000,3,2,1.921197,1.942365,1.954463,5,0.160000,0.080000,0
1872,116.946000,116.866000,-0.080000,3,0,2.092150,2.109514,2.054008,5,0.160000,0.080000,0
1872,116.946000,116.866000,-0.080000,3,1,2.902188,2.832656,2.869222,5,0.160000,0.080000,0
1872,116.946000,116.866000,-0.080000,3,2,1.943737,1.929910,1.954463,5,0.160000,0.080000,0
