stamp,flow_imu_dt,flow_gt_dt,flow_x,flow_y,gyro_x,gyro_y,tof_raw,tof_noise,tof_meas,pz_meas,vx_body_raw,vy_body_raw,vx_noise_std,vy_noise_std,vx_noise,vy_noise,vx_body_meas,vy_body_meas,gt_vx_body,gt_vy_body,est_vx_body,est_vy_body,meas_minus_gt_vx,meas_minus_gt_vy,meas_minus_est_vx,meas_minus_est_vy,velocity_update_accepted,velocity_nis,attitude_update_enabled,recovery_update,dtheta_x,dtheta_y,dtheta_z,height_update_accepted
10.732000000,0.000000000,0.008000000,-0.000010522,0.000000000,0.000000000,0.000000000,0.200000003,0.000000000,0.000000000,0.019355552,-0.000000000,0.000000000,0.020000000,0.020000000,0.001933602,-0.021583463,0.001933602,-0.021583463,-0.000336575,0.011951148,0.000104450,0.009342393,0.002270177,-0.033534610,0.001829152,-0.030925856,1,0.000479781,0,0,0.000000000,0.000000000,0.000000000,1
10.832000000,0.000000000,0.008000000,-0.000010522,0.000000000,0.000000000,0.000000000,0.200000003,0.000000000,0.000000000,0.019355552,-0.000000000,0.000000000,0.020000000,0.020000000,-0.018731118,0.017114600,-0.018731118,0.017114600,-0.002249972,0.012739818,0.001933236,-0.021577279,-0.016481146,0.004374782,-0.020664354,0.038691879,1,2.405336778,0,0,0.000000000,0.000000000,0.000000000,1
10.936000000,0.000000000,0.012000000,-0.000010522,0.000000000,0.000000000,0.000000000,0.200000003,0.000000000,0.000000000,0.019355552,-0.000000000,0.000000000,0.020000000,0.020000000,0.004161293,-0.005041110,0.004161293,-0.005041110,-0.004097519,0.011212446,-0.008397908,-0.002233274,0.008258811,-0.016253557,0.012559201,-0.002807836,1,0.276038310,0,0,0.000000000,0.000000000,0.000000000,1
11.034000000,0.000000000,0.008000000,-0.000010522,0.000000000,-0.000368017,-0.000320666,0.200000003,0.000000000,0.000000000,0.019355552,0.000000000,-0.000000000,0.020000000,0.020000000,0.001482522,0.023482616,0.001482522,0.023482616,-0.005314623,0.011396335,-0.003129038,-0.003098887,0.006797145,0.012086280,0.004611559,0.026581503,1,0.317956631,0,0,0.000000000,0.000000000,0.000000000,1
11.130000000,0.000000000,0.006000000,-0.000010522,0.000000000,-0.000101701,0.000744599,0.200000003,0.000000000,0.000000000,0.019355552,0.000000000,0.000000000,0.020000000,0.020000000,0.001742153,-0.018482567,0.001742153,-0.018482567,-0.006023710,0.011681311,0.001917855,0.020734029,0.007765863,-0.030163879,-0.000175702,-0.039216596,1,0.398739598,0,0,-0.000000000,-0.000000000,-0.000000000,1
11.230000000,0.000000000,0.010000000,-0.000010522,0.000000000,-0.000090457,-0.000078589,0.200000003,0.000000000,0.000000000,0.019355552,0.000000000,-0.000000000,0.020000000,0.020000000,-0.006207956,0.025559288,-0.006207956,0.025559288,-0.007440670,0.010945021,0.000793474,-0.014150747,0.001232714,0.014614267,-0.007001430,0.039710035,1,0.417458184,0,0,0.000000000,0.000000000,0.000000000,1
11.330000000,0.000000000,0.004000000,-0.000010522,0.000000000,0.000175859,-0.000078589,0.200000003,0.000000000,0.000000000,0.019355552,-0.000000000,-0.000000000,0.020000000,0.020000000,0.015590777,-0.003083516,0.015590777,-0.003083516,-0.008984179,0.011600445,-0.005178162,0.022924492,0.024574956,-0.014683961,0.020768939,-0.026008009,1,0.286031717,0,0,0.000000000,0.000000000,0.000000000,1
11.430000000,0.000000000,0.006000000,-0.000010522,0.000000000,0.000442175,-0.000344905,0.200000003,0.000000000,0.000000000,0.019355552,-0.000000000,-0.000000000,0.020000000,0.020000000,-0.001390626,-0.013443440,-0.001390626,-0.013443440,-0.008690570,0.009809101,0.015411291,-0.001745219,0.007299943,-0.023252541,-0.016801917,-0.011698221,1,0.107908600,0,0,-0.000000000,-0.000000000,-0.000000000,1
11.532000000,0.000000000,0.010000000,-0.000010522,0.000000000,0.000175859,-0.000078589,0.200000003,0.000000000,0.000000000,0.019355552,-0.000000000,-0.000000000,0.020000000,0.020000000,0.029899246,-0.013540356,0.029899246,-0.013540356,-0.008490260,0.008313113,0.002926961,-0.012159487,0.038389506,-0.021853470,0.026972285,-0.001380870,1,0.182030552,0,0,0.000000000,0.000000000,0.000000000,1
11.632000000,0.000000000,0.012000000,-0.000010522,0.000000000,-0.000090457,-0.001410170,0.200000003,0.000000000,0.000000000,0.019355552,0.000000000,-0.000000000,0.020000000,0.020000000,0.000173748,0.021993890,0.000173748,0.021993890,-0.008876559,0.009047329,0.029490547,-0.011400040,0.009050307,0.012946561,-0.029316800,0.033393930,1,0.508382556,0,0,0.000000000,0.000000000,0.000000000,1
11.732000000,0.000000000,0.008000000,-0.000010522,0.000000000,-0.000090457,-0.000344905,0.200000003,0.000000000,0.000000000,0.019355552,0.000000000,-0.000000000,0.020000000,0.020000000,0.009982691,0.014056904,0.009982691,0.014056904,-0.007986668,0.010339987,0.004052452,0.019478596,0.017969360,0.003716917,0.005930240,-0.005421692,1,0.016641148,0,0,0.000000000,0.000000000,0.000000000,1
11.832000000,0.000000000,0.008000000,-0.000010522,0.000000000,-0.000889405,-0.000344905,0.200000003,0.000000000,0.000000000,0.019355552,0.000000000,-0.000000000,0.020000000,0.020000000,-0.044651779,-0.000547146,-0.044651779,-0.000547146,-0.007595001,0.010262746,0.010003000,0.014912311,-0.037056779,-0.010809892,-0.054654779,-0.015459457,1,0.828724867,0,0,-0.000000000,-0.000000000,-0.000000000,1
11.932000000,0.000000000,0.006000000,-0.000010522,0.000000000,-0.000090457,-0.000078589,0.200000003,0.000000000,0.000000000,0.019355552,0.000000000,-0.000000000,0.020000000,0.020000000,-0.040080760,-0.018714192,-0.040080760,-0.018714192,-0.008333472,0.008741906,-0.038070200,-0.000206011,-0.031747288,-0.027456098,-0.002010560,-0.018508181,1,0.089054288,0,0,-0.000000000,-0.000000000,-0.000000000,1
12.030000000,0.000000000,0.006000000,-0.000010522,0.000000000,-0.000623089,-0.000078589,0.200000003,0.000000000,0.000000000,0.019355552,0.000000000,-0.000000000,0.020000000,0.020000000,-0.028101320,0.015925705,-0.028101320,0.015925705,-0.008402840,0.007204886,-0.040017556,-0.017277167,-0.019698480,0.008720819,0.011916236,0.033202872,1,0.329138250,0,0,0.000000000,0.000000000,0.000000000,1
12.132000000,0.000000000,0.008000000,-0.000010522,0.000000000,-0.000623089,-0.000611221,0.200000003,0.000000000,0.000000000,0.019355552,0.000000000,-0.000000000,0.020000000,0.020000000,-0.001743337,0.026587907,-0.001743337,0.026587907,-0.007717160,0.006509708,-0.028035856,0.012321512,0.005973823,0.020078199,0.026292519,0.014266396,1,0.222998402,0,0,0.000000000,0.000000000,0.000000000,1
12.232000000,0.000000000,0.008000000,-0.000010522,0.000000000,-0.000067105,-0.000062820,0.200000003,0.000000000,0.000000000,0.019355552,0.000000000,-0.000000000,0.020000000,0.020000000,0.028251582,-0.013182744,0.028251582,-0.013182744,-0.007652186,0.006000001,-0.003480275,0.023478172,0.035903768,-0.019182745,0.031731857,-0.036660916,1,0.606123139,0,0,0.000000000,0.000000000,0.000000000,1
12.332000000,0.000000000,0.008000000,-0.000010522,0.000000000,0.000731843,-0.000329136,0.200000003,0.000000000,0.000000000,0.019355552,-0.000000000,-0.000000000,0.020000000,0.020000000,0.041987766,-0.002169216,0.041987766,-0.002169216,-0.007014955,0.008078257,0.025710136,-0.007485683,0.049002721,-0.010247472,0.016277630,0.005316467,1,0.075243767,0,0,0.000000000,0.000000000,0.000000000,1
12.434000000,0.000000000,0.010000000,-0.000010522,0.000000000,0.000998159,-0.000062819,0.200000003,0.000000000,0.000000000,0.019355552,-0.000000000,-0.000000000,0.020000000,0.020000000,-0.011691309,-0.000335793,-0.011691309,-0.000335793,-0.007109024,0.009540796,0.041976579,-0.001072218,-0.004582286,-0.009876589,-0.053667888,0.000736425,1,0.720471361,0,0,0.000000000,0.000000000,0.000000000,1
12.532000000,0.000000000,0.008000000,-0.000010522,0.000000000,-0.000067105,-0.000595452,0.200000003,0.000000000,0.000000000,0.019355552,0.000000000,-0.000000000,0.020000000,0.020000000,-0.020144615,-0.026217890,-0.020144615,-0.026217890,-0.008307561,0.011561048,-0.006593141,0.004359520,-0.011837054,-0.037778938,-0.013551474,-0.030577410,1,0.297710067,0,0,-0.000000000,-0.000000000,-0.000000000,1
12.632000000,0.000000000,0.006000000,-0.000010522,0.000000000,0.000731843,0.000203497,0.200000003,0.000000000,0.000000000,0.019355552,-0.000000000,0.000000000,0.020000000,0.020000000,-0.012283713,-0.021325615,-0.012283713,-0.021325615,-0.008885237,0.011853928,-0.018758977,-0.021225719,-0.003398476,-0.033179543,0.006475264,-0.000099896,1,0.010764261,0,0,0.000000000,0.000000000,0.000000000,1
12.736000000,0.000000000,0.008000000,-0.000010522,0.000000000,-0.000333422,0.000469813,0.200000003,0.000000000,0.000000000,0.019355552,0.000000000,0.000000000,0.020000000,0.020000000,-0.011846443,-0.025496061,-0.011846443,-0.025496061,-0.009916102,0.011925118,-0.013565126,-0.019438890,-0.001930340,-0.037421179,0.001718683,-0.006057171,1,0.009618973,0,0,0.000000000,0.000000000,0.000000000,1
12.832000000,0.000000000,0.008000000,-0.000010522,0.000000000,-0.000067105,-0.000329136,0.200000003,0.000000000,0.000000000,0.019355552,0.000000000,-0.000000000,0.020000000,0.020000000,0.011929595,0.002438229,0.011929595,0.002438229,-0.009386066,0.012102671,-0.011204816,-0.024995425,0.021315662,-0.009664442,0.023134412,0.027433655,1,0.353491609,0,0,0.000000000,0.000000000,0.000000000,1
12.934000000,0.000000000,0.008000000,-0.000010522,0.000000000,-0.000067105,0.000203497,0.200000003,0.000000000,0.000000000,0.019355552,0.000000000,0.000000000,0.020000000,0.020000000,-0.018185367,-0.037513886,-0.018185367,-0.037513886,-0.010913290,0.011781691,0.008227530,0.000920638,-0.007272078,-0.049295577,-0.026412897,-0.038434523,1,0.539290890,0,0,-0.000000000,-0.000000000,-0.000000000,1
13.034000000,0.000000000,0.008000000,-0.000010522,0.000000000,-0.000333422,-0.000062819,0.200000003,0.000000000,0.000000000,0.019355552,0.000000000,-0.000000000,0.020000000,0.020000000,0.026858842,-0.042026145,0.026858842,-0.042026145,-0.010877201,0.010833321,-0.015702805,-0.034622232,0.037736043,-0.052859465,0.042561647,-0.007403912,1,0.480187085,0,0,0.000000000,0.000000000,0.000000000,1
13.134000000,0.000000000,0.008000000,-0.000010522,0.000000000,-0.000581477,-0.000042904,0.200000003,0.000000000,0.000000000,0.019355552,0.000000000,-0.000000000,0.020000000,0.020000000,0.013096848,-0.027151777,0.013096848,-0.027151777,-0.011595730,0.010307956,0.023049449,-0.041874581,0.024692578,-0.037459733,-0.009952601,0.014722804,1,0.081126118,0,0,0.000000000,0.000000000,0.000000000,1
13.232000000,0.000000000,0.008000000,-0.000010522,0.000000000,0.000217472,0.000223412,0.200000003,0.000000000,0.000000000,0.019355552,-0.000000000,0.000000000,0.020000000,0.020000000,0.012608601,0.005172979,0.012608601,0.005172979,-0.010773661,0.009437589,0.014667891,-0.027862838,0.023382262,-0.004264610,-0.002059290,0.033035817,1,0.290599597,0,0,0.000000000,0.000000000,0.000000000,1
13.332000000,0.000000000,0.006000000,-0.000010522,0.000000000,0.000217471,-0.001108169,0.200000003,0.000000000,0.000000000,0.019355552,-0.000000000,-0.000000000,0.020000000,0.020000000,0.003677516,-0.036411524,0.003677516,-0.036411524,-0.011306995,0.008001340,0.013553844,0.001159944,0.014984511,-0.044412864,-0.009876329,-0.037571468,1,0.388653435,0,0,-0.000000000,-0.000000000,-0.000000000,1
13.432000000,0.000000000,0.008000000,-0.000010522,0.000000000,0.000217472,0.000223412,0.200000003,0.000000000,0.000000000,0.019355552,-0.000000000,0.000000000,0.020000000,0.020000000,-0.002959825,-0.002096372,-0.002959825,-0.002096372,-0.010340513,0.006508849,0.006649279,-0.031075673,0.007380688,-0.008605220,-0.009609104,0.028979301,1,0.239554457,0,0,0.000000000,0.000000000,0.000000000,1
13.532000000,0.000000000,0.006000000,-0.000010522,0.000000000,-0.000048845,-0.000042904,0.200000003,0.000000000,0.000000000,0.019355552,0.000000000,-0.000000000,0.020000000,0.020000000,0.021581075,-0.008159234,0.021581075,-0.008159234,-0.010078339,0.006799217,-0.001632143,-0.005697469,0.031659414,-0.014958451,0.023213218,-0.002461765,1,0.140127627,0,0,0.000000000,0.000000000,0.000000000,1
13.630000000,0.000000000,0.006000000,-0.000011230,-0.000000007,0.000217471,0.000489728,0.200000003,0.000000000,0.000000000,0.019355552,-0.000000000,0.000000000,0.020000000,0.020000000,-0.021168081,-0.010527433,-0.021168081,-0.010527433,-0.009624157,0.005873517,0.020688364,-0.008267267,-0.011543924,-0.016400950,-0.041856445,-0.002260166,1,0.465606516,0,0,-0.000000000,-0.000000000,-0.000000000,1
13.734000000,0.000000000,0.008000000,-0.000012650,-0.000000004,-0.000048845,-0.000309220,0.200000003,0.000000000,0.000000000,0.019355552,0.000000000,-0.000000000,0.020000000,0.020000000,0.019527284,0.032379873,0.019527284,0.032379873,-0.009201373,0.004574050,-0.016510908,-0.011688621,0.028728656,0.027805823,0.036038192,0.044068494,1,0.783653094,0,0,0.000000000,0.000000000,0.000000000,1
13.834000000,0.000000000,0.008000000,-0.000012567,-0.000000000,-0.000048845,-0.000042904,0.200000003,0.000000000,0.000000000,0.019355552,0.000000000,-0.000000000,0.020000000,0.020000000,0.015052135,0.043978413,0.015052135,0.043978413,-0.008485358,0.005873924,0.018135504,0.030007906,0.023537493,0.038104489,-0.003083369,0.013970507,1,0.052994848,0,0,0.000000000,0.000000000,0.000000000,1
13.932000000,0.000000000,0.008000000,-0.000010855,-0.000000005,-0.000315161,0.000756044,0.200000003,0.000000000,0.000000000,0.019355552,0.000000000,0.000000000,0.020000000,0.020000000,-0.000331502,0.025635156,-0.000331502,0.025635156,-0.007562482,0.005485776,0.015792838,0.042669336,0.007230980,0.020149379,-0.016124340,-0.017034180,1,0.145752752,0,0,-0.000000000,-0.000000000,-0.000000000,1
14.034000000,0.000000000,0.008000000,-0.000012482,-0.000000003,-0.000048845,0.000489728,0.200000003,0.000000000,0.000000000,0.019355552,0.000000000,0.000000000,0.020000000,0.020000000,-0.008290102,0.004606108,-0.008290102,0.004606108,-0.007133608,0.007087446,0.002298258,0.028529900,-0.001156494,-0.002481338,-0.010588359,-0.023923792,1,0.171237695,0,0,-0.000000000,-0.000000000,-0.000000000,1
14.134000000,0.000000000,0.010000000,-0.000012570,0.000000001,0.000746787,-0.000023583,0.200000003,0.000000000,0.000000000,0.019355552,-0.000000000,-0.000000000,0.020000000,0.020000000,0.033216312,0.012392775,0.033216312,0.012392775,-0.008261485,0.007872135,-0.008794825,0.008495189,0.041477797,0.004520640,0.042011137,0.003897586,1,0.459651537,0,0,0.000000000,0.000000000,0.000000000,1
14.232000000,0.000000000,0.006000000,-0.000010861,0.000000003,0.000214155,-0.000289899,0.200000003,0.000000000,0.000000000,0.019355552,-0.000000000,-0.000000000,0.020000000,0.020000000,-0.013074979,0.021022033,-0.013074979,0.021022033,-0.009133088,0.008025659,0.028718593,0.012163384,-0.003941891,0.012996374,-0.041793572,0.008858649,1,0.482591511,0,0,0.000000000,0.000000000,0.000000000,1
14.332000000,0.000000000,0.008000000,-0.000012480,-0.000000003,-0.000052161,-0.000289899,0.200000003,0.000000000,0.000000000,0.019355552,0.000000000,-0.000000000,0.020000000,0.020000000,-0.031185136,0.025525755,-0.031185136,0.025525755,-0.008139878,0.006951615,-0.007881284,0.019393892,-0.023045258,0.018574140,-0.023303852,0.006131863,1,0.149229298,0,0,0.000000000,0.000000000,0.000000000,1
14.432000000,0.000000000,0.008000000,-0.000012575,0.000000001,-0.001650058,-0.000556215,0.200000003,0.000000000,0.000000000,0.019355552,0.000000000,-0.000000000,0.020000000,0.020000000,-0.054167865,-0.013494133,-0.054167865,-0.013494133,-0.008203714,0.007058659,-0.028853667,0.026502781,-0.045964151,-0.020552792,-0.025314198,-0.039996914,1,0.574758157,0,0,-0.000000000,-0.000000000,-0.000000000,1
14.530000000,0.000000000,0.006000000,-0.000010852,0.000000003,0.001013103,-0.000023583,0.200000003,0.000000000,0.000000000,0.019355552,-0.000000000,-0.000000000,0.020000000,0.020000000,-0.023747828,-0.008621844,-0.023747828,-0.008621844,-0.008385711,0.006802414,-0.051432173,-0.010193597,-0.015362117,-0.015424258,0.027684344,0.001571753,1,0.203415400,0,0,0.000000000,0.000000000,0.000000000,1
14.632000000,0.000000000,0.008000000,-0.000012476,-0.000000003,-0.000052161,0.000775366,0.200000003,0.000000000,0.000000000,0.019355552,0.000000000,0.000000000,0.020000000,0.020000000,0.009707469,0.012081764,0.009707469,0.012081764,-0.008796644,0.006100201,-0.028451896,-0.007460442,0.018504113,0.005981563,0.038159365,0.019542206,1,0.459303233,0,0,0.000000000,0.000000000,0.000000000,1
14.732000000,0.000000000,0.008000000,-0.000012577,0.000000001,-0.000318478,0.000242733,0.200000003,0.000000000,0.000000000,0.019355552,0.000000000,0.000000000,0.020000000,0.020000000,-0.002748619,-0.033976524,-0.002748619,-0.033976524,-0.008955206,0.007510142,0.006093816,0.011779466,0.006206587,-0.041486666,-0.008842435,-0.045755990,1,0.561626435,0,0,-0.000000000,-0.000000000,-0.000000000,1
14.832000000,0.000000000,0.008000000,-0.000010840,-0.000000005,-0.000318477,-0.000023583,0.200000003,0.000000000,0.000000000,0.019355552,0.000000000,-0.000000000,0.020000000,0.020000000,-0.029738061,-0.013203578,-0.029738061,-0.013203578,-0.008893407,0.007238798,-0.002493414,-0.027759865,-0.020844654,-0.020442376,-0.027244647,0.014556287,1,0.244573013,0,0,0.000000000,0.000000000,0.000000000,1
14.932000000,0.000000000,0.008000000,-0.000012471,-0.000000003,-0.000318478,-0.000023583,0.200000003,0.000000000,0.000000000,0.019355552,0.000000000,-0.000000000,0.020000000,0.020000000,-0.001065844,0.013755220,-0.001065844,0.013755220,-0.009917013,0.009681158,-0.026212551,-0.011715903,0.008851168,0.004074062,0.025146706,0.025471123,1,0.330295998,0,0,0.000000000,0.000000000,0.000000000,1
15.034000000,0.000000000,0.010000000,-0.000012576,0.000000001,-0.000584794,-0.000023583,0.200000003,0.000000000,0.000000000,0.019355552,0.000000000,-0.000000000,0.020000000,0.020000000,-0.003353482,-0.001239315,-0.003353482,-0.001239315,-0.009942175,0.008921008,-0.004744864,0.012926313,0.006588693,-0.010160324,0.001391382,-0.014165628,1,0.050682891,0,0,0.000000000,0.000000000,0.000000000,1
15.132000000,0.000000000,0.008000000,-0.000012094,0.000000008,0.000214155,0.001041682,0.200000003,0.000000000,0.000000000,0.019355552,-0.000000000,0.000000000,0.020000000,0.020000000,-0.018714687,-0.021247688,-0.018714687,-0.021247688,-0.010343065,0.009517815,-0.004798975,0.002305814,-0.008371622,-0.030765503,-0.013915712,-0.023553501,1,0.198807262,0,0,-0.000000000,-0.000000000,-0.000000000,1
15.234000000,0.000000000,0.008000000,-0.000011736,0.000000001,-0.000036634,-0.000542032,0.200000003,0.000000000,0.000000000,0.019355552,0.000000000,-0.000000000,0.020000000,0.020000000,-0.003930237,0.007452456,-0.003930237,0.007452456,-0.012411338,0.007864487,-0.019527432,-0.019543030,0.008481101,-0.000412030,0.015597195,0.026995486,1,0.242280641,0,0,0.000000000,0.000000000,0.000000000,1
15.332000000,0.000000000,0.008000000,-0.000012451,0.000000007,-0.000036634,-0.000542032,0.200000003,0.000000000,0.000000000,0.019355552,0.000000000,-0.000000000,0.020000000,0.020000000,0.002590008,-0.029509909,0.002590008,-0.029509909,-0.012342363,0.007152623,-0.005580507,0.003893681,0.014932371,-0.036662532,0.008170515,-0.033403590,1,0.314362305,0,0,0.000000000,0.000000000,0.000000000,1
15.432000000,0.000000000,0.008000000,-0.000011182,0.000000003,0.000762314,-0.001607296,0.200000003,0.000000000,0.000000000,0.019355552,-0.000000000,-0.000000000,0.020000000,0.020000000,-0.000605748,-0.029392989,-0.000605748,-0.029392989,-0.012406563,0.006466114,0.002920942,-0.025308526,0.011800815,-0.035859102,-0.003526690,-0.004084463,1,0.007496299,0,0,-0.000000000,-0.000000000,-0.000000000,1
15.534000000,0.000000000,0.008000000,-0.000012167,0.000000013,-0.000036634,-0.000009399,0.200000003,0.000000000,0.000000000,0.019355552,0.000000000,-0.000000000,0.020000000,0.020000000,0.019958102,0.020456096,0.019958102,0.020456096,-0.013293215,0.006075936,-0.001698743,-0.028214123,0.033251318,0.014380160,0.021656845,0.048670219,1,0.709784115,0,0,0.000000000,0.000000000,0.000000000,1
15.632000000,0.000000000,0.008000000,-0.000011871,0.000000005,-0.000302950,0.000523233,0.200000003,0.000000000,0.000000000,0.019355552,0.000000000,0.000000000,0.020000000,0.020000000,-0.020014010,0.006391388,-0.020014010,0.006391388,-0.013761327,0.005927091,0.017776152,0.015648040,-0.006252683,0.000464297,-0.037790161,-0.009256652,1,0.401859336,0,0,-0.000000000,-0.000000000,-0.000000000,1
15.732000000,0.000000000,0.008000000,-0.000010661,0.000000008,-0.000835583,0.000256917,0.200000003,0.000000000,0.000000000,0.019355552,0.000000000,0.000000000,0.020000000,0.020000000,0.011367772,-0.027410324,0.011367772,-0.027410324,-0.012677578,0.003550853,-0.016745364,0.007370296,0.024045350,-0.030961177,0.028113136,-0.034780620,1,0.513420050,0,0,0.000000000,0.000000000,0.000000000,1
15.832000000,0.000000000,0.008000000,-0.000011073,-0.000000002,-0.000302951,-0.000009399,0.200000003,0.000000000,0.000000000,0.019355552,0.000000000,-0.000000000,0.020000000,0.020000000,0.012549247,-0.000350431,0.012549247,-0.000350431,-0.011293714,0.002556784,0.007657226,-0.024565706,0.023842961,-0.002907215,0.004892021,0.024215274,1,0.157196056,0,0,0.000000000,0.000000000,0.000000000,1
15.934000000,0.000000000,0.008000000,-0.000011315,0.000000016,-0.000036634,0.000256917,0.200000003,0.000000000,0.000000000,0.019355552,0.000000000,0.000000000,0.020000000,0.020000000,-0.013780488,0.020386870,-0.013780488,0.020386870,-0.012550940,0.002926354,0.010337912,0.000304389,-0.001229548,0.017460516,-0.024118399,0.020082481,1,0.246313765,0,0,0.000000000,0.000000000,0.000000000,1
16.034000000,0.000000000,0.012000000,-0.000011041,0.000000023,-0.000036634,-0.000009399,0.200000003,0.000000000,0.000000000,0.019355552,0.000000000,-0.000000000,0.020000000,0.020000000,0.006007009,0.005778472,0.006007009,0.005778472,-0.011782749,0.004000968,-0.010199333,0.020444210,0.017789758,0.001777505,0.016206342,-0.014665738,1,0.123024546,0,0,0.000000000,0.000000000,0.000000000,1
16.132000000,0.000000000,0.008000000,-0.000010429,0.000000022,-0.000036634,-0.000009399,0.200000003,0.000000000,0.000000000,0.019355552,0.000000000,-0.000000000,0.020000000,0.020000000,-0.021200038,-0.015555015,-0.021200038,-0.015555015,-0.011274119,0.003493833,0.003999796,0.007448147,-0.009925919,-0.019048848,-0.025199834,-0.023003162,1,0.308648657,0,0,-0.000000000,-0.000000000,-0.000000000,1
16.234000000,0.000000000,0.010000000,-0.000009783,0.000000025,-0.000028676,0.000538955,0.200000003,0.000000000,0.000000000,0.019355552,0.000000000,0.000000000,0.020000000,0.020000000,-0.010553787,-0.022227349,-0.010553787,-0.022227349,-0.011533761,0.003683723,-0.018596738,-0.011915877,0.000979974,-0.025911072,0.008042951,-0.010311472,1,0.042737383,0,0,0.000000000,0.000000000,0.000000000,1
16.334000000,0.000000000,0.008000000,-0.000009569,0.000000035,-0.000028676,-0.000526310,0.200000003,0.000000000,0.000000000,0.019355552,0.000000000,-0.000000000,0.020000000,0.020000000,-0.015232667,0.004469317,-0.015232667,0.004469317,-0.012657827,0.001998983,-0.012306030,-0.020604781,-0.002574840,0.002470334,-0.002926637,0.025074098,1,0.164197243,0,0,0.000000000,0.000000000,0.000000000,1
16.434000000,0.000000000,0.008000000,-0.000009199,0.000000049,0.001569221,-0.000259994,0.200000003,0.000000000,0.000000000,0.019355552,-0.000000000,-0.000000000,0.020000000,0.020000000,-0.020620353,0.011650420,-0.020620353,0.011650420,-0.012148062,0.004195851,-0.014063654,0.005670936,-0.008472291,0.007454570,-0.006556699,0.005979485,1,0.020310327,0,0,0.000000000,0.000000000,0.000000000,1
16.532000000,0.000000000,0.008000000,-0.000009014,0.000000081,0.000237640,-0.000526310,0.200000003,0.000000000,0.000000000,0.019355552,-0.000000000,-0.000000000,0.020000000,0.020000000,0.022397081,0.018035874,0.022397081,0.018035874,-0.012103373,0.004659776,-0.019193762,0.012320576,0.034500454,0.013376098,0.041590844,0.005715298,1,0.468225078,0,0,0.000000000,0.000000000,0.000000000,1
16.634000000,0.000000000,0.008000000,-0.000008212,-0.000000261,-0.000028676,0.000538955,0.200000003,0.000000000,0.000000000,0.019355552,0.000000000,0.000000000,0.020000000,0.020000000,-0.012128893,0.003987044,-0.012128893,0.003987044,-0.012549022,0.005860426,0.016509229,0.018409055,0.000420129,-0.001873382,-0.028638122,-0.014422012,1,0.257058643,0,0,-0.000000000,-0.000000000,-0.000000000,1
16.734000000,0.000000000,0.008000000,-0.000007547,0.000000076,-0.000294992,0.000006322,0.200000003,0.000000000,0.000000000,0.019355552,0.000000000,0.000000000,0.020000000,0.020000000,0.035853294,0.007022721,0.035853294,0.007022721,-0.011800752,0.006752131,-0.009906727,0.006931523,0.047654045,0.000270590,0.045760021,0.000091198,1,0.541095373,0,0,0.000000000,0.000000000,0.000000000,1
16.830000000,0.000000000,0.006000000,-0.000006845,0.000000103,-0.000294992,0.000272638,0.200000003,0.000000000,0.000000000,0.019355552,0.000000000,0.000000000,0.020000000,0.020000000,-0.023545596,-0.030488776,-0.023545596,-0.030488776,-0.011348277,0.005818342,0.030355172,0.006035635,-0.012197320,-0.036307118,-0.053900768,-0.036524411,1,1.156458629,0,0,-0.000000000,-0.000000000,-0.000000000,1
16.932000000,0.000000000,0.008000000,-0.000006228,-0.000000147,-0.000561308,0.000538955,0.200000003,0.000000000,0.000000000,0.019355552,0.000000000,0.000000000,0.020000000,0.020000000,0.015195123,-0.001364228,0.015195123,-0.001364228,-0.011568613,0.005745881,-0.019939501,-0.025341903,0.026763737,-0.007110109,0.035134624,0.023977675,1,0.450561497,0,0,0.000000000,0.000000000,0.000000000,1
17.034000000,0.000000000,0.010000000,-0.000005909,-0.000000129,-0.000294992,0.000805271,0.200000003,0.000000000,0.000000000,0.019355552,0.000000000,0.000000000,0.020000000,0.020000000,0.015475032,0.002941815,0.015475032,0.002941815,-0.010554640,0.006884237,0.011567097,-0.002575462,0.026029672,-0.003942422,0.003907935,0.005517277,1,0.011453927,0,0,0.000000000,0.000000000,0.000000000,1
17.134000000,0.000000000,0.008000000,-0.000005401,-0.000000115,-0.000027361,0.000019290,0.200000003,0.000000000,0.000000000,0.019355552,0.000000000,0.000000000,0.020000000,0.020000000,-0.036986070,-0.017110074,-0.036986070,-0.017110074,-0.011284064,0.007942817,0.013574268,0.003866334,-0.025702006,-0.025052891,-0.050560338,-0.020976408,1,0.771280762,0,0,-0.000000000,-0.000000000,-0.000000000,1
17.234000000,0.000000000,0.008000000,-0.000005063,-0.000000070,-0.000027361,-0.000513342,0.200000003,0.000000000,0.000000000,0.019355552,0.000000000,-0.000000000,0.020000000,0.020000000,-0.019210164,-0.013056833,-0.019210164,-0.013056833,-0.010802185,0.008249444,-0.032948366,-0.014645215,-0.008407979,-0.021306277,0.013738202,0.001588382,1,0.049161862,0,0,0.000000000,0.000000000,0.000000000,1
17.334000000,0.000000000,0.010000000,-0.000004663,0.000000179,-0.000027361,-0.000247026,0.200000003,0.000000000,0.000000000,0.019355552,0.000000000,-0.000000000,0.020000000,0.020000000,0.014388456,0.008347459,0.014388456,0.008347459,-0.010468810,0.009669283,-0.020932658,-0.010568995,0.024857266,-0.001321824,0.035321114,0.018916455,1,0.412913881,0,0,0.000000000,0.000000000,0.000000000,1
17.432000000,0.000000000,0.008000000,-0.000004198,-0.000000006,0.000238955,0.000551923,0.200000003,0.000000000,0.000000000,0.019355552,-0.000000000,0.000000000,0.020000000,0.020000000,-0.027049960,-0.002221280,-0.027049960,-0.002221280,-0.010116027,0.010887415,0.010843950,0.007145348,-0.016933933,-0.013108695,-0.037893910,-0.009366628,1,0.403255131,0,0,-0.000000000,-0.000000000,-0.000000000,1
17.532000000,0.000000000,0.008000000,-0.000003825,0.000000016,-0.000027361,0.000818239,0.200000003,0.000000000,0.000000000,0.019355552,0.000000000,0.000000000,0.020000000,0.020000000,0.005855406,0.012288671,0.005855406,0.012288671,-0.010093703,0.011378531,-0.023498463,0.000374176,0.015949109,0.000910139,0.029353869,0.011914495,1,0.258484267,0,0,0.000000000,0.000000000,0.000000000,1
17.634000000,0.000000000,0.010000000,-0.000002851,0.000000009,-0.000027361,0.000019290,0.200000003,0.000000000,0.000000000,0.019355552,0.000000000,0.000000000,0.020000000,0.020000000,-0.032366487,-0.020017046,-0.032366487,-0.020017046,-0.009885850,0.011882704,0.000947588,0.012328428,-0.022480638,-0.031899750,-0.033314075,-0.032345475,1,0.538419404,0,0,-0.000000000,-0.000000000,-0.000000000,1
17.732000000,0.000000000,0.008000000,-0.000002609,-0.000000007,0.000238955,0.000285606,0.200000003,0.000000000,0.000000000,0.019355552,-0.000000000,0.000000000,0.020000000,0.020000000,0.009713348,0.021183414,0.009713348,0.021183414,-0.008464397,0.010584703,-0.027769963,-0.016031885,0.018177746,0.010598711,0.037483312,0.037215299,1,0.740095430,0,0,0.000000000,0.000000000,0.000000000,1
17.834000000,0.000000000,0.008000000,-0.008493682,0.004294119,0.037523195,0.048755158,0.200000003,0.000000000,0.000000000,0.019355552,-0.000000000,0.000000000,0.020000000,0.020000000,-0.011081097,0.013511190,-0.011081097,0.013511190,-0.005490237,0.008620835,0.008456101,0.016947870,-0.005590860,0.004890355,-0.019537198,-0.003436680,1,0.094796810,0,0,-0.000000000,-0.000000000,-0.000000000,1
17.934000000,0.000000000,0.008000000,-0.037351587,0.034751438,0.030598989,0.043428820,0.200000003,0.000000000,0.000000000,0.019355552,-0.000000000,0.000000000,0.020000000,0.020000000,-0.005925852,-0.016124486,-0.005925852,-0.016124486,-0.002045303,0.005193622,-0.005615038,0.010459981,-0.003880549,-0.021318108,-0.000310814,-0.026584467,1,0.167921729,0,0,-0.000000000,-0.000000000,-0.000000000,1
18.034000000,0.000000000,0.008000000,0.030001699,-0.018765536,-0.003755791,-0.000247021,0.200000003,0.000000000,0.000000000,0.019355552,0.000000000,-0.000000000,0.020000000,0.020000000,-0.015412169,-0.004693847,-0.015412169,-0.004693847,0.006912800,-0.001636617,0.003395570,-0.018779873,-0.022324969,-0.003057229,-0.018807738,0.014086026,1,0.127324029,0,0,0.000000000,0.000000000,0.000000000,1
18.134000000,0.000000000,0.008000000,0.123313565,-0.083520650,-0.023463182,-0.033802863,0.200000003,0.000000000,0.000000000,0.019355552,0.000000000,-0.000000000,0.020000000,0.020000000,0.005364397,-0.014467857,0.005364397,-0.014467857,0.014238890,-0.008386651,-0.005792034,-0.012261308,-0.008874493,-0.006081206,0.011156432,-0.002206549,1,0.041992580,1,0,0.000507493,0.002568330,-0.000004840,1
18.234000000,0.000000000,0.008000000,0.177531790,-0.117239641,-0.023721872,-0.037787404,0.200000003,0.000000000,0.000000000,0.019355552,0.000000000,-0.000000000,0.020000000,0.020000000,-0.015609908,-0.003306683,-0.015609908,-0.003306683,0.020104001,-0.012485322,0.013262574,-0.016499496,-0.035713909,0.009178640,-0.028872482,0.013192813,1,0.391297310,1,0,-0.001087639,-0.002381370,-0.000002970,1
18.332000000,0.000000000,0.008000000,0.184928909,-0.117234313,-0.009873444,-0.020210532,0.200000003,0.000000000,0.000000000,0.019355552,0.000000000,-0.000000000,0.020000000,0.020000000,-0.009745574,-0.017019022,-0.009745574,-0.017019022,0.023181250,-0.012780223,-0.015226009,-0.001433712,-0.032926824,-0.004238799,0.005480435,-0.015585310,1,0.129259528,1,0,0.002469743,0.000868482,0.000001012,1
18.432000000,0.000000000,0.008000000,0.169377774,-0.106514458,-0.002949226,-0.007959993,0.200000003,0.000000000,0.000000000,0.019355552,0.000000000,-0.000000000,0.020000000,0.020000000,-0.035980344,0.001182814,-0.035980344,0.001182814,0.021582767,-0.013078410,-0.010404660,-0.018618069,-0.057563111,0.014261224,-0.025575684,0.019800882,1,0.539549052,1,0,-0.001602710,-0.002070075,0.000001874,1
18.534000000,0.000000000,0.008000000,0.153768288,-0.105670519,-0.006411338,-0.001834719,0.200000003,0.000000000,0.000000000,0.019355552,0.000000000,-0.000000000,0.020000000,0.020000000,-0.027341960,0.004972985,-0.027341960,0.004972985,0.018888697,-0.013029366,-0.040673761,0.001902185,-0.046230657,0.018002351,0.013331801,0.003070800,1,0.107112636,1,0,-0.000587496,0.002551216,0.000006028,1
18.634000000,0.000000000,0.008000000,0.139109450,-0.100710205,-0.004547125,-0.000503139,0.200000003,0.000000000,0.000000000,0.019355552,0.000000000,-0.000000000,0.020000000,0.020000000,-0.003856759,0.002757486,-0.003856759,0.002757486,0.015185571,-0.012680289,-0.028512420,0.006791333,-0.019042329,0.015437775,0.024655661,-0.004033848,1,0.399347672,1,0,0.000422777,0.002583622,0.000006940,1
18.732000000,0.000000000,0.008000000,0.105291981,-0.074677917,-0.003748176,-0.000769455,0.298953146,0.035176786,0.334129932,0.353485484,0.036433580,-0.025209225,0.020329143,0.020158250,0.008426725,0.005845181,0.044860305,-0.019364044,0.011027352,-0.011108158,-0.005174404,0.004920205,0.033832953,-0.008255886,0.050034709,-0.024284249,1,2.276101651,1,0,0.001147823,0.002352938,0.000008734,1
18.832000000,0.000000000,0.008000000,0.077754984,-0.052963970,-0.002416595,0.000562125,0.328541666,0.007850383,0.336392049,0.355747601,0.026969082,-0.017627564,0.020181014,0.020077532,-0.036426285,-0.016016676,-0.009457203,-0.033644240,0.007659519,-0.009561019,0.042320103,-0.015952728,-0.017116722,-0.024083221,-0.051777306,-0.017691512,1,2.360928861,1,0,0.000849864,-0.002476211,-0.000000868,1
18.934000000,0.000000000,0.008000000,0.058936506,-0.039500319,-0.001883962,-0.003166300,0.379924238,-0.026441737,0.353482501,0.372838053,0.021498971,-0.015081903,0.020115220,0.020056785,-0.033984712,-0.019505761,-0.012485741,-0.034587664,0.004833569,-0.008548315,0.000940636,-0.032778223,-0.017319310,-0.026039350,-0.013426377,-0.001809442,1,0.148537525,1,0,0.000350846,-0.002594377,-0.000002234,1
19.034000000,0.000000000,0.008000000,0.052498027,-0.034251774,-0.004280809,-0.004497882,0.424777299,0.050858464,0.475635763,0.494991315,0.027006045,-0.018430722,0.020181508,0.020084743,0.003148954,-0.017254410,0.030154999,-0.035685133,0.003820058,-0.008893747,-0.009610194,-0.035482506,0.026334941,-0.026791386,0.039765193,-0.000202626,1,1.355912471,1,0,0.000013477,0.002617958,0.000002868,1
19.134000000,0.000000000,0.008000000,0.040323397,-0.027278465,-0.004277694,0.000028057,0.479326129,0.011752933,0.491079062,0.510434614,0.021902662,-0.013382105,0.020119574,0.020044720,0.011603278,-0.007059189,0.033505940,-0.020441294,0.001347654,-0.008047329,0.022945326,-0.035305143,0.032158286,-0.012393964,0.010560614,0.014863850,1,0.319093667,1,0,-0.002136005,0.001513729,0.000000432,1
19.234000000,0.000000000,0.008000000,0.025186450,-0.015155774,-0.000282951,0.000560690,0.548502207,0.012034570,0.560536777,0.579892329,0.014276536,-0.008181081,0.020050890,0.020016726,0.004683741,-0.001920411,0.018960277,-0.010101492,-0.001060885,-0.005493370,0.033461177,-0.022279694,0.020021163,-0.004608122,-0.014500899,0.012178202,1,0.365793003,1,0,-0.001684319,-0.002004198,-0.000012224,1
19.332000000,0.000000000,0.006000000,0.016941241,-0.004800424,0.001847578,0.000560690,0.609761417,0.002627779,0.612389196,0.631744748,0.009243197,-0.002596367,0.020021348,0.020001685,-0.011630267,-0.015707984,-0.002387070,-0.018304351,-0.003915854,-0.002669909,0.025474371,-0.011357830,0.001528783,-0.015634442,-0.027861441,-0.006946521,1,0.913884555,1,0,0.000634509,-0.002539902,-0.000013726,1
19.434000000,0.000000000,0.008000000,0.008552598,0.002244447,0.000249681,0.002158586,0.701237142,-0.060364683,0.640872459,0.660228012,0.005321111,0.002821783,0.020007077,0.020001991,0.023658393,-0.014829881,0.028979504,-0.012008098,-0.006499877,-0.000105148,0.007252377,-0.008682293,0.035479381,-0.011902950,0.021727127,-0.003325805,1,0.572398589,1,0,0.000395413,0.002587934,0.000011768,1
19.532000000,0.000000000,0.006000000,0.005418466,0.003840182,0.000782314,0.000028057,0.785561383,0.020297648,0.805859031,0.825214583,0.003736085,0.003117256,0.020003489,0.020002429,-0.006875802,0.008284393,-0.003139718,0.011401649,-0.008081356,0.003334935,0.019132846,-0.006543136,0.004941638,0.008066714,-0.022272564,0.017944785,1,1.043494913,1,0,-0.001641195,-0.002039670,-0.000010710,1
19.628000000,0.000000000,0.002000000,0.004306784,0.010595565,0.003445474,0.000028057,0.833636343,0.034527247,0.868163590,0.887519143,0.000747757,0.009223042,0.020000140,0.020021255,-0.006727167,-0.016862970,-0.005979409,-0.007639927,-0.011307683,0.006792467,0.007175590,0.008293098,0.005328273,-0.014432395,-0.013155000,-0.015933026,1,0.583385140,1,0,0.001909402,-0.001576280,-0.000011201,1
19.734000000,0.000000000,0.008000000,-0.001364322,0.012508742,0.002646526,0.001892271,0.917994380,-0.021156223,0.896838157,0.916193709,-0.003597081,0.012915378,0.020003234,0.020041658,0.005540889,0.030342231,0.001943808,0.043257609,-0.013851667,0.009111097,-0.000766140,0.004857731,0.015795475,0.034146513,0.002709948,0.038399878,1,2.094102388,1,0,-0.002611649,0.000182024,0.000006943,1
19.834000000,0.000000000,0.008000000,-0.006247722,0.014783451,0.005309687,0.003490167,0.999740660,-0.079475055,0.920265605,0.939621158,-0.010635886,0.016816582,0.020028261,0.020070575,0.006736047,0.014544105,-0.003899839,0.031360687,-0.014953725,0.012629567,-0.001007904,0.028359840,0.011053885,0.018731120,-0.002891936,0.003000848,1,0.025848585,1,0,-0.000255513,-0.000247265,-0.000000985,1
19.932000000,0.000000000,0.008000000,-0.002923955,0.016926085,0.004510740,-0.000770892,1.069742560,0.043909830,1.113652390,1.133007942,-0.008279666,0.017991270,0.020017131,0.020080758,-0.011624577,-0.001292757,-0.019904243,0.016698513,-0.015127757,0.015357977,-0.002344747,0.036013834,-0.004776486,0.001340535,-0.017559496,-0.019315321,1,1.062353550,1,0,0.001410301,-0.001282770,-0.000010019,1
20.034000000,0.000000000,0.008000000,-0.000362712,0.017577545,0.005309687,-0.001037208,1.195704699,-0.047477433,1.148227266,1.167582818,-0.006513203,0.018992066,0.020010603,0.020089972,0.033481910,0.006976454,0.026968706,0.025968519,-0.016557518,0.015839407,-0.011219056,0.031078235,0.043526224,0.010129112,0.038187762,-0.005109716,1,2.407122236,1,0,0.000307322,0.002337451,0.000007712,1
20.134000000,0.000000000,0.008000000,-0.002248600,0.010621297,-0.001874643,-0.001029577,1.287928224,-0.033699179,1.254229045,1.273584597,-0.000469027,0.012030215,0.020000055,0.020036149,-0.021484872,-0.003880001,-0.021953899,0.008150214,-0.015954214,0.016403149,0.003000605,0.032296902,-0.005999686,-0.008252935,-0.024954504,-0.024146689,1,2.021552088,1,0,0.001262148,-0.001301442,-0.000005905,1
20.234000000,0.000000000,0.008000000,-0.002470073,0.009237382,-0.000543062,0.000568320,1.275343060,0.058559491,1.333902551,1.353258103,-0.002570445,0.013079852,0.020001652,0.020042725,0.003307174,0.019645325,0.000736729,0.032725177,-0.017195226,0.016191154,-0.008294205,0.025465535,0.017931955,0.016534023,0.009030934,0.007259642,1,0.232019957,1,0,-0.000323236,0.000400653,0.000001676,1
20.334000000,0.000000000,0.008000000,-0.006423733,0.009758426,-0.000005205,0.003236384,1.341416955,0.063251472,1.404668427,1.424023979,-0.009015902,0.018253399,0.020020311,0.020083124,0.012697792,-0.020092721,0.003681890,-0.001839322,-0.018396932,0.016256197,-0.004540662,0.029281626,0.022078822,-0.018095519,0.008222552,-0.031120948,1,1.828540638,1,0,0.001185233,0.000318238,-0.000001425,1
20.432000000,0.000000000,0.006000000,-0.006724628,0.009217779,-0.001336786,-0.000492042,1.440240264,-0.082110809,1.358129455,1.377485007,-0.007317387,0.011850680,0.020013382,0.020035079,0.004150212,-0.019661623,-0.003167174,-0.007810943,-0.018321591,0.014568235,-0.000744921,0.018328005,0.015154416,-0.022379178,-0.002422253,-0.026138948,1,1.248467579,1,0,0.000876175,-0.000078486,-0.000001449,1
20.532000000,0.000000000,0.006000000,-0.005236165,0.005982652,-0.001869418,-0.001557306,1.508116603,-0.054534957,1.453581646,1.472937198,-0.004893842,0.006432601,0.020005987,0.020010342,-0.004476964,-0.017610655,-0.009370806,-0.011178054,-0.018202676,0.014315035,-0.000179549,0.010634682,0.008831870,-0.025493089,-0.009191257,-0.021812736,1,1.035233834,1,0,0.000702674,-0.000292407,-0.000001408,1
20.634000000,0.000000000,0.008000000,-0.005033479,0.008275972,0.001592693,-0.002089939,1.531549931,-0.005910241,1.525639690,1.544995242,-0.010109151,0.009437658,0.020025532,0.020022255,-0.019513469,-0.014426522,-0.029622620,-0.004988864,-0.017511653,0.014837780,-0.003280320,0.005545567,-0.012110967,-0.019826644,-0.026342299,-0.010534431,1,1.508135463,1,0,0.000324854,-0.000794002,-0.000000716,1
20.734000000,0.000000000,0.008000000,-0.005136834,0.013047252,0.004523889,0.000578583,1.598047495,0.013555160,1.611602655,1.630958208,-0.015569248,0.021959431,0.020060509,0.020120193,-0.014076677,0.010164743,-0.029645925,0.032124174,-0.020151336,0.015592041,-0.013629291,0.001488675,-0.009494589,0.016532132,-0.016016634,0.030635499,1,2.256397508,1,0,-0.000859449,-0.000462914,0.000002809,1
20.832000000,0.000000000,0.008000000,-0.011317663,0.012353014,0.002393360,0.005105956,1.667729378,-0.005477468,1.662251910,1.681607462,-0.022791173,0.029021206,0.020129441,0.020209461,-0.006037499,-0.031354781,-0.028828672,-0.002333575,-0.020773604,0.016399170,-0.017773173,0.007488206,-0.008055068,-0.018732744,-0.011055499,-0.009821781,1,0.416238445,1,0,0.000261217,-0.000287902,-0.000000784,1
20.932000000,0.000000000,0.008000000,-0.007529299,0.011124663,0.000262841,0.000578591,1.726859331,0.045949211,1.772808543,1.792164095,-0.013813972,0.020747629,0.020047650,0.020107328,0.036405017,-0.022401481,0.022591045,-0.001653852,-0.022190299,0.016889167,-0.023065413,0.002618765,0.044781344,-0.018543019,0.045656458,-0.004272617,1,4.074649978,1,0,0.000086020,0.001158896,-0.000000798,1
21.034000000,0.000000000,0.008000000,-0.009478726,0.010790086,0.001329756,0.002980290,1.835162878,0.010663658,1.845826536,1.865182089,-0.019950583,0.025417727,0.020099260,0.020160868,0.021798704,0.018494962,0.001848121,0.043912689,-0.021131689,0.016618109,-0.012988892,-0.000030163,0.022979811,0.027294580,0.014837013,0.043942852,1,4.163374835,1,0,-0.001036993,0.000326759,0.000001684,1
21.134000000,0.000000000,0.006000000,-0.005533041,0.008912498,-0.001333386,-0.002079704,1.878460884,0.002856621,1.881317505,1.900673057,-0.007900884,0.012854657,0.020015600,0.020041268,-0.002155095,-0.012543248,-0.010055979,0.000311408,-0.020160675,0.014176480,-0.009826179,0.007595132,0.010104696,-0.013865071,-0.000229800,-0.007283723,1,0.104390682,1,0,0.000161723,-0.000000447,-0.000000256,1
21.232000000,0.000000000,0.008000000,0.000390456,0.006715093,-0.000265918,-0.006871914,1.963328362,0.027676672,1.991005034,2.010360586,0.001306844,-0.000312233,0.020000427,0.020000024,0.029033281,0.008827218,0.030340125,0.008514985,-0.018746593,0.013996262,-0.010030660,0.007089831,0.049086718,-0.005481277,0.040370784,0.001425154,1,3.240637557,1,0,-0.000065339,0.000874072,0.000000369,1
21.332000000,0.000000000,0.008000000,-0.001214480,0.005119204,-0.002396436,-0.003676111,2.024086952,-0.023238837,2.000848115,2.020203667,0.002364914,0.002887411,0.020001398,0.020002084,-0.019027580,0.050519082,-0.016662665,0.053406493,-0.017623906,0.012411638,-0.001301677,0.006270465,0.000961241,0.040994855,-0.015360988,0.047136028,1,4.901076598,1,0,-0.000952211,-0.000361972,0.000001463,1
21.432000000,0.000000000,0.008000000,-0.003871582,0.002482224,-0.002130131,-0.002344536,2.105481625,0.018701378,2.124183003,2.143538555,-0.003699162,0.000292474,0.020003421,0.020000021,0.004700754,-0.008325156,0.001001592,-0.008032683,-0.016675243,0.012205189,-0.004534900,0.017915485,0.017676835,-0.020237872,0.005536492,-0.025948167,1,1.408449350,1,0,0.000535350,0.000144399,-0.000001018,1
21.534000000,0.000000000,0.008000000,-0.008413177,0.004015578,-0.002130131,0.000318626,2.153081179,-0.012000111,2.141081068,2.160436620,-0.013452510,0.009279881,0.020045191,0.020021517,0.008593876,0.025259253,-0.004858634,0.034539133,-0.018226608,0.010430602,-0.004627285,0.011188706,0.013367974,0.024108531,-0.000231349,0.023350427,1,1.091013928,1,0,-0.000468222,-0.000032082,0.000001019,1
21.632000000,0.000000000,0.008000000,-0.012214401,0.003373493,-0.002130063,0.004314115,2.153010368,0.016372363,2.169382731,2.188738284,-0.021876788,0.016677364,0.020119293,0.020069413,0.011997521,0.000379514,-0.009879267,0.017056878,-0.017362364,0.009548246,-0.002964225,0.016925668,0.007483097,0.007508632,-0.006915042,0.000131211,1,0.095201795,1,0,0.000005244,-0.000140334,-0.000000313,1
21.734000000,0.000000000,0.008000000,-0.010536783,0.005392898,-0.000798483,-0.000745891,2.205392122,-0.032860855,2.172531267,2.191886819,-0.021156763,0.010095769,0.020111591,0.020025465,0.002393282,-0.004473012,-0.018763481,0.005622757,-0.015856011,0.008529687,-0.003842801,0.017713176,-0.002907470,-0.002906930,-0.014920680,-0.012090418,1,0.736185798,1,0,0.000276466,-0.000307117,-0.000001228,1
21.834000000,0.000000000,0.008000000,-0.004262415,0.007261008,-0.000266096,-0.005539032,2.281708241,-0.015840945,2.265867296,2.285222848,-0.009055128,0.003901771,0.020020488,0.020003806,-0.018010661,0.010335718,-0.027065789,0.014237489,-0.014150473,0.009141226,-0.006365578,0.016280064,-0.012915316,0.005096263,-0.020700211,-0.002042575,1,0.867660193,1,0,0.000067520,-0.000484805,-0.000001149,1
21.934000000,0.000000000,0.008000000,-0.002785090,0.010236078,0.003462328,-0.006604295,2.342561483,-0.002329430,2.340232053,2.359587605,-0.014620409,0.008499214,0.020053368,0.020018051,-0.010566801,-0.029168007,-0.025187210,-0.020668792,-0.012468821,0.009657154,-0.011355706,0.016482042,-0.012718389,-0.030325946,-0.013831504,-0.037150834,1,3.153423475,1,0,0.000904292,-0.000302682,-0.000003879,1
22.032000000,0.000000000,0.008000000,-0.003607899,0.011518223,0.003462328,-0.004740082,2.395608664,0.005812551,2.401421214,2.420776766,-0.016978595,0.016277171,0.020071939,0.020066127,-0.011797969,0.000656215,-0.028776564,0.016933386,-0.010391201,0.009613628,-0.013605875,0.008883070,-0.018385363,0.007319758,-0.015170690,0.008050316,1,0.590035019,1,0,-0.000181789,-0.000365921,0.000000706,1
22.132000000,0.000000000,0.008000000,-0.006910198,0.010142248,0.000266535,-0.002076922,2.428523779,0.053886179,2.482409958,2.501765510,-0.017815593,0.020021448,0.020079192,0.020099965,-0.022030512,0.013370591,-0.039846106,0.033392039,-0.011045969,0.008870454,-0.021276389,0.008818600,-0.028800137,0.024521585,-0.018569716,0.024573439,1,1.894579625,1,0,-0.000563243,-0.000445993,0.000002785,1
22.232000000,0.000000000,0.008000000,-0.013739800,0.006595914,-0.001065018,0.002183912,2.457571507,0.008398937,2.465970443,2.485325995,-0.031255637,0.021650791,0.020242755,0.020116848,0.027557066,0.019091726,-0.003698571,0.040742517,-0.011476705,0.007038460,-0.027387690,0.010028338,0.007778134,0.033704057,0.023689119,0.030714179,1,2.987777283,1,0,-0.000692042,0.000508748,0.000004336,1
22.334000000,0.000000000,0.008000000,-0.015477141,0.004263000,0.000266563,0.002982860,2.526869535,0.080304054,2.607173589,2.626529141,-0.041046567,0.018891215,0.020416861,0.020089021,0.003821037,-0.023470853,-0.037225530,-0.004579638,-0.012779975,0.006963239,-0.025921331,0.014864290,-0.024445555,-0.011542876,-0.011304199,-0.019443928,1,1.002784221,1,0,0.000443883,-0.000243587,-0.000002557,1
22.434000000,0.000000000,0.008000000,-0.017877406,0.011565089,0.006125516,0.004580760,2.558913469,-0.022147406,2.536766064,2.556121616,-0.060889799,0.040958241,0.020906355,0.020415087,0.019868606,0.027854817,-0.041021193,0.068813058,-0.013668392,0.007192433,-0.031222466,0.010344650,-0.027352801,0.061620625,-0.009798727,0.058468407,1,6.829846644,1,0,-0.001176458,-0.000209048,0.000005155,1
22.532000000,0.000000000,0.008000000,-0.015939480,0.012599294,0.002397092,0.000586015,2.607677221,0.011578907,2.619256128,2.638611681,-0.048028177,0.034535703,0.020568594,0.020295988,-0.016061115,0.021951966,-0.064089292,0.056487669,-0.012901232,0.006920551,-0.034272790,0.018270244,-0.051188060,0.049567119,-0.029816502,0.038217425,1,4.571429473,1,0,-0.000793141,-0.000633713,0.000002541,1
22.632000000,0.000000000,0.006000000,-0.014083665,0.008945611,0.001864460,-0.000479250,2.649349928,-0.024783774,2.624566154,2.643921707,-0.041856909,0.022220526,0.020433306,0.020123059,-0.016914346,0.025840684,-0.058771255,0.048061210,-0.011799814,0.005663661,-0.041678184,0.025588863,-0.046971440,0.042397549,-0.017093071,0.022472347,1,1.571444672,1,0,-0.000459803,-0.000359065,0.000001534,1
22.734000000,0.000000000,0.008000000,-0.013859138,0.007189138,0.000532879,0.000319698,2.698822737,0.069166113,2.767988850,2.787344402,-0.039836943,0.020784375,0.020392887,0.020107708,0.024239757,-0.019564855,-0.015597186,0.001219520,-0.011951154,0.005098604,-0.048518514,0.030844198,-0.003646032,-0.003879084,0.032921328,-0.029624678,1,3.855241031,1,0,0.000601817,0.000691675,-0.000001471,1
22.834000000,0.000000000,0.008000000,-0.013880610,0.006880991,0.000000114,0.000585629,2.694837093,0.058630449,2.753467543,2.772823095,-0.038220122,0.020559095,0.020361920,0.020105391,0.012896556,0.028150777,-0.025323565,0.048709872,-0.010985982,0.004062963,-0.042040523,0.025666519,-0.014337584,0.044646909,0.016716958,0.023043353,1,1.606533684,1,0,-0.000433296,0.000297904,0.000002785,1
22.932000000,0.000000000,0.008000000,-0.014973338,0.004550083,-0.001065154,-0.000479651,2.704840899,-0.072387510,2.632453389,2.651808941,-0.036612645,0.010715222,0.020332360,0.020028683,-0.003375537,-0.029476181,-0.039988182,-0.018760959,-0.008964695,0.002851008,-0.038659482,0.031758427,-0.031023487,-0.021611968,-0.001328700,-0.050519386,1,5.149190276,1,0,0.000893664,-0.000000693,-0.000004192,1
23.032000000,0.000000000,0.008000000,-0.012367702,0.005776675,0.000266249,0.002451351,2.710606337,0.088095652,2.798701989,2.818057541,-0.035358664,0.023027793,0.020310154,0.020132133,0.024430707,-0.048082153,-0.010927957,-0.025054360,-0.012394398,0.001641768,-0.041689787,0.023661611,0.001466441,-0.026696129,0.030761830,-0.048715971,1,6.610971078,1,0,0.000949735,0.000630622,-0.000003374,1
23.134000000,0.000000000,0.010000000,-0.024769607,0.005351502,-0.000799014,0.018962955,2.764139175,0.016927389,2.781066564,2.800422117,-0.066663816,0.067620124,0.021081761,0.021112196,-0.001163865,0.027727854,-0.067827681,0.095347978,-0.015989719,-0.000005272,-0.037790793,0.013436356,-0.051837962,0.095353251,-0.030036889,0.081911622,1,14.107419191,1,0,-0.001396586,-0.000561066,0.000003526,1
23.234000000,0.000000000,0.010000000,-0.035918150,0.002830265,-0.000266383,0.021359796,2.734760046,0.005435893,2.740195939,2.759551491,-0.097692826,0.066285506,0.022258456,0.021069829,0.003112272,-0.023759568,-0.094580554,0.042525938,-0.017862077,-0.001264185,-0.042918820,0.029494368,-0.076718477,0.043790123,-0.051661734,0.013031570,1,4.766447110,0,0,0.000000000,0.000000000,0.000000000,1
23.334000000,0.000000000,0.008000000,-0.029584438,0.002035106,-0.004527442,0.010174518,2.752790928,0.018110454,2.770901382,2.790256934,-0.069430464,0.033831666,0.021170874,0.020284127,-0.048356198,-0.019856729,-0.117786662,0.013974936,-0.016917736,-0.002561605,-0.049141799,0.032710042,-0.100868926,0.016536541,-0.068644863,-0.018735105,1,9.216111921,0,0,-0.000000000,-0.000000000,-0.000000000,1
23.434000000,0.000000000,0.008000000,-0.017843721,-0.000095586,-0.002929545,0.002185035,2.771545410,-0.089979907,2.681565503,2.700921055,-0.039993340,0.005602995,0.020395947,0.020007847,0.006440004,0.016808465,-0.033553336,0.022411460,-0.014001891,-0.003848740,-0.055131489,0.031924506,-0.019551445,0.026260200,0.021578153,-0.009513046,1,1.071329275,0,0,0.000000000,0.000000000,0.000000000,1
23.534000000,0.000000000,0.008000000,-0.011937055,0.002591792,-0.000799116,0.000853686,2.790605307,-0.002498509,2.788106798,2.807462350,-0.031053762,0.009606359,0.020239648,0.020023057,-0.032610778,0.014148146,-0.063664539,0.023754505,-0.010834310,-0.003361496,-0.046435446,0.032017818,-0.052830229,0.027116000,-0.017229093,-0.008263313,1,0.706654546,0,0,-0.000000000,-0.000000000,-0.000000000,1
23.634000000,0.000000000,0.008000000,-0.011293505,0.007222107,0.003994574,0.002451584,2.739517927,-0.021041937,2.718475990,2.737831542,-0.041560277,0.026297696,0.020427251,0.020172151,0.005559163,-0.039552985,-0.036001114,-0.013255289,-0.008228933,-0.001966617,-0.043256881,0.034914755,-0.027772181,-0.011288672,0.007255767,-0.048170044,1,4.548673849,0,0,0.000000000,0.000000000,0.000000000,1
23.734000000,0.000000000,0.008000000,-0.008857254,0.009603101,0.004527207,0.000321054,2.794669867,0.037598203,2.832268070,2.851623622,-0.037908384,0.028107868,0.020356091,0.020196547,0.009486424,0.012121507,-0.028421960,0.040229376,-0.005133703,-0.001812003,-0.038987669,0.025932508,-0.023288257,0.042041379,0.010565709,0.014296867,1,0.594125268,0,0,0.000000000,0.000000000,0.000000000,1
23.832000000,0.000000000,0.008000000,-0.007274574,0.003977575,-0.001331865,0.001653537,2.815378666,-0.017188789,2.798189876,2.817545429,-0.016628827,0.015756920,0.020069010,0.020061974,-0.010998193,-0.016708577,-0.027627020,-0.000951657,-0.003426600,-0.002313109,-0.032452700,0.032144608,-0.024200420,0.001361452,0.004825680,-0.033096265,1,2.103165613,0,0,0.000000000,0.000000000,0.000000000,1
23.934000000,0.000000000,0.008000000,-0.007690494,0.002367343,-0.001598181,0.002718801,2.824501991,0.029699253,2.854201245,2.873556797,-0.017388686,0.014516878,0.020075449,0.020052616,-0.009831015,-0.018360675,-0.027219701,-0.003843797,0.000006835,-0.002236881,-0.024020041,0.026705048,-0.027226536,-0.001606916,-0.003199660,-0.030548845,1,1.752061221,0,0,-0.000000000,-0.000000000,-0.000000000,1
24.032000000,0.000000000,0.006000000,-0.006202842,0.003658245,-0.000000285,0.002985118,2.825399637,-0.060110113,2.765289524,2.784645076,-0.017151865,0.018370822,0.020073412,0.020084195,0.018902855,0.009278085,0.001750990,0.027648906,0.002764850,-0.003398909,-0.020598647,0.019414112,-0.001013860,0.031047816,0.022349638,0.008234794,1,1.048807615,0,0,0.000000000,0.000000000,0.000000000,1
24.134000000,0.000000000,0.008000000,-0.002132363,0.001874024,-0.001598182,0.001387220,2.825027943,-0.087140299,2.737887644,2.757243196,-0.001462530,0.008928922,0.020000535,0.020019921,0.009204050,0.025372765,0.007741520,0.034301687,0.006100899,-0.004466269,-0.010006090,0.022242164,0.001640621,0.038767956,0.017747610,0.012059524,1,0.850159078,0,0,0.000000000,0.000000000,0.000000000,1
24.234000000,0.000000000,0.010000000,0.000289245,0.000726596,-0.000532914,-0.004471727,2.854777336,-0.093050416,2.761726920,2.781082472,0.002270580,-0.010343029,0.020001289,0.020026727,0.008738491,-0.017310663,0.011009071,-0.027653692,0.009844871,-0.003867822,0.000248448,0.027975166,0.001164200,-0.023785870,0.010760623,-0.055628858,1,5.894038032,0,0,0.000000000,0.000000000,0.000000000,1
24.332000000,0.000000000,0.008000000,0.005847092,0.004943057,0.005326039,-0.003939094,2.823228598,0.029352601,2.852581199,2.871936751,0.001486346,0.002863888,0.020000552,0.020002050,0.025859602,-0.014196821,0.027345948,-0.011332933,0.013962915,-0.002619974,0.008627833,0.016113079,0.013383033,-0.008712958,0.018718115,-0.027446011,1,2.034915540,0,0,0.000000000,0.000000000,0.000000000,1
24.432000000,0.000000000,0.008000000,0.009993517,0.010338435,0.004793406,-0.006335939,2.817886353,-0.062591613,2.755294739,2.774650292,0.014327836,0.011028056,0.020051256,0.020030381,-0.008790711,-0.038352130,0.005537125,-0.027324075,0.017796510,-0.002468547,0.020223738,0.009941947,-0.012259385,-0.024855528,-0.014686613,-0.037266022,1,2.961150752,0,0,-0.000000000,-0.000000000,-0.000000000,1
24.532000000,0.000000000,0.006000000,0.011933082,0.007420748,0.000266363,-0.004738033,2.849421740,-0.045357639,2.804064100,2.823419653,0.032714229,0.007522504,0.020265789,0.020014142,0.005119340,-0.020439255,0.037833569,-0.012916750,0.019643096,-0.003901603,0.018868822,0.000262116,0.018190473,-0.009015148,0.018964747,-0.013178866,1,0.976209953,0,0,0.000000000,0.000000000,0.000000000,1
24.634000000,0.000000000,0.008000000,0.009673057,0.001986724,0.002929523,-0.002873821,2.883608103,0.031515271,2.915123374,2.934478926,0.019658233,-0.002585998,0.020096379,0.020001672,0.016107307,-0.001034205,0.035765540,-0.003620203,0.021350374,-0.002448337,0.026987816,-0.000842625,0.014415166,-0.001171866,0.008777724,-0.002777577,1,0.156385308,0,0,0.000000000,0.000000000,0.000000000,1
24.734000000,0.000000000,0.008000000,0.007241823,0.008249452,0.007989530,0.002985136,2.862853050,-0.047462959,2.815390091,2.834745643,-0.002105085,0.031629746,0.020001108,0.020248566,-0.014425769,0.036799849,-0.016530854,0.068429595,0.021163780,-0.002349545,0.031472938,-0.001364179,-0.037694634,0.070779140,-0.048003792,0.069793774,1,13.216350477,0,0,0.000000000,0.000000000,0.000000000,1
24.832000000,0.000000000,0.008000000,0.006158063,0.005969581,0.003462353,0.000056117,2.869022369,-0.047674892,2.821347477,2.840703030,0.007605536,0.017000589,0.020014456,0.020072125,-0.033713686,0.001214004,-0.026108150,0.018214593,0.022996451,-0.002670923,0.023198166,0.017375953,-0.049104601,0.020885516,-0.049306316,0.000838640,1,4.554611583,0,0,0.000000000,0.000000000,0.000000000,1
24.934000000,0.000000000,0.008000000,0.010815746,0.003133170,0.003196037,-0.001808097,2.878794432,0.080144223,2.958938654,2.978294207,0.022546249,0.003920812,0.020126682,0.020003843,-0.018844569,0.001100560,0.003701680,0.005021372,0.022855411,-0.002851028,0.012199938,0.018010339,-0.019153731,0.007872400,-0.008498258,-0.012988967,1,0.451112161,0,0,-0.000000000,-0.000000000,-0.000000000,1
25.034000000,0.000000000,0.008000000,0.009392920,0.000951857,0.000000244,-0.000210200,2.858154535,-0.012237032,2.845917503,2.865273055,0.026730782,0.002110695,0.020177843,0.020001114,0.015579180,-0.009465225,0.042309961,-0.007354530,0.022232498,-0.004778861,0.010039048,0.013099670,0.020077463,-0.002575669,0.032270914,-0.020454200,1,2.723263371,0,0,0.000000000,0.000000000,0.000000000,1
25.134000000,0.000000000,0.008000000,0.007584145,-0.006320381,-0.005059762,0.000855066,2.867667437,0.003511327,2.871178763,2.890534315,0.036302918,-0.015691896,0.020326805,0.020061464,0.016025309,0.008358821,0.052328227,-0.007333076,0.022034905,-0.008053136,0.019077862,0.004769282,0.030293321,0.000720060,0.033250364,-0.012102358,1,2.311913607,0,0,0.000000000,0.000000000,0.000000000,1
25.232000000,0.000000000,0.006000000,0.009603426,-0.008894383,-0.006125028,-0.001541781,2.900816679,0.045932796,2.946749475,2.966105027,0.046347812,-0.030752760,0.020530007,0.020235052,0.034811420,-0.006868013,0.081159232,-0.037620773,0.023854434,-0.010159328,0.029520369,0.001682444,0.057304798,-0.027461445,0.051638863,-0.039303217,1,7.724338725,0,0,0.000000000,0.000000000,0.000000000,1
25.332000000,0.000000000,0.008000000,0.018808950,-0.006149454,-0.000798706,-0.008732317,2.889027357,-0.011816872,2.877210485,2.896566037,0.056415354,-0.042817988,0.020780446,0.020453210,0.018066974,0.001958617,0.074482328,-0.040859370,0.025293247,-0.010698147,0.043223253,-0.006965294,0.049189081,-0.030161224,0.031259075,-0.033894076,1,3.847573192,0,0,0.000000000,0.000000000,0.000000000,1
25.432000000,0.000000000,0.008000000,0.020334811,-0.004248163,0.000000244,-0.006069155,2.900608063,-0.021069167,2.879538895,2.898894448,0.058554175,-0.029709119,0.020839528,0.020219454,0.048568160,0.000520194,0.107122334,-0.029188925,0.026107526,-0.012766875,0.051444256,-0.016378356,0.081014809,-0.016422050,0.055678079,-0.012810569,1,5.805318552,0,0,0.000000000,0.000000000,0.000000000,1
25.534000000,0.000000000,0.008000000,0.018109826,-0.005644809,-0.004793447,-0.002340728,2.884474039,-0.025755030,2.858719009,2.878074561,0.065474021,-0.022828406,0.021044440,0.020129862,-0.008776511,0.003959661,0.056697510,-0.018868745,0.024962577,-0.015309574,0.064033775,-0.020038496,0.031734933,-0.003559171,-0.007336265,0.001169751,1,0.096439951,0,0,0.000000000,0.000000000,0.000000000,1
25.632000000,0.000000000,0.008000000,0.013969501,-0.010023320,-0.004793447,-0.002340728,2.893946171,0.023705514,2.917651685,2.937007238,0.054743744,-0.036073986,0.020735688,0.020322729,0.020593405,-0.007824525,0.075337149,-0.043898512,0.023821912,-0.015409646,0.061245344,-0.019144397,0.051515237,-0.028488866,0.014091805,-0.024754115,1,1.491364705,0,0,0.000000000,0.000000000,0.000000000,1
25.734000000,0.000000000,0.008000000,0.012454973,-0.007071958,-0.000798706,-0.002607045,2.885366917,-0.006971145,2.878395772,2.897751324,0.038149332,-0.027860001,0.020360592,0.020193113,-0.013059147,0.031668008,0.025090185,0.003808007,0.023318833,-0.016441898,0.065691060,-0.024971369,0.001771353,0.020249905,-0.040600874,0.028779376,1,4.573718261,0,0,0.000000000,0.000000000,0.000000000,1
25.834000000,0.000000000,0.008000000,0.014332077,-0.009279613,-0.003994565,-0.003406170,2.902432203,-0.079434818,2.822997385,2.842352938,0.051736064,-0.035811932,0.020658320,0.020318094,-0.018289154,0.030592207,0.033446910,-0.005219724,0.022347253,-0.018108317,0.054934221,-0.018972795,0.011099658,0.012888593,-0.021487311,0.013753071,1,1.181855266,0,0,0.000000000,0.000000000,0.000000000,1
25.932000000,0.000000000,0.008000000,0.012672801,-0.010155520,-0.002396668,-0.001541958,2.879286289,-0.013985601,2.865300688,2.884656240,0.043178558,-0.033516792,0.020460789,0.020278899,0.021323900,-0.020731134,0.064502458,-0.054247926,0.019963819,-0.016248531,0.047689918,-0.012157229,0.044538639,-0.037999395,0.016812540,-0.042090697,1,3.820266692,0,0,0.000000000,0.000000000,0.000000000,1
26.034000000,0.000000000,0.008000000,0.009009394,-0.004011017,0.001598074,0.000055939,2.913088799,-0.015311628,2.897777170,2.917132722,0.021476354,-0.011460937,0.020114978,0.020032811,-0.071130072,0.023332801,-0.049653718,0.011871865,0.018357909,-0.015592650,0.050043892,-0.021390277,-0.068011626,0.027464514,-0.099697610,0.033262142,1,20.765310013,0,0,0.000000000,0.000000000,0.000000000,1
26.134000000,0.000000000,0.008000000,0.006766689,-0.002063363,0.006658080,0.001920152,2.906759501,-0.029609649,2.877149852,2.896505404,0.000312484,-0.000412041,0.020000024,0.020000042,0.036214932,-0.000466841,0.036527416,-0.000878882,0.015562236,-0.013260821,0.025338570,-0.011111125,0.020965180,0.012381939,0.011188846,0.010232243,1,0.437375645,0,0,0.000000000,0.000000000,0.000000000,1
26.234000000,0.000000000,0.008000000,0.006042668,0.002673398,0.008788611,0.002186468,2.909855127,-0.083561798,2.826293330,2.845648882,-0.007760839,0.013735408,0.020015052,0.020047110,-0.009512964,0.012132663,-0.017273803,0.025868071,0.013530059,-0.011881139,0.024765183,-0.006673276,-0.030803862,0.037749210,-0.042038986,0.032541347,1,5.374789301,0,0,0.000000000,0.000000000,0.000000000,1
26.334000000,0.000000000,0.008000000,0.006429588,-0.000634030,0.000799126,0.000055939,2.940345287,0.015943513,2.956288800,2.975644353,0.016645273,-0.001709004,0.020069147,0.020000730,-0.008661331,0.021932767,0.007983942,0.020223763,0.012330286,-0.012358413,0.013830473,0.001271012,-0.004346344,0.032582176,-0.005846531,0.018952751,1,0.750259339,0,0,0.000000000,0.000000000,0.000000000,1
26.434000000,0.000000000,0.008000000,0.009549012,-0.006599932,-0.003461932,-0.002340906,2.905566692,0.045207523,2.950774215,2.970129767,0.038392358,-0.026382395,0.020365160,0.020173257,-0.009955202,-0.028801367,0.028437156,-0.055183762,0.010807118,-0.012959992,0.011413847,0.005525140,0.017630039,-0.042223770,0.017023309,-0.060708902,1,7.481535381,0,0,0.000000000,0.000000000,0.000000000,1
26.532000000,0.000000000,0.008000000,0.007103896,-0.009880246,-0.004793773,-0.000210632,2.933240891,0.037009323,2.970250214,2.989605766,0.035339055,-0.029972432,0.020309813,0.020223340,0.005145291,-0.038710323,0.040484346,-0.068682755,0.009376500,-0.013918404,0.013842068,-0.008099317,0.031107845,-0.054764351,0.026642278,-0.060583438,1,8.215398485,0,0,0.000000000,0.000000000,0.000000000,1
26.634000000,0.000000000,0.008000000,0.003090077,-0.006141007,0.000266234,0.003784098,2.922802448,-0.059061141,2.863741308,2.883096860,0.008086755,-0.006749576,0.020016342,0.020011386,-0.013166833,0.015257425,-0.005080078,0.008507850,0.007956162,-0.013166682,0.019380717,-0.021338646,-0.013036240,0.021674531,-0.024460795,0.029846495,1,2.833721956,0,0,0.000000000,0.000000000,0.000000000,1
26.734000000,0.000000000,0.008000000,-0.003635226,-0.002414487,0.006657822,0.013637793,2.892647028,-0.085034379,2.807612649,2.826968201,-0.028898893,0.031510696,0.020207708,0.020246709,-0.017643231,0.012291385,-0.046542124,0.043802082,0.007776317,-0.013546747,0.012937930,-0.014399531,-0.054318440,0.057348829,-0.059480053,0.058201613,1,12.976665050,0,0,0.000000000,0.000000000,0.000000000,1
26.832000000,0.000000000,0.006000000,-0.020562246,0.013339724,0.045806292,0.050123114,2.915966034,0.024925949,2.940891983,2.960247535,-0.195182702,0.186637352,0.027945713,0.027355713,-0.018262565,-0.022688704,-0.213445267,0.163948648,0.008497433,-0.014158669,-0.001364515,-0.000006236,-0.221942700,0.178107316,-0.212080752,0.163954884,0,80.503427198,0,0,0.000000000,0.000000000,0.000000000,1
26.932000000,0.000000000,0.008000000,-0.055855091,0.052967445,0.074568436,0.073558912,2.917503595,-0.082889722,2.834613873,2.853969426,-0.369700337,0.358653365,0.042033123,0.041064856,-0.012681704,0.006652681,-0.382382041,0.365306046,0.015196968,-0.018966538,0.003059425,-0.003181735,-0.397579009,0.384272584,-0.385441466,0.368487780,0,150.531539553,0,0,0.000000000,0.000000000,0.000000000,1
27.032000000,0.000000000,0.008000000,-0.063589291,0.064267181,0.067644201,0.068232626,2.939737797,0.050916275,2.990654072,3.010009624,-0.392473976,0.396261088,0.044049497,0.044387256,-0.023511492,0.005248632,-0.415985469,0.401509720,0.026395932,-0.027733066,0.013869507,-0.014477288,-0.442381401,0.429242786,-0.429854976,0.415987008,0,165.516821713,0,0,0.000000000,0.000000000,0.000000000,1
27.134000000,0.000000000,0.008000000,-0.045004865,0.048860549,0.052197866,0.052786279,2.948575020,0.064716841,3.013291861,3.032647413,-0.292900198,0.306291562,0.035466960,0.036580667,0.036855397,-0.084931076,-0.256044802,0.221360486,0.043214411,-0.044725429,0.030983442,-0.033913338,-0.299259213,0.266085915,-0.287028244,0.255273824,0,94.904514729,0,0,0.000000000,0.000000000,0.000000000,1
27.234000000,0.000000000,0.006000000,-0.022288054,0.022967825,0.035952609,0.036540970,2.878257036,0.024132111,2.902389147,2.921744700,-0.169037067,0.172717682,0.026186548,0.026425631,-0.015024292,0.011581982,-0.184061360,0.184299664,0.068005450,-0.068132962,0.052841452,-0.054809991,-0.252066810,0.252432625,-0.236902811,0.239109655,0,111.399373870,0,0,0.000000000,0.000000000,0.000000000,1
27.334000000,0.000000000,0.008000000,0.000915417,0.002303629,0.031957854,0.029084139,2.938992739,-0.058400541,2.880592198,2.899947750,-0.089420599,0.090415358,0.021907999,0.021948790,0.001608815,-0.002441943,-0.087811785,0.087973415,0.094324974,-0.091823818,0.078431597,-0.080354474,-0.182136759,0.179797234,-0.166243381,0.168327890,0,63.792950725,0,0,0.000000000,0.000000000,0.000000000,1
27.434000000,0.000000000,0.008000000,0.012494431,-0.006731704,0.031425223,0.025089385,2.945540190,0.032494946,2.978035136,2.997390688,-0.056376563,0.054669820,0.020779393,0.020733738,-0.008623099,0.014133197,-0.064999662,0.068803017,0.123940555,-0.119813150,0.105151947,-0.107925239,-0.188940217,0.188616167,-0.170151609,0.176728256,0,66.304578939,0,0,0.000000000,0.000000000,0.000000000,1
27.534000000,0.000000000,0.008000000,0.023758386,-0.020746948,0.028495735,0.029084144,2.905057907,-0.008110243,2.896947664,2.916303216,-0.013723851,0.024152422,0.020047031,0.020145307,0.009799058,-0.016468746,-0.003924793,0.007683676,0.152053651,-0.148246697,0.132729810,-0.137888757,-0.155978443,0.155930374,-0.136654603,0.145572434,0,41.075162184,0,0,0.000000000,0.000000000,0.000000000,1
27.634000000,0.000000000,0.008000000,0.039293104,-0.040711199,0.018374979,0.017100979,2.924612522,-0.016236633,2.908375889,2.927731441,0.060837769,-0.068667396,0.020904840,0.021145972,-0.000007805,-0.018891723,0.060829964,-0.087559119,0.184775358,-0.177812225,0.162430008,-0.167160027,-0.123945394,0.090253106,-0.101600045,0.079600908,1,14.995367696,0,0,0.000000000,0.000000000,0.000000000,1
27.732000000,0.000000000,0.008000000,0.045546559,-0.041742272,0.032756049,0.029617829,2.933877230,0.069629796,3.003507025,3.022862578,0.038416386,-0.036415848,0.020365613,0.020328825,0.007633908,0.013148100,0.046050294,-0.023267749,0.214616719,-0.208470080,0.128408988,-0.151097661,-0.168566425,0.185202332,-0.082358694,0.127829913,1,31.851038646,0,0,0.000000000,0.000000000,0.000000000,1
27.834000000,0.000000000,0.008000000,0.052431491,-0.054371812,0.026630772,0.030949421,2.953830242,-0.019620769,2.934209473,2.953565025,0.075704713,-0.068726201,0.021384855,0.021147882,-0.000801729,-0.030324572,0.074902984,-0.099050773,0.249588534,-0.243241644,0.126500950,-0.131892503,-0.174685551,0.144190871,-0.051597966,0.032841730,1,5.596564836,0,0,0.000000000,0.000000000,0.000000000,1
27.934000000,0.000000000,0.008000000,0.077961649,-0.083436634,0.015179184,0.018698873,2.942742109,0.049081749,2.991823859,3.011179411,0.187834074,-0.193683979,0.027437500,0.027841243,-0.006999331,-0.011277333,0.180834743,-0.204961312,0.284914867,-0.278292217,0.141112604,-0.154196017,-0.104080124,0.073330905,0.039722139,-0.050765294,1,4.412783483,0,0,0.000000000,0.000000000,0.000000000,1
28.034000000,0.000000000,0.008000000,0.084353360,-0.081695106,0.029560253,0.024291512,2.984700918,0.007747926,2.992448844,3.011804396,0.163965570,-0.171777319,0.025862078,0.026364265,-0.021523135,0.008223564,0.142442435,-0.163553755,0.319210042,-0.309798757,0.183317787,-0.197598513,-0.176767606,0.146245002,-0.040875352,0.034044758,1,3.304202830,0,0,0.000000000,0.000000000,0.000000000,1
28.134000000,0.000000000,0.008000000,0.092106531,-0.086890659,0.024232911,0.021893814,2.944166183,-0.041916990,2.902249194,2.921604746,0.196986159,-0.188637040,0.028071969,0.027492532,0.072066784,0.006166105,0.269052943,-0.182470935,0.353850738,-0.344291782,0.209364476,-0.227683294,-0.084797795,0.161820847,0.059688467,0.045212359,1,5.548502060,0,0,0.000000000,0.000000000,0.000000000,1
28.234000000,0.000000000,0.008000000,0.106981006,-0.106323412,0.022634916,0.021094790,2.933871269,0.055789044,2.989660313,3.009015865,0.252166158,-0.254804629,0.032185054,0.032392190,-0.017801958,-0.021816624,0.234364201,-0.276621253,0.392985041,-0.381580745,0.258804845,-0.252831231,-0.158620840,0.104959493,-0.024440644,-0.023790022,1,0.899014675,0,0,-0.000000000,-0.000000000,-0.000000000,1
28.334000000,0.000000000,0.008000000,0.124152042,-0.124023914,0.018906496,0.018697938,2.955667973,0.074062379,3.029730351,3.049085904,0.318865625,-0.319109306,0.037639778,0.037660423,-0.038709852,0.038355393,0.280155773,-0.280753913,0.430562178,-0.420438066,0.288385677,-0.295949468,-0.150406405,0.139684153,-0.008229904,0.015195555,1,0.184675036,0,0,0.000000000,0.000000000,0.000000000,1
28.432000000,0.000000000,0.008000000,0.149776908,-0.153287099,-0.015181974,-0.014058943,2.954594612,-0.011542326,2.943052286,2.962407838,0.485482615,-0.492508151,0.052506511,0.053156776,-0.068781970,-0.071201990,0.416700644,-0.563710141,0.466577223,-0.456185861,0.323700188,-0.329838907,-0.049876579,-0.107524281,0.093000456,-0.233871234,1,20.811346974,0,0,0.000000000,0.000000000,0.000000000,1
28.534000000,0.000000000,0.010000000,0.205319429,-0.207040817,-0.049270432,-0.048946358,2.982330561,0.055581769,3.037912330,3.057267882,0.773421678,-0.777666596,0.079886237,0.080297281,0.194477817,0.031324476,0.967899495,-0.746342120,0.501873375,-0.491949646,0.363435529,-0.384591253,0.466026120,-0.254392474,0.604463966,-0.361750867,0,74.461705119,0,0,0.000000000,0.000000000,0.000000000,1
28.632000000,0.000000000,0.006000000,0.236736969,-0.236149304,-0.050870009,-0.055338461,2.976340532,0.006222718,2.982563250,3.001918802,0.857806002,-0.869380696,0.088081277,0.089208901,0.156556767,0.085182550,1.014362769,-0.784198146,0.534939320,-0.524141606,0.391262547,-0.415534883,0.479423449,-0.260056540,0.623100222,-0.368663263,0,64.378414120,0,0,0.000000000,0.000000000,0.000000000,1
28.734000000,0.000000000,0.008000000,0.246939321,-0.242587716,-0.048206843,-0.054273192,2.946408033,0.071649978,3.018058012,3.037413564,0.890768246,-0.895943442,0.091294472,0.091799491,-0.042876393,-0.033277106,0.847891853,-0.929220548,0.561810772,-0.549946043,0.412279287,-0.440882985,0.286081081,-0.379274505,0.435612566,-0.488337563,0,48.796567306,0,0,0.000000000,0.000000000,0.000000000,1
28.832000000,0.000000000,0.006000000,0.262556884,-0.262591092,-0.070311084,-0.067589007,2.955751181,-0.052219242,2.903531938,2.922887491,0.966492778,-0.958688465,0.098696924,0.097932812,-0.029028708,-0.151308162,0.937464070,-1.109996627,0.579684621,-0.567791543,0.425613741,-0.459083095,0.357779448,-0.542205084,0.511850328,-0.650913532,0,nan,0,0,0.000000000,0.000000000,0.000000000,1
28.932000000,0.000000000,0.008000000,0.288809650,-0.292353995,-0.088953190,-0.084633254,2.955499887,-0.006225326,2.949274561,2.968630113,1.114126332,-1.111838901,0.113193528,0.112968391,0.156351373,-0.117377938,1.270477705,-1.229216839,0.589957890,-0.581318877,0.433965902,-0.470871136,0.680519815,-0.647897962,0.836511803,-0.758345704,1,95.400438037,0,1,0.000000000,0.000000000,0.000000000,1
29.032000000,0.000000000,0.008000000,0.292359296,-0.296757754,-0.084161103,-0.081172094,2.937306881,0.030177956,2.967484837,2.986840390,1.117318575,-1.121501091,0.113507744,0.113919476,-0.065928883,-0.103897251,1.051389691,-1.225398343,0.593206860,-0.584170687,0.459174984,-0.492567391,0.458182831,-0.641227655,0.592214708,-0.732830951,1,65.337020303,0,1,0.000000000,0.000000000,0.000000000,1
29.134000000,0.000000000,0.010000000,0.278500285,-0.276699573,-0.062056873,-0.067589968,2.962062120,-0.053665804,2.908396317,2.927751869,0.990475184,-1.001330433,0.101046578,0.102110853,0.059968513,0.087703994,1.050443696,-0.913626440,0.588690528,-0.578890134,0.472887971,-0.514192990,0.461753168,-0.334736305,0.577555725,-0.399433449,0,44.739037507,0,0,0.000000000,0.000000000,0.000000000,1
29.232000000,0.000000000,0.008000000,0.258022955,-0.258665998,-0.055398963,-0.056671008,2.942818642,-0.056199870,2.886618771,2.905974324,0.904729593,-0.910257721,0.092657198,0.093197056,0.005153145,0.106175145,0.909882738,-0.804082576,0.576460867,-0.568029724,0.458819854,-0.502269840,0.333421871,-0.236052852,0.451062885,-0.301812736,1,31.078726097,0,0,0.000000000,0.000000000,0.000000000,1
29.334000000,0.000000000,0.008000000,0.244882047,-0.252340562,-0.049540013,-0.044686783,2.991935253,0.013067431,3.005002684,3.024358236,0.884739082,-0.892567970,0.090706298,0.091470081,-0.005359301,-0.053654741,0.879379780,-0.946222710,0.561255739,-0.555077948,0.481773432,-0.510647997,0.318124041,-0.391144763,0.397606348,-0.435574713,0,37.797080992,0,0,0.000000000,0.000000000,0.000000000,1
29.432000000,0.000000000,0.008000000,0.235293096,-0.245385535,-0.043677844,-0.040423945,2.978608131,-0.082675410,2.895932721,2.915288274,0.807881075,-0.827685023,0.083226909,0.085150602,-0.151979132,-0.081869236,0.655901943,-0.909554259,0.540009883,-0.534024899,0.459419009,-0.490208292,0.115892061,-0.375529361,0.196482934,-0.419345968,1,26.085329449,0,0,0.000000000,0.000000000,0.000000000,1
29.534000000,0.000000000,0.008000000,0.221658588,-0.226391264,-0.036487300,-0.038559739,2.945637941,-0.021765622,2.923872319,2.943227871,0.754785615,-0.774682904,0.078083374,0.080008350,-0.121353798,0.109524923,0.633431817,-0.665157981,0.516435992,-0.509660558,0.458717856,-0.519310240,0.116995825,-0.155497423,0.174713960,-0.145847740,1,7.141060588,0,0,0.000000000,0.000000000,0.000000000,1
29.632000000,0.000000000,0.008000000,0.218247153,-0.219770152,-0.039150480,-0.038027100,2.934102535,0.081763768,3.015866304,3.035221856,0.776276849,-0.777482046,0.080162694,0.080279408,-0.005646947,0.122224406,0.770629902,-0.655257640,0.490542959,-0.487841641,0.453853058,-0.513816598,0.280086943,-0.167416000,0.316776843,-0.141441043,1,16.207241964,0,0,0.000000000,0.000000000,0.000000000,1
29.730000000,0.000000000,0.006000000,0.196672349,-0.203299264,-0.023171501,-0.021515504,2.946435928,0.040915297,2.987351225,3.006706777,0.656750796,-0.671600673,0.068652866,0.070074779,-0.022403328,-0.041571988,0.634347468,-0.713172661,0.460849190,-0.460824755,0.463628210,-0.505301192,0.173498278,-0.252347906,0.170719258,-0.207871470,1,12.420872775,0,0,0.000000000,0.000000000,0.000000000,1
29.834000000,0.002000000,0.008000000,0.179110184,-0.187253096,-0.022372557,-0.018852342,2.908457518,0.007612836,2.916070353,2.935425906,0.587537849,-0.601017957,0.062064541,0.063342133,-0.050677501,-0.049205356,0.536860348,-0.650223313,0.431781555,-0.433832362,0.458730434,-0.510339527,0.105078793,-0.216390952,0.078129914,-0.139883787,1,5.213509304,0,0,0.000000000,0.000000000,0.000000000,1
29.934000000,0.000000000,0.012000000,0.154908764,-0.161583822,-0.008524114,-0.005003901,2.980109692,-0.023538550,2.956571142,2.975926694,0.483200933,-0.492528453,0.052295616,0.053158657,-0.004361155,0.014557222,0.478839778,-0.477971232,0.402041343,-0.405556327,0.440081000,-0.505150498,0.076798435,-0.072414904,0.038758778,0.027179267,1,0.616076418,0,0,0.000000000,0.000000000,0.000000000,1
30.032000000,0.000000000,0.008000000,0.143766323,-0.145548023,-0.005594637,-0.010596539,2.954750776,0.056957532,3.011708309,3.031063861,0.449831642,-0.470261875,0.049228905,0.051102469,-0.004967780,-0.049978813,0.444863862,-0.520240688,0.372377136,-0.374455021,0.417522657,-0.469158472,0.072486726,-0.145785667,0.027341205,-0.051082216,1,1.006810213,0,0,0.000000000,0.000000000,0.000000000,1
30.130000000,0.000000000,0.006000000,0.131887590,-0.131007463,-0.006659900,-0.008466012,2.929374933,0.059353405,2.988728338,3.008083890,0.414080808,-0.416848327,0.045985097,0.046234460,-0.014190899,-0.044086046,0.399889909,-0.460934373,0.343610813,-0.345595248,0.392879146,-0.450466114,0.056279096,-0.115339125,0.007010763,-0.010468259,1,0.056632789,0,0,0.000000000,0.000000000,0.000000000,1
30.230000000,0.000000000,0.006000000,0.120748667,-0.122211050,-0.006393585,-0.005270217,2.955537558,-0.032687307,2.922850251,2.942205803,0.371617764,-0.372608652,0.042201868,0.042289148,-0.015193099,0.053505472,0.356424665,-0.319103181,0.311424017,-0.315267043,0.360596387,-0.422193139,0.045000647,-0.003836137,-0.004171723,0.103089958,1,4.391112015,0,0,0.000000000,0.000000000,0.000000000,1
30.332000000,0.000000000,0.008000000,0.102038656,-0.103172479,0.000264319,-0.001541793,2.955150604,0.037976884,2.993127489,3.012483041,0.304623566,-0.313423165,0.036441119,0.037179844,0.052801095,0.002264477,0.357424660,-0.311158688,0.281411430,-0.283874993,0.329087027,-0.363942554,0.076013231,-0.027283695,0.028337634,0.052783866,1,1.828253468,0,0,0.000000000,0.000000000,0.000000000,1
30.434000000,0.000000000,0.010000000,0.088966147,-0.087083917,0.007997603,0.004860929,2.919989347,-0.030104823,2.889884524,2.909240076,0.233989742,-0.237614941,0.030781683,0.031058149,-0.046217499,0.008463693,0.187772243,-0.229151247,0.254240986,-0.255852625,0.307733414,-0.318214392,-0.066468743,0.026701377,-0.119961171,0.089063145,1,16.055135064,0,0,0.000000000,0.000000000,0.000000000,1
30.532000000,0.000000000,0.008000000,0.078111654,-0.073589286,0.009064247,0.000871110,2.955297709,0.063156779,3.018454487,3.037810039,0.208416456,-0.219496504,0.028885536,0.029694901,-0.002996033,-0.005916559,0.205420423,-0.225413063,0.228022061,-0.226557527,0.241216797,-0.260451547,-0.022601637,0.001144464,-0.035796373,0.035038483,1,2.066001810,0,0,0.000000000,0.000000000,0.000000000,1
30.632000000,0.000000000,0.008000000,0.074325819,-0.068097729,0.007998981,0.005398485,2.947228193,-0.194278200,2.752949993,2.772305546,0.182594469,-0.172607883,0.027081496,0.026418456,0.025851254,0.029002781,0.208445723,-0.143605101,0.203332719,-0.202826381,0.201267397,-0.225595600,0.005113004,0.059221280,0.007178326,0.081990499,1,6.482095976,0,0,0.000000000,0.000000000,0.000000000,1
30.732000000,0.000000000,0.008000000,0.060024918,-0.062312926,0.004803188,0.005398483,2.920096874,-0.090096214,2.830000660,2.849356212,0.156277532,-0.161067912,0.025381621,0.025679344,0.017466744,0.034180272,0.173744276,-0.126887640,0.179284915,-0.181218736,0.178071196,-0.176440378,-0.005540639,0.054331096,-0.004326920,0.049552738,1,2.609842983,0,0,0.000000000,0.000000000,0.000000000,1
30.834000000,0.000000000,0.008000000,0.049412739,-0.057530916,0.001873709,0.009393225,2.933928251,0.007606689,2.941534940,2.960890492,0.139837715,-0.141598700,0.024403808,0.024505141,-0.007860612,0.005087253,0.131977103,-0.136511447,0.155211667,-0.158412846,0.151408210,-0.139099858,-0.023234564,0.021901400,-0.019431107,0.002588411,1,0.454833594,0,0,0.000000000,0.000000000,0.000000000,1
30.934000000,0.000000000,0.010000000,0.039877764,-0.047904511,0.009330559,0.009659544,2.955132484,0.042996165,2.998128650,3.017484202,0.091584452,-0.114663332,0.021997207,0.023053781,-0.010312553,0.017882274,0.081271899,-0.096781058,0.134776709,-0.138867007,0.121996295,-0.117046527,-0.053504810,0.042085949,-0.040724396,0.020265469,1,2.889297521,0,0,0.000000000,0.000000000,0.000000000,1
31.034000000,0.000000000,0.008000000,0.032561578,-0.037232076,0.010928459,0.009659542,2.941853046,0.036129224,2.977982271,2.997337823,0.064423047,-0.082110518,0.021011980,0.021619930,-0.005008092,-0.015399103,0.059414954,-0.097509621,0.112735670,-0.117221205,0.083689071,-0.092447358,-0.053320716,0.019711584,-0.024274116,-0.005062263,1,0.936896601,0,0,-0.000000000,-0.000000000,-0.000000000,1
31.134000000,0.000000000,0.008000000,0.017650910,-0.025046989,0.013591624,0.020312183,2.942523241,0.110751106,3.053274347,3.072629899,0.012394115,-0.014456664,0.020038367,0.020052181,-0.010769174,-0.002044599,0.001624940,-0.016501263,0.095255886,-0.101027453,0.054282792,-0.078049104,-0.093630946,0.084526190,-0.052657852,0.061547841,1,11.075284395,0,0,0.000000000,0.000000000,0.000000000,1
31.230000000,0.000000000,0.006000000,0.009564348,-0.016750376,0.016521100,0.018181661,2.946390867,-0.018029770,2.928361097,2.947716649,-0.020371881,0.004191320,0.020103486,0.020004391,0.013768603,0.015463539,-0.006603278,0.019654858,0.078577541,-0.082863589,0.021176947,-0.039781314,-0.085180820,0.102518447,-0.027780225,0.059436173,1,7.443050696,0,0,0.000000000,0.000000000,0.000000000,1
31.328000000,0.000000000,0.004000000,0.007320289,-0.009234481,0.012792671,0.011523757,2.944280863,0.043361731,2.987642593,3.006998146,-0.016349520,0.006839539,0.020066715,0.020011691,-0.045542418,-0.004771899,-0.061891939,0.002067641,0.065094035,-0.068675023,-0.003187393,-0.005389540,-0.126985974,0.070742663,-0.058704546,0.007457181,1,6.140778049,0,0,0.000000000,0.000000000,0.000000000,1
31.430000000,0.000000000,0.008000000,0.030355154,-0.032328898,-0.023426328,-0.027624711,2.918170452,0.009503886,2.927674338,2.947029891,0.157454665,-0.175524642,0.025454267,0.026609942,0.003578995,-0.054683894,0.161033659,-0.230208537,0.053471592,-0.055498237,-0.034105399,0.008599329,0.107562067,-0.174710300,0.195139058,-0.238807866,0,111.981076487,0,0,0.000000000,0.000000000,0.000000000,1
31.534000000,0.000000000,0.010000000,0.067653811,-0.065829493,-0.055914372,-0.060380716,2.935566664,-0.079796048,2.855770615,2.875126168,0.352882385,-0.360427406,0.040561802,0.041219888,-0.010529337,-0.059641503,0.342353048,-0.420068909,0.038747097,-0.041786741,-0.054591761,0.023435949,0.303605952,-0.378282168,0.396944810,-0.443504858,0,185.540049895,0,0,0.000000000,0.000000000,0.000000000,1
31.632000000,0.000000000,0.008000000,0.068333627,-0.068901662,-0.055115413,-0.059315454,2.928911209,0.129908497,3.058819706,3.078175259,0.377608355,-0.392193042,0.042730325,0.044024468,-0.017110434,0.019210543,0.360497921,-0.372982498,0.018675724,-0.021600318,-0.076688004,0.043443200,0.341822197,-0.351382180,0.437185925,-0.416425698,0,166.277425399,0,0,0.000000000,0.000000000,0.000000000,1
31.732000000,0.000000000,0.008000000,0.049741957,-0.049209388,-0.041533280,-0.045467019,2.936660290,-0.022090124,2.914570166,2.933925718,0.266028082,-0.275941031,0.033282269,0.034079826,-0.003760042,0.021873213,0.262268040,-0.254067818,-0.004538806,0.000951048,-0.103740908,0.064745408,0.266806847,-0.255018866,0.366008948,-0.318813226,0,152.577871411,0,0,0.000000000,0.000000000,0.000000000,1
31.832000000,0.000000000,0.008000000,0.027534286,-0.031432885,-0.034076441,-0.034281738,2.936046124,0.124526200,3.060572323,3.079927876,0.188564085,-0.201124356,0.027487527,0.028363887,0.027710107,0.038639994,0.216274192,-0.162484362,-0.034094125,0.028408926,-0.135607172,0.091688236,0.250368317,-0.190893288,0.351881364,-0.254172598,0,144.735401137,0,0,0.000000000,0.000000000,0.000000000,1
31.932000000,0.000000000,0.008000000,0.015147764,-0.019793455,-0.027951170,-0.026292257,2.955631256,-0.013307151,2.942324105,2.961679658,0.126811030,-0.135599100,0.023681435,0.024163426,0.010012801,0.042138073,0.136823832,-0.093461028,-0.062969552,0.056392271,-0.170125764,0.122288355,0.199793383,-0.149853299,0.306949595,-0.215749382,0,114.112729965,0,0,0.000000000,0.000000000,0.000000000,1
32.032000000,0.000000000,0.008000000,0.001326650,-0.006553358,-0.026619589,-0.024694355,2.977138281,0.047319184,3.024457465,3.043813017,0.084522210,-0.094507378,0.021712670,0.022120498,-0.046199460,-0.002255651,0.038322750,-0.096763030,-0.095782011,0.087216562,-0.205785878,0.153005471,0.134104761,-0.183979592,0.244108628,-0.249768501,0,93.454388287,0,0,0.000000000,0.000000000,0.000000000,1
32.132000000,0.000000000,0.008000000,-0.011441378,0.006910542,-0.027951166,-0.025759630,2.949570179,0.014905958,2.964476137,2.983831690,0.048942871,-0.055877671,0.020590144,0.020765913,-0.025225852,0.011869163,0.023717019,-0.044008508,-0.127742314,0.117675824,-0.242863757,0.186081871,0.151459333,-0.161684332,0.266580777,-0.230090379,0,87.381305483,0,0,0.000000000,0.000000000,0.000000000,1
32.234000000,0.000000000,0.008000000,-0.022455107,0.019467031,-0.025021704,-0.024428032,2.932512999,0.043009724,2.975522723,2.994878275,0.007636966,-0.014761574,0.020014576,0.020054402,-0.046576237,-0.020977456,-0.038939270,-0.035739029,-0.163042537,0.150769045,-0.281837979,0.218934812,0.124103266,-0.186508074,0.242898709,-0.254673841,0,77.618052291,0,0,0.000000000,0.000000000,0.000000000,1
32.334000000,0.000000000,0.008000000,-0.036258647,0.031644485,-0.026086962,-0.025493300,2.940924406,0.079437203,3.020361609,3.039717161,-0.030722167,0.018578805,0.020234587,0.020086108,0.031898807,-0.029630515,0.001176640,-0.011051710,-0.197202740,0.184196049,-0.320830232,0.254812192,0.198379381,-0.195247760,0.322006872,-0.265863902,0,96.808004354,0,0,0.000000000,0.000000000,0.000000000,1
32.434000000,0.000000000,0.008000000,-0.048236581,0.045590515,-0.021559589,-0.022563824,2.941778898,0.003497389,2.945276288,2.964631840,-0.078571114,0.067819965,0.021488001,0.021118605,-0.023497196,-0.026652091,-0.102068310,0.041167874,-0.233296842,0.220741895,-0.362325111,0.290765589,0.131228532,-0.179574021,0.260256801,-0.249597715,0,62.436076935,0,0,0.000000000,0.000000000,0.000000000,1
32.534000000,0.000000000,0.008000000,-0.074805916,0.075226838,0.011206461,0.006209468,2.952780724,0.073445280,3.026226004,3.045581556,-0.260292891,0.246444665,0.032825659,0.031738773,0.002737599,0.019275796,-0.257555292,0.265720461,-0.270392116,0.258547643,-0.403139556,0.327482103,0.012836824,0.007172817,0.145584264,-0.061761642,1,8.410870974,0,0,0.000000000,0.000000000,0.000000000,1
32.632000000,0.000000000,0.008000000,-0.127676498,0.129172937,0.045028612,0.039498981,2.977796793,0.043825344,3.021622137,3.040977689,-0.521849584,0.509662800,0.055886223,0.054749993,0.035496634,-0.020103467,-0.486352950,0.489559333,-0.303315848,0.292301289,-0.346176348,0.325898560,-0.183037102,0.197258044,-0.140176602,0.163660774,1,12.159490729,0,0,0.000000000,0.000000000,0.000000000,1
32.734000000,0.002000000,0.010000000,-0.162663117,0.160558651,0.051154200,0.052548841,2.947434902,-0.043699478,2.903735424,2.923090976,-0.620868919,0.618807772,0.065228691,0.065032535,0.015870259,0.040204146,-0.604998659,0.659011918,-0.332846990,0.320587251,-0.408374873,0.388801845,-0.272151669,0.338424667,-0.196623786,0.270210073,1,22.552584528,0,0,0.000000000,0.000000000,0.000000000,1
32.834000000,0.002000000,0.010000000,-0.171771434,0.159349113,0.036240496,0.046956204,2.952509403,0.049426976,3.001936379,3.021291931,-0.624438580,0.619315437,0.065568555,0.065080843,-0.001132388,-0.041993466,-0.625570968,0.577321971,-0.359680115,0.343985558,-0.465613947,0.450806314,-0.265890853,0.233336413,-0.159957021,0.126515657,1,8.339782617,0,0,0.000000000,0.000000000,0.000000000,1
32.934000000,0.002000000,0.010000000,-0.163245140,0.150099343,0.025325634,0.031246578,2.956351757,-0.061221136,2.895130621,2.914486173,-0.545937021,0.525020130,0.058141829,0.056182394,-0.024473765,-0.104250013,-0.570410787,0.420770117,-0.378505358,0.362514267,-0.511448887,0.488193346,-0.191905429,0.058255850,-0.058961900,-0.067423229,1,1.985482761,0,0,-0.000000000,-0.000000000,-0.000000000,1
33.034000000,0.000000000,0.008000000,-0.155996370,0.149258153,0.019200360,0.017398136,2.942668438,0.102469109,3.045137547,3.064493099,-0.533498142,0.507491321,0.056975457,0.054547909,-0.014564375,-0.034747655,-0.548062517,0.472743667,-0.394479418,0.379008320,-0.544455631,0.493191665,-0.153583099,0.093735347,-0.003606886,-0.020447999,1,0.116176997,0,0,-0.000000000,-0.000000000,-0.000000000,1
33.132000000,0.000000000,0.008000000,-0.152814703,0.152173004,0.018667726,0.013137079,2.951875448,0.021711854,2.973587302,2.992942855,-0.509917974,0.491563964,0.054773747,0.053069307,0.119170788,-0.020230497,-0.390747186,0.471333467,-0.406599021,0.394173890,-0.562002289,0.503746505,0.015851834,0.077159577,0.171255102,-0.032413038,1,8.267463758,0,0,0.000000000,0.000000000,0.000000000,1
33.232000000,0.000000000,0.008000000,-0.154810384,0.156358135,0.017336147,0.013403393,2.975131273,-0.062931842,2.912199431,2.931554983,-0.501325031,0.494379427,0.053974697,0.053330199,0.039787657,-0.001700124,-0.461537373,0.492679303,-0.419582246,0.406219828,-0.548122921,0.509532484,-0.041955128,0.086459475,0.086585548,-0.016853181,1,2.183867735,0,0,0.000000000,0.000000000,0.000000000,1
33.334000000,0.000000000,0.008000000,-0.161486123,0.158095320,0.078062281,0.075720809,2.954311609,0.005882523,2.960194132,2.979549684,-0.709109779,0.692141135,0.073677451,0.072045774,0.046373619,0.140618977,-0.662736160,0.832760113,-0.430696847,0.415916981,-0.545930343,0.517149265,-0.232039313,0.416843132,-0.116805817,0.315610847,1,19.377162740,0,0,0.000000000,0.000000000,0.000000000,1
33.432000000,0.000000000,0.006000000,-0.276982677,0.268836506,0.188050866,0.199291497,2.975032806,-0.071736847,2.903295959,2.922651511,-1.350130006,1.359114140,0.136486301,0.137375079,0.226596090,-0.202447829,-1.123533916,1.156666310,-0.433382676,0.418609328,-0.563497960,0.553863705,-0.690151240,0.738056983,-0.560035956,0.602802605,0,nan,0,0,0.000000000,0.000000000,0.000000000,1
33.534000000,0.000000000,0.008000000,-0.364506832,0.350438452,0.196040332,0.206482038,2.963813543,0.088733860,3.052547404,3.071902956,-1.711096791,1.700026197,0.172274555,0.171175029,-0.045686568,-0.082619428,-1.756783360,1.617406769,-0.418923131,0.405996226,-0.552163876,0.539104351,-1.337860229,1.211410543,-1.204619483,1.078302418,0,nan,0,0,0.000000000,0.000000000,0.000000000,1
33.634000000,0.000000000,0.008000000,-0.290287408,0.271918879,0.049033824,0.067464985,2.971350193,0.035675185,3.007025378,3.026380930,-1.020347556,1.020535892,0.103976398,0.103994880,0.135600240,-0.125360222,-0.884747316,0.895175669,-0.383206734,0.369855869,-0.522997827,0.503787422,-0.501540582,0.525319800,-0.361749490,0.391388247,1,24.148218335,0,0,0.000000000,0.000000000,0.000000000,1
33.732000000,0.000000000,0.008000000,-0.114319130,0.094278832,-0.077200018,-0.067024648,2.924141407,-0.032789884,2.891351523,2.910707075,-0.107324400,0.078801426,0.022697693,0.021496433,0.014872087,-0.011020916,-0.092452313,0.067780510,-0.341343087,0.330331332,-0.519120936,0.498921899,0.248890774,-0.262550822,0.426668622,-0.431141388,0,242.647777485,0,0,0.000000000,0.000000000,0.000000000,1
33.832000000,0.000000000,0.006000000,-0.011412738,0.006859731,-0.099836916,-0.102977328,2.961540461,-0.065662435,2.895878026,2.915233578,0.256065633,-0.278344837,0.032491477,0.034274750,-0.022311282,-0.009154272,0.233754351,-0.287499110,-0.311410005,0.300449035,-0.492495691,0.470218539,0.545164356,-0.587948144,0.726250042,-0.757717648,0,nan,0,0,0.000000000,0.000000000,0.000000000,1
33.934000000,0.002000000,0.010000000,-0.009116095,0.019220344,-0.058557905,-0.076345719,2.970136642,0.003525829,2.973662471,2.993018024,0.147023256,-0.169871584,0.024822538,0.026240494,0.006370926,0.017241097,0.153394182,-0.152630487,-0.288997781,0.280865360,-0.475312524,0.451042504,0.442391963,-0.433495847,0.628706706,-0.603672991,0,nan,0,0,0.000000000,0.000000000,0.000000000,1
34.032000000,0.000000000,0.008000000,-0.043258304,0.061086733,-0.017804833,-0.032145910,2.982924700,-0.058576989,2.924347710,2.943703263,-0.074434799,0.084633029,0.021340229,0.021716986,0.007554378,-0.013972225,-0.066880421,0.070660804,-0.273063860,0.265780439,-0.464853285,0.437994087,0.206183439,-0.195119635,0.397972864,-0.367333283,0,139.510459345,0,0,0.000000000,0.000000000,0.000000000,1
34.132000000,0.000000000,0.008000000,-0.080430710,0.087790818,0.001636243,-0.002052182,2.949214697,-0.030253526,2.918961171,2.938316723,-0.239550250,0.250267748,0.031206461,0.032036533,0.041925071,-0.005266114,-0.197625179,0.245001634,-0.264235258,0.255615012,-0.460988726,0.427907887,0.066610078,-0.010613378,0.263363546,-0.182906253,1,35.763206285,0,0,0.000000000,0.000000000,0.000000000,1
34.230000000,0.000000000,0.006000000,-0.094527397,0.092205233,0.005630986,0.007268883,2.961021900,0.037013202,2.998035102,3.017390654,-0.300278346,0.298226892,0.036078676,0.035908116,0.067196646,0.063966954,-0.233081700,0.362193846,-0.253771203,0.245721002,-0.284233785,0.298594740,0.020689503,0.116472844,0.051152085,0.063599106,1,3.335097896,0,0,0.000000000,0.000000000,0.000000000,1
34.332000000,0.000000000,0.008000000,-0.088117059,0.082945944,-0.004222712,0.004872037,2.951078176,-0.009643314,2.941434862,2.960790415,-0.246769754,0.258310870,0.031764022,0.032668717,0.010579612,0.018769437,-0.236190142,0.277080307,-0.245028324,0.235708906,-0.261759571,0.311597756,0.008838182,0.041371402,0.025569428,-0.034517448,1,1.146387833,0,0,0.000000000,0.000000000,0.000000000,1
34.434000000,0.000000000,0.010000000,-0.076250701,0.073390780,-0.006353241,-0.004449027,2.962309837,0.019403746,2.981713583,3.001069136,-0.208414206,0.205564561,0.028885374,0.028680444,0.049796724,-0.042163703,-0.158617482,0.163400858,-0.234682575,0.225281032,-0.248106498,0.291328743,0.076065093,-0.061880174,0.089489016,-0.127927884,1,19.189467684,0,0,0.000000000,0.000000000,0.000000000,1
34.532000000,0.000000000,0.008000000,-0.070875909,0.069864627,-0.008750086,-0.008443773,2.923474073,0.038247954,2.961722027,2.981077579,-0.183999419,0.181911497,0.027176421,0.027035494,0.003777318,0.001310787,-0.180222102,0.183222284,-0.225492555,0.217427261,-0.212003862,0.239572951,0.045270453,-0.034204977,0.031781760,-0.056350667,1,3.842513564,0,0,0.000000000,0.000000000,0.000000000,1
34.632000000,0.000000000,0.008000000,-0.064365597,0.069952404,-0.001559551,-0.007911138,2.958221436,-0.025556386,2.932665050,2.952020602,-0.184189097,0.181946252,0.027189267,0.027037833,-0.033920395,0.043502257,-0.218109492,0.225448509,-0.217006439,0.210498289,-0.197008530,0.214099601,-0.001103053,0.014950221,-0.021100962,0.011348909,1,0.549865223,0,0,0.000000000,0.000000000,0.000000000,1
34.732000000,0.000000000,0.008000000,-0.064097618,0.074337550,0.002967824,-0.003383763,2.948694706,0.093982406,3.042677112,3.062032664,-0.204058485,0.215889465,0.028572691,0.029429282,-0.002862179,0.020150390,-0.206920664,0.236039855,-0.209708315,0.203872594,-0.202103485,0.211258422,0.002787651,0.032167261,-0.004817180,0.024781433,1,0.557408814,0,0,0.000000000,0.000000000,0.000000000,1
34.834000000,0.000000000,0.010000000,-0.066737143,0.073608401,0.002967824,-0.000986918,2.988341093,0.166316703,3.154657796,3.174013349,-0.219895317,0.229095925,0.029724392,0.030411337,-0.000966927,-0.004394926,-0.220862245,0.224700999,-0.202997831,0.198060735,-0.201506909,0.211090071,-0.017864413,0.026640264,-0.019355336,0.013610928,1,0.471552631,0,0,0.000000000,0.000000000,0.000000000,1
34.932000000,0.000000000,0.008000000,-0.066380066,0.071744457,0.001636243,0.001409928,2.963011503,-0.015471795,2.947539709,2.966895261,-0.200480771,0.215625453,0.028318287,0.029409919,0.035874959,0.000435724,-0.164605812,0.216061177,-0.196805204,0.192122341,-0.203707741,0.206072254,0.032199393,0.023938836,0.039101930,0.009988923,1,1.514454275,0,0,0.000000000,0.000000000,0.000000000,1
35.034000000,0.000000000,0.008000000,-0.064436046,0.066787963,-0.003158538,-0.002850629,2.956578493,-0.031007267,2.925571226,2.944926778,-0.179271714,0.187053224,0.026858583,0.027384103,0.057751924,-0.018202250,-0.121519790,0.168850974,-0.188388767,0.185039589,-0.189524683,0.199739245,0.066868977,-0.016188615,0.068004893,-0.030888271,1,5.448249995,0,0,0.000000000,0.000000000,0.000000000,1
35.134000000,0.000000000,0.008000000,-0.057085243,0.059537460,-0.001560642,-0.002850629,2.966762066,0.014796433,2.981558499,3.000914051,-0.165549846,0.169015103,0.025962810,0.026185130,0.017899313,-0.013169226,-0.147650534,0.155845877,-0.183455950,0.179113875,-0.168606214,0.184504115,0.035805416,-0.023267998,0.020955681,-0.028658238,1,1.284626552,0,0,0.000000000,0.000000000,0.000000000,1
35.232000000,0.000000000,0.008000000,-0.060940014,0.059832058,-0.001826958,0.002475694,2.928855658,-0.073797755,2.855057903,2.874413455,-0.168771197,0.177892238,0.026169394,0.026766705,-0.021409801,-0.043700214,-0.190180998,0.134192024,-0.178616576,0.173388829,-0.161173298,0.168675679,-0.011564422,-0.039196805,-0.029007701,-0.034483655,1,2.138258004,0,0,-0.000000000,-0.000000000,-0.000000000,1
35.332000000,0.000000000,0.008000000,-0.062359407,0.058331254,-0.000227569,0.003543812,2.971153259,-0.084339513,2.886813747,2.906169299,-0.179363046,0.178621791,0.026864680,0.026815246,-0.019006014,-0.026732475,-0.198369060,0.151889316,-0.173356371,0.168002315,-0.167350117,0.153677999,-0.025012689,-0.016113000,-0.031018943,-0.001788683,1,0.984535957,0,0,-0.000000000,-0.000000000,-0.000000000,1
35.434000000,0.000000000,0.010000000,-0.056369096,0.055428635,-0.000493885,-0.000184613,2.955938101,0.002820457,2.958758557,2.978114110,-0.165321257,0.163453721,0.025948240,0.025829657,-0.074166660,-0.016719294,-0.239487917,0.146734427,-0.166565194,0.163297452,-0.175595793,0.150332669,-0.072922723,-0.016563025,-0.063892124,-0.003598242,1,4.374750719,0,0,-0.000000000,-0.000000000,-0.000000000,1
35.534000000,0.000000000,0.008000000,-0.050099750,0.058308517,0.003234274,-0.003380586,2.977655649,-0.037432230,2.940223419,2.959578971,-0.156813945,0.161500388,0.025414683,0.025706492,-0.027659538,-0.023619361,-0.184473484,0.137881027,-0.161246458,0.158789880,-0.193660341,0.146783339,-0.023227026,-0.020908853,0.009186858,-0.008902312,1,0.174221057,0,0,0.000000000,0.000000000,0.000000000,1
35.634000000,0.000000000,0.008000000,-0.051148258,0.056484213,-0.000494152,-0.001516374,2.993431091,0.048955927,3.042387018,3.061742570,-0.154109394,0.167233440,0.025248704,0.026070486,0.019165314,-0.019445489,-0.134944080,0.147787951,-0.156400684,0.152475946,-0.193588578,0.138116853,0.021456604,-0.004687995,0.058644499,0.009671098,1,3.971563099,0,0,0.000000000,0.000000000,0.000000000,1
35.732000000,0.000000000,0.008000000,-0.050609367,0.051919169,0.000304796,-0.000451109,2.920693636,-0.066646962,2.854046674,2.873402227,-0.145311398,0.146892246,0.024721530,0.024814780,0.035011202,-0.003378229,-0.110300196,0.143514017,-0.150570646,0.148561058,-0.177327313,0.135542089,0.040270450,-0.005047041,0.067027117,0.007971928,1,5.304938031,0,0,0.000000000,0.000000000,0.000000000,1
35.832000000,0.000000000,0.008000000,-0.049728788,0.055345304,0.002701641,-0.000451109,2.931638002,-0.074178833,2.857459169,2.876814721,-0.149817810,0.156857920,0.024989073,0.025417397,-0.024802330,0.026825873,-0.174620140,0.183683793,-0.146607165,0.145353851,-0.158938728,0.132950076,-0.028012976,0.038329942,-0.015681412,0.050733717,1,3.099660112,0,0,0.000000000,0.000000000,0.000000000,1
35.934000000,0.000000000,0.008000000,-0.049887127,0.055147590,0.001370060,0.001413104,2.911925554,-0.030097287,2.881828267,2.901183820,-0.147714410,0.162998207,0.024863537,0.025800856,0.012519924,-0.003863785,-0.135194486,0.159134421,-0.142927726,0.139883235,-0.168259132,0.140579863,0.007733240,0.019251186,0.033064646,0.018554558,1,1.669882401,0,0,0.000000000,0.000000000,0.000000000,1
36.034000000,0.000000000,0.010000000,-0.052152040,0.048418202,-0.005820475,0.007538376,2.930603981,-0.097447497,2.833156484,2.852512037,-0.131264575,0.158533743,0.023922874,0.025521157,-0.016572824,-0.003857429,-0.147837399,0.154676314,-0.140302117,0.135113473,-0.161124510,0.142231007,-0.007535281,0.019562840,0.013287111,0.012445307,1,0.396404340,0,0,0.000000000,0.000000000,0.000000000,1
36.134000000,0.000000000,0.008000000,-0.052988337,0.045600455,0.000035631,0.002478546,2.916654825,-0.077399311,2.839255514,2.858611066,-0.150548592,0.136508568,0.025032954,0.024214580,-0.020642055,-0.006540849,-0.171190648,0.129967719,-0.136071456,0.130062151,-0.159694982,0.143038022,-0.035119192,-0.000094432,-0.011495666,-0.013070303,1,0.364622461,0,0,-0.000000000,-0.000000000,-0.000000000,1
36.232000000,0.000000000,0.008000000,-0.045548654,0.045761050,0.001633774,-0.001516028,2.953243732,-0.085969140,2.867274593,2.886630145,-0.135284977,0.126862626,0.024145812,0.023684199,-0.028008378,-0.017215646,-0.163293354,0.109646981,-0.130895933,0.126946482,-0.162779351,0.137184522,-0.032397421,-0.017299501,-0.000514004,-0.027537541,1,0.939672227,0,0,-0.000000000,-0.000000000,-0.000000000,1
36.334000000,0.000000000,0.008000000,-0.038922514,0.046990969,0.003231670,-0.003646558,2.953099728,0.026673708,2.979773436,2.999128988,-0.125609917,0.129156523,0.023617335,0.023807857,-0.021468546,0.031917901,-0.147078463,0.161074424,-0.126831881,0.123346162,-0.164809951,0.127378096,-0.020246582,0.037728263,0.017731489,0.033696328,1,1.839751134,0,0,0.000000000,0.000000000,0.000000000,1
36.432000000,0.000000000,0.008000000,-0.038591325,0.046796703,0.002432721,-0.002314977,2.933547497,-0.003826259,2.929721238,2.949076790,-0.120189021,0.130319057,0.023333538,0.023871124,0.004741131,-0.002073753,-0.115447890,0.128245304,-0.121341397,0.119602083,-0.162111345,0.134991659,0.005893507,0.008643221,0.046663455,-0.006746354,1,2.821782197,0,0,0.000000000,0.000000000,0.000000000,1
36.532000000,0.000000000,0.006000000,-0.036738918,0.042586001,-0.000763073,-0.003113925,2.972146749,-0.156980872,2.815165877,2.834521430,-0.101277972,0.111120440,0.022418124,0.022879631,-0.010249033,0.029884465,-0.111527005,0.141004904,-0.117148127,0.115131238,-0.150770450,0.129413062,0.005621122,0.025873666,0.039243445,0.011591842,1,2.308628263,0,0,0.000000000,0.000000000,0.000000000,1
36.634000000,0.000000000,0.010000000,-0.039188182,0.038710875,-0.004225182,-0.000184448,2.948501825,-0.043993956,2.904507870,2.923863422,-0.101550309,0.111900312,0.022430440,0.022917609,0.017415269,0.001842317,-0.084135040,0.113742629,-0.113055026,0.111523021,-0.141402115,0.130028638,0.028919986,0.002219608,0.057267075,-0.016286009,1,4.763360580,0,0,0.000000000,0.000000000,0.000000000,1
36.734000000,0.000000000,0.010000000,-0.037423749,0.037912602,-0.001562021,-0.000717081,2.940849781,0.006546427,2.947396208,2.966751760,-0.105698723,0.109629938,0.022621278,0.022807613,0.008576180,-0.023901002,-0.097122543,0.085728936,-0.108592455,0.107892182,-0.125052204,0.123073106,0.011469911,-0.022163246,0.027929661,-0.037344170,1,2.839633266,0,0,0.000000000,0.000000000,0.000000000,1
36.834000000,0.000000000,0.008000000,-0.034998997,0.036510364,-0.000496756,-0.001782345,2.956784964,0.034014895,2.990799859,3.010155411,-0.103189298,0.103864553,0.022505117,0.022536159,-0.002199737,0.014772502,-0.105389035,0.118637056,-0.104785388,0.104299564,-0.118828264,0.108559908,-0.000603647,0.014337491,0.013439228,0.010077148,1,0.397655220,0,0,0.000000000,0.000000000,0.000000000,1
36.934000000,0.000000000,0.008000000,-0.037559984,0.039715414,0.002166406,0.001147133,2.977227211,0.101465004,3.078692215,3.098047768,-0.122305327,0.125803205,0.023443249,0.023627621,0.006024233,0.016369786,-0.116281093,0.142172991,-0.101999985,0.103079748,-0.117990502,0.109538758,-0.014281109,0.039093242,0.001709408,0.032634232,1,1.369545596,0,0,0.000000000,0.000000000,0.000000000,1
37.032000000,0.000000000,0.008000000,-0.038584027,0.041775396,0.003763587,0.001414118,2.924973011,0.051985599,2.976958611,2.996314163,-0.126067095,0.128573396,0.023641682,0.023776273,-0.019856948,0.003711873,-0.145924044,0.132285269,-0.098138948,0.101643792,-0.120177107,0.117133387,-0.047785095,0.030641477,-0.025746936,0.015151881,1,1.107671997,0,0,0.000000000,0.000000000,0.000000000,1
37.132000000,0.000000000,0.008000000,-0.036399885,0.040217688,0.003231042,0.001680514,2.961419344,-0.003895255,2.957524089,2.976879641,-0.117209422,0.123914941,0.023181469,0.023527625,0.010790871,-0.021959510,-0.106418550,0.101955431,-0.094404139,0.098803601,-0.130978974,0.120130792,-0.012014411,0.003151831,0.024560423,-0.018175360,1,1.173041276,0,0,0.000000000,0.000000000,0.000000000,1
37.232000000,0.000000000,0.008000000,-0.034166878,0.036675096,0.001100513,-0.000450016,2.947745085,-0.053741610,2.894003475,2.913359027,-0.102063953,0.104835506,0.022453741,0.022581072,0.019038979,0.004382793,-0.083024974,0.109218299,-0.091690124,0.095428634,-0.125328595,0.110459646,0.008665150,0.013789665,0.042303621,-0.001241347,1,2.437866625,0,0,0.000000000,0.000000000,0.000000000,1
37.334000000,0.000000000,0.010000000,-0.034595361,0.033379658,-0.001562649,0.003278410,2.951282978,-0.080495303,2.870787675,2.890143227,-0.094829902,0.105237529,0.022134297,0.022599765,-0.014668115,-0.043230661,-0.109498017,0.062006868,-0.089064482,0.091726554,-0.115178783,0.104105713,-0.020433535,-0.029719686,0.005680766,-0.042098845,1,2.417495225,0,0,0.000000000,0.000000000,0.000000000,1
37.434000000,0.000000000,0.008000000,-0.035907466,0.026777783,-0.004225810,0.002213147,2.950829983,0.023467016,2.974296999,2.993652551,-0.094230656,0.086227634,0.022108690,0.021779625,-0.023225131,-0.017892210,-0.117455787,0.068335424,-0.087122918,0.088760238,-0.115771383,0.088123718,-0.030332869,-0.020424814,-0.001684403,-0.019788293,1,0.565688225,0,0,-0.000000000,-0.000000000,-0.000000000,1
37.534000000,0.000000000,0.008000000,-0.034064182,0.027741628,0.000567881,0.000082616,2.969995022,0.067380428,3.037375450,3.056731002,-0.105190577,0.084512676,0.022597579,0.021712299,0.002814388,0.006786325,-0.102376189,0.091299001,-0.083736298,0.087194222,-0.117942459,0.080164096,-0.018639891,0.004104778,0.015566270,0.011134905,1,0.526440793,0,0,0.000000000,0.000000000,0.000000000,1
37.634000000,0.000000000,0.008000000,-0.032034326,0.030944916,0.000301564,0.000082616,2.941061020,-0.063939637,2.877121383,2.896476936,-0.093034283,0.089269978,0.022057964,0.021901856,-0.014973199,0.056771523,-0.108007481,0.146041501,-0.081414587,0.084426340,-0.116538238,0.080107985,-0.026592894,0.061615161,0.008530757,0.065933516,1,6.405348203,0,0,0.000000000,0.000000000,0.000000000,1
37.732000000,0.000000000,0.008000000,-0.030919901,0.028259004,0.001899461,-0.000183700,2.953293562,0.003208296,2.956501857,2.975857410,-0.097030504,0.083004691,0.022229467,0.021654048,0.014009626,0.005128746,-0.083020877,0.088133437,-0.079007487,0.083065199,-0.115668306,0.098646824,-0.004013391,0.005068238,0.032647428,-0.010513387,1,1.632814384,0,0,0.000000000,0.000000000,0.000000000,1
37.832000000,0.000000000,0.008000000,-0.028454121,0.029840171,0.002432093,-0.001515281,2.947628975,-0.051222811,2.896406164,2.915761717,-0.089459021,0.082040386,0.021909568,0.021617267,0.007549222,0.015168583,-0.081909800,0.097208969,-0.076109666,0.079595810,-0.108398027,0.090785912,-0.005800134,0.017613159,0.026488228,0.006423057,1,1.083133528,0,0,0.000000000,0.000000000,0.000000000,1
37.936000000,0.000000000,0.010000000,-0.027400885,0.025418603,-0.001562649,0.000082617,2.948904037,-0.035915489,2.912988548,2.932344100,-0.075266486,0.074284760,0.021369381,0.021335001,-0.041531935,-0.015679480,-0.116798421,0.058605279,-0.073306246,0.076966573,-0.104400720,0.090604976,-0.043492175,-0.018361293,-0.012397701,-0.031999697,1,1.795047833,0,0,-0.000000000,-0.000000000,-0.000000000,1
38.032000000,0.000000000,0.008000000,-0.027568908,0.022997157,-0.002361597,0.000615248,2.956831932,0.027746818,2.984578750,3.003934302,-0.075233204,0.070473083,0.021368209,0.021205295,0.008717372,0.012290809,-0.066515832,0.082763893,-0.071734027,0.073584917,-0.112190477,0.075403314,0.005218195,0.009178976,0.045674645,0.007360579,1,3.242193881,0,0,0.000000000,0.000000000,0.000000000,1
38.134000000,0.000000000,0.008000000,-0.026733585,0.020916782,-0.003426599,0.001673396,2.977555037,-0.046607688,2.930947349,2.950302901,-0.068311551,0.066210623,0.021134443,0.021067474,0.010607621,0.000111453,-0.057703930,0.066322076,-0.068679619,0.071200562,-0.101176003,0.075574049,0.010975689,-0.004878486,0.043472074,-0.009251972,1,2.969868428,0,0,0.000000000,0.000000000,0.000000000,1
38.232000000,0.000000000,0.008000000,-0.022033344,0.022810344,-0.000230805,-0.002587662,2.950738907,0.035134642,2.985873548,3.005229101,-0.065099622,0.060382373,0.021032822,0.020891633,0.008223206,-0.024618532,-0.056876416,0.035763841,-0.065789945,0.069851751,-0.089733049,0.070633903,0.008913529,-0.034087910,0.032856633,-0.034870062,1,3.446399488,0,0,0.000000000,0.000000000,0.000000000,1
38.336000000,0.000000000,0.010000000,-0.020871922,0.023652994,0.000834460,-0.001256081,2.917428970,0.021421840,2.938850810,2.958206363,-0.063791816,0.065821186,0.020992712,0.021055267,-0.016946972,0.001461057,-0.080738788,0.067282243,-0.064450778,0.067190492,-0.083950596,0.057285686,-0.016288009,0.000091751,0.003211808,0.009996558,1,0.172665065,0,0,0.000000000,0.000000000,0.000000000,1
38.434000000,0.000000000,0.008000000,-0.023459666,0.023134028,0.000301828,0.003004977,2.922176123,-0.004475343,2.917700780,2.937056332,-0.069328930,0.076265796,0.021167546,0.021404783,0.005415638,-0.015832273,-0.063913292,0.060433523,-0.063654349,0.064714020,-0.087840823,0.058714491,-0.000258943,-0.004280497,0.023927531,0.001719032,1,0.885877417,0,0,0.000000000,0.000000000,0.000000000,1
38.532000000,0.000000000,0.006000000,-0.025977954,0.020973671,0.001367092,0.003271293,2.937099218,0.085548357,3.022647575,3.042003127,-0.082654435,0.073283982,0.021640646,0.021300362,0.000170222,-0.035232171,-0.082484213,0.038051811,-0.061537784,0.062880210,-0.083349965,0.056070337,-0.020946428,-0.024828399,0.000865753,-0.018018526,1,0.491803009,0,0,0.000000000,0.000000000,0.000000000,1
38.636000000,0.000000000,0.012000000,-0.023792769,0.021740978,0.000834459,0.000075499,2.959500790,0.069014529,3.028515319,3.047870871,-0.074583938,0.066071535,0.021345436,0.021063107,0.004331639,-0.019356659,-0.070252299,0.046714875,-0.059872268,0.060820209,-0.086403040,0.049289377,-0.010380031,-0.014105333,0.016150741,-0.002574501,1,0.397509849,0,0,0.000000000,0.000000000,0.000000000,1
38.734000000,0.000000000,0.008000000,-0.021504350,0.021056310,0.000035511,0.000341816,2.932890415,-0.041033648,2.891856767,2.911212319,-0.062290193,0.061880315,0.020947570,0.020935418,-0.013158371,-0.010613351,-0.075448564,0.051266964,-0.058184285,0.059092938,-0.086340351,0.047783758,-0.017264279,-0.007825975,0.010891787,0.003483205,1,0.205804307,0,0,0.000000000,0.000000000,0.000000000,1
38.834000000,0.000000000,0.008000000,-0.027323780,0.027600239,0.041049935,0.039749578,2.964320898,0.012315726,2.976636624,2.995992176,-0.203523703,0.200475932,0.028534523,0.028317945,-0.017671541,-0.037029027,-0.221195244,0.163446904,-0.057342242,0.056612948,-0.088434252,0.047460884,-0.163853002,0.106833957,-0.132760991,0.115986020,1,29.969902330,0,0,0.000000000,0.000000000,0.000000000,1
38.932000000,0.000000000,0.008000000,-0.076776021,0.078828746,0.005363564,0.013916924,2.916221857,-0.053479513,2.862742344,2.882097897,-0.235144469,0.265506955,0.030869552,0.033240629,0.002909214,-0.028797157,-0.232235255,0.236709798,-0.053163348,0.051440580,-0.119198145,0.069119997,-0.179071906,0.185269218,-0.113037109,0.167589801,1,31.021682606,0,0,0.000000000,0.000000000,0.000000000,1
39.032000000,0.000000000,0.008000000,0.019438569,-0.028874906,-0.070003904,-0.062515795,2.972057104,0.002724643,2.974781747,2.994137299,0.266071838,-0.271867391,0.033285766,0.033750834,-0.009114686,0.000920923,0.256957152,-0.270946468,-0.047598641,0.044876928,-0.143507905,0.094712159,0.304555792,-0.315823396,0.400465057,-0.365658627,0,205.611575264,0,0,0.000000000,0.000000000,0.000000000,1
39.132000000,0.000000000,0.008000000,0.051545208,-0.051328684,-0.050296493,-0.052662127,2.940759897,-0.001521659,2.939238238,2.958593790,0.299337020,-0.305653767,0.036000368,0.036527281,0.023119185,-0.036756335,0.322456205,-0.342410102,-0.044856400,0.041466504,-0.145969369,0.093138519,0.367312604,-0.383876606,0.468425574,-0.435548621,0,233.432039037,0,0,0.000000000,0.000000000,0.000000000,1
39.232000000,0.000000000,0.006000000,0.013496741,-0.005720483,-0.006620656,-0.011116798,2.932995558,-0.086700350,2.846295208,2.865650760,0.057260051,-0.047923871,0.020803537,0.020566161,-0.008771113,-0.014415348,0.048488938,-0.062339219,-0.048408064,0.045053519,-0.155248522,0.096857398,0.096897002,-0.107392738,0.203737460,-0.159196617,0,65.063400607,0,0,0.000000000,0.000000000,0.000000000,1
39.332000000,0.000000000,0.006000000,-0.025942727,0.030945590,0.018945690,0.017645352,2.935437441,-0.043718715,2.891718726,2.911074278,-0.129804676,0.140511336,0.023843082,0.024442470,-0.009131766,-0.020340802,-0.138936442,0.120170534,-0.053322342,0.049678740,-0.166915160,0.101553250,-0.085614100,0.070491794,0.027978718,0.018617284,1,0.980561343,0,0,0.000000000,0.000000000,0.000000000,1
39.434000000,0.000000000,0.008000000,-0.040430629,0.040036219,0.018146742,0.021640094,2.953561306,0.014073918,2.967635224,2.986990776,-0.173836271,0.183032798,0.026498877,0.027111069,-0.029166451,-0.030892739,-0.203002722,0.152140059,-0.056288507,0.054646446,-0.161164573,0.114911323,-0.146714214,0.097493614,-0.041838148,0.037228737,1,2.704629777,0,0,0.000000000,0.000000000,0.000000000,1
39.534000000,0.000000000,0.008000000,-0.030352181,0.036718843,0.013619366,0.009123232,2.972358227,0.095482184,3.067840410,3.087195963,-0.134897689,0.140636172,0.024124135,0.024449649,0.009274767,-0.017478190,-0.125622922,0.123157982,-0.056719522,0.056290766,-0.183071776,0.130678975,-0.068903400,0.066867215,0.057448853,-0.007520993,1,3.642534264,0,0,0.000000000,0.000000000,0.000000000,1
39.634000000,0.000000000,0.008000000,-0.020835555,0.028055018,0.003768201,0.001935800,2.939426422,0.022643750,2.962070173,2.981425725,-0.072878053,0.088834908,0.021286430,0.021884159,0.029627407,-0.023225674,-0.043250647,0.065609234,-0.056556244,0.057069501,-0.167894054,0.127636531,0.013305597,0.008539733,0.124643407,-0.062027298,1,25.531258517,0,0,0.000000000,0.000000000,0.000000000,1
39.734000000,0.000000000,0.008000000,-0.019883278,0.026805400,0.005099781,0.002734749,2.973073721,-0.023037134,2.950036587,2.969392139,-0.073700938,0.087144521,0.021314743,0.021816088,-0.014672177,0.036806627,-0.088373115,0.123951147,-0.056695669,0.056825035,-0.126645026,0.100949951,-0.031677446,0.067126112,0.038271911,0.023001196,1,2.911945305,0,0,0.000000000,0.000000000,0.000000000,1
39.834000000,0.000000000,0.008000000,-0.019316938,0.025199077,0.000838724,0.003533697,2.961626530,-0.048396785,2.913229745,2.932585297,-0.058718072,0.083705171,0.020844139,0.021680995,0.001380211,-0.000532671,-0.057337862,0.083172500,-0.056857027,0.055783641,-0.119873805,0.105973158,-0.000480835,0.027388859,0.062535944,-0.022800657,1,6.610224499,0,0,0.000000000,0.000000000,0.000000000,1
39.934000000,0.000000000,0.008000000,-0.022250669,0.021210110,0.006431364,0.012854761,2.941813707,0.087766525,3.029580232,3.048935785,-0.086894519,0.103202263,0.021806113,0.022505712,0.007358501,-0.021083303,-0.079536018,0.082118960,-0.056478068,0.054055153,-0.103707927,0.096011681,-0.023057950,0.028063807,0.024171909,-0.013892721,1,1.093738615,0,0,0.000000000,0.000000000,0.000000000,1
40.034000000,0.000000000,0.008000000,-0.055954053,0.054405868,0.014953479,0.046410594,2.979088783,0.013667656,2.992756440,3.012111992,-0.212208973,0.301719116,0.029160358,0.036198677,-0.029902148,0.015771161,-0.242111121,0.317490277,-0.053703445,0.050970660,-0.101145858,0.088637467,-0.188407676,0.266519617,-0.140965263,0.228852810,0,52.086743621,0,0,0.000000000,0.000000000,0.000000000,1
40.134000000,0.000000000,0.008000000,-0.051146816,-0.004417946,-0.066006638,0.018447397,2.933452368,0.120907250,3.054359618,3.073715171,0.045387239,0.042850989,0.020508535,0.020453901,0.021262059,-0.010416425,0.066649298,0.032434565,-0.048015191,0.048145955,-0.101029752,0.085667870,0.114664489,-0.015711390,0.167679051,-0.053233305,0,41.534264462,0,0,0.000000000,0.000000000,0.000000000,1
40.234000000,0.000000000,0.008000000,-0.014613937,-0.079977263,-0.112345621,-0.011113691,2.957818270,-0.025269378,2.932548892,2.951904444,0.286602943,-0.267128678,0.034948712,0.033370306,-0.007053709,0.013318799,0.279549233,-0.253809879,-0.039715775,0.050544943,-0.101092918,0.088746108,0.319265009,-0.304354822,0.380642152,-0.342555987,0,157.753533350,0,0,0.000000000,0.000000000,0.000000000,1
40.334000000,0.000000000,0.008000000,0.009857074,-0.087569127,-0.102225624,-0.021233702,2.981610775,0.031783631,3.013394406,3.032749959,0.337749377,-0.327865838,0.039252343,0.038405209,-0.003321833,0.055270943,0.334427543,-0.272594895,-0.032336862,0.065279354,-0.099297350,0.103460213,0.366764405,-0.337874249,0.433724893,-0.376055108,0,151.334794570,0,0,0.000000000,0.000000000,0.000000000,1
40.434000000,0.000000000,0.008000000,0.014616528,-0.059522881,-0.079321176,-0.019098297,2.960903645,0.022160400,2.983064044,3.002419596,0.280222187,-0.234532008,0.034427384,0.030822924,-0.004883309,-0.032193396,0.275338878,-0.266725404,-0.026457262,0.087113988,-0.099821721,0.127182585,0.301796140,-0.353839392,0.375160599,-0.393907989,0,153.015755631,0,0,0.000000000,0.000000000,0.000000000,1
40.534000000,0.000000000,0.008000000,0.008506940,-0.024595271,-0.055086419,-0.009777224,2.969137430,0.093563888,3.062701319,3.082056871,0.194767464,-0.105272685,0.027916727,0.022601402,-0.040294812,0.010323266,0.154472652,-0.094949418,-0.022951394,0.118149168,-0.102082435,0.159356960,0.177424046,-0.213098586,0.256555087,-0.254306378,0,74.018807575,0,0,0.000000000,0.000000000,0.000000000,1
40.634000000,0.000000000,0.008000000,0.001320083,0.002425113,-0.046830621,-0.003119325,2.947409630,-0.025075969,2.922333661,2.941689213,0.140712422,-0.002028720,0.024454036,0.020001029,-0.035710312,0.010048370,0.105002110,0.008019651,-0.021125531,0.151259382,-0.107502342,0.194730148,0.126127640,-0.143239731,0.212504451,-0.186710498,0,41.679296102,0,0,0.000000000,0.000000000,0.000000000,1
40.732000000,0.000000000,0.008000000,-0.000725766,0.020078090,-0.040705349,-0.004450903,2.938233614,-0.039544636,2.898688978,2.918044530,0.115888377,0.045298356,0.023114955,0.020506570,-0.022269800,0.035844746,0.093618577,0.081143101,-0.019834221,0.188388959,-0.111722849,0.231465377,0.113452798,-0.107245858,0.205341426,-0.150322276,1,29.262254300,0,0,0.000000000,0.000000000,0.000000000,1
40.832000000,0.000000000,0.008000000,-0.001576018,0.032476205,-0.043368503,-0.002320372,2.968438148,0.053447837,3.021885986,3.041241538,0.126292125,0.091127489,0.023653689,0.021978221,-0.003502922,-0.017245544,0.122789203,0.073881945,-0.018736259,0.229085018,0.036509274,0.149975067,0.141525462,-0.155203074,0.086279929,-0.076093122,1,13.351272479,0,0,0.000000000,0.000000000,0.000000000,1
40.932000000,0.000000000,0.008000000,-0.002364282,0.045995416,-0.042569555,-0.000722476,2.974090099,0.002965694,2.977055793,2.996411346,0.119693342,0.134780068,0.023308045,0.024117559,0.024352757,0.021617354,0.144046099,0.156397422,-0.018935262,0.270013939,0.072326492,0.159745769,0.162981361,-0.113616517,0.071719607,-0.003348347,1,5.807694671,0,0,0.000000000,0.000000000,0.000000000,1
41.034000000,0.000000000,0.008000000,-0.001953681,0.065396217,-0.038038284,-0.003114269,2.965076447,0.046267355,3.011343802,3.030699354,0.108663144,0.187552360,0.022761300,0.027418222,0.009066663,0.000296950,0.117729808,0.187849310,-0.018902111,0.317726818,0.094995678,0.204369276,0.136631918,-0.129877508,0.022734129,-0.016519965,1,0.892602379,0,0,0.000000000,0.000000000,0.000000000,1
41.132000000,0.000000000,0.008000000,-0.001663014,0.078486270,-0.035108808,-0.001782678,2.985342741,0.053092288,3.038435029,3.057790582,0.101622873,0.233058879,0.022433726,0.030710982,0.063808469,0.004785681,0.165431342,0.237844560,-0.018753307,0.362503211,0.099231281,0.246763694,0.184184650,-0.124658652,0.066200062,-0.008919134,1,5.683441399,0,0,0.000000000,0.000000000,0.000000000,1
41.234000000,0.000000000,0.010000000,-0.001465365,0.098721993,-0.035375118,-0.000451108,2.952529192,-0.067365389,2.885163803,2.904519356,0.097835194,0.283527601,0.022264709,0.034696960,-0.035150732,-0.050674116,0.062684462,0.232853485,-0.019596711,0.412126381,0.117843542,0.293835137,0.082281173,-0.179272896,-0.055159080,-0.060981653,1,6.588950615,0,0,-0.000000000,-0.000000000,-0.000000000,1
41.332000000,0.000000000,0.006000000,-0.004025399,0.114741726,-0.034842491,-0.001782688,2.946179390,-0.066589319,2.879590071,2.898945623,0.088740593,0.325275726,0.021880332,0.038184329,-0.009639861,0.042929609,0.079100732,0.368205335,-0.019797392,0.458264340,0.092543653,0.331761233,0.098898124,-0.090059005,-0.013442922,0.036444101,1,0.974417472,0,0,0.000000000,0.000000000,0.000000000,1
41.434000000,0.000000000,0.010000000,-0.002571782,0.132930447,-0.030581424,-0.000717420,3.009671926,-0.003678746,3.005993180,3.025348733,0.084196794,0.397431458,0.021700023,0.044491770,-0.017543088,0.005158614,0.066653706,0.402590072,-0.020926979,0.509494404,0.081424038,0.389233338,0.087580685,-0.106904332,-0.014770332,0.013356734,1,0.365757131,0,0,0.000000000,0.000000000,0.000000000,1
41.532000000,0.000000000,0.008000000,-0.005920707,0.153869695,-0.031644039,0.001943890,2.961337566,0.006366836,2.967704402,2.987059955,0.076339245,0.462408662,0.021407401,0.050380728,0.024524054,-0.024127021,0.100863299,0.438281641,-0.022212852,0.558859026,0.069704367,0.441912909,0.123076151,-0.120577385,0.031158932,-0.003631268,1,1.341265800,0,0,0.000000000,0.000000000,0.000000000,1
41.632000000,0.000000000,0.006000000,-0.008215810,0.172842921,-0.023920875,0.003275469,2.985630989,-0.011486872,2.974144117,2.993499669,0.046709127,0.523801473,0.020538194,0.056068528,0.004030902,0.014708990,0.050740029,0.538510463,-0.024399444,0.613134130,0.073872119,0.493410387,0.075139472,-0.074623667,-0.023132090,0.045100076,1,1.319141929,0,0,0.000000000,0.000000000,0.000000000,1
41.732000000,0.000000000,0.006000000,-0.009493413,0.225115854,0.023217082,0.002476518,2.985056639,0.031550232,3.016606871,3.035962423,-0.098674705,0.686556714,0.022301726,0.071509448,0.001382525,-0.013614315,-0.097292179,0.672942399,-0.025380322,0.667848907,0.059830622,0.554163923,-0.071911857,0.005093492,-0.157122801,0.118778476,1,34.799406380,0,0,0.000000000,0.000000000,0.000000000,1
41.834000000,0.000000000,0.010000000,-0.006741516,0.296696501,0.070887670,0.000345994,3.003877640,0.037502956,3.041380596,3.060736148,-0.236099900,0.903419281,0.030942392,0.092529260,-0.013873567,-0.185145593,-0.249973467,0.718273687,-0.026018605,0.717529703,0.000190183,0.621919036,-0.223954862,0.000743984,-0.250163650,0.096354651,0,51.751290824,0,0,0.000000000,0.000000000,0.000000000,1
41.932000000,0.000000000,0.010000000,-0.005279928,0.338296943,0.075947687,0.000345986,2.942854404,0.023841415,2.966695819,2.986051371,-0.240977627,1.004650563,0.031316165,0.102436456,-0.063035244,0.200132746,-0.304012872,1.204783309,-0.026678930,0.759151218,-0.002243868,0.664743174,-0.277333942,0.445632092,-0.301769004,0.540040135,0,90.608245496,0,0,0.000000000,0.000000000,0.000000000,1
42.034000000,0.000000000,0.010000000,-0.005501172,0.332954913,0.054642390,-0.000452951,2.957778692,0.095113480,3.052892172,3.072247724,-0.183611811,1.015092637,0.027150193,0.103460769,0.027528638,-0.089953031,-0.156083173,0.925139607,-0.026968165,0.794956668,-0.006085194,0.696027834,-0.129115008,0.130182939,-0.149997979,0.229111773,1,21.484290225,0,0,0.000000000,0.000000000,0.000000000,1
42.132000000,0.000000000,0.008000000,-0.008381430,0.319891860,0.034136049,0.001411264,2.977576017,0.052455438,3.030031456,3.049387008,-0.128829301,0.973558571,0.023790122,0.099388948,0.018659610,-0.072676447,-0.110169691,0.900882124,-0.026872560,0.823073537,-0.076244096,0.750207319,-0.083297131,0.077808588,-0.033925594,0.150674806,1,3.171557622,0,0,0.000000000,0.000000000,0.000000000,1
42.234000000,0.000000000,0.008000000,-0.007112011,0.315252942,0.025613930,0.000612312,3.010195017,-0.015311999,2.994883018,3.014238570,-0.098010364,0.945979485,0.022272412,0.096689047,0.043922989,-0.095655473,-0.054087375,0.850324012,-0.027194596,0.844377453,-0.096918131,0.788568215,-0.026892780,0.005946560,0.042830756,0.061755797,1,2.620541399,0,0,0.000000000,0.000000000,0.000000000,1
42.334000000,0.000000000,0.008000000,-0.007558071,0.320637384,0.024288185,0.001405645,2.949531555,0.024257502,2.973789057,2.993144610,-0.094704046,0.957688034,0.022128908,0.097834880,-0.014185005,0.048361652,-0.108889052,1.006049686,-0.027944853,0.863930103,-0.085539412,0.812648162,-0.080944199,0.142119583,-0.023349640,0.193401524,1,4.117618489,0,0,0.000000000,0.000000000,0.000000000,1
42.434000000,0.000000000,0.008000000,-0.007805158,0.327371240,0.022158068,0.003269837,2.965695858,0.000572697,2.966268555,2.985624108,-0.088878973,0.980770230,0.021885948,0.100095467,-0.000476884,0.090309725,-0.089355857,1.071079955,-0.027869566,0.880988410,-0.098707840,0.850945173,-0.061486291,0.190091545,0.009351982,0.220134783,1,4.408468788,0,0,0.000000000,0.000000000,0.000000000,1
42.534000000,0.000000000,0.008000000,-0.007154399,0.330582154,0.019228587,0.002204577,2.919213533,-0.008473776,2.910739758,2.930095310,-0.076794005,0.968655567,0.021423660,0.098908726,-0.008560407,-0.064184652,-0.085354413,0.904470915,-0.028352016,0.894024848,-0.101048630,0.889926569,-0.057002396,0.010446068,0.015694218,0.014544346,1,0.378480510,0,0,0.000000000,0.000000000,0.000000000,1
42.632000000,0.000000000,0.006000000,-0.007308978,0.327139914,0.015234000,0.001672166,2.976190090,-0.002314010,2.973876080,2.993231632,-0.067040024,0.977846380,0.021093687,0.099808995,0.010560993,0.058538438,-0.056479031,1.036384818,-0.028737825,0.906750668,-0.100008593,0.902092198,-0.027741205,0.129634149,0.043529562,0.134292620,1,4.489500186,0,0,0.000000000,0.000000000,0.000000000,1
42.734000000,0.000000000,0.008000000,-0.005526969,0.328667354,0.010972940,-0.000990992,2.981313944,0.043142631,3.024456575,3.043812127,-0.049903258,0.991042928,0.020613184,0.101102230,0.005241046,-0.069512685,-0.044662212,0.921530243,-0.026338831,0.916173827,-0.089522409,0.924830194,-0.018323381,0.005356416,0.044860197,-0.003299951,1,3.128966272,0,0,0.000000000,0.000000000,0.000000000,1
42.832000000,0.000000000,0.006000000,-0.001859642,0.326315837,0.010970562,-0.002853359,2.975941896,0.042735142,3.018677039,3.038032591,-0.038730242,0.976428754,0.020371557,0.099670111,-0.046134902,0.113690995,-0.084865144,1.090119749,-0.025325982,0.924578688,-0.079649980,0.928838115,-0.059539162,0.165541061,-0.005215164,0.161281634,1,2.312347389,0,0,0.000000000,0.000000000,0.000000000,1
42.934000000,0.000000000,0.008000000,-0.001273297,0.328515406,0.004578975,-0.001788093,2.945946455,-0.026294066,2.919652389,2.939007941,-0.017086600,0.953930179,0.020072855,0.097467060,-0.019740383,-0.119401852,-0.036826983,0.834528327,-0.023330369,0.930905079,-0.085964835,0.953263453,-0.013496615,-0.096376752,0.049137852,-0.118735125,1,5.152358144,0,0,0.000000000,0.000000000,0.000000000,1
43.034000000,0.000000000,0.010000000,-0.000406693,0.330467923,0.008041085,-0.000190196,2.944261074,-0.052539988,2.891721086,2.911076638,-0.024428617,0.955071067,0.020148637,0.097578724,-0.008970152,0.128796568,-0.033398769,1.083867635,-0.022721198,0.936491035,-0.075362415,0.940638503,-0.010677571,0.147376600,0.041963645,0.143229133,1,4.793510400,0,0,0.000000000,0.000000000,0.000000000,1
43.132000000,0.000000000,0.008000000,-0.004881076,0.331396918,0.005644239,0.003538230,2.967332840,-0.041623402,2.925709438,2.945064990,-0.030794014,0.979922922,0.020235679,0.100012446,0.008586932,0.115755008,-0.022207082,1.095677931,-0.023429554,0.941437434,-0.067289852,0.962238092,0.001222472,0.154240496,0.045082770,0.133439839,1,4.914350893,0,0,0.000000000,0.000000000,0.000000000,1
43.232000000,0.000000000,0.006000000,-0.006626300,0.337855532,0.006972203,0.002207732,2.916822433,-0.019177008,2.897645426,2.917000978,-0.039403639,0.985382762,0.020384466,0.100547461,0.021003449,0.027967863,-0.018400190,1.013350625,-0.021555448,0.947325667,-0.056319030,0.982845819,0.003155258,0.066024958,0.037918840,0.030504807,1,2.404192663,0,0,0.000000000,0.000000000,0.000000000,1
43.332000000,0.000000000,0.008000000,-0.002898576,0.337139094,0.009369047,0.000077202,2.982065678,-0.011705733,2.970359945,2.989715497,-0.036439257,1.001653781,0.020329245,0.102142562,0.031911462,0.086423186,-0.004527795,1.088076967,-0.020162951,0.953149839,-0.047498772,0.989718675,0.015635156,0.134927129,0.042970977,0.098358292,1,3.819712099,0,0,0.000000000,0.000000000,0.000000000,1
43.434000000,0.000000000,0.008000000,-0.000216089,0.338636983,0.006173255,-0.001520696,2.966212273,0.083552096,3.049764368,3.069119921,-0.019485993,1.028125240,0.020094702,0.104739749,-0.016672070,-0.013985735,-0.036158063,1.014139506,-0.019389044,0.958413930,-0.037425517,1.004117784,-0.016769019,0.055725576,0.001267453,0.010021721,1,0.010752397,0,0,0.000000000,0.000000000,0.000000000,1
43.534000000,0.000000000,0.008000000,-0.002552005,0.333765163,0.003776410,0.000876151,2.942762136,-0.066767744,2.875994393,2.895349945,-0.018200486,0.962426543,0.020082644,0.098298772,0.012886493,0.145752705,-0.005313992,1.108179248,-0.017884085,0.960633953,-0.040213163,1.007776723,0.012570093,0.147545296,0.034899171,0.100402525,1,2.921122755,0,0,0.000000000,0.000000000,0.000000000,1
43.634000000,0.000000000,0.008000000,-0.002874070,0.334773141,-0.000218332,0.000876150,2.942613363,0.053586486,2.996199849,3.015555402,-0.007957122,1.005672355,0.020015823,0.102536671,-0.016641767,-0.003216108,-0.024598890,1.002456247,-0.016850456,0.961981097,-0.032002772,1.022536516,-0.007748433,0.040475150,0.007403883,-0.020080269,1,0.122272337,0,0,0.000000000,0.000000000,0.000000000,1
43.734000000,0.000000000,0.008000000,-0.002474652,0.332230415,0.000046349,0.000079334,2.955211401,-0.000325731,2.954885670,2.974241223,-0.007449269,0.981937316,0.020013868,0.100209825,-0.017301755,-0.187909397,-0.024751024,0.794027919,-0.015236582,0.964145152,-0.031812768,1.021720400,-0.009514443,-0.170117233,0.007061744,-0.227692481,1,4.534672009,0,0,0.000000000,0.000000000,0.000000000,1
43.832000000,0.000000000,0.008000000,-0.001196279,0.331095599,0.007236885,-0.000985931,2.955020428,0.046922746,3.001943173,3.021298726,-0.025315878,0.990970465,0.020159587,0.101095127,0.034741616,-0.059002619,0.009425738,0.931967846,-0.014662103,0.967265288,-0.032105293,0.992017188,0.024087841,-0.035297442,0.041531031,-0.060049342,1,3.108941436,0,0,0.000000000,0.000000000,0.000000000,1
43.932000000,0.000000000,0.008000000,-0.000092083,0.377903836,0.111632816,-0.000453317,2.954030514,0.014410681,2.968441195,2.987796747,-0.331648793,1.120439668,0.038728661,0.113814984,0.029416119,0.079175253,-0.302232674,1.199614922,-0.014335207,0.969615335,-0.024315600,0.983583246,-0.287897467,0.229999587,-0.277917074,0.216031675,0,48.342694134,0,0,0.000000000,0.000000000,0.000000000,1
44.032000000,0.000000000,0.006000000,-0.001788804,0.509660512,0.219224542,0.001410895,2.975865841,0.023161432,2.999027273,3.018382825,-0.662825054,1.532717088,0.069234172,0.154571073,0.029823767,-0.186218309,-0.633001287,1.346498778,-0.013125752,0.961960243,-0.027868523,0.972142770,-0.619875534,0.384538535,-0.605132764,0.374356008,0,77.079623745,0,0,0.000000000,0.000000000,0.000000000,1
44.132000000,0.000000000,0.008000000,0.001171785,0.540919351,0.196321338,-0.003915390,2.948503733,-0.063435248,2.885068484,2.904424036,-0.563019825,1.549293204,0.059748751,0.156214898,0.050651772,-0.140976586,-0.512368052,1.408316619,-0.011455177,0.934311374,-0.030502509,0.940635038,-0.500912875,0.474005244,-0.481865543,0.467681581,0,65.748252236,0,0,0.000000000,0.000000000,0.000000000,1
44.232000000,0.000000000,0.008000000,0.002132753,0.501844065,0.175282374,0.000345619,2.941519022,0.049824098,2.991343120,3.010698673,-0.517949927,1.502221655,0.055522259,0.151547679,0.156402157,-0.014194024,-0.361547770,1.488027630,-0.011442976,0.886379064,-0.036119488,0.892494698,-0.350104794,0.601648566,-0.325428282,0.595532933,0,42.010583683,0,0,0.000000000,0.000000000,0.000000000,1
44.334000000,0.000000000,0.010000000,-0.000550046,0.449456991,0.152379185,0.000079361,2.951810598,-0.057031995,2.894778603,2.914134156,-0.442696266,1.301308212,0.048577771,0.131658766,0.009358979,0.222954518,-0.433337287,1.524262730,-0.011097596,0.821733916,-0.039119774,0.827240570,-0.422239691,0.702528814,-0.394217513,0.697022160,1,70.561190872,0,1,0.000000000,0.000000000,0.000000000,1
44.434000000,0.000000000,0.008000000,-0.000214803,0.381389275,0.094048224,0.000610280,2.949066639,0.013923044,2.962989683,2.982345235,-0.279300379,1.131860738,0.034352395,0.114939494,0.032026651,0.099664729,-0.247273727,1.231525467,-0.010762678,0.750330206,-0.114348297,0.822123451,-0.236511049,0.481195261,-0.132925430,0.409402017,1,18.317729242,0,0,0.000000000,0.000000000,0.000000000,1
44.534000000,0.000000000,0.008000000,0.001432537,0.316863772,0.067682907,-0.000454991,2.960744143,-0.023107699,2.937636443,2.956991995,-0.194619500,0.929493966,0.027906406,0.095076760,0.036014963,0.117773447,-0.158604537,1.047267413,-0.009207747,0.665296615,-0.179640369,0.814328165,-0.149396790,0.381970798,0.021035833,0.232939248,1,4.979127329,0,0,0.000000000,0.000000000,0.000000000,1
44.632000000,0.000000000,0.008000000,0.002888450,0.254141185,0.047438651,-0.000455527,2.951617956,-0.029318270,2.922299686,2.941655239,-0.130189040,0.741345517,0.023864029,0.076784971,-0.016593886,-0.026144319,-0.146782927,0.715201198,-0.008853693,0.583128895,-0.173089892,0.779882353,-0.137929233,0.132072303,0.026306966,-0.064681155,1,1.103877711,0,0,0.000000000,0.000000000,0.000000000,1
44.734000000,0.000000000,0.008000000,0.002331747,0.193950326,0.005893342,-0.000721838,2.970044613,-0.080155773,2.889888840,2.909244392,-0.010292614,0.558408851,0.020026467,0.059314454,-0.006438974,-0.050217327,-0.016731588,0.508191525,-0.009178414,0.492499309,-0.164817105,0.670480754,-0.007553174,0.015692216,0.148085517,-0.162289229,1,30.176838110,0,0,0.000000000,0.000000000,0.000000000,1
44.832000000,0.000000000,0.008000000,-0.000320530,0.123547354,-0.022069855,-0.000721845,2.964720011,0.024853370,2.989573381,3.008928933,0.065021203,0.367195874,0.021030396,0.041813014,0.012086200,-0.027342240,0.077107403,0.339853634,-0.008675483,0.411224010,-0.089186118,0.527145374,0.085782886,-0.071370376,0.166293521,-0.187291740,0,45.438598400,0,0,0.000000000,0.000000000,0.000000000,1
44.932000000,0.000000000,0.008000000,0.000292125,0.086910673,-0.023934068,-0.001254469,2.947307110,0.001032803,2.948339913,2.967695465,0.071427053,0.252543605,0.021237190,0.032214635,-0.006105015,0.028144610,0.065322038,0.280688215,-0.007252837,0.334803718,-0.092569152,0.447124032,0.072574875,-0.054115503,0.157891190,-0.166435817,1,34.100939256,0,0,0.000000000,0.000000000,0.000000000,1
45.032000000,0.000000000,0.006000000,0.002115501,0.079833392,-0.008487731,-0.000189207,2.951946259,-0.084278819,2.867667440,2.887022992,0.030406545,0.228393035,0.020229819,0.030358422,-0.010104735,0.044040245,0.020301810,0.272433279,-0.007015395,0.257438582,-0.006274231,0.269507206,0.027317205,0.014994697,0.026576041,0.002926073,1,0.870649669,0,0,0.000000000,0.000000000,0.000000000,1
45.130000000,0.000000000,0.006000000,0.001855328,0.068048973,0.002431231,-0.002586051,2.978825092,-0.025374164,2.953450928,2.972806480,-0.001700902,0.193341528,0.020000723,0.027817431,0.007741054,-0.019177107,0.006040153,0.174164421,-0.006175429,0.184671043,0.002541517,0.199684881,0.012215582,-0.010506622,0.003498636,-0.025520461,1,0.526285379,0,0,0.000000000,0.000000000,0.000000000,1
45.234000000,0.000000000,0.008000000,0.002221214,0.043177803,-0.019140374,-0.002586055,2.987406492,0.056217757,3.043624250,3.062979802,0.065016647,0.123546028,0.021030255,0.023508216,-0.022442570,0.030748155,0.042574077,0.154294184,-0.006602030,0.119233303,0.000044554,0.117558246,0.049176107,0.035060880,0.042529523,0.036735938,1,3.864256350,0,0,0.000000000,0.000000000,0.000000000,1
45.334000000,0.000000000,0.008000000,-0.000010762,-0.014460402,-0.052700907,-0.001520647,2.957720995,-0.032335894,2.925385101,2.944740654,0.154138964,-0.046750722,0.025250509,0.020539141,0.006472891,0.027652715,0.160611855,-0.019098006,-0.006601730,0.052496871,0.014086894,0.066756162,0.167213585,-0.071594878,0.146524961,-0.085854169,1,32.350470233,0,0,0.000000000,0.000000000,0.000000000,1
45.434000000,0.000000000,0.010000000,-0.001087549,-0.061711767,-0.067614049,0.000077996,2.966369629,-0.059964137,2.906405492,2.925761045,0.193352983,-0.179132730,0.027818227,0.026849308,-0.012379104,0.064792382,0.180973879,-0.114340348,-0.007108876,-0.002787731,0.059016258,-0.027580227,0.188082756,-0.111552617,0.121957621,-0.086760121,1,20.866902924,0,0,0.000000000,0.000000000,0.000000000,1
45.534000000,0.000000000,0.008000000,-0.003159307,-0.087743697,-0.069211945,-0.000987258,2.969514370,0.081383166,3.050897536,3.070253089,0.201519830,-0.270709051,0.028391943,0.033657598,0.073260718,-0.006923244,0.274780548,-0.277632294,-0.006955699,-0.053155304,0.092569340,-0.100052075,0.281736247,-0.224476991,0.182211208,-0.177580219,0,50.137343746,0,0,0.000000000,0.000000000,0.000000000,1
45.632000000,0.000000000,0.006000000,-0.004033222,-0.101670417,-0.067081414,0.004339084,2.939580441,-0.011298148,2.928282292,2.947637844,0.184622905,-0.285013618,0.027218673,0.034818495,0.027962994,-0.010026386,0.212585898,-0.295040004,-0.008113890,-0.093212299,0.088458136,-0.142324552,0.220699789,-0.201827705,0.124127763,-0.152715452,1,26.025418184,0,0,0.000000000,0.000000000,0.000000000,1
45.734000000,0.000000000,0.008000000,-0.006783141,-0.116588100,-0.068679310,0.001409618,2.933863878,0.052639755,2.986503634,3.005859186,0.184853134,-0.343980954,0.027234295,0.039789810,0.054422211,-0.003311114,0.239275344,-0.347292069,-0.009277381,-0.127121587,0.136785206,-0.217662150,0.248552725,-0.220170481,0.102490139,-0.129629918,1,16.967342314,0,0,0.000000000,0.000000000,0.000000000,1
45.834000000,0.000000000,0.008000000,-0.006822308,-0.121152431,-0.061488792,0.002474863,2.962486506,-0.047445101,2.915041405,2.934396957,0.159355066,-0.345950027,0.025572258,0.039960158,-0.011574334,-0.002189219,0.147780732,-0.348139246,-0.010062015,-0.151200274,0.172653744,-0.273799407,0.157842747,-0.196938972,-0.024873012,-0.074339839,1,3.311546551,0,0,-0.000000000,-0.000000000,-0.000000000,1
45.934000000,0.000000000,0.008000000,-0.007258327,-0.122058125,-0.055896144,0.003273811,2.968421221,-0.054116758,2.914304462,2.933660015,0.141745409,-0.346173656,0.024513621,0.039979520,-0.011700747,0.034550371,0.130044662,-0.311623286,-0.011526604,-0.169030427,0.161082151,-0.308510999,0.141571266,-0.142592859,-0.031037489,-0.003112286,1,1.044743591,0,0,-0.000000000,-0.000000000,-0.000000000,1
46.034000000,0.000000000,0.008000000,-0.005737004,-0.128029470,-0.057227720,-0.000720941,2.950706005,0.076364832,3.027070837,3.046426390,0.155866043,-0.389736614,0.025356306,0.043805779,0.039800981,0.066738825,0.195667024,-0.322997789,-0.010608354,-0.181056830,0.147419797,-0.322427114,0.206275378,-0.141940959,0.048247226,-0.000570675,1,2.486189146,0,0,0.000000000,0.000000000,0.000000000,1
46.134000000,0.000000000,0.008000000,-0.002821979,-0.125014734,-0.054830883,-0.000720956,2.954252005,-0.012863417,2.941388587,2.960744139,0.152978395,-0.369837523,0.025179831,0.042045189,0.052398564,0.093038949,0.205376958,-0.276798574,-0.010768887,-0.187279970,0.159935309,-0.330062771,0.216145845,-0.089518604,0.045441649,0.053264197,1,3.540471292,0,0,0.000000000,0.000000000,0.000000000,1
46.232000000,0.000000000,0.006000000,-0.001434286,-0.121369842,-0.048172969,-0.003650432,2.921064377,0.118615913,3.039680290,3.059035842,0.142070655,-0.380021660,0.024532442,0.042943738,-0.010164485,-0.000247018,0.131906170,-0.380268678,-0.009592585,-0.187845551,0.171228344,-0.320129847,0.141498755,-0.192423127,-0.039322174,-0.060138830,1,3.336885515,0,0,-0.000000000,-0.000000000,-0.000000000,1
46.332000000,0.000000000,0.006000000,-0.001853026,-0.119201821,-0.042047706,-0.001786210,2.967052937,0.079379008,3.046431945,3.065787497,0.122450354,-0.368581802,0.023450819,0.041934776,-0.011719364,0.004208562,0.110730990,-0.364373240,-0.009613381,-0.183278124,0.155499259,-0.330320530,0.120344371,-0.181095116,-0.044768269,-0.034052710,1,3.004541774,0,0,-0.000000000,-0.000000000,-0.000000000,1
46.434000000,0.000000000,0.008000000,-0.004511200,-0.107550716,-0.039913550,0.003271377,2.971157789,0.096373737,3.067531526,3.086887078,0.108597825,-0.319880158,0.022758183,0.037725763,-0.000664580,-0.077702204,0.107933245,-0.397582363,-0.011938672,-0.176186063,0.136895885,-0.329988729,0.119871917,-0.221396299,-0.028962640,-0.067593634,1,3.442873300,0,0,-0.000000000,-0.000000000,-0.000000000,1
46.534000000,0.000000000,0.008000000,-0.011812603,-0.102530511,-0.044440914,0.003537676,2.938043833,0.122709610,3.060753443,3.080108995,0.099867214,-0.302992661,0.022354745,0.036304897,0.025470436,0.015700912,0.125337650,-0.287291749,-0.012451401,-0.164824069,0.124380390,-0.337900895,0.137789051,-0.122467679,0.000957260,0.050609147,1,1.381561310,0,0,0.000000000,0.000000000,0.000000000,1
46.634000000,0.000000000,0.008000000,-0.008516826,-0.151088999,-0.103030473,-0.000989679,2.985301971,-0.047789986,2.937511985,2.956867537,0.277634970,-0.446732938,0.034217127,0.048945921,0.039767682,0.002352012,0.317402652,-0.444380926,-0.012904491,-0.150959807,0.121518187,-0.309084223,0.330307143,-0.293421119,0.195884465,-0.135296704,1,33.155047159,0,0,0.000000000,0.000000000,0.000000000,1
46.734000000,0.000000000,0.008000000,-0.003801010,-0.126017481,-0.032989744,-0.002853885,2.936913490,-0.056735817,2.880177673,2.899533225,0.084068740,-0.371172431,0.021695058,0.042162658,-0.021313883,-0.039844032,0.062754857,-0.411016463,-0.012619692,-0.126696323,0.152913880,-0.312441586,0.075374550,-0.284320141,-0.090159023,-0.098574877,1,15.125287536,0,0,-0.000000000,-0.000000000,-0.000000000,1
46.834000000,0.000000000,0.008000000,-0.002887641,-0.035344448,0.045040891,-0.001788628,2.986012936,0.045957420,3.031970356,3.051325908,-0.145317886,-0.112586387,0.024721911,0.022951186,0.036284268,-0.023793686,-0.109033618,-0.136380072,-0.013365912,-0.101532616,0.115761293,-0.307571860,-0.095667706,-0.034847457,-0.224794911,0.171191788,0,82.339334687,0,0,0.000000000,0.000000000,0.000000000,1
46.934000000,0.000000000,0.008000000,-0.008699533,0.106172815,0.178737462,0.006200103,2.953072071,0.082182014,3.035254085,3.054609637,-0.568918903,0.341080358,0.060304952,0.039539324,0.050029217,-0.044041793,-0.518889686,0.297038565,-0.014785546,-0.080005293,0.113774713,-0.285731064,-0.504104140,0.377043858,-0.632664399,0.582769629,0,nan,0,0,0.000000000,0.000000000,0.000000000,1
47.034000000,0.000000000,0.008000000,-0.012750602,0.152269271,0.165687948,0.005401155,2.933585167,0.057461848,2.991047015,3.010402568,-0.533718094,0.471599655,0.056996053,0.051225602,-0.021369222,-0.004843876,-0.555087316,0.466755779,-0.014160632,-0.075913857,0.112756364,-0.282122616,-0.540926684,0.542669636,-0.667843679,0.748878395,0,nan,0,0,0.000000000,0.000000000,0.000000000,1
47.132000000,0.000000000,0.008000000,-0.007287811,0.092125847,0.107631050,0.001406419,2.925500870,-0.019664851,2.905836018,2.925191571,-0.333935365,0.271789426,0.038924649,0.033744554,0.023440906,0.036950637,-0.310494459,0.308740064,-0.013536950,-0.084112829,0.112010332,-0.292281931,-0.296957509,0.392852893,-0.422504791,0.601021995,0,225.401718815,0,0,0.000000000,0.000000000,0.000000000,1
47.234000000,0.000000000,0.008000000,-0.005585686,0.038534618,0.064487956,-0.000457672,2.970060587,-0.053844945,2.916215642,2.935571195,-0.204349852,0.111040584,0.028593507,0.022875754,0.051909085,-0.024693943,-0.152440768,0.086346641,-0.011937747,-0.105147060,0.110855368,-0.315989806,-0.140503021,0.191493701,-0.263296136,0.402336447,0,112.558819626,0,0,0.000000000,0.000000000,0.000000000,1
47.334000000,0.000000000,0.008000000,-0.004648088,0.003849294,0.049840566,0.000341266,2.950420618,0.004561867,2.954982485,2.974338037,-0.161013018,0.012383030,0.025675902,0.020038298,-0.018244257,0.006540010,-0.179257275,0.018923040,-0.011166274,-0.134729862,0.110009121,-0.347507814,-0.168091001,0.153652902,-0.289266396,0.366430853,0,98.344416458,0,0,0.000000000,0.000000000,0.000000000,1
47.432000000,0.000000000,0.008000000,-0.007397409,-0.011168800,0.046644770,0.003537085,2.934746742,-0.000575908,2.934170834,2.953526387,-0.158568984,-0.022392754,0.025523347,0.020124968,-0.007314941,-0.039610720,-0.165883925,-0.062003474,-0.009527359,-0.164301117,0.110201050,-0.381018434,-0.156356566,0.102297643,-0.276084975,0.319014960,0,69.732330343,0,0,0.000000000,0.000000000,0.000000000,1
47.534000000,0.000000000,0.008000000,-0.005268477,-0.022626164,0.049574245,0.000074971,2.938903570,-0.012354762,2.926548808,2.945904361,-0.160499903,-0.065997166,0.025643755,0.021060775,0.025142657,-0.031008049,-0.135357246,-0.097005214,-0.007598456,-0.200417098,0.108342498,-0.419801002,-0.127758790,0.103411883,-0.243699744,0.322795788,0,53.723423240,0,0,0.000000000,0.000000000,0.000000000,1
47.634000000,0.000000000,0.008000000,-0.005031235,-0.026980930,0.049840566,-0.000723973,2.978980780,-0.047189564,2.931791216,2.951146768,-0.160872664,-0.081224990,0.025667102,0.021586454,-0.012654999,-0.028472667,-0.173527663,-0.109697656,-0.005718340,-0.236484498,0.105952902,-0.462579823,-0.167809323,0.126786842,-0.279480565,0.352882167,0,57.717483771,0,0,0.000000000,0.000000000,0.000000000,1
47.734000000,0.000000000,0.008000000,-0.003954021,-0.042712455,0.047711119,0.000074796,2.954078197,0.031946093,2.986024291,3.005379843,-0.154273364,-0.127317084,0.025258715,0.023708572,0.052695793,-0.055260570,-0.101577571,-0.182577654,-0.004132919,-0.278497191,0.105904702,-0.507247188,-0.097444652,0.095919537,-0.207482273,0.324669534,1,35.646357255,0,0,0.000000000,0.000000000,0.000000000,1
47.834000000,0.000000000,0.008000000,-0.003896180,-0.059966473,0.040786900,0.000341112,2.972660780,0.066752095,3.039412875,3.058768427,-0.135810327,-0.181226087,0.024175286,0.026989423,-0.013572722,-0.041224828,-0.149383049,-0.222450915,-0.002889297,-0.320195487,-0.064915141,-0.272412591,-0.146493751,0.097744571,-0.084467907,0.049961676,1,7.734064483,0,0,0.000000000,0.000000000,0.000000000,1
47.932000000,0.000000000,0.008000000,-0.004192407,-0.086559583,0.035726886,0.003004280,2.941133022,-0.058946908,2.882186114,2.901541667,-0.115054833,-0.240821932,0.023073278,0.031304186,-0.024534499,-0.013959196,-0.139589332,-0.254781128,-0.001994614,-0.367723512,-0.110870329,-0.297612432,-0.137594719,0.112942384,-0.028719004,0.042831304,1,2.200188859,0,0,0.000000000,0.000000000,0.000000000,1
48.034000000,0.000000000,0.010000000,-0.005971051,-0.103796393,0.033596359,0.001140061,2.962211609,-0.046178779,2.916032830,2.935388382,-0.115379867,-0.299349237,0.023089503,0.036001384,-0.016617619,0.010757072,-0.131997487,-0.288592164,0.000688684,-0.412902760,-0.124151368,-0.337024693,-0.132686171,0.124310595,-0.007846119,0.048432529,1,1.464690537,0,0,0.000000000,0.000000000,0.000000000,1
48.134000000,0.000000000,0.010000000,-0.002948718,-0.122112329,0.034661625,-0.001256784,2.967616796,-0.015058301,2.952558495,2.971914047,-0.111046738,-0.364254525,0.022876053,0.041554947,0.015405001,-0.009178609,-0.095641737,-0.373433134,0.002785551,-0.459024252,-0.128140703,-0.377797811,-0.098427288,0.085591118,0.032498966,0.004364677,1,1.274045690,0,0,0.000000000,0.000000000,0.000000000,1
48.234000000,0.000000000,0.008000000,-0.001981286,-0.141354484,0.031199517,0.000341115,2.974441767,-0.014417056,2.960024711,2.979380263,-0.098215997,-0.417403057,0.022281468,0.046284480,-0.007539012,0.041141059,-0.105755009,-0.376261999,0.005412086,-0.511276631,-0.115917486,-0.433040925,-0.111167094,0.135014632,0.010162478,0.056778926,1,1.370982877,0,0,0.000000000,0.000000000,0.000000000,1
48.334000000,0.000000000,0.008000000,-0.001740384,-0.166588427,0.028270040,0.000873747,2.969379425,0.073569371,3.042948796,3.062304348,-0.091320182,-0.504261286,0.021986217,0.054247529,0.033418381,-0.087040255,-0.057901801,-0.591301541,0.006768699,-0.565483065,-0.113542066,-0.480295010,-0.064670500,-0.025818476,0.055640265,-0.111006531,1,7.385793878,0,0,0.000000000,0.000000000,0.000000000,1
48.432000000,0.000000000,0.008000000,-0.004719656,-0.192806662,0.014421599,0.004069541,2.919557333,-0.009086833,2.910470500,2.929826052,-0.055710059,-0.549313824,0.020761409,0.058459018,0.008601683,0.039313984,-0.047108375,-0.509999840,0.006416505,-0.614131467,-0.093674217,-0.551933576,-0.053524881,0.104131627,0.046565842,0.041933736,1,3.378239464,0,0,0.000000000,0.000000000,0.000000000,1
48.532000000,0.000000000,0.008000000,-0.006732554,-0.256950089,-0.039906897,0.005134799,2.901307106,0.003885036,2.905192142,2.924547694,0.096377838,-0.731571803,0.022201056,0.075841763,0.024113860,-0.024244236,0.120491698,-0.755816039,0.007635731,-0.664591151,-0.074758008,-0.603879262,0.112855968,-0.091224888,0.195249706,-0.151936777,0,51.532071814,0,0,0.000000000,0.000000000,0.000000000,1
48.632000000,0.000000000,0.006000000,0.001402322,-0.322309681,-0.075062416,-0.003920751,2.952847481,0.009722031,2.962569511,2.981925064,0.226532104,-0.966480332,0.030218669,0.098695706,-0.039915494,-0.044734868,0.186616610,-1.011215199,0.011151646,-0.715737706,-0.073766948,-0.657788496,0.175464963,-0.295477494,0.260383557,-0.353426703,0,60.333829016,0,0,0.000000000,0.000000000,0.000000000,1
48.734000000,0.000000000,0.008000000,0.006277927,-0.339503722,-0.068670832,-0.005784966,2.924231768,-0.026711296,2.897520471,2.916876024,0.217165562,-1.000481042,0.029523022,0.102027561,-0.033550558,-0.043414595,0.183615004,-1.043895637,0.014729311,-0.756817146,-0.073445045,-0.704725580,0.168885693,-0.287078491,0.257060049,-0.339170057,0,51.741504490,0,0,0.000000000,0.000000000,0.000000000,1
48.781785911,-0.052000000,-0.040000000,0.007401937,-0.340274643,-0.051626604,-0.002589189,2.963054419,0.017015287,2.980069706,2.999425258,0.175909168,-1.021758117,0.026635322,0.104114824,0.001440469,-0.002023813,0.177349637,-1.023781930,0.015922445,-0.791384343,-0.075218655,-0.739454633,0.161427193,-0.232397587,0.252568292,-0.284327297,0,44.885721955,0,0,0.000000000,0.000000000,0.000000000,1
48.885787136,-0.048000000,-0.040000000,0.002929124,-0.328650734,-0.034046836,-0.000722440,2.960097075,-0.052014819,2.908082255,2.927437807,0.107529133,-0.957844283,0.022707381,0.097850175,0.011200610,-0.012527740,0.118729742,-0.970372024,0.016816622,-0.818484310,-0.075378967,-0.769228308,0.101913121,-0.151887714,0.194108709,-0.201143715,1,25.043644544,0,0,0.000000000,0.000000000,0.000000000,1
48.989782378,-0.044000000,-0.032000000,0.000615960,-0.322482298,-0.024459451,0.001408090,2.926031113,0.013801241,2.939832353,2.959187906,0.073717506,-0.943904344,0.021315316,0.096486031,0.006141346,0.003343839,0.079858852,-0.940560505,0.018233755,-0.840487081,0.060111945,-0.838378662,0.061625097,-0.100073424,0.019746907,-0.102181843,1,1.339845627,0,0,0.000000000,0.000000000,0.000000000,1
49.093774636,-0.040000000,-0.024000000,0.001337615,-0.325588187,-0.025524717,-0.002852975,2.947756529,-0.009648791,2.938107738,2.957463290,0.078924424,-0.964995519,0.021500945,0.098550310,-0.019520495,-0.262743330,0.059403929,-1.227738849,0.019952063,-0.859406123,0.068619640,-0.879964829,0.039451866,-0.368332726,-0.009215711,-0.347774021,1,10.516882266,0,0,-0.000000000,-0.000000000,-0.000000000,1
49.197769910,-0.036000000,-0.024000000,0.003746950,-0.328973724,-0.023127869,-0.002586660,2.978308916,-0.029009917,2.949298999,2.968654551,0.079261876,-0.977870706,0.021513355,0.099811378,0.027805863,0.063600070,0.107067739,-0.914270636,0.020920585,-0.877091012,0.065105202,-0.958407804,0.086147155,-0.037179624,0.041962537,0.044137168,1,2.603242672,0,0,0.000000000,0.000000000,0.000000000,1
49.301771200,-0.032000000,-0.024000000,0.002965608,-0.329190256,-0.017268915,-0.001787703,2.943679810,0.060896010,3.004575819,3.023931371,0.060796156,-0.994448373,0.020903630,0.101436067,0.010056678,0.068241573,0.070852835,-0.926206801,0.021143782,-0.890070294,0.078604288,-0.970147155,0.049709053,-0.036136506,-0.007751453,0.043940354,1,0.244144838,0,0,0.000000000,0.000000000,0.000000000,1
49.401766507,-0.028000000,-0.020000000,0.001387082,-0.326952790,-0.007947851,0.000076506,2.913151741,0.082546098,2.995697839,3.015053391,0.027964639,-0.979222577,0.020194559,0.099943827,0.007963086,0.085672484,0.035927725,-0.893550093,0.021703895,-0.899800333,0.075647337,-0.976190132,0.014223830,0.006250240,-0.039719613,0.082640039,1,3.022867089,0,0,0.000000000,0.000000000,0.000000000,1
49.505761830,-0.028000000,-0.012000000,0.001281739,-0.326852780,-0.015138387,0.000076503,2.959490299,-0.044586391,2.914903909,2.934259461,0.047863089,-0.952521448,0.020564745,0.097329189,0.011756492,0.064055877,0.059619581,-0.888465571,0.021184921,-0.911759313,0.057664996,-0.978447045,0.038434660,0.023293742,0.001954585,0.089981475,1,0.717351998,0,0,0.000000000,0.000000000,0.000000000,1
49.613757169,-0.020000000,-0.008000000,-0.001730678,-0.334581969,-0.014073122,0.001141768,2.954035521,-0.081426489,2.872609032,2.891964584,0.035455017,-0.957843334,0.020311834,0.097850082,0.017618524,-0.059226965,0.053073541,-1.017070299,0.020497270,-0.920374200,0.058209730,-0.977898096,0.032576271,-0.096696099,-0.005136189,-0.039172204,1,0.176186859,0,0,-0.000000000,-0.000000000,-0.000000000,1
49.717755524,-0.016000000,0.000000000,-0.002050940,-0.334238526,-0.007415217,0.002207035,2.942447662,-0.021226058,2.921221604,2.940577156,0.015670242,-0.969937566,0.020061295,0.099034281,-0.004592402,0.027116694,0.011077840,-0.942820873,0.020375681,-0.927185314,0.054615508,-0.995041136,-0.009297841,-0.015635559,-0.043537668,0.052220264,1,3.233632682,0,0,0.000000000,0.000000000,0.000000000,1
49.821753895,-0.012000000,0.000000000,-0.000411505,-0.330758030,-0.004485741,-0.000722444,2.959740639,0.094682548,3.054423187,3.073778739,0.012444441,-1.012481648,0.020038679,0.103204607,0.018836778,-0.177356105,0.031281219,-1.189837753,0.019784840,-0.931900915,0.036783576,-0.993176886,0.011496379,-0.257936838,-0.005502356,-0.196660867,1,3.144055142,0,0,-0.000000000,-0.000000000,-0.000000000,1
49.925755282,-0.008000000,0.008000000,-0.001061148,-0.328834598,-0.002085842,0.001409009,2.974564314,0.004818659,2.979382973,2.998738526,0.003052957,-0.975526226,0.020002330,0.099581696,0.005017058,0.114866247,0.008070015,-0.860659979,0.019920498,-0.935666140,0.033166938,-1.029991340,-0.011850484,0.075006161,-0.025096923,0.169331361,1,3.414894741,0,0,0.000000000,0.000000000,0.000000000,1
50.029750685,0.000000000,0.008000000,-0.001708221,-0.327526986,-0.001020577,0.000876377,2.940609455,-0.030816976,2.909792479,2.929148031,-0.002000902,-0.950485484,0.020001001,0.097129947,0.015537625,-0.032407992,0.013536723,-0.982893476,0.020559846,-0.939728661,0.024147815,-1.010511602,-0.007023123,-0.043164814,-0.010611092,0.027618126,1,0.248152500,0,0,0.000000000,0.000000000,0.000000000,1
50.129752105,-0.004000000,0.004000000,0.001989284,-0.337736609,-0.006080584,-0.000455204,2.917730570,-0.046211917,2.871518653,2.890874205,0.023172775,-0.971124100,0.020133797,0.099150493,0.024562040,-0.081374252,0.047734815,-1.052498351,0.020724605,-0.944092034,0.019278932,-1.013128896,0.027010210,-0.108406317,0.028455883,-0.039369456,1,1.417384560,0,0,0.000000000,0.000000000,0.000000000,1
50.181753540,-0.052000000,-0.040000000,0.001630573,-0.337095609,-0.001281326,-0.000454959,2.927275896,-0.061222765,2.866053131,2.885408683,0.008345658,-0.967437861,0.020017405,0.098789474,0.034451804,0.042109663,0.042797462,-0.925328198,0.021647444,-0.947314030,0.028643747,-1.027600305,0.021150018,0.021985832,0.014153714,0.102272107,1,1.230902617,0,0,0.000000000,0.000000000,0.000000000,1
50.285754991,-0.048000000,-0.040000000,0.001626362,-0.331356656,0.000316571,0.000610306,2.942811489,0.034559632,2.977371121,2.996726674,0.003899736,-0.984754630,0.020003802,0.100485904,0.041986860,0.198691931,0.045886596,-0.786062700,0.021352312,-0.949990953,0.031400570,-1.019564131,0.024534284,0.163928253,0.014486026,0.233501431,1,4.916242311,0,0,0.000000000,0.000000000,0.000000000,1
50.389756459,-0.044000000,-0.032000000,-0.000938701,-0.331009738,-0.000216061,0.000077674,2.970609426,-0.048614301,2.921995126,2.941350678,-0.002111548,-0.966981879,0.020001115,0.098744820,-0.005495557,0.179581075,-0.007607105,-0.787400803,0.022023392,-0.950733082,0.036916459,-0.991665668,-0.029630497,0.163332279,-0.044523565,0.204264865,1,6.731639304,0,0,0.000000000,0.000000000,0.000000000,1
50.493757941,-0.040000000,-0.024000000,0.000479927,-0.331560974,-0.005009751,-0.000721275,2.935185194,-0.017703413,2.917481781,2.936837334,0.016016037,-0.969427406,0.020064026,0.098984317,0.019390332,0.083975198,0.035406369,-0.885452208,0.022356864,-0.954918172,0.020069550,-0.966381116,0.013049505,0.069465963,0.015336819,0.080928908,1,0.946204610,0,0,0.000000000,0.000000000,0.000000000,1
50.597765440,-0.036000000,-0.024000000,0.000640008,-0.354450877,-0.092361458,0.000077675,2.973433733,0.016317453,2.989751186,3.009106739,0.278051244,-1.059487701,0.034250912,0.107819951,0.003089610,-0.097080709,0.281140854,-1.156568411,0.023358330,-0.957445729,0.025571221,-0.960988028,0.257782524,-0.199122682,0.255569633,-0.195580382,0,49.599935195,0,0,0.000000000,0.000000000,0.000000000,1
50.701769954,-0.032000000,-0.016000000,0.002871255,-0.489121912,-0.213533968,-0.006047435,2.943193197,0.011160754,2.954353951,2.973709504,0.639337625,-1.462905517,0.066988999,0.147651365,-0.043564505,-0.163998167,0.595773119,-1.626903684,0.023738450,-0.953315217,0.025667688,-0.958759264,0.572034670,-0.673588468,0.570105431,-0.668144420,0,nan,0,0,0.000000000,0.000000000,0.000000000,1
50.805771484,-0.028000000,-0.016000000,0.003733742,-0.562447302,-0.228980303,-0.000454780,2.989337444,-0.024491393,2.964846051,2.984201603,0.689961318,-1.668918015,0.071836385,0.168085911,0.064172841,-0.015401699,0.754134159,-1.684319714,0.022758824,-0.930401524,0.025119855,-0.939622814,0.731375335,-0.753918190,0.729014305,-0.744696900,0,nan,0,0,0.000000000,0.000000000,0.000000000,1
50.913761029,-0.020000000,-0.004000000,0.000363346,-0.506629129,-0.187965304,-0.003119701,2.947847843,-0.023652024,2.924195819,2.943551371,0.550709848,-1.490605397,0.058590216,0.150396291,-0.023909832,0.034650872,0.526800016,-1.455954525,0.021795765,-0.886844311,0.023391795,-0.897277349,0.505004251,-0.569110213,0.503408221,-0.558677175,0,nan,0,0,0.000000000,0.000000000,0.000000000,1
51.017762590,-0.016000000,-0.004000000,-0.001054912,-0.449283657,-0.136299983,0.000342421,2.915860891,-0.087881093,2.827979799,2.847335351,0.382470327,-1.269596748,0.043160578,0.128525324,0.057303047,0.040096551,0.439773374,-1.229500197,0.019911685,-0.822660335,0.024310071,-0.839244650,0.419861689,-0.406839862,0.415463303,-0.390255547,0,69.226946449,0,0,0.000000000,0.000000000,0.000000000,1
51.121764166,-0.012000000,-0.004000000,-0.002660192,-0.381982205,-0.106997073,0.000340969,2.968561411,0.026959683,2.995521094,3.014876646,0.312543328,-1.143214371,0.037105705,0.116057705,-0.034705182,0.022412412,0.277838145,-1.120801959,0.018533329,-0.747937785,0.023264626,-0.770121490,0.259304817,-0.372864173,0.254573520,-0.350680469,1,31.124953719,0,0,0.000000000,0.000000000,0.000000000,1
51.225759758,-0.004000000,0.004000000,-0.003546217,-0.324532819,-0.082495973,0.000607285,2.957201481,0.045180317,3.002381798,3.021737350,0.237037309,-0.972548127,0.031013978,0.099289972,0.004652935,0.048180873,0.241690244,-0.924367255,0.016555970,-0.671190364,0.145189975,-0.795867158,0.225134274,-0.253176891,0.096500269,-0.128500097,1,6.176239314,0,0,0.000000000,0.000000000,0.000000000,1
51.329755365,-0.004000000,0.004000000,-0.004911297,-0.240587522,-0.031895917,0.002471495,2.938830137,0.008239793,2.947069930,2.966425483,0.079525563,-0.701744582,0.021523084,0.072968860,-0.008517143,0.043436749,0.071008420,-0.658307834,0.014583263,-0.580960316,0.191588884,-0.749669623,0.056425157,-0.077347518,-0.120580465,0.091361789,1,13.730879158,0,0,0.000000000,0.000000000,0.000000000,1
51.429750987,-0.004000000,0.008000000,-0.005454929,-0.203869467,-0.024705376,0.002471496,2.925148726,-0.031258057,2.893890669,2.913246221,0.055708691,-0.582823708,0.020761372,0.061618461,0.004542367,0.137540046,0.060251059,-0.445283662,0.011814091,-0.499132283,0.121082976,-0.629783349,0.048436968,0.053848621,-0.060831918,0.184499687,1,9.827259474,0,0,0.000000000,0.000000000,0.000000000,1
51.481752625,-0.052000000,-0.044000000,-0.005840728,-0.169721325,0.007252558,0.002205182,2.977814436,-0.070449617,2.907364819,2.926720372,-0.038066958,-0.487030539,0.020359050,0.052649667,-0.020996169,0.043210983,-0.059063127,-0.443819555,0.010949359,-0.411607477,0.090634860,-0.476660472,-0.070012486,-0.032212078,-0.149697987,0.032840916,1,29.211769525,0,0,0.000000000,0.000000000,0.000000000,1
51.585754278,-0.048000000,-0.036000000,-0.004295420,-0.108948998,0.023237484,0.000073330,2.931740761,-0.006257140,2.925483620,2.944839173,-0.080547057,-0.318513985,0.021561036,0.037609993,0.008477203,-0.057796498,-0.072069854,-0.376310484,0.009738732,-0.332850585,0.021257294,-0.383394167,-0.081808586,-0.043459899,-0.093327148,0.007083683,1,10.900020354,0,0,0.000000000,0.000000000,0.000000000,1
51.689755946,-0.044000000,-0.036000000,-0.003113349,-0.073191056,0.017112216,-0.000459302,2.922739267,-0.077506657,2.845232610,2.864588162,-0.057546436,-0.209552400,0.020811437,0.028967604,-0.009994536,0.012344845,-0.067540972,-0.197207556,0.009004793,-0.252502248,-0.017772401,-0.303449550,-0.076545765,0.055294693,-0.049768571,0.106241994,1,9.893483460,0,0,0.000000000,0.000000000,0.000000000,1
51.797757630,-0.036000000,-0.024000000,-0.004749338,-0.058868179,0.006992200,0.000339650,2.929389477,-0.062750059,2.866639418,2.885994970,-0.033658757,-0.167780189,0.020281250,0.026105592,-0.017592011,0.016070533,-0.051250768,-0.151709656,0.008058615,-0.183295108,-0.039901281,-0.183089986,-0.059309383,0.031585452,-0.011349488,0.031380331,1,0.972445006,0,0,0.000000000,0.000000000,0.000000000,1
51.901759329,-0.032000000,-0.024000000,-0.006573028,-0.027280661,0.027768416,0.004598465,2.986133337,0.023245660,3.009378997,3.028734550,-0.103346421,-0.068259326,0.022512326,0.021132756,0.031089349,0.017127490,-0.072257072,-0.051131836,0.005710614,-0.111337110,-0.045994823,-0.104394944,-0.077967686,0.060205275,-0.026262249,0.053263108,1,4.084685214,0,0,0.000000000,0.000000000,0.000000000,1
52.001767042,-0.032000000,-0.020000000,-0.008986366,0.022821690,0.050405547,0.006196390,2.979074955,0.005284205,2.984359160,3.003714712,-0.177246799,0.086600375,0.026723852,0.021794409,-0.046331191,0.013158251,-0.223577990,0.099758626,0.004122793,-0.051062458,-0.057583316,-0.020536327,-0.227700782,0.150821084,-0.165994673,0.120294953,0,44.182484889,0,0,0.000000000,0.000000000,0.000000000,1
52.105768771,-0.028000000,-0.020000000,-0.007592788,0.062312931,0.063987680,0.002734269,2.975810766,-0.046830511,2.928980255,2.948335808,-0.209657777,0.190521965,0.028975228,0.027622205,-0.032844370,0.006651338,-0.242502147,0.197173304,0.004308181,0.009967788,-0.055459125,0.034552026,-0.246810328,0.187205515,-0.187043022,0.162621278,0,46.057684519,0,0,0.000000000,0.000000000,0.000000000,1
52.209770515,-0.020000000,-0.012000000,-0.004273360,0.090148416,0.069845863,-0.000195943,2.980407953,-0.008699797,2.971708156,2.991063709,-0.220260698,0.267312498,0.029751433,0.033385022,-0.002945542,-0.036290321,-0.223206240,0.231022177,0.004682282,0.058372495,-0.053991357,0.077029883,-0.227888522,0.172649683,-0.169214883,0.153992294,1,29.973214151,0,0,0.000000000,0.000000000,0.000000000,1
52.313766273,-0.020000000,-0.012000000,-0.002491633,0.107824077,0.067449003,-0.000994910,2.972549200,0.012087659,2.984636859,3.003992411,-0.208747401,0.318846270,0.028909424,0.037638138,-0.017958518,0.036129819,-0.226705919,0.354976089,0.005093807,0.102572768,-0.131456419,0.179667016,-0.231799726,0.252403322,-0.095249500,0.175309073,1,21.226338538,0,0,0.000000000,0.000000000,0.000000000,1
52.417762046,-0.016000000,-0.004000000,-0.004350854,0.119964485,0.066916749,0.002999905,2.928112745,-0.023855427,2.904257318,2.923612870,-0.206979458,0.357120229,0.028782025,0.040931022,-0.026558724,-0.045480166,-0.233538182,0.311640063,0.004448044,0.133557084,-0.171377600,0.261778811,-0.237986226,0.178082979,-0.062160582,0.049861252,1,4.064211772,0,0,0.000000000,0.000000000,0.000000000,1
52.525757834,-0.008000000,0.000000000,-0.005450286,0.123150799,0.061856750,0.002467278,2.954347134,-0.047259795,2.907087339,2.926442891,-0.195667432,0.365182721,0.027979590,0.041636333,0.024175546,-0.038356357,-0.171491886,0.326826365,0.005327689,0.160908240,-0.193085750,0.297533885,-0.176819575,0.165918124,0.021593865,0.029292480,1,0.771135386,0,0,0.000000000,0.000000000,0.000000000,1
52.629762637,-0.004000000,0.008000000,-0.005291614,0.131176686,0.059726223,0.003798843,2.968863726,-0.092757263,2.876106463,2.895462015,-0.186998223,0.388203991,0.027380346,0.043669479,-0.004866722,-0.015105595,-0.191864945,0.373098396,0.005697147,0.178383047,-0.184054757,0.319647242,-0.197562093,0.194715349,-0.007810189,0.053451154,1,1.167810778,0,0,0.000000000,0.000000000,0.000000000,1
52.733764455,0.000000000,0.008000000,-0.002081152,0.131535881,0.058660958,-0.000462205,2.921237946,0.008670172,2.929908118,2.949263670,-0.177968801,0.384033827,0.026771794,0.043299189,-0.018969235,-0.017179619,-0.196938036,0.366854209,0.006506646,0.192363686,-0.184875446,0.341276210,-0.203444681,0.174490522,-0.012062590,0.025577999,1,0.390848876,0,0,0.000000000,0.000000000,0.000000000,1
52.781766287,-0.052000000,-0.040000000,-0.001370582,0.134685354,0.055465791,0.000601308,2.959365845,-0.052255455,2.907110390,2.926465942,-0.165229612,0.393293261,0.025942402,0.044122510,0.000505608,0.030060787,-0.164724004,0.423354048,0.007059239,0.197162544,-0.187424198,0.350382605,-0.171783243,0.226191504,0.022700194,0.072971443,1,2.571111049,0,0,0.000000000,0.000000000,0.000000000,1
52.889768134,-0.044000000,-0.036000000,-0.001719450,0.131168313,0.049873158,0.000068680,2.927445650,0.032225716,2.959671366,2.979026918,-0.152697165,0.388418370,0.025162755,0.043688537,-0.026531504,0.061183747,-0.179228669,0.449602117,0.008242444,0.198840053,-0.178051861,0.365797077,-0.187471113,0.250762064,-0.001176808,0.083805040,1,2.691957760,0,0,0.000000000,0.000000000,0.000000000,1
52.989757995,-0.044000000,-0.032000000,-0.000356076,0.120538457,0.037089989,-0.000197644,2.939933777,0.120704249,3.060638026,3.079993578,-0.114608850,0.368319669,0.023051071,0.041911738,-0.009001589,0.026691974,-0.123610439,0.395011642,0.008711031,0.193988627,-0.176319077,0.377681583,-0.132321470,0.201023015,0.052708638,0.017330059,1,3.518373864,0,0,0.000000000,0.000000000,0.000000000,1
53.097753871,-0.036000000,-0.028000000,-0.000175994,0.112400587,0.034423195,0.000330648,2.959847212,0.024348109,2.984195321,3.003550873,-0.103250738,0.336412025,0.022507935,0.039137329,-0.000734269,0.039617672,-0.103985007,0.376029697,0.009489918,0.187597832,-0.158118699,0.370421655,-0.113474924,0.188431865,0.054133692,0.005608042,1,3.777188476,0,0,0.000000000,0.000000000,0.000000000,1
53.201755762,-0.032000000,-0.020000000,-0.002065650,0.106639435,0.037352674,0.002727487,2.956885815,0.036549074,2.993434889,3.012790441,-0.117996185,0.327382760,0.023221348,0.038363977,0.016438492,0.039055181,-0.101557694,0.366437940,0.008694381,0.177888451,-0.138420005,0.353122741,-0.110252074,0.188549489,0.036862311,0.013315199,1,1.783011623,0,0,0.000000000,0.000000000,0.000000000,1
53.301751667,-0.032000000,-0.016000000,-0.002972244,0.097260067,0.025102135,0.002194858,2.921477079,-0.022513290,2.898963790,2.918319342,-0.081386608,0.288316228,0.021592540,0.035089350,-0.046874000,0.012490057,-0.128260608,0.300806285,0.008693001,0.165875258,-0.125602375,0.337363480,-0.136953609,0.134931027,-0.002658232,-0.036557195,1,0.729567970,0,0,-0.000000000,-0.000000000,-0.000000000,1
53.405735586,-0.028000000,-0.016000000,0.002461929,0.094810608,0.048804276,-0.006327258,2.954137564,0.069874789,3.024012353,3.043367905,-0.140139829,0.267574743,0.024421133,0.033406024,0.017044173,0.037656731,-0.123095656,0.305231474,0.010151065,0.150309445,-0.122362197,0.302990051,-0.133246721,0.154922029,-0.000733459,0.002241423,1,0.003563746,0,0,0.000000000,0.000000000,0.000000000,1
53.513727470,-0.020000000,-0.004000000,0.014473939,0.093426985,0.023766072,-0.012188327,2.944704294,0.035631168,2.980335462,2.999691014,-0.027693674,0.242118453,0.020190825,0.031404036,-0.006694905,0.067732916,-0.034388579,0.309851368,0.009873670,0.133066447,-0.122623387,0.280287592,-0.044262249,0.176784921,0.088234808,0.029563776,1,11.973562604,0,0,0.000000000,0.000000000,0.000000000,1
53.613725411,-0.020000000,-0.008000000,0.009162879,0.044428537,-0.012186605,-0.002867269,2.973737955,-0.053016810,2.920721145,2.940076697,0.062355890,0.121388876,0.020949524,0.023395568,-0.038704249,0.004549885,0.023651641,0.125938761,0.009365909,0.112737409,-0.086707071,0.262812862,0.014285732,0.013201351,0.110358712,-0.136874102,1,35.011697880,0,0,0.000000000,0.000000000,0.000000000,1
53.717709404,-0.016000000,-0.008000000,0.001243742,0.016425835,-0.024708124,0.002722918,2.923135281,-0.002053776,2.921081505,2.940437057,0.075807515,0.055935068,0.021388497,0.020767458,-0.006988929,-0.013863384,0.068818586,0.042071683,0.007870394,0.093472034,-0.046300565,0.170774774,0.060948192,-0.051400350,0.115119151,-0.128703091,0,38.503553893,0,0,0.000000000,0.000000000,0.000000000,1
53.825707433,-0.008000000,0.004000000,-0.004093019,0.009688588,-0.020713381,0.005119765,2.958362341,0.036976077,2.995338418,3.014693970,0.049783609,0.044356028,0.020610291,0.020485960,0.015053919,0.012971375,0.064837528,0.057327402,0.006444175,0.078666895,-0.045859442,0.150180086,0.058393353,-0.021339492,0.110696970,-0.092852683,1,23.481613765,0,0,0.000000000,0.000000000,0.000000000,1
53.929703469,-0.004000000,0.012000000,-0.002354873,0.014758944,-0.010327053,0.002456603,2.967973471,-0.137944034,2.830029436,2.849384989,0.022561504,0.048720506,0.020126853,0.020584870,0.016248052,-0.014532696,0.038809556,0.034187810,0.005378080,0.065793845,0.006293025,0.076827077,0.033431476,-0.031606035,0.032516531,-0.042639267,1,3.769123971,0,0,0.000000000,0.000000000,0.000000000,1
54.029693520,-0.004000000,0.008000000,-0.000976088,0.015432403,-0.006598628,0.000858705,2.918588161,0.043339793,2.961927954,2.981283506,0.016653557,0.048253091,0.020069215,0.020573857,0.025021957,0.034053131,0.041675514,0.082306222,0.005002288,0.054669930,0.021881657,0.038981302,0.036673226,0.027636292,0.019793857,0.043324920,1,3.182480403,0,0,0.000000000,0.000000000,0.000000000,1
54.081689586,-0.052000000,-0.036000000,0.000809437,0.015735450,-0.006065996,0.000059757,2.940403938,-0.022549725,2.917854213,2.937209765,0.020061510,0.046088112,0.020100364,0.020524160,-0.020342548,-0.018689893,-0.000281038,0.027398220,0.004710590,0.045200876,0.030153587,0.040349000,-0.004991628,-0.017802656,-0.030434624,-0.012950780,1,1.684991388,0,0,-0.000000000,-0.000000000,-0.000000000,1
54.189697666,-0.044000000,-0.032000000,0.002795630,0.010731047,-0.010593370,0.000592390,2.948023558,-0.010773400,2.937250158,2.956605710,0.039326841,0.033259766,0.020382983,0.020274667,-0.005501392,0.015758024,0.033825449,0.049017791,0.004115190,0.034143374,0.020895110,0.018351059,0.029710259,0.014874417,0.012930339,0.030666732,1,1.613827718,0,0,0.000000000,0.000000000,0.000000000,1
54.293693761,-0.040000000,-0.032000000,0.000538807,0.003016057,-0.011930052,0.000058201,2.953509808,0.013295152,2.966804960,2.986160512,0.036992674,0.009120723,0.020339237,0.020020786,-0.027477136,-0.019006014,0.009515538,-0.009885291,0.005244786,0.024418957,0.027854982,0.017435565,0.004270752,-0.034304248,-0.018339444,-0.027320855,1,1.622395030,0,0,-0.000000000,-0.000000000,-0.000000000,1
54.393683870,-0.040000000,-0.028000000,0.004745706,-0.001805161,-0.026311362,-0.004470217,2.960198641,0.010224319,2.970422960,2.989778512,0.092252630,-0.018640525,0.022025110,0.020086679,-0.015122774,0.007405859,0.077129855,-0.011234667,0.003291327,0.017875644,0.021366025,-0.006968947,0.073838528,-0.029110310,0.055763830,-0.004265720,1,4.357072973,0,0,0.000000000,0.000000000,0.000000000,1
54.497670132,-0.036000000,-0.027997862,0.007578271,-0.043326389,-0.084368326,-0.005002858,2.908710003,0.051042347,2.959752350,2.979107902,0.272139155,-0.143042602,0.033772729,0.024588856,0.003221375,0.003952510,0.275360531,-0.139090092,0.001863939,0.012126325,0.041863876,-0.020476887,0.273496591,-0.151216417,0.233496655,-0.118613205,0,54.856350166,0,0,0.000000000,0.000000000,0.000000000,1
54.605670132,-0.028000000,-0.016000000,0.004658540,-0.096403868,-0.108607233,-0.000740897,2.948650122,0.093422410,3.042072532,3.061428084,0.344562694,-0.295521421,0.039840112,0.035683737,-0.017117552,-0.006752784,0.327445143,-0.302274205,0.001998838,0.015600327,0.042653880,-0.022529936,0.325446305,-0.317874533,0.284791262,-0.279744269,0,85.757759709,0,0,0.000000000,0.000000000,0.000000000,1
54.705672285,-0.028000000,-0.020000000,0.004193376,-0.088049197,-0.094226182,-0.001273511,2.936092854,-0.014121972,2.921970882,2.941326434,0.287579083,-0.260998352,0.035028807,0.032881627,0.018708992,0.013271982,0.306288074,-0.247726370,0.002328700,0.030764272,0.045823003,-0.015183682,0.303959374,-0.278490642,0.260465071,-0.232542687,0,67.909761543,0,0,0.000000000,0.000000000,0.000000000,1
54.809668452,-0.024000000,-0.012000000,0.006344501,-0.060607433,-0.068659820,-0.002072468,2.944541931,0.002492296,2.947034227,2.966389779,0.221040299,-0.184719814,0.029809196,0.027225247,-0.055490315,-0.005164345,0.165549985,-0.189884159,0.000781157,0.051610722,0.047384522,0.000643513,0.164768828,-0.241494881,0.118165463,-0.190527672,1,28.595638308,0,0,0.000000000,0.000000000,0.000000000,1
54.913666041,-0.020000000,-0.012003789,0.002654183,-0.032720738,-0.056409284,0.000324378,2.973185062,0.081124918,3.054309980,3.073665532,0.180398138,-0.098948527,0.026933898,0.022313855,0.012718311,0.010920148,0.193116448,-0.088028379,-0.000257946,0.081808340,0.103309630,-0.087013817,0.193374394,-0.169836719,0.089806818,-0.001014562,1,6.446387637,0,0,0.000000000,0.000000000,0.000000000,1
55.017668266,-0.016000000,-0.004000000,0.000129140,-0.010215805,-0.048686117,0.000324365,2.917801619,-0.050322081,2.867479538,2.886835090,0.139976750,-0.028363502,0.024411778,0.020200121,0.055279520,-0.004371921,0.195256269,-0.032735423,-0.002204589,0.111816755,0.140272107,-0.063346117,0.197460858,-0.144552179,0.054984162,0.030610694,1,4.207779633,0,0,0.000000000,0.000000000,0.000000000,1
55.121670505,-0.012000000,-0.004000000,-0.001203233,0.002248483,-0.051613778,0.002720835,2.977380037,0.043474528,3.020854565,3.040210118,0.152282926,0.015011586,0.025137639,0.020056258,-0.002879239,-0.018936518,0.149403687,-0.003924932,-0.002893566,0.148085720,0.166228187,-0.017726120,0.152297253,-0.152010652,-0.016824500,0.013801187,1,0.547748786,0,0,0.000000000,0.000000000,0.000000000,1
55.225663027,-0.008000000,0.004000000,0.002815199,0.020890911,-0.044955876,-0.001007596,2.927870989,-0.025799968,2.902071021,2.921426573,0.138635051,0.057702792,0.024335093,0.020815766,0.006198774,0.010321437,0.144833826,0.068024229,-0.003021712,0.186425196,0.161905875,0.023820255,0.147855538,-0.118400967,-0.017072049,0.044203974,1,2.991481182,0,0,0.000000000,0.000000000,0.000000000,1
55.329659309,-0.004000000,0.004000000,0.004862557,0.039328884,-0.045222115,-0.001806614,2.903298616,0.133748826,3.037047443,3.056402995,0.152109525,0.113956913,0.025127138,0.023018727,0.042350358,0.049589242,0.194459883,0.163546154,-0.003679838,0.229287079,0.158797114,0.079241199,0.198139721,-0.065740924,0.035662769,0.084304955,1,10.093029453,0,0,0.000000000,0.000000000,0.000000000,1
55.381651915,-0.052000000,-0.040003690,0.005732836,0.049138894,-0.030309213,-0.001807121,2.942023039,-0.028106503,2.913916536,2.933272088,0.105023522,0.137920837,0.022589807,0.024294476,-0.011329152,-0.043004215,0.093694370,0.094916622,-0.005673534,0.273756198,0.171361401,0.148733831,0.099367904,-0.178839575,-0.077667031,-0.053817208,1,10.582165082,0,0,-0.000000000,-0.000000000,-0.000000000,1
55.485654240,-0.048000000,-0.040000000,0.000972716,0.096118516,0.024551911,0.001388675,2.966819525,0.002570814,2.969390339,2.988745891,-0.070015835,0.289536912,0.021190143,0.035189718,-0.008869421,-0.019635173,-0.078885256,0.269901739,-0.008222451,0.321533549,0.142091271,0.172632254,-0.070662806,-0.051631810,-0.220976527,0.097269485,0,69.640855993,0,0,0.000000000,0.000000000,0.000000000,1
55.589640932,-0.044000000,-0.032000000,-0.003488118,0.171007660,0.064499348,0.005649734,2.970592022,-0.015523876,2.955068145,2.974423698,-0.200907597,0.522034639,0.028348521,0.055903503,-0.019243318,0.030419215,-0.220150915,0.552453854,-0.009932537,0.364126404,0.144775013,0.211159601,-0.210218378,0.188327451,-0.364925928,0.341294253,0,134.441932088,0,0,0.000000000,0.000000000,0.000000000,1
55.693637299,-0.040000000,-0.032000000,-0.003361677,0.208107683,0.064233012,0.001122406,2.946896553,-0.061892901,2.885003652,2.904359204,-0.195010927,0.603629571,0.027933718,0.063589988,0.016592700,-0.010199770,-0.178418227,0.593429801,-0.010874232,0.400865743,0.146341898,0.243001086,-0.167543995,0.192564058,-0.324760124,0.350428715,0,96.267446008,0,0,0.000000000,0.000000000,0.000000000,1
55.801633680,-0.032000000,-0.020000000,0.000131747,0.208215430,0.048518971,0.000325174,2.976962328,0.025041453,3.002003781,3.021359333,-0.145258628,0.626039680,0.024718428,0.065721053,0.006854852,0.016309348,-0.138403776,0.642349029,-0.011606491,0.428178419,0.148323825,0.266326087,-0.126797286,0.214170610,-0.286727602,0.376022942,0,78.283126056,0,0,0.000000000,0.000000000,0.000000000,1
55.901644485,-0.028000000,-0.016000000,0.000772002,0.197802867,0.032806318,0.000325175,2.958888054,0.000282281,2.959170335,2.978525887,-0.094794998,0.586294626,0.022132802,0.061946863,-0.002038955,0.148041557,-0.096833953,0.734336184,-0.011565622,0.451321271,0.150422539,0.284419051,-0.085268332,0.283014913,-0.247256492,0.449917133,0,72.308116013,0,0,0.000000000,0.000000000,0.000000000,1
56.005646908,-0.024000000,-0.016000000,0.002790993,0.196612279,0.023751572,-0.003669568,2.913766146,-0.056881300,2.856884846,2.876240398,-0.059881960,0.551215106,0.020877224,0.058637709,-0.030952212,0.006064630,-0.090834172,0.557279736,-0.012194357,0.472624157,0.152247108,0.300078721,-0.078639815,0.084655579,-0.243081280,0.257201016,0,41.996544328,0,0,0.000000000,0.000000000,0.000000000,1
56.113643346,-0.020000000,-0.004000000,0.001022935,0.196815128,0.021620965,-0.001272743,2.968208075,-0.003701984,2.964506090,2.983861642,-0.061062983,0.579686592,0.020911405,0.061321819,-0.022230512,0.055454702,-0.083293494,0.635141294,-0.011686015,0.489907250,0.156697441,0.312784848,-0.071607480,0.145234044,-0.239990936,0.322356446,0,40.499297903,0,0,0.000000000,0.000000000,0.000000000,1
56.217639797,-0.016000000,-0.004000000,0.001171833,0.199939805,0.021620965,-0.000740116,2.958779812,-0.006974350,2.951805462,2.971161014,-0.060361859,0.587998729,0.020891040,0.062108172,-0.000232286,-0.025947463,-0.060594146,0.562051266,-0.011944921,0.503828419,0.159973467,0.320868140,-0.048649225,0.058222847,-0.220567612,0.241183127,1,25.978843733,0,0,0.000000000,0.000000000,0.000000000,1
56.321624262,-0.012000000,-0.004000000,0.001017799,0.198799794,0.014696744,0.000058835,2.967527390,-0.021824015,2.945703374,2.965058926,-0.040294116,0.585778536,0.020401867,0.061898020,-0.030589335,-0.049019017,-0.070883452,0.536759519,-0.012659832,0.517535412,-0.022873516,0.448568992,-0.058223619,0.019224108,-0.048009936,0.088190527,1,3.943391783,0,0,0.000000000,0.000000000,0.000000000,1
56.425626741,-0.008000000,0.004000000,-0.002451112,0.200563612,0.011500950,0.001390414,2.929105282,0.024182310,2.953287592,2.972643144,-0.041204451,0.596428320,0.020420041,0.062906815,0.002266037,-0.068584168,-0.038938414,0.527844152,-0.012171089,0.526729093,-0.043729313,0.484991571,-0.026767325,0.001115059,0.004790899,0.042852580,1,0.360975352,0,0,0.000000000,0.000000000,0.000000000,1
56.529623234,-0.004000000,0.012000000,-0.000335179,0.200214258,0.006707258,-0.000207482,2.932516813,-0.057551177,2.874965636,2.894321188,-0.020246763,0.575012608,0.020102222,0.060880169,0.039345576,-0.004639488,0.019098812,0.570373121,-0.012942860,0.533087308,-0.039893490,0.499793653,0.032041672,0.037285812,0.058992302,0.070579468,1,6.440425766,0,0,0.000000000,0.000000000,0.000000000,1
56.629619741,-0.004000000,0.008000000,-0.002411077,0.196360571,0.005641994,0.000857784,2.967509985,-0.056994330,2.910515655,2.929871207,-0.023438589,0.574007109,0.020136874,0.060785209,-0.008961577,0.077509426,-0.032400166,0.651516535,-0.014532142,0.538908889,-0.015872339,0.519004462,-0.017868024,0.112607645,-0.016527827,0.132512072,1,3.942627020,0,0,0.000000000,0.000000000,0.000000000,1
56.685616262,-0.048000000,-0.040000000,-0.003648159,0.198212166,0.004576731,0.004586208,2.964342356,-0.012255366,2.952086990,2.971442542,-0.024280589,0.598678440,0.020146848,0.063120193,0.009231992,0.021750037,-0.015048597,0.620428476,-0.015697608,0.544823903,-0.021271580,0.557072950,0.000649011,0.075604573,0.006222983,0.063355526,1,0.838601374,0,0,0.000000000,0.000000000,0.000000000,1
56.785612796,-0.048000000,-0.036000000,-0.004384821,0.202289227,0.004843045,0.001124098,2.957787275,-0.023823084,2.933964191,2.953319743,-0.027074228,0.596807413,0.020182422,0.062942759,0.027529414,-0.020970511,0.000455186,0.575836902,-0.015427806,0.550025841,-0.014340483,0.569989429,0.015882992,0.025811061,0.014795669,0.005847473,1,0.355511778,0,0,0.000000000,0.000000000,0.000000000,1
56.893609345,-0.040000000,-0.024000000,0.000222996,0.202593555,0.003245149,-0.003136960,2.953660011,0.058809296,3.012469307,3.031824859,-0.009104142,0.600856870,0.020020711,0.063326849,-0.020124500,0.107728708,-0.029228642,0.708585578,-0.014403344,0.553074870,-0.005579794,0.569726454,-0.014825298,0.155510708,-0.023648848,0.138859124,1,4.596746757,0,0,0.000000000,0.000000000,0.000000000,1
56.993614907,-0.040000000,-0.028000000,0.003201296,0.203458556,0.005908310,-0.000473798,2.954425573,-0.060963476,2.893462097,2.912817650,-0.007832644,0.587328704,0.020015332,0.062044742,0.025682768,-0.038913502,0.017850125,0.548415202,-0.014302626,0.558191202,-0.009599037,0.600104036,0.032152750,-0.009776000,0.027449162,-0.051688834,1,1.724677050,0,0,0.000000000,0.000000000,0.000000000,1
57.097611484,-0.036000000,-0.028000000,0.002574023,0.205342658,0.003771632,-0.002071729,2.971420050,0.055883058,3.027303108,3.046658660,-0.003625526,0.615362714,0.020003286,0.064704812,-0.019541191,0.011079585,-0.023166717,0.626442299,-0.013622435,0.560278085,0.004612314,0.584574713,-0.009544282,0.066164214,-0.027779031,0.041867586,1,1.551241239,0,0,0.000000000,0.000000000,0.000000000,1
57.205614074,-0.028000000,-0.016000000,0.002703328,0.201282862,0.000304558,-0.002070161,2.955986738,0.056184210,3.012170949,3.031526501,0.007225506,0.600062711,0.020013048,0.063251502,-0.013667848,-0.097288599,-0.006442342,0.502774111,-0.013865795,0.562439110,-0.003731591,0.590375560,0.007423453,-0.059664998,-0.002710751,-0.087601448,1,1.498717652,0,0,-0.000000000,-0.000000000,-0.000000000,1
57.309613677,-0.024000000,-0.016000000,0.000578415,0.203935304,0.015484576,0.000326685,2.972444296,0.077897897,3.050342192,3.069697745,-0.045468891,0.623068964,0.020510344,0.065438134,-0.000058674,-0.093251987,-0.045527565,0.529816977,-0.015196498,0.565517008,-0.003132712,0.566794091,-0.030331067,-0.035700030,-0.042394853,-0.036977114,1,3.037354270,0,0,-0.000000000,-0.000000000,-0.000000000,1
57.413616295,-0.016000000,-0.008000000,-0.004837106,0.240069259,0.051969890,0.004854059,2.955748558,0.040563979,2.996312537,3.015668090,-0.170211513,0.733866807,0.026262513,0.076063164,-0.055919919,-0.036694201,-0.226131432,0.697172606,-0.015661829,0.565676006,-0.015522260,0.553525379,-0.210469603,0.131496600,-0.210609172,0.143647227,0,51.221761543,0,0,0.000000000,0.000000000,0.000000000,1
57.517612926,-0.016000000,0.000000000,-0.003672234,0.255592418,0.057296205,0.000859307,2.962699413,-0.013326461,2.949372952,2.968728504,-0.179818666,0.756371781,0.026895121,0.078236710,0.023188023,0.124158489,-0.156630643,0.880530270,-0.015249234,0.562845363,-0.011295839,0.544133541,-0.141381409,0.317684907,-0.145334804,0.336396729,1,34.176247151,0,0,0.000000000,0.000000000,0.000000000,1
57.617615570,-0.012000000,-0.004000000,-0.000811554,0.256883661,0.056497265,0.000060369,2.974058390,0.006889818,2.980948208,3.000303760,-0.170834621,0.765936845,0.026302940,0.079161812,-0.013545998,-0.181799008,-0.184380618,0.584137837,-0.015793535,0.554058169,-0.057584740,0.596948848,-0.168587083,0.030079668,-0.126795878,-0.012811010,1,15.506019412,0,0,-0.000000000,-0.000000000,-0.000000000,1
57.721609228,-0.012000000,0.004000000,-0.003307603,0.238170149,0.048241455,0.002989842,2.961086988,-0.003875926,2.957211062,2.976566614,-0.152441444,0.713160992,0.025147245,0.074067442,0.010857299,0.097366803,-0.141584145,0.810527795,-0.016593033,0.541222813,-0.097337616,0.575007499,-0.124991112,0.269304982,-0.044246529,0.235520296,1,9.806042274,0,0,0.000000000,0.000000000,0.000000000,1
57.825605900,-0.008000000,0.004000000,-0.004986801,0.219933975,0.025600124,0.003522598,2.932167292,-0.063688712,2.868478579,2.887834131,-0.087737939,0.640980394,0.021839859,0.067145801,0.006951544,0.080068252,-0.080786395,0.721048646,-0.016526812,0.522409925,-0.109577284,0.604136696,-0.064259583,0.198638722,0.028790889,0.116911950,1,3.294207362,0,0,0.000000000,0.000000000,0.000000000,1
57.929602585,-0.004000000,0.012000000,-0.001493493,0.203215374,0.025600124,0.000060489,2.931971788,-0.082340116,2.849631673,2.868987225,-0.077206830,0.579261336,0.021438492,0.061281620,-0.022280173,-0.017467161,-0.099487003,0.561794175,-0.015253751,0.502964703,-0.092569847,0.607605540,-0.084233252,0.058829472,-0.006917156,-0.045811365,1,0.467300900,0,0,-0.000000000,-0.000000000,-0.000000000,1
57.981593284,-0.052000000,-0.040000000,0.000269989,0.199670706,0.018675901,-0.001803724,2.948092461,0.030060335,2.978152795,2.997508348,-0.054815619,0.589278106,0.020737587,0.062229309,-0.027361994,0.028444311,-0.082177613,0.617722417,-0.014918108,0.481967494,-0.092293122,0.568742695,-0.067259505,0.135754923,0.010115509,0.048979722,1,0.608135615,0,0,0.000000000,0.000000000,0.000000000,1
58.085589996,-0.048000000,-0.040000000,0.000321378,0.190872305,0.024534859,0.000326805,2.964149952,0.021329429,2.985479381,3.004834933,-0.072288847,0.570821000,0.021266330,0.060484429,-0.000726411,0.046611079,-0.073015259,0.617432080,-0.014500884,0.458463333,-0.085105500,0.552017517,-0.058514375,0.158968747,0.012090241,0.065414562,1,1.077040148,0,0,0.000000000,0.000000000,0.000000000,1
58.189586722,-0.044000000,-0.032000000,-0.001979761,0.180800696,0.020806430,0.001125755,2.976718426,-0.061778588,2.914939838,2.934295390,-0.066420376,0.530304661,0.021074076,0.056676541,-0.001209415,-0.010625917,-0.067629792,0.519678744,-0.015009297,0.435570319,-0.078409540,0.540179521,-0.052620494,0.084108425,0.010779749,-0.020500778,1,0.259086365,0,0,0.000000000,0.000000000,0.000000000,1
58.293589461,-0.040000000,-0.024000000,-0.002689160,0.166127888,0.012284316,0.002457333,2.973227978,0.041496731,3.014724709,3.034080261,-0.045140910,0.508238030,0.020503098,0.054617387,-0.008821340,-0.094519778,-0.053962249,0.413718252,-0.015178896,0.412151699,-0.070948558,0.505946658,-0.038783353,0.001566553,0.016986309,-0.092228406,1,2.490083635,0,0,0.000000000,0.000000000,0.000000000,1
58.397592214,-0.036000000,-0.024000000,-0.001654713,0.155108855,0.010686418,0.000593121,2.955107212,-0.041040381,2.914066831,2.933422383,-0.035962881,0.453725966,0.020320760,0.049585003,-0.023869145,0.129774630,-0.059832027,0.583500596,-0.013529448,0.386938729,-0.060861573,0.449549223,-0.046302579,0.196561867,0.001029547,0.133951373,1,5.102752284,0,0,0.000000000,0.000000000,0.000000000,1
58.501594980,-0.032000000,-0.024000000,0.002984668,0.139585275,0.005093779,-0.001271092,2.964395046,-0.068909213,2.895485833,2.914841385,-0.006106902,0.400486759,0.020009321,0.044764902,0.033719614,-0.052052814,0.027612712,0.348433944,-0.012214870,0.360593831,-0.055495905,0.458573258,0.039827583,-0.012159887,0.083108618,-0.110139314,1,14.552012937,0,0,0.000000000,0.000000000,0.000000000,1
58.605591760,-0.028000000,-0.016000000,0.004451579,0.128348188,0.004561148,-0.003401621,2.946405888,0.043878923,2.990284810,3.009640363,-0.000327642,0.373625822,0.020000027,0.042378798,-0.005058477,0.019691195,-0.005386120,0.393317017,-0.011692336,0.338474033,-0.019444840,0.392767954,0.006306216,0.054842984,0.014058720,0.000549063,1,0.302911194,0,0,0.000000000,0.000000000,0.000000000,1
58.709594553,-0.024000000,-0.016000000,0.002593512,0.117758817,0.004294832,-0.001004776,2.982642174,0.012868431,2.995510604,3.014866157,-0.005096322,0.349737969,0.020006492,0.040288540,-0.020081813,-0.020667580,-0.025178135,0.329070389,-0.011222521,0.311141408,-0.010520110,0.361447777,-0.013955614,0.017928981,-0.014658025,-0.032377389,1,0.765217347,0,0,-0.000000000,-0.000000000,-0.000000000,1
58.813597359,-0.020000000,-0.008000000,0.000506238,0.102639834,-0.001039515,0.001925872,2.996231318,0.037339076,3.033570394,3.052925946,0.004689153,0.317207430,0.020005496,0.037499407,-0.000571977,-0.000923101,0.004117175,0.316284328,-0.010742705,0.289156412,-0.013056810,0.319579257,0.014859881,0.027127916,0.017173985,-0.003294928,1,0.456655463,0,0,0.000000000,0.000000000,0.000000000,1
58.917594178,-0.016000000,-0.008000000,-0.000763734,0.096865983,0.000025749,0.001659556,2.928389311,-0.032109008,2.896280303,2.915635855,-0.002286564,0.285357579,0.020001307,0.034846657,0.003418874,0.018778142,0.001132310,0.304135721,-0.010635164,0.265790362,-0.004347200,0.289474266,0.011767474,0.038345359,0.005479510,0.014661455,1,0.160816913,0,0,0.000000000,0.000000000,0.000000000,1
59.021591011,-0.012000000,0.000000000,-0.000002105,0.091466166,0.005618389,0.000327975,2.954804659,0.026738914,2.981543573,3.000899125,-0.016757748,0.273688232,0.020070083,0.033897677,0.014651478,-0.045262797,-0.002106270,0.228425435,-0.010038770,0.245679285,0.002079680,0.267805121,0.007932501,-0.017253849,-0.004185950,-0.039379685,1,0.909098867,0,0,-0.000000000,-0.000000000,-0.000000000,1
59.125593856,-0.008000000,0.000000000,0.001547110,0.080424101,-0.000240566,-0.001003606,2.950042486,0.045250509,2.995292996,3.014648548,0.005354615,0.237887653,0.020007167,0.031079018,0.039175169,0.007705609,0.044529784,0.245593262,-0.008232003,0.224596260,0.005578073,0.229271329,0.052761787,0.020997002,0.038951711,0.016321934,1,2.522177845,0,0,0.000000000,0.000000000,0.000000000,1
59.229596715,-0.004000000,0.008000000,0.005152090,0.063868119,-0.006105100,-0.003131979,2.944633722,0.031941661,2.976575383,2.995930935,0.033507877,0.180785698,0.020278752,0.026959872,-0.043287600,-0.024874620,-0.009779723,0.155911078,-0.007712328,0.204691749,0.024792131,0.207272693,-0.002067396,-0.048780671,-0.034571855,-0.051361615,1,3.925234346,0,0,-0.000000000,-0.000000000,-0.000000000,1
59.281602587,-0.052000000,-0.036000000,0.004644721,0.060162740,-0.007969313,0.000063816,2.923841715,-0.086681410,2.837160305,2.856515858,0.035788037,0.170872393,0.020317673,0.026305394,0.013594481,0.009672990,0.049382518,0.180545383,-0.008164317,0.185220290,0.016522847,0.158224117,0.057546835,-0.004674907,0.032859671,0.022321266,1,2.064128690,0,0,0.000000000,0.000000000,0.000000000,1
59.385605472,-0.048000000,-0.036000000,0.000363888,0.053357328,0.006944391,0.003792239,2.947750568,0.036231685,2.983982253,3.003337805,-0.019636104,0.170533294,0.020096163,0.026283380,0.027195177,0.021256982,0.007559073,0.191790276,-0.009102176,0.165794023,0.031134068,0.142634161,0.016661248,0.025996253,-0.023574996,0.049156116,1,3.001615245,0,0,0.000000000,0.000000000,0.000000000,1
59.489602370,-0.044000000,-0.036000000,-0.004725473,0.062742203,0.005346494,0.003525924,2.950934887,-0.060455301,2.890479586,2.909835138,-0.029112815,0.191546669,0.020210778,0.027692982,-0.016002456,-0.018750977,-0.045115271,0.172795692,-0.008753153,0.144989986,0.026270330,0.137287889,-0.036362118,0.027805707,-0.071385601,0.035507804,1,8.806763703,0,0,0.000000000,0.000000000,0.000000000,1
59.593596281,-0.040000000,-0.028000000,-0.000597859,0.044477445,-0.010366157,-0.000202504,2.952022314,-0.014805014,2.937217301,2.956572853,0.028691614,0.130045125,0.020204754,0.023856180,-0.014746322,0.037217436,0.013945292,0.167262560,-0.007786562,0.128884802,0.003956983,0.126767713,0.021731854,0.038377758,0.009988309,0.040494848,1,1.803952509,0,0,0.000000000,0.000000000,0.000000000,1
59.697599204,-0.036000000,-0.020000000,0.004203343,0.024798731,-0.014893532,-0.003131983,2.955466747,-0.030886215,2.924580532,2.943936085,0.055850347,0.063366150,0.020765178,0.020979816,0.011740091,0.008808856,0.067590438,0.072175006,-0.007864999,0.112570264,0.011751936,0.121324863,0.075455436,-0.040395259,0.055838501,-0.049149857,1,7.478364808,0,0,0.000000000,0.000000000,0.000000000,1
59.801596141,-0.032000000,-0.020000000,0.002375550,0.042753715,0.071126573,0.001661705,2.931412458,-0.079184684,2.852227775,2.871583327,-0.196093578,0.126682894,0.028009408,0.023674576,-0.057502063,0.013601528,-0.253595641,0.140284422,-0.008094154,0.096978204,0.036714660,0.077516106,-0.245501487,0.043306217,-0.290310301,0.062768316,0,85.716508134,0,0,0.000000000,0.000000000,0.000000000,1
59.905605090,-0.028000000,-0.020000000,-0.000839496,0.137247002,0.119329803,0.001395363,2.965365410,0.045838942,3.011204352,3.030559904,-0.361854317,0.417480494,0.041344715,0.046291464,-0.017125300,0.097570880,-0.378979616,0.515051374,-0.007010923,0.077663583,0.043660498,0.052519871,-0.371968693,0.437387791,-0.422640114,0.462531503,0,164.351437335,0,0,0.000000000,0.000000000,0.000000000,1
60.009602052,-0.024000000,-0.012000000,0.001096916,0.126063860,0.087371863,-0.002066715,2.961648226,0.041801977,3.003450203,3.022805755,-0.259122509,0.372419249,0.032732931,0.042272461,0.016898821,0.052558652,-0.242223688,0.424977901,-0.004779081,0.048019879,0.048859153,0.015186722,-0.237444607,0.376958022,-0.291082840,0.409791179,0,115.082140366,0,0,0.000000000,0.000000000,0.000000000,1
60.113605026,-0.020000000,-0.012000000,0.004401683,0.064040386,0.047690764,-0.001001450,2.953114033,-0.002527038,2.950586995,2.969942547,-0.127728198,0.186001865,0.023730675,0.027312395,-0.004992675,0.063612935,-0.132720874,0.249614800,-0.001788258,0.008306791,0.055799369,-0.028137924,-0.130932616,0.241308009,-0.188520242,0.277752725,0,65.231509023,0,0,0.000000000,0.000000000,0.000000000,1
60.221608014,-0.012000000,0.000000000,0.007063568,0.028942615,0.033301428,-0.004194720,2.961669445,0.031607253,2.993276699,3.012632251,-0.078537173,0.074077298,0.021486760,0.021327786,-0.001340335,-0.028509536,-0.079877508,0.045567762,-0.000554980,-0.032084425,0.059633520,-0.073563174,-0.079322529,0.077652187,-0.139511029,0.119130935,1,18.817563028,0,0,0.000000000,0.000000000,0.000000000,1
60.321611013,-0.012000000,-0.004000000,0.003017304,0.007957208,0.033301428,0.001397913,2.951072216,0.021896338,2.972968554,2.992324106,-0.090033750,0.027812480,0.021933097,0.020192458,0.014822852,-0.020213498,-0.075210897,0.007598982,-0.000809325,-0.076674563,-0.036302494,-0.028849331,-0.074401572,0.084273545,-0.038908404,0.036448313,1,3.082410891,0,0,0.000000000,0.000000000,0.000000000,1
60.425614026,-0.008000000,0.004000000,-0.000826422,-0.003626570,0.035698272,0.002196864,2.975345135,0.064048367,3.039393502,3.058749054,-0.111012917,-0.004345438,0.022874411,0.020004720,-0.008637347,0.012895266,-0.119650265,0.008549828,-0.000522565,-0.119237000,-0.051072494,-0.059223311,-0.119127700,0.127786828,-0.068577771,0.067773139,1,11.615431501,0,0,0.000000000,0.000000000,0.000000000,1
60.529614051,-0.004000000,0.004000000,0.000351170,-0.020190720,0.037828811,0.001131597,2.921463013,-0.041267756,2.880195257,2.899550809,-0.107942922,-0.054893996,0.022727005,0.020739660,0.000585952,-0.019717073,-0.107356970,-0.074611069,0.000593366,-0.167878833,-0.073323739,-0.081050240,-0.107950336,0.093267764,-0.034033230,0.006439171,1,1.419345086,0,0,0.000000000,0.000000000,0.000000000,1
60.581611088,-0.052000000,-0.040000000,0.001228637,-0.027826170,0.034366690,-0.001265242,2.958623648,-0.028443635,2.930180013,2.949535565,-0.097100460,-0.085243075,0.022232521,0.021740833,0.001834905,-0.002195269,-0.095265555,-0.087438344,0.002991583,-0.213969155,-0.081169709,-0.132379102,-0.098257138,0.126530811,-0.014095846,0.044940759,1,2.847751846,0,0,0.000000000,0.000000000,0.000000000,1
60.685608137,-0.048000000,-0.040000000,0.005008848,-0.051945461,0.009332979,-0.000199984,2.959413528,0.119931869,3.079345397,3.098700949,-0.013315494,-0.160573837,0.020044277,0.025648383,0.013368683,-0.023187812,0.000053188,-0.183761648,0.004416749,-0.267076534,-0.079925754,-0.171562671,-0.004363561,0.083314886,0.079978942,-0.012198977,1,8.849160534,0,0,0.000000000,0.000000000,0.000000000,1
60.789611199,-0.044000000,-0.032000000,0.006291754,-0.115360581,-0.048723944,-0.003928418,2.971818924,0.088125115,3.059944039,3.079299591,0.168344956,-0.365017661,0.026141925,0.041621856,-0.006384663,0.052883949,0.161960293,-0.312133712,0.005518027,-0.317263081,-0.039502493,-0.232238592,0.156442265,0.005129368,0.201462786,-0.079895120,0,43.904683589,0,0,0.000000000,0.000000000,0.000000000,1
60.893614274,-0.040000000,-0.032000000,0.004423458,-0.186657103,-0.073495187,0.001134181,2.909132004,0.120022458,3.029154462,3.048510014,0.236027610,-0.561977589,0.030936877,0.059650550,-0.043237796,-0.031134555,0.192789814,-0.593112144,0.004966699,-0.363396023,-0.035172452,-0.279891111,0.187823115,-0.229716121,0.227962266,-0.313221032,0,59.628656847,0,0,0.000000000,0.000000000,0.000000000,1
61.001611360,-0.032000000,-0.020000000,0.001724137,-0.203480675,-0.059380170,0.000068912,2.974039555,-0.008233120,2.965806435,2.985161987,0.181223547,-0.603279916,0.026989252,0.063556798,0.011909035,0.047798085,0.193132582,-0.555481831,0.005606943,-0.397656413,-0.030542761,-0.320130727,0.187525639,-0.157825418,0.223675344,-0.235351104,0,45.861526379,0,0,0.000000000,0.000000000,0.000000000,1
61.101608459,-0.032000000,-0.016000000,0.002489879,-0.194520743,-0.039944824,-0.000196868,2.968088627,-0.084292429,2.883796198,2.903151750,0.122373033,-0.561525908,0.023446782,0.059607998,-0.012876435,0.116470218,0.109496599,-0.445055690,0.007243983,-0.423079965,-0.024584003,-0.352261003,0.102252616,-0.021975725,0.134080602,-0.092794687,1,13.532908970,0,0,0.000000000,0.000000000,0.000000000,1
61.205605570,-0.028000000,-0.016000000,0.005293547,-0.182404774,-0.027427966,0.000335766,2.966697931,-0.024987574,2.941710357,2.961065910,0.096257213,-0.535594285,0.022195822,0.057171780,-0.001984288,0.029756496,0.094272924,-0.505837790,0.006877832,-0.448445046,0.066511161,-0.405628241,0.087395092,-0.057392744,0.027761764,-0.100209549,1,3.012537332,0,0,0.000000000,0.000000000,0.000000000,1
61.309596693,-0.024000000,-0.008000000,0.002672948,-0.185681149,-0.023433223,-0.000196863,2.958036661,-0.077447306,2.880589355,2.899944908,0.075201158,-0.535438223,0.021367081,0.057157160,-0.022516588,0.002770539,0.052684570,-0.532667683,0.006815620,-0.467501441,0.083942989,-0.458237204,0.045868951,-0.065166242,-0.031258418,-0.074430479,1,2.470776055,0,0,-0.000000000,-0.000000000,-0.000000000,1
61.413593828,-0.016000000,-0.008000000,0.000075242,-0.188500871,-0.018373214,0.003797881,2.980700016,-0.035575445,2.945124571,2.964480123,0.054333001,-0.543973315,0.020724882,0.057957482,0.020541353,-0.094133490,0.074874354,-0.638106805,0.005629990,-0.483454835,0.073697908,-0.501386730,0.069244364,-0.154651970,0.001176446,-0.136720075,1,4.141557704,0,0,0.000000000,0.000000000,0.000000000,1
61.521584976,-0.012000000,0.004000000,-0.000066334,-0.189392953,-0.017307950,-0.000196861,2.984238863,0.056173102,3.040411965,3.059767517,0.052421617,-0.576431138,0.020675596,0.061014167,-0.034542248,0.093880837,0.017879369,-0.482550301,0.006405926,-0.496353975,0.080198651,-0.558120971,0.011473443,0.013803673,-0.062319282,0.075570669,1,6.798625702,0,0,0.000000000,0.000000000,0.000000000,1
61.625576136,-0.008000000,0.004000000,0.002252487,-0.193349838,-0.015178693,-0.000994931,2.958571196,-0.103219555,2.855351641,2.874707193,0.049772149,-0.554922656,0.020610014,0.058986367,0.004419492,0.031079127,0.054191641,-0.523843528,0.006395092,-0.508904730,0.061491728,-0.558429812,0.047796549,-0.014938799,-0.007300088,0.034586284,1,0.336158345,0,0,0.000000000,0.000000000,0.000000000,1
61.729579308,-0.004000000,0.004000000,0.002279352,-0.198061954,-0.016776588,0.000070335,2.950737953,-0.050008137,2.900729816,2.920085369,0.055276132,-0.574320193,0.020749807,0.060814775,-0.011912274,0.019490896,0.043363859,-0.554829297,0.005456393,-0.520264449,0.062550563,-0.566359652,0.037907466,-0.034564848,-0.019186705,0.011530355,1,0.569344047,0,0,0.000000000,0.000000000,0.000000000,1
61.829582493,-0.004000000,0.008000000,0.001218477,-0.198257890,-0.012515532,0.000869283,2.947836637,0.039059876,2.986896514,3.006252066,0.041022063,-0.589579342,0.020416368,0.062257835,0.022590817,0.023148342,0.063612880,-0.566431000,0.006133850,-0.528847933,0.060748535,-0.579403845,0.057479030,-0.037583066,0.002864345,0.012972845,1,0.046051993,0,0,0.000000000,0.000000000,0.000000000,1
61.881579690,-0.052000000,-0.044000000,0.003277749,-0.196322441,-0.005324995,-0.003658093,2.971189499,-0.107081549,2.864107950,2.883463502,0.024639189,-0.572765837,0.020151201,0.060668007,0.017694035,-0.033814772,0.042333224,-0.606580608,0.007110285,-0.535890816,0.068755433,-0.587504484,0.035222939,-0.070689792,-0.026422209,-0.019076124,1,1.150722740,0,0,-0.000000000,-0.000000000,-0.000000000,1
61.985582899,-0.048000000,-0.036000000,0.006201867,-0.194686949,-0.008787107,-0.003125461,2.977324009,0.075891763,3.053215772,3.072571325,0.045764570,-0.603963970,0.020516919,0.063621732,-0.012186892,0.097909878,0.033577679,-0.506054092,0.006653328,-0.543733638,0.061832307,-0.605627013,0.026924350,0.037679546,-0.028254629,0.099572922,1,3.096994179,0,0,0.000000000,0.000000000,0.000000000,1
62.093586120,-0.040000000,-0.032000000,0.002786315,-0.198638156,-0.007988158,0.001135598,2.996294022,-0.023617169,2.972676853,2.992032405,0.032029026,-0.587111283,0.020254841,0.062024161,-0.002916781,-0.029546781,0.029112245,-0.616658064,0.005822987,-0.547673118,0.056152818,-0.591609331,0.023289258,-0.068984946,-0.027040573,-0.025048732,1,1.247763708,0,0,-0.000000000,-0.000000000,-0.000000000,1
62.197589353,-0.036000000,-0.024000000,0.000158849,-0.196136445,-0.004259732,-0.000462299,2.947332144,0.108277631,3.055609775,3.074965327,0.013501461,-0.600729044,0.020045521,0.063314721,-0.028929225,-0.049657531,-0.015427764,-0.650386575,0.005768543,-0.551817725,0.050816427,-0.607018539,-0.021196306,-0.098568850,-0.066244191,-0.043368036,1,7.196728604,0,0,-0.000000000,-0.000000000,-0.000000000,1
62.301592598,-0.032000000,-0.024000000,0.000905498,-0.197522629,-0.003727099,-0.000994931,2.969060421,0.022302514,2.991362935,3.010718487,0.013857779,-0.593838071,0.020047952,0.062661284,-0.011670869,-0.005244402,0.002186910,-0.599082473,0.006658221,-0.557310390,0.031485435,-0.627535970,-0.004471310,-0.041772083,-0.029298524,0.028453497,1,1.490912731,0,0,0.000000000,0.000000000,0.000000000,1
62.405595855,-0.024000000,-0.016000000,0.003653938,-0.201125253,-0.008787107,-0.000462298,2.961093664,-0.031111153,2.929982512,2.949338064,0.036452043,-0.590648000,0.020329474,0.062359046,0.008499162,-0.064292087,0.044951205,-0.654940087,0.005567762,-0.562418853,0.023624335,-0.628114153,0.039383443,-0.092521234,0.021326870,-0.026825934,1,0.841125357,0,0,0.000000000,0.000000000,0.000000000,1
62.505599124,-0.028000000,-0.020000000,0.000008529,-0.203330106,-0.003993416,-0.000462299,2.954088211,-0.030656264,2.923431947,2.942787499,0.011699412,-0.595773227,0.020034190,0.062844708,-0.003554288,0.052915458,0.008145124,-0.542857769,0.005759522,-0.566022737,0.036922070,-0.643665094,0.002385602,0.023164967,-0.028776946,0.100807325,1,3.243965742,0,0,0.000000000,0.000000000,0.000000000,1
62.613602405,-0.016000000,-0.008000000,0.000585548,-0.201795250,-0.002388194,-0.000457082,2.911404133,0.000548378,2.911952511,2.931308063,0.008659395,-0.588949186,0.020018738,0.062198163,0.032069450,-0.106372783,0.040728845,-0.695321969,0.004491227,-0.569088192,0.030248276,-0.627640744,0.036237618,-0.126233777,0.010480568,-0.067681225,1,1.074172528,0,0,0.000000000,0.000000000,0.000000000,1
62.717605698,-0.012000000,0.000000000,0.000726010,-0.199282900,-0.005850304,-0.001788664,2.962567806,-0.076250421,2.886317386,2.905672938,0.018981328,-0.580356352,0.020089871,0.061385136,0.002918681,0.074308365,0.021900009,-0.506047986,0.005652818,-0.571078071,0.039272178,-0.650289254,0.016247191,0.065030084,-0.017372169,0.144241267,1,4.652256048,0,0,0.000000000,0.000000000,0.000000000,1
62.817615002,-0.016000000,-0.004000000,0.002110291,-0.226678488,-0.039139826,-0.000989718,2.952967167,0.031734009,2.984701176,3.004056729,0.123119273,-0.679521561,0.023485816,0.070834282,-0.030325113,0.072465562,0.092794160,-0.607055999,0.004447363,-0.573280114,0.036272314,-0.621703646,0.088346797,-0.033775884,0.056521846,0.014647647,1,4.061901986,0,0,0.000000000,0.000000000,0.000000000,1
62.921624317,-0.012000000,0.004000000,-0.001166735,-0.251247243,-0.062309328,0.000075545,2.957098722,-0.053566751,2.903531971,2.922887523,0.177529475,-0.729285057,0.026742609,0.075621207,-0.012526651,0.097989177,0.165002824,-0.631295880,0.005679095,-0.572399889,0.060303547,-0.621966151,0.159323729,-0.058895991,0.104699277,-0.009329729,1,11.192335145,0,0,0.000000000,0.000000000,0.000000000,1
63.029621645,0.000000000,0.008000000,0.002223957,-0.253541897,-0.055651426,-0.003652876,2.917155266,-0.040043289,2.877111976,2.896467529,0.166513958,-0.739978160,0.026024392,0.076652963,0.038327223,-0.022820786,0.204841180,-0.762798946,0.006423398,-0.565560120,0.093886251,-0.622263360,0.198417783,-0.197238826,0.110954930,-0.140535586,1,15.353115235,0,0,0.000000000,0.000000000,0.000000000,1
63.133624983,0.000000000,0.016000000,-0.000114352,-0.237035476,-0.046327960,-0.000187634,2.960156441,-0.109426930,2.850729510,2.870085063,0.131742495,-0.676258919,0.023949130,0.070521353,-0.011776205,0.027861240,0.119966290,-0.648397680,0.004968443,-0.554149913,0.130736676,-0.642598069,0.114997847,-0.094247767,-0.010770386,-0.005799611,1,0.135736647,0,0,-0.000000000,-0.000000000,-0.000000000,1
63.185628333,-0.048000000,-0.036000000,-0.003548231,-0.225289349,-0.032745834,0.001942895,2.944765091,0.111828488,3.056593579,3.075949131,0.089245206,-0.682679335,0.021900846,0.071137267,-0.003527182,0.032739215,0.085718024,-0.649940120,0.003331078,-0.534784118,0.130228728,-0.632274935,0.082386946,-0.115156002,-0.044510704,-0.017665185,1,2.560895002,0,0,-0.000000000,-0.000000000,-0.000000000,1
63.289637694,-0.044000000,-0.036000000,-0.006801093,-0.205467312,-0.015435289,0.001676578,2.912775993,-0.001293754,2.911482239,2.930837792,0.025138306,-0.593333103,0.020157365,0.062613431,-0.004163406,-0.027654752,0.020974900,-0.620987855,0.004103417,-0.513281266,0.120670314,-0.620059469,0.016871483,-0.107706588,-0.099695414,-0.000928385,1,14.306365240,0,0,-0.000000000,-0.000000000,-0.000000000,1
63.393647067,-0.040000000,-0.028000000,-0.003995173,-0.190817429,-0.015168974,0.001143947,2.921842813,-0.001926652,2.919916161,2.939271713,0.032626564,-0.553830664,0.020264376,0.058883648,0.003982902,-0.057148283,0.036609466,-0.610978947,0.001299655,-0.492148877,0.081839540,-0.602349255,0.035309811,-0.118830070,-0.045230074,-0.008629692,1,3.057511920,0,0,-0.000000000,-0.000000000,-0.000000000,1
63.497644450,-0.036000000,-0.028000000,-0.008062296,-0.179037201,-0.020764558,0.002208077,2.955608606,-0.021590884,2.934017722,2.953373274,0.037268662,-0.518819783,0.020344275,0.055603414,-0.010152265,-0.076694566,0.027116397,-0.595514349,0.002103814,-0.468703278,0.070706888,-0.589729262,0.025012583,-0.126811070,-0.043590491,-0.005785086,1,2.859546456,0,0,-0.000000000,-0.000000000,-0.000000000,1
63.597647845,-0.032000000,-0.024000000,-0.003878996,-0.171733214,-0.010378229,-0.000987711,2.952315807,-0.002743538,2.949572269,2.968927821,0.019169959,-0.509452853,0.020091662,0.054730449,0.029749828,-0.042332384,0.048919788,-0.551785236,0.002399717,-0.445617540,0.059991793,-0.574350797,0.046520071,-0.106167696,-0.011072005,0.022565561,1,0.308659013,0,0,0.000000000,0.000000000,0.000000000,1
63.701651250,-0.032000000,-0.024000000,-0.000651340,-0.153038418,-0.008780335,-0.002585612,2.942846775,0.060269123,3.003115898,3.022471450,0.024412313,-0.467357000,0.020148439,0.050835280,-0.000462826,0.045420646,0.023949487,-0.421936354,0.002508276,-0.420222173,0.061711461,-0.551228969,0.021441211,-0.001714181,-0.037761974,0.129292615,1,6.645514017,0,0,0.000000000,0.000000000,0.000000000,1
63.805654667,-0.028000000,-0.016000000,-0.002811002,-0.148016646,-0.008780335,0.000077548,2.934747219,-0.071401712,2.863345507,2.882701059,0.017092263,-0.423600752,0.020072903,0.046844167,0.003476616,0.044820313,0.020568879,-0.378780439,0.001543573,-0.399121170,0.052553915,-0.495219902,0.019025306,0.020340732,-0.031985036,0.116439463,1,5.729261921,0,0,0.000000000,0.000000000,0.000000000,1
63.909658094,-0.024000000,-0.016000000,-0.005786674,-0.145693471,-0.014635811,0.000345568,2.915610075,-0.002467990,2.913142085,2.932497637,0.025778791,-0.423419093,0.020165452,0.046827741,-0.050091742,-0.000817377,-0.024312951,-0.424236470,0.002162349,-0.375272228,0.045692157,-0.440001931,-0.026475300,-0.048964242,-0.070005108,0.015765462,1,7.521260025,0,0,0.000000000,0.000000000,0.000000000,1
64.013667532,-0.020000000,-0.008000000,-0.006288698,-0.131246562,-0.010907385,0.002209775,2.946873665,-0.021694443,2.925179222,2.944534774,0.013510486,-0.377455728,0.020045581,0.042716838,-0.005890766,-0.057442181,0.007619720,-0.434897909,0.001849784,-0.354012328,0.024734248,-0.418265014,0.005769936,-0.080885581,-0.017114529,-0.016632895,1,0.555468500,0,0,-0.000000000,-0.000000000,-0.000000000,1
64.117664981,-0.016000000,0.000000000,-0.003990702,-0.117290013,-0.003983165,-0.001784966,2.909270048,0.039181981,2.948452029,2.967807581,-0.000022223,-0.351086863,0.020000000,0.040405691,-0.005144300,-0.042468280,-0.005166523,-0.393555143,0.003618653,-0.332405053,0.026128007,-0.406705181,-0.008785176,-0.061150090,-0.031294530,0.013150038,1,1.570787714,0,0,0.000000000,0.000000000,0.000000000,1
64.225668440,-0.008000000,0.004000000,-0.001671532,-0.108771751,-0.003983165,-0.001784966,2.967268467,0.006888426,2.974156893,2.993512445,0.006875159,-0.328813022,0.020011813,0.038486102,0.021526810,-0.010559689,0.028401969,-0.339372711,0.004153503,-0.309178832,0.020819479,-0.385461041,0.024248466,-0.030193879,0.007582490,0.046088330,1,1.043010940,0,0,0.000000000,0.000000000,0.000000000,1
64.329662910,-0.004000000,0.012000000,-0.004890289,-0.092358848,0.002142107,0.000878196,2.961651087,0.045179346,3.006830432,3.026185985,-0.021145220,-0.275066808,0.020111469,0.034009080,0.025289284,-0.010261433,0.004144063,-0.285328242,0.001907663,-0.286011134,0.028758532,-0.352808343,0.002236401,0.000682892,-0.024614468,0.067480102,1,3.334581668,0,0,0.000000000,0.000000000,0.000000000,1
64.433666391,0.000000000,0.012000000,-0.010273424,-0.081256856,0.004538953,0.004606622,2.896836758,-0.004921541,2.891915217,2.911270769,-0.042836137,-0.221665977,0.020453590,0.029855620,0.005591393,-0.027113002,-0.037244745,-0.248778979,0.001050262,-0.264253311,0.024130028,-0.311790036,-0.038295007,0.015474332,-0.061374773,0.063011057,1,8.162940720,0,0,0.000000000,0.000000000,0.000000000,1
64.485669882,-0.048000000,-0.032000000,-0.010670295,-0.080139170,0.000013352,0.001410365,2.942133427,-0.048810559,2.893322868,2.912678420,-0.030911239,-0.227787854,0.020237466,0.030312919,-0.002822791,0.019616035,-0.033734029,-0.208171819,0.000934457,-0.244067724,0.006635783,-0.268453433,-0.034668486,0.035895905,-0.040369813,0.060281614,1,4.890139617,0,0,0.000000000,0.000000000,0.000000000,1
64.589667384,-0.044000000,-0.032000000,-0.007640470,-0.071644308,0.005339674,0.000877732,2.937977552,-0.096736607,2.841240945,2.860596497,-0.036879715,-0.201064893,0.020337186,0.028359671,-0.029670419,-0.018080256,-0.066550134,-0.219145149,0.001089400,-0.222233296,-0.002801076,-0.231340543,-0.067639534,0.003088147,-0.063749058,0.012195394,1,6.205885673,0,0,0.000000000,0.000000000,0.000000000,1
64.693670896,-0.040000000,-0.032000000,-0.005473826,-0.060522271,0.005872307,0.000611418,2.942773342,-0.044138576,2.898634766,2.917990318,-0.032888295,-0.173659681,0.020268606,0.026487296,0.008979800,0.012644958,-0.023908496,-0.161014723,0.002427646,-0.203075927,-0.019946948,-0.215417667,-0.026336142,0.042061205,-0.003961548,0.054402944,1,2.514352657,0,0,0.000000000,0.000000000,0.000000000,1
64.797662419,-0.036000000,-0.024000000,-0.003544178,-0.061562500,-0.018362461,-0.003117008,2.897561073,-0.074822669,2.822738404,2.842093956,0.041828136,-0.182573331,0.020432717,0.027080070,0.013871741,-0.014746026,0.055699877,-0.197319356,0.002225936,-0.186728864,-0.015280140,-0.182285900,0.053473941,-0.010590492,0.070980017,-0.015033457,1,7.737941226,0,0,0.000000000,0.000000000,0.000000000,1
64.897659952,-0.032000000,-0.028000000,-0.003051175,-0.073651031,-0.015166669,-0.000453847,2.974175215,-0.055345268,2.918829946,2.938185499,0.035363066,-0.216299536,0.020310231,0.029459377,0.021500484,0.019905577,0.056863550,-0.196393960,0.002788169,-0.168766215,0.019008600,-0.178471941,0.054075381,-0.027627744,0.037854951,-0.017922019,1,2.414692061,0,0,0.000000000,0.000000000,0.000000000,1
65.005657495,-0.024000000,-0.016000000,-0.004941247,-0.048609231,0.007733985,0.001404478,2.975125790,-0.026026102,2.949099688,2.968455240,-0.037380523,-0.139211523,0.020346327,0.024367981,0.012346881,-0.004127041,-0.025033642,-0.143338564,0.001681400,-0.151438276,0.039518005,-0.173480533,-0.026715042,0.008099711,-0.064551647,0.030141969,1,7.121129545,0,0,0.000000000,0.000000000,0.000000000,1
65.109655050,-0.024000000,-0.016000000,-0.007996551,-0.024515101,0.015723625,0.001404500,2.952781439,0.013386439,2.966167878,2.985523430,-0.070358025,-0.068549922,0.021201474,0.021142160,0.012603925,-0.028051095,-0.057754100,-0.096601017,0.001505759,-0.134061466,0.023063770,-0.149546111,-0.059259859,0.037460449,-0.080817870,0.052945094,1,12.399047414,0,0,0.000000000,0.000000000,0.000000000,1
65.213652614,-0.020000000,-0.008000000,-0.007790629,-0.016758451,0.016788889,0.001670816,2.965093374,-0.032975846,2.932117528,2.951473080,-0.072070034,-0.044238719,0.021258902,0.020483424,-0.033674744,-0.000463474,-0.105744778,-0.044702193,0.001681841,-0.119218040,0.000215302,-0.115346379,-0.107426619,0.074515847,-0.105960080,0.070644186,1,22.055089947,0,0,0.000000000,0.000000000,0.000000000,1
65.317650189,-0.016000000,-0.008000000,-0.004998526,-0.011560162,0.013326782,-0.003122870,2.952036381,0.042359098,2.994395478,3.013751031,-0.054873220,-0.043966807,0.020739110,0.020477568,0.018655613,0.016174077,-0.036217607,-0.027792730,0.002825799,-0.104447112,-0.031291493,-0.075932174,-0.039043406,0.076654382,-0.004926114,0.048139444,1,3.116386458,0,0,0.000000000,0.000000000,0.000000000,1
65.421647774,-0.012000000,0.000000000,-0.002013085,-0.009460786,0.012261517,0.000072918,2.959969282,-0.045290184,2.914679098,2.934034650,-0.041605885,-0.027362620,0.020428179,0.020186310,-0.007285353,-0.030173216,-0.048891237,-0.057535836,0.001796702,-0.091875758,-0.028669641,-0.050496473,-0.050687939,0.034339922,-0.020221596,-0.007039363,1,0.682984211,0,0,-0.000000000,-0.000000000,-0.000000000,1
65.525651370,-0.008000000,0.008000000,-0.005481276,-0.008629643,0.007734142,0.001670818,2.946397066,-0.037422259,2.908974807,2.928330359,-0.038443316,-0.020243047,0.020366121,0.020102184,-0.004167919,0.022004272,-0.042611234,0.001761224,0.002047825,-0.082853471,-0.029375801,-0.050325742,-0.044659059,0.084614696,-0.013235433,0.052086966,1,4.000376002,0,0,0.000000000,0.000000000,0.000000000,1
65.629660976,0.000000000,0.008000000,-0.005687510,-0.008459945,0.007467827,0.001937133,2.948576212,-0.034697815,2.913878397,2.933233949,-0.038333051,-0.019006683,0.020364043,0.020090110,-0.011653842,0.013932345,-0.049986893,-0.005074338,0.003096069,-0.074725134,-0.027351257,-0.027551307,-0.053082962,0.069650797,-0.022635635,0.022476970,1,1.478442543,0,0,0.000000000,0.000000000,0.000000000,1
65.677658592,-0.052000000,-0.040000000,-0.004653833,-0.008931114,0.002940453,0.001404500,2.973745346,0.040032823,3.013778169,3.033133722,-0.022887493,-0.022683546,0.020130533,0.020128225,-0.002602432,0.006179966,-0.025489925,-0.016503581,0.003866399,-0.067888882,-0.029005804,-0.015453464,-0.029356325,0.051385301,0.003515879,-0.001050117,1,0.020595892,0,0,0.000000000,0.000000000,0.000000000,1
65.785665219,-0.048000000,-0.036000000,-0.002942150,-0.008127924,0.000543605,-0.004188139,2.917236328,0.021615490,2.938851819,2.958207371,-0.010244116,-0.036195083,0.020026218,0.020324882,-0.009970310,0.000938461,-0.020214426,-0.035256622,0.004317442,-0.059274427,-0.021121896,-0.015333632,-0.024531868,0.024017805,0.000907470,-0.019922990,1,0.539852710,0,0,0.000000000,0.000000000,0.000000000,1
65.885665856,-0.048000000,-0.040000000,-0.006386057,0.012861013,0.043408770,0.012856448,2.948839188,-0.012453628,2.936385559,2.955741112,-0.146216811,0.075516381,0.024774857,0.021378195,0.035684998,0.016917294,-0.110531813,0.092433675,0.003883140,-0.051223655,-0.014405459,-0.023961984,-0.114414953,0.143657330,-0.096126354,0.116395659,1,28.113599899,0,0,0.000000000,0.000000000,0.000000000,1
65.989669502,-0.044000000,-0.032000000,-0.018832442,0.033929615,0.024500327,0.012590132,2.935871840,0.010685018,2.946556858,2.965912410,-0.127682467,0.137073079,0.023728214,0.024246449,0.017597746,-0.017741464,-0.110084722,0.119331615,0.004129765,-0.049213596,-0.035533621,0.021738233,-0.114214487,0.168545211,-0.074551101,0.097593382,1,17.021261446,0,0,0.000000000,0.000000000,0.000000000,1
66.097667159,-0.036000000,-0.028000000,-0.009842165,0.004333770,-0.001598774,0.000073262,2.957515001,0.029451964,2.986966965,3.006322517,-0.024622739,0.013163658,0.020151000,0.020043274,0.020717477,0.003136863,-0.003905263,0.016300521,0.007401911,-0.048353839,-0.052256693,0.050476161,-0.011307174,0.064654361,0.048351430,-0.034175640,1,4.939984044,0,0,0.000000000,0.000000000,0.000000000,1
66.201670826,-0.032000000,-0.020000000,0.003626207,-0.017918691,-0.013849319,-0.006052005,2.930340290,0.109461181,3.039801472,3.059157024,0.053122128,-0.072866158,0.020693468,0.021286023,-0.019229792,-0.007587662,0.033892336,-0.080453820,0.009064293,-0.047507124,-0.024081951,0.028720680,0.024828043,-0.032946696,0.057974288,-0.109174500,1,20.247486432,0,0,0.000000000,0.000000000,0.000000000,1
66.305674503,-0.028000000,-0.012000000,0.006552686,-0.014186832,-0.001871024,-0.005253942,2.952388763,0.001032972,2.953421735,2.972777288,0.024878770,-0.057416805,0.020154144,0.020807857,0.001860775,-0.009806676,0.026739545,-0.067223481,0.011663729,-0.044814202,0.007450087,-0.024202970,0.015075816,-0.022409279,0.019289458,-0.043020511,1,3.015017347,0,0,0.000000000,0.000000000,0.000000000,1
66.409678189,-0.024000000,-0.012000000,0.007045965,-0.006041687,0.000525938,-0.004987609,2.933617830,-0.074381236,2.859236594,2.878592146,0.018642297,-0.031535367,0.020086696,0.020247093,-0.010341049,-0.012537580,0.008301248,-0.044072947,0.013326550,-0.043031863,0.023287658,-0.049602660,-0.005025302,-0.001041084,-0.014986410,0.005529713,1,0.396536645,0,0,0.000000000,0.000000000,0.000000000,1
66.513681886,-0.020000000,-0.012000000,0.005056661,-0.005146803,-0.001604589,-0.002590766,2.882175207,0.001827253,2.884002460,2.903358012,0.019211063,-0.022315167,0.020092054,0.020124107,-0.005117539,0.033612492,0.014093524,0.011297325,0.014629727,-0.042846050,0.025346880,-0.054081742,-0.000536203,0.054143375,-0.011253356,0.065379067,1,5.858505310,1,0,-0.002588545,-0.000391475,-0.000008599,1
66.617679592,-0.016000000,-0.004000000,0.004567575,-0.010465227,-0.005599333,-0.001791817,2.870092869,0.026297552,2.896390421,2.915745973,0.029447335,-0.035501184,0.020215624,0.020312640,-0.002938689,-0.008131927,0.026508647,-0.043633111,0.013886725,-0.039942785,0.028520851,-0.028426558,0.012621922,-0.003690325,-0.002012205,-0.015206553,1,0.321835226,1,0,0.001891547,-0.000142967,0.000006362,1
66.717683308,-0.012000000,0.000000000,-0.000099307,-0.002382485,0.000788601,0.000602853,2.829593420,-0.083592080,2.746001340,2.765356892,-0.002438196,-0.004886874,0.020001486,0.020005969,-0.062069964,0.023195726,-0.064508160,0.018308853,0.013870140,-0.037516919,0.033445666,-0.041948487,-0.078378301,0.055825772,-0.097953826,0.060257340,1,20.626341151,1,0,-0.001641597,-0.002039375,0.000000422,1
66.821681034,-0.012000000,0.000000000,-0.002638941,-0.000731987,0.000522285,0.002733381,2.838099957,-0.054234437,2.783865519,2.803221072,-0.008800430,0.005571613,0.020019353,0.020007759,0.001695535,0.028402145,-0.007104895,0.033973758,0.013804135,-0.035584917,0.006171589,-0.022018118,-0.020909030,0.069558675,-0.013276484,0.055991875,1,4.897785177,1,0,-0.002564437,-0.000526827,-0.000003235,1
66.925678770,-0.008000000,0.000000000,-0.000018195,-0.002165530,0.000255969,0.001135485,2.753257275,-0.075443552,2.677813722,2.697169275,-0.000734159,-0.002758270,0.020000135,0.020001902,-0.006769362,0.029203756,-0.007503520,0.026445485,0.015251849,-0.033698917,0.008476681,-0.001202433,-0.022755369,0.060144403,-0.015980201,0.027647919,1,1.582008041,1,0,-0.002297632,-0.001090405,-0.000004000,1
67.033676515,0.000000000,0.012000000,0.005273760,-0.004694359,-0.002140877,-0.002060309,2.755168676,0.070349782,2.825518458,2.844874010,0.020950191,-0.019085440,0.020109428,0.020090857,0.019915073,-0.026551476,0.040865265,-0.045636916,0.015790769,-0.031603867,0.008710281,0.010942283,0.025074496,-0.014033049,0.032154984,-0.056579199,1,6.723025237,1,0,0.002363869,0.001125167,0.000003885,1
67.085674270,-0.048000000,-0.040000000,0.005610376,-0.003008793,0.004517028,-0.000462414,2.750822544,0.023376822,2.774199366,2.793554918,0.003033166,-0.009629819,0.020002300,0.020023170,-0.030793367,-0.009532640,-0.027760201,-0.019162459,0.015534519,-0.028100363,0.024860969,-0.010615700,-0.043294720,0.008937904,-0.052621170,-0.008546759,1,4.898962965,1,0,0.000492977,-0.002515179,-0.000002401,1
67.189672034,-0.044000000,-0.032000000,0.003911082,0.004296888,0.004246499,0.000334312,2.683327913,-0.043306123,2.640021791,2.659377343,-0.000885507,0.012226470,0.020000196,0.020037337,0.028199010,-0.041130168,0.027313503,-0.028903698,0.015226814,-0.027519197,0.011475106,-0.017434654,0.012086689,-0.001384501,0.015838398,-0.011469044,1,0.660095654,1,0,0.000571079,0.000645441,-0.000000836,1
67.289675808,-0.044000000,-0.036000000,0.002028076,0.000011535,-0.003742986,0.001665893,2.641092777,-0.043152843,2.597939934,2.617295487,0.014992874,0.004357855,0.020056118,0.020004747,0.029745818,0.016474854,0.044738692,0.020832709,0.014541969,-0.027047925,0.018367525,-0.026823679,0.030196723,0.047880634,0.026371167,0.047656389,1,5.163360078,1,0,-0.002046393,0.000891300,0.000001597,1
67.393673592,-0.040000000,-0.028000000,0.001303344,-0.005972637,-0.002416290,0.000598260,2.619181633,-0.000766560,2.618415073,2.637770625,0.009739545,-0.014072350,0.020023701,0.020049447,0.018345090,-0.013164003,0.028084635,-0.027236353,0.013819636,-0.025415648,0.028502952,-0.014212454,0.014264999,-0.001820705,-0.000418318,-0.013023900,1,0.298809170,1,0,0.000486470,-0.000007148,0.000000022,1
67.501659385,-0.028000000,-0.016000000,0.000973958,-0.000257796,0.004774245,0.002728789,2.594093561,0.097529650,2.691623211,2.710978763,-0.010228940,0.006650983,0.020026141,0.020011056,0.000985064,-0.004837682,-0.009243876,0.001813301,0.014852340,-0.022964701,0.034610754,-0.020146994,-0.024096216,0.024778003,-0.043854630,0.021960295,1,4.445652780,1,0,-0.000710974,-0.001159879,-0.000001916,1
67.605651188,-0.024000000,-0.016000000,0.004152359,0.006611074,0.005573194,-0.001265954,2.504394054,0.034782400,2.539176454,2.558532006,-0.003607751,0.013572203,0.020003254,0.020045998,-0.000594331,0.035861018,-0.004202082,0.049433222,0.015802649,-0.021443857,0.027407675,-0.016172317,-0.020004731,0.070877079,-0.031609757,0.065605538,1,9.800834719,1,0,-0.001741766,-0.000690697,0.000000430,1
67.705646001,-0.028000000,-0.020000000,0.005315996,0.007780338,0.010899517,-0.000200691,2.471997499,-0.044147493,2.427850006,2.447205558,-0.013555951,0.018402248,0.020045888,0.020084482,0.016924761,0.028777788,0.003368810,0.047180036,0.015486815,-0.019340118,0.023447472,0.001272170,-0.012118005,0.066520154,-0.020078662,0.045907866,1,4.686834172,1,0,-0.001089747,-0.000391785,0.000000791,1
67.809649823,-0.024000000,-0.012000000,0.003045029,0.007294309,0.006634856,0.002993169,2.430947304,-0.046222161,2.384725142,2.404080695,-0.008560751,0.024532807,0.020018313,0.020149903,0.014499483,0.017873377,0.005938732,0.042406184,0.015365808,-0.018494220,0.019125971,0.014396677,-0.009427077,0.060900404,-0.013187240,0.028009506,1,1.809902849,1,0,-0.000621451,-0.000242773,0.000000492,1
67.913653656,-0.020000000,-0.012000000,0.001881524,0.003204101,0.002906447,0.001661592,2.430490255,-0.048369957,2.382120298,2.401475850,-0.002441489,0.011590666,0.020001490,0.020033558,0.002953179,0.001256821,0.000511689,0.012847487,0.015355622,-0.017765842,0.018623605,0.023092593,-0.014843933,0.030613329,-0.018111916,-0.010245106,1,0.845811975,1,0,0.000217762,-0.000310241,-0.000001457,1
68.017657497,-0.016000000,-0.004000000,0.005911646,-0.001923723,-0.000555664,-0.001534201,2.336139202,0.003294284,2.339433486,2.358789038,0.015129840,-0.008089584,0.020057146,0.020016354,-0.018884270,-0.001130298,-0.003754430,-0.009219882,0.016402676,-0.018907706,0.016935830,0.019230993,-0.020157107,0.009687825,-0.020690260,-0.028450875,1,2.422675452,1,0,0.000551368,-0.000321019,-0.000002269,1
68.121667349,-0.008000000,0.004000000,0.008400457,-0.007794309,-0.006148303,-0.002066832,2.310895920,0.035668804,2.346564724,2.365920276,0.034139609,-0.023139805,0.020289286,0.020133418,0.010473736,-0.008828763,0.044613345,-0.031968569,0.017276775,-0.020199358,0.015464086,0.012767466,0.027336571,-0.011769211,0.029149259,-0.044736035,1,5.571079259,1,0,0.000788892,0.000410393,-0.000000952,1
68.225671210,-0.004000000,0.004000000,0.010893516,-0.006888309,-0.006148303,-0.004197363,2.256373167,0.027568801,2.283941968,2.303297521,0.038922525,-0.025319031,0.020375221,0.020159626,-0.003316319,0.021295928,0.035606206,-0.004023104,0.017695983,-0.020772792,0.021562243,0.001735307,0.017910222,0.016749688,0.014043963,-0.005758411,1,0.451734139,1,0,0.000092889,0.000171721,0.000000225,1
68.329675080,-0.004000000,0.004000000,0.009909642,-0.007888513,-0.007481168,-0.004464135,2.208880663,0.026632024,2.235512687,2.254868239,0.038877377,-0.027614502,0.020374359,0.020189740,0.015031188,-0.018753332,0.053908565,-0.046367834,0.017391194,-0.022110919,0.025595832,-0.000490144,0.036517371,-0.024256915,0.028312733,-0.045877689,1,5.726576845,1,0,0.000690480,0.000316770,-0.000000991,1
68.381678959,-0.048000000,-0.040000000,0.010005232,-0.008475151,-0.002154845,-0.002067290,2.194614410,-0.040902881,2.153711530,2.173067082,0.026189299,-0.022705376,0.020170741,0.020128471,-0.026444244,0.058575165,-0.000254946,0.035869789,0.015630877,-0.020655184,0.031875555,-0.010517373,-0.015885823,0.056524973,-0.032130501,0.046387161,1,6.376336764,1,0,-0.000665105,-0.000339002,0.000000877,1
68.485682848,-0.048000000,-0.040000000,0.006177768,-0.000412423,0.005302006,0.000862189,2.145723581,-0.026998296,2.118725285,2.138080837,0.001855498,0.000952930,0.020000861,0.020000227,-0.014720649,-0.055197322,-0.012865151,-0.054244391,0.014300947,-0.018747366,0.024611434,0.000390837,-0.027166098,-0.035497025,-0.037476585,-0.054635229,1,8.928720926,1,0,0.000791000,-0.000423921,-0.000003964,1
68.589686746,-0.040000000,-0.032000000,0.003971706,0.004620651,0.002372529,0.000063240,2.073635578,0.064308453,2.137944031,2.157299583,0.003418950,0.010013897,0.020002922,0.020025054,0.031352395,-0.019066163,0.034771345,-0.009052266,0.013897441,-0.018508794,0.019060558,-0.010507416,0.020873903,0.009456529,0.015710787,0.001455150,1,0.514707400,1,0,-0.000020734,0.000171106,0.000000449,1
68.697690653,-0.036000000,-0.028000000,0.006338950,0.000536128,0.000504482,-0.002599548,2.037234783,-0.075890368,1.961344416,1.980699968,0.011443401,-0.004047077,0.020032711,0.020004094,-0.022243768,0.001841958,-0.010800367,-0.002205119,0.014167582,-0.018727652,0.022278236,-0.012552920,-0.024967949,0.016522533,-0.033078603,0.010347801,1,2.484324834,1,0,-0.000138890,-0.000319314,-0.000000194,1
68.801694569,-0.032000000,-0.020000000,0.009876499,-0.003493807,-0.003490259,-0.002066917,2.000510693,-0.022312514,1.978198178,1.997553731,0.026442097,-0.011000215,0.020174039,0.020030228,-0.005634561,-0.032923534,0.020807536,-0.043923749,0.012992711,-0.018223490,0.016648595,-0.012057753,0.007814824,-0.025700259,0.004158941,-0.031865995,1,2.114123887,1,0,0.000448486,0.000035750,-0.000001750,1
68.905698494,-0.028000000,-0.020000000,0.007497477,-0.004052208,-0.000028150,-0.001001652,1.967280030,-0.014366300,1.952913731,1.972269283,0.014696900,-0.009869752,0.020053927,0.020024338,0.011257971,-0.020521561,0.025954871,-0.030391313,0.012046394,-0.016904001,0.017580362,-0.017406446,0.013908476,-0.013487312,0.008374509,-0.012984867,1,0.492323833,1,0,0.000180952,0.000088430,-0.000000572,1
69.009702428,-0.024000000,-0.012000000,0.004855423,0.001316555,0.003966592,0.000862562,1.907745361,-0.102142752,1.805602609,1.824958161,0.001604875,0.003934620,0.020000644,0.020003870,-0.016316299,-0.015476271,-0.014711425,-0.011541651,0.010521464,-0.015789225,0.018570785,-0.020428691,-0.025232889,0.004247574,-0.033282210,0.008887040,1,2.485551504,1,0,-0.000121282,-0.000356186,-0.000000121,1
69.113706371,-0.016000000,-0.004000000,0.001205025,0.001219759,0.000504483,0.003259407,1.866606355,0.039382443,1.905988798,1.925344350,0.001335227,0.008537239,0.020000446,0.020018213,-0.005761298,-0.004627657,-0.004426071,0.003909582,0.009066145,-0.016453187,0.012768436,-0.019393907,-0.013492217,0.020362769,-0.017194508,0.023303489,1,1.744613454,1,0,-0.000335961,-0.000200441,0.000001105,1
69.217710323,-0.012000000,-0.004000000,0.002504641,-0.002273219,0.000238166,-0.000469019,1.876748562,0.001053716,1.877802278,1.897157830,0.004255992,-0.005149382,0.020004528,0.020006628,-0.018270001,-0.036523438,-0.014014009,-0.041672820,0.009132837,-0.015575088,0.008788584,-0.016253053,-0.023146846,-0.026097732,-0.022802593,-0.025419767,1,2.435895881,1,0,0.000335759,-0.000254216,-0.000001900,1
69.321714283,-0.008000000,0.004000000,0.004645686,-0.001128461,0.002635011,0.001395193,1.786519289,-0.054784083,1.731735206,1.751090758,0.003481957,0.000461910,0.020003031,0.020000053,-0.010889863,0.011390422,-0.007407907,0.011852332,0.008793978,-0.015105931,0.005459944,-0.021110305,-0.016201884,0.026958263,-0.012867850,0.032962637,1,2.607069639,1,0,-0.000400324,-0.000113043,0.000001638,1
69.425718253,-0.004000000,0.004000000,0.003829119,-0.000324280,0.001836063,0.001395194,1.728575826,0.021408012,1.749983837,1.769339389,0.003487817,0.001874083,0.020003041,0.020000878,-0.005270872,-0.019968621,-0.001783056,-0.018094538,0.007715454,-0.016574024,0.003198207,-0.017263077,-0.009498510,-0.001520514,-0.004981263,-0.000831461,1,0.053904349,1,0,0.000010039,-0.000051246,-0.000000130,1
69.525722230,-0.008000000,0.000000000,0.003849761,-0.004397882,-0.000560782,0.000063613,1.643065095,-0.090849995,1.552215100,1.571570652,0.006846112,-0.006727718,0.020011714,0.020011312,-0.007957764,0.001473073,-0.001111651,-0.005254645,0.006858485,-0.018010240,0.000989287,-0.020985901,-0.007970136,0.012755595,-0.002100938,0.015731256,1,0.523509429,1,0,-0.000190548,-0.000016855,0.000000842,1
69.629726217,0.000000000,0.008000000,0.004019870,-0.010157620,-0.004035154,0.000596015,1.647083640,0.063955839,1.711039479,1.730395031,0.013782464,-0.016360283,0.020047433,0.020066803,-0.020986777,-0.006532941,-0.007204313,-0.022893224,0.007264959,-0.018106600,0.000914922,-0.017615621,-0.014469272,-0.004786624,-0.008119234,-0.005277603,1,0.196975798,1,0,0.000070658,-0.000097968,-0.000000537,1
69.681730212,-0.052000000,-0.044000000,0.005779992,-0.008809280,-0.000573044,-0.003931360,1.585346341,0.037218749,1.622565091,1.641920643,0.010308214,-0.020672518,0.020026547,0.020106554,0.025702182,0.037621857,0.036010396,0.016949339,0.008132305,-0.016239535,-0.001997694,-0.016363522,0.027878091,0.033188874,0.038008090,0.033312861,1,5.346070306,1,0,-0.000394324,0.000394739,0.000002850,1
69.785728215,-0.044000000,-0.036000000,0.008717889,-0.002862104,0.006617517,-0.002866113,1.581322312,0.091058940,1.672381252,1.691736804,0.003512623,-0.009579763,0.020003084,0.020022930,-0.025713161,-0.031409216,-0.022200538,-0.040988979,0.007255754,-0.015923552,0.003030438,-0.009297794,-0.029456292,-0.025065427,-0.025230976,-0.031691185,1,3.443330092,1,0,0.000357457,-0.000245336,-0.000002314,1
69.889732227,-0.040000000,-0.028000000,0.009363234,-0.001577447,0.000758563,-0.003665062,1.541654468,0.050516888,1.592171355,1.611526908,0.013700111,-0.008346972,0.020046868,0.020017410,0.007764296,0.012873741,0.021464407,0.004526769,0.006550619,-0.017108231,-0.002012544,-0.014684489,0.014913789,0.021635000,0.023476951,0.019211258,1,1.934985524,1,0,-0.000181851,0.000178687,0.000001326,1
69.997736247,-0.032000000,-0.024000000,0.006307956,-0.008020351,-0.002440199,-0.001266245,1.490896225,-0.027560281,1.463335944,1.482691496,0.012801490,-0.013589409,0.020040928,0.020046115,-0.013325627,0.002919595,-0.000524137,-0.010669814,0.004954543,-0.016771636,-0.001214290,-0.010593387,-0.005478680,0.006101822,0.000690153,-0.000076427,1,0.001018299,1,0,0.000000827,0.000004667,0.000000006,1
70.101734275,-0.032000000,-0.024000000,0.003347387,-0.008866025,-0.001108619,-0.001266245,1.421985388,-0.061734310,1.360251078,1.379606630,0.006061286,-0.013782431,0.020009183,0.020047433,-0.022146639,-0.028271620,-0.016085352,-0.042054051,0.004875631,-0.016480792,-0.004827646,-0.009201077,-0.020960983,-0.025573260,-0.011257706,-0.032852975,1,2.513338487,1,0,0.000313487,-0.000091183,-0.000001963,1
70.205732312,-0.028000000,-0.016000000,0.003462596,-0.007880104,-0.000842302,-0.000467297,1.382459402,0.015605206,1.398064608,1.417420160,0.006018527,-0.011670206,0.020009054,0.020034019,0.032500752,-0.001977526,0.038519279,-0.013647732,0.004197420,-0.016776257,-0.006564719,-0.015848380,0.034321859,0.003128526,0.045083998,0.002200649,1,4.311571415,1,0,-0.000015997,0.000431078,0.000001009,1
70.309736357,-0.020000000,-0.016000000,0.003236816,-0.008946660,-0.003771780,0.000597968,1.385597348,0.002765517,1.388362866,1.407718418,0.009730475,-0.011591015,0.020023657,0.020033560,0.012398639,-0.023580019,0.022129115,-0.035171034,0.002175652,-0.018193823,-0.000816392,-0.017046708,0.019953463,-0.016977211,0.022945506,-0.018124326,1,1.799907259,1,0,0.000195317,0.000214017,-0.000000571,1
70.413734410,-0.016000000,-0.008000000,-0.000681733,-0.012642463,-0.001374961,0.002195854,1.294264793,-0.058812564,1.235452229,1.254807781,0.000856451,-0.012906287,0.020000183,0.020041600,0.002383553,-0.023721195,0.003240004,-0.036627482,0.000684252,-0.016919405,0.001435872,-0.020152796,0.002555752,-0.019708077,0.001804131,-0.016474686,1,0.574221641,1,0,0.000165297,0.000014287,-0.000000808,1
70.517729472,-0.012000000,0.000000000,-0.001956547,-0.008310885,0.002084122,-0.000734276,1.242190838,-0.117070057,1.125120780,1.144476333,-0.004546241,-0.010176899,0.020005166,0.020025876,0.007797151,0.005884496,0.003250910,-0.004292403,0.000361216,-0.016544690,0.001333135,-0.023612748,0.002889694,0.012252287,0.001917775,0.019320345,1,0.789964589,1,0,-0.000211945,0.000022615,0.000001103,1
70.621727542,-0.012000000,0.000000000,-0.001699517,-0.005508974,0.001551489,-0.001000593,1.191276550,0.050185531,1.241462081,1.260817634,-0.004036002,-0.008081380,0.020004072,0.020016321,-0.013410214,0.015697685,-0.017446216,0.007616305,0.000774446,-0.015363487,0.001166826,-0.018910550,-0.018220661,0.022979792,-0.018613041,0.026526854,1,2.206707128,1,0,-0.000334205,-0.000229204,0.000001144,1
70.725737620,-0.008000000,0.000000000,-0.001344404,-0.005527370,0.002616754,-0.001266909,1.175581574,-0.032383947,1.143197628,1.162553180,-0.004528386,-0.007767204,0.020005126,0.020015077,0.007798853,0.001094137,0.003270467,-0.006673067,-0.000874444,-0.015093281,-0.003274280,-0.015060452,0.004144911,0.008420214,0.006544746,0.008387385,1,0.238562777,1,0,-0.000094821,0.000074898,0.000000671,1
70.829741706,-0.004000000,0.008000000,-0.006335120,-0.011376662,-0.000046408,0.001928885,1.087595224,-0.087058865,1.000536360,1.019891912,-0.006292085,-0.009452844,0.020009895,0.020022327,-0.014925275,0.016015824,-0.021217360,0.006562980,-0.000778785,-0.014105925,-0.000938770,-0.012691701,-0.020438574,0.020668904,-0.020278590,0.019254681,1,1.647799923,1,0,-0.000219119,-0.000225837,0.000000545,1
70.881736800,-0.048000000,-0.036000000,-0.005683439,-0.011965948,-0.001111672,0.000330988,1.104980469,-0.078251614,1.026728855,1.046084407,-0.004693965,-0.011945949,0.020005508,0.020035645,0.023420790,0.050304333,0.018726825,0.038358384,-0.000821186,-0.014005319,-0.004813154,-0.008066496,0.019548011,0.052363704,0.023539980,0.046424880,1,5.709455624,1,0,-0.000562689,0.000302460,0.000003743,1
70.985740902,-0.044000000,-0.036000000,-0.005685986,-0.012966735,0.001551489,-0.000467961,1.019442916,0.113398282,1.132841198,1.152196751,-0.008198911,-0.015219376,0.020016798,0.020057824,0.013894081,0.023386438,0.005695170,0.008167061,-0.000487658,-0.012879933,-0.002054626,0.001551732,0.006182828,0.021046994,0.007749796,0.006615330,1,0.219295510,1,0,-0.000077956,0.000096703,0.000000703,1
71.089727013,-0.044000000,-0.028000000,-0.004607535,-0.009158617,0.001815284,0.002195077,0.994630456,0.023859212,1.018489667,1.037845220,-0.006541574,-0.007092293,0.020010695,0.020012571,0.027260128,-0.011836717,0.020718553,-0.018929010,-0.001984503,-0.013026481,-0.003002199,0.003618142,0.022703057,-0.005902530,0.023720752,-0.022547152,1,2.261205632,1,0,0.000224675,0.000229082,-0.000000319,1
71.193719131,-0.036000000,-0.028000000,-0.009411843,-0.012839981,-0.002445774,0.001662444,0.955390751,0.053457533,1.008848285,1.028203837,-0.007027707,-0.011276439,0.020012343,0.020031764,-0.004244099,-0.011473911,-0.011271806,-0.022750350,-0.002948090,-0.014009126,0.000995992,0.001796709,-0.008323716,-0.008741224,-0.012267798,-0.024547059,1,1.590746206,1,0,0.000215066,-0.000105022,-0.000001260,1
71.297723258,-0.032000000,-0.020000000,-0.009714813,-0.016928856,-0.002179458,0.002994025,0.912730694,0.077310979,0.990041673,1.009397226,-0.007460315,-0.013796064,0.020013909,0.020047526,0.015190235,0.013137571,0.007729919,-0.000658492,-0.003243758,-0.012791124,-0.002312335,-0.001228646,0.010973678,0.012132632,0.010042255,0.000570154,1,0.214680236,1,0,-0.000001732,0.000073520,0.000000245,1
71.401721392,-0.028000000,-0.020000000,-0.007331513,-0.015141597,0.001016336,-0.000734401,0.865546405,-0.072584348,0.792962057,0.812317610,-0.006619528,-0.012589064,0.020010952,0.020039582,-0.012205099,-0.007265715,-0.018824627,-0.019854779,-0.003703911,-0.011750110,-0.001676810,0.000127138,-0.015120716,-0.008104669,-0.017147817,-0.019981917,1,1.468048965,1,0,0.000129283,-0.000100884,-0.000000859,1
71.505719535,-0.028000000,-0.012000000,-0.008018227,-0.013609454,-0.000051170,0.001131724,0.832493424,0.030188123,0.862681548,0.882037100,-0.006873033,-0.010764307,0.020011806,0.020028947,0.010846918,0.002263337,0.003973885,-0.008500971,-0.003255266,-0.013073244,-0.002787593,-0.001946659,0.007229151,0.004572273,0.006761477,-0.006554312,1,0.187454135,1,0,0.000054483,0.000052057,-0.000000062,1
71.609723686,-0.024000000,-0.012000000,-0.005584473,-0.019668286,-0.001915383,-0.001797754,0.747315347,0.060873356,0.808188703,0.827544255,-0.002965317,-0.017348611,0.020002198,0.020075103,0.001057018,0.008199498,-0.001908299,-0.009149113,-0.003601115,-0.013102089,-0.000998676,-0.001572345,0.001692817,0.003952976,-0.000909622,-0.007576768,1,0.122605389,1,0,0.000055977,-0.000006089,-0.000000258,1
71.713721845,-0.016000000,-0.004000000,-0.006762995,-0.021216039,-0.005910514,-0.002596253,0.755000472,-0.031772216,0.723228256,0.742583809,-0.000616538,-0.017221722,0.020000095,0.020074010,0.003293926,-0.006673056,0.002677388,-0.023894778,-0.002568866,-0.013362709,0.000774585,-0.001171576,0.005246254,-0.010532070,0.001902803,-0.022723202,1,1.095725325,1,0,0.000163321,0.000013201,-0.000000669,1
71.817720012,-0.012000000,-0.004000000,-0.007985254,-0.019561481,-0.000051559,-0.000732040,0.686186135,0.013608015,0.699794150,0.719149702,-0.005551953,-0.014201288,0.020007705,0.020050356,0.007600336,0.010232942,0.002048383,-0.003968346,-0.004114570,-0.011486285,-0.001711803,-0.003235937,0.006162953,0.007517939,0.003760186,-0.000732409,1,0.031197231,1,0,0.000006874,0.000027323,0.000000073,1
71.921724187,-0.008000000,0.004000000,-0.015851733,-0.015290902,0.001013702,0.006192181,0.662057161,-0.009931748,0.652125414,0.671480966,-0.010998378,-0.005933507,0.020030218,0.020008800,-0.012845890,0.009493758,-0.023844268,0.003560251,-0.005672594,-0.010719862,-0.002718045,-0.002120672,-0.018171674,0.014280113,-0.021126223,0.005680922,1,1.015926409,1,0,-0.000051526,-0.000156888,-0.000000381,1
72.021722370,-0.012000000,0.000000000,-0.015856222,-0.016831298,-0.002179075,0.001933740,0.608237863,-0.003266099,0.604971764,0.624327316,-0.008274288,-0.009012602,0.020017109,0.020020296,-0.001179216,0.018541612,-0.009453504,0.009529010,-0.004310581,-0.011173725,-0.005966668,-0.000106924,-0.005142924,0.020702735,-0.003486836,0.009635934,1,0.222403405,1,0,-0.000078265,-0.000026222,0.000000192,1
72.129733760,-0.004000000,0.004004199,-0.007326103,-0.024329403,-0.009902242,-0.005523113,0.557908475,0.059086449,0.616994924,0.636350477,0.001589464,-0.018418851,0.020000632,0.020084634,-0.005295833,0.009924963,-0.003706369,-0.008493888,-0.001761210,-0.011843113,-0.005048552,0.004062646,-0.001945159,0.003349226,0.001342184,-0.012556533,1,0.336143729,1,0,0.000103139,0.000009162,-0.000000368,1
72.181733760,-0.048000000,-0.040000000,-0.003829677,-0.024455629,-0.005108552,-0.006588377,0.512069881,0.012746337,0.524816218,0.544171770,0.000671174,-0.016292397,0.020000113,0.020066251,-0.007142989,0.010421018,-0.006471815,-0.005871379,-0.002251193,-0.008901812,-0.004493204,0.004460578,-0.004220621,0.003030432,-0.001978611,-0.010331958,1,0.234176821,1,0,0.000078112,-0.000016000,-0.000000447,1
72.285728966,-0.044000000,-0.032000000,-0.010493829,-0.017306597,-0.000581178,-0.001794686,0.438005209,0.010139138,0.448144347,0.467499899,-0.004442299,-0.008560132,0.020004933,0.020018311,-0.005614144,-0.010303493,-0.010056442,-0.018863626,-0.003117089,-0.006482224,-0.003530538,0.007482974,-0.006939354,-0.012381402,-0.006525904,-0.026346600,1,1.565792785,1,0,0.000208712,-0.000055546,-0.000001335,1
72.389724181,-0.040000000,-0.032000000,-0.016139386,-0.008156352,0.003411619,0.002466473,0.423625052,0.010702832,0.434327884,0.453683437,-0.008491547,-0.002471273,0.020018018,0.020001527,0.015518213,0.005867731,0.007026666,0.003396458,-0.003711502,-0.003955072,-0.003666495,0.005621331,0.010738168,0.007351530,0.010693161,-0.002224873,1,0.253802742,1,0,0.000023860,0.000093129,0.000000349,1
72.489723633,-0.044000000,-0.027995770,-0.025869038,-0.000309412,0.001547407,0.003798053,0.377614945,-0.038997706,0.338617239,0.357972791,-0.009283681,0.001181314,0.020021535,0.020000349,-0.025431307,0.012742348,-0.034714988,0.013923662,-0.003917896,-0.003434309,-0.001415105,0.005890273,-0.030797092,0.017357972,-0.033299883,0.008033389,1,2.495096423,1,0,-0.000085093,-0.000299417,-0.000000999,1
72.593727871,-0.040000000,-0.027995762,-0.029420460,0.001134082,0.001281089,0.005395950,0.325507939,-0.039824106,0.285683833,0.305039386,-0.008770936,0.001865525,0.020019223,0.020000870,-0.039739766,0.027682407,-0.048510702,0.029547932,-0.004692197,-0.002445301,-0.006808271,0.009007254,-0.043818505,0.031993232,-0.041702431,0.020540678,1,4.595282946,1,0,-0.000216260,-0.000413959,-0.000000918,1
72.697732117,-0.036000000,-0.027995754,-0.035369321,0.003511484,0.000215826,0.004597003,0.290731996,0.044085656,0.334817653,0.354173205,-0.011914535,0.002714865,0.020035458,0.020001843,-0.041280694,0.015526873,-0.053195229,0.018241737,-0.005234875,-0.002103926,-0.014656248,0.013549779,-0.047960354,0.020345663,-0.038538981,0.004691958,1,3.205825191,1,0,-0.000062678,-0.000421713,-0.000001749,1
72.801727370,-0.032000000,-0.020004747,-0.035481980,0.007637336,-0.000050490,0.000868576,0.259754568,0.022602316,0.282356884,0.301712436,-0.010004325,0.002401703,0.020025006,0.020001442,0.015000755,-0.005288293,0.004996430,-0.002886590,-0.005070289,-0.001633668,-0.020601444,0.015205761,0.010066720,-0.001252923,0.025597875,-0.018092351,1,2.091415398,1,0,0.000188473,0.000254785,0.000000359,1
72.905725631,-0.024000000,-0.012001739,-0.037296167,0.016003458,-0.000050490,-0.002327217,0.210619241,0.000000000,0.000000000,0.019355552,-0.000000000,0.000000000,0.020000000,0.020000000,0.011190921,-0.010357130,0.011190921,-0.010357130,-0.004585611,0.000233463,-0.017067745,0.015021138,0.015776532,-0.010590593,0.028258666,-0.025378267,1,3.078217654,1,0,0.000254182,0.000270299,0.000000133,1
73.009723900,-0.024000000,-0.012000000,-0.035998208,0.025575683,0.003411619,0.000335944,0.200000003,0.000000000,0.000000000,0.019355552,-0.000000000,0.000000000,0.020000000,0.020000000,-0.003571164,-0.010705119,-0.003571164,-0.010705119,-0.004885028,0.001484979,-0.014569465,0.014507421,0.001313864,-0.012190099,0.010998301,-0.025212540,1,1.611758344,1,0,0.000323285,0.000142231,-0.000000797,1
73.113725176,-0.016000000,-0.004000000,-0.035454868,0.028790405,0.001014775,0.000602260,0.200000003,0.000000000,0.000000000,0.019355552,-0.000000000,0.000000000,0.020000000,0.020000000,-0.000503546,0.005857133,-0.000503546,0.005857133,-0.003971073,0.000916658,-0.012070113,0.010785028,0.003467527,0.004940475,0.011566566,-0.004927894,1,0.337659264,1,0,0.000073118,0.000185695,0.000000405,1
73.217729460,-0.016000000,-0.004000000,-0.031351054,0.029237641,0.000215826,-0.002060902,0.200000003,0.000000000,0.000000000,0.019355552,-0.000000000,0.000000000,0.020000000,0.020000000,-0.037358587,0.025369029,-0.037358587,0.025369029,-0.003192731,0.002243875,-0.010901710,0.009242472,-0.034165856,0.023125155,-0.026456877,0.016126557,1,2.048988462,1,0,-0.000250460,-0.000453669,-0.000000670,1
73.325733752,-0.008000000,0.008000000,-0.030227048,0.031477682,0.001014775,-0.001261953,0.200000003,0.000000000,0.000000000,0.019355552,-0.000000000,0.000000000,0.020000000,0.020000000,0.008207927,-0.002144635,0.008207927,-0.002144635,-0.003547816,0.002696330,-0.015248779,0.012827241,0.011755742,-0.004840965,0.023456705,-0.014971875,1,1.653426755,1,0,0.000233809,0.000405424,0.000000488,1
73.425738051,-0.008000000,0.004000000,-0.032398671,0.033406243,0.000748179,0.000337509,0.200000003,0.000000000,0.000000000,0.019355552,-0.000000000,0.000000000,0.020000000,0.020000000,-0.002431595,0.004461303,-0.002431595,0.004461303,-0.003584268,0.002169232,-0.014354390,0.009361209,0.001152674,0.002292071,0.011922795,-0.004899906,1,0.355201463,1,0,0.000074606,0.000202079,0.000000405,1
73.529742357,0.000000000,0.004000000,-0.034544129,0.031043513,-0.000849719,0.003799618,0.200000003,0.000000000,0.000000000,0.019355552,-0.000000000,0.000000000,0.020000000,0.020000000,0.000037413,-0.003758516,0.000037413,-0.003758516,-0.003307717,0.002462521,-0.012407590,0.008040234,0.003345130,-0.006221037,0.012445003,-0.011798750,1,0.628846270,1,0,0.000169095,0.000195293,0.000000050,1
73.581740671,-0.052000000,-0.040000000,-0.032890669,0.030025065,-0.002980248,0.001935405,0.200000003,0.000000000,0.000000000,0.019355552,-0.000000000,0.000000000,0.020000000,0.020000000,0.005409770,0.032469723,0.005409770,0.032469723,-0.003250782,0.001943624,-0.010086880,0.004776325,0.008660552,0.030526099,0.015496650,0.027693398,1,2.152631928,0,0,0.000000000,0.000000000,0.000000000,1
73.685744993,-0.044000000,-0.032000000,-0.027990443,0.034094696,0.000215546,0.001136457,0.200000003,0.000000000,0.000000000,0.019355552,-0.000000000,0.000000000,0.020000000,0.020000000,0.010992477,0.001241887,0.010992477,0.001241887,-0.003674259,0.002524262,-0.007821262,0.009829676,0.014666736,-0.001282375,0.018813739,-0.008587789,1,0.916525246,0,0,0.000000000,0.000000000,0.000000000,1
73.789743321,-0.044000000,-0.032000000,-0.023657687,0.040824113,-0.000583402,0.000603824,0.200000003,0.000000000,0.000000000,0.019355552,-0.000000000,0.000000000,0.020000000,0.020000000,0.007130562,0.044618521,0.007130562,0.044618521,-0.002132494,0.002419924,-0.004024855,0.008790415,0.009263056,0.042198597,0.011155417,0.035828106,1,3.011226982,0,0,0.000000000,0.000000000,0.000000000,1
73.893741657,-0.036000000,-0.024000000,-0.015687302,0.042289576,-0.001116035,-0.000727756,0.200000003,0.000000000,0.000000000,0.019355552,-0.000000000,0.000000000,0.020000000,0.020000000,-0.005258937,0.006774960,-0.005258937,0.006774960,-0.001820423,0.001701485,-0.000866122,0.014261267,-0.003438514,0.005073475,-0.004392816,-0.007486307,1,0.161241141,0,0,-0.000000000,-0.000000000,-0.000000000,1
73.997740001,-0.032000000,-0.024000000,-0.013480411,0.046388286,-0.001382351,0.003266986,0.200000003,0.000000000,0.000000000,0.019355552,-0.000000000,0.000000000,0.020000000,0.020000000,0.009003663,0.010371976,0.009003663,0.010371976,-0.001890302,0.001548754,0.000447223,0.013862934,0.010893966,0.008823222,0.008556440,-0.003490958,1,0.182766079,0,0,0.000000000,0.000000000,0.000000000,1
74.105744351,-0.024000000,-0.012000000,-0.011589309,0.050861648,-0.000317086,0.002468037,0.200000003,0.000000000,0.000000000,0.019355552,-0.000000000,0.000000000,0.020000000,0.020000000,-0.005579039,0.013580627,-0.005579039,0.013580627,-0.002988923,0.001088610,0.001934372,0.013798783,-0.002590116,0.012492017,-0.007513411,-0.000218156,1,0.120750128,0,0,-0.000000000,-0.000000000,-0.000000000,1
74.205748709,-0.028000000,-0.016000000,-0.007338433,0.056402480,-0.001648667,0.001669089,0.200000003,0.000000000,0.000000000,0.019355552,-0.000000000,0.000000000,0.020000000,0.020000000,0.028776701,-0.018131987,0.028776701,-0.018131987,-0.002369749,0.001534398,0.004418077,0.015080161,0.031146450,-0.019666385,0.024358624,-0.033212148,1,3.620251923,0,0,0.000000000,0.000000000,0.000000000,1
74.309753074,-0.024000000,-0.008000000,0.004905720,0.061130438,-0.001382350,-0.001526705,0.200000003,0.000000000,0.000000000,0.019355552,0.000000000,0.000000000,0.020000000,0.020000000,0.013385155,0.007745043,0.013385155,0.007745043,0.000317179,0.000461829,0.010493652,0.008806659,0.013067976,0.007283214,0.002891503,-0.001061617,1,0.020224252,0,0,0.000000000,0.000000000,0.000000000,1
74.413733446,-0.020000000,-0.008000000,0.017359599,0.066845284,-0.002180879,-0.004455399,0.200000003,0.000000000,0.000000000,0.019355552,0.000000000,0.000000000,0.020000000,0.020000000,-0.011699156,0.000310552,-0.011699156,0.000310552,0.000193086,0.000291812,0.010533708,0.010695886,-0.011892242,0.000018740,-0.022232864,-0.010385334,1,1.281375293,0,0,-0.000000000,-0.000000000,-0.000000000,1
74.517731826,-0.012000000,0.000000000,0.020209227,0.076013474,-0.000849299,-0.002058553,0.200000003,0.000000000,0.000000000,0.019355552,0.000000000,0.000000000,0.020000000,0.020000000,0.008202853,0.001426668,0.008202853,0.001426668,0.000952030,0.000567186,0.008488417,0.011281595,0.007250823,0.000859482,-0.000285564,-0.009854928,1,0.207243655,0,0,-0.000000000,-0.000000000,-0.000000000,1
74.621730213,-0.008000000,0.000000000,0.019330766,0.088189442,0.001547547,0.002202505,0.200000003,0.000000000,0.000000000,0.019355552,0.000000000,0.000000000,0.020000000,0.020000000,-0.002205776,0.009338389,-0.002205776,0.009338389,0.000302317,0.001338603,0.009010326,0.011967938,-0.002508093,0.007999785,-0.011216102,-0.002629550,1,0.282149040,0,0,-0.000000000,-0.000000000,-0.000000000,1
74.725733008,-0.004000000,0.008000000,0.019886809,0.097123064,0.002080179,0.003534085,0.200000003,0.000000000,0.000000000,0.019355552,0.000000000,0.000000000,0.020000000,0.020000000,0.002994780,-0.006420718,0.002994780,-0.006420718,0.000498481,0.002167229,0.008855420,0.013060567,0.002496299,-0.008587947,-0.005860640,-0.019481285,1,0.880088914,0,0,-0.000000000,-0.000000000,-0.000000000,1
74.829725416,-0.004000000,0.008000000,0.000220032,-0.009474070,-0.012567210,0.001403556,0.200000003,0.000000000,0.000000000,0.019355552,0.000000000,-0.000000000,0.020000000,0.020000000,-0.012219335,-0.021198796,-0.012219335,-0.021198796,0.001059303,-0.025062225,0.009394180,-0.033405298,-0.013278638,0.003863429,-0.021613515,0.012206502,1,1.280012724,0,0,0.000000000,0.000000000,0.000000000,1
74.881681832,-0.052000000,-0.036000000,0.000009591,0.000225463,-0.001115615,0.000071976,0.200000003,0.000000000,0.000000000,0.019355552,0.000000000,0.000000000,0.020000000,0.020000000,0.003302638,0.017730792,0.003302638,0.017730792,0.001386175,-0.028366511,0.007665465,-0.035276115,0.001916463,0.046097303,-0.004362827,0.053006907,1,5.983882712,0,0,0.000000000,0.000000000,0.000000000,1
74.985680256,-0.048000000,-0.036000000,-0.000000125,0.000019393,-0.000050351,0.000604608,0.200000003,0.000000000,0.000000000,0.019355552,0.000000000,0.000000000,0.020000000,0.020000000,-0.038635207,0.010393849,-0.038635207,0.010393849,0.000866284,-0.028346021,0.009111745,-0.027494201,-0.039501490,0.038739870,-0.047746951,0.037888051,1,7.768588117,0,0,0.000000000,0.000000000,0.000000000,1
75.089666687,-0.044000000,-0.028000000,-0.000000020,0.000019303,0.000215966,0.000071976,0.200000003,0.000000000,0.000000000,0.019355552,-0.000000000,0.000000000,0.020000000,0.020000000,-0.000287135,-0.007989937,-0.000287135,-0.007989937,0.001026798,-0.027151078,0.001897133,-0.022806455,-0.001313932,0.019161140,-0.002184268,0.014816518,1,0.471373065,0,0,0.000000000,0.000000000,0.000000000,1
75.193665125,-0.036000000,-0.028000000,0.000000011,0.000019464,0.001014914,0.000071976,0.200000003,0.000000000,0.000000000,0.019355552,-0.000000000,0.000000000,0.020000000,0.020000000,-0.024531456,0.017610424,-0.024531456,0.017610424,0.000271771,-0.026881711,0.004202756,-0.021026297,-0.024803227,0.044492135,-0.028734212,0.038636721,1,4.844537076,0,0,0.000000000,0.000000000,0.000000000,1
75.297669572,-0.036000000,-0.028000000,0.000000080,0.000019680,-0.000050350,-0.000993289,0.200000003,0.000000000,0.000000000,0.019355552,0.000000000,-0.000000000,0.020000000,0.020000000,0.007530749,0.005509704,0.007530749,0.005509704,0.000540007,-0.026490230,0.000144149,-0.016028601,0.006990742,0.031999935,0.007386600,0.021538305,1,1.073336880,0,0,0.000000000,0.000000000,0.000000000,1
75.401674026,-0.032000000,-0.020000000,0.000000087,0.000019720,-0.000061531,-0.000195224,0.200000003,0.000000000,0.000000000,0.019355552,0.000000000,-0.000000000,0.020000000,0.020000000,0.039993249,0.019280825,0.039993249,0.019280825,0.000358622,-0.024873884,0.003102291,-0.012224546,0.039634626,0.044154709,0.036890958,0.031505371,1,4.810145518,0,0,0.000000000,0.000000000,0.000000000,1
75.505678487,-0.024000000,-0.012000000,0.000000111,0.000019874,-0.000327847,0.000337409,0.200000003,0.000000000,0.000000000,0.019355552,0.000000000,0.000000000,0.020000000,0.020000000,-0.006717337,0.014565402,-0.006717337,0.014565402,-0.000077153,-0.022180984,0.011170431,-0.006828834,-0.006640184,0.036746385,-0.017887768,0.021394235,1,1.595723898,0,0,0.000000000,0.000000000,0.000000000,1
75.609673956,-0.024000000,-0.012000000,0.000000147,0.000019976,-0.000061531,0.001136357,0.200000003,0.000000000,0.000000000,0.019355552,0.000000000,0.000000000,0.020000000,0.020000000,-0.016860441,-0.017787866,-0.016860441,-0.017787866,-0.001220220,-0.020701685,0.008173503,-0.005818971,-0.015640222,0.002913820,-0.025033944,-0.011968894,1,1.549542626,0,0,-0.000000000,-0.000000000,-0.000000000,1
75.713666433,-0.016000000,-0.004000000,0.000000168,0.000020071,-0.000061531,0.000071092,0.200000003,0.000000000,0.000000000,0.019355552,0.000000000,0.000000000,0.020000000,0.020000000,0.013617028,-0.004034469,0.013617028,-0.004034469,-0.001028236,-0.021293687,0.005344001,-0.011808018,0.014645264,0.017259218,0.008273028,0.007773549,1,0.258867002,0,0,0.000000000,0.000000000,0.000000000,1
75.821664917,-0.012000000,0.000000000,-0.000000158,0.000028355,-0.000594163,0.000870041,0.200000003,0.000000000,0.000000000,0.019355552,0.000000000,0.000000000,0.020000000,0.020000000,0.030780586,-0.020211402,0.030780586,-0.020211402,-0.002019395,-0.020796233,0.007490733,-0.011161017,0.032799980,0.000584831,0.023289853,-0.009050385,1,1.244227808,0,0,0.000000000,0.000000000,0.000000000,1
75.925663409,-0.008000000,0.008000000,-0.000000166,0.000027992,-0.000061531,0.000071093,0.200000003,0.000000000,0.000000000,0.019355552,0.000000000,0.000000000,0.020000000,0.020000000,0.009832347,-0.003440083,0.009832347,-0.003440083,-0.001851921,-0.020263660,0.013976338,-0.015737855,0.011684268,0.016823578,-0.004143991,0.012297772,1,0.338528051,0,0,0.000000000,0.000000000,0.000000000,1
76.025661908,-0.008000000,0.004000000,-0.000000165,0.000027970,-0.000061531,-0.000461540,0.200000003,0.000000000,0.000000000,0.019355552,0.000000000,-0.000000000,0.020000000,0.020000000,-0.001469659,-0.024995366,-0.001469659,-0.024995366,-0.002618258,-0.019242987,0.013223923,-0.015052196,0.001148599,-0.005752379,-0.014693582,-0.009943170,1,0.621218522,0,0,-0.000000000,-0.000000000,-0.000000000,1
76.129660415,-0.004000000,0.012000000,0.000000552,0.000028224,-0.000061531,0.000337409,0.200000003,0.000000000,0.000000000,0.019355552,0.000000000,0.000000000,0.020000000,0.020000000,-0.002694192,0.006949933,-0.002694192,0.006949933,-0.003796103,-0.017852808,0.012433874,-0.016325715,0.001101911,0.024802741,-0.015128066,0.023275648,1,1.534307091,0,0,0.000000000,0.000000000,0.000000000,1
76.181658929,-0.048000000,-0.040000000,-0.000000165,0.000027975,-0.000860479,-0.000195224,0.200000003,0.000000000,0.000000000,0.019355552,0.000000000,-0.000000000,0.020000000,0.020000000,0.001279157,0.019956190,0.001279157,0.019956190,-0.002538685,-0.017555686,0.010928375,-0.013467116,0.003817841,0.037511876,-0.009649218,0.033423306,1,2.413946905,0,0,0.000000000,0.000000000,0.000000000,1
76.285657451,-0.048000000,-0.040000000,-0.000000165,0.000027970,0.000471102,0.000071093,0.200000003,0.000000000,0.000000000,0.019355552,-0.000000000,0.000000000,0.020000000,0.020000000,0.006944791,0.001085356,0.006944791,0.001085356,-0.002043733,-0.015731192,0.011151430,-0.007661501,0.008988525,0.016816549,-0.004206638,0.008746858,1,0.186810231,0,0,0.000000000,0.000000000,0.000000000,1
76.389661981,-0.044000000,-0.032000000,-0.000000166,0.000027976,0.000199549,-0.000991871,0.200000003,0.000000000,0.000000000,0.019355552,-0.000000000,-0.000000000,0.020000000,0.020000000,-0.001483329,-0.030383850,-0.001483329,-0.030383850,-0.000472326,-0.015387059,0.013880698,-0.005728404,-0.001011003,-0.014996791,-0.015364027,-0.024655446,1,1.660107075,0,0,-0.000000000,-0.000000000,-0.000000000,1
76.493654517,-0.036000000,-0.024000000,-0.000000165,0.000027970,-0.000333084,0.000872342,0.200000003,0.000000000,0.000000000,0.019355552,0.000000000,0.000000000,0.020000000,0.020000000,-0.006125287,0.001921811,-0.006125287,0.001921811,-0.001289386,-0.013917685,0.009802223,-0.011030006,-0.004835901,0.015839496,-0.015927510,0.012951817,1,0.829990278,0,0,0.000000000,0.000000000,0.000000000,1
76.597647062,-0.036000000,-0.024000000,0.000000402,-0.000028294,-0.000066768,-0.000459239,0.200000003,0.000000000,0.000000000,0.019355552,0.000000000,-0.000000000,0.020000000,0.020000000,0.014719460,-0.006143799,0.014719460,-0.006143799,-0.000893454,-0.006399840,0.007752718,-0.000056423,0.015612914,0.000256042,0.006966742,-0.006087376,1,0.168531204,0,0,0.000000000,0.000000000,0.000000000,1
76.705645614,-0.028000000,-0.020000000,0.000000470,-0.000028299,-0.000599400,0.000073393,0.200000003,0.000000000,0.000000000,0.019355552,0.000000000,0.000000000,0.020000000,0.020000000,-0.008558168,0.030008065,-0.008558168,0.030008065,-0.000313586,-0.003604715,0.012798969,-0.001555159,-0.008244583,0.033612780,-0.021357138,0.031563223,1,2.864784796,0,0,0.000000000,0.000000000,0.000000000,1
76.809650173,-0.024000000,-0.012000000,-0.000000247,-0.000028034,-0.000066768,0.000606026,0.200000003,0.000000000,0.000000000,0.019355552,0.000000000,0.000000000,0.020000000,0.020000000,0.000748869,-0.030257553,0.000748869,-0.030257553,0.000015271,-0.003072560,0.011006011,0.003923607,0.000733598,-0.027184993,-0.010257142,-0.034181161,1,2.511330443,0,0,-0.000000000,-0.000000000,-0.000000000,1
76.913648740,-0.020000000,-0.004000000,-0.000000247,-0.000028038,-0.000066768,0.000073393,0.200000003,0.000000000,0.000000000,0.019355552,0.000000000,0.000000000,0.020000000,0.020000000,-0.023530148,0.007155867,-0.023530148,0.007155867,-0.000849933,-0.003360591,0.007996039,-0.004692347,-0.022680215,0.010516458,-0.031526187,0.011848214,1,2.220737836,0,0,0.000000000,0.000000000,0.000000000,1
77.013650314,-0.016000000,-0.008000000,0.000000469,-0.000028305,-0.000066768,-0.000192923,0.200000003,0.000000000,0.000000000,0.019355552,0.000000000,-0.000000000,0.020000000,0.020000000,0.023825558,0.002840047,0.023825558,0.002840047,-0.000750134,-0.003256832,0.003850496,-0.003999327,0.024575691,0.006096879,0.019975061,0.006839374,1,0.872891597,0,0,0.000000000,0.000000000,0.000000000,1
77.117654896,-0.012000000,-0.008000000,-0.000000247,-0.000028034,-0.000066768,0.001138658,0.200000003,0.000000000,0.000000000,0.019355552,0.000000000,0.000000000,0.020000000,0.020000000,-0.012062763,-0.006927429,-0.012062763,-0.006927429,0.000174173,-0.003142736,0.010547823,-0.001482498,-0.012236937,-0.003784693,-0.022610587,-0.005444931,1,1.060098785,0,0,-0.000000000,-0.000000000,-0.000000000,1
77.221665485,-0.008000000,0.000000000,-0.000000247,-0.000028038,-0.000066768,0.000073393,0.200000003,0.000000000,0.000000000,0.019355552,0.000000000,0.000000000,0.020000000,0.020000000,0.017134682,0.017590503,0.017134682,0.017590503,-0.000128988,-0.002046080,0.006889094,-0.002707012,0.017263670,0.019636583,0.010245587,0.020297514,1,1.022370156,0,0,0.000000000,0.000000000,0.000000000,1
77.325670082,-0.008000000,0.000000000,0.000000469,-0.000028305,-0.000066768,0.000073393,0.200000003,0.000000000,0.000000000,0.019355552,0.000000000,0.000000000,0.020000000,0.020000000,0.019850637,0.022733745,0.019850637,0.022733745,-0.000852142,-0.002147212,0.010368507,0.000692018,0.020702779,0.024880957,0.009482129,0.022041726,1,1.138014388,0,0,0.000000000,0.000000000,0.000000000,1
77.429674685,-0.004000000,0.008000000,-0.000000247,-0.000028034,-0.000338802,0.000338152,0.200000003,0.000000000,0.000000000,0.019355552,0.000000000,0.000000000,0.020000000,0.020000000,-0.022366579,0.014801514,-0.022366579,0.014801514,-0.001772441,-0.001236433,0.013187298,0.006192727,-0.020594137,0.016037947,-0.035553877,0.008608787,1,2.628375462,0,0,0.000000000,0.000000000,0.000000000,1
77.481673296,-0.052000000,-0.044000000,0.000000469,-0.000028305,0.000726462,0.000071836,0.200000003,0.000000000,0.000000000,0.019355552,-0.000000000,0.000000000,0.020000000,0.020000000,-0.038034803,-0.017656825,-0.038034803,-0.017656825,-0.001122392,-0.001495666,0.007528322,0.007240584,-0.036912412,-0.016161159,-0.045563125,-0.024897409,1,5.300488573,0,0,-0.000000000,-0.000000000,-0.000000000,1
77.585665914,-0.048000000,-0.036000000,-0.000000247,-0.000028034,-0.000338802,0.000071836,0.200000003,0.000000000,0.000000000,0.019355552,0.000000000,0.000000000,0.020000000,0.020000000,-0.011294976,0.039669197,-0.011294976,0.039669197,-0.000868046,-0.000768577,0.000341349,0.002387435,-0.010426930,0.040437774,-0.011636325,0.037281762,1,3.027389529,0,0,0.000000000,0.000000000,0.000000000,1
77.689670539,-0.044000000,-0.036000000,-0.000000247,-0.000028038,-0.000072486,0.000338152,0.200000003,0.000000000,0.000000000,0.019355552,0.000000000,0.000000000,0.020000000,0.020000000,-0.028931835,0.032510289,-0.028931835,0.032510289,-0.000586808,-0.000687923,0.000270128,0.009485567,-0.028345028,0.033198212,-0.029201963,0.023024722,1,2.730304534,0,0,0.000000000,0.000000000,0.000000000,1
77.793669171,-0.040000000,-0.028000000,0.000000470,-0.000028305,-0.000072486,0.000071836,0.200000003,0.000000000,0.000000000,0.019355552,0.000000000,0.000000000,0.020000000,0.020000000,-0.010604287,-0.017702940,-0.010604287,-0.017702940,0.000159393,0.000296598,-0.003042576,0.014914021,-0.010763680,-0.017999538,-0.007561712,-0.032616961,1,2.220897153,0,0,-0.000000000,-0.000000000,-0.000000000,1
77.897673810,-0.036000000,-0.028000000,-0.000000247,-0.000028034,-0.000072486,0.000338152,0.200000003,0.000000000,0.000000000,0.019355552,0.000000000,0.000000000,0.020000000,0.020000000,-0.000976836,0.020652214,-0.000976836,0.020652214,0.000453223,0.002141551,-0.003422028,0.008938205,-0.001430059,0.018510663,0.002445192,0.011714009,1,0.283635617,0,0,0.000000000,0.000000000,0.000000000,1
78.001678456,-0.028000000,-0.020000000,-0.000000247,-0.000028038,-0.000338802,0.000071836,0.200000003,0.000000000,0.000000000,0.019355552,0.000000000,0.000000000,0.020000000,0.020000000,-0.004610232,0.003950550,-0.004610232,0.003950550,0.001081637,0.000925955,-0.000019989,0.009422272,-0.005691869,0.003024595,-0.004590243,-0.005471722,1,0.100569321,0,0,-0.000000000,-0.000000000,-0.000000000,1
78.105683109,-0.024000000,-0.012000000,0.000000470,-0.000028305,-0.000072486,0.000338152,0.200000003,0.000000000,0.000000000,0.019355552,0.000000000,0.000000000,0.020000000,0.020000000,0.005476197,0.019137493,0.005476197,0.019137493,0.000208770,-0.000227291,-0.000460149,0.007208511,0.005267428,0.019364784,0.005936346,0.011928982,1,0.350534221,0,0,0.000000000,0.000000000,0.000000000,1
