stamp,last_fuse_time,fuse_step,fuse_backtrack,dropped_fuse_count,rejected_fuse_count,oracle,com_dt_0,com_age_0,com_dt_1,com_age_1,com_dt_3,com_age_3,uwb_dt,uwb_age,camera_dt,camera_age,ins_dt,ins_age,gt_dt,gt_age,mission_stage,uwb_stddev,camera_msg_fresh,camera_raw_count,camera_valid_target,camera_angle_constraints,camera_xy_constraints,camera_used_in_cost,camera_target_mask,P_opt_x,P_opt_y,P_opt_z
14.800000000,0.000000000,0.000000000,0,0,86,0,-0.100000000,0.100000000,0.154000000,0.154000000,-0.100000000,0.100000000,0.018400000,0.018400000,0.046000000,0.046000000,-0.010000000,0.010000000,-0.012000000,0.012000000,1,0.050000000,1,0,0,0,0,0,0,0.016572405,-0.018694647,0.439591358
14.900000000,14.800000000,0.100000000,0,0,86,0,-0.100000000,0.100000000,-0.200000000,0.200000000,-0.100000000,0.100000000,-0.002000000,0.002000000,-0.054000000,0.054000000,-0.010000000,0.010000000,-0.002000000,0.002000000,1,0.050000000,1,0,0,0,0,0,0,0.016833751,-0.052401988,0.523714103
15.000000000,14.900000000,0.100000000,0,0,86,0,-0.100000000,0.100000000,-0.200000000,0.200000000,-0.100000000,0.100000000,0.018000000,0.018000000,-0.054000000,0.054000000,-0.010000000,0.010000000,0.010000000,0.010000000,1,0.050000000,1,0,0,0,0,0,0,0.015861103,-0.041661673,0.576898751
15.100000000,15.000000000,0.100000000,0,0,86,0,-0.100000000,0.100000000,-0.200000000,0.200000000,-0.100000000,0.100000000,-0.002000000,0.002000000,0.046000000,0.046000000,-0.010000000,0.010000000,-0.014000000,0.014000000,1,0.050000000,1,0,0,0,0,0,0,0.018015875,-0.096559722,0.653950420
15.200000000,15.100000000,0.100000000,0,0,86,0,0.000000000,0.000000000,-0.100000000,0.100000000,0.000000000,0.000000000,0.018000000,0.018000000,0.048000000,0.048000000,-0.010000000,0.010000000,-0.004000000,0.004000000,1,0.050000000,1,0,0,0,0,0,0,0.038376602,-0.043716956,0.739217643
15.300000000,15.200000000,0.100000000,0,0,86,0,0.000000000,0.000000000,-0.100000000,0.100000000,0.000000000,0.000000000,-0.002000000,0.002000000,-0.052000000,0.052000000,-0.010000000,0.010000000,0.006000000,0.006000000,1,0.050000000,1,0,0,0,0,0,0,0.057521259,-0.046094412,0.806810800
15.400000000,15.300000000,0.100000000,0,0,86,0,0.000000000,0.000000000,-0.100000000,0.100000000,0.000000000,0.000000000,0.018000000,0.018000000,0.046000000,0.046000000,-0.010000000,0.010000000,-0.014000000,0.014000000,1,0.050000000,1,0,0,0,0,0,0,0.055902796,-0.096755478,0.867249097
15.500000000,15.400000000,0.100000000,0,0,86,0,0.000000000,0.000000000,-0.100000000,0.100000000,0.000000000,0.000000000,-0.002000000,0.002000000,0.046000000,0.046000000,0.008000000,0.008000000,0.002000000,0.002000000,1,0.050000000,1,0,0,0,0,0,0,0.088369755,-0.102685426,0.962062631
15.600000000,15.500000000,0.100000000,0,0,86,0,0.000000000,0.000000000,-0.100000000,0.100000000,0.000000000,0.000000000,0.018000000,0.018000000,0.046000000,0.046000000,-0.010000000,0.010000000,-0.018000000,0.018000000,1,0.050000000,1,0,0,0,0,0,0,0.088264916,-0.162022674,1.014265145
15.700000000,15.600000000,0.100000000,0,0,86,0,0.000000000,0.000000000,-0.100000000,0.100000000,0.000000000,0.000000000,-0.002000000,0.002000000,0.046000000,0.046000000,0.008000000,0.008000000,-0.004000000,0.004000000,1,0.050000000,1,0,0,0,0,0,0,0.092856317,-0.138133353,1.093971483
15.800000000,15.700000000,0.100000000,0,0,86,0,0.000000000,0.000000000,-0.100000000,0.100000000,0.000000000,0.000000000,0.018000000,0.018000000,0.046000000,0.046000000,0.008000000,0.008000000,0.012000000,0.012000000,1,0.050000000,1,0,0,0,0,0,0,0.102887957,-0.127203808,1.166035698
15.900000000,15.800000000,0.100000000,0,0,86,0,0.000000000,0.000000000,-0.100000000,0.100000000,0.000000000,0.000000000,-0.002000000,0.002000000,0.046000000,0.046000000,0.008000000,0.008000000,0.010000000,0.010000000,1,0.050000000,1,0,0,0,0,0,0,0.070400062,-0.096188006,1.242049088
16.000000000,15.900000000,0.100000000,0,0,86,0,0.000000000,0.000000000,-0.100000000,0.100000000,0.000000000,0.000000000,0.018000000,0.018000000,-0.054000000,0.054000000,-0.010000000,0.010000000,-0.012000000,0.012000000,1,0.050000000,1,0,0,0,0,0,0,0.133874015,-0.107915677,1.311827730
16.100000000,16.000000000,0.100000000,0,0,86,0,0.000000000,0.000000000,-0.100000000,0.100000000,0.000000000,0.000000000,-0.002000000,0.002000000,-0.054000000,0.054000000,0.008000000,0.008000000,0.006000000,0.006000000,1,0.050000000,1,0,0,0,0,0,0,0.205317432,-0.150633616,1.385910817
16.200000000,16.100000000,0.100000000,0,0,86,0,0.000000000,0.000000000,-0.100000000,0.100000000,0.000000000,0.000000000,0.018000000,0.018000000,-0.154000000,0.154000000,-0.010000000,0.010000000,-0.014000000,0.014000000,1,0.050000000,1,0,0,0,0,0,0,0.189817611,-0.129834375,1.444126040
16.300000000,16.200000000,0.100000000,0,0,86,0,0.000000000,0.000000000,-0.100000000,0.100000000,0.000000000,0.000000000,-0.002000000,0.002000000,-0.054000000,0.054000000,-0.010000000,0.010000000,0.000000000,0.000000000,1,0.050000000,1,0,0,0,0,0,0,0.138902718,-0.122515405,1.526509655
16.400000000,16.300000000,0.100000000,0,0,86,0,0.000000000,0.000000000,-0.100000000,0.100000000,0.000000000,0.000000000,0.018000000,0.018000000,0.046000000,0.046000000,-0.010000000,0.010000000,0.012000000,0.012000000,1,0.050000000,1,0,0,0,0,0,0,0.129034657,-0.127217444,1.596051171
16.500000000,16.400000000,0.100000000,0,0,86,0,0.000000000,0.000000000,-0.100000000,0.100000000,0.000000000,0.000000000,-0.002000000,0.002000000,0.046000000,0.046000000,0.008000000,0.008000000,-0.012000000,0.012000000,1,0.050000000,1,0,0,0,0,0,0,0.138369591,-0.123837105,1.697512552
16.600000000,16.500000000,0.100000000,0,0,86,0,0.000000000,0.000000000,-0.100000000,0.100000000,0.000000000,0.000000000,0.018000000,0.018000000,0.046000000,0.046000000,0.008000000,0.008000000,0.002000000,0.002000000,1,0.050000000,1,0,0,0,0,0,0,0.153277206,-0.137535575,1.764727829
16.700000000,16.600000000,0.100000000,0,0,86,0,0.000000000,0.000000000,-0.100000000,0.100000000,0.000000000,0.000000000,-0.002000000,0.002000000,-0.054000000,0.054000000,0.010000000,0.010000000,-0.016000000,0.016000000,1,0.050000000,1,0,0,0,0,0,0,0.183499464,-0.104913004,1.826169521
16.800000000,16.700000000,0.100000000,0,0,86,0,0.000000000,0.000000000,-0.100000000,0.100000000,0.000000000,0.000000000,0.012666667,0.012666667,0.046000000,0.046000000,0.008000000,0.008000000,-0.006000000,0.006000000,1,0.050000000,1,0,0,0,0,0,0,0.240573281,-0.193781816,1.886362583
16.900000000,16.800000000,0.100000000,0,0,86,0,0.000000000,0.000000000,-0.100000000,0.100000000,0.000000000,0.000000000,-0.002000000,0.002000000,0.046000000,0.046000000,0.008000000,0.008000000,0.006000000,0.006000000,1,0.050000000,1,0,0,0,0,0,0,0.221257879,-0.179657908,1.942269729
17.000000000,16.900000000,0.100000000,0,0,86,0,0.000000000,0.000000000,-0.100000000,0.100000000,0.000000000,0.000000000,0.018000000,0.018000000,0.046000000,0.046000000,-0.010000000,0.010000000,-0.018000000,0.018000000,1,0.050000000,1,0,0,0,0,0,0,0.192794140,-0.192199014,1.995213910
17.100000000,17.000000000,0.100000000,0,0,86,0,0.000000000,0.000000000,-0.100000000,0.100000000,0.000000000,0.000000000,-0.002000000,0.002000000,0.046000000,0.046000000,0.008000000,0.008000000,-0.008000000,0.008000000,1,0.050000000,1,0,0,0,0,0,0,0.193238725,-0.181422257,2.069755169
17.200000000,17.100000000,0.100000000,0,0,86,0,0.000000000,0.000000000,-0.100000000,0.100000000,0.000000000,0.000000000,0.018000000,0.018000000,0.046000000,0.046000000,-0.010000000,0.010000000,0.000000000,0.000000000,1,0.050000000,1,0,0,0,0,0,0,0.158596791,-0.176536474,2.128556331
17.300000000,17.200000000,0.100000000,0,0,86,0,0.000000000,0.000000000,-0.100000000,0.100000000,0.000000000,0.000000000,-0.002000000,0.002000000,0.046000000,0.046000000,0.008000000,0.008000000,0.014000000,0.014000000,1,0.050000000,1,0,0,0,0,0,0,0.188344952,-0.235561360,2.204519801
17.400000000,17.300000000,0.100000000,0,0,86,0,0.000000000,0.000000000,-0.100000000,0.100000000,0.000000000,0.000000000,0.018000000,0.018000000,0.046000000,0.046000000,0.008000000,0.008000000,-0.008000000,0.008000000,1,0.050000000,1,0,0,0,0,0,0,0.238933153,-0.296940660,2.278400976
17.500000000,17.400000000,0.100000000,0,0,86,0,0.000000000,0.000000000,-0.100000000,0.100000000,0.000000000,0.000000000,-0.002000000,0.002000000,0.046000000,0.046000000,-0.010000000,0.010000000,0.008000000,0.008000000,1,0.050000000,1,0,0,0,0,0,0,0.203040839,-0.277505203,2.325875966
17.600000000,17.500000000,0.100000000,0,0,86,0,0.000000000,0.000000000,-0.100000000,0.100000000,0.000000000,0.000000000,0.018000000,0.018000000,0.046000000,0.046000000,-0.010000000,0.010000000,-0.018000000,0.018000000,1,0.050000000,1,0,0,0,0,0,0,0.135137543,-0.323533054,2.367812589
17.700000000,17.600000000,0.100000000,0,0,86,0,0.000000000,0.000000000,-0.100000000,0.100000000,0.000000000,0.000000000,-0.002000000,0.002000000,0.046000000,0.046000000,0.008000000,0.008000000,-0.004000000,0.004000000,1,0.050000000,1,0,0,0,0,0,0,0.078070166,-0.291063587,2.429153635
17.800000000,17.700000000,0.100000000,0,0,86,0,0.000000000,0.000000000,-0.100000000,0.100000000,0.000000000,0.000000000,0.012666667,0.012666667,0.046000000,0.046000000,0.008000000,0.008000000,0.008000000,0.008000000,1,0.050000000,1,0,0,0,0,0,0,0.021399239,-0.229749267,2.478873697
17.900000000,17.800000000,0.100000000,0,0,86,0,0.000000000,0.000000000,-0.100000000,0.100000000,0.000000000,0.000000000,-0.002000000,0.002000000,0.046000000,0.046000000,0.008000000,0.008000000,-0.014000000,0.014000000,1,0.050000000,1,0,0,0,0,0,0,0.014273969,-0.259763102,2.525567266
18.000000000,17.900000000,0.100000000,0,0,86,0,0.000000000,0.000000000,-0.100000000,0.100000000,0.000000000,0.000000000,0.018000000,0.018000000,0.046000000,0.046000000,0.008000000,0.008000000,-0.002000000,0.002000000,1,0.050000000,1,0,0,0,0,0,0,0.005915863,-0.268559584,2.565287682
18.100000000,18.000000000,0.100000000,0,0,86,0,0.000000000,0.000000000,-0.100000000,0.100000000,0.000000000,0.000000000,-0.002000000,0.002000000,0.046000000,0.046000000,0.008000000,0.008000000,0.008000000,0.008000000,1,0.050000000,1,0,0,0,0,0,0,-0.041395346,-0.266387570,2.589853052
18.200000000,18.100000000,0.100000000,0,0,86,0,0.000000000,0.000000000,-0.100000000,0.100000000,0.000000000,0.000000000,0.018000000,0.018000000,0.046000000,0.046000000,-0.010000000,0.010000000,-0.014000000,0.014000000,1,0.050000000,1,0,0,0,0,0,0,-0.095717541,-0.240162850,2.615791599
18.300000000,18.200000000,0.100000000,0,0,86,0,0.000000000,0.000000000,-0.100000000,0.100000000,0.000000000,0.000000000,-0.002000000,0.002000000,0.046000000,0.046000000,0.008000000,0.008000000,-0.002000000,0.002000000,1,0.050000000,1,0,0,0,0,0,0,-0.130104793,-0.205209722,2.663375708
18.400000000,18.300000000,0.100000000,0,0,86,0,0.000000000,0.000000000,-0.100000000,0.100000000,0.000000000,0.000000000,0.018000000,0.018000000,-0.054000000,0.054000000,-0.010000000,0.010000000,0.008000000,0.008000000,1,0.050000000,1,0,0,0,0,0,0,-0.199608542,-0.142058380,2.680474556
18.500000000,18.400000000,0.100000000,0,0,86,0,0.000000000,0.000000000,-0.100000000,0.100000000,0.000000000,0.000000000,-0.002000000,0.002000000,0.046000000,0.046000000,-0.010000000,0.010000000,-0.016000000,0.016000000,1,0.050000000,1,0,0,0,0,0,0,-0.242391748,-0.100330005,2.691146412
18.600000000,18.500000000,0.100000000,0,0,86,0,0.000000000,0.000000000,-0.100000000,0.100000000,0.000000000,0.000000000,0.018000000,0.018000000,0.046000000,0.046000000,0.008000000,0.008000000,-0.006000000,0.006000000,1,0.050000000,1,0,0,0,0,0,0,-0.232653657,-0.083994957,2.701749262
18.700000000,18.600000000,0.100000000,0,0,86,0,0.000000000,0.000000000,-0.100000000,0.100000000,0.000000000,0.000000000,-0.002000000,0.002000000,0.048000000,0.048000000,-0.010000000,0.010000000,0.006000000,0.006000000,1,0.050000000,1,0,0,0,0,0,0,-0.242677233,-0.059366112,2.723698788
18.800000000,18.700000000,0.100000000,0,0,86,0,0.000000000,0.000000000,-0.100000000,0.100000000,0.000000000,0.000000000,0.018000000,0.018000000,-0.052000000,0.052000000,-0.010000000,0.010000000,-0.018000000,0.018000000,1,0.050000000,1,0,0,0,0,0,0,-0.200209395,-0.057226955,2.736047092
18.900000000,18.800000000,0.100000000,0,0,86,0,0.000000000,0.000000000,-0.100000000,0.100000000,0.000000000,0.000000000,-0.002000000,0.002000000,0.046000000,0.046000000,0.010000000,0.010000000,-0.004000000,0.004000000,1,0.050000000,1,0,0,0,0,0,0,-0.171293652,-0.072246476,2.755222614
19.000000000,18.900000000,0.100000000,0,0,86,0,0.000000000,0.000000000,-0.100000000,0.100000000,0.000000000,0.000000000,0.018000000,0.018000000,0.046000000,0.046000000,-0.010000000,0.010000000,0.008000000,0.008000000,1,0.050000000,1,0,0,0,0,0,0,-0.232413991,-0.058910274,2.776938921
19.100000000,19.000000000,0.100000000,0,0,86,0,0.000000000,0.000000000,-0.100000000,0.100000000,0.000000000,0.000000000,-0.002000000,0.002000000,-0.054000000,0.054000000,-0.010000000,0.010000000,-0.016000000,0.016000000,1,0.050000000,1,0,0,0,0,0,0,-0.242213416,-0.023171795,2.793393819
19.200000000,19.100000000,0.100000000,0,0,86,0,0.000000000,0.000000000,-0.100000000,0.100000000,0.000000000,0.000000000,0.018000000,0.018000000,0.046000000,0.046000000,-0.010000000,0.010000000,0.000000000,0.000000000,1,0.050000000,1,0,0,0,0,0,0,-0.224925174,-0.065474574,2.803301132
19.300000000,19.200000000,0.100000000,0,0,86,0,0.000000000,0.000000000,-0.100000000,0.100000000,0.000000000,0.000000000,-0.002000000,0.002000000,0.046000000,0.046000000,0.008000000,0.008000000,0.006000000,0.006000000,1,0.050000000,1,0,0,0,0,0,0,-0.244645987,-0.007111469,2.806724325
19.400000000,19.300000000,0.100000000,0,0,86,0,0.000000000,0.000000000,-0.100000000,0.100000000,0.000000000,0.000000000,0.018000000,0.018000000,0.046000000,0.046000000,0.010000000,0.010000000,-0.016000000,0.016000000,1,0.050000000,1,0,0,0,0,0,0,-0.237510456,-0.032004921,2.817110828
19.500000000,19.400000000,0.100000000,0,0,86,0,0.000000000,0.000000000,-0.100000000,0.100000000,0.000000000,0.000000000,-0.002000000,0.002000000,0.046000000,0.046000000,-0.010000000,0.010000000,-0.002000000,0.002000000,1,0.050000000,1,0,0,0,0,0,0,-0.274789308,-0.035174225,2.822623684
19.600000000,19.500000000,0.100000000,0,0,86,0,0.000000000,0.000000000,-0.100000000,0.100000000,0.000000000,0.000000000,0.018000000,0.018000000,0.046000000,0.046000000,-0.010000000,0.010000000,0.010000000,0.010000000,1,0.050000000,1,0,0,0,0,0,0,-0.254131781,-0.057556514,2.836393540
19.700000000,19.600000000,0.100000000,0,0,86,0,0.000000000,0.000000000,-0.100000000,0.100000000,0.000000000,0.000000000,-0.002000000,0.002000000,0.046000000,0.046000000,0.008000000,0.008000000,-0.014000000,0.014000000,1,0.050000000,1,0,0,0,0,0,0,-0.226429620,-0.091735812,2.850255720
19.800000000,19.700000000,0.100000000,0,0,86,0,0.000000000,0.000000000,-0.100000000,0.100000000,0.000000000,0.000000000,0.018000000,0.018000000,0.046000000,0.046000000,-0.010000000,0.010000000,0.000000000,0.000000000,1,0.050000000,1,0,0,0,0,0,0,-0.287845781,-0.079483506,2.860268887
19.900000000,19.800000000,0.100000000,0,0,86,0,0.000000000,0.000000000,-0.100000000,0.100000000,0.000000000,0.000000000,-0.002000000,0.002000000,0.046000000,0.046000000,-0.010000000,0.010000000,0.010000000,0.010000000,2,0.050000000,1,0,0,0,0,0,0,-0.360700744,-0.054825064,2.872970014
20.000000000,19.900000000,0.100000000,0,0,86,0,0.000000000,0.000000000,-0.100000000,0.100000000,0.000000000,0.000000000,0.018000000,0.018000000,0.046000000,0.046000000,-0.010000000,0.010000000,-0.012000000,0.012000000,2,0.050000000,1,0,0,0,0,0,0,-0.407514959,0.009787942,2.875338336
20.100000000,20.000000000,0.100000000,0,0,86,0,0.000000000,0.000000000,-0.100000000,0.100000000,0.000000000,0.000000000,-0.002000000,0.002000000,0.046000000,0.046000000,-0.010000000,0.010000000,0.000000000,0.000000000,2,0.050000000,1,0,0,0,0,0,0,-0.424884822,0.029015101,2.875102284
20.200000000,20.100000000,0.100000000,0,0,86,0,0.000000000,0.000000000,-0.100000000,0.100000000,0.000000000,0.000000000,0.018000000,0.018000000,0.046000000,0.046000000,-0.010000000,0.010000000,0.010000000,0.010000000,2,0.050000000,1,0,0,0,0,0,0,-0.454769446,0.021865362,2.879308866
20.300000000,20.200000000,0.100000000,0,0,86,0,0.000000000,0.000000000,0.000000000,0.000000000,0.000000000,0.000000000,-0.002000000,0.002000000,0.046000000,0.046000000,0.008000000,0.008000000,-0.012000000,0.012000000,2,0.050000000,1,0,0,0,0,0,0,-0.422745506,0.012190048,2.883063409
20.400000000,20.300000000,0.100000000,0,0,86,0,0.000000000,0.000000000,-0.100000000,0.100000000,0.000000000,0.000000000,0.018000000,0.018000000,0.046000000,0.046000000,-0.010000000,0.010000000,0.000000000,0.000000000,2,0.050000000,1,0,0,0,0,0,0,-0.369487760,0.013378329,2.888381116
20.500000000,20.400000000,0.100000000,0,0,86,0,0.000000000,0.000000000,-0.100000000,0.100000000,0.000000000,0.000000000,-0.001600000,0.001600000,0.046000000,0.046000000,0.008000000,0.008000000,0.010000000,0.010000000,2,0.050000000,1,0,0,0,0,0,0,-0.386268932,-0.003350836,2.889302849
20.600000000,20.500000000,0.100000000,0,0,86,0,0.000000000,0.000000000,-0.100000000,0.100000000,0.000000000,0.000000000,0.018400000,0.018400000,-0.054000000,0.054000000,-0.010000000,0.010000000,-0.002000000,0.002000000,2,0.050000000,1,0,0,0,0,0,0,-0.406986975,0.014680380,2.889141337
20.700000000,20.600000000,0.100000000,0,0,86,0,0.000000000,0.000000000,-0.100000000,0.100000000,0.000000000,0.000000000,-0.001600000,0.001600000,0.046000000,0.046000000,-0.010000000,0.010000000,0.010000000,0.010000000,2,0.050000000,1,0,0,0,0,0,0,-0.347804294,-0.049287510,2.892070145
20.800000000,20.700000000,0.100000000,0,0,86,0,0.000000000,0.000000000,-0.100000000,0.100000000,0.000000000,0.000000000,0.018400000,0.018400000,0.046000000,0.046000000,0.008000000,0.008000000,-0.006000000,0.006000000,2,0.050000000,1,0,0,0,0,0,0,-0.338656874,-0.122050676,2.890436953
20.900000000,20.800000000,0.100000000,0,0,86,0,0.000000000,0.000000000,-0.100000000,0.100000000,0.000000000,0.000000000,-0.000800000,0.000800000,0.046000000,0.046000000,0.008000000,0.008000000,0.008000000,0.008000000,2,0.050000000,1,0,0,0,0,0,0,-0.376865736,-0.093963600,2.901232889
21.000000000,20.900000000,0.100000000,0,0,86,0,0.000000000,0.000000000,-0.100000000,0.100000000,0.000000000,0.000000000,0.019200000,0.019200000,0.046000000,0.046000000,0.010000000,0.010000000,-0.010000000,0.010000000,2,0.050000000,1,0,0,0,0,0,0,-0.415826907,-0.091819925,2.895788639
21.100000000,21.000000000,0.100000000,0,0,86,0,0.000000000,0.000000000,-0.100000000,0.100000000,0.000000000,0.000000000,-0.002000000,0.002000000,0.046000000,0.046000000,0.008000000,0.008000000,-0.002000000,0.002000000,2,0.050000000,1,0,0,0,0,0,0,-0.354851951,-0.104468359,2.906833264
21.200000000,21.100000000,0.100000000,0,0,86,0,0.000000000,0.000000000,-0.100000000,0.100000000,0.000000000,0.000000000,0.018000000,0.018000000,-0.054000000,0.054000000,-0.010000000,0.010000000,-0.006000000,0.006000000,2,0.050000000,1,0,0,0,0,0,0,-0.405490429,-0.115103865,2.893795443
21.300000000,21.200000000,0.100000000,0,0,86,0,0.000000000,0.000000000,-0.100000000,0.100000000,0.000000000,0.000000000,-0.002000000,0.002000000,0.046000000,0.046000000,0.008000000,0.008000000,0.014000000,0.014000000,2,0.050000000,1,0,0,0,0,0,0,-0.452364153,-0.078110596,2.897431178
21.400000000,21.300000000,0.100000000,0,0,86,0,0.000000000,0.000000000,-0.100000000,0.100000000,0.000000000,0.000000000,0.018400000,0.018400000,0.046000000,0.046000000,0.008000000,0.008000000,-0.008000000,0.008000000,2,0.050000000,1,0,0,0,0,0,0,-0.478730402,-0.022618336,2.889206819
21.500000000,21.400000000,0.100000000,0,0,86,0,0.000000000,0.000000000,-0.100000000,0.100000000,0.000000000,0.000000000,-0.001600000,0.001600000,0.046000000,0.046000000,-0.010000000,0.010000000,0.000000000,0.000000000,2,0.050000000,1,0,0,0,0,0,0,-0.526879347,0.004353828,2.885478078
21.600000000,21.500000000,0.100000000,0,0,86,0,0.000000000,0.000000000,-0.100000000,0.100000000,0.000000000,0.000000000,0.018000000,0.018000000,0.046000000,0.046000000,-0.010000000,0.010000000,0.014000000,0.014000000,2,0.050000000,1,0,0,0,0,0,0,-0.526376294,-0.001726171,2.889459209
21.700000000,21.600000000,0.100000000,0,0,86,0,0.000000000,0.000000000,-0.100000000,0.100000000,0.000000000,0.000000000,-0.002000000,0.002000000,0.046000000,0.046000000,-0.010000000,0.010000000,-0.010000000,0.010000000,2,0.050000000,1,0,0,0,0,0,0,-0.485741263,0.034568847,2.884899008
21.800000000,21.700000000,0.100000000,0,0,86,0,0.000000000,0.000000000,-0.100000000,0.100000000,0.000000000,0.000000000,0.018400000,0.018400000,-0.054000000,0.054000000,0.008000000,0.008000000,0.000000000,0.000000000,2,0.050000000,1,0,0,0,0,0,0,-0.453450647,0.039722562,2.888395508
21.900000000,21.800000000,0.100000000,0,0,86,0,0.000000000,0.000000000,-0.100000000,0.100000000,0.000000000,0.000000000,-0.000800000,0.000800000,0.046000000,0.046000000,0.008000000,0.008000000,0.018000000,0.018000000,3,0.065000000,1,0,0,0,0,0,0,-0.390920543,0.039699014,2.886467940
22.000000000,21.900000000,0.100000000,0,0,86,0,0.000000000,0.000000000,-0.100000000,0.100000000,0.000000000,0.000000000,0.018800000,0.018800000,0.046000000,0.046000000,0.008000000,0.008000000,-0.006000000,0.006000000,3,0.065000000,1,0,0,0,0,0,0,-0.358990748,0.050513611,2.870332837
22.100000000,22.000000000,0.100000000,0,0,86,0,0.000000000,0.000000000,-0.100000000,0.100000000,0.000000000,0.000000000,-0.002000000,0.002000000,0.046000000,0.046000000,0.008000000,0.008000000,0.006000000,0.006000000,3,0.065000000,1,0,0,0,0,0,0,-0.413131364,0.104510488,2.875357480
22.200000000,22.100000000,0.100000000,0,0,86,0,0.000000000,0.000000000,-0.100000000,0.100000000,0.000000000,0.000000000,0.018000000,0.018000000,0.046000000,0.046000000,0.010000000,0.010000000,0.016000000,0.016000000,3,0.065000000,1,0,0,0,0,0,0,-0.455809323,0.123193975,2.878567066
22.300000000,22.200000000,0.100000000,0,0,86,0,0.000000000,0.000000000,-0.100000000,0.100000000,0.000000000,0.000000000,-0.002000000,0.002000000,0.046000000,0.046000000,0.008000000,0.008000000,-0.006000000,0.006000000,3,0.065000000,1,0,0,0,0,0,0,-0.479311561,0.160272639,2.870992541
22.400000000,22.300000000,0.100000000,0,0,86,0,0.000000000,0.000000000,-0.100000000,0.100000000,0.000000000,0.000000000,0.018000000,0.018000000,0.046000000,0.046000000,-0.010000000,0.010000000,0.006000000,0.006000000,3,0.065000000,1,0,0,0,0,0,0,-0.407917537,0.181879431,2.872230106
22.500000000,22.400000000,0.100000000,0,0,86,0,0.000000000,0.000000000,-0.100000000,0.100000000,0.000000000,0.000000000,-0.002000000,0.002000000,0.046000000,0.046000000,-0.010000000,0.010000000,0.016000000,0.016000000,3,0.065000000,1,0,0,0,0,0,0,-0.339526370,0.131373085,2.873455261
22.600000000,22.500000000,0.100000000,0,0,86,0,0.000000000,0.000000000,-0.100000000,0.100000000,0.000000000,0.000000000,0.018000000,0.018000000,-0.054000000,0.054000000,-0.010000000,0.010000000,-0.006000000,0.006000000,3,0.065000000,1,0,0,0,0,0,0,-0.350619512,0.112628811,2.882037778
22.700000000,22.600000000,0.100000000,0,0,86,0,0.000000000,0.000000000,-0.100000000,0.100000000,0.000000000,0.000000000,-0.002000000,0.002000000,0.046000000,0.046000000,0.008000000,0.008000000,0.010000000,0.010000000,3,0.065000000,1,0,0,0,0,0,0,-0.387590754,0.131133778,2.883556240
22.800000000,22.700000000,0.100000000,0,0,86,0,0.000000000,0.000000000,-0.100000000,0.100000000,0.000000000,0.000000000,0.019200000,0.019200000,0.046000000,0.046000000,0.008000000,0.008000000,-0.008000000,0.008000000,3,0.065000000,1,0,0,0,0,0,0,-0.403125754,0.102047020,2.897493791
22.900000000,22.800000000,0.100000000,0,0,86,0,0.000000000,0.000000000,-0.100000000,0.100000000,0.000000000,0.000000000,-0.000800000,0.000800000,0.048000000,0.048000000,0.008000000,0.008000000,-0.004000000,0.004000000,3,0.065000000,1,0,0,0,0,0,0,-0.383538720,0.102434920,2.909045056
23.000000000,22.900000000,0.100000000,0,0,86,0,0.000000000,0.000000000,-0.100000000,0.100000000,0.000000000,0.000000000,0.019200000,0.019200000,-0.052000000,0.052000000,0.006000000,0.006000000,0.000000000,0.000000000,3,0.065000000,1,0,0,0,0,0,0,-0.379683363,0.202749177,2.921170711
23.100000000,23.000000000,0.100000000,0,0,86,0,0.000000000,0.000000000,-0.100000000,0.100000000,0.000000000,0.000000000,0.000000000,0.000000000,0.046000000,0.046000000,0.004000000,0.004000000,0.000000000,0.000000000,3,0.065000000,1,0,0,0,0,0,0,-0.354076623,0.127083879,2.918962397
23.200000000,23.100000000,0.100000000,0,0,86,0,0.000000000,0.000000000,-0.100000000,0.100000000,0.000000000,0.000000000,0.019200000,0.019200000,-0.054000000,0.054000000,0.008000000,0.008000000,-0.004000000,0.004000000,3,0.065000000,1,0,0,0,0,0,0,-0.344959425,0.164757861,2.917610983
23.300000000,23.200000000,0.100000000,0,0,86,0,0.000000000,0.000000000,-0.100000000,0.100000000,0.000000000,0.000000000,-0.000800000,0.000800000,-0.054000000,0.054000000,0.008000000,0.008000000,-0.012000000,0.012000000,3,0.065000000,1,0,0,0,0,0,0,-0.323656480,0.211176373,2.920501706
23.400000000,23.300000000,0.100000000,0,0,86,0,0.000000000,0.000000000,-0.100000000,0.100000000,0.000000000,0.000000000,0.019200000,0.019200000,0.046000000,0.046000000,0.008000000,0.008000000,0.006000000,0.006000000,3,0.065000000,1,0,0,0,0,0,0,-0.287977738,0.255644204,2.908639245
23.500000000,23.400000000,0.100000000,0,0,86,0,0.000000000,0.000000000,-0.100000000,0.100000000,0.000000000,0.000000000,-0.000800000,0.000800000,0.048000000,0.048000000,0.010000000,0.010000000,-0.012000000,0.012000000,3,0.065000000,1,0,0,0,0,0,0,-0.254258691,0.292725505,2.917268894
23.600000000,23.500000000,0.100000000,0,0,86,0,0.000000000,0.000000000,-0.100000000,0.100000000,0.000000000,0.000000000,0.019600000,0.019600000,-0.052000000,0.052000000,0.008000000,0.008000000,-0.002000000,0.002000000,3,0.065000000,1,0,0,0,0,0,0,-0.212773645,0.458967145,2.924653509
23.700000000,23.600000000,0.100000000,0,0,86,0,0.000000000,0.000000000,-0.100000000,0.100000000,0.000000000,0.000000000,0.014666667,0.014666667,0.046000000,0.046000000,0.008000000,0.008000000,-0.006000000,0.006000000,3,0.065000000,1,0,0,0,0,0,0,-0.087682085,0.321342102,2.925253878
23.800000000,23.700000000,0.100000000,0,0,86,0,0.000000000,0.000000000,-0.100000000,0.100000000,0.000000000,0.000000000,-0.008000000,0.008000000,0.046000000,0.046000000,-0.010000000,0.010000000,0.006000000,0.006000000,3,0.065000000,1,0,0,0,0,0,0,-0.027849706,0.402952409,2.931035168
23.900000000,23.800000000,0.100000000,0,0,86,0,0.000000000,0.000000000,-0.100000000,0.100000000,0.000000000,0.000000000,0.018800000,0.018800000,-0.054000000,0.054000000,0.010000000,0.010000000,0.016000000,0.016000000,3,0.065000000,1,0,0,0,0,0,0,-0.132372859,0.393879140,2.940458819
24.000000000,23.900000000,0.100000000,0,0,86,0,0.000000000,0.000000000,-0.100000000,0.100000000,0.000000000,0.000000000,-0.015600000,0.015600000,0.046000000,0.046000000,0.008000000,0.008000000,-0.004000000,0.004000000,3,0.065000000,1,0,0,0,0,0,0,-0.083525284,0.416645598,2.947725377
24.100000000,24.000000000,0.100000000,0,0,86,0,0.000000000,0.000000000,-0.100000000,0.100000000,0.000000000,0.000000000,-0.011866667,0.011866667,-0.054000000,0.054000000,0.008000000,0.008000000,0.014000000,0.014000000,3,0.065000000,1,0,0,0,0,0,0,-0.115263655,0.522952809,2.948197528
24.200000000,24.100000000,0.100000000,0,0,86,0,0.000000000,0.000000000,-0.100000000,0.100000000,0.000000000,0.000000000,0.018000000,0.018000000,-0.054000000,0.054000000,-0.010000000,0.010000000,-0.014000000,0.014000000,3,0.065000000,1,0,0,0,0,0,0,-0.078438306,0.677803356,2.953650117
24.300000000,24.200000000,0.100000000,0,0,86,0,0.000000000,0.000000000,-0.100000000,0.100000000,0.000000000,0.000000000,-0.001600000,0.001600000,0.046000000,0.046000000,0.008000000,0.008000000,-0.002000000,0.002000000,3,0.065000000,1,0,0,0,0,0,0,-0.052835364,0.577911185,2.963929447
24.400000000,24.300000000,0.100000000,0,0,86,0,0.000000000,0.000000000,-0.100000000,0.100000000,0.000000000,0.000000000,0.018400000,0.018400000,-0.054000000,0.054000000,0.008000000,0.008000000,0.004000000,0.004000000,3,0.065000000,1,0,0,0,0,0,0,0.062229291,0.704436722,2.958160095
24.500000000,24.400000000,0.100000000,0,0,86,0,0.000000000,0.000000000,-0.100000000,0.100000000,0.000000000,0.000000000,-0.002000000,0.002000000,-0.154000000,0.154000000,-0.008000000,0.008000000,0.012000000,0.012000000,3,0.065000000,1,0,0,0,0,0,0,0.126148220,0.705601326,2.953189319
24.600000000,24.500000000,0.100000000,0,0,86,0,0.000000000,0.000000000,-0.100000000,0.100000000,0.000000000,0.000000000,0.004666667,0.004666667,-0.152000000,0.152000000,0.008000000,0.008000000,-0.010000000,0.010000000,3,0.065000000,1,0,0,0,0,0,0,0.262232968,0.845882755,2.966326636
24.700000000,24.600000000,0.100000000,0,0,86,0,0.000000000,0.000000000,-0.100000000,0.100000000,0.000000000,0.000000000,0.008000000,0.008000000,0.046000000,0.046000000,-0.010000000,0.010000000,0.002000000,0.002000000,3,0.065000000,1,0,0,0,0,0,0,0.262605560,0.916501473,2.966251467
24.800000000,24.700000000,0.100000000,0,0,86,0,0.000000000,0.000000000,-0.100000000,0.100000000,0.000000000,0.000000000,0.013066667,0.013066667,-0.054000000,0.054000000,0.010000000,0.010000000,0.014000000,0.014000000,3,0.065000000,1,0,0,0,0,0,0,0.354579101,0.979502015,2.959933774
24.900000000,24.800000000,0.100000000,0,0,86,0,0.000000000,0.000000000,-0.100000000,0.100000000,0.000000000,0.000000000,-0.012266667,0.012266667,-0.050000000,0.050000000,-0.010000000,0.010000000,-0.008000000,0.008000000,3,0.065000000,1,0,0,0,0,0,0,0.348371980,1.003283053,2.956485266
25.000000000,24.900000000,0.100000000,0,0,86,0,0.000000000,0.000000000,-0.100000000,0.100000000,0.000000000,0.000000000,0.015466667,0.015466667,0.046000000,0.046000000,-0.010000000,0.010000000,0.016000000,0.016000000,3,0.065000000,1,0,0,0,0,0,0,0.402496684,1.005416946,2.957036789
25.100000000,25.000000000,0.100000000,0,0,86,0,0.000000000,0.000000000,-0.100000000,0.100000000,0.000000000,0.000000000,-0.002000000,0.002000000,0.046000000,0.046000000,-0.010000000,0.010000000,-0.008000000,0.008000000,3,0.065000000,1,0,0,0,0,0,0,0.516946372,1.072650699,2.955888058
25.200000000,25.100000000,0.100000000,0,0,86,0,0.000000000,0.000000000,-0.100000000,0.100000000,0.000000000,0.000000000,-0.022000000,0.022000000,0.046000000,0.046000000,0.010000000,0.010000000,0.004000000,0.004000000,3,0.065000000,1,0,0,0,0,0,0,0.475674940,1.154795406,2.947853516
25.300000000,25.200000000,0.100000000,0,0,86,0,0.000000000,0.000000000,-0.100000000,0.100000000,0.000000000,0.000000000,0.004666667,0.004666667,0.046000000,0.046000000,-0.010000000,0.010000000,0.016000000,0.016000000,3,0.065000000,1,0,0,0,0,0,0,0.548881352,1.297724290,2.948228037
25.400000000,25.300000000,0.100000000,0,0,86,0,0.000000000,0.000000000,-0.100000000,0.100000000,0.000000000,0.000000000,-0.015333333,0.015333333,0.046000000,0.046000000,-0.010000000,0.010000000,-0.008000000,0.008000000,3,0.065000000,1,0,0,0,0,0,0,0.686949000,1.253762342,2.941717140
25.500000000,25.400000000,0.100000000,0,0,86,0,0.000000000,0.000000000,-0.100000000,0.100000000,0.000000000,0.000000000,-0.002000000,0.002000000,0.046000000,0.046000000,0.008000000,0.008000000,0.002000000,0.002000000,3,0.065000000,1,0,0,0,0,0,0,0.756149730,1.292397430,2.936461028
25.600000000,25.500000000,0.100000000,0,0,86,0,0.000000000,0.000000000,-0.100000000,0.100000000,0.000000000,0.000000000,0.051800000,0.051800000,0.046000000,0.046000000,-0.010000000,0.010000000,0.014000000,0.014000000,3,0.065000000,1,0,0,0,0,0,0,0.947969475,1.440881848,2.941200060
25.700000000,25.600000000,0.100000000,0,0,86,0,0.000000000,0.000000000,-0.100000000,0.100000000,0.000000000,0.000000000,-0.006977778,0.006977778,0.046000000,0.046000000,0.008000000,0.008000000,-0.010000000,0.010000000,3,0.065000000,1,0,0,0,0,0,0,1.015854197,1.352706654,2.935681844
25.800000000,25.700000000,0.100000000,0,0,86,0,0.000000000,0.000000000,-0.100000000,0.100000000,0.000000000,0.000000000,0.018000000,0.018000000,0.046000000,0.046000000,0.008000000,0.008000000,0.000000000,0.000000000,3,0.065000000,1,0,0,0,0,0,0,1.037642287,1.384083044,2.941613766
25.900000000,25.800000000,0.100000000,0,0,86,0,0.000000000,0.000000000,-0.100000000,0.100000000,0.000000000,0.000000000,-0.002000000,0.002000000,0.046000000,0.046000000,-0.010000000,0.010000000,0.012000000,0.012000000,3,0.065000000,1,0,0,0,0,0,0,1.083551586,1.428130826,2.940942464
26.000000000,25.900000000,0.100000000,0,0,86,0,0.000000000,0.000000000,-0.100000000,0.100000000,0.000000000,0.000000000,0.018400000,0.018400000,0.046000000,0.046000000,0.010000000,0.010000000,-0.010000000,0.010000000,3,0.065000000,1,0,0,0,0,0,0,1.159052145,1.495413643,2.944044965
26.100000000,26.000000000,0.100000000,0,0,86,0,0.000000000,0.000000000,-0.100000000,0.100000000,0.000000000,0.000000000,-0.001600000,0.001600000,0.046000000,0.046000000,0.008000000,0.008000000,0.002000000,0.002000000,3,0.065000000,1,0,0,0,0,0,0,1.253639725,1.510826447,2.943314506
26.200000000,26.100000000,0.100000000,0,0,86,0,0.000000000,0.000000000,-0.100000000,0.100000000,0.000000000,0.000000000,-0.001733333,0.001733333,0.046000000,0.046000000,-0.010000000,0.010000000,0.012000000,0.012000000,3,0.065000000,1,0,0,0,0,0,0,1.283966320,1.549829821,2.939252539
26.300000000,26.200000000,0.100000000,0,0,86,0,0.000000000,0.000000000,-0.100000000,0.100000000,0.000000000,0.000000000,-0.001600000,0.001600000,0.046000000,0.046000000,-0.010000000,0.010000000,-0.010000000,0.010000000,3,0.065000000,1,0,0,0,0,0,0,1.368505670,1.562924383,2.949292709
26.400000000,26.300000000,0.100000000,0,0,86,0,0.000000000,0.000000000,-0.100000000,0.100000000,0.000000000,0.000000000,0.018800000,0.018800000,0.046000000,0.046000000,0.010000000,0.010000000,0.000000000,0.000000000,3,0.065000000,1,0,0,0,0,0,0,1.483321452,1.611180008,2.942211634
26.500000000,26.400000000,0.100000000,0,0,86,0,0.000000000,0.000000000,-0.100000000,0.100000000,0.000000000,0.000000000,-0.001600000,0.001600000,-0.054000000,0.054000000,0.010000000,0.010000000,-0.018000000,0.018000000,3,0.065000000,1,0,0,0,0,0,0,1.606282166,1.597266973,2.930909698
26.600000000,26.500000000,0.100000000,0,0,86,0,0.000000000,0.000000000,-0.100000000,0.100000000,0.000000000,0.000000000,0.007333333,0.007333333,0.046000000,0.046000000,0.010000000,0.010000000,0.000000000,0.000000000,3,0.065000000,1,0,0,0,0,0,0,1.631792822,1.620916355,2.925336950
26.700000000,26.600000000,0.100000000,0,0,86,0,0.000000000,0.000000000,-0.100000000,0.100000000,0.000000000,0.000000000,-0.002000000,0.002000000,0.046000000,0.046000000,0.008000000,0.008000000,0.012000000,0.012000000,3,0.065000000,1,0,0,0,0,0,0,1.608426129,1.705696371,2.931457588
26.800000000,26.700000000,0.100000000,0,0,86,0,0.000000000,0.000000000,-0.100000000,0.100000000,0.000000000,0.000000000,0.018000000,0.018000000,0.046000000,0.046000000,0.008000000,0.008000000,0.000000000,0.000000000,3,0.065000000,1,0,0,0,0,0,0,1.646675784,1.788541242,2.932827521
26.900000000,26.800000000,0.100000000,0,0,86,0,0.000000000,0.000000000,-0.100000000,0.100000000,0.000000000,0.000000000,-0.002000000,0.002000000,-0.054000000,0.054000000,0.008000000,0.008000000,0.006000000,0.006000000,3,0.065000000,1,0,0,0,0,0,0,1.656493103,1.732252728,2.936372554
27.000000000,26.900000000,0.100000000,0,0,86,0,0.000000000,0.000000000,-0.100000000,0.100000000,0.000000000,0.000000000,0.018000000,0.018000000,-0.054000000,0.054000000,0.008000000,0.008000000,-0.008000000,0.008000000,3,0.065000000,1,0,0,0,0,0,0,1.653822959,1.733111452,2.947265598
27.100000000,27.000000000,0.100000000,0,0,86,0,0.000000000,0.000000000,-0.100000000,0.100000000,0.000000000,0.000000000,-0.002000000,0.002000000,0.046000000,0.046000000,0.008000000,0.008000000,0.004000000,0.004000000,3,0.065000000,1,0,0,0,0,0,0,1.690652142,1.730368339,2.950258113
27.200000000,27.100000000,0.100000000,0,0,86,0,0.000000000,0.000000000,-0.100000000,0.100000000,0.000000000,0.000000000,0.018000000,0.018000000,-0.054000000,0.054000000,0.010000000,0.010000000,0.014000000,0.014000000,3,0.065000000,1,0,0,0,0,0,0,1.711847893,1.745577083,2.941730193
27.300000000,27.200000000,0.100000000,0,0,86,0,0.000000000,0.000000000,-0.100000000,0.100000000,0.000000000,0.000000000,-0.002000000,0.002000000,0.046000000,0.046000000,0.010000000,0.010000000,-0.008000000,0.008000000,3,0.065000000,1,0,0,0,0,0,0,1.771617054,1.724301736,2.949603550
27.400000000,27.300000000,0.100000000,0,0,86,0,0.000000000,0.000000000,-0.100000000,0.100000000,0.000000000,0.000000000,0.018000000,0.018000000,-0.054000000,0.054000000,0.008000000,0.008000000,0.004000000,0.004000000,3,0.065000000,1,0,0,0,0,0,0,1.769899406,1.684939541,2.942516737
27.500000000,27.400000000,0.100000000,0,0,86,0,0.000000000,0.000000000,-0.100000000,0.100000000,0.000000000,0.000000000,0.022000000,0.022000000,0.046000000,0.046000000,-0.010000000,0.010000000,-0.018000000,0.018000000,3,0.065000000,1,0,0,0,0,0,0,1.773404075,1.660966118,2.954192237
27.600000000,27.500000000,0.100000000,0,0,86,0,0.000000000,0.000000000,-0.100000000,0.100000000,0.000000000,0.000000000,0.012666667,0.012666667,0.046000000,0.046000000,0.008000000,0.008000000,0.000000000,0.000000000,3,0.065000000,1,0,0,0,0,0,0,1.814871026,1.582220405,2.954193991
27.700000000,27.600000000,0.100000000,0,0,86,0,0.000000000,0.000000000,-0.100000000,0.100000000,0.000000000,0.000000000,-0.002000000,0.002000000,-0.054000000,0.054000000,0.006000000,0.006000000,0.016000000,0.016000000,3,0.065000000,1,0,0,0,0,0,0,1.813720556,1.614754740,2.953775653
27.800000000,27.700000000,0.100000000,0,0,86,0,0.000000000,0.000000000,-0.100000000,0.100000000,0.000000000,0.000000000,0.018800000,0.018800000,0.046000000,0.046000000,0.010000000,0.010000000,-0.002000000,0.002000000,3,0.065000000,1,0,0,0,0,0,0,1.814948833,1.595859389,2.961581295
27.900000000,27.800000000,0.100000000,0,0,86,0,0.000000000,0.000000000,-0.100000000,0.100000000,0.000000000,0.000000000,-0.009466667,0.009466667,0.046000000,0.046000000,0.008000000,0.008000000,0.018000000,0.018000000,3,0.065000000,1,0,0,0,0,0,0,1.828816517,1.577862363,2.973373728
28.000000000,27.900000000,0.100000000,0,0,86,0,0.000000000,0.000000000,-0.100000000,0.100000000,0.000000000,0.000000000,0.006400000,0.006400000,-0.054000000,0.054000000,0.008000000,0.008000000,-0.002000000,0.002000000,3,0.065000000,1,0,0,0,0,0,0,1.852041703,1.528960390,2.982605897
28.100000000,28.000000000,0.100000000,0,0,86,0,0.000000000,0.000000000,-0.100000000,0.100000000,0.000000000,0.000000000,-0.018933333,0.018933333,0.046000000,0.046000000,0.008000000,0.008000000,0.020000000,0.020000000,3,0.065000000,1,0,0,0,0,0,0,1.885757534,1.519838944,2.983924039
28.200000000,28.100000000,0.100000000,0,0,86,0,0.000000000,0.000000000,-0.100000000,0.100000000,0.000000000,0.000000000,0.016133333,0.016133333,0.046000000,0.046000000,-0.010000000,0.010000000,0.000000000,0.000000000,3,0.065000000,1,0,0,0,0,0,0,1.878302204,1.415742658,2.985729507
28.300000000,28.200000000,0.100000000,0,0,86,0,0.000000000,0.000000000,-0.100000000,0.100000000,0.000000000,0.000000000,-0.001200000,0.001200000,-0.054000000,0.054000000,0.006000000,0.006000000,0.010000000,0.010000000,3,0.065000000,1,0,0,0,0,0,0,1.907613770,1.446441686,2.982583672
28.400000000,28.300000000,0.100000000,0,0,86,0,0.000000000,0.000000000,-0.100000000,0.100000000,0.000000000,0.000000000,0.018400000,0.018400000,0.046000000,0.046000000,-0.010000000,0.010000000,-0.012000000,0.012000000,3,0.065000000,1,0,0,0,0,0,0,1.872789080,1.305795438,2.968393121
28.500000000,28.400000000,0.100000000,0,0,86,0,0.000000000,0.000000000,-0.100000000,0.100000000,0.000000000,0.000000000,-0.002000000,0.002000000,-0.054000000,0.054000000,0.008000000,0.008000000,0.002000000,0.002000000,3,0.065000000,1,0,0,0,0,0,0,1.836509187,1.335917251,2.966482344
28.600000000,28.500000000,0.100000000,0,0,86,0,0.000000000,0.000000000,-0.100000000,0.100000000,0.000000000,0.000000000,0.018000000,0.018000000,0.046000000,0.046000000,-0.010000000,0.010000000,0.016000000,0.016000000,3,0.065000000,1,0,0,0,0,0,0,1.768049829,1.227741913,2.953717238
28.700000000,28.600000000,0.100000000,0,0,86,0,0.000000000,0.000000000,-0.100000000,0.100000000,0.000000000,0.000000000,-0.002000000,0.002000000,0.046000000,0.046000000,0.008000000,0.008000000,-0.002000000,0.002000000,3,0.065000000,1,0,0,0,0,0,0,1.673545901,1.251431207,2.940784744
28.800000000,28.700000000,0.100000000,0,0,86,0,0.000000000,0.000000000,-0.100000000,0.100000000,0.000000000,0.000000000,0.018000000,0.018000000,-0.054000000,0.054000000,0.008000000,0.008000000,0.012000000,0.012000000,3,0.065000000,1,0,0,0,0,0,0,1.631076862,1.158335330,2.939146157
28.900000000,28.800000000,0.100000000,0,0,86,0,0.000000000,0.000000000,-0.100000000,0.100000000,0.000000000,0.000000000,-0.002000000,0.002000000,-0.052000000,0.052000000,-0.010000000,0.010000000,-0.014000000,0.014000000,3,0.065000000,1,0,0,0,0,0,0,1.584218759,1.213345806,2.941810516
29.000000000,28.900000000,0.100000000,0,0,86,0,0.000000000,0.000000000,-0.100000000,0.100000000,0.000000000,0.000000000,0.018400000,0.018400000,0.046000000,0.046000000,0.008000000,0.008000000,-0.002000000,0.002000000,3,0.065000000,1,0,0,0,0,0,0,1.532357231,1.152796758,2.946311440
29.100000000,29.000000000,0.100000000,0,0,86,0,0.000000000,0.000000000,-0.100000000,0.100000000,0.000000000,0.000000000,-0.001600000,0.001600000,-0.054000000,0.054000000,-0.010000000,0.010000000,0.006000000,0.006000000,3,0.065000000,1,0,0,0,0,0,0,1.469113197,1.188105567,2.956625333
29.200000000,29.100000000,0.100000000,0,0,86,0,0.000000000,0.000000000,-0.100000000,0.100000000,0.000000000,0.000000000,0.018000000,0.018000000,-0.154000000,0.154000000,-0.010000000,0.010000000,-0.018000000,0.018000000,3,0.065000000,1,0,0,0,0,0,0,1.459714500,1.121495469,2.953501668
29.300000000,29.200000000,0.100000000,0,0,86,0,0.000000000,0.000000000,-0.100000000,0.100000000,0.000000000,0.000000000,-0.002000000,0.002000000,-0.054000000,0.054000000,-0.010000000,0.010000000,-0.006000000,0.006000000,3,0.065000000,1,0,0,0,0,0,0,1.475682515,1.079002820,2.947070089
29.400000000,29.300000000,0.100000000,0,0,86,0,0.000000000,0.000000000,-0.100000000,0.100000000,0.000000000,0.000000000,0.018400000,0.018400000,-0.154000000,0.154000000,0.008000000,0.008000000,0.008000000,0.008000000,3,0.065000000,1,0,0,0,0,0,0,1.439985696,1.056887844,2.953358253
29.500000000,29.400000000,0.100000000,0,0,86,0,0.000000000,0.000000000,-0.100000000,0.100000000,0.000000000,0.000000000,-0.001600000,0.001600000,-0.254000000,0.254000000,0.008000000,0.008000000,-0.016000000,0.016000000,3,0.065000000,1,0,0,0,0,0,0,1.404573009,1.101284609,2.939625402
29.600000000,29.500000000,0.100000000,0,0,86,0,0.000000000,0.000000000,-0.100000000,0.100000000,0.000000000,0.000000000,0.018000000,0.018000000,-0.054000000,0.054000000,0.008000000,0.008000000,-0.004000000,0.004000000,3,0.065000000,1,0,0,0,0,0,0,1.309128900,1.116391073,2.956954038
29.700000000,29.600000000,0.100000000,0,0,86,0,0.000000000,0.000000000,0.000000000,0.000000000,0.000000000,0.000000000,-0.002000000,0.002000000,-0.154000000,0.154000000,0.008000000,0.008000000,0.008000000,0.008000000,3,0.065000000,1,0,0,0,0,0,0,1.259209536,1.138387918,2.942391266
29.800000000,29.700000000,0.100000000,0,0,86,0,0.000000000,0.000000000,-0.100000000,0.100000000,0.000000000,0.000000000,0.018400000,0.018400000,-0.054000000,0.054000000,0.008000000,0.008000000,-0.010000000,0.010000000,3,0.065000000,1,0,0,0,0,0,0,1.295039802,1.110738881,2.933698937
29.900000000,29.800000000,0.100000000,0,0,86,0,0.000000000,0.000000000,-0.100000000,0.100000000,0.000000000,0.000000000,-0.001600000,0.001600000,-0.154000000,0.154000000,0.008000000,0.008000000,0.010000000,0.010000000,3,0.065000000,1,0,0,0,0,0,0,1.292713820,1.096677091,2.936207187
30.000000000,29.900000000,0.100000000,0,0,86,0,0.000000000,0.000000000,-0.100000000,0.100000000,0.000000000,0.000000000,0.018000000,0.018000000,0.046000000,0.046000000,0.010000000,0.010000000,-0.010000000,0.010000000,3,0.065000000,1,0,0,0,0,0,0,1.284251779,1.094681378,2.938613163
30.100000000,30.000000000,0.100000000,0,0,86,0,0.000000000,0.000000000,-0.100000000,0.100000000,0.000000000,0.000000000,-0.002000000,0.002000000,-0.054000000,0.054000000,0.008000000,0.008000000,0.004000000,0.004000000,3,0.065000000,1,0,0,0,0,0,0,1.216398720,1.134707152,2.944203891
30.200000000,30.100000000,0.100000000,0,0,86,0,0.000000000,0.000000000,-0.100000000,0.100000000,0.000000000,0.000000000,0.018000000,0.018000000,-0.154000000,0.154000000,0.008000000,0.008000000,-0.012000000,0.012000000,3,0.065000000,1,0,0,0,0,0,0,1.209886229,1.119091520,2.938089753
30.300000000,30.200000000,0.100000000,0,0,86,0,0.000000000,0.000000000,-0.100000000,0.100000000,0.000000000,0.000000000,-0.002000000,0.002000000,-0.054000000,0.054000000,0.008000000,0.008000000,0.002000000,0.002000000,3,0.065000000,1,0,0,0,0,0,0,1.212598098,1.149773361,2.944993284
30.400000000,30.300000000,0.100000000,0,0,86,0,0.000000000,0.000000000,-0.100000000,0.100000000,0.000000000,0.000000000,0.007333333,0.007333333,-0.154000000,0.154000000,-0.010000000,0.010000000,-0.014000000,0.014000000,3,0.065000000,1,0,0,0,0,0,0,1.181967099,1.097940482,2.940916500
30.500000000,30.400000000,0.100000000,0,0,86,0,0.000000000,0.000000000,-0.100000000,0.100000000,0.000000000,0.000000000,-0.006933333,0.006933333,-0.254000000,0.254000000,-0.010000000,0.010000000,0.000000000,0.000000000,3,0.065000000,1,0,0,0,0,0,0,1.099139358,1.076258944,2.943313183
30.600000000,30.500000000,0.100000000,0,0,86,0,0.000000000,0.000000000,-0.100000000,0.100000000,0.000000000,0.000000000,0.018800000,0.018800000,-0.154000000,0.154000000,0.008000000,0.008000000,0.016000000,0.016000000,3,0.065000000,1,0,0,0,0,0,0,1.053031521,1.048427417,2.951909117
30.700000000,30.600000000,0.100000000,0,0,86,0,0.000000000,0.000000000,-0.100000000,0.100000000,0.000000000,0.000000000,-0.001600000,0.001600000,-0.254000000,0.254000000,0.008000000,0.008000000,0.000000000,0.000000000,3,0.065000000,1,0,0,0,0,0,0,1.033777426,0.985529525,2.958600698
30.800000000,30.700000000,0.100000000,0,0,86,0,0.000000000,0.000000000,-0.100000000,0.100000000,0.000000000,0.000000000,0.018000000,0.018000000,-0.354000000,0.354000000,-0.010000000,0.010000000,0.014000000,0.014000000,3,0.065000000,1,0,0,0,0,0,0,1.105737023,0.877787894,2.958003297
30.900000000,30.800000000,0.100000000,0,0,86,0,0.000000000,0.000000000,-0.100000000,0.100000000,0.000000000,0.000000000,-0.002000000,0.002000000,-0.154000000,0.154000000,-0.010000000,0.010000000,-0.004000000,0.004000000,3,0.065000000,1,0,0,0,0,0,0,1.056207975,0.903647288,2.967305213
31.000000000,30.900000000,0.100000000,0,0,86,0,0.000000000,0.000000000,-0.100000000,0.100000000,0.000000000,0.000000000,0.018000000,0.018000000,-0.254000000,0.254000000,-0.010000000,0.010000000,0.000000000,0.000000000,3,0.065000000,1,0,0,0,0,0,0,1.059327288,0.819729954,2.954157099
31.100000000,31.000000000,0.100000000,0,0,86,0,0.000000000,0.000000000,-0.100000000,0.100000000,0.000000000,0.000000000,-0.002000000,0.002000000,-0.054000000,0.054000000,0.010000000,0.010000000,-0.010000000,0.010000000,3,0.065000000,1,0,0,0,0,0,0,1.069921716,0.758732563,2.962636954
31.200000000,31.100000000,0.100000000,0,0,86,0,0.000000000,0.000000000,-0.100000000,0.100000000,0.000000000,0.000000000,0.018000000,0.018000000,-0.154000000,0.154000000,-0.010000000,0.010000000,-0.002000000,0.002000000,3,0.065000000,1,0,0,0,0,0,0,1.058458820,0.632904009,2.969878888
31.300000000,31.200000000,0.100000000,0,0,86,0,0.000000000,0.000000000,-0.100000000,0.100000000,0.000000000,0.000000000,-0.012666667,0.012666667,0.046000000,0.046000000,0.008000000,0.008000000,0.016000000,0.016000000,3,0.065000000,1,0,0,0,0,0,0,1.049417425,0.605702288,2.972064051
31.400000000,31.300000000,0.100000000,0,0,86,0,0.000000000,0.000000000,-0.100000000,0.100000000,0.000000000,0.000000000,0.002000000,0.002000000,-0.054000000,0.054000000,0.008000000,0.008000000,-0.002000000,0.002000000,3,0.065000000,1,0,0,0,0,0,0,1.025024447,0.521037952,2.972434731
31.500000000,31.400000000,0.100000000,0,0,86,0,0.000000000,0.000000000,-0.100000000,0.100000000,0.000000000,0.000000000,-0.012266667,0.012266667,-0.154000000,0.154000000,0.008000000,0.008000000,-0.004000000,0.004000000,3,0.065000000,1,0,0,0,0,0,0,0.961168070,0.467903380,2.984343432
31.600000000,31.500000000,0.100000000,0,0,86,0,0.000000000,0.000000000,-0.100000000,0.100000000,0.000000000,0.000000000,0.010533333,0.010533333,-0.054000000,0.054000000,0.008000000,0.008000000,-0.016000000,0.016000000,3,0.065000000,1,0,0,0,0,0,0,0.943965680,0.384731485,2.984305845
31.700000000,31.600000000,0.100000000,0,0,86,0,0.000000000,0.000000000,-0.100000000,0.100000000,0.000000000,0.000000000,0.006800000,0.006800000,-0.154000000,0.154000000,0.008000000,0.008000000,0.004000000,0.004000000,3,0.065000000,1,0,0,0,0,0,0,0.881072163,0.350334480,2.990959336
31.800000000,31.700000000,0.100000000,0,0,86,0,0.000000000,0.000000000,-0.100000000,0.100000000,0.000000000,0.000000000,0.087600000,0.087600000,0.046000000,0.046000000,0.010000000,0.010000000,-0.008000000,0.008000000,3,0.065000000,1,0,0,0,0,0,0,0.626031898,0.275749350,2.979570682
31.900000000,31.800000000,0.100000000,0,0,86,0,0.000000000,0.000000000,-0.100000000,0.100000000,0.000000000,0.000000000,-0.012400000,0.012400000,-0.054000000,0.054000000,0.008000000,0.008000000,0.010000000,0.010000000,3,0.065000000,1,0,0,0,0,0,0,0.421321914,0.353749816,2.978004186
32.000000000,31.900000000,0.100000000,0,0,86,0,0.000000000,0.000000000,-0.100000000,0.100000000,0.000000000,0.000000000,-0.008533333,0.008533333,-0.154000000,0.154000000,0.008000000,0.008000000,0.000000000,0.000000000,3,0.065000000,1,0,0,0,0,0,0,0.442381808,0.149306400,2.972695799
32.100000000,32.000000000,0.100000000,0,0,86,0,0.000000000,0.000000000,0.000000000,0.000000000,0.000000000,0.000000000,-0.001200000,0.001200000,-0.054000000,0.054000000,0.008000000,0.008000000,-0.016000000,0.016000000,3,0.065000000,1,0,0,0,0,0,0,0.381365388,0.153290984,2.960716334
32.200000000,32.100000000,0.100000000,0,0,86,0,0.000000000,0.000000000,-0.100000000,0.100000000,0.000000000,0.000000000,0.060933333,0.060933333,-0.154000000,0.154000000,0.008000000,0.008000000,0.018000000,0.018000000,3,0.065000000,1,0,0,0,0,0,0,0.120380215,0.051374773,2.950620847
32.300000000,32.200000000,0.100000000,0,0,86,0,0.000000000,0.000000000,-0.100000000,0.100000000,0.000000000,0.000000000,-0.009866667,0.009866667,-0.054000000,0.054000000,0.008000000,0.008000000,0.000000000,0.000000000,3,0.065000000,1,0,0,0,0,0,0,-0.017348747,0.164663816,2.947840815
32.400000000,32.300000000,0.100000000,0,0,86,0,0.000000000,0.000000000,-0.100000000,0.100000000,0.000000000,0.000000000,0.019600000,0.019600000,-0.154000000,0.154000000,0.008000000,0.008000000,-0.004000000,0.004000000,3,0.065000000,1,0,0,0,0,0,0,-0.038906920,-0.028655349,2.944971127
32.500000000,32.400000000,0.100000000,0,0,86,0,0.000000000,0.000000000,-0.100000000,0.100000000,0.000000000,0.000000000,-0.001200000,0.001200000,-0.254000000,0.254000000,0.008000000,0.008000000,-0.020000000,0.020000000,3,0.065000000,1,0,0,0,0,0,0,0.004735708,-0.108600352,2.957300884
32.600000000,32.500000000,0.100000000,0,0,86,0,0.000000000,0.000000000,-0.100000000,0.100000000,0.000000000,0.000000000,0.018400000,0.018400000,-0.354000000,0.354000000,-0.010000000,0.010000000,0.014000000,0.014000000,3,0.065000000,1,0,0,0,0,0,0,-0.025922501,-0.321730917,2.942736380
32.700000000,32.600000000,0.100000000,0,0,86,0,0.000000000,0.000000000,-0.100000000,0.100000000,0.000000000,0.000000000,-0.008666667,0.008666667,-0.154000000,0.154000000,-0.010000000,0.010000000,-0.008000000,0.008000000,3,0.065000000,1,0,0,0,0,0,0,-0.056628024,-0.196638270,2.940323909
32.800000000,32.700000000,0.100000000,0,0,86,0,0.000000000,0.000000000,-0.100000000,0.100000000,0.000000000,0.000000000,0.018400000,0.018400000,-0.254000000,0.254000000,-0.010000000,0.010000000,0.002000000,0.002000000,3,0.065000000,1,0,0,0,0,0,0,-0.187035208,-0.424217714,2.944885603
32.900000000,32.800000000,0.100000000,0,0,86,0,0.000000000,0.000000000,-0.100000000,0.100000000,0.000000000,0.000000000,-0.001200000,0.001200000,-0.354000000,0.354000000,0.008000000,0.008000000,0.018000000,0.018000000,3,0.065000000,1,0,0,0,0,0,0,-0.241240561,-0.410358124,2.947641137
33.000000000,32.900000000,0.100000000,0,0,86,0,0.000000000,0.000000000,-0.100000000,0.100000000,0.000000000,0.000000000,0.018400000,0.018400000,-0.154000000,0.154000000,0.008000000,0.008000000,-0.008000000,0.008000000,3,0.065000000,1,0,0,0,0,0,0,-0.311864177,-0.566257263,2.941888136
33.100000000,33.000000000,0.100000000,0,0,86,0,0.000000000,0.000000000,-0.100000000,0.100000000,0.000000000,0.000000000,-0.017466667,0.017466667,-0.254000000,0.254000000,-0.010000000,0.010000000,0.004000000,0.004000000,3,0.065000000,1,0,0,0,0,0,0,-0.174816183,-0.591289710,2.946923215
33.200000000,33.100000000,0.100000000,0,0,86,0,0.000000000,0.000000000,-0.100000000,0.100000000,0.000000000,0.000000000,0.005066667,0.005066667,-0.354000000,0.354000000,0.010000000,0.010000000,-0.016000000,0.016000000,3,0.065000000,1,0,0,0,0,0,0,-0.207583835,-0.774381583,2.948587499
33.300000000,33.200000000,0.100000000,0,0,86,0,0.000000000,0.000000000,-0.100000000,0.100000000,0.000000000,0.000000000,-0.004533333,0.004533333,-0.154000000,0.154000000,0.008000000,0.008000000,0.002000000,0.002000000,3,0.065000000,1,0,0,0,0,0,0,-0.261184678,-0.820735876,2.956049755
33.400000000,33.300000000,0.100000000,0,0,86,0,0.000000000,0.000000000,-0.100000000,0.100000000,0.000000000,0.000000000,0.007333333,0.007333333,-0.254000000,0.254000000,0.008000000,0.008000000,0.014000000,0.014000000,3,0.065000000,1,0,0,0,0,0,0,-0.461981897,-0.769419437,2.966512185
33.500000000,33.400000000,0.100000000,0,0,86,0,0.000000000,0.000000000,0.000000000,0.000000000,0.000000000,0.000000000,-0.007333333,0.007333333,-0.354000000,0.354000000,-0.010000000,0.010000000,-0.008000000,0.008000000,3,0.065000000,1,0,0,0,0,0,0,-0.613136855,-0.748525601,2.977148558
33.600000000,33.500000000,0.100000000,0,0,86,0,0.000000000,0.000000000,-0.100000000,0.100000000,0.000000000,0.000000000,-0.003333333,0.003333333,-0.154000000,0.154000000,-0.010000000,0.010000000,0.000000000,0.000000000,3,0.065000000,1,0,0,0,0,0,0,-0.682072986,-0.844934873,2.974889346
33.700000000,33.600000000,0.100000000,0,0,86,0,0.000000000,0.000000000,-0.100000000,0.100000000,0.000000000,0.000000000,-0.012666667,0.012666667,0.046000000,0.046000000,0.008000000,0.008000000,0.016000000,0.016000000,3,0.065000000,1,0,0,0,0,0,0,-0.775051828,-0.860708261,2.967837267
33.800000000,33.700000000,0.100000000,0,0,86,0,0.000000000,0.000000000,-0.100000000,0.100000000,0.000000000,0.000000000,0.018000000,0.018000000,0.046000000,0.046000000,-0.010000000,0.010000000,-0.010000000,0.010000000,3,0.065000000,1,0,0,0,0,0,0,-0.841233592,-0.931229310,2.961666200
33.900000000,33.800000000,0.100000000,0,0,86,0,0.000000000,0.000000000,-0.100000000,0.100000000,0.000000000,0.000000000,-0.002000000,0.002000000,0.046000000,0.046000000,-0.010000000,0.010000000,0.002000000,0.002000000,3,0.065000000,1,0,0,0,0,0,0,-0.889276273,-0.918996050,2.953762713
34.000000000,33.900000000,0.100000000,0,0,86,0,0.000000000,0.000000000,-0.100000000,0.100000000,0.000000000,0.000000000,0.018400000,0.018400000,0.046000000,0.046000000,-0.010000000,0.010000000,0.014000000,0.014000000,3,0.065000000,1,0,0,0,0,0,0,-0.922648569,-1.002566193,2.964351316
34.100000000,34.000000000,0.100000000,0,0,86,0,0.000000000,0.000000000,-0.100000000,0.100000000,0.000000000,0.000000000,-0.001600000,0.001600000,0.046000000,0.046000000,0.008000000,0.008000000,-0.012000000,0.012000000,3,0.065000000,1,0,0,0,0,0,0,-0.994806292,-0.972453627,2.974549209
34.200000000,34.100000000,0.100000000,0,0,86,0,0.000000000,0.000000000,-0.100000000,0.100000000,0.000000000,0.000000000,0.018000000,0.018000000,0.046000000,0.046000000,-0.010000000,0.010000000,0.002000000,0.002000000,3,0.065000000,1,0,0,0,0,0,0,-0.994611275,-0.966840677,2.967570665
34.300000000,34.200000000,0.100000000,0,0,86,0,0.000000000,0.000000000,-0.100000000,0.100000000,0.000000000,0.000000000,-0.002000000,0.002000000,-0.054000000,0.054000000,-0.010000000,0.010000000,0.014000000,0.014000000,3,0.065000000,1,0,0,0,0,0,0,-1.040567456,-0.961040084,2.972490226
34.400000000,34.300000000,0.100000000,0,0,86,0,0.000000000,0.000000000,-0.100000000,0.100000000,0.000000000,0.000000000,0.018000000,0.018000000,0.046000000,0.046000000,-0.010000000,0.010000000,-0.010000000,0.010000000,3,0.065000000,1,0,0,0,0,0,0,-1.051483499,-0.934061821,2.975999269
34.500000000,34.400000000,0.100000000,0,0,86,0,0.000000000,0.000000000,-0.100000000,0.100000000,0.000000000,0.000000000,-0.002000000,0.002000000,0.046000000,0.046000000,0.008000000,0.008000000,0.002000000,0.002000000,3,0.065000000,1,0,0,0,0,0,0,-1.061634627,-0.942491343,2.962761142
34.600000000,34.500000000,0.100000000,0,0,86,0,0.000000000,0.000000000,-0.100000000,0.100000000,0.000000000,0.000000000,0.018000000,0.018000000,0.046000000,0.046000000,-0.010000000,0.010000000,0.014000000,0.014000000,3,0.065000000,1,0,0,0,0,0,0,-1.059554039,-0.923344747,2.960527837
34.700000000,34.600000000,0.100000000,0,0,86,0,0.000000000,0.000000000,-0.100000000,0.100000000,0.000000000,0.000000000,-0.002000000,0.002000000,0.046000000,0.046000000,-0.010000000,0.010000000,-0.008000000,0.008000000,3,0.065000000,1,0,0,0,0,0,0,-1.039912974,-0.911055800,2.955720556
34.800000000,34.700000000,0.100000000,0,0,86,0,0.000000000,0.000000000,-0.100000000,0.100000000,0.000000000,0.000000000,0.018000000,0.018000000,-0.054000000,0.054000000,-0.010000000,0.010000000,0.002000000,0.002000000,3,0.065000000,1,0,0,0,0,0,0,-1.020525159,-0.890871727,2.951552583
34.900000000,34.800000000,0.100000000,0,0,86,0,0.000000000,0.000000000,-0.100000000,0.100000000,0.000000000,0.000000000,-0.002000000,0.002000000,0.046000000,0.046000000,-0.010000000,0.010000000,0.016000000,0.016000000,3,0.065000000,1,0,0,0,0,0,0,-0.976031325,-0.959512148,2.953768319
35.000000000,34.900000000,0.100000000,0,0,86,0,0.000000000,0.000000000,-0.100000000,0.100000000,0.000000000,0.000000000,0.018400000,0.018400000,-0.054000000,0.054000000,0.008000000,0.008000000,-0.010000000,0.010000000,3,0.065000000,1,0,0,0,0,0,0,-0.914108814,-0.962243150,2.955143721
35.100000000,35.000000000,0.100000000,0,0,86,0,0.000000000,0.000000000,-0.100000000,0.100000000,0.000000000,0.000000000,-0.001600000,0.001600000,-0.154000000,0.154000000,0.008000000,0.008000000,0.002000000,0.002000000,3,0.065000000,1,0,0,0,0,0,0,-0.924793583,-1.019186020,2.944933770
35.200000000,35.100000000,0.100000000,0,0,86,0,0.000000000,0.000000000,-0.100000000,0.100000000,0.000000000,0.000000000,0.018000000,0.018000000,-0.054000000,0.054000000,-0.010000000,0.010000000,-0.018000000,0.018000000,3,0.065000000,1,0,0,0,0,0,0,-0.934243075,-1.042296485,2.946889226
35.300000000,35.200000000,0.100000000,0,0,86,0,0.000000000,0.000000000,-0.100000000,0.100000000,0.000000000,0.000000000,-0.001600000,0.001600000,-0.154000000,0.154000000,0.008000000,0.008000000,-0.014000000,0.014000000,3,0.065000000,1,0,0,0,0,0,0,-1.027982440,-1.030958012,2.942638914
35.400000000,35.300000000,0.100000000,0,0,86,0,0.000000000,0.000000000,-0.100000000,0.100000000,0.000000000,0.000000000,0.018400000,0.018400000,-0.254000000,0.254000000,0.008000000,0.008000000,0.002000000,0.002000000,3,0.065000000,1,0,0,0,0,0,0,-1.023166426,-0.939127164,2.946508493
35.500000000,35.400000000,0.100000000,0,0,86,0,0.000000000,0.000000000,-0.100000000,0.100000000,0.000000000,0.000000000,-0.002000000,0.002000000,-0.054000000,0.054000000,0.008000000,0.008000000,-0.016000000,0.016000000,3,0.065000000,1,0,0,0,0,0,0,-0.964939547,-0.913126142,2.947219673
35.600000000,35.500000000,0.100000000,0,0,86,0,0.000000000,0.000000000,-0.100000000,0.100000000,0.000000000,0.000000000,0.018400000,0.018400000,-0.154000000,0.154000000,0.008000000,0.008000000,0.006000000,0.006000000,3,0.065000000,1,0,0,0,0,0,0,-0.952897757,-0.841415155,2.941046157
35.700000000,35.600000000,0.100000000,0,0,86,0,0.000000000,0.000000000,-0.100000000,0.100000000,0.000000000,0.000000000,-0.000800000,0.000800000,-0.054000000,0.054000000,0.008000000,0.008000000,-0.008000000,0.008000000,3,0.065000000,1,0,0,0,0,0,0,-0.923929332,-0.857350479,2.939344700
35.800000000,35.700000000,0.100000000,0,0,86,0,0.000000000,0.000000000,-0.100000000,0.100000000,0.000000000,0.000000000,0.019200000,0.019200000,0.146000000,0.146000000,0.008000000,0.008000000,-0.010000000,0.010000000,3,0.065000000,1,0,0,0,0,0,0,-0.864061237,-0.707064100,2.938843280
35.900000000,35.800000000,0.100000000,0,0,86,0,0.000000000,0.000000000,-0.100000000,0.100000000,0.000000000,0.000000000,-0.017333333,0.017333333,0.046000000,0.046000000,0.008000000,0.008000000,0.008000000,0.008000000,3,0.065000000,1,0,0,0,0,0,0,-0.783686114,-0.771188634,2.924566565
36.000000000,35.900000000,0.100000000,0,0,86,0,0.000000000,0.000000000,-0.100000000,0.100000000,0.000000000,0.000000000,0.007333333,0.007333333,0.046000000,0.046000000,-0.010000000,0.010000000,-0.014000000,0.014000000,3,0.065000000,1,0,0,0,0,0,0,-0.752772259,-0.660437320,2.929709295
36.100000000,36.000000000,0.100000000,0,0,86,0,0.000000000,0.000000000,-0.100000000,0.100000000,0.000000000,0.000000000,-0.007333333,0.007333333,0.046000000,0.046000000,0.010000000,0.010000000,0.000000000,0.000000000,3,0.065000000,1,0,0,0,0,0,0,-0.715679333,-0.750992172,2.941263433
36.200000000,36.100000000,0.100000000,0,0,86,0,0.000000000,0.000000000,-0.100000000,0.100000000,0.000000000,0.000000000,0.018000000,0.018000000,0.046000000,0.046000000,0.008000000,0.008000000,0.010000000,0.010000000,3,0.065000000,1,0,0,0,0,0,0,-0.641495713,-0.728366490,2.956989418
36.300000000,36.200000000,0.100000000,0,0,86,0,0.000000000,0.000000000,-0.100000000,0.100000000,0.000000000,0.000000000,0.022000000,0.022000000,0.046000000,0.046000000,0.008000000,0.008000000,-0.014000000,0.014000000,3,0.065000000,1,0,0,0,0,0,0,-0.587575881,-0.821623786,2.954422909
36.400000000,36.300000000,0.100000000,0,0,86,0,0.000000000,0.000000000,-0.100000000,0.100000000,0.000000000,0.000000000,0.018000000,0.018000000,0.048000000,0.048000000,0.008000000,0.008000000,-0.002000000,0.002000000,3,0.065000000,1,0,0,0,0,0,0,-0.595767452,-0.875669332,2.960667409
36.500000000,36.400000000,0.100000000,0,0,86,0,0.000000000,0.000000000,-0.100000000,0.100000000,0.000000000,0.000000000,-0.002000000,0.002000000,-0.052000000,0.052000000,0.008000000,0.008000000,0.012000000,0.012000000,3,0.065000000,1,0,0,0,0,0,0,-0.626403846,-0.919913538,2.949984623
36.600000000,36.500000000,0.100000000,0,0,86,0,0.000000000,0.000000000,-0.100000000,0.100000000,0.000000000,0.000000000,0.018400000,0.018400000,0.046000000,0.046000000,-0.010000000,0.010000000,-0.012000000,0.012000000,3,0.065000000,1,0,0,0,0,0,0,-0.627871561,-0.883297661,2.940402004
36.700000000,36.600000000,0.100000000,0,0,86,0,0.000000000,0.000000000,-0.100000000,0.100000000,0.000000000,0.000000000,-0.000800000,0.000800000,0.046000000,0.046000000,0.008000000,0.008000000,0.004000000,0.004000000,3,0.065000000,1,0,0,0,0,0,0,-0.664488367,-0.840023747,2.944264499
36.800000000,36.700000000,0.100000000,0,0,86,0,0.000000000,0.000000000,-0.100000000,0.100000000,0.000000000,0.000000000,0.019200000,0.019200000,0.046000000,0.046000000,0.008000000,0.008000000,-0.016000000,0.016000000,3,0.065000000,1,0,0,0,0,0,0,-0.685267727,-0.784931395,2.939947194
36.900000000,36.800000000,0.100000000,0,0,86,0,0.000000000,0.000000000,-0.100000000,0.100000000,0.000000000,0.000000000,-0.001600000,0.001600000,0.046000000,0.046000000,0.008000000,0.008000000,0.006000000,0.006000000,3,0.065000000,1,0,0,0,0,0,0,-0.671507158,-0.759517590,2.939025875
37.000000000,36.900000000,0.100000000,0,0,86,0,0.000000000,0.000000000,-0.100000000,0.100000000,0.000000000,0.000000000,0.018400000,0.018400000,0.046000000,0.046000000,0.010000000,0.010000000,-0.012000000,0.012000000,3,0.065000000,1,0,0,0,0,0,0,-0.714875352,-0.658524277,2.938023080
37.100000000,37.000000000,0.100000000,0,0,86,0,0.000000000,0.000000000,-0.100000000,0.100000000,0.000000000,0.000000000,-0.001600000,0.001600000,0.046000000,0.046000000,0.008000000,0.008000000,0.012000000,0.012000000,3,0.065000000,1,0,0,0,0,0,0,-0.740944158,-0.718754593,2.939576248
37.200000000,37.100000000,0.100000000,0,0,86,0,0.000000000,0.000000000,-0.100000000,0.100000000,0.000000000,0.000000000,0.018800000,0.018800000,0.046000000,0.046000000,0.010000000,0.010000000,0.004000000,0.004000000,3,0.065000000,1,0,0,0,0,0,0,-0.701463264,-0.731839245,2.941180160
37.300000000,37.200000000,0.100000000,0,0,86,0,0.000000000,0.000000000,-0.100000000,0.100000000,0.000000000,0.000000000,-0.000400000,0.000400000,0.046000000,0.046000000,-0.010000000,0.010000000,-0.006000000,0.006000000,3,0.065000000,1,0,0,0,0,0,0,-0.688772030,-0.705433807,2.952489558
37.400000000,37.300000000,0.100000000,0,0,86,0,0.000000000,0.000000000,-0.100000000,0.100000000,0.000000000,0.000000000,0.019200000,0.019200000,0.046000000,0.046000000,0.008000000,0.008000000,0.008000000,0.008000000,3,0.065000000,1,0,0,0,0,0,0,-0.706563168,-0.720977706,2.950533557
37.500000000,37.400000000,0.100000000,0,0,86,0,0.000000000,0.000000000,-0.100000000,0.100000000,0.000000000,0.000000000,-0.001600000,0.001600000,0.046000000,0.046000000,0.008000000,0.008000000,-0.008000000,0.008000000,4,0.050000000,1,0,0,0,0,0,0,-0.715076840,-0.702885808,2.959934520
37.600000000,37.500000000,0.100000000,0,0,86,0,0.000000000,0.000000000,-0.100000000,0.100000000,0.000000000,0.000000000,0.018000000,0.018000000,0.046000000,0.046000000,0.010000000,0.010000000,0.006000000,0.006000000,4,0.050000000,1,0,0,0,0,0,0,-0.695508835,-0.697168260,2.966819210
37.700000000,37.600000000,0.100000000,0,0,86,0,0.000000000,0.000000000,-0.100000000,0.100000000,0.000000000,0.000000000,-0.002000000,0.002000000,0.046000000,0.046000000,-0.010000000,0.010000000,-0.012000000,0.012000000,4,0.050000000,1,0,0,0,0,0,0,-0.693834719,-0.724849942,2.958538484
37.800000000,37.700000000,0.100000000,0,0,86,0,0.000000000,0.000000000,-0.100000000,0.100000000,0.000000000,0.000000000,0.018000000,0.018000000,0.046000000,0.046000000,-0.010000000,0.010000000,-0.002000000,0.002000000,4,0.050000000,1,0,0,0,0,0,0,-0.753363517,-0.712821968,2.958453025
37.900000000,37.800000000,0.100000000,0,0,86,0,0.000000000,0.000000000,-0.100000000,0.100000000,0.000000000,0.000000000,-0.002000000,0.002000000,-0.054000000,0.054000000,-0.010000000,0.010000000,0.012000000,0.012000000,4,0.050000000,1,0,0,0,0,0,0,-0.783630136,-0.722069285,2.950562483
38.000000000,37.900000000,0.100000000,0,0,86,0,0.000000000,0.000000000,-0.100000000,0.100000000,0.000000000,0.000000000,0.018000000,0.018000000,0.046000000,0.046000000,-0.010000000,0.010000000,-0.014000000,0.014000000,4,0.050000000,1,0,0,0,0,0,0,-0.740019240,-0.682754156,2.940232004
38.100000000,38.000000000,0.100000000,0,0,86,0,0.000000000,0.000000000,-0.100000000,0.100000000,0.000000000,0.000000000,-0.002000000,0.002000000,0.046000000,0.046000000,-0.010000000,0.010000000,-0.002000000,0.002000000,4,0.050000000,1,0,0,0,0,0,0,-0.688230734,-0.693837164,2.924972276
38.200000000,38.100000000,0.100000000,0,0,86,0,0.000000000,0.000000000,-0.100000000,0.100000000,0.000000000,0.000000000,0.018000000,0.018000000,-0.054000000,0.054000000,-0.010000000,0.010000000,0.008000000,0.008000000,4,0.050000000,1,0,0,0,0,0,0,-0.626723585,-0.727386214,2.923031880
38.300000000,38.200000000,0.100000000,0,0,86,0,0.000000000,0.000000000,-0.100000000,0.100000000,0.000000000,0.000000000,-0.002000000,0.002000000,-0.054000000,0.054000000,-0.010000000,0.010000000,-0.016000000,0.016000000,4,0.050000000,1,0,0,0,0,0,0,-0.605996204,-0.710284096,2.907911316
38.400000000,38.300000000,0.100000000,0,0,86,0,0.000000000,0.000000000,-0.100000000,0.100000000,0.000000000,0.000000000,0.018000000,0.018000000,-0.154000000,0.154000000,-0.010000000,0.010000000,0.000000000,0.000000000,4,0.050000000,1,0,0,0,0,0,0,-0.644092043,-0.678820194,2.918636475
38.500000000,38.400000000,0.100000000,0,0,86,0,0.000000000,0.000000000,-0.100000000,0.100000000,0.000000000,0.000000000,-0.002000000,0.002000000,0.046000000,0.046000000,-0.010000000,0.010000000,0.010000000,0.010000000,4,0.050000000,1,0,0,0,0,0,0,-0.670957468,-0.658030795,2.926099065
38.600000000,38.500000000,0.100000000,0,0,86,0,0.000000000,0.000000000,-0.100000000,0.100000000,0.000000000,0.000000000,0.018000000,0.018000000,-0.054000000,0.054000000,-0.010000000,0.010000000,-0.012000000,0.012000000,4,0.050000000,1,0,0,0,0,0,0,-0.645213618,-0.673927303,2.919384475
38.700000000,38.600000000,0.100000000,0,0,86,0,0.000000000,0.000000000,-0.100000000,0.100000000,0.000000000,0.000000000,-0.002000000,0.002000000,-0.054000000,0.054000000,-0.010000000,0.010000000,-0.006000000,0.006000000,4,0.050000000,1,0,0,0,0,0,0,-0.611829685,-0.696634049,2.922594607
38.800000000,38.700000000,0.100000000,0,0,86,0,0.000000000,0.000000000,-0.100000000,0.100000000,0.000000000,0.000000000,0.018000000,0.018000000,0.046000000,0.046000000,-0.010000000,0.010000000,0.004000000,0.004000000,4,0.050000000,1,0,0,0,0,0,0,-0.631112194,-0.626454095,2.928760100
38.900000000,38.800000000,0.100000000,0,0,86,0,0.000000000,0.000000000,-0.100000000,0.100000000,0.000000000,0.000000000,-0.010000000,0.010000000,0.046000000,0.046000000,-0.010000000,0.010000000,0.016000000,0.016000000,4,0.050000000,1,0,0,0,0,0,0,-0.573842605,-0.612081528,2.920031174
39.000000000,38.900000000,0.100000000,0,0,86,0,0.000000000,0.000000000,-0.100000000,0.100000000,0.000000000,0.000000000,0.018000000,0.018000000,-0.054000000,0.054000000,0.008000000,0.008000000,-0.002000000,0.002000000,4,0.050000000,1,0,0,0,0,0,0,-0.545813609,-0.585691551,2.915770770
39.100000000,39.000000000,0.100000000,0,0,86,0,0.000000000,0.000000000,-0.100000000,0.100000000,0.000000000,0.000000000,-0.002000000,0.002000000,0.046000000,0.046000000,-0.010000000,0.010000000,0.012000000,0.012000000,4,0.050000000,1,0,0,0,0,0,0,-0.549926758,-0.500265806,2.930296829
39.200000000,39.100000000,0.100000000,0,0,86,0,0.000000000,0.000000000,-0.100000000,0.100000000,0.000000000,0.000000000,0.018000000,0.018000000,0.048000000,0.048000000,0.008000000,0.008000000,-0.010000000,0.010000000,4,0.050000000,1,0,0,0,0,0,0,-0.568832686,-0.478789391,2.933432153
39.300000000,39.200000000,0.100000000,0,0,86,0,0.000000000,0.000000000,-0.100000000,0.100000000,0.000000000,0.000000000,-0.001600000,0.001600000,0.048000000,0.048000000,-0.010000000,0.010000000,0.000000000,0.000000000,4,0.050000000,1,0,0,0,0,0,0,-0.530488503,-0.440176920,2.925522754
39.400000000,39.300000000,0.100000000,0,0,86,0,0.000000000,0.000000000,-0.100000000,0.100000000,0.000000000,0.000000000,0.018400000,0.018400000,-0.052000000,0.052000000,-0.010000000,0.010000000,0.014000000,0.014000000,4,0.050000000,1,0,0,0,0,0,0,-0.492664155,-0.376265904,2.933823199
39.500000000,39.400000000,0.100000000,0,0,86,0,0.000000000,0.000000000,-0.100000000,0.100000000,0.000000000,0.000000000,-0.002000000,0.002000000,0.048000000,0.048000000,0.010000000,0.010000000,-0.006000000,0.006000000,4,0.050000000,1,0,0,0,0,0,0,-0.507227648,-0.315528542,2.945115804
39.600000000,39.500000000,0.100000000,0,0,86,0,0.000000000,0.000000000,-0.100000000,0.100000000,0.000000000,0.000000000,0.018000000,0.018000000,0.048000000,0.048000000,-0.010000000,0.010000000,0.008000000,0.008000000,4,0.050000000,1,0,0,0,0,0,0,-0.514928400,-0.258146581,2.935265968
39.700000000,39.600000000,0.100000000,0,0,86,0,0.000000000,0.000000000,-0.100000000,0.100000000,0.000000000,0.000000000,-0.002000000,0.002000000,-0.052000000,0.052000000,-0.010000000,0.010000000,-0.016000000,0.016000000,4,0.050000000,1,0,0,0,0,0,0,-0.502145962,-0.203747419,2.927393969
39.800000000,39.700000000,0.100000000,0,0,86,0,0.000000000,0.000000000,-0.100000000,0.100000000,0.000000000,0.000000000,0.018000000,0.018000000,0.048000000,0.048000000,-0.010000000,0.010000000,-0.002000000,0.002000000,4,0.050000000,1,0,0,0,0,0,0,-0.518546527,-0.154656339,2.941467841
39.900000000,39.800000000,0.100000000,0,0,86,0,0.000000000,0.000000000,-0.100000000,0.100000000,0.000000000,0.000000000,-0.002000000,0.002000000,0.048000000,0.048000000,-0.010000000,0.010000000,0.008000000,0.008000000,4,0.050000000,1,0,0,0,0,0,0,-0.543397672,-0.156380912,2.946134742
40.000000000,39.900000000,0.100000000,0,0,86,0,0.000000000,0.000000000,-0.100000000,0.100000000,0.000000000,0.000000000,0.018000000,0.018000000,0.048000000,0.048000000,-0.010000000,0.010000000,-0.016000000,0.016000000,4,0.050000000,1,0,0,0,0,0,0,-0.542877607,-0.108273539,2.944549274
40.100000000,40.000000000,0.100000000,0,0,86,0,0.000000000,0.000000000,-0.100000000,0.100000000,0.000000000,0.000000000,-0.002000000,0.002000000,-0.052000000,0.052000000,0.008000000,0.008000000,-0.002000000,0.002000000,4,0.050000000,1,0,0,0,0,0,0,-0.506677522,-0.106719550,2.942765633
40.200000000,40.100000000,0.100000000,0,0,86,0,0.000000000,0.000000000,-0.100000000,0.100000000,0.000000000,0.000000000,0.018000000,0.018000000,0.048000000,0.048000000,-0.012000000,0.012000000,0.010000000,0.010000000,4,0.050000000,1,0,0,0,0,0,0,-0.494198219,-0.066995924,2.954859353
40.300000000,40.200000000,0.100000000,0,0,86,0,0.000000000,0.000000000,-0.100000000,0.100000000,0.000000000,0.000000000,-0.001600000,0.001600000,-0.052000000,0.052000000,-0.010000000,0.010000000,-0.012000000,0.012000000,4,0.050000000,1,0,0,0,0,0,0,-0.513544178,-0.046097210,2.952922630
40.400000000,40.300000000,0.100000000,0,0,86,0,0.000000000,0.000000000,-0.100000000,0.100000000,0.000000000,0.000000000,0.018400000,0.018400000,-0.052000000,0.052000000,0.010000000,0.010000000,0.000000000,0.000000000,4,0.050000000,1,0,0,0,0,0,0,-0.482484481,0.017144771,2.947206765
40.500000000,40.400000000,0.100000000,0,0,86,0,0.000000000,0.000000000,-0.100000000,0.100000000,0.000000000,0.000000000,-0.002000000,0.002000000,0.048000000,0.048000000,-0.010000000,0.010000000,0.008000000,0.008000000,4,0.050000000,1,0,0,0,0,0,0,-0.444446205,0.086309510,2.945849868
40.600000000,40.500000000,0.100000000,0,0,86,0,0.000000000,0.000000000,-0.100000000,0.100000000,0.000000000,0.000000000,0.018000000,0.018000000,-0.052000000,0.052000000,-0.010000000,0.010000000,-0.014000000,0.014000000,4,0.050000000,1,0,0,0,0,0,0,-0.439260348,0.060858153,2.948088221
40.700000000,40.600000000,0.100000000,0,0,86,0,0.000000000,0.000000000,-0.100000000,0.100000000,0.000000000,0.000000000,-0.001600000,0.001600000,0.048000000,0.048000000,0.008000000,0.008000000,0.000000000,0.000000000,4,0.050000000,1,0,0,0,0,0,0,-0.437943634,0.137639501,2.944173400
40.800000000,40.700000000,0.100000000,0,0,86,0,0.000000000,0.000000000,-0.100000000,0.100000000,0.000000000,0.000000000,0.018400000,0.018400000,0.048000000,0.048000000,0.008000000,0.008000000,0.002000000,0.002000000,4,0.050000000,1,0,0,0,0,0,0,-0.426043211,0.178707677,2.943833295
40.900000000,40.800000000,0.100000000,0,0,86,0,0.000000000,0.000000000,-0.100000000,0.100000000,0.000000000,0.000000000,-0.002000000,0.002000000,0.048000000,0.048000000,0.010000000,0.010000000,-0.018000000,0.018000000,4,0.050000000,1,0,0,0,0,0,0,-0.402093272,0.195048271,2.946732414
41.000000000,40.900000000,0.100000000,0,0,86,0,0.000000000,0.000000000,-0.100000000,0.100000000,0.000000000,0.000000000,0.018400000,0.018400000,0.048000000,0.048000000,0.008000000,0.008000000,-0.004000000,0.004000000,4,0.050000000,1,0,0,0,0,0,0,-0.393573719,0.242069330,2.936051573
41.100000000,41.000000000,0.100000000,0,0,86,0,0.000000000,0.000000000,-0.100000000,0.100000000,0.000000000,0.000000000,-0.001600000,0.001600000,0.048000000,0.048000000,-0.010000000,0.010000000,0.010000000,0.010000000,4,0.050000000,1,0,0,0,0,0,0,-0.410328687,0.268111611,2.927774208
41.200000000,41.100000000,0.100000000,0,0,86,0,0.000000000,0.000000000,-0.100000000,0.100000000,0.000000000,0.000000000,0.018000000,0.018000000,-0.052000000,0.052000000,-0.010000000,0.010000000,-0.012000000,0.012000000,4,0.050000000,1,0,0,0,0,0,0,-0.404325123,0.363474917,2.935335332
41.300000000,41.200000000,0.100000000,0,0,86,0,0.000000000,0.000000000,-0.100000000,0.100000000,0.000000000,0.000000000,-0.002000000,0.002000000,0.048000000,0.048000000,-0.010000000,0.010000000,-0.002000000,0.002000000,4,0.050000000,1,0,0,0,0,0,0,-0.412603213,0.450790197,2.945627604
41.400000000,41.300000000,0.100000000,0,0,86,0,0.000000000,0.000000000,-0.100000000,0.100000000,0.000000000,0.000000000,0.018000000,0.018000000,0.050000000,0.050000000,0.008000000,0.008000000,0.006000000,0.006000000,4,0.050000000,1,0,0,0,0,0,0,-0.478647420,0.532938691,2.949242862
41.500000000,41.400000000,0.100000000,0,0,86,0,0.000000000,0.000000000,-0.100000000,0.100000000,0.000000000,0.000000000,-0.002000000,0.002000000,-0.050000000,0.050000000,-0.008000000,0.008000000,-0.016000000,0.016000000,4,0.050000000,1,0,0,0,0,0,0,-0.462963510,0.620261668,2.966706735
41.600000000,41.500000000,0.100000000,0,0,86,0,0.000000000,0.000000000,-0.100000000,0.100000000,0.000000000,0.000000000,0.018000000,0.018000000,0.048000000,0.048000000,-0.010000000,0.010000000,-0.002000000,0.002000000,4,0.050000000,1,0,0,0,0,0,0,-0.451926777,0.712561686,2.963745565
41.700000000,41.600000000,0.100000000,0,0,86,0,0.000000000,0.000000000,-0.100000000,0.100000000,0.000000000,0.000000000,-0.002000000,0.002000000,0.048000000,0.048000000,0.008000000,0.008000000,0.008000000,0.008000000,4,0.050000000,1,0,0,0,0,0,0,-0.467011654,0.759686502,2.963358275
41.800000000,41.700000000,0.100000000,0,0,86,0,0.000000000,0.000000000,-0.100000000,0.100000000,0.000000000,0.000000000,0.018000000,0.018000000,0.048000000,0.048000000,0.002000000,0.002000000,0.014000000,0.014000000,4,0.050000000,1,0,0,0,0,0,0,-0.469284200,0.881008893,2.972092748
41.900000000,41.800000000,0.100000000,0,0,86,0,0.000000000,0.000000000,-0.100000000,0.100000000,0.000000000,0.000000000,-0.002000000,0.002000000,0.048000000,0.048000000,-0.010000000,0.010000000,-0.006000000,0.006000000,4,0.050000000,1,0,0,0,0,0,0,-0.465856406,0.956882053,2.962805481
42.000000000,41.900000000,0.100000000,0,0,86,0,0.000000000,0.000000000,-0.100000000,0.100000000,0.000000000,0.000000000,0.018000000,0.018000000,0.048000000,0.048000000,0.010000000,0.010000000,0.004000000,0.004000000,4,0.050000000,1,0,0,0,0,0,0,-0.468928594,1.009671578,2.967824578
42.100000000,42.000000000,0.100000000,0,0,86,0,0.000000000,0.000000000,-0.100000000,0.100000000,0.000000000,0.000000000,-0.002000000,0.002000000,-0.052000000,0.052000000,0.008000000,0.008000000,0.014000000,0.014000000,4,0.050000000,1,0,0,0,0,0,0,-0.488907890,1.101651630,2.967376326
42.200000000,42.100000000,0.100000000,0,0,86,0,0.000000000,0.000000000,-0.100000000,0.100000000,0.000000000,0.000000000,0.018000000,0.018000000,0.048000000,0.048000000,-0.010000000,0.010000000,-0.008000000,0.008000000,4,0.050000000,1,0,0,0,0,0,0,-0.473684335,1.167176274,2.983936102
42.300000000,42.200000000,0.100000000,0,0,86,0,0.000000000,0.000000000,-0.100000000,0.100000000,0.000000000,0.000000000,-0.002000000,0.002000000,-0.052000000,0.052000000,-0.010000000,0.010000000,0.002000000,0.002000000,4,0.050000000,1,0,0,0,0,0,0,-0.463163949,1.234993813,2.981346104
42.400000000,42.300000000,0.100000000,0,0,86,0,0.000000000,0.000000000,-0.100000000,0.100000000,0.000000000,0.000000000,0.018000000,0.018000000,0.048000000,0.048000000,0.008000000,0.008000000,0.012000000,0.012000000,4,0.050000000,1,0,0,0,0,0,0,-0.481551769,1.400765990,2.973621570
42.500000000,42.400000000,0.100000000,0,0,86,0,0.000000000,0.000000000,-0.100000000,0.100000000,0.000000000,0.000000000,-0.002000000,0.002000000,-0.052000000,0.052000000,0.010000000,0.010000000,-0.010000000,0.010000000,4,0.050000000,1,0,0,0,0,0,0,-0.470026530,1.520681437,2.979690627
42.600000000,42.500000000,0.100000000,0,0,86,0,0.000000000,0.000000000,-0.100000000,0.100000000,0.000000000,0.000000000,0.018000000,0.018000000,-0.052000000,0.052000000,-0.010000000,0.010000000,0.002000000,0.002000000,4,0.050000000,1,0,0,0,0,0,0,-0.459697321,1.507216389,2.966953857
42.700000000,42.600000000,0.100000000,0,0,86,0,0.000000000,0.000000000,-0.100000000,0.100000000,0.000000000,0.000000000,-0.002000000,0.002000000,-0.152000000,0.152000000,-0.010000000,0.010000000,0.012000000,0.012000000,4,0.050000000,1,0,0,0,0,0,0,-0.458470595,1.599003503,2.977118658
42.800000000,42.700000000,0.100000000,0,0,86,0,0.000000000,0.000000000,-0.100000000,0.100000000,0.000000000,0.000000000,0.018000000,0.018000000,-0.052000000,0.052000000,-0.010000000,0.010000000,-0.014000000,0.014000000,4,0.050000000,1,0,0,0,0,0,0,-0.485227407,1.715713609,2.979901838
42.900000000,42.800000000,0.100000000,0,0,86,0,0.000000000,0.000000000,-0.100000000,0.100000000,0.000000000,0.000000000,-0.002000000,0.002000000,-0.152000000,0.152000000,0.008000000,0.008000000,0.002000000,0.002000000,4,0.050000000,1,0,0,0,0,0,0,-0.528819568,1.789977303,2.977860742
43.000000000,42.900000000,0.100000000,0,0,86,0,0.000000000,0.000000000,-0.100000000,0.100000000,0.000000000,0.000000000,0.018000000,0.018000000,0.048000000,0.048000000,0.008000000,0.008000000,0.012000000,0.012000000,4,0.050000000,1,0,0,0,0,0,0,-0.538801064,1.870390016,2.982579413
43.100000000,43.000000000,0.100000000,0,0,86,0,0.000000000,0.000000000,-0.100000000,0.100000000,0.000000000,0.000000000,-0.002000000,0.002000000,-0.052000000,0.052000000,-0.010000000,0.010000000,-0.010000000,0.010000000,4,0.050000000,1,0,0,0,0,0,0,-0.506072445,1.906840574,2.982772777
43.200000000,43.100000000,0.100000000,0,0,86,0,0.000000000,0.000000000,-0.100000000,0.100000000,0.000000000,0.000000000,0.018000000,0.018000000,-0.152000000,0.152000000,0.008000000,0.008000000,0.002000000,0.002000000,4,0.050000000,1,0,0,0,0,0,0,-0.525337323,1.901549715,2.976057290
43.300000000,43.200000000,0.100000000,0,0,86,0,0.000000000,0.000000000,-0.100000000,0.100000000,0.000000000,0.000000000,-0.002000000,0.002000000,-0.052000000,0.052000000,0.010000000,0.010000000,0.012000000,0.012000000,4,0.050000000,1,0,0,0,0,0,0,-0.593376773,2.009143456,2.987051606
43.400000000,43.300000000,0.100000000,0,0,86,0,0.000000000,0.000000000,-0.100000000,0.100000000,0.000000000,0.000000000,0.018000000,0.018000000,-0.152000000,0.152000000,0.008000000,0.008000000,-0.010000000,0.010000000,4,0.050000000,1,0,0,0,0,0,0,-0.610861629,2.072330652,2.963143743
43.500000000,43.400000000,0.100000000,0,0,86,0,0.000000000,0.000000000,-0.100000000,0.100000000,0.000000000,0.000000000,-0.002000000,0.002000000,-0.052000000,0.052000000,-0.010000000,0.010000000,0.000000000,0.000000000,4,0.050000000,1,0,0,0,0,0,0,-0.620702494,2.046076117,2.964059611
43.600000000,43.500000000,0.100000000,0,0,86,0,0.000000000,0.000000000,-0.100000000,0.100000000,0.000000000,0.000000000,0.018000000,0.018000000,-0.152000000,0.152000000,0.008000000,0.008000000,0.010000000,0.010000000,4,0.050000000,1,0,0,0,0,0,0,-0.613230975,2.123946828,2.961087600
43.700000000,43.600000000,0.100000000,0,0,86,0,0.000000000,0.000000000,-0.100000000,0.100000000,0.000000000,0.000000000,-0.001600000,0.001600000,-0.052000000,0.052000000,0.008000000,0.008000000,-0.012000000,0.012000000,4,0.050000000,1,0,0,0,0,0,0,-0.652016534,2.186642807,2.962257128
43.800000000,43.700000000,0.100000000,0,0,86,0,0.000000000,0.000000000,-0.100000000,0.100000000,0.000000000,0.000000000,0.018400000,0.018400000,-0.152000000,0.152000000,-0.010000000,0.010000000,0.000000000,0.000000000,4,0.050000000,1,0,0,0,0,0,0,-0.647164959,2.176636310,2.973118400
43.900000000,43.800000000,0.100000000,0,0,86,0,0.000000000,0.000000000,-0.100000000,0.100000000,0.000000000,0.000000000,-0.001600000,0.001600000,-0.052000000,0.052000000,-0.010000000,0.010000000,0.010000000,0.010000000,4,0.050000000,1,0,0,0,0,0,0,-0.672777120,2.159125228,2.969936443
44.000000000,43.900000000,0.100000000,0,0,86,0,0.000000000,0.000000000,-0.100000000,0.100000000,0.000000000,0.000000000,0.012933333,0.012933333,0.048000000,0.048000000,-0.008000000,0.008000000,-0.008000000,0.008000000,4,0.050000000,1,0,0,0,0,0,0,-0.688215029,2.152874783,2.961894858
44.100000000,44.000000000,0.100000000,0,0,86,0,0.000000000,0.000000000,-0.100000000,0.100000000,0.000000000,0.000000000,-0.002000000,0.002000000,-0.052000000,0.052000000,-0.010000000,0.010000000,0.012000000,0.012000000,4,0.050000000,1,0,0,0,0,0,0,-0.696365698,2.111247092,2.956049319
44.200000000,44.100000000,0.100000000,0,0,86,0,0.000000000,0.000000000,-0.100000000,0.100000000,0.000000000,0.000000000,0.018800000,0.018800000,-0.152000000,0.152000000,-0.010000000,0.010000000,-0.006000000,0.006000000,4,0.050000000,1,0,0,0,0,0,0,-0.748452378,2.090248497,2.954282082
44.300000000,44.200000000,0.100000000,0,0,86,0,0.000000000,0.000000000,-0.100000000,0.100000000,0.000000000,0.000000000,-0.001200000,0.001200000,-0.052000000,0.052000000,-0.010000000,0.010000000,0.012000000,0.012000000,4,0.050000000,1,0,0,0,0,0,0,-0.822865458,2.109722039,2.958234457
44.400000000,44.300000000,0.100000000,0,0,86,0,0.000000000,0.000000000,-0.100000000,0.100000000,0.000000000,0.000000000,0.018000000,0.018000000,-0.152000000,0.152000000,0.008000000,0.008000000,-0.012000000,0.012000000,4,0.050000000,1,0,0,0,0,0,0,-0.830852657,2.129205384,2.944883334
44.500000000,44.400000000,0.100000000,0,0,86,0,0.000000000,0.000000000,-0.100000000,0.100000000,0.000000000,0.000000000,-0.002000000,0.002000000,-0.052000000,0.052000000,0.010000000,0.010000000,0.000000000,0.000000000,4,0.050000000,1,0,0,0,0,0,0,-0.771493653,2.146589106,2.950756894
44.600000000,44.500000000,0.100000000,0,0,86,0,0.000000000,0.000000000,-0.100000000,0.100000000,0.000000000,0.000000000,0.018000000,0.018000000,-0.152000000,0.152000000,-0.010000000,0.010000000,0.012000000,0.012000000,4,0.050000000,1,0,0,0,0,0,0,-0.745277325,2.197898045,2.946419828
44.700000000,44.600000000,0.100000000,0,0,86,0,0.000000000,0.000000000,-0.100000000,0.100000000,0.000000000,0.000000000,-0.002000000,0.002000000,0.048000000,0.048000000,-0.010000000,0.010000000,-0.010000000,0.010000000,4,0.050000000,1,0,0,0,0,0,0,-0.757858004,2.180645095,2.936016297
44.800000000,44.700000000,0.100000000,0,0,86,0,0.000000000,0.000000000,-0.100000000,0.100000000,0.000000000,0.000000000,0.018000000,0.018000000,-0.052000000,0.052000000,-0.010000000,0.010000000,0.000000000,0.000000000,4,0.050000000,1,0,0,0,0,0,0,-0.760858422,2.167273777,2.935518170
44.900000000,44.800000000,0.100000000,0,0,86,0,0.000000000,0.000000000,-0.100000000,0.100000000,0.000000000,0.000000000,-0.012666667,0.012666667,0.048000000,0.048000000,-0.010000000,0.010000000,0.014000000,0.014000000,4,0.050000000,1,0,0,0,0,0,0,-0.736903875,2.127900078,2.931164421
45.000000000,44.900000000,0.100000000,0,0,86,0,0.000000000,0.000000000,-0.100000000,0.100000000,0.000000000,0.000000000,0.015333333,0.015333333,0.048000000,0.048000000,0.008000000,0.008000000,-0.006000000,0.006000000,4,0.050000000,1,0,0,0,0,0,0,-0.772308996,2.117544182,2.934603404
45.100000000,45.000000000,0.100000000,0,0,86,0,0.000000000,0.000000000,-0.100000000,0.100000000,0.000000000,0.000000000,-0.002000000,0.002000000,-0.052000000,0.052000000,0.008000000,0.008000000,0.006000000,0.006000000,4,0.050000000,1,0,0,0,0,0,0,-0.815225348,2.081643028,2.934333420
45.200000000,45.100000000,0.100000000,0,0,86,0,0.000000000,0.000000000,-0.100000000,0.100000000,0.000000000,0.000000000,0.018000000,0.018000000,0.048000000,0.048000000,0.008000000,0.008000000,-0.016000000,0.016000000,4,0.050000000,1,0,0,0,0,0,0,-0.724299874,2.065418457,2.938219171
45.300000000,45.200000000,0.100000000,0,0,86,0,0.000000000,0.000000000,-0.100000000,0.100000000,0.000000000,0.000000000,-0.002000000,0.002000000,0.048000000,0.048000000,-0.010000000,0.010000000,-0.004000000,0.004000000,4,0.050000000,1,0,0,0,0,0,0,-0.617096351,2.029422184,2.935465411
45.400000000,45.300000000,0.100000000,0,0,86,0,0.000000000,0.000000000,-0.100000000,0.100000000,0.000000000,0.000000000,0.018000000,0.018000000,0.048000000,0.048000000,-0.010000000,0.010000000,0.008000000,0.008000000,4,0.050000000,1,0,0,0,0,0,0,-0.622978729,2.013157875,2.933980371
45.500000000,45.400000000,0.100000000,0,0,86,0,0.000000000,0.000000000,-0.100000000,0.100000000,0.000000000,0.000000000,-0.002000000,0.002000000,0.048000000,0.048000000,-0.010000000,0.010000000,-0.016000000,0.016000000,4,0.050000000,1,0,0,0,0,0,0,-0.643543018,2.043650541,2.919577101
45.600000000,45.500000000,0.100000000,0,0,86,0,0.000000000,0.000000000,-0.100000000,0.100000000,0.000000000,0.000000000,0.018000000,0.018000000,-0.052000000,0.052000000,0.008000000,0.008000000,-0.006000000,0.006000000,4,0.050000000,1,0,0,0,0,0,0,-0.657884307,2.050932614,2.928570159
45.700000000,45.600000000,0.100000000,0,0,86,0,0.000000000,0.000000000,-0.100000000,0.100000000,0.000000000,0.000000000,-0.002000000,0.002000000,0.048000000,0.048000000,0.008000000,0.008000000,0.006000000,0.006000000,4,0.050000000,1,0,0,0,0,0,0,-0.687776077,1.998229650,2.923818670
45.800000000,45.700000000,0.100000000,0,0,86,0,0.000000000,0.000000000,-0.100000000,0.100000000,0.000000000,0.000000000,0.018000000,0.018000000,0.048000000,0.048000000,-0.010000000,0.010000000,-0.018000000,0.018000000,4,0.050000000,1,0,0,0,0,0,0,-0.608349906,1.897864694,2.934904742
45.900000000,45.800000000,0.100000000,0,0,86,0,0.000000000,0.000000000,-0.100000000,0.100000000,0.000000000,0.000000000,-0.002000000,0.002000000,0.048000000,0.048000000,-0.010000000,0.010000000,-0.006000000,0.006000000,4,0.050000000,1,0,0,0,0,0,0,-0.558918362,1.879314526,2.943130446
46.000000000,45.900000000,0.100000000,0,0,86,0,0.000000000,0.000000000,-0.100000000,0.100000000,0.000000000,0.000000000,0.018000000,0.018000000,-0.052000000,0.052000000,-0.010000000,0.010000000,0.006000000,0.006000000,4,0.050000000,1,0,0,0,0,0,0,-0.559239984,1.881441056,2.938743009
46.100000000,46.000000000,0.100000000,0,0,86,0,0.000000000,0.000000000,-0.100000000,0.100000000,0.000000000,0.000000000,-0.002000000,0.002000000,0.048000000,0.048000000,0.008000000,0.008000000,-0.008000000,0.008000000,4,0.050000000,1,0,0,0,0,0,0,-0.570302042,1.883411886,2.933822106
46.200000000,46.100000000,0.100000000,0,0,86,0,0.000000000,0.000000000,-0.100000000,0.100000000,0.000000000,0.000000000,0.018000000,0.018000000,0.048000000,0.048000000,0.010000000,0.010000000,0.008000000,0.008000000,4,0.050000000,1,0,0,0,0,0,0,-0.634090904,1.866471419,2.928593769
46.300000000,46.200000000,0.100000000,0,0,86,0,0.000000000,0.000000000,-0.100000000,0.100000000,0.000000000,0.000000000,-0.002000000,0.002000000,0.048000000,0.048000000,-0.010000000,0.010000000,-0.016000000,0.016000000,4,0.050000000,1,0,0,0,0,0,0,-0.670156352,1.860978074,2.919894107
46.400000000,46.300000000,0.100000000,0,0,86,0,0.000000000,0.000000000,-0.100000000,0.100000000,0.000000000,0.000000000,0.018400000,0.018400000,-0.052000000,0.052000000,0.010000000,0.010000000,-0.002000000,0.002000000,4,0.050000000,1,0,0,0,0,0,0,-0.679885575,1.890237503,2.929584509
46.500000000,46.400000000,0.100000000,0,0,86,0,0.000000000,0.000000000,-0.100000000,0.100000000,0.000000000,0.000000000,-0.000400000,0.000400000,0.048000000,0.048000000,0.008000000,0.008000000,0.012000000,0.012000000,4,0.050000000,1,0,0,0,0,0,0,-0.689780798,1.842253858,2.931137210
46.600000000,46.500000000,0.100000000,0,0,86,0,0.000000000,0.000000000,-0.100000000,0.100000000,0.000000000,0.000000000,0.020000000,0.020000000,0.048000000,0.048000000,0.006000000,0.006000000,-0.008000000,0.008000000,4,0.050000000,1,0,0,0,0,0,0,-0.693965968,1.864244294,2.928793014
46.700000000,46.600000000,0.100000000,0,0,86,0,0.000000000,0.000000000,-0.100000000,0.100000000,0.000000000,0.000000000,-0.000800000,0.000800000,0.048000000,0.048000000,0.008000000,0.008000000,0.016000000,0.016000000,4,0.050000000,1,0,0,0,0,0,0,-0.672151797,1.846479103,2.919380326
46.800000000,46.700000000,0.100000000,0,0,86,0,0.000000000,0.000000000,-0.100000000,0.100000000,0.000000000,0.000000000,0.019200000,0.019200000,0.048000000,0.048000000,0.008000000,0.008000000,-0.014000000,0.014000000,4,0.050000000,1,0,0,0,0,0,0,-0.688352371,1.863997287,2.933268368
46.900000000,46.800000000,0.100000000,0,0,86,0,0.000000000,0.000000000,-0.100000000,0.100000000,0.000000000,0.000000000,-0.001200000,0.001200000,0.048000000,0.048000000,0.010000000,0.010000000,0.000000000,0.000000000,4,0.050000000,1,0,0,0,0,0,0,-0.724371171,1.831276189,2.949768801
47.000000000,46.900000000,0.100000000,0,0,86,0,0.000000000,0.000000000,-0.100000000,0.100000000,0.000000000,0.000000000,0.018000000,0.018000000,0.048000000,0.048000000,0.008000000,0.008000000,0.008000000,0.008000000,4,0.050000000,1,0,0,0,0,0,0,-0.757579800,1.780921079,2.951693517
47.100000000,47.000000000,0.100000000,0,0,86,0,0.000000000,0.000000000,-0.100000000,0.100000000,0.000000000,0.000000000,-0.002000000,0.002000000,0.048000000,0.048000000,0.010000000,0.010000000,-0.008000000,0.008000000,4,0.050000000,1,0,0,0,0,0,0,-0.803275071,1.801095552,2.949902774
47.200000000,47.100000000,0.100000000,0,0,86,0,0.000000000,0.000000000,-0.100000000,0.100000000,0.000000000,0.000000000,0.012666667,0.012666667,-0.052000000,0.052000000,0.008000000,0.008000000,0.006000000,0.006000000,4,0.050000000,1,0,0,0,0,0,0,-0.810481210,1.767752180,2.965288360
47.300000000,47.200000000,0.100000000,0,0,86,0,0.000000000,0.000000000,-0.100000000,0.100000000,0.000000000,0.000000000,-0.001600000,0.001600000,0.048000000,0.048000000,0.008000000,0.008000000,0.014000000,0.014000000,4,0.050000000,1,0,0,0,0,0,0,-0.847591946,1.759053905,2.973485875
47.400000000,47.300000000,0.100000000,0,0,86,0,0.000000000,0.000000000,-0.100000000,0.100000000,0.000000000,0.000000000,0.018400000,0.018400000,0.048000000,0.048000000,-0.008000000,0.008000000,-0.008000000,0.008000000,4,0.050000000,1,0,0,0,0,0,0,-0.823258074,1.722667791,2.967928797
47.500000000,47.400000000,0.100000000,0,0,86,0,0.000000000,0.000000000,-0.100000000,0.100000000,0.000000000,0.000000000,-0.012533333,0.012533333,-0.052000000,0.052000000,0.008000000,0.008000000,0.004000000,0.004000000,4,0.050000000,1,0,0,0,0,0,0,-0.890687309,1.680141538,2.952359390
47.600000000,47.500000000,0.100000000,0,0,86,0,0.000000000,0.000000000,-0.100000000,0.100000000,0.000000000,0.000000000,0.015733333,0.015733333,0.048000000,0.048000000,-0.010000000,0.010000000,0.016000000,0.016000000,4,0.050000000,1,0,0,0,0,0,0,-0.880327343,1.551681444,2.952772567
47.700000000,47.600000000,0.100000000,0,0,86,0,0.000000000,0.000000000,-0.100000000,0.100000000,0.000000000,0.000000000,-0.001600000,0.001600000,0.048000000,0.048000000,-0.010000000,0.010000000,0.000000000,0.000000000,4,0.050000000,1,0,0,0,0,0,0,-0.886738741,1.527246616,2.954850229
47.800000000,47.700000000,0.100000000,0,0,86,0,0.000000000,0.000000000,-0.100000000,0.100000000,0.000000000,0.000000000,0.018400000,0.018400000,-0.052000000,0.052000000,-0.010000000,0.010000000,0.010000000,0.010000000,4,0.050000000,1,0,0,0,0,0,0,-0.881203270,1.469757708,2.946811381
47.900000000,47.800000000,0.100000000,0,0,86,0,0.000000000,0.000000000,-0.100000000,0.100000000,0.000000000,0.000000000,-0.001200000,0.001200000,0.048000000,0.048000000,0.008000000,0.008000000,-0.010000000,0.010000000,4,0.050000000,1,0,0,0,0,0,0,-0.825038034,1.437579406,2.956507710
48.000000000,47.900000000,0.100000000,0,0,86,0,0.000000000,0.000000000,-0.100000000,0.100000000,0.000000000,0.000000000,0.018800000,0.018800000,0.048000000,0.048000000,0.010000000,0.010000000,-0.004000000,0.004000000,4,0.050000000,1,0,0,0,0,0,0,-0.691775832,1.361476257,2.943197034
48.100000000,48.000000000,0.100000000,0,0,86,0,0.000000000,0.000000000,-0.100000000,0.100000000,0.000000000,0.000000000,-0.001600000,0.001600000,0.048000000,0.048000000,-0.010000000,0.010000000,0.012000000,0.012000000,4,0.050000000,1,0,0,0,0,0,0,-0.600547330,1.224917330,2.938280457
48.200000000,48.100000000,0.100000000,0,0,86,0,0.000000000,0.000000000,-0.100000000,0.100000000,0.000000000,0.000000000,0.018400000,0.018400000,0.048000000,0.048000000,0.010000000,0.010000000,-0.010000000,0.010000000,4,0.050000000,1,0,0,0,0,0,0,-0.590667748,1.136429435,2.938234665
48.300000000,48.200000000,0.100000000,0,0,86,0,0.000000000,0.000000000,-0.100000000,0.100000000,0.000000000,0.000000000,-0.001600000,0.001600000,0.048000000,0.048000000,-0.010000000,0.010000000,0.004000000,0.004000000,4,0.050000000,1,0,0,0,0,0,0,-0.621126172,1.078897844,2.936627460
48.400000000,48.300000000,0.100000000,0,0,86,0,0.000000000,0.000000000,-0.100000000,0.100000000,0.000000000,0.000000000,0.018000000,0.018000000,-0.052000000,0.052000000,0.008000000,0.008000000,0.016000000,0.016000000,4,0.050000000,1,0,0,0,0,0,0,-0.589619455,1.001658263,2.932394812
48.500000000,48.400000000,0.100000000,0,0,86,0,0.000000000,0.000000000,-0.100000000,0.100000000,0.000000000,0.000000000,-0.002000000,0.002000000,0.048000000,0.048000000,-0.010000000,0.010000000,-0.004000000,0.004000000,4,0.050000000,1,0,0,0,0,0,0,-0.645272171,0.952908018,2.930243452
48.600000000,48.500000000,0.100000000,0,0,86,0,0.000000000,0.000000000,-0.100000000,0.100000000,0.000000000,0.000000000,0.018400000,0.018400000,0.048000000,0.048000000,0.006466628,0.006466628,0.006000000,0.006000000,4,0.050000000,1,0,0,0,0,0,0,-0.679299927,0.901559290,2.929361528
48.700000000,48.600000000,0.100000000,0,0,86,0,0.000000000,0.000000000,-0.100000000,0.100000000,0.000000000,0.000000000,-0.001200000,0.001200000,0.048000000,0.048000000,0.006471452,0.006471452,-0.016000000,0.016000000,4,0.050000000,1,0,0,0,0,0,0,-0.679366856,0.820522779,2.941994662
48.800000000,48.700000000,0.100000000,0,0,86,0,0.000000000,0.000000000,-0.100000000,0.100000000,0.000000000,0.000000000,0.018400000,0.018400000,-0.052000000,0.052000000,0.006473275,0.006473275,0.000000000,0.000000000,4,0.050000000,1,0,0,0,0,0,0,-0.654640974,0.741658973,2.939136890
48.900000000,48.800000000,0.100000000,0,0,86,0,0.000000000,0.000000000,-0.100000000,0.100000000,0.000000000,0.000000000,-0.001600000,0.001600000,0.048000000,0.048000000,0.006472097,0.006472097,0.012000000,0.012000000,4,0.050000000,1,0,0,0,0,0,0,-0.614126934,0.676699947,2.935215427
49.000000000,48.900000000,0.100000000,0,0,86,0,0.000000000,0.000000000,-0.100000000,0.100000000,0.000000000,0.000000000,0.018800000,0.018800000,-0.052000000,0.052000000,0.006475739,0.006475739,-0.012000000,0.012000000,4,0.050000000,1,0,0,0,0,0,0,-0.616657772,0.637052584,2.929483034
49.100000000,49.000000000,0.100000000,0,0,86,0,0.000000000,0.000000000,-0.100000000,0.100000000,0.000000000,0.000000000,-0.000800000,0.000800000,-0.052000000,0.052000000,-0.005525441,0.005525441,0.000000000,0.000000000,4,0.050000000,1,0,0,0,0,0,0,-0.606699767,0.516042710,2.915539144
49.200000000,49.100000000,0.100000000,0,0,86,0,0.000000000,0.000000000,-0.100000000,0.100000000,0.000000000,0.000000000,0.019200000,0.019200000,-0.152000000,0.152000000,-0.001532622,0.001532622,0.010000000,0.010000000,4,0.050000000,1,0,0,0,0,0,0,-0.575020371,0.442750819,2.920186527
49.300000000,49.200000000,0.100000000,0,0,86,0,0.000000000,0.000000000,-0.100000000,0.100000000,0.000000000,0.000000000,-0.000800000,0.000800000,-0.052000000,0.052000000,0.002466196,0.002466196,-0.006000000,0.006000000,4,0.050000000,1,0,0,0,0,0,0,-0.584854349,0.386397490,2.928260646
49.400000000,49.300000000,0.100000000,0,0,86,0,0.000000000,0.000000000,-0.100000000,0.100000000,0.000000000,0.000000000,0.019200000,0.019200000,-0.152000000,0.152000000,0.006471014,0.006471014,0.012000000,0.012000000,4,0.050000000,1,0,0,0,0,0,0,-0.546470959,0.281469746,2.928396116
49.500000000,49.400000000,0.100000000,0,0,86,0,0.000000000,0.000000000,-0.100000000,0.100000000,0.000000000,0.000000000,-0.001600000,0.001600000,0.048000000,0.048000000,0.006475831,0.006475831,-0.008000000,0.008000000,4,0.050000000,1,0,0,0,0,0,0,-0.485504008,0.157413378,2.927876356
49.600000000,49.500000000,0.100000000,0,0,86,0,0.000000000,0.000000000,-0.100000000,0.100000000,0.000000000,0.000000000,0.018000000,0.018000000,0.048000000,0.048000000,0.006474647,0.006474647,0.006000000,0.006000000,4,0.050000000,1,0,0,0,0,0,0,-0.506414821,0.066316044,2.942133069
49.700000000,49.600000000,0.100000000,0,0,86,0,0.000000000,0.000000000,-0.100000000,0.100000000,0.000000000,0.000000000,-0.001600000,0.001600000,-0.052000000,0.052000000,0.006479463,0.006479463,-0.016000000,0.016000000,4,0.050000000,1,0,0,0,0,0,0,-0.495806667,-0.048922773,2.948180242
49.800000000,49.700000000,0.100000000,0,0,86,0,0.000000000,0.000000000,-0.100000000,0.100000000,0.000000000,0.000000000,0.018400000,0.018400000,0.048000000,0.048000000,0.006478278,0.006478278,0.000000000,0.000000000,4,0.050000000,1,0,0,0,0,0,0,-0.501014783,-0.116332263,2.949667848
49.900000000,49.800000000,0.100000000,0,0,86,0,0.000000000,0.000000000,-0.100000000,0.100000000,0.000000000,0.000000000,-0.002000000,0.002000000,-0.052000000,0.052000000,0.006483092,0.006483092,0.008000000,0.008000000,4,0.050000000,1,0,0,0,0,0,0,-0.541742074,-0.197616867,2.950287807
50.000000000,49.900000000,0.100000000,0,0,86,0,0.000000000,0.000000000,0.000000000,0.000000000,0.000000000,0.000000000,0.018000000,0.018000000,0.048000000,0.048000000,0.006481905,0.006481905,-0.012000000,0.012000000,4,0.050000000,1,0,0,0,0,0,0,-0.538905345,-0.299268274,2.945508283
50.100000000,50.000000000,0.100000000,0,0,86,0,0.000000000,0.000000000,-0.100000000,0.100000000,0.000000000,0.000000000,-0.001600000,0.001600000,-0.052000000,0.052000000,0.006492718,0.006492718,0.000000000,0.000000000,4,0.050000000,1,0,0,0,0,0,0,-0.577990731,-0.341036443,2.953552566
50.200000000,50.100000000,0.100000000,0,0,86,0,0.000000000,0.000000000,-0.100000000,0.100000000,0.000000000,0.000000000,0.018400000,0.018400000,-0.052000000,0.052000000,0.006497530,0.006497530,0.014000000,0.014000000,4,0.050000000,1,0,0,0,0,0,0,-0.623525881,-0.383649680,2.951278256
50.300000000,50.200000000,0.100000000,0,0,86,0,0.000000000,0.000000000,-0.100000000,0.100000000,0.000000000,0.000000000,-0.002000000,0.002000000,-0.152000000,0.152000000,0.006496340,0.006496340,-0.008000000,0.008000000,4,0.050000000,1,0,0,0,0,0,0,-0.625970800,-0.492395017,2.955002479
50.400000000,50.300000000,0.100000000,0,0,86,0,0.000000000,0.000000000,-0.100000000,0.100000000,0.000000000,0.000000000,0.018000000,0.018000000,-0.052000000,0.052000000,-0.005504850,0.005504850,0.004000000,0.004000000,4,0.050000000,1,0,0,0,0,0,0,-0.622589645,-0.589906945,2.964011090
50.500000000,50.400000000,0.100000000,0,0,86,0,0.000000000,0.000000000,-0.100000000,0.100000000,0.000000000,0.000000000,-0.001600000,0.001600000,-0.152000000,0.152000000,-0.001506041,0.001506041,0.018000000,0.018000000,4,0.050000000,1,0,0,0,0,0,0,-0.628650332,-0.662493460,2.958690831
50.600000000,50.500000000,0.100000000,0,0,86,0,0.000000000,0.000000000,-0.100000000,0.100000000,0.000000000,0.000000000,0.018400000,0.018400000,-0.052000000,0.052000000,0.002486767,0.002486767,-0.006000000,0.006000000,4,0.050000000,1,0,0,0,0,0,0,-0.649539354,-0.710165695,2.957330133
50.700000000,50.600000000,0.100000000,0,0,86,0,0.000000000,0.000000000,-0.100000000,0.100000000,0.000000000,0.000000000,-0.001600000,0.001600000,-0.152000000,0.152000000,0.006479575,0.006479575,0.006000000,0.006000000,4,0.050000000,1,0,0,0,0,0,0,-0.647366120,-0.783328985,2.957908870
50.800000000,50.700000000,0.100000000,0,0,86,0,0.000000000,0.000000000,-0.100000000,0.100000000,0.000000000,0.000000000,0.018400000,0.018400000,0.048000000,0.048000000,0.006472381,0.006472381,-0.014000000,0.014000000,4,0.050000000,1,0,0,0,0,0,0,-0.598818108,-0.874950911,2.969977389
50.900000000,50.800000000,0.100000000,0,0,86,0,0.000000000,0.000000000,-0.100000000,0.100000000,0.000000000,0.000000000,-0.001600000,0.001600000,0.048000000,0.048000000,0.006471187,0.006471187,-0.002000000,0.002000000,4,0.050000000,1,0,0,0,0,0,0,-0.627960984,-0.823279882,2.976642177
51.000000000,50.900000000,0.100000000,0,0,86,0,0.000000000,0.000000000,0.000000000,0.000000000,0.000000000,0.000000000,0.013333333,0.013333333,0.048000000,0.048000000,0.006475992,0.006475992,0.010000000,0.010000000,4,0.050000000,1,0,0,0,0,0,0,-0.644807642,-0.886181143,2.960564876
51.100000000,51.000000000,0.100000000,0,0,86,0,0.000000000,0.000000000,-0.100000000,0.100000000,0.000000000,0.000000000,-0.001200000,0.001200000,0.048000000,0.048000000,0.006485601,0.006485601,-0.018000000,0.018000000,4,0.050000000,1,0,0,0,0,0,0,-0.629046506,-0.952176460,2.965047633
51.200000000,51.100000000,0.100000000,0,0,86,0,0.000000000,0.000000000,-0.100000000,0.100000000,0.000000000,0.000000000,0.018800000,0.018800000,0.048000000,0.048000000,0.006495206,0.006495206,0.014000000,0.014000000,4,0.050000000,1,0,0,0,0,0,0,-0.651989899,-0.990000235,2.959292949
51.300000000,51.200000000,0.100000000,0,0,86,0,0.000000000,0.000000000,-0.100000000,0.100000000,0.000000000,0.000000000,-0.001600000,0.001600000,0.048000000,0.048000000,0.010492807,0.010492807,0.006000000,0.006000000,4,0.050000000,1,0,0,0,0,0,0,-0.662542869,-1.030185033,2.940481587
51.400000000,51.300000000,0.100000000,0,0,86,0,0.000000000,0.000000000,-0.100000000,0.100000000,0.000000000,0.000000000,0.018000000,0.018000000,-0.052000000,0.052000000,0.006491607,0.006491607,0.000000000,0.000000000,4,0.050000000,1,0,0,0,0,0,0,-0.615721766,-1.063861120,2.933838127
51.500000000,51.400000000,0.100000000,0,0,86,0,0.000000000,0.000000000,-0.100000000,0.100000000,0.000000000,0.000000000,-0.010000000,0.010000000,0.048000000,0.048000000,0.006489203,0.006489203,0.012000000,0.012000000,4,0.050000000,1,0,0,0,0,0,0,-0.616507762,-1.123663316,2.941094016
51.600000000,51.500000000,0.100000000,0,0,86,0,0.000000000,0.000000000,-0.100000000,0.100000000,0.000000000,0.000000000,0.018000000,0.018000000,0.048000000,0.048000000,0.006488001,0.006488001,-0.012000000,0.012000000,4,0.050000000,1,0,0,0,0,0,0,-0.657355527,-1.149193162,2.942253153
51.700000000,51.600000000,0.100000000,0,0,86,0,0.000000000,0.000000000,-0.100000000,0.100000000,0.000000000,0.000000000,-0.002000000,0.002000000,-0.052000000,0.052000000,0.006479593,0.006479593,-0.004000000,0.004000000,4,0.050000000,1,0,0,0,0,0,0,-0.693077089,-1.171432958,2.950247658
51.800000000,51.700000000,0.100000000,0,0,86,0,0.000000000,0.000000000,-0.100000000,0.100000000,0.000000000,0.000000000,0.018400000,0.018400000,0.048000000,0.048000000,-0.005527613,0.005527613,0.006000000,0.006000000,4,0.050000000,1,0,0,0,0,0,0,-0.679976546,-1.226310257,2.929075233
51.900000000,51.800000000,0.100000000,0,0,86,0,0.000000000,0.000000000,-0.100000000,0.100000000,0.000000000,0.000000000,-0.001600000,0.001600000,-0.052000000,0.052000000,-0.001534818,0.001534818,-0.012000000,0.012000000,4,0.050000000,1,0,0,0,0,0,0,-0.645386495,-1.268355714,2.930480044
52.000000000,51.900000000,0.100000000,0,0,86,0,0.000000000,0.000000000,-0.100000000,0.100000000,0.000000000,0.000000000,0.018000000,0.018000000,0.048000000,0.048000000,0.002463975,0.002463975,0.006000000,0.006000000,4,0.050000000,1,0,0,0,0,0,0,-0.577607072,-1.255181618,2.928914992
52.100000000,52.000000000,0.100000000,0,0,86,0,0.000000000,0.000000000,-0.100000000,0.100000000,0.000000000,0.000000000,-0.002000000,0.002000000,0.048000000,0.048000000,0.006468769,0.006468769,-0.010000000,0.010000000,4,0.050000000,1,0,0,0,0,0,0,-0.563637297,-1.287979453,2.927879538
52.200000000,52.100000000,0.100000000,0,0,86,0,0.000000000,0.000000000,-0.100000000,0.100000000,0.000000000,0.000000000,0.018000000,0.018000000,0.048000000,0.048000000,0.006461561,0.006461561,0.008000000,0.008000000,4,0.050000000,1,0,0,0,0,0,0,-0.553693817,-1.269898979,2.929720363
52.300000000,52.200000000,0.100000000,0,0,86,0,0.000000000,0.000000000,-0.100000000,0.100000000,0.000000000,0.000000000,-0.001600000,0.001600000,0.048000000,0.048000000,0.006463353,0.006463353,-0.002000000,0.002000000,4,0.050000000,1,0,0,0,0,0,0,-0.579344701,-1.261757440,2.929059729
52.400000000,52.300000000,0.100000000,0,0,86,0,0.000000000,0.000000000,-0.100000000,0.100000000,0.000000000,0.000000000,0.018800000,0.018800000,-0.052000000,0.052000000,0.006456145,0.006456145,0.010000000,0.010000000,4,0.050000000,1,0,0,0,0,0,0,-0.533772627,-1.284960191,2.934054367
52.500000000,52.400000000,0.100000000,0,0,86,0,0.000000000,0.000000000,-0.100000000,0.100000000,0.000000000,0.000000000,-0.001600000,0.001600000,0.048000000,0.048000000,0.006460936,0.006460936,-0.012000000,0.012000000,4,0.050000000,1,0,0,0,0,0,0,-0.514955114,-1.301129023,2.934320253
52.600000000,52.500000000,0.100000000,0,0,86,0,0.000000000,0.000000000,-0.100000000,0.100000000,0.000000000,0.000000000,0.018400000,0.018400000,0.048000000,0.048000000,0.006459726,0.006459726,0.010000000,0.010000000,4,0.050000000,1,0,0,0,0,0,0,-0.545978060,-1.307864322,2.936260274
52.700000000,52.600000000,0.100000000,0,0,86,0,0.000000000,0.000000000,-0.100000000,0.100000000,0.000000000,0.000000000,-0.001200000,0.001200000,0.048000000,0.048000000,0.006464516,0.006464516,-0.006000000,0.006000000,4,0.050000000,1,0,0,0,0,0,0,-0.564314791,-1.278061581,2.931269622
52.800000000,52.700000000,0.100000000,0,0,86,0,0.000000000,0.000000000,-0.100000000,0.100000000,0.000000000,0.000000000,0.018400000,0.018400000,0.048000000,0.048000000,0.006463305,0.006463305,0.018000000,0.018000000,4,0.050000000,1,0,0,0,0,0,0,-0.634931090,-1.244882487,2.934565953
52.900000000,52.800000000,0.100000000,0,0,86,0,0.000000000,0.000000000,-0.100000000,0.100000000,0.000000000,0.000000000,-0.002000000,0.002000000,-0.052000000,0.052000000,0.006468094,0.006468094,-0.004000000,0.004000000,4,0.050000000,1,0,0,0,0,0,0,-0.671484525,-1.186508469,2.929950850
53.000000000,52.900000000,0.100000000,0,0,86,0,0.000000000,0.000000000,-0.100000000,0.100000000,0.000000000,0.000000000,0.018000000,0.018000000,0.048000000,0.048000000,-0.005536117,0.005536117,0.008000000,0.008000000,4,0.050000000,1,0,0,0,0,0,0,-0.677225014,-1.158999121,2.941162640
53.100000000,53.000000000,0.100000000,0,0,86,0,0.000000000,0.000000000,-0.100000000,0.100000000,0.000000000,0.000000000,-0.002000000,0.002000000,0.048000000,0.048000000,-0.001531330,0.001531330,-0.014000000,0.014000000,4,0.050000000,1,0,0,0,0,0,0,-0.667451017,-1.114338951,2.940498168
53.200000000,53.100000000,0.100000000,0,0,86,0,0.000000000,0.000000000,-0.100000000,0.100000000,0.000000000,0.000000000,0.018000000,0.018000000,0.048000000,0.048000000,-0.001532542,0.001532542,-0.002000000,0.002000000,4,0.050000000,1,0,0,0,0,0,0,-0.715824357,-0.987657836,2.945315699
53.300000000,53.200000000,0.100000000,0,0,86,0,0.000000000,0.000000000,-0.100000000,0.100000000,0.000000000,0.000000000,-0.002000000,0.002000000,0.048000000,0.048000000,0.002466244,0.002466244,0.000000000,0.000000000,4,0.050000000,1,0,0,0,0,0,0,-0.705201030,-0.928025665,2.949792824
53.400000000,53.300000000,0.100000000,0,0,86,0,0.000000000,0.000000000,-0.100000000,0.100000000,0.000000000,0.000000000,0.018000000,0.018000000,0.048000000,0.048000000,0.006471030,0.006471030,0.016000000,0.016000000,4,0.050000000,1,0,0,0,0,0,0,-0.705034516,-0.825756025,2.950241028
53.500000000,53.400000000,0.100000000,0,0,86,0,0.000000000,0.000000000,-0.100000000,0.100000000,0.000000000,0.000000000,-0.002000000,0.002000000,0.048000000,0.048000000,0.006469816,0.006469816,-0.008000000,0.008000000,4,0.050000000,1,0,0,0,0,0,0,-0.706725451,-0.732491950,2.925834526
53.600000000,53.500000000,0.100000000,0,0,86,0,0.000000000,0.000000000,-0.100000000,0.100000000,0.000000000,0.000000000,0.018000000,0.018000000,0.048000000,0.048000000,0.006468600,0.006468600,0.000000000,0.000000000,4,0.050000000,1,0,0,0,0,0,0,-0.667353453,-0.734082312,2.923149373
53.700000000,53.600000000,0.100000000,0,0,86,0,0.000000000,0.000000000,-0.100000000,0.100000000,0.000000000,0.000000000,-0.002000000,0.002000000,0.050000000,0.050000000,0.006473385,0.006473385,0.012000000,0.012000000,4,0.050000000,1,0,0,0,0,0,0,-0.621557089,-0.726431241,2.941656217
53.800000000,53.700000000,0.100000000,0,0,86,0,0.000000000,0.000000000,-0.100000000,0.100000000,0.000000000,0.000000000,0.018000000,0.018000000,-0.050000000,0.050000000,0.006466168,0.006466168,0.016000000,0.016000000,4,0.050000000,1,0,0,0,0,0,0,-0.619196833,-0.669453141,2.930071902
53.900000000,53.800000000,0.100000000,0,0,86,0,0.000000000,0.000000000,-0.100000000,0.100000000,0.000000000,0.000000000,-0.002000000,0.002000000,0.048000000,0.048000000,0.006461952,0.006461952,-0.006000000,0.006000000,4,0.050000000,1,0,0,0,0,0,0,-0.655175522,-0.653809098,2.938293329
54.000000000,53.900000000,0.100000000,0,0,86,0,0.000000000,0.000000000,-0.100000000,0.100000000,0.000000000,0.000000000,0.018000000,0.018000000,0.048000000,0.048000000,0.006460734,0.006460734,-0.004000000,0.004000000,4,0.050000000,1,0,0,0,0,0,0,-0.676683450,-0.623934754,2.937140914
54.100000000,54.000000000,0.100000000,0,0,86,0,0.000000000,0.000000000,-0.100000000,0.100000000,0.000000000,0.000000000,-0.002000000,0.002000000,0.048000000,0.048000000,0.006459516,0.006459516,0.014000000,0.014000000,4,0.050000000,1,0,0,0,0,0,0,-0.698792534,-0.617316009,2.937851577
54.200000000,54.100000000,0.100000000,0,0,86,0,0.000000000,0.000000000,-0.100000000,0.100000000,0.000000000,0.000000000,0.018000000,0.018000000,0.048000000,0.048000000,0.006464298,0.006464298,-0.006000000,0.006000000,5,0.050000000,1,0,0,0,0,0,0,-0.760777558,-0.637418539,2.927048390
54.300000000,54.200000000,0.100000000,0,0,86,0,0.000000000,0.000000000,-0.100000000,0.100000000,0.000000000,0.000000000,-0.002000000,0.002000000,0.048000000,0.048000000,-0.005536921,0.005536921,0.008000000,0.008000000,5,0.050000000,1,0,0,0,0,0,0,-0.812289065,-0.611807353,2.936233425
54.400000000,54.300000000,0.100000000,0,0,86,0,0.000000000,0.000000000,-0.100000000,0.100000000,0.000000000,0.000000000,0.018000000,0.018000000,0.050000000,0.050000000,-0.001538140,0.001538140,-0.016000000,0.016000000,5,0.050000000,1,0,0,0,0,0,0,-0.765370891,-0.620526070,2.950442470
54.500000000,54.400000000,0.100000000,0,0,86,0,0.000000000,0.000000000,-0.100000000,0.100000000,0.000000000,0.000000000,-0.002000000,0.002000000,-0.050000000,0.050000000,0.002454640,0.002454640,0.000000000,0.000000000,5,0.050000000,1,0,0,0,0,0,0,-0.688935940,-0.656332562,2.947041657
54.600000000,54.500000000,0.100000000,0,0,86,0,0.000000000,0.000000000,-0.100000000,0.100000000,0.000000000,0.000000000,0.018000000,0.018000000,0.048000000,0.048000000,0.006459420,0.006459420,0.014000000,0.014000000,5,0.050000000,1,0,0,0,0,0,0,-0.669007648,-0.705745859,2.947713628
54.700000000,54.600000000,0.100000000,0,0,86,0,0.000000000,0.000000000,-0.100000000,0.100000000,0.000000000,0.000000000,-0.001200000,0.001200000,0.048000000,0.048000000,0.006474977,0.006474977,-0.002000000,0.002000000,5,0.050000000,1,0,0,0,0,0,0,-0.658673827,-0.760914575,2.952624644
54.800000000,54.700000000,0.100000000,0,0,86,0,0.000000000,0.000000000,-0.100000000,0.100000000,0.000000000,0.000000000,0.018800000,0.018800000,0.048000000,0.048000000,0.006455756,0.006455756,-0.008000000,0.008000000,5,0.050000000,1,0,0,0,0,0,0,-0.679563722,-0.762625785,2.960602874
54.900000000,54.800000000,0.100000000,0,0,86,0,0.000000000,0.000000000,-0.100000000,0.100000000,0.000000000,0.000000000,-0.002000000,0.002000000,0.048000000,0.048000000,0.006454533,0.006454533,0.010000000,0.010000000,5,0.050000000,1,0,0,0,0,0,0,-0.708868621,-0.740200327,2.974247701
55.000000000,54.900000000,0.100000000,0,0,86,0,0.000000000,0.000000000,-0.100000000,0.100000000,0.000000000,0.000000000,0.018400000,0.018400000,-0.052000000,0.052000000,0.006459310,0.006459310,-0.008000000,0.008000000,5,0.050000000,1,0,0,0,0,0,0,-0.743417116,-0.729369512,2.984847328
55.100000000,55.000000000,0.100000000,0,0,86,0,0.000000000,0.000000000,-0.100000000,0.100000000,0.000000000,0.000000000,-0.001600000,0.001600000,-0.152000000,0.152000000,0.006452087,0.006452087,0.012000000,0.012000000,5,0.050000000,1,0,0,0,0,0,0,-0.747994082,-0.714544101,2.987538178
55.200000000,55.100000000,0.100000000,0,0,86,0,0.000000000,0.000000000,-0.100000000,0.100000000,0.000000000,0.000000000,0.018400000,0.018400000,-0.152000000,0.152000000,0.006450864,0.006450864,0.000000000,0.000000000,5,0.050000000,1,0,0,0,0,0,0,-0.737740170,-0.753047300,2.979939685
55.300000000,55.200000000,0.100000000,0,0,86,0,0.000000000,0.000000000,-0.100000000,0.100000000,0.000000000,0.000000000,-0.001600000,0.001600000,-0.252000000,0.252000000,0.006455640,0.006455640,0.014000000,0.014000000,5,0.050000000,1,0,0,0,0,0,0,-0.724085374,-0.752911389,2.992991046
55.400000000,55.300000000,0.100000000,0,0,86,0,0.000000000,0.000000000,-0.100000000,0.100000000,0.000000000,0.000000000,0.018400000,0.018400000,-0.352000000,0.352000000,0.006454415,0.006454415,-0.006000000,0.006000000,5,0.050000000,1,0,0,0,0,0,0,-0.723329517,-0.792526307,2.991401914
55.500000000,55.400000000,0.100000000,0,0,86,0,0.000000000,0.000000000,-0.100000000,0.100000000,0.000000000,0.000000000,-0.001600000,0.001600000,-0.052000000,0.052000000,0.006453190,0.006453190,0.016000000,0.016000000,5,0.050000000,1,0,0,0,0,0,0,-0.760183785,-0.832687468,2.981435607
55.600000000,55.500000000,0.100000000,0,0,86,0,0.000000000,0.000000000,-0.100000000,0.100000000,0.000000000,0.000000000,0.018000000,0.018000000,0.048000000,0.048000000,-0.005542035,0.005542035,-0.004000000,0.004000000,5,0.050000000,1,0,0,0,0,0,0,-0.848131153,-0.812252154,2.966239960
55.700000000,55.600000000,0.100000000,0,0,86,0,0.000000000,0.000000000,-0.100000000,0.100000000,0.000000000,0.000000000,-0.002000000,0.002000000,-0.052000000,0.052000000,-0.005537261,0.005537261,0.008000000,0.008000000,5,0.050000000,1,0,0,0,0,0,0,-0.858444061,-0.815336095,2.963198641
55.800000000,55.700000000,0.100000000,0,0,86,0,0.000000000,0.000000000,-0.100000000,0.100000000,0.000000000,0.000000000,0.018000000,0.018000000,0.048000000,0.048000000,-0.001538487,0.001538487,-0.014000000,0.014000000,5,0.050000000,1,0,0,0,0,0,0,-0.863349879,-0.871812030,2.966838526
55.900000000,55.800000000,0.100000000,0,0,86,0,0.000000000,0.000000000,-0.100000000,0.100000000,0.000000000,0.000000000,-0.002000000,0.002000000,0.048000000,0.048000000,0.002454286,0.002454286,0.000000000,0.000000000,5,0.050000000,1,0,0,0,0,0,0,-0.916810568,-0.764844275,2.981324329
56.000000000,55.900000000,0.100000000,0,0,86,0,0.000000000,0.000000000,-0.100000000,0.100000000,0.000000000,0.000000000,0.018000000,0.018000000,0.048000000,0.048000000,0.006459059,0.006459059,0.016000000,0.016000000,5,0.050000000,1,0,0,0,0,0,0,-0.865491592,-0.779761936,2.983038901
56.100000000,56.000000000,0.100000000,0,0,86,0,0.000000000,0.000000000,-0.100000000,0.100000000,0.000000000,0.000000000,-0.002000000,0.002000000,0.048000000,0.048000000,0.006457832,0.006457832,-0.008000000,0.008000000,5,0.050000000,1,0,0,0,0,0,0,-0.857880449,-0.769611904,2.980756653
56.200000000,56.100000000,0.100000000,0,0,86,0,0.000000000,0.000000000,-0.100000000,0.100000000,0.000000000,0.000000000,0.018000000,0.018000000,0.048000000,0.048000000,0.006456604,0.006456604,0.008000000,0.008000000,5,0.050000000,1,0,0,0,0,0,0,-0.903148531,-0.771402928,2.965868516
56.300000000,56.200000000,0.100000000,0,0,86,0,0.000000000,0.000000000,-0.100000000,0.100000000,0.000000000,0.000000000,-0.002000000,0.002000000,0.048000000,0.048000000,0.006455375,0.006455375,-0.004000000,0.004000000,5,0.050000000,1,0,0,0,0,0,0,-0.960803858,-0.708268835,2.964939232
56.400000000,56.300000000,0.100000000,0,0,86,0,0.000000000,0.000000000,-0.100000000,0.100000000,0.000000000,0.000000000,0.018400000,0.018400000,0.048000000,0.048000000,0.006454146,0.006454146,0.008000000,0.008000000,5,0.050000000,1,0,0,0,0,0,0,-1.087563344,-0.663466545,2.960937634
56.500000000,56.400000000,0.100000000,0,0,86,0,0.000000000,0.000000000,-0.100000000,0.100000000,0.000000000,0.000000000,-0.001600000,0.001600000,-0.052000000,0.052000000,0.006446917,0.006446917,-0.008000000,0.008000000,5,0.050000000,1,0,0,0,0,0,0,-1.110835772,-0.575650644,2.950103658
56.600000000,56.500000000,0.100000000,0,0,86,0,0.000000000,0.000000000,-0.100000000,0.100000000,0.000000000,0.000000000,0.018400000,0.018400000,0.048000000,0.048000000,0.006445688,0.006445688,0.012000000,0.012000000,5,0.050000000,1,0,0,0,0,0,0,-1.086968364,-0.566065128,2.949959279
56.700000000,56.600000000,0.100000000,0,0,86,0,0.000000000,0.000000000,0.000000000,0.000000000,0.000000000,0.000000000,-0.000800000,0.000800000,-0.052000000,0.052000000,0.006450458,0.006450458,-0.006000000,0.006000000,5,0.050000000,1,0,0,0,0,0,0,-1.077750431,-0.506622344,2.941186047
56.800000000,56.700000000,0.100000000,0,0,86,0,0.000000000,0.000000000,-0.100000000,0.100000000,0.000000000,0.000000000,0.018800000,0.018800000,-0.152000000,0.152000000,0.006455228,0.006455228,0.014000000,0.014000000,5,0.050000000,1,0,0,0,0,0,0,-1.075788670,-0.538162239,2.930423712
56.900000000,56.800000000,0.100000000,0,0,86,0,0.000000000,0.000000000,-0.100000000,0.100000000,0.000000000,0.000000000,-0.008533333,0.008533333,-0.052000000,0.052000000,-0.005540003,0.005540003,-0.006000000,0.006000000,5,0.050000000,1,0,0,0,0,0,0,-1.108145571,-0.472351212,2.937299889
57.000000000,56.900000000,0.100000000,0,0,86,0,0.000000000,0.000000000,-0.100000000,0.100000000,0.000000000,0.000000000,0.019600000,0.019600000,0.048000000,0.048000000,-0.001535234,0.001535234,-0.012000000,0.012000000,5,0.050000000,1,0,0,0,0,0,0,-1.130378892,-0.466333683,2.938158883
57.100000000,57.000000000,0.100000000,0,0,86,0,0.000000000,0.000000000,-0.100000000,0.100000000,0.000000000,0.000000000,-0.000800000,0.000800000,0.048000000,0.048000000,0.002469534,0.002469534,0.004000000,0.004000000,5,0.050000000,1,0,0,0,0,0,0,-1.183831747,-0.429275153,2.937584011
57.200000000,57.100000000,0.100000000,0,0,86,0,0.000000000,0.000000000,-0.100000000,0.100000000,0.000000000,0.000000000,0.018800000,0.018800000,0.048000000,0.048000000,0.006468302,0.006468302,-0.012000000,0.012000000,5,0.050000000,1,0,0,0,0,0,0,-1.241900695,-0.447130869,2.937322512
57.300000000,57.200000000,0.100000000,0,0,86,0,0.000000000,0.000000000,-0.100000000,0.100000000,0.000000000,0.000000000,-0.001200000,0.001200000,0.048000000,0.048000000,0.006467069,0.006467069,-0.012000000,0.012000000,5,0.050000000,1,0,0,0,0,0,0,-1.361924507,-0.442916015,2.936105297
57.400000000,57.300000000,0.100000000,0,0,86,0,0.000000000,0.000000000,-0.100000000,0.100000000,0.000000000,0.000000000,0.019200000,0.019200000,0.048000000,0.048000000,0.006465836,0.006465836,0.004000000,0.004000000,5,0.050000000,1,1,1,1,1,1,2,-1.558132804,-0.533517745,2.939122182
57.500000000,57.400000000,0.100000000,0,0,86,0,0.000000000,0.000000000,-0.100000000,0.100000000,0.000000000,0.000000000,-0.001600000,0.001600000,0.048000000,0.048000000,0.006452603,0.006452603,-0.010000000,0.010000000,5,0.050000000,1,1,1,1,1,1,2,-1.550965600,-0.582920111,2.925927927
57.600000000,57.500000000,0.100000000,0,0,86,0,0.000000000,0.000000000,-0.100000000,0.100000000,0.000000000,0.000000000,0.018000000,0.018000000,0.048000000,0.048000000,0.006457369,0.006457369,0.004000000,0.004000000,5,0.050000000,1,1,1,1,1,1,2,-1.572399334,-0.611273648,2.916528881
57.700000000,57.600000000,0.100000000,0,0,86,0,0.000000000,0.000000000,-0.100000000,0.100000000,0.000000000,0.000000000,-0.002000000,0.002000000,0.048000000,0.048000000,0.006453134,0.006453134,-0.012000000,0.012000000,5,0.050000000,1,1,1,1,1,1,2,-1.589626879,-0.628364867,2.926969346
57.800000000,57.700000000,0.100000000,0,0,86,0,0.000000000,0.000000000,-0.100000000,0.100000000,0.000000000,0.000000000,0.018000000,0.018000000,0.050000000,0.050000000,0.006445899,0.006445899,0.006000000,0.006000000,5,0.050000000,1,1,1,1,1,1,2,-1.666157064,-0.683014072,2.930271791
57.900000000,57.800000000,0.100000000,0,0,86,0,0.000000000,0.000000000,-0.100000000,0.100000000,0.000000000,0.000000000,-0.002000000,0.002000000,-0.050000000,0.050000000,0.006450664,0.006450664,-0.016000000,0.016000000,5,0.050000000,1,1,1,1,1,1,2,-1.738861340,-0.702215819,2.937379199
58.000000000,57.900000000,0.100000000,0,0,86,0,0.000000000,0.000000000,-0.100000000,0.100000000,0.000000000,0.000000000,0.018000000,0.018000000,-0.050000000,0.050000000,0.006449429,0.006449429,-0.004000000,0.004000000,5,0.050000000,1,1,1,1,1,1,2,-1.912322367,-0.749524803,2.939931320
58.100000000,58.000000000,0.100000000,0,0,86,0,0.000000000,0.000000000,-0.100000000,0.100000000,0.000000000,0.000000000,-0.012666667,0.012666667,0.050000000,0.050000000,0.006442193,0.006442193,-0.012000000,0.012000000,5,0.050000000,1,1,1,1,1,1,2,-2.024104438,-0.804225170,2.937307601
58.200000000,58.100000000,0.100000000,0,0,86,0,0.000000000,0.000000000,-0.100000000,0.100000000,0.000000000,0.000000000,0.015333333,0.015333333,-0.050000000,0.050000000,0.006446957,0.006446957,0.010000000,0.010000000,5,0.050000000,1,1,1,1,1,1,2,-2.181708955,-0.786873581,2.925572097
58.300000000,58.200000000,0.100000000,0,0,86,0,0.000000000,0.000000000,-0.100000000,0.100000000,0.000000000,0.000000000,-0.002000000,0.002000000,-0.150000000,0.150000000,-0.001552516,0.001552516,-0.002000000,0.002000000,5,0.050000000,1,1,1,1,1,1,2,-2.308694779,-0.803734039,2.926945491
58.400000000,58.300000000,0.100000000,0,0,86,0,0.000000000,0.000000000,-0.100000000,0.100000000,0.000000000,0.000000000,0.018000000,0.018000000,-0.050000000,0.050000000,0.002447484,0.002447484,0.012000000,0.012000000,5,0.050000000,1,1,1,1,1,1,2,-2.482636226,-0.903923724,2.930568156
58.500000000,58.400000000,0.100000000,0,0,86,0,0.000000000,0.000000000,-0.100000000,0.100000000,0.000000000,0.000000000,-0.002000000,0.002000000,-0.150000000,0.150000000,0.006446247,0.006446247,-0.010000000,0.010000000,5,0.050000000,1,1,1,1,1,1,2,-2.553387305,-0.912423696,2.929798353
58.600000000,58.500000000,0.100000000,0,0,86,0,0.000000000,0.000000000,-0.100000000,0.100000000,0.000000000,0.000000000,0.018000000,0.018000000,0.050000000,0.050000000,0.006457010,0.006457010,0.002000000,0.002000000,5,0.050000000,1,1,1,1,1,1,2,-2.690358583,-0.960644319,2.930784522
58.700000000,58.600000000,0.100000000,0,0,86,0,0.000000000,0.000000000,-0.100000000,0.100000000,0.000000000,0.000000000,-0.002000000,0.002000000,-0.050000000,0.050000000,0.006464772,0.006464772,0.014000000,0.014000000,5,0.050000000,1,1,1,1,1,1,2,-2.650220892,-0.916548931,2.930176712
58.800000000,58.700000000,0.100000000,0,0,86,0,0.000000000,0.000000000,-0.100000000,0.100000000,0.000000000,0.000000000,0.018000000,0.018000000,-0.048000000,0.048000000,0.006460534,0.006460534,-0.010000000,0.010000000,5,0.050000000,1,1,1,1,1,1,2,-2.754142691,-0.917171701,2.942073727
58.900000000,58.800000000,0.100000000,0,0,86,0,0.000000000,0.000000000,-0.100000000,0.100000000,0.000000000,0.000000000,-0.002000000,0.002000000,0.050000000,0.050000000,0.006459295,0.006459295,0.000000000,0.000000000,5,0.050000000,1,1,1,1,1,1,2,-2.709958306,-0.980455432,2.955004603
59.000000000,58.900000000,0.100000000,0,0,86,0,0.000000000,0.000000000,-0.100000000,0.100000000,0.000000000,0.000000000,0.018000000,0.018000000,-0.050000000,0.050000000,0.006464056,0.006464056,0.012000000,0.012000000,5,0.050000000,1,1,1,1,1,1,2,-2.885326872,-0.957403129,2.946447445
59.100000000,59.000000000,0.100000000,0,0,86,0,0.000000000,0.000000000,-0.100000000,0.100000000,0.000000000,0.000000000,-0.002000000,0.002000000,0.050000000,0.050000000,0.006462817,0.006462817,-0.012000000,0.012000000,5,0.050000000,1,1,1,1,1,1,2,-2.805341386,-0.939416164,2.943986391
59.200000000,59.100000000,0.100000000,0,0,86,0,0.000000000,0.000000000,-0.100000000,0.100000000,0.000000000,0.000000000,0.018000000,0.018000000,-0.050000000,0.050000000,0.006461577,0.006461577,0.000000000,0.000000000,5,0.050000000,1,1,1,1,1,1,2,-2.894304066,-0.953006834,2.950686963
59.300000000,59.200000000,0.100000000,0,0,86,0,0.000000000,0.000000000,-0.100000000,0.100000000,0.000000000,0.000000000,-0.002000000,0.002000000,-0.050000000,0.050000000,0.006466337,0.006466337,0.004000000,0.004000000,5,0.050000000,1,1,1,1,1,1,2,-2.904654279,-1.047817865,2.948928998
59.400000000,59.300000000,0.100000000,0,0,86,0,0.000000000,0.000000000,-0.100000000,0.100000000,0.000000000,0.000000000,0.018000000,0.018000000,-0.150000000,0.150000000,0.006471096,0.006471096,-0.018000000,0.018000000,5,0.050000000,1,1,1,1,1,1,2,-3.020039017,-1.037446721,2.949573294
59.500000000,59.400000000,0.100000000,0,0,86,0,0.000000000,0.000000000,-0.100000000,0.100000000,0.000000000,0.000000000,-0.002000000,0.002000000,-0.050000000,0.050000000,0.006469855,0.006469855,-0.006000000,0.006000000,5,0.050000000,1,1,1,1,1,1,2,-3.019430764,-1.041486142,2.951690919
59.600000000,59.500000000,0.100000000,0,0,86,0,0.000000000,0.000000000,-0.100000000,0.100000000,0.000000000,0.000000000,0.018000000,0.018000000,0.050000000,0.050000000,-0.005540387,0.005540387,0.008000000,0.008000000,5,0.050000000,1,1,1,1,1,1,2,-3.105105815,-1.036117916,2.950552625
59.700000000,59.600000000,0.100000000,0,0,86,0,0.000000000,0.000000000,-0.100000000,0.100000000,0.000000000,0.000000000,-0.002000000,0.002000000,-0.050000000,0.050000000,-0.001541630,0.001541630,-0.006000000,0.006000000,5,0.050000000,1,1,1,1,1,1,2,-3.109326012,-1.035775497,2.938416838
59.800000000,59.700000000,0.100000000,0,0,86,0,0.000000000,0.000000000,-0.100000000,0.100000000,0.000000000,0.000000000,0.018000000,0.018000000,0.050000000,0.050000000,0.002449885,0.002449885,0.010000000,0.010000000,5,0.050000000,1,1,1,1,1,1,2,-3.155067597,-0.979607386,2.946969744
59.900000000,59.800000000,0.100000000,0,0,86,0,0.000000000,0.000000000,-0.100000000,0.100000000,0.000000000,0.000000000,-0.001600000,0.001600000,-0.050000000,0.050000000,0.006448641,0.006448641,-0.010000000,0.010000000,5,0.050000000,1,1,1,1,1,1,2,-3.167396281,-0.974373672,2.946114765
60.000000000,59.900000000,0.100000000,0,0,86,0,0.000000000,0.000000000,-0.100000000,0.100000000,0.000000000,0.000000000,0.018400000,0.018400000,-0.050000000,0.050000000,0.006448641,0.006448641,0.004000000,0.004000000,5,0.050000000,1,1,1,1,1,1,2,-3.221807637,-0.976497740,2.946121179
60.100000000,60.000000000,0.100000000,0,0,86,0,0.000000000,0.000000000,-0.100000000,0.100000000,0.000000000,0.000000000,-0.001200000,0.001200000,0.050000000,0.050000000,0.006447398,0.006447398,-0.018000000,0.018000000,5,0.050000000,1,1,1,1,1,1,2,-3.185232132,-0.984914756,2.931546436
60.200000000,60.100000000,0.100000000,0,0,86,0,0.000000000,0.000000000,-0.100000000,0.100000000,0.000000000,0.000000000,0.018800000,0.018800000,-0.050000000,0.050000000,0.006428154,0.006428154,0.006000000,0.006000000,5,0.050000000,1,1,1,1,1,1,2,-3.136224937,-0.964602668,2.919774344
60.300000000,60.200000000,0.100000000,0,0,86,0,0.000000000,0.000000000,-0.100000000,0.100000000,0.000000000,0.000000000,-0.002000000,0.002000000,-0.050000000,0.050000000,0.006426910,0.006426910,0.004000000,0.004000000,5,0.050000000,1,1,1,1,1,1,2,-3.124603648,-0.976459578,2.925054372
60.400000000,60.300000000,0.100000000,0,0,86,0,0.000000000,0.000000000,-0.100000000,0.100000000,0.000000000,0.000000000,0.018000000,0.018000000,0.050000000,0.050000000,0.006419666,0.006419666,-0.020000000,0.020000000,5,0.050000000,1,1,1,1,1,1,2,-3.107425423,-0.959507070,2.920429044
60.500000000,60.400000000,0.100000000,0,0,86,0,0.000000000,0.000000000,-0.100000000,0.100000000,0.000000000,0.000000000,-0.002000000,0.002000000,-0.050000000,0.050000000,0.006412422,0.006412422,0.000000000,0.000000000,5,0.050000000,1,1,1,1,1,1,2,-3.078681922,-0.935430324,2.917862825
60.600000000,60.500000000,0.100000000,0,0,86,0,0.000000000,0.000000000,-0.100000000,0.100000000,0.000000000,0.000000000,0.018000000,0.018000000,0.050000000,0.050000000,0.006411177,0.006411177,0.014000000,0.014000000,5,0.050000000,1,1,1,1,1,1,2,-3.119900275,-0.953194153,2.923903358
60.700000000,60.600000000,0.100000000,0,0,86,0,0.000000000,0.000000000,-0.100000000,0.100000000,0.000000000,0.000000000,-0.002000000,0.002000000,-0.050000000,0.050000000,0.006414689,0.006414689,-0.006000000,0.006000000,5,0.050000000,1,1,1,1,1,1,2,-3.154166451,-0.997827520,2.922192226
60.800000000,60.700000000,0.100000000,0,0,86,0,0.000000000,0.000000000,-0.100000000,0.100000000,0.000000000,0.000000000,0.018000000,0.018000000,-0.050000000,0.050000000,0.006419445,0.006419445,0.002000000,0.002000000,5,0.050000000,1,1,1,1,1,1,2,-3.120569119,-0.991864530,2.933675274
60.900000000,60.800000000,0.100000000,0,0,86,0,0.000000000,0.000000000,-0.100000000,0.100000000,0.000000000,0.000000000,-0.002000000,0.002000000,0.050000000,0.050000000,-0.005581799,0.005581799,0.016000000,0.016000000,5,0.050000000,1,1,1,1,1,1,2,-3.111948764,-0.920050660,2.943196390
61.000000000,60.900000000,0.100000000,0,0,86,0,0.000000000,0.000000000,-0.100000000,0.100000000,0.000000000,0.000000000,0.018000000,0.018000000,-0.050000000,0.050000000,-0.001583043,0.001583043,-0.006000000,0.006000000,5,0.050000000,1,1,1,1,1,1,2,-3.117192566,-0.933301219,2.936820932
61.100000000,61.000000000,0.100000000,0,0,86,0,0.000000000,0.000000000,-0.100000000,0.100000000,0.000000000,0.000000000,-0.002000000,0.002000000,-0.050000000,0.050000000,0.006421712,0.006421712,0.002000000,0.002000000,5,0.050000000,1,1,1,1,1,1,2,-3.154932411,-0.943382119,2.936476413
61.200000000,61.100000000,0.100000000,0,0,86,0,0.000000000,0.000000000,-0.100000000,0.100000000,0.000000000,0.000000000,0.018000000,0.018000000,-0.050000000,0.050000000,0.006420468,0.006420468,0.014000000,0.014000000,5,0.050000000,1,1,1,1,1,1,2,-3.070715268,-0.893329051,2.948681872
61.300000000,61.200000000,0.100000000,0,0,86,0,0.000000000,0.000000000,-0.100000000,0.100000000,0.000000000,0.000000000,-0.002000000,0.002000000,-0.050000000,0.050000000,0.006425224,0.006425224,-0.006000000,0.006000000,5,0.050000000,1,1,1,1,1,1,2,-3.069605447,-0.930762693,2.942169979
61.400000000,61.300000000,0.100000000,0,0,86,0,0.000000000,0.000000000,-0.100000000,0.100000000,0.000000000,0.000000000,0.018000000,0.018000000,-0.050000000,0.050000000,0.006423979,0.006423979,0.006000000,0.006000000,5,0.050000000,1,1,1,1,1,1,2,-2.978887233,-0.904260515,2.945900101
61.500000000,61.400000000,0.100000000,0,0,86,0,0.000000000,0.000000000,-0.100000000,0.100000000,0.000000000,0.000000000,-0.002000000,0.002000000,0.050000000,0.050000000,0.010422735,0.010422735,0.014000000,0.014000000,5,0.050000000,1,1,1,1,1,1,2,-2.984516206,-0.873686613,2.943650136
61.600000000,61.500000000,0.100000000,0,0,86,0,0.000000000,0.000000000,-0.100000000,0.100000000,0.000000000,0.000000000,0.018000000,0.018000000,-0.050000000,0.050000000,0.006427490,0.006427490,-0.008000000,0.008000000,5,0.050000000,1,1,1,1,1,1,2,-2.884260182,-0.917808776,2.943546712
61.700000000,61.600000000,0.100000000,0,0,86,0,0.000000000,0.000000000,-0.100000000,0.100000000,0.000000000,0.000000000,-0.002000000,0.002000000,-0.050000000,0.050000000,0.006432246,0.006432246,-0.004000000,0.004000000,5,0.050000000,1,1,1,1,1,1,2,-2.859107084,-0.917230254,2.949785575
61.800000000,61.700000000,0.100000000,0,0,86,0,0.000000000,0.000000000,-0.100000000,0.100000000,0.000000000,0.000000000,0.018000000,0.018000000,0.050000000,0.050000000,0.006431001,0.006431001,0.008000000,0.008000000,5,0.050000000,1,2,1,1,1,1,2,-2.809475881,-0.889507012,2.943529367
61.900000000,61.800000000,0.100000000,0,0,86,0,0.000000000,0.000000000,-0.100000000,0.100000000,0.000000000,0.000000000,-0.002000000,0.002000000,-0.050000000,0.050000000,0.010435756,0.010435756,-0.016000000,0.016000000,5,0.050000000,1,2,1,1,1,1,2,-2.776923834,-0.931944207,2.941424685
62.000000000,61.900000000,0.100000000,0,0,86,0,0.000000000,0.000000000,-0.100000000,0.100000000,0.000000000,0.000000000,0.018000000,0.018000000,-0.050000000,0.050000000,0.006440511,0.006440511,-0.002000000,0.002000000,5,0.050000000,1,1,1,1,1,1,2,-2.669178520,-0.945907352,2.947346821
62.100000000,62.000000000,0.100000000,0,0,86,0,0.000000000,0.000000000,-0.100000000,0.100000000,0.000000000,0.000000000,-0.002000000,0.002000000,-0.150000000,0.150000000,0.006439265,0.006439265,0.008000000,0.008000000,5,0.050000000,1,1,1,1,1,1,2,-2.631259446,-0.949764597,2.954072206
62.200000000,62.100000000,0.100000000,0,0,86,0,0.000000000,0.000000000,-0.100000000,0.100000000,0.000000000,0.000000000,0.018000000,0.018000000,-0.050000000,0.050000000,-0.005555981,0.005555981,-0.014000000,0.014000000,5,0.050000000,1,2,1,1,1,1,2,-2.518361070,-1.021429024,2.975637181
62.300000000,62.200000000,0.100000000,0,0,86,0,0.000000000,0.000000000,-0.100000000,0.100000000,0.000000000,0.000000000,-0.002000000,0.002000000,0.050000000,0.050000000,-0.001551226,0.001551226,-0.002000000,0.002000000,5,0.050000000,1,1,1,1,1,1,2,-2.457126778,-0.921989661,2.980000563
62.400000000,62.300000000,0.100000000,0,0,86,0,0.000000000,0.000000000,-0.100000000,0.100000000,0.000000000,0.000000000,0.007733333,0.007733333,-0.050000000,0.050000000,0.006447527,0.006447527,0.008000000,0.008000000,5,0.050000000,1,1,1,1,1,1,2,-2.436028748,-0.949023509,2.981498511
62.500000000,62.400000000,0.100000000,0,0,86,0,0.000000000,0.000000000,-0.100000000,0.100000000,0.000000000,0.000000000,-0.006933333,0.006933333,-0.150000000,0.150000000,0.006446281,0.006446281,0.010000000,0.010000000,5,0.050000000,1,1,1,1,1,1,2,-2.461348129,-0.961690163,2.974366463
62.600000000,62.500000000,0.100000000,0,0,86,0,0.000000000,0.000000000,-0.100000000,0.100000000,0.000000000,0.000000000,0.018400000,0.018400000,-0.050000000,0.050000000,0.006451034,0.006451034,-0.010000000,0.010000000,5,0.050000000,1,1,1,1,0,1,2,-2.489498288,-0.942356630,2.961547590
62.700000000,62.600000000,0.100000000,0,0,86,0,0.000000000,0.000000000,0.000000000,0.000000000,0.000000000,0.000000000,-0.009733333,0.009733333,-0.150000000,0.150000000,0.006449787,0.006449787,0.000000000,0.000000000,5,0.050000000,1,1,1,1,1,1,2,-2.512327229,-0.964094969,2.948628885
62.800000000,62.700000000,0.100000000,0,0,86,0,0.000000000,0.000000000,-0.100000000,0.100000000,0.000000000,0.000000000,0.018000000,0.018000000,-0.050000000,0.050000000,0.006454540,0.006454540,0.008000000,0.008000000,5,0.050000000,1,1,1,1,1,1,2,-2.410406801,-0.996241230,2.925798165
62.900000000,62.800000000,0.100000000,0,0,86,0,0.000000000,0.000000000,-0.100000000,0.100000000,0.000000000,0.000000000,-0.012666667,0.012666667,-0.150000000,0.150000000,0.006459292,0.006459292,-0.014000000,0.014000000,5,0.050000000,1,1,1,1,1,1,2,-2.465305056,-0.994882448,2.924501719
63.000000000,62.900000000,0.100000000,0,0,86,0,0.000000000,0.000000000,-0.100000000,0.100000000,0.000000000,0.000000000,0.015333333,0.015333333,0.050000000,0.050000000,0.006464044,0.006464044,0.000000000,0.000000000,5,0.050000000,1,0,0,0,0,0,0,-2.286057866,-0.839333347,2.923442943
63.100000000,63.000000000,0.100000000,0,0,86,0,0.000000000,0.000000000,-0.100000000,0.100000000,0.000000000,0.000000000,-0.002000000,0.002000000,-0.050000000,0.050000000,0.006468795,0.006468795,0.008000000,0.008000000,5,0.050000000,1,0,0,0,0,0,0,-2.183495174,-0.768439541,2.925789678
63.200000000,63.100000000,0.100000000,0,0,86,0,0.000000000,0.000000000,-0.100000000,0.100000000,0.000000000,0.000000000,0.018000000,0.018000000,0.050000000,0.050000000,0.006473546,0.006473546,-0.014000000,0.014000000,5,0.050000000,1,0,0,0,0,0,0,-2.100847738,-0.750331254,2.915994510
63.300000000,63.200000000,0.100000000,0,0,86,0,0.000000000,0.000000000,-0.100000000,0.100000000,0.000000000,0.000000000,-0.002000000,0.002000000,-0.050000000,0.050000000,-0.009527703,0.009527703,-0.002000000,0.002000000,5,0.050000000,1,0,0,0,0,0,0,-2.136457218,-0.722075916,2.942527195
63.400000000,63.300000000,0.100000000,0,0,86,0,0.000000000,0.000000000,-0.100000000,0.100000000,0.000000000,0.000000000,0.010400000,0.010400000,-0.150000000,0.150000000,-0.005528953,0.005528953,0.008000000,0.008000000,5,0.050000000,1,0,0,0,0,0,0,-2.045722905,-0.758502990,2.949848095
63.500000000,63.400000000,0.100000000,0,0,86,0,0.000000000,0.000000000,-0.100000000,0.100000000,0.000000000,0.000000000,-0.004266667,0.004266667,-0.250000000,0.250000000,-0.001530204,0.001530204,-0.010000000,0.010000000,5,0.050000000,1,0,0,0,0,0,0,-2.001501438,-0.797384351,2.953091227
63.600000000,63.500000000,0.100000000,0,0,86,0,0.000000000,0.000000000,-0.100000000,0.100000000,0.000000000,0.000000000,0.018000000,0.018000000,-0.150000000,0.150000000,-0.001525455,0.001525455,-0.002000000,0.002000000,5,0.050000000,1,0,0,0,0,0,0,-1.955308303,-0.794379810,2.944727428
63.700000000,63.600000000,0.100000000,0,0,86,0,0.000000000,0.000000000,-0.100000000,0.100000000,0.000000000,0.000000000,-0.002000000,0.002000000,0.050000000,0.050000000,0.002479293,0.002479293,0.012000000,0.012000000,5,0.050000000,1,0,0,0,0,0,0,-1.858203549,-0.810027145,2.935102991
63.800000000,63.700000000,0.100000000,0,0,86,0,0.000000000,0.000000000,-0.100000000,0.100000000,0.000000000,0.000000000,0.018000000,0.018000000,-0.050000000,0.050000000,0.006484041,0.006484041,-0.010000000,0.010000000,5,0.050000000,1,0,0,0,0,0,0,-1.849611446,-0.821402292,2.934811554
63.900000000,63.800000000,0.100000000,0,0,86,0,0.000000000,0.000000000,-0.100000000,0.100000000,0.000000000,0.000000000,-0.002000000,0.002000000,0.050000000,0.050000000,0.006482789,0.006482789,0.002000000,0.002000000,5,0.050000000,1,0,0,0,0,0,0,-1.867634029,-0.783424447,2.935046003
64.000000000,63.900000000,0.100000000,0,0,86,0,0.000000000,0.000000000,-0.100000000,0.100000000,0.000000000,0.000000000,0.018000000,0.018000000,-0.050000000,0.050000000,-0.009524465,0.009524465,0.016000000,0.016000000,5,0.050000000,1,0,0,0,0,0,0,-1.802307230,-0.764041532,2.925800529
64.100000000,64.000000000,0.100000000,0,0,86,0,0.000000000,0.000000000,-0.100000000,0.100000000,0.000000000,0.000000000,-0.001600000,0.001600000,-0.050000000,0.050000000,0.006480282,0.006480282,-0.006000000,0.006000000,5,0.050000000,1,0,0,0,0,0,0,-1.782062261,-0.821001100,2.922040469
64.200000000,64.100000000,0.100000000,0,0,86,0,0.000000000,0.000000000,-0.100000000,0.100000000,0.000000000,0.000000000,0.018800000,0.018800000,-0.046000000,0.046000000,0.006488027,0.006488027,0.006000000,0.006000000,5,0.050000000,1,0,0,0,0,0,0,-1.741988833,-0.787926839,2.923558383
64.300000000,64.200000000,0.100000000,0,0,86,0,0.000000000,0.000000000,-0.100000000,0.100000000,0.000000000,0.000000000,-0.000800000,0.000800000,0.050000000,0.050000000,0.006486772,0.006486772,-0.016000000,0.016000000,5,0.050000000,1,0,0,0,0,0,0,-1.675979082,-0.857374159,2.920862986
64.400000000,64.300000000,0.100000000,0,0,86,0,0.000000000,0.000000000,-0.100000000,0.100000000,0.000000000,0.000000000,0.018800000,0.018800000,-0.050000000,0.050000000,0.006485517,0.006485517,0.000000000,0.000000000,5,0.050000000,1,0,0,0,0,0,0,-1.677322234,-0.888894634,2.909167249
64.500000000,64.400000000,0.100000000,0,0,86,0,0.000000000,0.000000000,-0.100000000,0.100000000,0.000000000,0.000000000,-0.002000000,0.002000000,-0.050000000,0.050000000,0.006484260,0.006484260,0.008000000,0.008000000,5,0.050000000,1,0,0,0,0,0,0,-1.631819860,-0.938777209,2.905246501
64.600000000,64.500000000,0.100000000,0,0,86,0,0.000000000,0.000000000,-0.100000000,0.100000000,0.000000000,0.000000000,0.018000000,0.018000000,-0.150000000,0.150000000,0.006486004,0.006486004,-0.014000000,0.014000000,5,0.050000000,1,0,0,0,0,0,0,-1.577985258,-0.904495155,2.910477629
64.700000000,64.600000000,0.100000000,0,0,86,0,0.000000000,0.000000000,-0.100000000,0.100000000,0.000000000,0.000000000,-0.002000000,0.002000000,0.050000000,0.050000000,0.006496746,0.006496746,-0.002000000,0.002000000,5,0.050000000,1,0,0,0,0,0,0,-1.520325369,-0.939220247,2.920845152
64.800000000,64.700000000,0.100000000,0,0,86,0,0.000000000,0.000000000,-0.100000000,0.100000000,0.000000000,0.000000000,0.018000000,0.018000000,-0.050000000,0.050000000,-0.005504512,0.005504512,0.012000000,0.012000000,5,0.050000000,1,0,0,0,0,0,0,-1.562191276,-0.847239683,2.919290289
64.900000000,64.800000000,0.100000000,0,0,86,0,0.000000000,0.000000000,-0.100000000,0.100000000,0.000000000,0.000000000,-0.002000000,0.002000000,0.050000000,0.050000000,-0.001502771,0.001502771,-0.010000000,0.010000000,5,0.050000000,1,0,0,0,0,0,0,-1.528049947,-0.914762511,2.922612038
65.000000000,64.900000000,0.100000000,0,0,86,0,0.000000000,0.000000000,-0.100000000,0.100000000,0.000000000,0.000000000,0.018000000,0.018000000,-0.050000000,0.050000000,0.002501970,0.002501970,-0.002000000,0.002000000,5,0.050000000,1,0,0,0,0,0,0,-1.490195793,-0.874070988,2.917867391
65.100000000,65.000000000,0.100000000,0,0,86,0,0.000000000,0.000000000,-0.100000000,0.100000000,0.000000000,0.000000000,-0.002000000,0.002000000,0.050000000,0.050000000,0.006506710,0.006506710,0.004000000,0.004000000,5,0.050000000,1,0,0,0,0,0,0,-1.441707013,-0.952483595,2.917642955
65.200000000,65.100000000,0.100000000,0,0,86,0,0.000000000,0.000000000,-0.100000000,0.100000000,0.000000000,0.000000000,0.018000000,0.018000000,-0.050000000,0.050000000,0.006511449,0.006511449,0.016000000,0.016000000,5,0.050000000,1,0,0,0,0,0,0,-1.454751938,-0.879687685,2.913185261
65.300000000,65.200000000,0.100000000,0,0,86,0,0.000000000,0.000000000,-0.100000000,0.100000000,0.000000000,0.000000000,-0.002000000,0.002000000,-0.050000000,0.050000000,0.006510187,0.006510187,-0.008000000,0.008000000,5,0.050000000,1,0,0,0,0,0,0,-1.475816328,-0.907447084,2.922578953
65.400000000,65.300000000,0.100000000,0,0,86,0,0.000000000,0.000000000,-0.100000000,0.100000000,0.000000000,0.000000000,0.018000000,0.018000000,-0.150000000,0.150000000,0.006508924,0.006508924,0.002000000,0.002000000,5,0.050000000,1,0,0,0,0,0,0,-1.528521135,-0.888083070,2.920369964
65.500000000,65.400000000,0.100000000,0,0,86,0,0.000000000,0.000000000,-0.100000000,0.100000000,0.000000000,0.000000000,-0.002000000,0.002000000,0.050000000,0.050000000,0.006513661,0.006513661,0.016000000,0.016000000,5,0.050000000,1,0,0,0,0,0,0,-1.511327075,-0.949800135,2.918882334
65.600000000,65.500000000,0.100000000,0,0,86,0,0.000000000,0.000000000,-0.100000000,0.100000000,0.000000000,0.000000000,0.018400000,0.018400000,-0.050000000,0.050000000,0.006512396,0.006512396,-0.008000000,0.008000000,5,0.050000000,1,0,0,0,0,0,0,-1.490858692,-0.857500073,2.926120615
65.700000000,65.600000000,0.100000000,0,0,86,0,0.000000000,0.000000000,-0.100000000,0.100000000,0.000000000,0.000000000,-0.001600000,0.001600000,-0.050000000,0.050000000,0.006517131,0.006517131,0.008000000,0.008000000,5,0.050000000,1,0,0,0,0,0,0,-1.442504903,-0.879408800,2.924648880
65.800000000,65.700000000,0.100000000,0,0,86,0,0.000000000,0.000000000,-0.100000000,0.100000000,0.000000000,0.000000000,0.018000000,0.018000000,0.050000000,0.050000000,0.006509865,0.006509865,-0.012000000,0.012000000,5,0.050000000,1,0,0,0,0,0,0,-1.448653464,-0.874939509,2.915996002
65.900000000,65.800000000,0.100000000,0,0,86,0,0.000000000,0.000000000,-0.100000000,0.100000000,0.000000000,0.000000000,-0.002000000,0.002000000,-0.050000000,0.050000000,0.006508599,0.006508599,0.000000000,0.000000000,5,0.050000000,1,0,0,0,0,0,0,-1.444380835,-0.874241969,2.912327603
66.000000000,65.900000000,0.100000000,0,0,86,0,0.000000000,0.000000000,-0.100000000,0.100000000,0.000000000,0.000000000,0.018000000,0.018000000,0.050000000,0.050000000,-0.005492669,0.005492669,0.014000000,0.014000000,6,0.050000000,1,0,0,0,0,0,0,-1.387333499,-0.832855249,2.911390177
66.100000000,66.000000000,0.100000000,0,0,86,0,0.000000000,0.000000000,-0.100000000,0.100000000,0.000000000,0.000000000,-0.002000000,0.002000000,-0.050000000,0.050000000,-0.005487937,0.005487937,-0.014000000,0.014000000,6,0.050000000,1,0,0,0,0,0,0,-1.435894335,-0.820235424,2.917897540
66.200000000,66.100000000,0.100000000,0,0,86,0,0.000000000,0.000000000,-0.100000000,0.100000000,0.000000000,0.000000000,0.012666667,0.012666667,-0.050000000,0.050000000,-0.001489206,0.001489206,0.002000000,0.002000000,6,0.050000000,1,0,0,0,0,0,0,-1.456583618,-0.767739523,2.911693463
66.300000000,66.200000000,0.100000000,0,0,86,0,0.000000000,0.000000000,-0.100000000,0.100000000,0.000000000,0.000000000,-0.002000000,0.002000000,-0.150000000,0.150000000,0.002503524,0.002503524,0.016000000,0.016000000,6,0.050000000,1,0,0,0,0,0,0,-1.437166686,-0.775158273,2.916057936
66.400000000,66.300000000,0.100000000,0,0,86,0,0.000000000,0.000000000,-0.100000000,0.100000000,0.000000000,0.000000000,0.018000000,0.018000000,-0.250000000,0.250000000,0.006502253,0.006502253,-0.006000000,0.006000000,6,0.050000000,1,0,0,0,0,0,0,-1.473310748,-0.765359142,2.914857515
66.500000000,66.400000000,0.100000000,0,0,86,0,0.000000000,0.000000000,-0.100000000,0.100000000,0.000000000,0.000000000,-0.002000000,0.002000000,-0.150000000,0.150000000,0.006494982,0.006494982,0.010000000,0.010000000,6,0.050000000,1,0,0,0,0,0,0,-1.502689158,-0.754133522,2.916601203
66.600000000,66.500000000,0.100000000,0,0,86,0,0.000000000,0.000000000,-0.100000000,0.100000000,0.000000000,0.000000000,0.018000000,0.018000000,-0.250000000,0.250000000,0.006493710,0.006493710,-0.014000000,0.014000000,6,0.050000000,1,0,0,0,0,0,0,-1.536375936,-0.695427750,2.900850193
66.700000000,66.600000000,0.100000000,0,0,86,0,0.000000000,0.000000000,-0.100000000,0.100000000,0.000000000,0.000000000,-0.002000000,0.002000000,-0.350000000,0.350000000,0.006492438,0.006492438,0.000000000,0.000000000,6,0.050000000,1,0,0,0,0,0,0,-1.518553535,-0.679350512,2.896465537
66.800000000,66.700000000,0.100000000,0,0,86,0,0.000000000,0.000000000,-0.100000000,0.100000000,0.000000000,0.000000000,0.018000000,0.018000000,-0.450000000,0.450000000,0.006497164,0.006497164,0.012000000,0.012000000,6,0.050000000,1,0,0,0,0,0,0,-1.484915157,-0.678496534,2.887607866
66.900000000,66.800000000,0.100000000,0,0,86,0,0.000000000,0.000000000,-0.100000000,0.100000000,0.000000000,0.000000000,-0.002000000,0.002000000,-0.150000000,0.150000000,0.006501891,0.006501891,-0.012000000,0.012000000,6,0.050000000,1,0,0,0,0,0,0,-1.496463541,-0.660335793,2.880157207
67.000000000,66.900000000,0.100000000,0,0,86,0,0.000000000,0.000000000,-0.100000000,0.100000000,0.000000000,0.000000000,0.018000000,0.018000000,-0.250000000,0.250000000,0.006500616,0.006500616,0.000000000,0.000000000,6,0.050000000,1,0,0,0,0,0,0,-1.547889169,-0.654023028,2.855087444
67.100000000,67.000000000,0.100000000,0,0,86,0,0.000000000,0.000000000,-0.100000000,0.100000000,0.000000000,0.000000000,-0.002000000,0.002000000,-0.350000000,0.350000000,0.006505341,0.006505341,0.012000000,0.012000000,6,0.050000000,1,0,0,0,0,0,0,-1.567371997,-0.606514455,2.836467289
67.200000000,67.100000000,0.100000000,0,0,86,0,0.000000000,0.000000000,-0.100000000,0.100000000,0.000000000,0.000000000,0.018000000,0.018000000,-0.450000000,0.450000000,0.006510065,0.006510065,-0.012000000,0.012000000,6,0.050000000,1,0,0,0,0,0,0,-1.530896141,-0.588399066,2.802827470
67.300000000,67.200000000,0.100000000,0,0,86,0,0.000000000,0.000000000,-0.100000000,0.100000000,0.000000000,0.000000000,-0.002000000,0.002000000,-0.250000000,0.250000000,0.006508788,0.006508788,0.000000000,0.000000000,6,0.050000000,1,0,0,0,0,0,0,-1.531604463,-0.632810743,2.771934263
67.400000000,67.300000000,0.100000000,0,0,86,0,0.000000000,0.000000000,-0.100000000,0.100000000,0.000000000,0.000000000,0.018000000,0.018000000,-0.350000000,0.350000000,-0.001492489,0.001492489,0.012000000,0.012000000,6,0.050000000,1,0,0,0,0,0,0,-1.552772135,-0.598880808,2.738935467
67.500000000,67.400000000,0.100000000,0,0,86,0,0.000000000,0.000000000,-0.100000000,0.100000000,0.000000000,0.000000000,-0.002000000,0.002000000,-0.450000000,0.450000000,-0.001487767,0.001487767,-0.010000000,0.010000000,6,0.050000000,1,0,0,0,0,0,0,-1.537801329,-0.575028300,2.708001521
67.600000000,67.500000000,0.100000000,0,0,86,0,0.000000000,0.000000000,-0.100000000,0.100000000,0.000000000,0.000000000,0.018000000,0.018000000,-0.550000000,0.550000000,0.002522954,0.002522954,0.006000000,0.006000000,6,0.050000000,0,0,0,0,0,0,0,-1.511563173,-0.602016890,2.695278662
67.700000000,67.600000000,0.100000000,0,0,86,0,0.000000000,0.000000000,-0.100000000,0.100000000,0.000000000,0.000000000,-0.002000000,0.002000000,-0.250000000,0.250000000,0.006527674,0.006527674,-0.018000000,0.018000000,6,0.050000000,1,0,0,0,0,0,0,-1.478863030,-0.676222498,2.667132897
67.800000000,67.700000000,0.100000000,0,0,86,0,0.000000000,0.000000000,-0.100000000,0.100000000,0.000000000,0.000000000,0.018000000,0.018000000,-0.350000000,0.350000000,0.010526393,0.010526393,-0.008000000,0.008000000,6,0.050000000,1,0,0,0,0,0,0,-1.489383616,-0.708426500,2.630010325
67.900000000,67.800000000,0.100000000,0,0,86,0,0.000000000,0.000000000,-0.100000000,0.100000000,0.000000000,0.000000000,-0.002000000,0.002000000,-0.450000000,0.450000000,-0.009474889,0.009474889,0.004000000,0.004000000,6,0.050000000,1,0,0,0,0,0,0,-1.510834113,-0.689915260,2.624072992
68.000000000,67.900000000,0.100000000,0,0,86,0,0.000000000,0.000000000,-0.100000000,0.100000000,0.000000000,0.000000000,0.018000000,0.018000000,-0.550000000,0.550000000,0.006523829,0.006523829,0.016000000,0.016000000,6,0.050000000,0,0,0,0,0,0,0,-1.511805039,-0.634253558,2.570891853
68.100000000,68.000000000,0.100000000,0,0,86,0,0.000000000,0.000000000,-0.100000000,0.100000000,0.000000000,0.000000000,-0.002000000,0.002000000,-0.250000000,0.250000000,0.006522546,0.006522546,-0.008000000,0.008000000,6,0.050000000,1,0,0,0,0,0,0,-1.436077434,-0.649100739,2.516692434
68.200000000,68.100000000,0.100000000,0,0,86,0,0.000000000,0.000000000,-0.100000000,0.100000000,0.000000000,0.000000000,0.018000000,0.018000000,-0.350000000,0.350000000,0.010527261,0.010527261,0.004000000,0.004000000,6,0.050000000,1,0,0,0,0,0,0,-1.476311489,-0.661239908,2.469925410
68.300000000,68.200000000,0.100000000,0,0,86,0,0.000000000,0.000000000,-0.100000000,0.100000000,0.000000000,0.000000000,-0.012666667,0.012666667,-0.450000000,0.450000000,0.006543976,0.006543976,0.016000000,0.016000000,6,0.050000000,1,0,0,0,0,0,0,-1.542979279,-0.684259390,2.420548397
68.400000000,68.300000000,0.100000000,0,0,86,0,0.000000000,0.000000000,-0.100000000,0.100000000,0.000000000,0.000000000,0.015333333,0.015333333,-0.150000000,0.150000000,0.006539690,0.006539690,-0.010000000,0.010000000,6,0.050000000,1,0,0,0,0,0,0,-1.549760202,-0.717243494,2.387117851
68.500000000,68.400000000,0.100000000,0,0,86,0,0.000000000,0.000000000,-0.100000000,0.100000000,0.000000000,0.000000000,-0.002000000,0.002000000,-0.250000000,0.250000000,0.006538403,0.006538403,0.002000000,0.002000000,6,0.050000000,1,0,0,0,0,0,0,-1.560476290,-0.669099146,2.348291051
68.600000000,68.500000000,0.100000000,0,0,86,0,0.000000000,0.000000000,-0.100000000,0.100000000,0.000000000,0.000000000,0.018000000,0.018000000,-0.350000000,0.350000000,-0.005462885,0.005462885,0.014000000,0.014000000,6,0.050000000,1,0,0,0,0,0,0,-1.524185628,-0.679199780,2.292778584
68.700000000,68.600000000,0.100000000,0,0,86,0,0.000000000,0.000000000,-0.100000000,0.100000000,0.000000000,0.000000000,-0.002000000,0.002000000,-0.050000000,0.050000000,-0.005464174,0.005464174,-0.010000000,0.010000000,6,0.050000000,1,0,0,0,0,0,0,-1.480201802,-0.714751442,2.243684073
68.800000000,68.700000000,0.100000000,0,0,86,0,0.000000000,0.000000000,-0.100000000,0.100000000,0.000000000,0.000000000,0.018000000,0.018000000,-0.150000000,0.150000000,-0.001465464,0.001465464,0.000000000,0.000000000,6,0.050000000,1,0,0,0,0,0,0,-1.472361911,-0.745689177,2.199048922
68.900000000,68.800000000,0.100000000,0,0,86,0,0.000000000,0.000000000,-0.100000000,0.100000000,0.000000000,0.000000000,-0.002000000,0.002000000,0.050000000,0.050000000,0.002533245,0.002533245,0.006000000,0.006000000,6,0.050000000,1,0,0,0,0,0,0,-1.472228122,-0.788865648,2.164951159
69.000000000,68.900000000,0.100000000,0,0,86,0,0.000000000,0.000000000,-0.100000000,0.100000000,0.000000000,0.000000000,0.018400000,0.018400000,-0.050000000,0.050000000,0.006524660,0.006524660,0.016000000,0.016000000,6,0.050000000,1,0,0,0,0,0,0,-1.539443960,-0.820007001,2.136668398
69.100000000,69.000000000,0.100000000,0,0,86,0,0.000000000,0.000000000,-0.100000000,0.100000000,0.000000000,0.000000000,-0.001600000,0.001600000,-0.050000000,0.050000000,0.006523366,0.006523366,-0.012000000,0.012000000,6,0.050000000,1,0,0,0,0,0,0,-1.557928735,-0.807785379,2.105605776
69.200000000,69.100000000,0.100000000,0,0,86,0,0.000000000,0.000000000,-0.100000000,0.100000000,0.000000000,0.000000000,0.018400000,0.018400000,-0.050000000,0.050000000,0.006528071,0.006528071,-0.004000000,0.004000000,6,0.050000000,1,0,0,0,0,0,0,-1.542640436,-0.855426852,2.061766628
69.300000000,69.200000000,0.100000000,0,0,86,0,0.000000000,0.000000000,-0.100000000,0.100000000,0.000000000,0.000000000,-0.001600000,0.001600000,0.050000000,0.050000000,0.006532776,0.006532776,0.000000000,0.000000000,6,0.050000000,1,0,0,0,0,0,0,-1.569406080,-0.839765695,2.009029906
69.400000000,69.300000000,0.100000000,0,0,86,0,0.000000000,0.000000000,-0.100000000,0.100000000,0.000000000,0.000000000,0.018000000,0.018000000,-0.050000000,0.050000000,0.006537480,0.006537480,0.022000000,0.022000000,6,0.050000000,1,0,0,0,0,0,0,-1.579678662,-0.776670967,1.966956266
69.500000000,69.400000000,0.100000000,0,0,86,0,0.000000000,0.000000000,-0.100000000,0.100000000,0.000000000,0.000000000,-0.002000000,0.002000000,-0.050000000,0.050000000,0.006537480,0.006537480,-0.002000000,0.002000000,6,0.050000000,1,0,0,0,0,0,0,-1.562693259,-0.785486941,1.930454976
69.600000000,69.500000000,0.100000000,0,0,86,0,0.000000000,0.000000000,-0.100000000,0.100000000,0.000000000,0.000000000,0.018000000,0.018000000,-0.150000000,0.150000000,0.006536182,0.006536182,0.006000000,0.006000000,6,0.050000000,1,0,0,0,0,0,0,-1.582781696,-0.824318348,1.875655035
69.700000000,69.600000000,0.100000000,0,0,86,0,0.000000000,0.000000000,-0.100000000,0.100000000,0.000000000,0.000000000,-0.002000000,0.002000000,0.050000000,0.050000000,0.006534884,0.006534884,-0.014000000,0.014000000,6,0.050000000,1,0,0,0,0,0,0,-1.619068566,-0.816345211,1.823461431
69.800000000,69.700000000,0.100000000,0,0,86,0,0.000000000,0.000000000,-0.100000000,0.100000000,0.000000000,0.000000000,0.018000000,0.018000000,-0.050000000,0.050000000,0.006533585,0.006533585,0.000000000,0.000000000,6,0.050000000,1,0,0,0,0,0,0,-1.611117905,-0.777471092,1.785323064
69.900000000,69.800000000,0.100000000,0,0,86,0,0.000000000,0.000000000,-0.100000000,0.100000000,0.000000000,0.000000000,-0.002000000,0.002000000,-0.050000000,0.050000000,-0.009467715,0.009467715,0.008000000,0.008000000,6,0.050000000,1,0,0,0,0,0,0,-1.621271498,-0.802130841,1.754755585
70.000000000,69.900000000,0.100000000,0,0,86,0,0.000000000,0.000000000,-0.100000000,0.100000000,0.000000000,0.000000000,0.018000000,0.018000000,0.050000000,0.050000000,-0.001470318,0.001470318,-0.012000000,0.012000000,6,0.050000000,1,0,0,0,0,0,0,-1.605204870,-0.809668780,1.683929142
70.100000000,70.000000000,0.100000000,0,0,86,0,0.000000000,0.000000000,-0.100000000,0.100000000,0.000000000,0.000000000,-0.001600000,0.001600000,-0.050000000,0.050000000,-0.001471621,0.001471621,0.000000000,0.000000000,6,0.050000000,1,0,0,0,0,0,0,-1.599933585,-0.843454781,1.641051240
70.200000000,70.100000000,0.100000000,0,0,86,0,0.000000000,0.000000000,-0.100000000,0.100000000,0.000000000,0.000000000,0.018400000,0.018400000,0.050000000,0.050000000,0.006527076,0.006527076,0.006000000,0.006000000,6,0.050000000,1,0,0,0,0,0,0,-1.618227895,-0.869281049,1.605986097
70.300000000,70.200000000,0.100000000,0,0,86,0,0.000000000,0.000000000,-0.100000000,0.100000000,0.000000000,0.000000000,-0.002000000,0.002000000,-0.050000000,0.050000000,0.006525772,0.006525772,-0.010000000,0.010000000,6,0.050000000,1,0,0,0,0,0,0,-1.633352346,-0.844426402,1.571023635
70.400000000,70.300000000,0.100000000,0,0,86,0,0.000000000,0.000000000,-0.100000000,0.100000000,0.000000000,0.000000000,0.018000000,0.018000000,0.050000000,0.050000000,0.006536466,0.006536466,0.000000000,0.000000000,6,0.050000000,1,0,0,0,0,0,0,-1.672196058,-0.712715126,1.529330083
70.500000000,70.400000000,0.100000000,0,0,86,0,0.000000000,0.000000000,-0.100000000,0.100000000,0.000000000,0.000000000,-0.002000000,0.002000000,-0.050000000,0.050000000,0.006535160,0.006535160,0.014000000,0.014000000,6,0.050000000,1,0,0,0,0,0,0,-1.732162946,-0.687874753,1.480503677
70.600000000,70.500000000,0.100000000,0,0,86,0,0.000000000,0.000000000,-0.100000000,0.100000000,0.000000000,0.000000000,0.018000000,0.018000000,0.050000000,0.050000000,0.006542853,0.006542853,-0.008000000,0.008000000,6,0.050000000,1,0,0,0,0,0,0,-1.784317945,-0.725391522,1.431163054
70.700000000,70.600000000,0.100000000,0,0,86,0,0.000000000,0.000000000,-0.100000000,0.100000000,0.000000000,0.000000000,-0.002000000,0.002000000,-0.050000000,0.050000000,0.006547545,0.006547545,0.002000000,0.002000000,6,0.050000000,1,0,0,0,0,0,0,-1.773420905,-0.738261158,1.368548464
70.800000000,70.700000000,0.100000000,0,0,86,0,0.000000000,0.000000000,-0.100000000,0.100000000,0.000000000,0.000000000,0.018400000,0.018400000,-0.050000000,0.050000000,0.006546236,0.006546236,0.016000000,0.016000000,6,0.050000000,1,0,0,0,0,0,0,-1.691790119,-0.736144143,1.319968518
70.900000000,70.800000000,0.100000000,0,0,86,0,0.000000000,0.000000000,-0.100000000,0.100000000,0.000000000,0.000000000,-0.001600000,0.001600000,-0.150000000,0.150000000,0.006550926,0.006550926,-0.006000000,0.006000000,6,0.050000000,1,0,0,0,0,0,0,-1.688516879,-0.754914170,1.268311214
71.000000000,70.900000000,0.100000000,0,0,86,0,0.000000000,0.000000000,-0.100000000,0.100000000,0.000000000,0.000000000,0.018000000,0.018000000,-0.050000000,0.050000000,0.006549615,0.006549615,0.004000000,0.004000000,6,0.050000000,1,0,0,0,0,0,0,-1.711673137,-0.782996753,1.233029590
71.100000000,71.000000000,0.100000000,0,0,86,0,0.000000000,0.000000000,-0.100000000,0.100000000,0.000000000,0.000000000,-0.002000000,0.002000000,-0.150000000,0.150000000,0.006548303,0.006548303,0.016000000,0.016000000,6,0.050000000,1,0,0,0,0,0,0,-1.680886462,-0.772082117,1.193808479
71.200000000,71.100000000,0.100000000,0,0,86,0,0.000000000,0.000000000,-0.100000000,0.100000000,0.000000000,0.000000000,0.018000000,0.018000000,-0.250000000,0.250000000,0.006546990,0.006546990,-0.008000000,0.008000000,6,0.050000000,1,0,0,0,0,0,0,-1.728631280,-0.787641333,1.139191810
71.300000000,71.200000000,0.100000000,0,0,86,0,0.000000000,0.000000000,-0.100000000,0.100000000,0.000000000,0.000000000,-0.002000000,0.002000000,-0.150000000,0.150000000,-0.005448324,0.005448324,0.002000000,0.002000000,6,0.050000000,1,0,0,0,0,0,0,-1.802826763,-0.796316154,1.087207516
71.400000000,71.300000000,0.100000000,0,0,86,0,0.000000000,0.000000000,-0.100000000,0.100000000,0.000000000,0.000000000,0.018000000,0.018000000,-0.250000000,0.250000000,-0.001443639,0.001443639,0.016000000,0.016000000,6,0.050000000,1,0,0,0,0,0,0,-1.848940402,-0.782249719,1.058486639
71.500000000,71.400000000,0.100000000,0,0,86,0,0.000000000,0.000000000,-0.100000000,0.100000000,0.000000000,0.000000000,-0.002000000,0.002000000,-0.350000000,0.350000000,0.002561045,0.002561045,-0.006000000,0.006000000,6,0.050000000,1,0,0,0,0,0,0,-1.869020413,-0.824575888,1.029073859
71.600000000,71.500000000,0.100000000,0,0,86,0,0.000000000,0.000000000,-0.100000000,0.100000000,0.000000000,0.000000000,0.018000000,0.018000000,-0.150000000,0.150000000,0.006565728,0.006565728,0.008000000,0.008000000,6,0.050000000,1,0,0,0,0,0,0,-1.939315370,-0.772132415,0.994574676
71.700000000,71.600000000,0.100000000,0,0,86,0,0.000000000,0.000000000,-0.100000000,0.100000000,0.000000000,0.000000000,-0.002000000,0.002000000,-0.250000000,0.250000000,0.006570410,0.006570410,-0.014000000,0.014000000,6,0.050000000,1,0,0,0,0,0,0,-1.984702403,-0.755321972,0.950643852
71.800000000,71.700000000,0.100000000,0,0,86,0,0.000000000,0.000000000,-0.100000000,0.100000000,0.000000000,0.000000000,0.018000000,0.018000000,-0.350000000,0.350000000,0.006575090,0.006575090,-0.002000000,0.002000000,6,0.050000000,1,0,0,0,0,0,0,-2.003258323,-0.699632757,0.906028671
71.900000000,71.800000000,0.100000000,0,0,86,0,0.000000000,0.000000000,-0.100000000,0.100000000,0.000000000,0.000000000,-0.002000000,0.002000000,-0.450000000,0.450000000,0.006573770,0.006573770,0.008000000,0.008000000,6,0.050000000,1,0,0,0,0,0,0,-2.024002526,-0.640495345,0.866030468
72.000000000,71.900000000,0.100000000,0,0,86,0,0.000000000,0.000000000,-0.100000000,0.100000000,0.000000000,0.000000000,0.018000000,0.018000000,-0.150000000,0.150000000,0.006578448,0.006578448,-0.014000000,0.014000000,6,0.050000000,1,0,0,0,0,0,0,-2.026159333,-0.618715207,0.816733968
72.100000000,72.000000000,0.100000000,0,0,86,0,0.000000000,0.000000000,-0.100000000,0.100000000,0.000000000,0.000000000,-0.002000000,0.002000000,-0.250000000,0.250000000,0.006577125,0.006577125,0.000000000,0.000000000,6,0.050000000,1,0,0,0,0,0,0,-2.038421245,-0.585840364,0.776638424
72.200000000,72.100000000,0.100000000,0,0,86,0,0.000000000,0.000000000,-0.100000000,0.100000000,0.000000000,0.000000000,0.018000000,0.018000000,-0.350000000,0.350000000,0.006575800,0.006575800,0.012000000,0.012000000,6,0.050000000,1,0,0,0,0,0,0,-1.972324160,-0.626343489,0.747851580
72.300000000,72.200000000,0.100000000,0,0,86,0,0.000000000,0.000000000,-0.100000000,0.100000000,0.000000000,0.000000000,-0.002000000,0.002000000,-0.146000000,0.146000000,0.006574475,0.006574475,-0.006000000,0.006000000,6,0.050000000,1,0,0,0,0,0,0,-1.912214471,-0.613605213,0.704892217
72.400000000,72.300000000,0.100000000,0,0,86,0,0.000000000,0.000000000,-0.100000000,0.100000000,0.000000000,0.000000000,0.018000000,0.018000000,-0.246000000,0.246000000,0.010585148,0.010585148,-0.002000000,0.002000000,6,0.050000000,1,0,0,0,0,0,0,-1.925889381,-0.617149651,0.668157485
72.500000000,72.400000000,0.100000000,0,0,86,0,0.000000000,0.000000000,-0.100000000,0.100000000,0.000000000,0.000000000,-0.020666667,0.020666667,-0.346000000,0.346000000,0.006589820,0.006589820,-0.018000000,0.018000000,6,0.050000000,1,0,0,0,0,0,0,-1.959037121,-0.600026424,0.618341442
72.600000000,72.500000000,0.100000000,0,0,86,0,0.000000000,0.000000000,-0.100000000,0.100000000,0.000000000,0.000000000,0.015333333,0.015333333,-0.146000000,0.146000000,-0.005405509,0.005405509,-0.006000000,0.006000000,6,0.050000000,1,0,0,0,0,0,0,-2.015148194,-0.563341982,0.553284972
72.700000000,72.600000000,0.100000000,0,0,86,0,0.000000000,0.000000000,-0.100000000,0.100000000,0.000000000,0.000000000,-0.002000000,0.002000000,-0.246000000,0.246000000,-0.001400840,0.001400840,0.004000000,0.004000000,6,0.050000000,1,0,0,0,0,0,0,-2.044210906,-0.586389571,0.503686879
72.800000000,72.700000000,0.100000000,0,0,86,0,0.000000000,0.000000000,-0.100000000,0.100000000,0.000000000,0.000000000,0.018000000,0.018000000,-0.346000000,0.346000000,0.006603828,0.006603828,-0.018000000,0.018000000,6,0.050000000,1,0,0,0,0,0,0,-2.075654310,-0.566310296,0.468104006
72.900000000,72.800000000,0.100000000,0,0,86,0,0.000000000,0.000000000,-0.100000000,0.100000000,0.000000000,0.000000000,-0.002000000,0.002000000,-0.046000000,0.046000000,0.006602494,0.006602494,-0.006000000,0.006000000,6,0.050000000,1,0,0,0,0,0,0,-2.026671898,-0.615534169,0.434782396
73.000000000,72.900000000,0.100000000,0,0,86,0,0.000000000,0.000000000,-0.100000000,0.100000000,0.000000000,0.000000000,0.018000000,0.018000000,-0.146000000,0.146000000,0.006601159,0.006601159,0.004000000,0.004000000,6,0.050000000,1,0,0,0,0,0,0,-2.001718965,-0.619229632,0.371318010
73.100000000,73.000000000,0.100000000,0,0,86,0,0.000000000,0.000000000,-0.100000000,0.100000000,0.000000000,0.000000000,-0.002000000,0.002000000,-0.246000000,0.246000000,0.006605823,0.006605823,-0.016000000,0.016000000,6,0.050000000,1,0,0,0,0,0,0,-2.058448271,-0.595295326,0.331998193
73.200000000,73.100000000,0.100000000,0,0,86,0,0.000000000,0.000000000,-0.100000000,0.100000000,0.000000000,0.000000000,0.018000000,0.018000000,-0.346000000,0.346000000,0.006616485,0.006616485,-0.004000000,0.004000000,6,0.050000000,1,0,0,0,0,0,0,-2.114701439,-0.498505112,0.308391800
